[2026-06-10 12:17:01.773] [info] CPU 0: Partition 0
[2026-06-10 12:17:01.773] [info] CPU 1: Partition 0
[2026-06-10 12:17:01.773] [info] CPU 2: Partition 0
[2026-06-10 12:17:01.773] [info] CPU 3: Partition 0
[2026-06-10 12:17:01.773] [info] Running in default mode
[2026-06-10 12:17:01.773] [info] Simulator Configuration:
[2026-06-10 12:17:01.773] [info] [Core 0] Systolic Array Throughput: 131072 GFLOPS, Spad size: 32768 KB, Accumulator size: 4096 KB
[2026-06-10 12:17:01.773] [info] [Core 1] Systolic Array Throughput: 131072 GFLOPS, Spad size: 32768 KB, Accumulator size: 4096 KB
[2026-06-10 12:17:01.773] [info] [Core 2] Systolic Array Throughput: 131072 GFLOPS, Spad size: 32768 KB, Accumulator size: 4096 KB
[2026-06-10 12:17:01.773] [info] [Core 3] Systolic Array Throughput: 131072 GFLOPS, Spad size: 32768 KB, Accumulator size: 4096 KB
[2026-06-10 12:17:01.773] [info] DRAM Bandwidth 614 GB/s
[2026-06-10 12:17:01.773] [info] Ramulator2 config: /workspace/ONNXim/configs/../configs/ramulator2_configs/HBM2.yaml
[2026-06-10 12:17:01.784] [info] Initialize Booksim2
[2026-06-10 12:17:01.784] [info] Config path : /workspace/ONNXim/configs/../configs/booksim2_configs/fly_c64_m16.icnt
[2026-06-10 12:17:01.789] [info] No mapping file path : /workspace/ONNXim/models/resnet18/resnet18.mapping
[2026-06-10 12:17:01.789] [info] Register model: resnet18
[2026-06-10 12:17:01.789] [info] Model Name
[2026-06-10 12:17:01.831] [info] ======Start Simulation=====
[2026-06-10 12:17:01.868] [info] [Conv] Used gemmini convolution mapping: [T] N32 C3 M64 P112 Q112 S7 R7 - [O] N32 C1 M1 P4 Q1 S1 R1 - [I] N1 C3 M64 P36 Q112 S7 R7
[2026-06-10 12:17:04.704] [info] [Conv] Used gemmini convolution mapping: [T] N32 C64 M64 P56 Q56 S3 R3 - [O] N32 C1 M1 P1 Q1 S1 R1 - [I] N1 C64 M64 P56 Q56 S3 R3
[2026-06-10 12:17:07.535] [info] [Conv] Used gemmini convolution mapping: [T] N32 C64 M128 P28 Q28 S3 R3 - [O] N32 C1 M1 P1 Q1 S1 R1 - [I] N1 C64 M128 P28 Q28 S3 R3
[2026-06-10 12:17:07.770] [info] [Conv] Used gemmini convolution mapping: [T] N32 C64 M128 P28 Q28 S1 R1 - [O] N32 C1 M1 P1 Q1 S1 R1 - [I] N1 C64 M128 P28 Q28 S1 R1
[2026-06-10 12:17:07.998] [info] [Conv] Used gemmini convolution mapping: [T] N32 C128 M128 P28 Q28 S3 R3 - [O] N32 C1 M1 P1 Q1 S1 R1 - [I] N1 C128 M128 P28 Q28 S3 R3
[2026-06-10 12:17:09.509] [info] [Conv] Used gemmini convolution mapping: [T] N32 C128 M256 P14 Q14 S3 R3 - [O] N32 C1 M1 P1 Q1 S1 R1 - [I] N1 C128 M256 P14 Q14 S3 R3
[2026-06-10 12:17:09.851] [info] [Conv] Used gemmini convolution mapping: [T] N32 C128 M256 P14 Q14 S1 R1 - [O] N32 C1 M1 P1 Q1 S1 R1 - [I] N1 C128 M256 P14 Q14 S1 R1
[2026-06-10 12:17:09.980] [info] [Conv] Used gemmini convolution mapping: [T] N32 C256 M256 P14 Q14 S3 R3 - [O] N32 C1 M1 P1 Q1 S1 R1 - [I] N1 C256 M256 P14 Q14 S3 R3
[2026-06-10 12:17:12.399] [info] [Conv] Used gemmini convolution mapping: [T] N32 C256 M512 P7 Q7 S3 R3 - [O] N32 C1 M1 P1 Q1 S1 R1 - [I] N1 C256 M512 P7 Q7 S3 R3
[2026-06-10 12:17:13.858] [info] [Conv] Used gemmini convolution mapping: [T] N32 C256 M512 P7 Q7 S1 R1 - [O] N32 C1 M1 P1 Q1 S1 R1 - [I] N1 C256 M512 P7 Q7 S1 R1
[2026-06-10 12:17:14.011] [info] [Conv] Used gemmini convolution mapping: [T] N32 C512 M512 P7 Q7 S3 R3 - [O] N32 C1 M1 P1 Q1 S1 R1 - [I] N1 C512 M512 P7 Q7 S3 R3
[2026-06-10 12:17:21.944] [info] [GEMM] spad_size: 33554432 accum_size: 4194304
[2026-06-10 12:17:21.944] [info] [GEMM] required_sram_size: 393216 required_accum_size: 65536
[2026-06-10 12:17:21.944] [info] [GEMM] Used gemmini gemm mapping: Total N:32 C:512 M:1000, Outer N:1 C:1 M:4, Inner N:128 C:512 M:256
[2026-06-10 12:17:21.950] [info] [GemmWs] Keys K = 512, N = 32, M = 1000
[2026-06-10 12:17:21.950] [info] [GemmWS]: total 0.0328 GFLOPs, 0.001122768 GB
[2026-06-10 12:17:21.950] [info] [GemmWS]: Theoretical time(ms): 0.0018286124259248027 Compute time: 0.00025024414185281785 Memory time: 0.0018286124259248027
[2026-06-10 12:17:21.950] [info] /workspace/ONNXim/models/resnet18/resnet18.onnx Model initialization time: 20.119496 seconds
[2026-06-10 12:17:21.950] [info] Schedule model: resnet18 at 1000 us
[2026-06-10 12:17:21.950] [info] MODEL resnet18 Scheduled, Total Request: 1
[2026-06-10 12:17:21.950] [info] executable layer count 1
[2026-06-10 12:17:21.950] [info] Start layer Conv_0
[2026-06-10 12:17:21.950] [info] HBM2-CH_0: BW utilization 0% (0 reads, 0 writes)
[2026-06-10 12:17:22.390] [info] HBM2-CH_0: BW utilization 9% (870 reads, 0 writes)
[2026-06-10 12:17:22.390] [info] Core [0] : MatMul active cycle 75 Vector active cycle 0 
[2026-06-10 12:17:22.390] [info] Core [0] : issued tile 2 
[2026-06-10 12:17:22.390] [info] Core [0] : Memory unit idle cycle 7769 Systolic bubble cycle 0 Core idle cycle 0 
[2026-06-10 12:17:22.390] [info] Core [0] : Systolic Array Utilization(%) 87.43 (0.94% PE util), Vector Unit Utilization(%) 0.00, Total cycle: 8000
[2026-06-10 12:17:22.471] [info] HBM2-CH_0: BW utilization 0% (0 reads, 0 writes)
[2026-06-10 12:17:22.471] [info] Core [0] : MatMul active cycle 85 Vector active cycle 0 
[2026-06-10 12:17:22.471] [info] Core [0] : issued tile 2 
[2026-06-10 12:17:22.471] [info] Core [0] : Memory unit idle cycle 8000 Systolic bubble cycle 0 Core idle cycle 0 
[2026-06-10 12:17:22.471] [info] Core [0] : Systolic Array Utilization(%) 100.00 (1.06% PE util), Vector Unit Utilization(%) 0.00, Total cycle: 16000
[2026-06-10 12:17:22.609] [info] HBM2-CH_0: BW utilization 2% (113 reads, 112 writes)
[2026-06-10 12:17:22.609] [info] Core [0] : MatMul active cycle 90 Vector active cycle 0 
[2026-06-10 12:17:22.609] [info] Core [0] : issued tile 2 
[2026-06-10 12:17:22.609] [info] Core [0] : Memory unit idle cycle 7772 Systolic bubble cycle 0 Core idle cycle 0 
[2026-06-10 12:17:22.609] [info] Core [0] : Systolic Array Utilization(%) 100.00 (1.12% PE util), Vector Unit Utilization(%) 0.00, Total cycle: 24000
[2026-06-10 12:17:22.674] [info] HBM2-CH_0: BW utilization 0% (0 reads, 0 writes)
[2026-06-10 12:17:22.674] [info] Core [0] : MatMul active cycle 90 Vector active cycle 0 
[2026-06-10 12:17:22.674] [info] Core [0] : issued tile 2 
[2026-06-10 12:17:22.674] [info] Core [0] : Memory unit idle cycle 8000 Systolic bubble cycle 0 Core idle cycle 0 
[2026-06-10 12:17:22.674] [info] Core [0] : Systolic Array Utilization(%) 100.00 (1.12% PE util), Vector Unit Utilization(%) 0.00, Total cycle: 32000
[2026-06-10 12:17:22.739] [info] HBM2-CH_0: BW utilization 0% (0 reads, 0 writes)
[2026-06-10 12:17:22.739] [info] Core [0] : MatMul active cycle 90 Vector active cycle 0 
[2026-06-10 12:17:22.739] [info] Core [0] : issued tile 2 
[2026-06-10 12:17:22.739] [info] Core [0] : Memory unit idle cycle 8000 Systolic bubble cycle 0 Core idle cycle 0 
[2026-06-10 12:17:22.739] [info] Core [0] : Systolic Array Utilization(%) 100.00 (1.12% PE util), Vector Unit Utilization(%) 0.00, Total cycle: 40000
[2026-06-10 12:17:22.866] [info] HBM2-CH_0: BW utilization 2% (115 reads, 112 writes)
[2026-06-10 12:17:22.866] [info] Core [0] : MatMul active cycle 90 Vector active cycle 0 
[2026-06-10 12:17:22.866] [info] Core [0] : issued tile 2 
[2026-06-10 12:17:22.866] [info] Core [0] : Memory unit idle cycle 7772 Systolic bubble cycle 0 Core idle cycle 0 
[2026-06-10 12:17:22.866] [info] Core [0] : Systolic Array Utilization(%) 100.00 (1.12% PE util), Vector Unit Utilization(%) 0.00, Total cycle: 48000
[2026-06-10 12:17:22.915] [info] HBM2-CH_0: BW utilization 0% (0 reads, 0 writes)
[2026-06-10 12:17:22.915] [info] Core [0] : MatMul active cycle 90 Vector active cycle 0 
[2026-06-10 12:17:22.915] [info] Core [0] : issued tile 2 
[2026-06-10 12:17:22.915] [info] Core [0] : Memory unit idle cycle 8000 Systolic bubble cycle 0 Core idle cycle 0 
[2026-06-10 12:17:22.915] [info] Core [0] : Systolic Array Utilization(%) 100.00 (1.12% PE util), Vector Unit Utilization(%) 0.00, Total cycle: 56000
[2026-06-10 12:17:22.963] [info] HBM2-CH_0: BW utilization 0% (0 reads, 0 writes)
[2026-06-10 12:17:22.963] [info] Core [0] : MatMul active cycle 90 Vector active cycle 0 
[2026-06-10 12:17:22.963] [info] Core [0] : issued tile 2 
[2026-06-10 12:17:22.963] [info] Core [0] : Memory unit idle cycle 8000 Systolic bubble cycle 0 Core idle cycle 0 
[2026-06-10 12:17:22.963] [info] Core [0] : Systolic Array Utilization(%) 100.00 (1.12% PE util), Vector Unit Utilization(%) 0.00, Total cycle: 64000
[2026-06-10 12:17:23.064] [info] HBM2-CH_0: BW utilization 2% (117 reads, 112 writes)
[2026-06-10 12:17:23.065] [info] Core [0] : MatMul active cycle 85 Vector active cycle 0 
[2026-06-10 12:17:23.065] [info] Core [0] : issued tile 2 
[2026-06-10 12:17:23.065] [info] Core [0] : Memory unit idle cycle 7772 Systolic bubble cycle 0 Core idle cycle 0 
[2026-06-10 12:17:23.065] [info] Core [0] : Systolic Array Utilization(%) 100.00 (1.06% PE util), Vector Unit Utilization(%) 0.00, Total cycle: 72000
[2026-06-10 12:17:23.117] [info] HBM2-CH_0: BW utilization 0% (0 reads, 0 writes)
[2026-06-10 12:17:23.118] [info] Core [0] : MatMul active cycle 90 Vector active cycle 0 
[2026-06-10 12:17:23.118] [info] Core [0] : issued tile 2 
[2026-06-10 12:17:23.118] [info] Core [0] : Memory unit idle cycle 8000 Systolic bubble cycle 0 Core idle cycle 0 
[2026-06-10 12:17:23.118] [info] Core [0] : Systolic Array Utilization(%) 100.00 (1.12% PE util), Vector Unit Utilization(%) 0.00, Total cycle: 80000
[2026-06-10 12:17:23.194] [info] HBM2-CH_0: BW utilization 0% (0 reads, 0 writes)
[2026-06-10 12:17:23.194] [info] Core [0] : MatMul active cycle 90 Vector active cycle 0 
[2026-06-10 12:17:23.194] [info] Core [0] : issued tile 2 
[2026-06-10 12:17:23.194] [info] Core [0] : Memory unit idle cycle 8000 Systolic bubble cycle 0 Core idle cycle 0 
[2026-06-10 12:17:23.194] [info] Core [0] : Systolic Array Utilization(%) 100.00 (1.12% PE util), Vector Unit Utilization(%) 0.00, Total cycle: 88000
[2026-06-10 12:17:23.358] [info] HBM2-CH_0: BW utilization 2% (115 reads, 112 writes)
[2026-06-10 12:17:23.358] [info] Core [0] : MatMul active cycle 90 Vector active cycle 0 
[2026-06-10 12:17:23.358] [info] Core [0] : issued tile 2 
[2026-06-10 12:17:23.358] [info] Core [0] : Memory unit idle cycle 7772 Systolic bubble cycle 0 Core idle cycle 0 
[2026-06-10 12:17:23.358] [info] Core [0] : Systolic Array Utilization(%) 100.00 (1.12% PE util), Vector Unit Utilization(%) 0.00, Total cycle: 96000
[2026-06-10 12:17:23.429] [info] HBM2-CH_0: BW utilization 0% (0 reads, 0 writes)
[2026-06-10 12:17:23.430] [info] Core [0] : MatMul active cycle 90 Vector active cycle 0 
[2026-06-10 12:17:23.430] [info] Core [0] : issued tile 2 
[2026-06-10 12:17:23.430] [info] Core [0] : Memory unit idle cycle 8000 Systolic bubble cycle 0 Core idle cycle 0 
[2026-06-10 12:17:23.430] [info] Core [0] : Systolic Array Utilization(%) 100.00 (1.12% PE util), Vector Unit Utilization(%) 0.00, Total cycle: 104000
[2026-06-10 12:17:23.558] [info] HBM2-CH_0: BW utilization 2% (120 reads, 112 writes)
[2026-06-10 12:17:23.559] [info] Core [0] : MatMul active cycle 90 Vector active cycle 0 
[2026-06-10 12:17:23.559] [info] Core [0] : issued tile 2 
[2026-06-10 12:17:23.559] [info] Core [0] : Memory unit idle cycle 7772 Systolic bubble cycle 0 Core idle cycle 0 
[2026-06-10 12:17:23.559] [info] Core [0] : Systolic Array Utilization(%) 100.00 (1.12% PE util), Vector Unit Utilization(%) 0.00, Total cycle: 112000
[2026-06-10 12:17:23.622] [info] HBM2-CH_0: BW utilization 0% (0 reads, 0 writes)
[2026-06-10 12:17:23.622] [info] Core [0] : MatMul active cycle 90 Vector active cycle 0 
[2026-06-10 12:17:23.622] [info] Core [0] : issued tile 2 
[2026-06-10 12:17:23.622] [info] Core [0] : Memory unit idle cycle 8000 Systolic bubble cycle 0 Core idle cycle 0 
[2026-06-10 12:17:23.622] [info] Core [0] : Systolic Array Utilization(%) 100.00 (1.12% PE util), Vector Unit Utilization(%) 0.00, Total cycle: 120000
[2026-06-10 12:17:23.690] [info] HBM2-CH_0: BW utilization 0% (0 reads, 0 writes)
[2026-06-10 12:17:23.691] [info] Core [0] : MatMul active cycle 85 Vector active cycle 0 
[2026-06-10 12:17:23.691] [info] Core [0] : issued tile 2 
[2026-06-10 12:17:23.691] [info] Core [0] : Memory unit idle cycle 8000 Systolic bubble cycle 0 Core idle cycle 0 
[2026-06-10 12:17:23.691] [info] Core [0] : Systolic Array Utilization(%) 100.00 (1.06% PE util), Vector Unit Utilization(%) 0.00, Total cycle: 128000
[2026-06-10 12:17:23.830] [info] HBM2-CH_0: BW utilization 2% (115 reads, 112 writes)
[2026-06-10 12:17:23.831] [info] Core [0] : MatMul active cycle 90 Vector active cycle 0 
[2026-06-10 12:17:23.831] [info] Core [0] : issued tile 2 
[2026-06-10 12:17:23.831] [info] Core [0] : Memory unit idle cycle 7772 Systolic bubble cycle 0 Core idle cycle 0 
[2026-06-10 12:17:23.831] [info] Core [0] : Systolic Array Utilization(%) 100.00 (1.12% PE util), Vector Unit Utilization(%) 0.00, Total cycle: 136000
[2026-06-10 12:17:23.898] [info] HBM2-CH_0: BW utilization 0% (0 reads, 0 writes)
[2026-06-10 12:17:23.899] [info] Core [0] : MatMul active cycle 90 Vector active cycle 0 
[2026-06-10 12:17:23.899] [info] Core [0] : issued tile 2 
[2026-06-10 12:17:23.899] [info] Core [0] : Memory unit idle cycle 8000 Systolic bubble cycle 0 Core idle cycle 0 
[2026-06-10 12:17:23.899] [info] Core [0] : Systolic Array Utilization(%) 100.00 (1.12% PE util), Vector Unit Utilization(%) 0.00, Total cycle: 144000
[2026-06-10 12:17:23.965] [info] HBM2-CH_0: BW utilization 0% (0 reads, 0 writes)
[2026-06-10 12:17:23.965] [info] Core [0] : MatMul active cycle 90 Vector active cycle 0 
[2026-06-10 12:17:23.965] [info] Core [0] : issued tile 2 
[2026-06-10 12:17:23.965] [info] Core [0] : Memory unit idle cycle 8000 Systolic bubble cycle 0 Core idle cycle 0 
[2026-06-10 12:17:23.965] [info] Core [0] : Systolic Array Utilization(%) 100.00 (1.12% PE util), Vector Unit Utilization(%) 0.00, Total cycle: 152000
[2026-06-10 12:17:24.107] [info] HBM2-CH_0: BW utilization 2% (110 reads, 112 writes)
[2026-06-10 12:17:24.107] [info] Core [0] : MatMul active cycle 90 Vector active cycle 0 
[2026-06-10 12:17:24.107] [info] Core [0] : issued tile 2 
[2026-06-10 12:17:24.107] [info] Core [0] : Memory unit idle cycle 7772 Systolic bubble cycle 0 Core idle cycle 0 
[2026-06-10 12:17:24.107] [info] Core [0] : Systolic Array Utilization(%) 100.00 (1.12% PE util), Vector Unit Utilization(%) 0.00, Total cycle: 160000
[2026-06-10 12:17:24.173] [info] HBM2-CH_0: BW utilization 0% (0 reads, 0 writes)
[2026-06-10 12:17:24.173] [info] Core [0] : MatMul active cycle 90 Vector active cycle 0 
[2026-06-10 12:17:24.173] [info] Core [0] : issued tile 2 
[2026-06-10 12:17:24.173] [info] Core [0] : Memory unit idle cycle 8000 Systolic bubble cycle 0 Core idle cycle 0 
[2026-06-10 12:17:24.173] [info] Core [0] : Systolic Array Utilization(%) 100.00 (1.12% PE util), Vector Unit Utilization(%) 0.00, Total cycle: 168000
[2026-06-10 12:17:24.236] [info] HBM2-CH_0: BW utilization 0% (0 reads, 0 writes)
[2026-06-10 12:17:24.237] [info] Core [0] : MatMul active cycle 90 Vector active cycle 0 
[2026-06-10 12:17:24.237] [info] Core [0] : issued tile 2 
[2026-06-10 12:17:24.237] [info] Core [0] : Memory unit idle cycle 8000 Systolic bubble cycle 0 Core idle cycle 0 
[2026-06-10 12:17:24.237] [info] Core [0] : Systolic Array Utilization(%) 100.00 (1.12% PE util), Vector Unit Utilization(%) 0.00, Total cycle: 176000
[2026-06-10 12:17:24.376] [info] HBM2-CH_0: BW utilization 2% (113 reads, 112 writes)
[2026-06-10 12:17:24.376] [info] Core [0] : MatMul active cycle 85 Vector active cycle 0 
[2026-06-10 12:17:24.376] [info] Core [0] : issued tile 2 
[2026-06-10 12:17:24.376] [info] Core [0] : Memory unit idle cycle 7772 Systolic bubble cycle 0 Core idle cycle 0 
[2026-06-10 12:17:24.376] [info] Core [0] : Systolic Array Utilization(%) 100.00 (1.06% PE util), Vector Unit Utilization(%) 0.00, Total cycle: 184000
[2026-06-10 12:17:24.440] [info] HBM2-CH_0: BW utilization 0% (0 reads, 0 writes)
[2026-06-10 12:17:24.441] [info] Core [0] : MatMul active cycle 90 Vector active cycle 0 
[2026-06-10 12:17:24.441] [info] Core [0] : issued tile 2 
[2026-06-10 12:17:24.441] [info] Core [0] : Memory unit idle cycle 8000 Systolic bubble cycle 0 Core idle cycle 0 
[2026-06-10 12:17:24.441] [info] Core [0] : Systolic Array Utilization(%) 100.00 (1.12% PE util), Vector Unit Utilization(%) 0.00, Total cycle: 192000
[2026-06-10 12:17:25.534] [info] HBM2-CH_0: BW utilization 8% (55 reads, 780 writes)
[2026-06-10 12:17:25.711] [info] Core [0] : MatMul active cycle 90 Vector active cycle 0 
[2026-06-10 12:17:25.711] [info] Core [0] : issued tile 2 
[2026-06-10 12:17:25.711] [info] Core [0] : Memory unit idle cycle 7772 Systolic bubble cycle 0 Core idle cycle 0 
[2026-06-10 12:17:25.711] [info] Core [0] : Systolic Array Utilization(%) 100.00 (1.12% PE util), Vector Unit Utilization(%) 0.00, Total cycle: 200000
[2026-06-10 12:17:27.683] [info] HBM2-CH_0: BW utilization 28% (396 reads, 2356 writes)
[2026-06-10 12:17:27.684] [info] Core [0] : MatMul active cycle 90 Vector active cycle 0 
[2026-06-10 12:17:27.684] [info] Core [0] : issued tile 2 
[2026-06-10 12:17:27.684] [info] Core [0] : Memory unit idle cycle 8000 Systolic bubble cycle 0 Core idle cycle 0 
[2026-06-10 12:17:27.684] [info] Core [0] : Systolic Array Utilization(%) 100.00 (1.12% PE util), Vector Unit Utilization(%) 0.00, Total cycle: 208000
[2026-06-10 12:17:27.732] [info] HBM2-CH_0: BW utilization 0% (0 reads, 0 writes)
[2026-06-10 12:17:27.732] [info] Core [0] : MatMul active cycle 90 Vector active cycle 0 
[2026-06-10 12:17:27.732] [info] Core [0] : issued tile 2 
[2026-06-10 12:17:27.732] [info] Core [0] : Memory unit idle cycle 8000 Systolic bubble cycle 0 Core idle cycle 0 
[2026-06-10 12:17:27.732] [info] Core [0] : Systolic Array Utilization(%) 100.00 (1.12% PE util), Vector Unit Utilization(%) 0.00, Total cycle: 216000
[2026-06-10 12:17:27.866] [info] HBM2-CH_0: BW utilization 2% (112 reads, 112 writes)
[2026-06-10 12:17:27.867] [info] Core [0] : MatMul active cycle 90 Vector active cycle 0 
[2026-06-10 12:17:27.867] [info] Core [0] : issued tile 2 
[2026-06-10 12:17:27.867] [info] Core [0] : Memory unit idle cycle 7772 Systolic bubble cycle 0 Core idle cycle 0 
[2026-06-10 12:17:27.867] [info] Core [0] : Systolic Array Utilization(%) 100.00 (1.12% PE util), Vector Unit Utilization(%) 0.00, Total cycle: 224000
[2026-06-10 12:17:27.941] [info] HBM2-CH_0: BW utilization 0% (0 reads, 0 writes)
[2026-06-10 12:17:27.942] [info] Core [0] : MatMul active cycle 90 Vector active cycle 0 
[2026-06-10 12:17:27.942] [info] Core [0] : issued tile 2 
[2026-06-10 12:17:27.942] [info] Core [0] : Memory unit idle cycle 8000 Systolic bubble cycle 0 Core idle cycle 0 
[2026-06-10 12:17:27.942] [info] Core [0] : Systolic Array Utilization(%) 100.00 (1.12% PE util), Vector Unit Utilization(%) 0.00, Total cycle: 232000
[2026-06-10 12:17:28.013] [info] HBM2-CH_0: BW utilization 0% (0 reads, 0 writes)
[2026-06-10 12:17:28.014] [info] Core [0] : MatMul active cycle 85 Vector active cycle 0 
[2026-06-10 12:17:28.014] [info] Core [0] : issued tile 2 
[2026-06-10 12:17:28.014] [info] Core [0] : Memory unit idle cycle 8000 Systolic bubble cycle 0 Core idle cycle 0 
[2026-06-10 12:17:28.014] [info] Core [0] : Systolic Array Utilization(%) 100.00 (1.06% PE util), Vector Unit Utilization(%) 0.00, Total cycle: 240000
[2026-06-10 12:17:28.176] [info] HBM2-CH_0: BW utilization 2% (116 reads, 112 writes)
[2026-06-10 12:17:28.177] [info] Core [0] : MatMul active cycle 90 Vector active cycle 0 
[2026-06-10 12:17:28.177] [info] Core [0] : issued tile 2 
[2026-06-10 12:17:28.177] [info] Core [0] : Memory unit idle cycle 7772 Systolic bubble cycle 0 Core idle cycle 0 
[2026-06-10 12:17:28.177] [info] Core [0] : Systolic Array Utilization(%) 100.00 (1.12% PE util), Vector Unit Utilization(%) 0.00, Total cycle: 248000
[2026-06-10 12:17:28.237] [info] HBM2-CH_0: BW utilization 0% (0 reads, 0 writes)
[2026-06-10 12:17:28.238] [info] Core [0] : MatMul active cycle 90 Vector active cycle 0 
[2026-06-10 12:17:28.238] [info] Core [0] : issued tile 2 
[2026-06-10 12:17:28.238] [info] Core [0] : Memory unit idle cycle 8000 Systolic bubble cycle 0 Core idle cycle 0 
[2026-06-10 12:17:28.238] [info] Core [0] : Systolic Array Utilization(%) 100.00 (1.12% PE util), Vector Unit Utilization(%) 0.00, Total cycle: 256000
[2026-06-10 12:17:28.304] [info] HBM2-CH_0: BW utilization 0% (0 reads, 0 writes)
[2026-06-10 12:17:28.304] [info] Core [0] : MatMul active cycle 90 Vector active cycle 0 
[2026-06-10 12:17:28.304] [info] Core [0] : issued tile 2 
[2026-06-10 12:17:28.304] [info] Core [0] : Memory unit idle cycle 8000 Systolic bubble cycle 0 Core idle cycle 0 
[2026-06-10 12:17:28.304] [info] Core [0] : Systolic Array Utilization(%) 100.00 (1.12% PE util), Vector Unit Utilization(%) 0.00, Total cycle: 264000
[2026-06-10 12:17:28.433] [info] HBM2-CH_0: BW utilization 2% (114 reads, 112 writes)
[2026-06-10 12:17:28.433] [info] Core [0] : MatMul active cycle 90 Vector active cycle 0 
[2026-06-10 12:17:28.433] [info] Core [0] : issued tile 2 
[2026-06-10 12:17:28.433] [info] Core [0] : Memory unit idle cycle 7772 Systolic bubble cycle 0 Core idle cycle 0 
[2026-06-10 12:17:28.433] [info] Core [0] : Systolic Array Utilization(%) 100.00 (1.12% PE util), Vector Unit Utilization(%) 0.00, Total cycle: 272000
[2026-06-10 12:17:28.493] [info] HBM2-CH_0: BW utilization 0% (0 reads, 0 writes)
[2026-06-10 12:17:28.494] [info] Core [0] : MatMul active cycle 90 Vector active cycle 0 
[2026-06-10 12:17:28.494] [info] Core [0] : issued tile 2 
[2026-06-10 12:17:28.494] [info] Core [0] : Memory unit idle cycle 8000 Systolic bubble cycle 0 Core idle cycle 0 
[2026-06-10 12:17:28.494] [info] Core [0] : Systolic Array Utilization(%) 100.00 (1.12% PE util), Vector Unit Utilization(%) 0.00, Total cycle: 280000
[2026-06-10 12:17:28.638] [info] HBM2-CH_0: BW utilization 2% (112 reads, 112 writes)
[2026-06-10 12:17:28.639] [info] Core [0] : MatMul active cycle 90 Vector active cycle 0 
[2026-06-10 12:17:28.639] [info] Core [0] : issued tile 2 
[2026-06-10 12:17:28.639] [info] Core [0] : Memory unit idle cycle 7772 Systolic bubble cycle 0 Core idle cycle 0 
[2026-06-10 12:17:28.639] [info] Core [0] : Systolic Array Utilization(%) 100.00 (1.12% PE util), Vector Unit Utilization(%) 0.00, Total cycle: 288000
[2026-06-10 12:17:28.697] [info] HBM2-CH_0: BW utilization 0% (0 reads, 0 writes)
[2026-06-10 12:17:28.698] [info] Core [0] : MatMul active cycle 85 Vector active cycle 0 
[2026-06-10 12:17:28.698] [info] Core [0] : issued tile 2 
[2026-06-10 12:17:28.698] [info] Core [0] : Memory unit idle cycle 8000 Systolic bubble cycle 0 Core idle cycle 0 
[2026-06-10 12:17:28.698] [info] Core [0] : Systolic Array Utilization(%) 100.00 (1.06% PE util), Vector Unit Utilization(%) 0.00, Total cycle: 296000
[2026-06-10 12:17:28.766] [info] HBM2-CH_0: BW utilization 0% (0 reads, 0 writes)
[2026-06-10 12:17:28.768] [info] Core [0] : MatMul active cycle 90 Vector active cycle 0 
[2026-06-10 12:17:28.768] [info] Core [0] : issued tile 2 
[2026-06-10 12:17:28.768] [info] Core [0] : Memory unit idle cycle 8000 Systolic bubble cycle 0 Core idle cycle 0 
[2026-06-10 12:17:28.768] [info] Core [0] : Systolic Array Utilization(%) 100.00 (1.12% PE util), Vector Unit Utilization(%) 0.00, Total cycle: 304000
[2026-06-10 12:17:28.929] [info] HBM2-CH_0: BW utilization 2% (112 reads, 112 writes)
[2026-06-10 12:17:28.930] [info] Core [0] : MatMul active cycle 90 Vector active cycle 0 
[2026-06-10 12:17:28.930] [info] Core [0] : issued tile 2 
[2026-06-10 12:17:28.930] [info] Core [0] : Memory unit idle cycle 7772 Systolic bubble cycle 0 Core idle cycle 0 
[2026-06-10 12:17:28.930] [info] Core [0] : Systolic Array Utilization(%) 100.00 (1.12% PE util), Vector Unit Utilization(%) 0.00, Total cycle: 312000
[2026-06-10 12:17:29.016] [info] HBM2-CH_0: BW utilization 0% (0 reads, 0 writes)
[2026-06-10 12:17:29.017] [info] Core [0] : MatMul active cycle 90 Vector active cycle 0 
[2026-06-10 12:17:29.017] [info] Core [0] : issued tile 2 
[2026-06-10 12:17:29.017] [info] Core [0] : Memory unit idle cycle 8000 Systolic bubble cycle 0 Core idle cycle 0 
[2026-06-10 12:17:29.017] [info] Core [0] : Systolic Array Utilization(%) 100.00 (1.12% PE util), Vector Unit Utilization(%) 0.00, Total cycle: 320000
[2026-06-10 12:17:29.116] [info] HBM2-CH_0: BW utilization 0% (0 reads, 0 writes)
[2026-06-10 12:17:29.117] [info] Core [0] : MatMul active cycle 90 Vector active cycle 0 
[2026-06-10 12:17:29.117] [info] Core [0] : issued tile 2 
[2026-06-10 12:17:29.117] [info] Core [0] : Memory unit idle cycle 8000 Systolic bubble cycle 0 Core idle cycle 0 
[2026-06-10 12:17:29.117] [info] Core [0] : Systolic Array Utilization(%) 100.00 (1.12% PE util), Vector Unit Utilization(%) 0.00, Total cycle: 328000
[2026-06-10 12:17:29.288] [info] HBM2-CH_0: BW utilization 2% (115 reads, 112 writes)
[2026-06-10 12:17:29.290] [info] Core [0] : MatMul active cycle 90 Vector active cycle 0 
[2026-06-10 12:17:29.290] [info] Core [0] : issued tile 2 
[2026-06-10 12:17:29.290] [info] Core [0] : Memory unit idle cycle 7772 Systolic bubble cycle 0 Core idle cycle 0 
[2026-06-10 12:17:29.290] [info] Core [0] : Systolic Array Utilization(%) 100.00 (1.12% PE util), Vector Unit Utilization(%) 0.00, Total cycle: 336000
[2026-06-10 12:17:29.379] [info] HBM2-CH_0: BW utilization 0% (0 reads, 0 writes)
[2026-06-10 12:17:29.381] [info] Core [0] : MatMul active cycle 90 Vector active cycle 0 
[2026-06-10 12:17:29.381] [info] Core [0] : issued tile 2 
[2026-06-10 12:17:29.381] [info] Core [0] : Memory unit idle cycle 8000 Systolic bubble cycle 0 Core idle cycle 0 
[2026-06-10 12:17:29.381] [info] Core [0] : Systolic Array Utilization(%) 100.00 (1.12% PE util), Vector Unit Utilization(%) 0.00, Total cycle: 344000
[2026-06-10 12:17:29.475] [info] HBM2-CH_0: BW utilization 0% (0 reads, 0 writes)
[2026-06-10 12:17:29.477] [info] Core [0] : MatMul active cycle 85 Vector active cycle 0 
[2026-06-10 12:17:29.477] [info] Core [0] : issued tile 2 
[2026-06-10 12:17:29.477] [info] Core [0] : Memory unit idle cycle 8000 Systolic bubble cycle 0 Core idle cycle 0 
[2026-06-10 12:17:29.477] [info] Core [0] : Systolic Array Utilization(%) 100.00 (1.06% PE util), Vector Unit Utilization(%) 0.00, Total cycle: 352000
[2026-06-10 12:17:29.638] [info] HBM2-CH_0: BW utilization 2% (112 reads, 112 writes)
[2026-06-10 12:17:29.640] [info] Core [0] : MatMul active cycle 90 Vector active cycle 0 
[2026-06-10 12:17:29.640] [info] Core [0] : issued tile 2 
[2026-06-10 12:17:29.640] [info] Core [0] : Memory unit idle cycle 7772 Systolic bubble cycle 0 Core idle cycle 0 
[2026-06-10 12:17:29.640] [info] Core [0] : Systolic Array Utilization(%) 100.00 (1.12% PE util), Vector Unit Utilization(%) 0.00, Total cycle: 360000
[2026-06-10 12:17:29.732] [info] HBM2-CH_0: BW utilization 0% (0 reads, 0 writes)
[2026-06-10 12:17:29.734] [info] Core [0] : MatMul active cycle 90 Vector active cycle 0 
[2026-06-10 12:17:29.734] [info] Core [0] : issued tile 2 
[2026-06-10 12:17:29.734] [info] Core [0] : Memory unit idle cycle 8000 Systolic bubble cycle 0 Core idle cycle 0 
[2026-06-10 12:17:29.734] [info] Core [0] : Systolic Array Utilization(%) 100.00 (1.12% PE util), Vector Unit Utilization(%) 0.00, Total cycle: 368000
[2026-06-10 12:17:29.922] [info] HBM2-CH_0: BW utilization 2% (109 reads, 112 writes)
[2026-06-10 12:17:29.923] [info] Core [0] : MatMul active cycle 90 Vector active cycle 0 
[2026-06-10 12:17:29.923] [info] Core [0] : issued tile 2 
[2026-06-10 12:17:29.923] [info] Core [0] : Memory unit idle cycle 7772 Systolic bubble cycle 0 Core idle cycle 0 
[2026-06-10 12:17:29.923] [info] Core [0] : Systolic Array Utilization(%) 100.00 (1.12% PE util), Vector Unit Utilization(%) 0.00, Total cycle: 376000
[2026-06-10 12:17:30.008] [info] HBM2-CH_0: BW utilization 0% (0 reads, 0 writes)
[2026-06-10 12:17:30.010] [info] Core [0] : MatMul active cycle 90 Vector active cycle 0 
[2026-06-10 12:17:30.010] [info] Core [0] : issued tile 2 
[2026-06-10 12:17:30.010] [info] Core [0] : Memory unit idle cycle 8000 Systolic bubble cycle 0 Core idle cycle 0 
[2026-06-10 12:17:30.010] [info] Core [0] : Systolic Array Utilization(%) 100.00 (1.12% PE util), Vector Unit Utilization(%) 0.00, Total cycle: 384000
[2026-06-10 12:17:30.087] [info] HBM2-CH_0: BW utilization 0% (0 reads, 0 writes)
[2026-06-10 12:17:30.089] [info] Core [0] : MatMul active cycle 90 Vector active cycle 0 
[2026-06-10 12:17:30.089] [info] Core [0] : issued tile 2 
[2026-06-10 12:17:30.089] [info] Core [0] : Memory unit idle cycle 8000 Systolic bubble cycle 0 Core idle cycle 0 
[2026-06-10 12:17:30.089] [info] Core [0] : Systolic Array Utilization(%) 100.00 (1.12% PE util), Vector Unit Utilization(%) 0.00, Total cycle: 392000
[2026-06-10 12:17:32.493] [info] HBM2-CH_0: BW utilization 25% (256 reads, 2215 writes)
[2026-06-10 12:17:32.532] [info] Core [0] : MatMul active cycle 90 Vector active cycle 0 
[2026-06-10 12:17:32.532] [info] Core [0] : issued tile 2 
[2026-06-10 12:17:32.532] [info] Core [0] : Memory unit idle cycle 7772 Systolic bubble cycle 0 Core idle cycle 0 
[2026-06-10 12:17:32.532] [info] Core [0] : Systolic Array Utilization(%) 100.00 (1.12% PE util), Vector Unit Utilization(%) 0.00, Total cycle: 400000
[2026-06-10 12:17:32.835] [info] HBM2-CH_0: BW utilization 11% (181 reads, 921 writes)
[2026-06-10 12:17:32.836] [info] Core [0] : MatMul active cycle 85 Vector active cycle 0 
[2026-06-10 12:17:32.836] [info] Core [0] : issued tile 2 
[2026-06-10 12:17:32.836] [info] Core [0] : Memory unit idle cycle 8000 Systolic bubble cycle 0 Core idle cycle 0 
[2026-06-10 12:17:32.836] [info] Core [0] : Systolic Array Utilization(%) 100.00 (1.06% PE util), Vector Unit Utilization(%) 0.00, Total cycle: 408000
[2026-06-10 12:17:32.904] [info] HBM2-CH_0: BW utilization 0% (0 reads, 0 writes)
[2026-06-10 12:17:32.906] [info] Core [0] : MatMul active cycle 90 Vector active cycle 0 
[2026-06-10 12:17:32.906] [info] Core [0] : issued tile 2 
[2026-06-10 12:17:32.906] [info] Core [0] : Memory unit idle cycle 8000 Systolic bubble cycle 0 Core idle cycle 0 
[2026-06-10 12:17:32.906] [info] Core [0] : Systolic Array Utilization(%) 100.00 (1.12% PE util), Vector Unit Utilization(%) 0.00, Total cycle: 416000
[2026-06-10 12:17:33.060] [info] HBM2-CH_0: BW utilization 2% (111 reads, 112 writes)
[2026-06-10 12:17:33.062] [info] Core [0] : MatMul active cycle 90 Vector active cycle 0 
[2026-06-10 12:17:33.062] [info] Core [0] : issued tile 2 
[2026-06-10 12:17:33.062] [info] Core [0] : Memory unit idle cycle 7772 Systolic bubble cycle 0 Core idle cycle 0 
[2026-06-10 12:17:33.062] [info] Core [0] : Systolic Array Utilization(%) 100.00 (1.12% PE util), Vector Unit Utilization(%) 0.00, Total cycle: 424000
[2026-06-10 12:17:33.121] [info] HBM2-CH_0: BW utilization 0% (0 reads, 0 writes)
[2026-06-10 12:17:33.122] [info] Core [0] : MatMul active cycle 90 Vector active cycle 0 
[2026-06-10 12:17:33.122] [info] Core [0] : issued tile 2 
[2026-06-10 12:17:33.122] [info] Core [0] : Memory unit idle cycle 8000 Systolic bubble cycle 0 Core idle cycle 0 
[2026-06-10 12:17:33.122] [info] Core [0] : Systolic Array Utilization(%) 100.00 (1.12% PE util), Vector Unit Utilization(%) 0.00, Total cycle: 432000
[2026-06-10 12:17:33.177] [info] HBM2-CH_0: BW utilization 0% (0 reads, 0 writes)
[2026-06-10 12:17:33.179] [info] Core [0] : MatMul active cycle 90 Vector active cycle 0 
[2026-06-10 12:17:33.179] [info] Core [0] : issued tile 2 
[2026-06-10 12:17:33.179] [info] Core [0] : Memory unit idle cycle 8000 Systolic bubble cycle 0 Core idle cycle 0 
[2026-06-10 12:17:33.179] [info] Core [0] : Systolic Array Utilization(%) 100.00 (1.12% PE util), Vector Unit Utilization(%) 0.00, Total cycle: 440000
[2026-06-10 12:17:33.285] [info] HBM2-CH_0: BW utilization 2% (116 reads, 112 writes)
[2026-06-10 12:17:33.286] [info] Core [0] : MatMul active cycle 90 Vector active cycle 0 
[2026-06-10 12:17:33.286] [info] Core [0] : issued tile 2 
[2026-06-10 12:17:33.286] [info] Core [0] : Memory unit idle cycle 7772 Systolic bubble cycle 0 Core idle cycle 0 
[2026-06-10 12:17:33.286] [info] Core [0] : Systolic Array Utilization(%) 100.00 (1.12% PE util), Vector Unit Utilization(%) 0.00, Total cycle: 448000
[2026-06-10 12:17:33.334] [info] HBM2-CH_0: BW utilization 0% (0 reads, 0 writes)
[2026-06-10 12:17:33.335] [info] Core [0] : MatMul active cycle 90 Vector active cycle 0 
[2026-06-10 12:17:33.335] [info] Core [0] : issued tile 2 
[2026-06-10 12:17:33.335] [info] Core [0] : Memory unit idle cycle 8000 Systolic bubble cycle 0 Core idle cycle 0 
[2026-06-10 12:17:33.335] [info] Core [0] : Systolic Array Utilization(%) 100.00 (1.12% PE util), Vector Unit Utilization(%) 0.00, Total cycle: 456000
[2026-06-10 12:17:33.438] [info] HBM2-CH_0: BW utilization 2% (115 reads, 112 writes)
[2026-06-10 12:17:33.439] [info] Core [0] : MatMul active cycle 85 Vector active cycle 0 
[2026-06-10 12:17:33.439] [info] Core [0] : issued tile 2 
[2026-06-10 12:17:33.439] [info] Core [0] : Memory unit idle cycle 7772 Systolic bubble cycle 0 Core idle cycle 0 
[2026-06-10 12:17:33.439] [info] Core [0] : Systolic Array Utilization(%) 100.00 (1.06% PE util), Vector Unit Utilization(%) 0.00, Total cycle: 464000
[2026-06-10 12:17:33.488] [info] HBM2-CH_0: BW utilization 0% (0 reads, 0 writes)
[2026-06-10 12:17:33.489] [info] Core [0] : MatMul active cycle 90 Vector active cycle 0 
[2026-06-10 12:17:33.489] [info] Core [0] : issued tile 2 
[2026-06-10 12:17:33.489] [info] Core [0] : Memory unit idle cycle 8000 Systolic bubble cycle 0 Core idle cycle 0 
[2026-06-10 12:17:33.489] [info] Core [0] : Systolic Array Utilization(%) 100.00 (1.12% PE util), Vector Unit Utilization(%) 0.00, Total cycle: 472000
[2026-06-10 12:17:33.538] [info] HBM2-CH_0: BW utilization 0% (0 reads, 0 writes)
[2026-06-10 12:17:33.539] [info] Core [0] : MatMul active cycle 90 Vector active cycle 0 
[2026-06-10 12:17:33.539] [info] Core [0] : issued tile 2 
[2026-06-10 12:17:33.539] [info] Core [0] : Memory unit idle cycle 8000 Systolic bubble cycle 0 Core idle cycle 0 
[2026-06-10 12:17:33.539] [info] Core [0] : Systolic Array Utilization(%) 100.00 (1.12% PE util), Vector Unit Utilization(%) 0.00, Total cycle: 480000
[2026-06-10 12:17:33.644] [info] HBM2-CH_0: BW utilization 2% (118 reads, 112 writes)
[2026-06-10 12:17:33.645] [info] Core [0] : MatMul active cycle 90 Vector active cycle 0 
[2026-06-10 12:17:33.645] [info] Core [0] : issued tile 2 
[2026-06-10 12:17:33.645] [info] Core [0] : Memory unit idle cycle 7772 Systolic bubble cycle 0 Core idle cycle 0 
[2026-06-10 12:17:33.645] [info] Core [0] : Systolic Array Utilization(%) 100.00 (1.12% PE util), Vector Unit Utilization(%) 0.00, Total cycle: 488000
[2026-06-10 12:17:33.698] [info] HBM2-CH_0: BW utilization 0% (0 reads, 0 writes)
[2026-06-10 12:17:33.699] [info] Core [0] : MatMul active cycle 90 Vector active cycle 0 
[2026-06-10 12:17:33.699] [info] Core [0] : issued tile 2 
[2026-06-10 12:17:33.699] [info] Core [0] : Memory unit idle cycle 8000 Systolic bubble cycle 0 Core idle cycle 0 
[2026-06-10 12:17:33.699] [info] Core [0] : Systolic Array Utilization(%) 100.00 (1.12% PE util), Vector Unit Utilization(%) 0.00, Total cycle: 496000
[2026-06-10 12:17:33.752] [info] HBM2-CH_0: BW utilization 0% (0 reads, 0 writes)
[2026-06-10 12:17:33.753] [info] Core [0] : MatMul active cycle 90 Vector active cycle 0 
[2026-06-10 12:17:33.753] [info] Core [0] : issued tile 2 
[2026-06-10 12:17:33.753] [info] Core [0] : Memory unit idle cycle 8000 Systolic bubble cycle 0 Core idle cycle 0 
[2026-06-10 12:17:33.753] [info] Core [0] : Systolic Array Utilization(%) 100.00 (1.12% PE util), Vector Unit Utilization(%) 0.00, Total cycle: 504000
[2026-06-10 12:17:33.855] [info] HBM2-CH_0: BW utilization 2% (120 reads, 112 writes)
[2026-06-10 12:17:33.856] [info] Core [0] : MatMul active cycle 90 Vector active cycle 0 
[2026-06-10 12:17:33.856] [info] Core [0] : issued tile 2 
[2026-06-10 12:17:33.856] [info] Core [0] : Memory unit idle cycle 7772 Systolic bubble cycle 0 Core idle cycle 0 
[2026-06-10 12:17:33.856] [info] Core [0] : Systolic Array Utilization(%) 100.00 (1.12% PE util), Vector Unit Utilization(%) 0.00, Total cycle: 512000
[2026-06-10 12:17:33.904] [info] HBM2-CH_0: BW utilization 0% (0 reads, 0 writes)
[2026-06-10 12:17:33.905] [info] Core [0] : MatMul active cycle 85 Vector active cycle 0 
[2026-06-10 12:17:33.905] [info] Core [0] : issued tile 2 
[2026-06-10 12:17:33.905] [info] Core [0] : Memory unit idle cycle 8000 Systolic bubble cycle 0 Core idle cycle 0 
[2026-06-10 12:17:33.905] [info] Core [0] : Systolic Array Utilization(%) 100.00 (1.06% PE util), Vector Unit Utilization(%) 0.00, Total cycle: 520000
[2026-06-10 12:17:33.953] [info] HBM2-CH_0: BW utilization 0% (0 reads, 0 writes)
[2026-06-10 12:17:33.954] [info] Core [0] : MatMul active cycle 90 Vector active cycle 0 
[2026-06-10 12:17:33.954] [info] Core [0] : issued tile 2 
[2026-06-10 12:17:33.954] [info] Core [0] : Memory unit idle cycle 8000 Systolic bubble cycle 0 Core idle cycle 0 
[2026-06-10 12:17:33.954] [info] Core [0] : Systolic Array Utilization(%) 100.00 (1.12% PE util), Vector Unit Utilization(%) 0.00, Total cycle: 528000
[2026-06-10 12:17:34.056] [info] HBM2-CH_0: BW utilization 2% (114 reads, 112 writes)
[2026-06-10 12:17:34.057] [info] Core [0] : MatMul active cycle 90 Vector active cycle 0 
[2026-06-10 12:17:34.057] [info] Core [0] : issued tile 2 
[2026-06-10 12:17:34.057] [info] Core [0] : Memory unit idle cycle 7772 Systolic bubble cycle 0 Core idle cycle 0 
[2026-06-10 12:17:34.057] [info] Core [0] : Systolic Array Utilization(%) 100.00 (1.12% PE util), Vector Unit Utilization(%) 0.00, Total cycle: 536000
[2026-06-10 12:17:34.105] [info] HBM2-CH_0: BW utilization 0% (0 reads, 0 writes)
[2026-06-10 12:17:34.106] [info] Core [0] : MatMul active cycle 90 Vector active cycle 0 
[2026-06-10 12:17:34.106] [info] Core [0] : issued tile 2 
[2026-06-10 12:17:34.106] [info] Core [0] : Memory unit idle cycle 8000 Systolic bubble cycle 0 Core idle cycle 0 
[2026-06-10 12:17:34.106] [info] Core [0] : Systolic Array Utilization(%) 100.00 (1.12% PE util), Vector Unit Utilization(%) 0.00, Total cycle: 544000
[2026-06-10 12:17:34.209] [info] HBM2-CH_0: BW utilization 2% (113 reads, 112 writes)
[2026-06-10 12:17:34.211] [info] Core [0] : MatMul active cycle 90 Vector active cycle 0 
[2026-06-10 12:17:34.211] [info] Core [0] : issued tile 2 
[2026-06-10 12:17:34.211] [info] Core [0] : Memory unit idle cycle 7772 Systolic bubble cycle 0 Core idle cycle 0 
[2026-06-10 12:17:34.211] [info] Core [0] : Systolic Array Utilization(%) 100.00 (1.12% PE util), Vector Unit Utilization(%) 0.00, Total cycle: 552000
[2026-06-10 12:17:34.259] [info] HBM2-CH_0: BW utilization 0% (0 reads, 0 writes)
[2026-06-10 12:17:34.260] [info] Core [0] : MatMul active cycle 90 Vector active cycle 0 
[2026-06-10 12:17:34.260] [info] Core [0] : issued tile 2 
[2026-06-10 12:17:34.260] [info] Core [0] : Memory unit idle cycle 8000 Systolic bubble cycle 0 Core idle cycle 0 
[2026-06-10 12:17:34.260] [info] Core [0] : Systolic Array Utilization(%) 100.00 (1.12% PE util), Vector Unit Utilization(%) 0.00, Total cycle: 560000
[2026-06-10 12:17:34.308] [info] HBM2-CH_0: BW utilization 0% (0 reads, 0 writes)
[2026-06-10 12:17:34.309] [info] Core [0] : MatMul active cycle 90 Vector active cycle 0 
[2026-06-10 12:17:34.309] [info] Core [0] : issued tile 2 
[2026-06-10 12:17:34.309] [info] Core [0] : Memory unit idle cycle 8000 Systolic bubble cycle 0 Core idle cycle 0 
[2026-06-10 12:17:34.309] [info] Core [0] : Systolic Array Utilization(%) 100.00 (1.12% PE util), Vector Unit Utilization(%) 0.00, Total cycle: 568000
[2026-06-10 12:17:34.411] [info] HBM2-CH_0: BW utilization 2% (112 reads, 112 writes)
[2026-06-10 12:17:34.413] [info] Core [0] : MatMul active cycle 85 Vector active cycle 0 
[2026-06-10 12:17:34.413] [info] Core [0] : issued tile 2 
[2026-06-10 12:17:34.413] [info] Core [0] : Memory unit idle cycle 7772 Systolic bubble cycle 0 Core idle cycle 0 
[2026-06-10 12:17:34.413] [info] Core [0] : Systolic Array Utilization(%) 100.00 (1.06% PE util), Vector Unit Utilization(%) 0.00, Total cycle: 576000
[2026-06-10 12:17:34.461] [info] HBM2-CH_0: BW utilization 0% (0 reads, 0 writes)
[2026-06-10 12:17:34.462] [info] Core [0] : MatMul active cycle 90 Vector active cycle 0 
[2026-06-10 12:17:34.462] [info] Core [0] : issued tile 2 
[2026-06-10 12:17:34.462] [info] Core [0] : Memory unit idle cycle 8000 Systolic bubble cycle 0 Core idle cycle 0 
[2026-06-10 12:17:34.462] [info] Core [0] : Systolic Array Utilization(%) 100.00 (1.12% PE util), Vector Unit Utilization(%) 0.00, Total cycle: 584000
[2026-06-10 12:17:34.510] [info] HBM2-CH_0: BW utilization 0% (0 reads, 0 writes)
[2026-06-10 12:17:34.512] [info] Core [0] : MatMul active cycle 90 Vector active cycle 0 
[2026-06-10 12:17:34.512] [info] Core [0] : issued tile 2 
[2026-06-10 12:17:34.512] [info] Core [0] : Memory unit idle cycle 8000 Systolic bubble cycle 0 Core idle cycle 0 
[2026-06-10 12:17:34.512] [info] Core [0] : Systolic Array Utilization(%) 100.00 (1.12% PE util), Vector Unit Utilization(%) 0.00, Total cycle: 592000
[2026-06-10 12:17:36.315] [info] HBM2-CH_0: BW utilization 37% (436 reads, 3136 writes)
[2026-06-10 12:17:36.317] [info] Core [0] : MatMul active cycle 90 Vector active cycle 0 
[2026-06-10 12:17:36.317] [info] Core [0] : issued tile 2 
[2026-06-10 12:17:36.317] [info] Core [0] : Memory unit idle cycle 7772 Systolic bubble cycle 0 Core idle cycle 0 
[2026-06-10 12:17:36.317] [info] Core [0] : Systolic Array Utilization(%) 100.00 (1.12% PE util), Vector Unit Utilization(%) 0.00, Total cycle: 600000
[2026-06-10 12:17:36.370] [info] HBM2-CH_0: BW utilization 0% (0 reads, 0 writes)
[2026-06-10 12:17:36.371] [info] Core [0] : MatMul active cycle 90 Vector active cycle 0 
[2026-06-10 12:17:36.371] [info] Core [0] : issued tile 2 
[2026-06-10 12:17:36.371] [info] Core [0] : Memory unit idle cycle 8000 Systolic bubble cycle 0 Core idle cycle 0 
[2026-06-10 12:17:36.371] [info] Core [0] : Systolic Array Utilization(%) 100.00 (1.12% PE util), Vector Unit Utilization(%) 0.00, Total cycle: 608000
[2026-06-10 12:17:36.419] [info] HBM2-CH_0: BW utilization 0% (0 reads, 0 writes)
[2026-06-10 12:17:36.429] [info] Core [0] : MatMul active cycle 90 Vector active cycle 0 
[2026-06-10 12:17:36.429] [info] Core [0] : issued tile 2 
[2026-06-10 12:17:36.429] [info] Core [0] : Memory unit idle cycle 7917 Systolic bubble cycle 0 Core idle cycle 0 
[2026-06-10 12:17:36.429] [info] Core [0] : Systolic Array Utilization(%) 100.00 (1.12% PE util), Vector Unit Utilization(%) 0.00, Total cycle: 616000
[2026-06-10 12:17:36.549] [info] HBM2-CH_0: BW utilization 2% (115 reads, 112 writes)
[2026-06-10 12:17:36.550] [info] Core [0] : MatMul active cycle 90 Vector active cycle 0 
[2026-06-10 12:17:36.550] [info] Core [0] : issued tile 2 
[2026-06-10 12:17:36.550] [info] Core [0] : Memory unit idle cycle 7855 Systolic bubble cycle 0 Core idle cycle 0 
[2026-06-10 12:17:36.550] [info] Core [0] : Systolic Array Utilization(%) 100.00 (1.12% PE util), Vector Unit Utilization(%) 0.00, Total cycle: 624000
[2026-06-10 12:17:36.604] [info] HBM2-CH_0: BW utilization 0% (0 reads, 0 writes)
[2026-06-10 12:17:36.606] [info] Core [0] : MatMul active cycle 85 Vector active cycle 0 
[2026-06-10 12:17:36.606] [info] Core [0] : issued tile 2 
[2026-06-10 12:17:36.606] [info] Core [0] : Memory unit idle cycle 8000 Systolic bubble cycle 0 Core idle cycle 0 
[2026-06-10 12:17:36.606] [info] Core [0] : Systolic Array Utilization(%) 100.00 (1.06% PE util), Vector Unit Utilization(%) 0.00, Total cycle: 632000
[2026-06-10 12:17:36.722] [info] HBM2-CH_0: BW utilization 2% (114 reads, 112 writes)
[2026-06-10 12:17:36.723] [info] Core [0] : MatMul active cycle 90 Vector active cycle 0 
[2026-06-10 12:17:36.723] [info] Core [0] : issued tile 2 
[2026-06-10 12:17:36.723] [info] Core [0] : Memory unit idle cycle 7772 Systolic bubble cycle 0 Core idle cycle 0 
[2026-06-10 12:17:36.723] [info] Core [0] : Systolic Array Utilization(%) 100.00 (1.12% PE util), Vector Unit Utilization(%) 0.00, Total cycle: 640000
[2026-06-10 12:17:36.772] [info] HBM2-CH_0: BW utilization 0% (0 reads, 0 writes)
[2026-06-10 12:17:36.773] [info] Core [0] : MatMul active cycle 90 Vector active cycle 0 
[2026-06-10 12:17:36.773] [info] Core [0] : issued tile 2 
[2026-06-10 12:17:36.773] [info] Core [0] : Memory unit idle cycle 8000 Systolic bubble cycle 0 Core idle cycle 0 
[2026-06-10 12:17:36.773] [info] Core [0] : Systolic Array Utilization(%) 100.00 (1.12% PE util), Vector Unit Utilization(%) 0.00, Total cycle: 648000
[2026-06-10 12:17:36.822] [info] HBM2-CH_0: BW utilization 0% (0 reads, 0 writes)
[2026-06-10 12:17:36.823] [info] Core [0] : MatMul active cycle 90 Vector active cycle 0 
[2026-06-10 12:17:36.823] [info] Core [0] : issued tile 2 
[2026-06-10 12:17:36.823] [info] Core [0] : Memory unit idle cycle 8000 Systolic bubble cycle 0 Core idle cycle 0 
[2026-06-10 12:17:36.824] [info] Core [0] : Systolic Array Utilization(%) 100.00 (1.12% PE util), Vector Unit Utilization(%) 0.00, Total cycle: 656000
[2026-06-10 12:17:36.938] [info] HBM2-CH_0: BW utilization 2% (113 reads, 112 writes)
[2026-06-10 12:17:36.939] [info] Core [0] : MatMul active cycle 90 Vector active cycle 0 
[2026-06-10 12:17:36.939] [info] Core [0] : issued tile 2 
[2026-06-10 12:17:36.939] [info] Core [0] : Memory unit idle cycle 7772 Systolic bubble cycle 0 Core idle cycle 0 
[2026-06-10 12:17:36.939] [info] Core [0] : Systolic Array Utilization(%) 100.00 (1.12% PE util), Vector Unit Utilization(%) 0.00, Total cycle: 664000
[2026-06-10 12:17:36.987] [info] HBM2-CH_0: BW utilization 0% (0 reads, 0 writes)
[2026-06-10 12:17:36.989] [info] Core [0] : MatMul active cycle 90 Vector active cycle 0 
[2026-06-10 12:17:36.989] [info] Core [0] : issued tile 2 
[2026-06-10 12:17:36.989] [info] Core [0] : Memory unit idle cycle 8000 Systolic bubble cycle 0 Core idle cycle 0 
[2026-06-10 12:17:36.989] [info] Core [0] : Systolic Array Utilization(%) 100.00 (1.12% PE util), Vector Unit Utilization(%) 0.00, Total cycle: 672000
[2026-06-10 12:17:37.037] [info] HBM2-CH_0: BW utilization 0% (0 reads, 0 writes)
[2026-06-10 12:17:37.038] [info] Core [0] : MatMul active cycle 90 Vector active cycle 0 
[2026-06-10 12:17:37.038] [info] Core [0] : issued tile 2 
[2026-06-10 12:17:37.038] [info] Core [0] : Memory unit idle cycle 8000 Systolic bubble cycle 0 Core idle cycle 0 
[2026-06-10 12:17:37.038] [info] Core [0] : Systolic Array Utilization(%) 100.00 (1.12% PE util), Vector Unit Utilization(%) 0.00, Total cycle: 680000
[2026-06-10 12:17:37.113] [info] HBM2-CH_0: BW utilization 1% (0 reads, 112 writes)
[2026-06-10 12:17:37.115] [info] Core [0] : MatMul active cycle 85 Vector active cycle 0 
[2026-06-10 12:17:37.115] [info] Core [0] : issued tile 1 
[2026-06-10 12:17:37.115] [info] Core [0] : Memory unit idle cycle 7888 Systolic bubble cycle 0 Core idle cycle 0 
[2026-06-10 12:17:37.115] [info] Core [0] : Systolic Array Utilization(%) 100.00 (1.06% PE util), Vector Unit Utilization(%) 0.00, Total cycle: 688000
[2026-06-10 12:17:37.164] [info] HBM2-CH_0: BW utilization 0% (0 reads, 0 writes)
[2026-06-10 12:17:37.166] [info] Core [0] : MatMul active cycle 90 Vector active cycle 0 
[2026-06-10 12:17:37.166] [info] Core [0] : issued tile 1 
[2026-06-10 12:17:37.166] [info] Core [0] : Memory unit idle cycle 8000 Systolic bubble cycle 0 Core idle cycle 0 
[2026-06-10 12:17:37.166] [info] Core [0] : Systolic Array Utilization(%) 100.00 (1.12% PE util), Vector Unit Utilization(%) 0.00, Total cycle: 696000
[2026-06-10 12:17:37.216] [info] HBM2-CH_0: BW utilization 0% (0 reads, 0 writes)
[2026-06-10 12:17:37.240] [info] Core [0] : MatMul active cycle 90 Vector active cycle 0 
[2026-06-10 12:17:37.240] [info] Core [0] : issued tile 0 
[2026-06-10 12:17:37.240] [info] Core [0] : Memory unit idle cycle 7888 Systolic bubble cycle 0 Core idle cycle 0 
[2026-06-10 12:17:37.240] [info] Core [0] : Systolic Array Utilization(%) 96.55 (1.12% PE util), Vector Unit Utilization(%) 0.00, Total cycle: 704000
[2026-06-10 12:17:37.295] [info] HBM2-CH_0: BW utilization 1% (0 reads, 112 writes)
[2026-06-10 12:17:37.297] [info] Core [0] : MatMul active cycle 0 Vector active cycle 0 
[2026-06-10 12:17:37.297] [info] Core [0] : issued tile 0 
[2026-06-10 12:17:37.297] [info] Core [0] : Memory unit idle cycle 8000 Systolic bubble cycle 0 Core idle cycle 7913 
[2026-06-10 12:17:37.297] [info] Core [0] : Systolic Array Utilization(%) 0.00 (0.00% PE util), Vector Unit Utilization(%) 0.00, Total cycle: 712000
[2026-06-10 12:17:37.346] [info] HBM2-CH_0: BW utilization 0% (0 reads, 0 writes)
[2026-06-10 12:17:37.348] [info] Core [0] : MatMul active cycle 0 Vector active cycle 0 
[2026-06-10 12:17:37.348] [info] Core [0] : issued tile 0 
[2026-06-10 12:17:37.348] [info] Core [0] : Memory unit idle cycle 8000 Systolic bubble cycle 0 Core idle cycle 8000 
[2026-06-10 12:17:37.348] [info] Core [0] : Systolic Array Utilization(%) 0.00 (0.00% PE util), Vector Unit Utilization(%) 0.00, Total cycle: 720000
[2026-06-10 12:17:37.399] [info] HBM2-CH_0: BW utilization 0% (0 reads, 0 writes)
[2026-06-10 12:17:37.401] [info] Core [0] : MatMul active cycle 0 Vector active cycle 0 
[2026-06-10 12:17:37.401] [info] Core [0] : issued tile 0 
[2026-06-10 12:17:37.401] [info] Core [0] : Memory unit idle cycle 8000 Systolic bubble cycle 0 Core idle cycle 8000 
[2026-06-10 12:17:37.401] [info] Core [0] : Systolic Array Utilization(%) 0.00 (0.00% PE util), Vector Unit Utilization(%) 0.00, Total cycle: 728000
[2026-06-10 12:17:37.450] [info] HBM2-CH_0: BW utilization 0% (0 reads, 0 writes)
[2026-06-10 12:17:37.451] [info] Core [0] : MatMul active cycle 0 Vector active cycle 0 
[2026-06-10 12:17:37.451] [info] Core [0] : issued tile 0 
[2026-06-10 12:17:37.451] [info] Core [0] : Memory unit idle cycle 8000 Systolic bubble cycle 0 Core idle cycle 8000 
[2026-06-10 12:17:37.451] [info] Core [0] : Systolic Array Utilization(%) 0.00 (0.00% PE util), Vector Unit Utilization(%) 0.00, Total cycle: 736000
[2026-06-10 12:17:37.500] [info] HBM2-CH_0: BW utilization 0% (0 reads, 0 writes)
[2026-06-10 12:17:37.502] [info] Core [0] : MatMul active cycle 0 Vector active cycle 0 
[2026-06-10 12:17:37.502] [info] Core [0] : issued tile 0 
[2026-06-10 12:17:37.502] [info] Core [0] : Memory unit idle cycle 8000 Systolic bubble cycle 0 Core idle cycle 8000 
[2026-06-10 12:17:37.502] [info] Core [0] : Systolic Array Utilization(%) 0.00 (0.00% PE util), Vector Unit Utilization(%) 0.00, Total cycle: 744000
[2026-06-10 12:17:37.550] [info] HBM2-CH_0: BW utilization 0% (0 reads, 0 writes)
[2026-06-10 12:17:37.552] [info] Core [0] : MatMul active cycle 0 Vector active cycle 0 
[2026-06-10 12:17:37.552] [info] Core [0] : issued tile 0 
[2026-06-10 12:17:37.552] [info] Core [0] : Memory unit idle cycle 8000 Systolic bubble cycle 0 Core idle cycle 8000 
[2026-06-10 12:17:37.552] [info] Core [0] : Systolic Array Utilization(%) 0.00 (0.00% PE util), Vector Unit Utilization(%) 0.00, Total cycle: 752000
[2026-06-10 12:17:37.601] [info] HBM2-CH_0: BW utilization 0% (0 reads, 0 writes)
[2026-06-10 12:17:37.603] [info] Core [0] : MatMul active cycle 0 Vector active cycle 0 
[2026-06-10 12:17:37.603] [info] Core [0] : issued tile 0 
[2026-06-10 12:17:37.603] [info] Core [0] : Memory unit idle cycle 8000 Systolic bubble cycle 0 Core idle cycle 8000 
[2026-06-10 12:17:37.603] [info] Core [0] : Systolic Array Utilization(%) 0.00 (0.00% PE util), Vector Unit Utilization(%) 0.00, Total cycle: 760000
[2026-06-10 12:17:37.651] [info] HBM2-CH_0: BW utilization 0% (0 reads, 0 writes)
[2026-06-10 12:17:37.653] [info] Core [0] : MatMul active cycle 0 Vector active cycle 0 
[2026-06-10 12:17:37.653] [info] Core [0] : issued tile 0 
[2026-06-10 12:17:37.653] [info] Core [0] : Memory unit idle cycle 8000 Systolic bubble cycle 0 Core idle cycle 8000 
[2026-06-10 12:17:37.653] [info] Core [0] : Systolic Array Utilization(%) 0.00 (0.00% PE util), Vector Unit Utilization(%) 0.00, Total cycle: 768000
[2026-06-10 12:17:37.703] [info] HBM2-CH_0: BW utilization 0% (0 reads, 0 writes)
[2026-06-10 12:17:37.705] [info] Core [0] : MatMul active cycle 0 Vector active cycle 0 
[2026-06-10 12:17:37.705] [info] Core [0] : issued tile 0 
[2026-06-10 12:17:37.705] [info] Core [0] : Memory unit idle cycle 8000 Systolic bubble cycle 0 Core idle cycle 8000 
[2026-06-10 12:17:37.705] [info] Core [0] : Systolic Array Utilization(%) 0.00 (0.00% PE util), Vector Unit Utilization(%) 0.00, Total cycle: 776000
[2026-06-10 12:17:37.757] [info] HBM2-CH_0: BW utilization 0% (0 reads, 0 writes)
[2026-06-10 12:17:37.759] [info] Core [0] : MatMul active cycle 0 Vector active cycle 0 
[2026-06-10 12:17:37.759] [info] Core [0] : issued tile 0 
[2026-06-10 12:17:37.759] [info] Core [0] : Memory unit idle cycle 8000 Systolic bubble cycle 0 Core idle cycle 8000 
[2026-06-10 12:17:37.759] [info] Core [0] : Systolic Array Utilization(%) 0.00 (0.00% PE util), Vector Unit Utilization(%) 0.00, Total cycle: 784000
[2026-06-10 12:17:37.884] [info] HBM2-CH_0: BW utilization 2% (0 reads, 242 writes)
[2026-06-10 12:17:37.975] [info] Core [0] : MatMul active cycle 0 Vector active cycle 0 
[2026-06-10 12:17:37.975] [info] Core [0] : issued tile 0 
[2026-06-10 12:17:37.975] [info] Core [0] : Memory unit idle cycle 8000 Systolic bubble cycle 0 Core idle cycle 8000 
[2026-06-10 12:17:37.975] [info] Core [0] : Systolic Array Utilization(%) 0.00 (0.00% PE util), Vector Unit Utilization(%) 0.00, Total cycle: 792000
[2026-06-10 12:17:39.297] [info] HBM2-CH_0: BW utilization 32% (331 reads, 2782 writes)
[2026-06-10 12:17:39.299] [info] Core [0] : MatMul active cycle 0 Vector active cycle 0 
[2026-06-10 12:17:39.299] [info] Core [0] : issued tile 0 
[2026-06-10 12:17:39.299] [info] Core [0] : Memory unit idle cycle 8000 Systolic bubble cycle 0 Core idle cycle 8000 
[2026-06-10 12:17:39.299] [info] Core [0] : Systolic Array Utilization(%) 0.00 (0.00% PE util), Vector Unit Utilization(%) 0.00, Total cycle: 800000
[2026-06-10 12:17:39.348] [info] HBM2-CH_0: BW utilization 0% (0 reads, 0 writes)
[2026-06-10 12:17:39.350] [info] Core [0] : MatMul active cycle 0 Vector active cycle 0 
[2026-06-10 12:17:39.350] [info] Core [0] : issued tile 0 
[2026-06-10 12:17:39.350] [info] Core [0] : Memory unit idle cycle 8000 Systolic bubble cycle 0 Core idle cycle 8000 
[2026-06-10 12:17:39.350] [info] Core [0] : Systolic Array Utilization(%) 0.00 (0.00% PE util), Vector Unit Utilization(%) 0.00, Total cycle: 808000
[2026-06-10 12:17:39.398] [info] HBM2-CH_0: BW utilization 0% (0 reads, 0 writes)
[2026-06-10 12:17:39.400] [info] Core [0] : MatMul active cycle 0 Vector active cycle 0 
[2026-06-10 12:17:39.400] [info] Core [0] : issued tile 0 
[2026-06-10 12:17:39.400] [info] Core [0] : Memory unit idle cycle 8000 Systolic bubble cycle 0 Core idle cycle 8000 
[2026-06-10 12:17:39.400] [info] Core [0] : Systolic Array Utilization(%) 0.00 (0.00% PE util), Vector Unit Utilization(%) 0.00, Total cycle: 816000
[2026-06-10 12:17:39.449] [info] HBM2-CH_0: BW utilization 0% (0 reads, 0 writes)
[2026-06-10 12:17:39.451] [info] Core [0] : MatMul active cycle 0 Vector active cycle 0 
[2026-06-10 12:17:39.451] [info] Core [0] : issued tile 0 
[2026-06-10 12:17:39.451] [info] Core [0] : Memory unit idle cycle 8000 Systolic bubble cycle 0 Core idle cycle 8000 
[2026-06-10 12:17:39.451] [info] Core [0] : Systolic Array Utilization(%) 0.00 (0.00% PE util), Vector Unit Utilization(%) 0.00, Total cycle: 824000
[2026-06-10 12:17:39.500] [info] HBM2-CH_0: BW utilization 0% (0 reads, 0 writes)
[2026-06-10 12:17:39.502] [info] Core [0] : MatMul active cycle 0 Vector active cycle 0 
[2026-06-10 12:17:39.502] [info] Core [0] : issued tile 0 
[2026-06-10 12:17:39.502] [info] Core [0] : Memory unit idle cycle 8000 Systolic bubble cycle 0 Core idle cycle 8000 
[2026-06-10 12:17:39.502] [info] Core [0] : Systolic Array Utilization(%) 0.00 (0.00% PE util), Vector Unit Utilization(%) 0.00, Total cycle: 832000
[2026-06-10 12:17:39.550] [info] HBM2-CH_0: BW utilization 0% (0 reads, 0 writes)
[2026-06-10 12:17:39.553] [info] Core [0] : MatMul active cycle 0 Vector active cycle 0 
[2026-06-10 12:17:39.553] [info] Core [0] : issued tile 0 
[2026-06-10 12:17:39.553] [info] Core [0] : Memory unit idle cycle 8000 Systolic bubble cycle 0 Core idle cycle 8000 
[2026-06-10 12:17:39.553] [info] Core [0] : Systolic Array Utilization(%) 0.00 (0.00% PE util), Vector Unit Utilization(%) 0.00, Total cycle: 840000
[2026-06-10 12:17:39.602] [info] HBM2-CH_0: BW utilization 0% (0 reads, 0 writes)
[2026-06-10 12:17:39.604] [info] Core [0] : MatMul active cycle 0 Vector active cycle 0 
[2026-06-10 12:17:39.604] [info] Core [0] : issued tile 0 
[2026-06-10 12:17:39.604] [info] Core [0] : Memory unit idle cycle 8000 Systolic bubble cycle 0 Core idle cycle 8000 
[2026-06-10 12:17:39.604] [info] Core [0] : Systolic Array Utilization(%) 0.00 (0.00% PE util), Vector Unit Utilization(%) 0.00, Total cycle: 848000
[2026-06-10 12:17:39.653] [info] HBM2-CH_0: BW utilization 0% (0 reads, 0 writes)
[2026-06-10 12:17:39.655] [info] Core [0] : MatMul active cycle 0 Vector active cycle 0 
[2026-06-10 12:17:39.655] [info] Core [0] : issued tile 0 
[2026-06-10 12:17:39.655] [info] Core [0] : Memory unit idle cycle 8000 Systolic bubble cycle 0 Core idle cycle 8000 
[2026-06-10 12:17:39.655] [info] Core [0] : Systolic Array Utilization(%) 0.00 (0.00% PE util), Vector Unit Utilization(%) 0.00, Total cycle: 856000
[2026-06-10 12:17:39.716] [info] HBM2-CH_0: BW utilization 0% (0 reads, 0 writes)
[2026-06-10 12:17:39.721] [info] Core [0] : MatMul active cycle 0 Vector active cycle 0 
[2026-06-10 12:17:39.721] [info] Core [0] : issued tile 0 
[2026-06-10 12:17:39.721] [info] Core [0] : Memory unit idle cycle 8000 Systolic bubble cycle 0 Core idle cycle 8000 
[2026-06-10 12:17:39.721] [info] Core [0] : Systolic Array Utilization(%) 0.00 (0.00% PE util), Vector Unit Utilization(%) 0.00, Total cycle: 864000
[2026-06-10 12:17:39.770] [info] HBM2-CH_0: BW utilization 0% (0 reads, 0 writes)
[2026-06-10 12:17:39.772] [info] Core [0] : MatMul active cycle 0 Vector active cycle 0 
[2026-06-10 12:17:39.772] [info] Core [0] : issued tile 0 
[2026-06-10 12:17:39.772] [info] Core [0] : Memory unit idle cycle 8000 Systolic bubble cycle 0 Core idle cycle 8000 
[2026-06-10 12:17:39.772] [info] Core [0] : Systolic Array Utilization(%) 0.00 (0.00% PE util), Vector Unit Utilization(%) 0.00, Total cycle: 872000
[2026-06-10 12:17:39.821] [info] HBM2-CH_0: BW utilization 0% (0 reads, 0 writes)
[2026-06-10 12:17:39.823] [info] Core [0] : MatMul active cycle 0 Vector active cycle 0 
[2026-06-10 12:17:39.823] [info] Core [0] : issued tile 0 
[2026-06-10 12:17:39.823] [info] Core [0] : Memory unit idle cycle 8000 Systolic bubble cycle 0 Core idle cycle 8000 
[2026-06-10 12:17:39.823] [info] Core [0] : Systolic Array Utilization(%) 0.00 (0.00% PE util), Vector Unit Utilization(%) 0.00, Total cycle: 880000
[2026-06-10 12:17:39.873] [info] HBM2-CH_0: BW utilization 0% (0 reads, 0 writes)
[2026-06-10 12:17:39.876] [info] Core [0] : MatMul active cycle 0 Vector active cycle 0 
[2026-06-10 12:17:39.876] [info] Core [0] : issued tile 0 
[2026-06-10 12:17:39.876] [info] Core [0] : Memory unit idle cycle 8000 Systolic bubble cycle 0 Core idle cycle 8000 
[2026-06-10 12:17:39.876] [info] Core [0] : Systolic Array Utilization(%) 0.00 (0.00% PE util), Vector Unit Utilization(%) 0.00, Total cycle: 888000
[2026-06-10 12:17:39.933] [info] HBM2-CH_0: BW utilization 0% (0 reads, 0 writes)
[2026-06-10 12:17:39.936] [info] Core [0] : MatMul active cycle 0 Vector active cycle 0 
[2026-06-10 12:17:39.936] [info] Core [0] : issued tile 0 
[2026-06-10 12:17:39.936] [info] Core [0] : Memory unit idle cycle 8000 Systolic bubble cycle 0 Core idle cycle 8000 
[2026-06-10 12:17:39.936] [info] Core [0] : Systolic Array Utilization(%) 0.00 (0.00% PE util), Vector Unit Utilization(%) 0.00, Total cycle: 896000
[2026-06-10 12:17:39.996] [info] HBM2-CH_0: BW utilization 0% (0 reads, 0 writes)
[2026-06-10 12:17:39.998] [info] Core [0] : MatMul active cycle 0 Vector active cycle 0 
[2026-06-10 12:17:39.998] [info] Core [0] : issued tile 0 
[2026-06-10 12:17:39.998] [info] Core [0] : Memory unit idle cycle 8000 Systolic bubble cycle 0 Core idle cycle 8000 
[2026-06-10 12:17:39.998] [info] Core [0] : Systolic Array Utilization(%) 0.00 (0.00% PE util), Vector Unit Utilization(%) 0.00, Total cycle: 904000
[2026-06-10 12:17:40.055] [info] HBM2-CH_0: BW utilization 0% (0 reads, 0 writes)
[2026-06-10 12:17:40.058] [info] Core [0] : MatMul active cycle 0 Vector active cycle 0 
[2026-06-10 12:17:40.058] [info] Core [0] : issued tile 0 
[2026-06-10 12:17:40.058] [info] Core [0] : Memory unit idle cycle 8000 Systolic bubble cycle 0 Core idle cycle 8000 
[2026-06-10 12:17:40.058] [info] Core [0] : Systolic Array Utilization(%) 0.00 (0.00% PE util), Vector Unit Utilization(%) 0.00, Total cycle: 912000
[2026-06-10 12:17:40.116] [info] HBM2-CH_0: BW utilization 0% (0 reads, 0 writes)
[2026-06-10 12:17:40.120] [info] Core [0] : MatMul active cycle 0 Vector active cycle 0 
[2026-06-10 12:17:40.120] [info] Core [0] : issued tile 0 
[2026-06-10 12:17:40.120] [info] Core [0] : Memory unit idle cycle 8000 Systolic bubble cycle 0 Core idle cycle 8000 
[2026-06-10 12:17:40.120] [info] Core [0] : Systolic Array Utilization(%) 0.00 (0.00% PE util), Vector Unit Utilization(%) 0.00, Total cycle: 920000
[2026-06-10 12:17:40.176] [info] HBM2-CH_0: BW utilization 0% (0 reads, 0 writes)
[2026-06-10 12:17:40.179] [info] Core [0] : MatMul active cycle 0 Vector active cycle 0 
[2026-06-10 12:17:40.179] [info] Core [0] : issued tile 0 
[2026-06-10 12:17:40.179] [info] Core [0] : Memory unit idle cycle 8000 Systolic bubble cycle 0 Core idle cycle 8000 
[2026-06-10 12:17:40.179] [info] Core [0] : Systolic Array Utilization(%) 0.00 (0.00% PE util), Vector Unit Utilization(%) 0.00, Total cycle: 928000
[2026-06-10 12:17:40.227] [info] HBM2-CH_0: BW utilization 0% (0 reads, 0 writes)
[2026-06-10 12:17:40.229] [info] Core [0] : MatMul active cycle 0 Vector active cycle 0 
[2026-06-10 12:17:40.229] [info] Core [0] : issued tile 0 
[2026-06-10 12:17:40.229] [info] Core [0] : Memory unit idle cycle 8000 Systolic bubble cycle 0 Core idle cycle 8000 
[2026-06-10 12:17:40.229] [info] Core [0] : Systolic Array Utilization(%) 0.00 (0.00% PE util), Vector Unit Utilization(%) 0.00, Total cycle: 936000
[2026-06-10 12:17:40.277] [info] HBM2-CH_0: BW utilization 0% (0 reads, 0 writes)
[2026-06-10 12:17:40.280] [info] Core [0] : MatMul active cycle 0 Vector active cycle 0 
[2026-06-10 12:17:40.280] [info] Core [0] : issued tile 0 
[2026-06-10 12:17:40.280] [info] Core [0] : Memory unit idle cycle 8000 Systolic bubble cycle 0 Core idle cycle 8000 
[2026-06-10 12:17:40.280] [info] Core [0] : Systolic Array Utilization(%) 0.00 (0.00% PE util), Vector Unit Utilization(%) 0.00, Total cycle: 944000
[2026-06-10 12:17:40.328] [info] HBM2-CH_0: BW utilization 0% (0 reads, 0 writes)
[2026-06-10 12:17:40.331] [info] Core [0] : MatMul active cycle 0 Vector active cycle 0 
[2026-06-10 12:17:40.331] [info] Core [0] : issued tile 0 
[2026-06-10 12:17:40.331] [info] Core [0] : Memory unit idle cycle 8000 Systolic bubble cycle 0 Core idle cycle 8000 
[2026-06-10 12:17:40.331] [info] Core [0] : Systolic Array Utilization(%) 0.00 (0.00% PE util), Vector Unit Utilization(%) 0.00, Total cycle: 952000
[2026-06-10 12:17:40.380] [info] HBM2-CH_0: BW utilization 0% (0 reads, 0 writes)
[2026-06-10 12:17:40.382] [info] Core [0] : MatMul active cycle 0 Vector active cycle 0 
[2026-06-10 12:17:40.382] [info] Core [0] : issued tile 0 
[2026-06-10 12:17:40.382] [info] Core [0] : Memory unit idle cycle 8000 Systolic bubble cycle 0 Core idle cycle 8000 
[2026-06-10 12:17:40.382] [info] Core [0] : Systolic Array Utilization(%) 0.00 (0.00% PE util), Vector Unit Utilization(%) 0.00, Total cycle: 960000
[2026-06-10 12:17:40.430] [info] HBM2-CH_0: BW utilization 0% (0 reads, 0 writes)
[2026-06-10 12:17:40.433] [info] Core [0] : MatMul active cycle 0 Vector active cycle 0 
[2026-06-10 12:17:40.433] [info] Core [0] : issued tile 0 
[2026-06-10 12:17:40.433] [info] Core [0] : Memory unit idle cycle 8000 Systolic bubble cycle 0 Core idle cycle 8000 
[2026-06-10 12:17:40.433] [info] Core [0] : Systolic Array Utilization(%) 0.00 (0.00% PE util), Vector Unit Utilization(%) 0.00, Total cycle: 968000
[2026-06-10 12:17:40.481] [info] HBM2-CH_0: BW utilization 0% (0 reads, 0 writes)
[2026-06-10 12:17:40.484] [info] Core [0] : MatMul active cycle 0 Vector active cycle 0 
[2026-06-10 12:17:40.484] [info] Core [0] : issued tile 0 
[2026-06-10 12:17:40.484] [info] Core [0] : Memory unit idle cycle 8000 Systolic bubble cycle 0 Core idle cycle 8000 
[2026-06-10 12:17:40.484] [info] Core [0] : Systolic Array Utilization(%) 0.00 (0.00% PE util), Vector Unit Utilization(%) 0.00, Total cycle: 976000
[2026-06-10 12:17:40.532] [info] HBM2-CH_0: BW utilization 0% (0 reads, 0 writes)
[2026-06-10 12:17:40.535] [info] Core [0] : MatMul active cycle 0 Vector active cycle 0 
[2026-06-10 12:17:40.535] [info] Core [0] : issued tile 0 
[2026-06-10 12:17:40.535] [info] Core [0] : Memory unit idle cycle 8000 Systolic bubble cycle 0 Core idle cycle 8000 
[2026-06-10 12:17:40.535] [info] Core [0] : Systolic Array Utilization(%) 0.00 (0.00% PE util), Vector Unit Utilization(%) 0.00, Total cycle: 984000
[2026-06-10 12:17:42.074] [info] HBM2-CH_0: BW utilization 21% (42 reads, 1994 writes)
[2026-06-10 12:17:42.185] [info] Core [0] : MatMul active cycle 0 Vector active cycle 0 
[2026-06-10 12:17:42.185] [info] Core [0] : issued tile 0 
[2026-06-10 12:17:42.185] [info] Core [0] : Memory unit idle cycle 8000 Systolic bubble cycle 0 Core idle cycle 8000 
[2026-06-10 12:17:42.185] [info] Core [0] : Systolic Array Utilization(%) 0.00 (0.00% PE util), Vector Unit Utilization(%) 0.00, Total cycle: 992000
[2026-06-10 12:17:42.553] [info] HBM2-CH_0: BW utilization 13% (276 reads, 1030 writes)
[2026-06-10 12:17:42.555] [info] Core [0] : MatMul active cycle 0 Vector active cycle 0 
[2026-06-10 12:17:42.555] [info] Core [0] : issued tile 0 
[2026-06-10 12:17:42.555] [info] Core [0] : Memory unit idle cycle 8000 Systolic bubble cycle 0 Core idle cycle 8000 
[2026-06-10 12:17:42.555] [info] Core [0] : Systolic Array Utilization(%) 0.00 (0.00% PE util), Vector Unit Utilization(%) 0.00, Total cycle: 1000000
[2026-06-10 12:17:42.609] [info] HBM2-CH_0: BW utilization 0% (0 reads, 0 writes)
[2026-06-10 12:17:42.613] [info] Core [0] : MatMul active cycle 0 Vector active cycle 0 
[2026-06-10 12:17:42.613] [info] Core [0] : issued tile 0 
[2026-06-10 12:17:42.613] [info] Core [0] : Memory unit idle cycle 8000 Systolic bubble cycle 0 Core idle cycle 8000 
[2026-06-10 12:17:42.613] [info] Core [0] : Systolic Array Utilization(%) 0.00 (0.00% PE util), Vector Unit Utilization(%) 0.00, Total cycle: 1008000
[2026-06-10 12:17:42.673] [info] HBM2-CH_0: BW utilization 0% (0 reads, 0 writes)
[2026-06-10 12:17:42.677] [info] Core [0] : MatMul active cycle 0 Vector active cycle 0 
[2026-06-10 12:17:42.677] [info] Core [0] : issued tile 0 
[2026-06-10 12:17:42.677] [info] Core [0] : Memory unit idle cycle 8000 Systolic bubble cycle 0 Core idle cycle 8000 
[2026-06-10 12:17:42.677] [info] Core [0] : Systolic Array Utilization(%) 0.00 (0.00% PE util), Vector Unit Utilization(%) 0.00, Total cycle: 1016000
[2026-06-10 12:17:42.737] [info] HBM2-CH_0: BW utilization 0% (0 reads, 0 writes)
[2026-06-10 12:17:42.740] [info] Core [0] : MatMul active cycle 0 Vector active cycle 0 
[2026-06-10 12:17:42.740] [info] Core [0] : issued tile 0 
[2026-06-10 12:17:42.740] [info] Core [0] : Memory unit idle cycle 8000 Systolic bubble cycle 0 Core idle cycle 8000 
[2026-06-10 12:17:42.740] [info] Core [0] : Systolic Array Utilization(%) 0.00 (0.00% PE util), Vector Unit Utilization(%) 0.00, Total cycle: 1024000
[2026-06-10 12:17:42.794] [info] HBM2-CH_0: BW utilization 0% (0 reads, 0 writes)
[2026-06-10 12:17:42.797] [info] Core [0] : MatMul active cycle 0 Vector active cycle 0 
[2026-06-10 12:17:42.797] [info] Core [0] : issued tile 0 
[2026-06-10 12:17:42.797] [info] Core [0] : Memory unit idle cycle 8000 Systolic bubble cycle 0 Core idle cycle 8000 
[2026-06-10 12:17:42.797] [info] Core [0] : Systolic Array Utilization(%) 0.00 (0.00% PE util), Vector Unit Utilization(%) 0.00, Total cycle: 1032000
[2026-06-10 12:17:42.851] [info] HBM2-CH_0: BW utilization 0% (0 reads, 0 writes)
[2026-06-10 12:17:42.854] [info] Core [0] : MatMul active cycle 0 Vector active cycle 0 
[2026-06-10 12:17:42.854] [info] Core [0] : issued tile 0 
[2026-06-10 12:17:42.854] [info] Core [0] : Memory unit idle cycle 8000 Systolic bubble cycle 0 Core idle cycle 8000 
[2026-06-10 12:17:42.854] [info] Core [0] : Systolic Array Utilization(%) 0.00 (0.00% PE util), Vector Unit Utilization(%) 0.00, Total cycle: 1040000
[2026-06-10 12:17:42.902] [info] HBM2-CH_0: BW utilization 0% (0 reads, 0 writes)
[2026-06-10 12:17:42.905] [info] Core [0] : MatMul active cycle 0 Vector active cycle 0 
[2026-06-10 12:17:42.905] [info] Core [0] : issued tile 0 
[2026-06-10 12:17:42.905] [info] Core [0] : Memory unit idle cycle 8000 Systolic bubble cycle 0 Core idle cycle 8000 
[2026-06-10 12:17:42.905] [info] Core [0] : Systolic Array Utilization(%) 0.00 (0.00% PE util), Vector Unit Utilization(%) 0.00, Total cycle: 1048000
[2026-06-10 12:17:42.954] [info] HBM2-CH_0: BW utilization 0% (0 reads, 0 writes)
[2026-06-10 12:17:42.957] [info] Core [0] : MatMul active cycle 0 Vector active cycle 0 
[2026-06-10 12:17:42.957] [info] Core [0] : issued tile 0 
[2026-06-10 12:17:42.957] [info] Core [0] : Memory unit idle cycle 8000 Systolic bubble cycle 0 Core idle cycle 8000 
[2026-06-10 12:17:42.957] [info] Core [0] : Systolic Array Utilization(%) 0.00 (0.00% PE util), Vector Unit Utilization(%) 0.00, Total cycle: 1056000
[2026-06-10 12:17:43.012] [info] HBM2-CH_0: BW utilization 0% (0 reads, 0 writes)
[2026-06-10 12:17:43.015] [info] Core [0] : MatMul active cycle 0 Vector active cycle 0 
[2026-06-10 12:17:43.015] [info] Core [0] : issued tile 0 
[2026-06-10 12:17:43.015] [info] Core [0] : Memory unit idle cycle 8000 Systolic bubble cycle 0 Core idle cycle 8000 
[2026-06-10 12:17:43.015] [info] Core [0] : Systolic Array Utilization(%) 0.00 (0.00% PE util), Vector Unit Utilization(%) 0.00, Total cycle: 1064000
[2026-06-10 12:17:43.093] [info] HBM2-CH_0: BW utilization 0% (0 reads, 0 writes)
[2026-06-10 12:17:43.098] [info] Core [0] : MatMul active cycle 0 Vector active cycle 0 
[2026-06-10 12:17:43.098] [info] Core [0] : issued tile 0 
[2026-06-10 12:17:43.098] [info] Core [0] : Memory unit idle cycle 8000 Systolic bubble cycle 0 Core idle cycle 8000 
[2026-06-10 12:17:43.098] [info] Core [0] : Systolic Array Utilization(%) 0.00 (0.00% PE util), Vector Unit Utilization(%) 0.00, Total cycle: 1072000
[2026-06-10 12:17:43.175] [info] HBM2-CH_0: BW utilization 0% (0 reads, 0 writes)
[2026-06-10 12:17:43.179] [info] Core [0] : MatMul active cycle 0 Vector active cycle 0 
[2026-06-10 12:17:43.179] [info] Core [0] : issued tile 0 
[2026-06-10 12:17:43.179] [info] Core [0] : Memory unit idle cycle 8000 Systolic bubble cycle 0 Core idle cycle 8000 
[2026-06-10 12:17:43.179] [info] Core [0] : Systolic Array Utilization(%) 0.00 (0.00% PE util), Vector Unit Utilization(%) 0.00, Total cycle: 1080000
[2026-06-10 12:17:43.255] [info] HBM2-CH_0: BW utilization 0% (0 reads, 0 writes)
[2026-06-10 12:17:43.261] [info] Core [0] : MatMul active cycle 0 Vector active cycle 0 
[2026-06-10 12:17:43.261] [info] Core [0] : issued tile 0 
[2026-06-10 12:17:43.261] [info] Core [0] : Memory unit idle cycle 8000 Systolic bubble cycle 0 Core idle cycle 8000 
[2026-06-10 12:17:43.261] [info] Core [0] : Systolic Array Utilization(%) 0.00 (0.00% PE util), Vector Unit Utilization(%) 0.00, Total cycle: 1088000
[2026-06-10 12:17:43.345] [info] HBM2-CH_0: BW utilization 0% (0 reads, 0 writes)
[2026-06-10 12:17:43.348] [info] Core [0] : MatMul active cycle 0 Vector active cycle 0 
[2026-06-10 12:17:43.348] [info] Core [0] : issued tile 0 
[2026-06-10 12:17:43.348] [info] Core [0] : Memory unit idle cycle 8000 Systolic bubble cycle 0 Core idle cycle 8000 
[2026-06-10 12:17:43.348] [info] Core [0] : Systolic Array Utilization(%) 0.00 (0.00% PE util), Vector Unit Utilization(%) 0.00, Total cycle: 1096000
[2026-06-10 12:17:43.416] [info] HBM2-CH_0: BW utilization 0% (0 reads, 0 writes)
[2026-06-10 12:17:43.421] [info] Core [0] : MatMul active cycle 0 Vector active cycle 0 
[2026-06-10 12:17:43.421] [info] Core [0] : issued tile 0 
[2026-06-10 12:17:43.421] [info] Core [0] : Memory unit idle cycle 8000 Systolic bubble cycle 0 Core idle cycle 8000 
[2026-06-10 12:17:43.421] [info] Core [0] : Systolic Array Utilization(%) 0.00 (0.00% PE util), Vector Unit Utilization(%) 0.00, Total cycle: 1104000
[2026-06-10 12:17:43.507] [info] HBM2-CH_0: BW utilization 0% (0 reads, 0 writes)
[2026-06-10 12:17:43.511] [info] Core [0] : MatMul active cycle 0 Vector active cycle 0 
[2026-06-10 12:17:43.511] [info] Core [0] : issued tile 0 
[2026-06-10 12:17:43.511] [info] Core [0] : Memory unit idle cycle 8000 Systolic bubble cycle 0 Core idle cycle 8000 
[2026-06-10 12:17:43.511] [info] Core [0] : Systolic Array Utilization(%) 0.00 (0.00% PE util), Vector Unit Utilization(%) 0.00, Total cycle: 1112000
[2026-06-10 12:17:43.591] [info] HBM2-CH_0: BW utilization 0% (0 reads, 0 writes)
[2026-06-10 12:17:43.595] [info] Core [0] : MatMul active cycle 0 Vector active cycle 0 
[2026-06-10 12:17:43.595] [info] Core [0] : issued tile 0 
[2026-06-10 12:17:43.595] [info] Core [0] : Memory unit idle cycle 8000 Systolic bubble cycle 0 Core idle cycle 8000 
[2026-06-10 12:17:43.595] [info] Core [0] : Systolic Array Utilization(%) 0.00 (0.00% PE util), Vector Unit Utilization(%) 0.00, Total cycle: 1120000
[2026-06-10 12:17:43.670] [info] HBM2-CH_0: BW utilization 0% (0 reads, 0 writes)
[2026-06-10 12:17:43.675] [info] Core [0] : MatMul active cycle 0 Vector active cycle 0 
[2026-06-10 12:17:43.675] [info] Core [0] : issued tile 0 
[2026-06-10 12:17:43.675] [info] Core [0] : Memory unit idle cycle 8000 Systolic bubble cycle 0 Core idle cycle 8000 
[2026-06-10 12:17:43.675] [info] Core [0] : Systolic Array Utilization(%) 0.00 (0.00% PE util), Vector Unit Utilization(%) 0.00, Total cycle: 1128000
[2026-06-10 12:17:43.745] [info] HBM2-CH_0: BW utilization 0% (0 reads, 0 writes)
[2026-06-10 12:17:43.750] [info] Core [0] : MatMul active cycle 0 Vector active cycle 0 
[2026-06-10 12:17:43.750] [info] Core [0] : issued tile 0 
[2026-06-10 12:17:43.750] [info] Core [0] : Memory unit idle cycle 8000 Systolic bubble cycle 0 Core idle cycle 8000 
[2026-06-10 12:17:43.750] [info] Core [0] : Systolic Array Utilization(%) 0.00 (0.00% PE util), Vector Unit Utilization(%) 0.00, Total cycle: 1136000
[2026-06-10 12:17:43.829] [info] HBM2-CH_0: BW utilization 0% (0 reads, 0 writes)
[2026-06-10 12:17:43.834] [info] Core [0] : MatMul active cycle 0 Vector active cycle 0 
[2026-06-10 12:17:43.834] [info] Core [0] : issued tile 0 
[2026-06-10 12:17:43.834] [info] Core [0] : Memory unit idle cycle 8000 Systolic bubble cycle 0 Core idle cycle 8000 
[2026-06-10 12:17:43.834] [info] Core [0] : Systolic Array Utilization(%) 0.00 (0.00% PE util), Vector Unit Utilization(%) 0.00, Total cycle: 1144000
[2026-06-10 12:17:43.897] [info] HBM2-CH_0: BW utilization 0% (0 reads, 0 writes)
[2026-06-10 12:17:43.900] [info] Core [0] : MatMul active cycle 0 Vector active cycle 0 
[2026-06-10 12:17:43.900] [info] Core [0] : issued tile 0 
[2026-06-10 12:17:43.900] [info] Core [0] : Memory unit idle cycle 8000 Systolic bubble cycle 0 Core idle cycle 8000 
[2026-06-10 12:17:43.900] [info] Core [0] : Systolic Array Utilization(%) 0.00 (0.00% PE util), Vector Unit Utilization(%) 0.00, Total cycle: 1152000
[2026-06-10 12:17:43.954] [info] HBM2-CH_0: BW utilization 0% (0 reads, 0 writes)
[2026-06-10 12:17:43.957] [info] Core [0] : MatMul active cycle 0 Vector active cycle 0 
[2026-06-10 12:17:43.957] [info] Core [0] : issued tile 0 
[2026-06-10 12:17:43.957] [info] Core [0] : Memory unit idle cycle 8000 Systolic bubble cycle 0 Core idle cycle 8000 
[2026-06-10 12:17:43.957] [info] Core [0] : Systolic Array Utilization(%) 0.00 (0.00% PE util), Vector Unit Utilization(%) 0.00, Total cycle: 1160000
[2026-06-10 12:17:44.009] [info] HBM2-CH_0: BW utilization 0% (0 reads, 0 writes)
[2026-06-10 12:17:44.013] [info] Core [0] : MatMul active cycle 0 Vector active cycle 0 
[2026-06-10 12:17:44.013] [info] Core [0] : issued tile 0 
[2026-06-10 12:17:44.013] [info] Core [0] : Memory unit idle cycle 8000 Systolic bubble cycle 0 Core idle cycle 8000 
[2026-06-10 12:17:44.013] [info] Core [0] : Systolic Array Utilization(%) 0.00 (0.00% PE util), Vector Unit Utilization(%) 0.00, Total cycle: 1168000
[2026-06-10 12:17:44.064] [info] HBM2-CH_0: BW utilization 0% (0 reads, 0 writes)
[2026-06-10 12:17:44.068] [info] Core [0] : MatMul active cycle 0 Vector active cycle 0 
[2026-06-10 12:17:44.068] [info] Core [0] : issued tile 0 
[2026-06-10 12:17:44.068] [info] Core [0] : Memory unit idle cycle 8000 Systolic bubble cycle 0 Core idle cycle 8000 
[2026-06-10 12:17:44.068] [info] Core [0] : Systolic Array Utilization(%) 0.00 (0.00% PE util), Vector Unit Utilization(%) 0.00, Total cycle: 1176000
[2026-06-10 12:17:44.119] [info] HBM2-CH_0: BW utilization 0% (0 reads, 0 writes)
[2026-06-10 12:17:44.122] [info] Core [0] : MatMul active cycle 0 Vector active cycle 0 
[2026-06-10 12:17:44.122] [info] Core [0] : issued tile 0 
[2026-06-10 12:17:44.122] [info] Core [0] : Memory unit idle cycle 8000 Systolic bubble cycle 0 Core idle cycle 8000 
[2026-06-10 12:17:44.122] [info] Core [0] : Systolic Array Utilization(%) 0.00 (0.00% PE util), Vector Unit Utilization(%) 0.00, Total cycle: 1184000
[2026-06-10 12:17:46.601] [info] HBM2-CH_0: BW utilization 34% (326 reads, 3024 writes)
[2026-06-10 12:17:46.604] [info] Core [0] : MatMul active cycle 0 Vector active cycle 0 
[2026-06-10 12:17:46.604] [info] Core [0] : issued tile 0 
[2026-06-10 12:17:46.604] [info] Core [0] : Memory unit idle cycle 8000 Systolic bubble cycle 0 Core idle cycle 8000 
[2026-06-10 12:17:46.604] [info] Core [0] : Systolic Array Utilization(%) 0.00 (0.00% PE util), Vector Unit Utilization(%) 0.00, Total cycle: 1192000
[2026-06-10 12:17:46.653] [info] HBM2-CH_0: BW utilization 0% (0 reads, 0 writes)
[2026-06-10 12:17:46.656] [info] Core [0] : MatMul active cycle 0 Vector active cycle 0 
[2026-06-10 12:17:46.656] [info] Core [0] : issued tile 0 
[2026-06-10 12:17:46.656] [info] Core [0] : Memory unit idle cycle 8000 Systolic bubble cycle 0 Core idle cycle 8000 
[2026-06-10 12:17:46.656] [info] Core [0] : Systolic Array Utilization(%) 0.00 (0.00% PE util), Vector Unit Utilization(%) 0.00, Total cycle: 1200000
[2026-06-10 12:17:46.712] [info] HBM2-CH_0: BW utilization 0% (0 reads, 0 writes)
[2026-06-10 12:17:46.715] [info] Core [0] : MatMul active cycle 0 Vector active cycle 0 
[2026-06-10 12:17:46.715] [info] Core [0] : issued tile 0 
[2026-06-10 12:17:46.715] [info] Core [0] : Memory unit idle cycle 8000 Systolic bubble cycle 0 Core idle cycle 8000 
[2026-06-10 12:17:46.715] [info] Core [0] : Systolic Array Utilization(%) 0.00 (0.00% PE util), Vector Unit Utilization(%) 0.00, Total cycle: 1208000
[2026-06-10 12:17:46.767] [info] HBM2-CH_0: BW utilization 0% (0 reads, 0 writes)
[2026-06-10 12:17:46.771] [info] Core [0] : MatMul active cycle 0 Vector active cycle 0 
[2026-06-10 12:17:46.771] [info] Core [0] : issued tile 0 
[2026-06-10 12:17:46.771] [info] Core [0] : Memory unit idle cycle 8000 Systolic bubble cycle 0 Core idle cycle 8000 
[2026-06-10 12:17:46.771] [info] Core [0] : Systolic Array Utilization(%) 0.00 (0.00% PE util), Vector Unit Utilization(%) 0.00, Total cycle: 1216000
[2026-06-10 12:17:46.823] [info] HBM2-CH_0: BW utilization 0% (0 reads, 0 writes)
[2026-06-10 12:17:46.826] [info] Core [0] : MatMul active cycle 0 Vector active cycle 0 
[2026-06-10 12:17:46.826] [info] Core [0] : issued tile 0 
[2026-06-10 12:17:46.826] [info] Core [0] : Memory unit idle cycle 8000 Systolic bubble cycle 0 Core idle cycle 8000 
[2026-06-10 12:17:46.826] [info] Core [0] : Systolic Array Utilization(%) 0.00 (0.00% PE util), Vector Unit Utilization(%) 0.00, Total cycle: 1224000
[2026-06-10 12:17:46.879] [info] HBM2-CH_0: BW utilization 0% (0 reads, 0 writes)
[2026-06-10 12:17:46.882] [info] Core [0] : MatMul active cycle 0 Vector active cycle 0 
[2026-06-10 12:17:46.882] [info] Core [0] : issued tile 0 
[2026-06-10 12:17:46.882] [info] Core [0] : Memory unit idle cycle 8000 Systolic bubble cycle 0 Core idle cycle 8000 
[2026-06-10 12:17:46.882] [info] Core [0] : Systolic Array Utilization(%) 0.00 (0.00% PE util), Vector Unit Utilization(%) 0.00, Total cycle: 1232000
[2026-06-10 12:17:46.941] [info] HBM2-CH_0: BW utilization 0% (0 reads, 0 writes)
[2026-06-10 12:17:46.946] [info] Core [0] : MatMul active cycle 0 Vector active cycle 0 
[2026-06-10 12:17:46.946] [info] Core [0] : issued tile 0 
[2026-06-10 12:17:46.946] [info] Core [0] : Memory unit idle cycle 8000 Systolic bubble cycle 0 Core idle cycle 8000 
[2026-06-10 12:17:46.946] [info] Core [0] : Systolic Array Utilization(%) 0.00 (0.00% PE util), Vector Unit Utilization(%) 0.00, Total cycle: 1240000
[2026-06-10 12:17:46.993] [info] HBM2-CH_0: BW utilization 0% (0 reads, 0 writes)
[2026-06-10 12:17:46.997] [info] Core [0] : MatMul active cycle 0 Vector active cycle 0 
[2026-06-10 12:17:46.997] [info] Core [0] : issued tile 0 
[2026-06-10 12:17:46.997] [info] Core [0] : Memory unit idle cycle 8000 Systolic bubble cycle 0 Core idle cycle 8000 
[2026-06-10 12:17:46.997] [info] Core [0] : Systolic Array Utilization(%) 0.00 (0.00% PE util), Vector Unit Utilization(%) 0.00, Total cycle: 1248000
[2026-06-10 12:17:47.044] [info] HBM2-CH_0: BW utilization 0% (0 reads, 0 writes)
[2026-06-10 12:17:47.048] [info] Core [0] : MatMul active cycle 0 Vector active cycle 0 
[2026-06-10 12:17:47.048] [info] Core [0] : issued tile 0 
[2026-06-10 12:17:47.048] [info] Core [0] : Memory unit idle cycle 8000 Systolic bubble cycle 0 Core idle cycle 8000 
[2026-06-10 12:17:47.048] [info] Core [0] : Systolic Array Utilization(%) 0.00 (0.00% PE util), Vector Unit Utilization(%) 0.00, Total cycle: 1256000
[2026-06-10 12:17:47.095] [info] HBM2-CH_0: BW utilization 0% (0 reads, 0 writes)
[2026-06-10 12:17:47.099] [info] Core [0] : MatMul active cycle 0 Vector active cycle 0 
[2026-06-10 12:17:47.099] [info] Core [0] : issued tile 0 
[2026-06-10 12:17:47.099] [info] Core [0] : Memory unit idle cycle 8000 Systolic bubble cycle 0 Core idle cycle 8000 
[2026-06-10 12:17:47.099] [info] Core [0] : Systolic Array Utilization(%) 0.00 (0.00% PE util), Vector Unit Utilization(%) 0.00, Total cycle: 1264000
[2026-06-10 12:17:47.147] [info] HBM2-CH_0: BW utilization 0% (0 reads, 0 writes)
[2026-06-10 12:17:47.150] [info] Core [0] : MatMul active cycle 0 Vector active cycle 0 
[2026-06-10 12:17:47.150] [info] Core [0] : issued tile 0 
[2026-06-10 12:17:47.150] [info] Core [0] : Memory unit idle cycle 8000 Systolic bubble cycle 0 Core idle cycle 8000 
[2026-06-10 12:17:47.150] [info] Core [0] : Systolic Array Utilization(%) 0.00 (0.00% PE util), Vector Unit Utilization(%) 0.00, Total cycle: 1272000
[2026-06-10 12:17:47.198] [info] HBM2-CH_0: BW utilization 0% (0 reads, 0 writes)
[2026-06-10 12:17:47.201] [info] Core [0] : MatMul active cycle 0 Vector active cycle 0 
[2026-06-10 12:17:47.201] [info] Core [0] : issued tile 0 
[2026-06-10 12:17:47.201] [info] Core [0] : Memory unit idle cycle 8000 Systolic bubble cycle 0 Core idle cycle 8000 
[2026-06-10 12:17:47.201] [info] Core [0] : Systolic Array Utilization(%) 0.00 (0.00% PE util), Vector Unit Utilization(%) 0.00, Total cycle: 1280000
[2026-06-10 12:17:47.249] [info] HBM2-CH_0: BW utilization 0% (0 reads, 0 writes)
[2026-06-10 12:17:47.252] [info] Core [0] : MatMul active cycle 0 Vector active cycle 0 
[2026-06-10 12:17:47.252] [info] Core [0] : issued tile 0 
[2026-06-10 12:17:47.252] [info] Core [0] : Memory unit idle cycle 8000 Systolic bubble cycle 0 Core idle cycle 8000 
[2026-06-10 12:17:47.252] [info] Core [0] : Systolic Array Utilization(%) 0.00 (0.00% PE util), Vector Unit Utilization(%) 0.00, Total cycle: 1288000
[2026-06-10 12:17:47.304] [info] HBM2-CH_0: BW utilization 0% (0 reads, 0 writes)
[2026-06-10 12:17:47.307] [info] Core [0] : MatMul active cycle 0 Vector active cycle 0 
[2026-06-10 12:17:47.307] [info] Core [0] : issued tile 0 
[2026-06-10 12:17:47.307] [info] Core [0] : Memory unit idle cycle 8000 Systolic bubble cycle 0 Core idle cycle 8000 
[2026-06-10 12:17:47.307] [info] Core [0] : Systolic Array Utilization(%) 0.00 (0.00% PE util), Vector Unit Utilization(%) 0.00, Total cycle: 1296000
[2026-06-10 12:17:47.355] [info] HBM2-CH_0: BW utilization 0% (0 reads, 0 writes)
[2026-06-10 12:17:47.358] [info] Core [0] : MatMul active cycle 0 Vector active cycle 0 
[2026-06-10 12:17:47.358] [info] Core [0] : issued tile 0 
[2026-06-10 12:17:47.358] [info] Core [0] : Memory unit idle cycle 8000 Systolic bubble cycle 0 Core idle cycle 8000 
[2026-06-10 12:17:47.358] [info] Core [0] : Systolic Array Utilization(%) 0.00 (0.00% PE util), Vector Unit Utilization(%) 0.00, Total cycle: 1304000
[2026-06-10 12:17:47.407] [info] HBM2-CH_0: BW utilization 0% (0 reads, 0 writes)
[2026-06-10 12:17:47.410] [info] Core [0] : MatMul active cycle 0 Vector active cycle 0 
[2026-06-10 12:17:47.410] [info] Core [0] : issued tile 0 
[2026-06-10 12:17:47.410] [info] Core [0] : Memory unit idle cycle 8000 Systolic bubble cycle 0 Core idle cycle 8000 
[2026-06-10 12:17:47.410] [info] Core [0] : Systolic Array Utilization(%) 0.00 (0.00% PE util), Vector Unit Utilization(%) 0.00, Total cycle: 1312000
[2026-06-10 12:17:47.458] [info] HBM2-CH_0: BW utilization 0% (0 reads, 0 writes)
[2026-06-10 12:17:47.462] [info] Core [0] : MatMul active cycle 0 Vector active cycle 0 
[2026-06-10 12:17:47.462] [info] Core [0] : issued tile 0 
[2026-06-10 12:17:47.462] [info] Core [0] : Memory unit idle cycle 8000 Systolic bubble cycle 0 Core idle cycle 8000 
[2026-06-10 12:17:47.462] [info] Core [0] : Systolic Array Utilization(%) 0.00 (0.00% PE util), Vector Unit Utilization(%) 0.00, Total cycle: 1320000
[2026-06-10 12:17:47.510] [info] HBM2-CH_0: BW utilization 0% (0 reads, 0 writes)
[2026-06-10 12:17:47.514] [info] Core [0] : MatMul active cycle 0 Vector active cycle 0 
[2026-06-10 12:17:47.514] [info] Core [0] : issued tile 0 
[2026-06-10 12:17:47.514] [info] Core [0] : Memory unit idle cycle 8000 Systolic bubble cycle 0 Core idle cycle 8000 
[2026-06-10 12:17:47.514] [info] Core [0] : Systolic Array Utilization(%) 0.00 (0.00% PE util), Vector Unit Utilization(%) 0.00, Total cycle: 1328000
[2026-06-10 12:17:47.562] [info] HBM2-CH_0: BW utilization 0% (0 reads, 0 writes)
[2026-06-10 12:17:47.565] [info] Core [0] : MatMul active cycle 0 Vector active cycle 0 
[2026-06-10 12:17:47.565] [info] Core [0] : issued tile 0 
[2026-06-10 12:17:47.565] [info] Core [0] : Memory unit idle cycle 8000 Systolic bubble cycle 0 Core idle cycle 8000 
[2026-06-10 12:17:47.565] [info] Core [0] : Systolic Array Utilization(%) 0.00 (0.00% PE util), Vector Unit Utilization(%) 0.00, Total cycle: 1336000
[2026-06-10 12:17:47.620] [info] HBM2-CH_0: BW utilization 0% (0 reads, 0 writes)
[2026-06-10 12:17:47.624] [info] Core [0] : MatMul active cycle 0 Vector active cycle 0 
[2026-06-10 12:17:47.624] [info] Core [0] : issued tile 0 
[2026-06-10 12:17:47.624] [info] Core [0] : Memory unit idle cycle 8000 Systolic bubble cycle 0 Core idle cycle 8000 
[2026-06-10 12:17:47.624] [info] Core [0] : Systolic Array Utilization(%) 0.00 (0.00% PE util), Vector Unit Utilization(%) 0.00, Total cycle: 1344000
[2026-06-10 12:17:47.675] [info] HBM2-CH_0: BW utilization 0% (0 reads, 0 writes)
[2026-06-10 12:17:47.679] [info] Core [0] : MatMul active cycle 0 Vector active cycle 0 
[2026-06-10 12:17:47.679] [info] Core [0] : issued tile 0 
[2026-06-10 12:17:47.679] [info] Core [0] : Memory unit idle cycle 8000 Systolic bubble cycle 0 Core idle cycle 8000 
[2026-06-10 12:17:47.679] [info] Core [0] : Systolic Array Utilization(%) 0.00 (0.00% PE util), Vector Unit Utilization(%) 0.00, Total cycle: 1352000
[2026-06-10 12:17:47.728] [info] HBM2-CH_0: BW utilization 0% (0 reads, 0 writes)
[2026-06-10 12:17:47.731] [info] Core [0] : MatMul active cycle 0 Vector active cycle 0 
[2026-06-10 12:17:47.731] [info] Core [0] : issued tile 0 
[2026-06-10 12:17:47.731] [info] Core [0] : Memory unit idle cycle 8000 Systolic bubble cycle 0 Core idle cycle 8000 
[2026-06-10 12:17:47.731] [info] Core [0] : Systolic Array Utilization(%) 0.00 (0.00% PE util), Vector Unit Utilization(%) 0.00, Total cycle: 1360000
[2026-06-10 12:17:47.778] [info] HBM2-CH_0: BW utilization 0% (0 reads, 0 writes)
[2026-06-10 12:17:47.782] [info] Core [0] : MatMul active cycle 0 Vector active cycle 0 
[2026-06-10 12:17:47.782] [info] Core [0] : issued tile 0 
[2026-06-10 12:17:47.782] [info] Core [0] : Memory unit idle cycle 8000 Systolic bubble cycle 0 Core idle cycle 8000 
[2026-06-10 12:17:47.782] [info] Core [0] : Systolic Array Utilization(%) 0.00 (0.00% PE util), Vector Unit Utilization(%) 0.00, Total cycle: 1368000
[2026-06-10 12:17:47.829] [info] HBM2-CH_0: BW utilization 0% (0 reads, 0 writes)
[2026-06-10 12:17:47.833] [info] Core [0] : MatMul active cycle 0 Vector active cycle 0 
[2026-06-10 12:17:47.833] [info] Core [0] : issued tile 0 
[2026-06-10 12:17:47.833] [info] Core [0] : Memory unit idle cycle 8000 Systolic bubble cycle 0 Core idle cycle 8000 
[2026-06-10 12:17:47.833] [info] Core [0] : Systolic Array Utilization(%) 0.00 (0.00% PE util), Vector Unit Utilization(%) 0.00, Total cycle: 1376000
[2026-06-10 12:17:47.880] [info] HBM2-CH_0: BW utilization 0% (0 reads, 0 writes)
[2026-06-10 12:17:47.883] [info] Core [0] : MatMul active cycle 0 Vector active cycle 0 
[2026-06-10 12:17:47.883] [info] Core [0] : issued tile 0 
[2026-06-10 12:17:47.883] [info] Core [0] : Memory unit idle cycle 8000 Systolic bubble cycle 0 Core idle cycle 8000 
[2026-06-10 12:17:47.883] [info] Core [0] : Systolic Array Utilization(%) 0.00 (0.00% PE util), Vector Unit Utilization(%) 0.00, Total cycle: 1384000
[2026-06-10 12:17:50.699] [info] HBM2-CH_0: BW utilization 34% (308 reads, 3024 writes)
[2026-06-10 12:17:50.702] [info] Core [0] : MatMul active cycle 0 Vector active cycle 0 
[2026-06-10 12:17:50.702] [info] Core [0] : issued tile 0 
[2026-06-10 12:17:50.702] [info] Core [0] : Memory unit idle cycle 8000 Systolic bubble cycle 0 Core idle cycle 8000 
[2026-06-10 12:17:50.702] [info] Core [0] : Systolic Array Utilization(%) 0.00 (0.00% PE util), Vector Unit Utilization(%) 0.00, Total cycle: 1392000
[2026-06-10 12:17:50.775] [info] HBM2-CH_0: BW utilization 0% (0 reads, 0 writes)
[2026-06-10 12:17:50.779] [info] Core [0] : MatMul active cycle 0 Vector active cycle 0 
[2026-06-10 12:17:50.779] [info] Core [0] : issued tile 0 
[2026-06-10 12:17:50.779] [info] Core [0] : Memory unit idle cycle 8000 Systolic bubble cycle 0 Core idle cycle 8000 
[2026-06-10 12:17:50.779] [info] Core [0] : Systolic Array Utilization(%) 0.00 (0.00% PE util), Vector Unit Utilization(%) 0.00, Total cycle: 1400000
[2026-06-10 12:17:50.857] [info] HBM2-CH_0: BW utilization 0% (0 reads, 0 writes)
[2026-06-10 12:17:50.863] [info] Core [0] : MatMul active cycle 0 Vector active cycle 0 
[2026-06-10 12:17:50.863] [info] Core [0] : issued tile 0 
[2026-06-10 12:17:50.863] [info] Core [0] : Memory unit idle cycle 8000 Systolic bubble cycle 0 Core idle cycle 8000 
[2026-06-10 12:17:50.863] [info] Core [0] : Systolic Array Utilization(%) 0.00 (0.00% PE util), Vector Unit Utilization(%) 0.00, Total cycle: 1408000
[2026-06-10 12:17:50.927] [info] HBM2-CH_0: BW utilization 0% (0 reads, 0 writes)
[2026-06-10 12:17:50.932] [info] Core [0] : MatMul active cycle 0 Vector active cycle 0 
[2026-06-10 12:17:50.932] [info] Core [0] : issued tile 0 
[2026-06-10 12:17:50.932] [info] Core [0] : Memory unit idle cycle 8000 Systolic bubble cycle 0 Core idle cycle 8000 
[2026-06-10 12:17:50.932] [info] Core [0] : Systolic Array Utilization(%) 0.00 (0.00% PE util), Vector Unit Utilization(%) 0.00, Total cycle: 1416000
[2026-06-10 12:17:51.017] [info] HBM2-CH_0: BW utilization 0% (0 reads, 0 writes)
[2026-06-10 12:17:51.026] [info] Core [0] : MatMul active cycle 0 Vector active cycle 0 
[2026-06-10 12:17:51.026] [info] Core [0] : issued tile 0 
[2026-06-10 12:17:51.026] [info] Core [0] : Memory unit idle cycle 8000 Systolic bubble cycle 0 Core idle cycle 8000 
[2026-06-10 12:17:51.026] [info] Core [0] : Systolic Array Utilization(%) 0.00 (0.00% PE util), Vector Unit Utilization(%) 0.00, Total cycle: 1424000
[2026-06-10 12:17:51.116] [info] HBM2-CH_0: BW utilization 0% (0 reads, 0 writes)
[2026-06-10 12:17:51.122] [info] Core [0] : MatMul active cycle 0 Vector active cycle 0 
[2026-06-10 12:17:51.122] [info] Core [0] : issued tile 0 
[2026-06-10 12:17:51.122] [info] Core [0] : Memory unit idle cycle 8000 Systolic bubble cycle 0 Core idle cycle 8000 
[2026-06-10 12:17:51.122] [info] Core [0] : Systolic Array Utilization(%) 0.00 (0.00% PE util), Vector Unit Utilization(%) 0.00, Total cycle: 1432000
[2026-06-10 12:17:51.181] [info] HBM2-CH_0: BW utilization 0% (0 reads, 0 writes)
[2026-06-10 12:17:51.186] [info] Core [0] : MatMul active cycle 0 Vector active cycle 0 
[2026-06-10 12:17:51.186] [info] Core [0] : issued tile 0 
[2026-06-10 12:17:51.186] [info] Core [0] : Memory unit idle cycle 8000 Systolic bubble cycle 0 Core idle cycle 8000 
[2026-06-10 12:17:51.186] [info] Core [0] : Systolic Array Utilization(%) 0.00 (0.00% PE util), Vector Unit Utilization(%) 0.00, Total cycle: 1440000
[2026-06-10 12:17:51.248] [info] HBM2-CH_0: BW utilization 0% (0 reads, 0 writes)
[2026-06-10 12:17:51.252] [info] Core [0] : MatMul active cycle 0 Vector active cycle 0 
[2026-06-10 12:17:51.252] [info] Core [0] : issued tile 0 
[2026-06-10 12:17:51.252] [info] Core [0] : Memory unit idle cycle 8000 Systolic bubble cycle 0 Core idle cycle 8000 
[2026-06-10 12:17:51.252] [info] Core [0] : Systolic Array Utilization(%) 0.00 (0.00% PE util), Vector Unit Utilization(%) 0.00, Total cycle: 1448000
[2026-06-10 12:17:51.311] [info] HBM2-CH_0: BW utilization 0% (0 reads, 0 writes)
[2026-06-10 12:17:51.316] [info] Core [0] : MatMul active cycle 0 Vector active cycle 0 
[2026-06-10 12:17:51.316] [info] Core [0] : issued tile 0 
[2026-06-10 12:17:51.316] [info] Core [0] : Memory unit idle cycle 8000 Systolic bubble cycle 0 Core idle cycle 8000 
[2026-06-10 12:17:51.316] [info] Core [0] : Systolic Array Utilization(%) 0.00 (0.00% PE util), Vector Unit Utilization(%) 0.00, Total cycle: 1456000
[2026-06-10 12:17:51.371] [info] HBM2-CH_0: BW utilization 0% (0 reads, 0 writes)
[2026-06-10 12:17:51.375] [info] Core [0] : MatMul active cycle 0 Vector active cycle 0 
[2026-06-10 12:17:51.375] [info] Core [0] : issued tile 0 
[2026-06-10 12:17:51.375] [info] Core [0] : Memory unit idle cycle 8000 Systolic bubble cycle 0 Core idle cycle 8000 
[2026-06-10 12:17:51.375] [info] Core [0] : Systolic Array Utilization(%) 0.00 (0.00% PE util), Vector Unit Utilization(%) 0.00, Total cycle: 1464000
[2026-06-10 12:17:51.422] [info] HBM2-CH_0: BW utilization 0% (0 reads, 0 writes)
[2026-06-10 12:17:51.426] [info] Core [0] : MatMul active cycle 0 Vector active cycle 0 
[2026-06-10 12:17:51.426] [info] Core [0] : issued tile 0 
[2026-06-10 12:17:51.426] [info] Core [0] : Memory unit idle cycle 8000 Systolic bubble cycle 0 Core idle cycle 8000 
[2026-06-10 12:17:51.426] [info] Core [0] : Systolic Array Utilization(%) 0.00 (0.00% PE util), Vector Unit Utilization(%) 0.00, Total cycle: 1472000
[2026-06-10 12:17:51.474] [info] HBM2-CH_0: BW utilization 0% (0 reads, 0 writes)
[2026-06-10 12:17:51.478] [info] Core [0] : MatMul active cycle 0 Vector active cycle 0 
[2026-06-10 12:17:51.478] [info] Core [0] : issued tile 0 
[2026-06-10 12:17:51.478] [info] Core [0] : Memory unit idle cycle 8000 Systolic bubble cycle 0 Core idle cycle 8000 
[2026-06-10 12:17:51.478] [info] Core [0] : Systolic Array Utilization(%) 0.00 (0.00% PE util), Vector Unit Utilization(%) 0.00, Total cycle: 1480000
[2026-06-10 12:17:51.525] [info] HBM2-CH_0: BW utilization 0% (0 reads, 0 writes)
[2026-06-10 12:17:51.529] [info] Core [0] : MatMul active cycle 0 Vector active cycle 0 
[2026-06-10 12:17:51.529] [info] Core [0] : issued tile 0 
[2026-06-10 12:17:51.529] [info] Core [0] : Memory unit idle cycle 8000 Systolic bubble cycle 0 Core idle cycle 8000 
[2026-06-10 12:17:51.529] [info] Core [0] : Systolic Array Utilization(%) 0.00 (0.00% PE util), Vector Unit Utilization(%) 0.00, Total cycle: 1488000
[2026-06-10 12:17:51.588] [info] HBM2-CH_0: BW utilization 0% (0 reads, 0 writes)
[2026-06-10 12:17:51.592] [info] Core [0] : MatMul active cycle 0 Vector active cycle 0 
[2026-06-10 12:17:51.592] [info] Core [0] : issued tile 0 
[2026-06-10 12:17:51.592] [info] Core [0] : Memory unit idle cycle 8000 Systolic bubble cycle 0 Core idle cycle 8000 
[2026-06-10 12:17:51.592] [info] Core [0] : Systolic Array Utilization(%) 0.00 (0.00% PE util), Vector Unit Utilization(%) 0.00, Total cycle: 1496000
[2026-06-10 12:17:51.643] [info] HBM2-CH_0: BW utilization 0% (0 reads, 0 writes)
[2026-06-10 12:17:51.647] [info] Core [0] : MatMul active cycle 0 Vector active cycle 0 
[2026-06-10 12:17:51.647] [info] Core [0] : issued tile 0 
[2026-06-10 12:17:51.647] [info] Core [0] : Memory unit idle cycle 8000 Systolic bubble cycle 0 Core idle cycle 8000 
[2026-06-10 12:17:51.647] [info] Core [0] : Systolic Array Utilization(%) 0.00 (0.00% PE util), Vector Unit Utilization(%) 0.00, Total cycle: 1504000
[2026-06-10 12:17:51.714] [info] HBM2-CH_0: BW utilization 0% (0 reads, 0 writes)
[2026-06-10 12:17:51.718] [info] Core [0] : MatMul active cycle 0 Vector active cycle 0 
[2026-06-10 12:17:51.718] [info] Core [0] : issued tile 0 
[2026-06-10 12:17:51.718] [info] Core [0] : Memory unit idle cycle 8000 Systolic bubble cycle 0 Core idle cycle 8000 
[2026-06-10 12:17:51.718] [info] Core [0] : Systolic Array Utilization(%) 0.00 (0.00% PE util), Vector Unit Utilization(%) 0.00, Total cycle: 1512000
[2026-06-10 12:17:51.765] [info] HBM2-CH_0: BW utilization 0% (0 reads, 0 writes)
[2026-06-10 12:17:51.769] [info] Core [0] : MatMul active cycle 0 Vector active cycle 0 
[2026-06-10 12:17:51.769] [info] Core [0] : issued tile 0 
[2026-06-10 12:17:51.769] [info] Core [0] : Memory unit idle cycle 8000 Systolic bubble cycle 0 Core idle cycle 8000 
[2026-06-10 12:17:51.769] [info] Core [0] : Systolic Array Utilization(%) 0.00 (0.00% PE util), Vector Unit Utilization(%) 0.00, Total cycle: 1520000
[2026-06-10 12:17:51.817] [info] HBM2-CH_0: BW utilization 0% (0 reads, 0 writes)
[2026-06-10 12:17:51.821] [info] Core [0] : MatMul active cycle 0 Vector active cycle 0 
[2026-06-10 12:17:51.821] [info] Core [0] : issued tile 0 
[2026-06-10 12:17:51.821] [info] Core [0] : Memory unit idle cycle 8000 Systolic bubble cycle 0 Core idle cycle 8000 
[2026-06-10 12:17:51.821] [info] Core [0] : Systolic Array Utilization(%) 0.00 (0.00% PE util), Vector Unit Utilization(%) 0.00, Total cycle: 1528000
[2026-06-10 12:17:51.870] [info] HBM2-CH_0: BW utilization 0% (0 reads, 0 writes)
[2026-06-10 12:17:51.874] [info] Core [0] : MatMul active cycle 0 Vector active cycle 0 
[2026-06-10 12:17:51.874] [info] Core [0] : issued tile 0 
[2026-06-10 12:17:51.874] [info] Core [0] : Memory unit idle cycle 8000 Systolic bubble cycle 0 Core idle cycle 8000 
[2026-06-10 12:17:51.874] [info] Core [0] : Systolic Array Utilization(%) 0.00 (0.00% PE util), Vector Unit Utilization(%) 0.00, Total cycle: 1536000
[2026-06-10 12:17:51.921] [info] HBM2-CH_0: BW utilization 0% (0 reads, 0 writes)
[2026-06-10 12:17:51.925] [info] Core [0] : MatMul active cycle 0 Vector active cycle 0 
[2026-06-10 12:17:51.925] [info] Core [0] : issued tile 0 
[2026-06-10 12:17:51.925] [info] Core [0] : Memory unit idle cycle 8000 Systolic bubble cycle 0 Core idle cycle 8000 
[2026-06-10 12:17:51.925] [info] Core [0] : Systolic Array Utilization(%) 0.00 (0.00% PE util), Vector Unit Utilization(%) 0.00, Total cycle: 1544000
[2026-06-10 12:17:51.991] [info] HBM2-CH_0: BW utilization 0% (0 reads, 0 writes)
[2026-06-10 12:17:51.998] [info] Core [0] : MatMul active cycle 0 Vector active cycle 0 
[2026-06-10 12:17:51.998] [info] Core [0] : issued tile 0 
[2026-06-10 12:17:51.998] [info] Core [0] : Memory unit idle cycle 8000 Systolic bubble cycle 0 Core idle cycle 8000 
[2026-06-10 12:17:51.998] [info] Core [0] : Systolic Array Utilization(%) 0.00 (0.00% PE util), Vector Unit Utilization(%) 0.00, Total cycle: 1552000
[2026-06-10 12:17:52.078] [info] HBM2-CH_0: BW utilization 0% (0 reads, 0 writes)
[2026-06-10 12:17:52.084] [info] Core [0] : MatMul active cycle 0 Vector active cycle 0 
[2026-06-10 12:17:52.084] [info] Core [0] : issued tile 0 
[2026-06-10 12:17:52.084] [info] Core [0] : Memory unit idle cycle 8000 Systolic bubble cycle 0 Core idle cycle 8000 
[2026-06-10 12:17:52.084] [info] Core [0] : Systolic Array Utilization(%) 0.00 (0.00% PE util), Vector Unit Utilization(%) 0.00, Total cycle: 1560000
[2026-06-10 12:17:52.154] [info] HBM2-CH_0: BW utilization 0% (0 reads, 0 writes)
[2026-06-10 12:17:52.159] [info] Core [0] : MatMul active cycle 0 Vector active cycle 0 
[2026-06-10 12:17:52.159] [info] Core [0] : issued tile 0 
[2026-06-10 12:17:52.159] [info] Core [0] : Memory unit idle cycle 8000 Systolic bubble cycle 0 Core idle cycle 8000 
[2026-06-10 12:17:52.159] [info] Core [0] : Systolic Array Utilization(%) 0.00 (0.00% PE util), Vector Unit Utilization(%) 0.00, Total cycle: 1568000
[2026-06-10 12:17:52.206] [info] HBM2-CH_0: BW utilization 0% (0 reads, 0 writes)
[2026-06-10 12:17:52.210] [info] Core [0] : MatMul active cycle 0 Vector active cycle 0 
[2026-06-10 12:17:52.210] [info] Core [0] : issued tile 0 
[2026-06-10 12:17:52.210] [info] Core [0] : Memory unit idle cycle 8000 Systolic bubble cycle 0 Core idle cycle 8000 
[2026-06-10 12:17:52.210] [info] Core [0] : Systolic Array Utilization(%) 0.00 (0.00% PE util), Vector Unit Utilization(%) 0.00, Total cycle: 1576000
[2026-06-10 12:17:53.239] [info] HBM2-CH_0: BW utilization 14% (0 reads, 1429 writes)
[2026-06-10 12:17:53.459] [info] Core [0] : MatMul active cycle 0 Vector active cycle 0 
[2026-06-10 12:17:53.459] [info] Core [0] : issued tile 0 
[2026-06-10 12:17:53.459] [info] Core [0] : Memory unit idle cycle 8000 Systolic bubble cycle 0 Core idle cycle 8000 
[2026-06-10 12:17:53.459] [info] Core [0] : Systolic Array Utilization(%) 0.00 (0.00% PE util), Vector Unit Utilization(%) 0.00, Total cycle: 1584000
[2026-06-10 12:17:54.007] [info] HBM2-CH_0: BW utilization 19% (321 reads, 1595 writes)
[2026-06-10 12:17:54.012] [info] Core [0] : MatMul active cycle 0 Vector active cycle 0 
[2026-06-10 12:17:54.012] [info] Core [0] : issued tile 0 
[2026-06-10 12:17:54.012] [info] Core [0] : Memory unit idle cycle 8000 Systolic bubble cycle 0 Core idle cycle 8000 
[2026-06-10 12:17:54.012] [info] Core [0] : Systolic Array Utilization(%) 0.00 (0.00% PE util), Vector Unit Utilization(%) 0.00, Total cycle: 1592000
[2026-06-10 12:17:54.059] [info] HBM2-CH_0: BW utilization 0% (0 reads, 0 writes)
[2026-06-10 12:17:54.063] [info] Core [0] : MatMul active cycle 0 Vector active cycle 0 
[2026-06-10 12:17:54.063] [info] Core [0] : issued tile 0 
[2026-06-10 12:17:54.063] [info] Core [0] : Memory unit idle cycle 8000 Systolic bubble cycle 0 Core idle cycle 8000 
[2026-06-10 12:17:54.063] [info] Core [0] : Systolic Array Utilization(%) 0.00 (0.00% PE util), Vector Unit Utilization(%) 0.00, Total cycle: 1600000
[2026-06-10 12:17:54.112] [info] HBM2-CH_0: BW utilization 0% (0 reads, 0 writes)
[2026-06-10 12:17:54.116] [info] Core [0] : MatMul active cycle 0 Vector active cycle 0 
[2026-06-10 12:17:54.116] [info] Core [0] : issued tile 0 
[2026-06-10 12:17:54.116] [info] Core [0] : Memory unit idle cycle 8000 Systolic bubble cycle 0 Core idle cycle 8000 
[2026-06-10 12:17:54.116] [info] Core [0] : Systolic Array Utilization(%) 0.00 (0.00% PE util), Vector Unit Utilization(%) 0.00, Total cycle: 1608000
[2026-06-10 12:17:54.163] [info] HBM2-CH_0: BW utilization 0% (0 reads, 0 writes)
[2026-06-10 12:17:54.167] [info] Core [0] : MatMul active cycle 0 Vector active cycle 0 
[2026-06-10 12:17:54.167] [info] Core [0] : issued tile 0 
[2026-06-10 12:17:54.167] [info] Core [0] : Memory unit idle cycle 8000 Systolic bubble cycle 0 Core idle cycle 8000 
[2026-06-10 12:17:54.167] [info] Core [0] : Systolic Array Utilization(%) 0.00 (0.00% PE util), Vector Unit Utilization(%) 0.00, Total cycle: 1616000
[2026-06-10 12:17:54.214] [info] HBM2-CH_0: BW utilization 0% (0 reads, 0 writes)
[2026-06-10 12:17:54.218] [info] Core [0] : MatMul active cycle 0 Vector active cycle 0 
[2026-06-10 12:17:54.218] [info] Core [0] : issued tile 0 
[2026-06-10 12:17:54.218] [info] Core [0] : Memory unit idle cycle 8000 Systolic bubble cycle 0 Core idle cycle 8000 
[2026-06-10 12:17:54.218] [info] Core [0] : Systolic Array Utilization(%) 0.00 (0.00% PE util), Vector Unit Utilization(%) 0.00, Total cycle: 1624000
[2026-06-10 12:17:54.269] [info] HBM2-CH_0: BW utilization 0% (0 reads, 0 writes)
[2026-06-10 12:17:54.278] [info] Core [0] : MatMul active cycle 0 Vector active cycle 0 
[2026-06-10 12:17:54.278] [info] Core [0] : issued tile 0 
[2026-06-10 12:17:54.278] [info] Core [0] : Memory unit idle cycle 8000 Systolic bubble cycle 0 Core idle cycle 8000 
[2026-06-10 12:17:54.278] [info] Core [0] : Systolic Array Utilization(%) 0.00 (0.00% PE util), Vector Unit Utilization(%) 0.00, Total cycle: 1632000
[2026-06-10 12:17:54.326] [info] HBM2-CH_0: BW utilization 0% (0 reads, 0 writes)
[2026-06-10 12:17:54.330] [info] Core [0] : MatMul active cycle 0 Vector active cycle 0 
[2026-06-10 12:17:54.330] [info] Core [0] : issued tile 0 
[2026-06-10 12:17:54.330] [info] Core [0] : Memory unit idle cycle 8000 Systolic bubble cycle 0 Core idle cycle 8000 
[2026-06-10 12:17:54.330] [info] Core [0] : Systolic Array Utilization(%) 0.00 (0.00% PE util), Vector Unit Utilization(%) 0.00, Total cycle: 1640000
[2026-06-10 12:17:54.380] [info] HBM2-CH_0: BW utilization 0% (0 reads, 0 writes)
[2026-06-10 12:17:54.384] [info] Core [0] : MatMul active cycle 0 Vector active cycle 0 
[2026-06-10 12:17:54.384] [info] Core [0] : issued tile 0 
[2026-06-10 12:17:54.384] [info] Core [0] : Memory unit idle cycle 8000 Systolic bubble cycle 0 Core idle cycle 8000 
[2026-06-10 12:17:54.384] [info] Core [0] : Systolic Array Utilization(%) 0.00 (0.00% PE util), Vector Unit Utilization(%) 0.00, Total cycle: 1648000
[2026-06-10 12:17:54.431] [info] HBM2-CH_0: BW utilization 0% (0 reads, 0 writes)
[2026-06-10 12:17:54.435] [info] Core [0] : MatMul active cycle 0 Vector active cycle 0 
[2026-06-10 12:17:54.435] [info] Core [0] : issued tile 0 
[2026-06-10 12:17:54.435] [info] Core [0] : Memory unit idle cycle 8000 Systolic bubble cycle 0 Core idle cycle 8000 
[2026-06-10 12:17:54.436] [info] Core [0] : Systolic Array Utilization(%) 0.00 (0.00% PE util), Vector Unit Utilization(%) 0.00, Total cycle: 1656000
[2026-06-10 12:17:54.494] [info] HBM2-CH_0: BW utilization 0% (0 reads, 0 writes)
[2026-06-10 12:17:54.498] [info] Core [0] : MatMul active cycle 0 Vector active cycle 0 
[2026-06-10 12:17:54.498] [info] Core [0] : issued tile 0 
[2026-06-10 12:17:54.498] [info] Core [0] : Memory unit idle cycle 8000 Systolic bubble cycle 0 Core idle cycle 8000 
[2026-06-10 12:17:54.498] [info] Core [0] : Systolic Array Utilization(%) 0.00 (0.00% PE util), Vector Unit Utilization(%) 0.00, Total cycle: 1664000
[2026-06-10 12:17:54.547] [info] HBM2-CH_0: BW utilization 0% (0 reads, 0 writes)
[2026-06-10 12:17:54.554] [info] Core [0] : MatMul active cycle 0 Vector active cycle 0 
[2026-06-10 12:17:54.554] [info] Core [0] : issued tile 0 
[2026-06-10 12:17:54.554] [info] Core [0] : Memory unit idle cycle 8000 Systolic bubble cycle 0 Core idle cycle 8000 
[2026-06-10 12:17:54.554] [info] Core [0] : Systolic Array Utilization(%) 0.00 (0.00% PE util), Vector Unit Utilization(%) 0.00, Total cycle: 1672000
[2026-06-10 12:17:54.619] [info] HBM2-CH_0: BW utilization 0% (0 reads, 0 writes)
[2026-06-10 12:17:54.624] [info] Core [0] : MatMul active cycle 0 Vector active cycle 0 
[2026-06-10 12:17:54.624] [info] Core [0] : issued tile 0 
[2026-06-10 12:17:54.624] [info] Core [0] : Memory unit idle cycle 8000 Systolic bubble cycle 0 Core idle cycle 8000 
[2026-06-10 12:17:54.624] [info] Core [0] : Systolic Array Utilization(%) 0.00 (0.00% PE util), Vector Unit Utilization(%) 0.00, Total cycle: 1680000
[2026-06-10 12:17:54.672] [info] HBM2-CH_0: BW utilization 0% (0 reads, 0 writes)
[2026-06-10 12:17:54.676] [info] Core [0] : MatMul active cycle 0 Vector active cycle 0 
[2026-06-10 12:17:54.676] [info] Core [0] : issued tile 0 
[2026-06-10 12:17:54.676] [info] Core [0] : Memory unit idle cycle 8000 Systolic bubble cycle 0 Core idle cycle 8000 
[2026-06-10 12:17:54.676] [info] Core [0] : Systolic Array Utilization(%) 0.00 (0.00% PE util), Vector Unit Utilization(%) 0.00, Total cycle: 1688000
[2026-06-10 12:17:54.723] [info] HBM2-CH_0: BW utilization 0% (0 reads, 0 writes)
[2026-06-10 12:17:54.728] [info] Core [0] : MatMul active cycle 0 Vector active cycle 0 
[2026-06-10 12:17:54.728] [info] Core [0] : issued tile 0 
[2026-06-10 12:17:54.728] [info] Core [0] : Memory unit idle cycle 8000 Systolic bubble cycle 0 Core idle cycle 8000 
[2026-06-10 12:17:54.728] [info] Core [0] : Systolic Array Utilization(%) 0.00 (0.00% PE util), Vector Unit Utilization(%) 0.00, Total cycle: 1696000
[2026-06-10 12:17:54.775] [info] HBM2-CH_0: BW utilization 0% (0 reads, 0 writes)
[2026-06-10 12:17:54.780] [info] Core [0] : MatMul active cycle 0 Vector active cycle 0 
[2026-06-10 12:17:54.780] [info] Core [0] : issued tile 0 
[2026-06-10 12:17:54.780] [info] Core [0] : Memory unit idle cycle 8000 Systolic bubble cycle 0 Core idle cycle 8000 
[2026-06-10 12:17:54.780] [info] Core [0] : Systolic Array Utilization(%) 0.00 (0.00% PE util), Vector Unit Utilization(%) 0.00, Total cycle: 1704000
[2026-06-10 12:17:54.827] [info] HBM2-CH_0: BW utilization 0% (0 reads, 0 writes)
[2026-06-10 12:17:54.831] [info] Core [0] : MatMul active cycle 0 Vector active cycle 0 
[2026-06-10 12:17:54.831] [info] Core [0] : issued tile 0 
[2026-06-10 12:17:54.832] [info] Core [0] : Memory unit idle cycle 8000 Systolic bubble cycle 0 Core idle cycle 8000 
[2026-06-10 12:17:54.832] [info] Core [0] : Systolic Array Utilization(%) 0.00 (0.00% PE util), Vector Unit Utilization(%) 0.00, Total cycle: 1712000
[2026-06-10 12:17:54.880] [info] HBM2-CH_0: BW utilization 0% (0 reads, 0 writes)
[2026-06-10 12:17:54.885] [info] Core [0] : MatMul active cycle 0 Vector active cycle 0 
[2026-06-10 12:17:54.885] [info] Core [0] : issued tile 0 
[2026-06-10 12:17:54.885] [info] Core [0] : Memory unit idle cycle 8000 Systolic bubble cycle 0 Core idle cycle 8000 
[2026-06-10 12:17:54.885] [info] Core [0] : Systolic Array Utilization(%) 0.00 (0.00% PE util), Vector Unit Utilization(%) 0.00, Total cycle: 1720000
[2026-06-10 12:17:54.932] [info] HBM2-CH_0: BW utilization 0% (0 reads, 0 writes)
[2026-06-10 12:17:54.937] [info] Core [0] : MatMul active cycle 0 Vector active cycle 0 
[2026-06-10 12:17:54.937] [info] Core [0] : issued tile 0 
[2026-06-10 12:17:54.937] [info] Core [0] : Memory unit idle cycle 8000 Systolic bubble cycle 0 Core idle cycle 8000 
[2026-06-10 12:17:54.937] [info] Core [0] : Systolic Array Utilization(%) 0.00 (0.00% PE util), Vector Unit Utilization(%) 0.00, Total cycle: 1728000
[2026-06-10 12:17:54.983] [info] HBM2-CH_0: BW utilization 0% (0 reads, 0 writes)
[2026-06-10 12:17:54.988] [info] Core [0] : MatMul active cycle 0 Vector active cycle 0 
[2026-06-10 12:17:54.988] [info] Core [0] : issued tile 0 
[2026-06-10 12:17:54.988] [info] Core [0] : Memory unit idle cycle 8000 Systolic bubble cycle 0 Core idle cycle 8000 
[2026-06-10 12:17:54.988] [info] Core [0] : Systolic Array Utilization(%) 0.00 (0.00% PE util), Vector Unit Utilization(%) 0.00, Total cycle: 1736000
[2026-06-10 12:17:55.036] [info] HBM2-CH_0: BW utilization 0% (0 reads, 0 writes)
[2026-06-10 12:17:55.040] [info] Core [0] : MatMul active cycle 0 Vector active cycle 0 
[2026-06-10 12:17:55.040] [info] Core [0] : issued tile 0 
[2026-06-10 12:17:55.040] [info] Core [0] : Memory unit idle cycle 8000 Systolic bubble cycle 0 Core idle cycle 8000 
[2026-06-10 12:17:55.040] [info] Core [0] : Systolic Array Utilization(%) 0.00 (0.00% PE util), Vector Unit Utilization(%) 0.00, Total cycle: 1744000
[2026-06-10 12:17:55.089] [info] HBM2-CH_0: BW utilization 0% (0 reads, 0 writes)
[2026-06-10 12:17:55.093] [info] Core [0] : MatMul active cycle 0 Vector active cycle 0 
[2026-06-10 12:17:55.093] [info] Core [0] : issued tile 0 
[2026-06-10 12:17:55.093] [info] Core [0] : Memory unit idle cycle 8000 Systolic bubble cycle 0 Core idle cycle 8000 
[2026-06-10 12:17:55.093] [info] Core [0] : Systolic Array Utilization(%) 0.00 (0.00% PE util), Vector Unit Utilization(%) 0.00, Total cycle: 1752000
[2026-06-10 12:17:55.141] [info] HBM2-CH_0: BW utilization 0% (0 reads, 0 writes)
[2026-06-10 12:17:55.146] [info] Core [0] : MatMul active cycle 0 Vector active cycle 0 
[2026-06-10 12:17:55.146] [info] Core [0] : issued tile 0 
[2026-06-10 12:17:55.146] [info] Core [0] : Memory unit idle cycle 8000 Systolic bubble cycle 0 Core idle cycle 8000 
[2026-06-10 12:17:55.146] [info] Core [0] : Systolic Array Utilization(%) 0.00 (0.00% PE util), Vector Unit Utilization(%) 0.00, Total cycle: 1760000
[2026-06-10 12:17:55.195] [info] HBM2-CH_0: BW utilization 0% (0 reads, 0 writes)
[2026-06-10 12:17:55.200] [info] Core [0] : MatMul active cycle 0 Vector active cycle 0 
[2026-06-10 12:17:55.200] [info] Core [0] : issued tile 0 
[2026-06-10 12:17:55.200] [info] Core [0] : Memory unit idle cycle 8000 Systolic bubble cycle 0 Core idle cycle 8000 
[2026-06-10 12:17:55.200] [info] Core [0] : Systolic Array Utilization(%) 0.00 (0.00% PE util), Vector Unit Utilization(%) 0.00, Total cycle: 1768000
[2026-06-10 12:17:55.246] [info] HBM2-CH_0: BW utilization 0% (0 reads, 0 writes)
[2026-06-10 12:17:55.251] [info] Core [0] : MatMul active cycle 0 Vector active cycle 0 
[2026-06-10 12:17:55.251] [info] Core [0] : issued tile 0 
[2026-06-10 12:17:55.251] [info] Core [0] : Memory unit idle cycle 8000 Systolic bubble cycle 0 Core idle cycle 8000 
[2026-06-10 12:17:55.251] [info] Core [0] : Systolic Array Utilization(%) 0.00 (0.00% PE util), Vector Unit Utilization(%) 0.00, Total cycle: 1776000
[2026-06-10 12:17:56.724] [info] HBM2-CH_0: BW utilization 32% (221 reads, 2874 writes)
[2026-06-10 12:17:56.777] [info] Core [0] : MatMul active cycle 0 Vector active cycle 0 
[2026-06-10 12:17:56.777] [info] Core [0] : issued tile 0 
[2026-06-10 12:17:56.777] [info] Core [0] : Memory unit idle cycle 8000 Systolic bubble cycle 0 Core idle cycle 8000 
[2026-06-10 12:17:56.777] [info] Core [0] : Systolic Array Utilization(%) 0.00 (0.00% PE util), Vector Unit Utilization(%) 0.00, Total cycle: 1784000
[2026-06-10 12:17:56.826] [info] HBM2-CH_0: BW utilization 2% (94 reads, 150 writes)
[2026-06-10 12:17:56.831] [info] Core [0] : MatMul active cycle 0 Vector active cycle 0 
[2026-06-10 12:17:56.831] [info] Core [0] : issued tile 0 
[2026-06-10 12:17:56.831] [info] Core [0] : Memory unit idle cycle 8000 Systolic bubble cycle 0 Core idle cycle 8000 
[2026-06-10 12:17:56.831] [info] Core [0] : Systolic Array Utilization(%) 0.00 (0.00% PE util), Vector Unit Utilization(%) 0.00, Total cycle: 1792000
[2026-06-10 12:17:56.883] [info] HBM2-CH_0: BW utilization 0% (0 reads, 0 writes)
[2026-06-10 12:17:56.888] [info] Core [0] : MatMul active cycle 0 Vector active cycle 0 
[2026-06-10 12:17:56.888] [info] Core [0] : issued tile 0 
[2026-06-10 12:17:56.888] [info] Core [0] : Memory unit idle cycle 8000 Systolic bubble cycle 0 Core idle cycle 8000 
[2026-06-10 12:17:56.888] [info] Core [0] : Systolic Array Utilization(%) 0.00 (0.00% PE util), Vector Unit Utilization(%) 0.00, Total cycle: 1800000
[2026-06-10 12:17:56.939] [info] HBM2-CH_0: BW utilization 0% (0 reads, 0 writes)
[2026-06-10 12:17:56.943] [info] Core [0] : MatMul active cycle 0 Vector active cycle 0 
[2026-06-10 12:17:56.943] [info] Core [0] : issued tile 0 
[2026-06-10 12:17:56.943] [info] Core [0] : Memory unit idle cycle 8000 Systolic bubble cycle 0 Core idle cycle 8000 
[2026-06-10 12:17:56.943] [info] Core [0] : Systolic Array Utilization(%) 0.00 (0.00% PE util), Vector Unit Utilization(%) 0.00, Total cycle: 1808000
[2026-06-10 12:17:56.991] [info] HBM2-CH_0: BW utilization 0% (0 reads, 0 writes)
[2026-06-10 12:17:56.995] [info] Core [0] : MatMul active cycle 0 Vector active cycle 0 
[2026-06-10 12:17:56.995] [info] Core [0] : issued tile 0 
[2026-06-10 12:17:56.995] [info] Core [0] : Memory unit idle cycle 8000 Systolic bubble cycle 0 Core idle cycle 8000 
[2026-06-10 12:17:56.995] [info] Core [0] : Systolic Array Utilization(%) 0.00 (0.00% PE util), Vector Unit Utilization(%) 0.00, Total cycle: 1816000
[2026-06-10 12:17:57.043] [info] HBM2-CH_0: BW utilization 0% (0 reads, 0 writes)
[2026-06-10 12:17:57.047] [info] Core [0] : MatMul active cycle 0 Vector active cycle 0 
[2026-06-10 12:17:57.047] [info] Core [0] : issued tile 0 
[2026-06-10 12:17:57.047] [info] Core [0] : Memory unit idle cycle 8000 Systolic bubble cycle 0 Core idle cycle 8000 
[2026-06-10 12:17:57.047] [info] Core [0] : Systolic Array Utilization(%) 0.00 (0.00% PE util), Vector Unit Utilization(%) 0.00, Total cycle: 1824000
[2026-06-10 12:17:57.097] [info] HBM2-CH_0: BW utilization 0% (0 reads, 0 writes)
[2026-06-10 12:17:57.102] [info] Core [0] : MatMul active cycle 0 Vector active cycle 0 
[2026-06-10 12:17:57.102] [info] Core [0] : issued tile 0 
[2026-06-10 12:17:57.102] [info] Core [0] : Memory unit idle cycle 8000 Systolic bubble cycle 0 Core idle cycle 8000 
[2026-06-10 12:17:57.102] [info] Core [0] : Systolic Array Utilization(%) 0.00 (0.00% PE util), Vector Unit Utilization(%) 0.00, Total cycle: 1832000
[2026-06-10 12:17:57.149] [info] HBM2-CH_0: BW utilization 0% (0 reads, 0 writes)
[2026-06-10 12:17:57.154] [info] Core [0] : MatMul active cycle 0 Vector active cycle 0 
[2026-06-10 12:17:57.154] [info] Core [0] : issued tile 0 
[2026-06-10 12:17:57.154] [info] Core [0] : Memory unit idle cycle 8000 Systolic bubble cycle 0 Core idle cycle 8000 
[2026-06-10 12:17:57.154] [info] Core [0] : Systolic Array Utilization(%) 0.00 (0.00% PE util), Vector Unit Utilization(%) 0.00, Total cycle: 1840000
[2026-06-10 12:17:57.203] [info] HBM2-CH_0: BW utilization 0% (0 reads, 0 writes)
[2026-06-10 12:17:57.207] [info] Core [0] : MatMul active cycle 0 Vector active cycle 0 
[2026-06-10 12:17:57.207] [info] Core [0] : issued tile 0 
[2026-06-10 12:17:57.207] [info] Core [0] : Memory unit idle cycle 8000 Systolic bubble cycle 0 Core idle cycle 8000 
[2026-06-10 12:17:57.207] [info] Core [0] : Systolic Array Utilization(%) 0.00 (0.00% PE util), Vector Unit Utilization(%) 0.00, Total cycle: 1848000
[2026-06-10 12:17:57.254] [info] HBM2-CH_0: BW utilization 0% (0 reads, 0 writes)
[2026-06-10 12:17:57.259] [info] Core [0] : MatMul active cycle 0 Vector active cycle 0 
[2026-06-10 12:17:57.259] [info] Core [0] : issued tile 0 
[2026-06-10 12:17:57.259] [info] Core [0] : Memory unit idle cycle 8000 Systolic bubble cycle 0 Core idle cycle 8000 
[2026-06-10 12:17:57.259] [info] Core [0] : Systolic Array Utilization(%) 0.00 (0.00% PE util), Vector Unit Utilization(%) 0.00, Total cycle: 1856000
[2026-06-10 12:17:57.306] [info] HBM2-CH_0: BW utilization 0% (0 reads, 0 writes)
[2026-06-10 12:17:57.311] [info] Core [0] : MatMul active cycle 0 Vector active cycle 0 
[2026-06-10 12:17:57.311] [info] Core [0] : issued tile 0 
[2026-06-10 12:17:57.311] [info] Core [0] : Memory unit idle cycle 8000 Systolic bubble cycle 0 Core idle cycle 8000 
[2026-06-10 12:17:57.311] [info] Core [0] : Systolic Array Utilization(%) 0.00 (0.00% PE util), Vector Unit Utilization(%) 0.00, Total cycle: 1864000
[2026-06-10 12:17:57.358] [info] HBM2-CH_0: BW utilization 0% (0 reads, 0 writes)
[2026-06-10 12:17:57.363] [info] Core [0] : MatMul active cycle 0 Vector active cycle 0 
[2026-06-10 12:17:57.363] [info] Core [0] : issued tile 0 
[2026-06-10 12:17:57.363] [info] Core [0] : Memory unit idle cycle 8000 Systolic bubble cycle 0 Core idle cycle 8000 
[2026-06-10 12:17:57.363] [info] Core [0] : Systolic Array Utilization(%) 0.00 (0.00% PE util), Vector Unit Utilization(%) 0.00, Total cycle: 1872000
[2026-06-10 12:17:57.411] [info] HBM2-CH_0: BW utilization 0% (0 reads, 0 writes)
[2026-06-10 12:17:57.415] [info] Core [0] : MatMul active cycle 0 Vector active cycle 0 
[2026-06-10 12:17:57.415] [info] Core [0] : issued tile 0 
[2026-06-10 12:17:57.415] [info] Core [0] : Memory unit idle cycle 8000 Systolic bubble cycle 0 Core idle cycle 8000 
[2026-06-10 12:17:57.415] [info] Core [0] : Systolic Array Utilization(%) 0.00 (0.00% PE util), Vector Unit Utilization(%) 0.00, Total cycle: 1880000
[2026-06-10 12:17:57.462] [info] HBM2-CH_0: BW utilization 0% (0 reads, 0 writes)
[2026-06-10 12:17:57.467] [info] Core [0] : MatMul active cycle 0 Vector active cycle 0 
[2026-06-10 12:17:57.467] [info] Core [0] : issued tile 0 
[2026-06-10 12:17:57.467] [info] Core [0] : Memory unit idle cycle 8000 Systolic bubble cycle 0 Core idle cycle 8000 
[2026-06-10 12:17:57.467] [info] Core [0] : Systolic Array Utilization(%) 0.00 (0.00% PE util), Vector Unit Utilization(%) 0.00, Total cycle: 1888000
[2026-06-10 12:17:57.514] [info] HBM2-CH_0: BW utilization 0% (0 reads, 0 writes)
[2026-06-10 12:17:57.519] [info] Core [0] : MatMul active cycle 0 Vector active cycle 0 
[2026-06-10 12:17:57.519] [info] Core [0] : issued tile 0 
[2026-06-10 12:17:57.519] [info] Core [0] : Memory unit idle cycle 8000 Systolic bubble cycle 0 Core idle cycle 8000 
[2026-06-10 12:17:57.519] [info] Core [0] : Systolic Array Utilization(%) 0.00 (0.00% PE util), Vector Unit Utilization(%) 0.00, Total cycle: 1896000
[2026-06-10 12:17:57.566] [info] HBM2-CH_0: BW utilization 0% (0 reads, 0 writes)
[2026-06-10 12:17:57.571] [info] Core [0] : MatMul active cycle 0 Vector active cycle 0 
[2026-06-10 12:17:57.571] [info] Core [0] : issued tile 0 
[2026-06-10 12:17:57.571] [info] Core [0] : Memory unit idle cycle 8000 Systolic bubble cycle 0 Core idle cycle 8000 
[2026-06-10 12:17:57.571] [info] Core [0] : Systolic Array Utilization(%) 0.00 (0.00% PE util), Vector Unit Utilization(%) 0.00, Total cycle: 1904000
[2026-06-10 12:17:57.623] [info] HBM2-CH_0: BW utilization 0% (0 reads, 0 writes)
[2026-06-10 12:17:57.628] [info] Core [0] : MatMul active cycle 0 Vector active cycle 0 
[2026-06-10 12:17:57.628] [info] Core [0] : issued tile 0 
[2026-06-10 12:17:57.628] [info] Core [0] : Memory unit idle cycle 8000 Systolic bubble cycle 0 Core idle cycle 8000 
[2026-06-10 12:17:57.628] [info] Core [0] : Systolic Array Utilization(%) 0.00 (0.00% PE util), Vector Unit Utilization(%) 0.00, Total cycle: 1912000
[2026-06-10 12:17:57.674] [info] HBM2-CH_0: BW utilization 0% (0 reads, 0 writes)
[2026-06-10 12:17:57.679] [info] Core [0] : MatMul active cycle 0 Vector active cycle 0 
[2026-06-10 12:17:57.679] [info] Core [0] : issued tile 0 
[2026-06-10 12:17:57.679] [info] Core [0] : Memory unit idle cycle 8000 Systolic bubble cycle 0 Core idle cycle 8000 
[2026-06-10 12:17:57.679] [info] Core [0] : Systolic Array Utilization(%) 0.00 (0.00% PE util), Vector Unit Utilization(%) 0.00, Total cycle: 1920000
[2026-06-10 12:17:57.740] [info] HBM2-CH_0: BW utilization 0% (0 reads, 0 writes)
[2026-06-10 12:17:57.745] [info] Core [0] : MatMul active cycle 0 Vector active cycle 0 
[2026-06-10 12:17:57.745] [info] Core [0] : issued tile 0 
[2026-06-10 12:17:57.745] [info] Core [0] : Memory unit idle cycle 8000 Systolic bubble cycle 0 Core idle cycle 8000 
[2026-06-10 12:17:57.745] [info] Core [0] : Systolic Array Utilization(%) 0.00 (0.00% PE util), Vector Unit Utilization(%) 0.00, Total cycle: 1928000
[2026-06-10 12:17:57.793] [info] HBM2-CH_0: BW utilization 0% (0 reads, 0 writes)
[2026-06-10 12:17:57.798] [info] Core [0] : MatMul active cycle 0 Vector active cycle 0 
[2026-06-10 12:17:57.798] [info] Core [0] : issued tile 0 
[2026-06-10 12:17:57.798] [info] Core [0] : Memory unit idle cycle 8000 Systolic bubble cycle 0 Core idle cycle 8000 
[2026-06-10 12:17:57.798] [info] Core [0] : Systolic Array Utilization(%) 0.00 (0.00% PE util), Vector Unit Utilization(%) 0.00, Total cycle: 1936000
[2026-06-10 12:17:57.845] [info] HBM2-CH_0: BW utilization 0% (0 reads, 0 writes)
[2026-06-10 12:17:57.850] [info] Core [0] : MatMul active cycle 0 Vector active cycle 0 
[2026-06-10 12:17:57.850] [info] Core [0] : issued tile 0 
[2026-06-10 12:17:57.850] [info] Core [0] : Memory unit idle cycle 8000 Systolic bubble cycle 0 Core idle cycle 8000 
[2026-06-10 12:17:57.850] [info] Core [0] : Systolic Array Utilization(%) 0.00 (0.00% PE util), Vector Unit Utilization(%) 0.00, Total cycle: 1944000
[2026-06-10 12:17:57.910] [info] HBM2-CH_0: BW utilization 0% (0 reads, 0 writes)
[2026-06-10 12:17:57.918] [info] Core [0] : MatMul active cycle 0 Vector active cycle 0 
[2026-06-10 12:17:57.918] [info] Core [0] : issued tile 0 
[2026-06-10 12:17:57.918] [info] Core [0] : Memory unit idle cycle 8000 Systolic bubble cycle 0 Core idle cycle 8000 
[2026-06-10 12:17:57.918] [info] Core [0] : Systolic Array Utilization(%) 0.00 (0.00% PE util), Vector Unit Utilization(%) 0.00, Total cycle: 1952000
[2026-06-10 12:17:57.964] [info] HBM2-CH_0: BW utilization 0% (0 reads, 0 writes)
[2026-06-10 12:17:57.969] [info] Core [0] : MatMul active cycle 0 Vector active cycle 0 
[2026-06-10 12:17:57.969] [info] Core [0] : issued tile 0 
[2026-06-10 12:17:57.969] [info] Core [0] : Memory unit idle cycle 8000 Systolic bubble cycle 0 Core idle cycle 8000 
[2026-06-10 12:17:57.969] [info] Core [0] : Systolic Array Utilization(%) 0.00 (0.00% PE util), Vector Unit Utilization(%) 0.00, Total cycle: 1960000
[2026-06-10 12:17:58.016] [info] HBM2-CH_0: BW utilization 0% (0 reads, 0 writes)
[2026-06-10 12:17:58.021] [info] Core [0] : MatMul active cycle 0 Vector active cycle 0 
[2026-06-10 12:17:58.021] [info] Core [0] : issued tile 0 
[2026-06-10 12:17:58.021] [info] Core [0] : Memory unit idle cycle 8000 Systolic bubble cycle 0 Core idle cycle 8000 
[2026-06-10 12:17:58.021] [info] Core [0] : Systolic Array Utilization(%) 0.00 (0.00% PE util), Vector Unit Utilization(%) 0.00, Total cycle: 1968000
[2026-06-10 12:17:58.067] [info] HBM2-CH_0: BW utilization 0% (0 reads, 0 writes)
[2026-06-10 12:17:58.073] [info] Core [0] : MatMul active cycle 0 Vector active cycle 0 
[2026-06-10 12:17:58.073] [info] Core [0] : issued tile 0 
[2026-06-10 12:17:58.073] [info] Core [0] : Memory unit idle cycle 8000 Systolic bubble cycle 0 Core idle cycle 8000 
[2026-06-10 12:17:58.073] [info] Core [0] : Systolic Array Utilization(%) 0.00 (0.00% PE util), Vector Unit Utilization(%) 0.00, Total cycle: 1976000
[2026-06-10 12:18:00.315] [info] HBM2-CH_0: BW utilization 34% (315 reads, 3024 writes)
[2026-06-10 12:18:00.320] [info] Core [0] : MatMul active cycle 0 Vector active cycle 0 
[2026-06-10 12:18:00.320] [info] Core [0] : issued tile 0 
[2026-06-10 12:18:00.320] [info] Core [0] : Memory unit idle cycle 8000 Systolic bubble cycle 0 Core idle cycle 8000 
[2026-06-10 12:18:00.320] [info] Core [0] : Systolic Array Utilization(%) 0.00 (0.00% PE util), Vector Unit Utilization(%) 0.00, Total cycle: 1984000
[2026-06-10 12:18:00.368] [info] HBM2-CH_0: BW utilization 0% (0 reads, 0 writes)
[2026-06-10 12:18:00.373] [info] Core [0] : MatMul active cycle 0 Vector active cycle 0 
[2026-06-10 12:18:00.373] [info] Core [0] : issued tile 0 
[2026-06-10 12:18:00.373] [info] Core [0] : Memory unit idle cycle 8000 Systolic bubble cycle 0 Core idle cycle 8000 
[2026-06-10 12:18:00.373] [info] Core [0] : Systolic Array Utilization(%) 0.00 (0.00% PE util), Vector Unit Utilization(%) 0.00, Total cycle: 1992000
[2026-06-10 12:18:00.421] [info] HBM2-CH_0: BW utilization 0% (0 reads, 0 writes)
[2026-06-10 12:18:00.428] [info] Core [0] : MatMul active cycle 0 Vector active cycle 0 
[2026-06-10 12:18:00.428] [info] Core [0] : issued tile 0 
[2026-06-10 12:18:00.428] [info] Core [0] : Memory unit idle cycle 8000 Systolic bubble cycle 0 Core idle cycle 8000 
[2026-06-10 12:18:00.428] [info] Core [0] : Systolic Array Utilization(%) 0.00 (0.00% PE util), Vector Unit Utilization(%) 0.00, Total cycle: 2000000
[2026-06-10 12:18:00.475] [info] HBM2-CH_0: BW utilization 0% (0 reads, 0 writes)
[2026-06-10 12:18:00.480] [info] Core [0] : MatMul active cycle 0 Vector active cycle 0 
[2026-06-10 12:18:00.480] [info] Core [0] : issued tile 0 
[2026-06-10 12:18:00.480] [info] Core [0] : Memory unit idle cycle 8000 Systolic bubble cycle 0 Core idle cycle 8000 
[2026-06-10 12:18:00.480] [info] Core [0] : Systolic Array Utilization(%) 0.00 (0.00% PE util), Vector Unit Utilization(%) 0.00, Total cycle: 2008000
[2026-06-10 12:18:00.526] [info] HBM2-CH_0: BW utilization 0% (0 reads, 0 writes)
[2026-06-10 12:18:00.532] [info] Core [0] : MatMul active cycle 0 Vector active cycle 0 
[2026-06-10 12:18:00.532] [info] Core [0] : issued tile 0 
[2026-06-10 12:18:00.532] [info] Core [0] : Memory unit idle cycle 8000 Systolic bubble cycle 0 Core idle cycle 8000 
[2026-06-10 12:18:00.532] [info] Core [0] : Systolic Array Utilization(%) 0.00 (0.00% PE util), Vector Unit Utilization(%) 0.00, Total cycle: 2016000
[2026-06-10 12:18:00.578] [info] HBM2-CH_0: BW utilization 0% (0 reads, 0 writes)
[2026-06-10 12:18:00.583] [info] Core [0] : MatMul active cycle 0 Vector active cycle 0 
[2026-06-10 12:18:00.583] [info] Core [0] : issued tile 0 
[2026-06-10 12:18:00.583] [info] Core [0] : Memory unit idle cycle 8000 Systolic bubble cycle 0 Core idle cycle 8000 
[2026-06-10 12:18:00.584] [info] Core [0] : Systolic Array Utilization(%) 0.00 (0.00% PE util), Vector Unit Utilization(%) 0.00, Total cycle: 2024000
[2026-06-10 12:18:00.634] [info] HBM2-CH_0: BW utilization 0% (0 reads, 0 writes)
[2026-06-10 12:18:00.640] [info] Core [0] : MatMul active cycle 0 Vector active cycle 0 
[2026-06-10 12:18:00.640] [info] Core [0] : issued tile 0 
[2026-06-10 12:18:00.640] [info] Core [0] : Memory unit idle cycle 8000 Systolic bubble cycle 0 Core idle cycle 8000 
[2026-06-10 12:18:00.640] [info] Core [0] : Systolic Array Utilization(%) 0.00 (0.00% PE util), Vector Unit Utilization(%) 0.00, Total cycle: 2032000
[2026-06-10 12:18:00.692] [info] HBM2-CH_0: BW utilization 0% (0 reads, 0 writes)
[2026-06-10 12:18:00.698] [info] Core [0] : MatMul active cycle 0 Vector active cycle 0 
[2026-06-10 12:18:00.698] [info] Core [0] : issued tile 0 
[2026-06-10 12:18:00.698] [info] Core [0] : Memory unit idle cycle 8000 Systolic bubble cycle 0 Core idle cycle 8000 
[2026-06-10 12:18:00.698] [info] Core [0] : Systolic Array Utilization(%) 0.00 (0.00% PE util), Vector Unit Utilization(%) 0.00, Total cycle: 2040000
[2026-06-10 12:18:00.767] [info] HBM2-CH_0: BW utilization 0% (0 reads, 0 writes)
[2026-06-10 12:18:00.776] [info] Core [0] : MatMul active cycle 0 Vector active cycle 0 
[2026-06-10 12:18:00.776] [info] Core [0] : issued tile 0 
[2026-06-10 12:18:00.776] [info] Core [0] : Memory unit idle cycle 8000 Systolic bubble cycle 0 Core idle cycle 8000 
[2026-06-10 12:18:00.776] [info] Core [0] : Systolic Array Utilization(%) 0.00 (0.00% PE util), Vector Unit Utilization(%) 0.00, Total cycle: 2048000
[2026-06-10 12:18:00.848] [info] HBM2-CH_0: BW utilization 0% (0 reads, 0 writes)
[2026-06-10 12:18:00.853] [info] Core [0] : MatMul active cycle 0 Vector active cycle 0 
[2026-06-10 12:18:00.853] [info] Core [0] : issued tile 0 
[2026-06-10 12:18:00.853] [info] Core [0] : Memory unit idle cycle 8000 Systolic bubble cycle 0 Core idle cycle 8000 
[2026-06-10 12:18:00.853] [info] Core [0] : Systolic Array Utilization(%) 0.00 (0.00% PE util), Vector Unit Utilization(%) 0.00, Total cycle: 2056000
[2026-06-10 12:18:00.919] [info] HBM2-CH_0: BW utilization 0% (0 reads, 0 writes)
[2026-06-10 12:18:00.927] [info] Core [0] : MatMul active cycle 0 Vector active cycle 0 
[2026-06-10 12:18:00.927] [info] Core [0] : issued tile 0 
[2026-06-10 12:18:00.927] [info] Core [0] : Memory unit idle cycle 8000 Systolic bubble cycle 0 Core idle cycle 8000 
[2026-06-10 12:18:00.927] [info] Core [0] : Systolic Array Utilization(%) 0.00 (0.00% PE util), Vector Unit Utilization(%) 0.00, Total cycle: 2064000
[2026-06-10 12:18:00.989] [info] HBM2-CH_0: BW utilization 0% (0 reads, 0 writes)
[2026-06-10 12:18:00.995] [info] Core [0] : MatMul active cycle 0 Vector active cycle 0 
[2026-06-10 12:18:00.995] [info] Core [0] : issued tile 0 
[2026-06-10 12:18:00.995] [info] Core [0] : Memory unit idle cycle 8000 Systolic bubble cycle 0 Core idle cycle 8000 
[2026-06-10 12:18:00.995] [info] Core [0] : Systolic Array Utilization(%) 0.00 (0.00% PE util), Vector Unit Utilization(%) 0.00, Total cycle: 2072000
[2026-06-10 12:18:01.064] [info] HBM2-CH_0: BW utilization 0% (0 reads, 0 writes)
[2026-06-10 12:18:01.072] [info] Core [0] : MatMul active cycle 0 Vector active cycle 0 
[2026-06-10 12:18:01.072] [info] Core [0] : issued tile 0 
[2026-06-10 12:18:01.072] [info] Core [0] : Memory unit idle cycle 8000 Systolic bubble cycle 0 Core idle cycle 8000 
[2026-06-10 12:18:01.072] [info] Core [0] : Systolic Array Utilization(%) 0.00 (0.00% PE util), Vector Unit Utilization(%) 0.00, Total cycle: 2080000
[2026-06-10 12:18:01.139] [info] HBM2-CH_0: BW utilization 0% (0 reads, 0 writes)
[2026-06-10 12:18:01.146] [info] Core [0] : MatMul active cycle 0 Vector active cycle 0 
[2026-06-10 12:18:01.146] [info] Core [0] : issued tile 0 
[2026-06-10 12:18:01.146] [info] Core [0] : Memory unit idle cycle 8000 Systolic bubble cycle 0 Core idle cycle 8000 
[2026-06-10 12:18:01.146] [info] Core [0] : Systolic Array Utilization(%) 0.00 (0.00% PE util), Vector Unit Utilization(%) 0.00, Total cycle: 2088000
[2026-06-10 12:18:01.211] [info] HBM2-CH_0: BW utilization 0% (0 reads, 0 writes)
[2026-06-10 12:18:01.219] [info] Core [0] : MatMul active cycle 0 Vector active cycle 0 
[2026-06-10 12:18:01.219] [info] Core [0] : issued tile 0 
[2026-06-10 12:18:01.219] [info] Core [0] : Memory unit idle cycle 8000 Systolic bubble cycle 0 Core idle cycle 8000 
[2026-06-10 12:18:01.219] [info] Core [0] : Systolic Array Utilization(%) 0.00 (0.00% PE util), Vector Unit Utilization(%) 0.00, Total cycle: 2096000
[2026-06-10 12:18:01.281] [info] HBM2-CH_0: BW utilization 0% (0 reads, 0 writes)
[2026-06-10 12:18:01.289] [info] Core [0] : MatMul active cycle 0 Vector active cycle 0 
[2026-06-10 12:18:01.289] [info] Core [0] : issued tile 0 
[2026-06-10 12:18:01.289] [info] Core [0] : Memory unit idle cycle 8000 Systolic bubble cycle 0 Core idle cycle 8000 
[2026-06-10 12:18:01.289] [info] Core [0] : Systolic Array Utilization(%) 0.00 (0.00% PE util), Vector Unit Utilization(%) 0.00, Total cycle: 2104000
[2026-06-10 12:18:01.352] [info] HBM2-CH_0: BW utilization 0% (0 reads, 0 writes)
[2026-06-10 12:18:01.359] [info] Core [0] : MatMul active cycle 0 Vector active cycle 0 
[2026-06-10 12:18:01.359] [info] Core [0] : issued tile 0 
[2026-06-10 12:18:01.359] [info] Core [0] : Memory unit idle cycle 8000 Systolic bubble cycle 0 Core idle cycle 8000 
[2026-06-10 12:18:01.359] [info] Core [0] : Systolic Array Utilization(%) 0.00 (0.00% PE util), Vector Unit Utilization(%) 0.00, Total cycle: 2112000
[2026-06-10 12:18:01.424] [info] HBM2-CH_0: BW utilization 0% (0 reads, 0 writes)
[2026-06-10 12:18:01.430] [info] Core [0] : MatMul active cycle 0 Vector active cycle 0 
[2026-06-10 12:18:01.430] [info] Core [0] : issued tile 0 
[2026-06-10 12:18:01.430] [info] Core [0] : Memory unit idle cycle 8000 Systolic bubble cycle 0 Core idle cycle 8000 
[2026-06-10 12:18:01.430] [info] Core [0] : Systolic Array Utilization(%) 0.00 (0.00% PE util), Vector Unit Utilization(%) 0.00, Total cycle: 2120000
[2026-06-10 12:18:01.492] [info] HBM2-CH_0: BW utilization 0% (0 reads, 0 writes)
[2026-06-10 12:18:01.500] [info] Core [0] : MatMul active cycle 0 Vector active cycle 0 
[2026-06-10 12:18:01.500] [info] Core [0] : issued tile 0 
[2026-06-10 12:18:01.500] [info] Core [0] : Memory unit idle cycle 8000 Systolic bubble cycle 0 Core idle cycle 8000 
[2026-06-10 12:18:01.500] [info] Core [0] : Systolic Array Utilization(%) 0.00 (0.00% PE util), Vector Unit Utilization(%) 0.00, Total cycle: 2128000
[2026-06-10 12:18:01.558] [info] HBM2-CH_0: BW utilization 0% (0 reads, 0 writes)
[2026-06-10 12:18:01.564] [info] Core [0] : MatMul active cycle 0 Vector active cycle 0 
[2026-06-10 12:18:01.564] [info] Core [0] : issued tile 0 
[2026-06-10 12:18:01.564] [info] Core [0] : Memory unit idle cycle 8000 Systolic bubble cycle 0 Core idle cycle 8000 
[2026-06-10 12:18:01.564] [info] Core [0] : Systolic Array Utilization(%) 0.00 (0.00% PE util), Vector Unit Utilization(%) 0.00, Total cycle: 2136000
[2026-06-10 12:18:01.612] [info] HBM2-CH_0: BW utilization 0% (0 reads, 0 writes)
[2026-06-10 12:18:01.617] [info] Core [0] : MatMul active cycle 0 Vector active cycle 0 
[2026-06-10 12:18:01.617] [info] Core [0] : issued tile 0 
[2026-06-10 12:18:01.617] [info] Core [0] : Memory unit idle cycle 8000 Systolic bubble cycle 0 Core idle cycle 8000 
[2026-06-10 12:18:01.617] [info] Core [0] : Systolic Array Utilization(%) 0.00 (0.00% PE util), Vector Unit Utilization(%) 0.00, Total cycle: 2144000
[2026-06-10 12:18:01.663] [info] HBM2-CH_0: BW utilization 0% (0 reads, 0 writes)
[2026-06-10 12:18:01.669] [info] Core [0] : MatMul active cycle 0 Vector active cycle 0 
[2026-06-10 12:18:01.669] [info] Core [0] : issued tile 0 
[2026-06-10 12:18:01.669] [info] Core [0] : Memory unit idle cycle 8000 Systolic bubble cycle 0 Core idle cycle 8000 
[2026-06-10 12:18:01.669] [info] Core [0] : Systolic Array Utilization(%) 0.00 (0.00% PE util), Vector Unit Utilization(%) 0.00, Total cycle: 2152000
[2026-06-10 12:18:01.720] [info] HBM2-CH_0: BW utilization 0% (0 reads, 0 writes)
[2026-06-10 12:18:01.726] [info] Core [0] : MatMul active cycle 0 Vector active cycle 0 
[2026-06-10 12:18:01.726] [info] Core [0] : issued tile 0 
[2026-06-10 12:18:01.726] [info] Core [0] : Memory unit idle cycle 8000 Systolic bubble cycle 0 Core idle cycle 8000 
[2026-06-10 12:18:01.726] [info] Core [0] : Systolic Array Utilization(%) 0.00 (0.00% PE util), Vector Unit Utilization(%) 0.00, Total cycle: 2160000
[2026-06-10 12:18:01.773] [info] HBM2-CH_0: BW utilization 0% (0 reads, 0 writes)
[2026-06-10 12:18:01.778] [info] Core [0] : MatMul active cycle 0 Vector active cycle 0 
[2026-06-10 12:18:01.778] [info] Core [0] : issued tile 0 
[2026-06-10 12:18:01.778] [info] Core [0] : Memory unit idle cycle 8000 Systolic bubble cycle 0 Core idle cycle 8000 
[2026-06-10 12:18:01.778] [info] Core [0] : Systolic Array Utilization(%) 0.00 (0.00% PE util), Vector Unit Utilization(%) 0.00, Total cycle: 2168000
[2026-06-10 12:18:02.078] [info] HBM2-CH_0: BW utilization 6% (0 reads, 628 writes)
[2026-06-10 12:18:03.052] [info] Core [0] : MatMul active cycle 0 Vector active cycle 0 
[2026-06-10 12:18:03.052] [info] Core [0] : issued tile 0 
[2026-06-10 12:18:03.052] [info] Core [0] : Memory unit idle cycle 8000 Systolic bubble cycle 0 Core idle cycle 8000 
[2026-06-10 12:18:03.052] [info] Core [0] : Systolic Array Utilization(%) 0.00 (0.00% PE util), Vector Unit Utilization(%) 0.00, Total cycle: 2176000
[2026-06-10 12:18:03.854] [info] HBM2-CH_0: BW utilization 28% (315 reads, 2396 writes)
[2026-06-10 12:18:03.860] [info] Core [0] : MatMul active cycle 0 Vector active cycle 0 
[2026-06-10 12:18:03.860] [info] Core [0] : issued tile 0 
[2026-06-10 12:18:03.860] [info] Core [0] : Memory unit idle cycle 8000 Systolic bubble cycle 0 Core idle cycle 8000 
[2026-06-10 12:18:03.860] [info] Core [0] : Systolic Array Utilization(%) 0.00 (0.00% PE util), Vector Unit Utilization(%) 0.00, Total cycle: 2184000
[2026-06-10 12:18:03.909] [info] HBM2-CH_0: BW utilization 0% (0 reads, 0 writes)
[2026-06-10 12:18:03.916] [info] Core [0] : MatMul active cycle 0 Vector active cycle 0 
[2026-06-10 12:18:03.916] [info] Core [0] : issued tile 0 
[2026-06-10 12:18:03.916] [info] Core [0] : Memory unit idle cycle 8000 Systolic bubble cycle 0 Core idle cycle 8000 
[2026-06-10 12:18:03.916] [info] Core [0] : Systolic Array Utilization(%) 0.00 (0.00% PE util), Vector Unit Utilization(%) 0.00, Total cycle: 2192000
[2026-06-10 12:18:03.968] [info] HBM2-CH_0: BW utilization 0% (0 reads, 0 writes)
[2026-06-10 12:18:03.974] [info] Core [0] : MatMul active cycle 0 Vector active cycle 0 
[2026-06-10 12:18:03.974] [info] Core [0] : issued tile 0 
[2026-06-10 12:18:03.974] [info] Core [0] : Memory unit idle cycle 8000 Systolic bubble cycle 0 Core idle cycle 8000 
[2026-06-10 12:18:03.974] [info] Core [0] : Systolic Array Utilization(%) 0.00 (0.00% PE util), Vector Unit Utilization(%) 0.00, Total cycle: 2200000
[2026-06-10 12:18:04.023] [info] HBM2-CH_0: BW utilization 0% (0 reads, 0 writes)
[2026-06-10 12:18:04.029] [info] Core [0] : MatMul active cycle 0 Vector active cycle 0 
[2026-06-10 12:18:04.029] [info] Core [0] : issued tile 0 
[2026-06-10 12:18:04.029] [info] Core [0] : Memory unit idle cycle 8000 Systolic bubble cycle 0 Core idle cycle 8000 
[2026-06-10 12:18:04.029] [info] Core [0] : Systolic Array Utilization(%) 0.00 (0.00% PE util), Vector Unit Utilization(%) 0.00, Total cycle: 2208000
[2026-06-10 12:18:04.092] [info] HBM2-CH_0: BW utilization 0% (0 reads, 0 writes)
[2026-06-10 12:18:04.099] [info] Core [0] : MatMul active cycle 0 Vector active cycle 0 
[2026-06-10 12:18:04.099] [info] Core [0] : issued tile 0 
[2026-06-10 12:18:04.099] [info] Core [0] : Memory unit idle cycle 8000 Systolic bubble cycle 0 Core idle cycle 8000 
[2026-06-10 12:18:04.099] [info] Core [0] : Systolic Array Utilization(%) 0.00 (0.00% PE util), Vector Unit Utilization(%) 0.00, Total cycle: 2216000
[2026-06-10 12:18:04.147] [info] HBM2-CH_0: BW utilization 0% (0 reads, 0 writes)
[2026-06-10 12:18:04.153] [info] Core [0] : MatMul active cycle 0 Vector active cycle 0 
[2026-06-10 12:18:04.153] [info] Core [0] : issued tile 0 
[2026-06-10 12:18:04.153] [info] Core [0] : Memory unit idle cycle 8000 Systolic bubble cycle 0 Core idle cycle 8000 
[2026-06-10 12:18:04.153] [info] Core [0] : Systolic Array Utilization(%) 0.00 (0.00% PE util), Vector Unit Utilization(%) 0.00, Total cycle: 2224000
[2026-06-10 12:18:04.199] [info] HBM2-CH_0: BW utilization 0% (0 reads, 0 writes)
[2026-06-10 12:18:04.205] [info] Core [0] : MatMul active cycle 0 Vector active cycle 0 
[2026-06-10 12:18:04.205] [info] Core [0] : issued tile 0 
[2026-06-10 12:18:04.205] [info] Core [0] : Memory unit idle cycle 8000 Systolic bubble cycle 0 Core idle cycle 8000 
[2026-06-10 12:18:04.205] [info] Core [0] : Systolic Array Utilization(%) 0.00 (0.00% PE util), Vector Unit Utilization(%) 0.00, Total cycle: 2232000
[2026-06-10 12:18:04.251] [info] HBM2-CH_0: BW utilization 0% (0 reads, 0 writes)
[2026-06-10 12:18:04.257] [info] Core [0] : MatMul active cycle 0 Vector active cycle 0 
[2026-06-10 12:18:04.257] [info] Core [0] : issued tile 0 
[2026-06-10 12:18:04.257] [info] Core [0] : Memory unit idle cycle 8000 Systolic bubble cycle 0 Core idle cycle 8000 
[2026-06-10 12:18:04.257] [info] Core [0] : Systolic Array Utilization(%) 0.00 (0.00% PE util), Vector Unit Utilization(%) 0.00, Total cycle: 2240000
[2026-06-10 12:18:04.303] [info] HBM2-CH_0: BW utilization 0% (0 reads, 0 writes)
[2026-06-10 12:18:04.309] [info] Core [0] : MatMul active cycle 0 Vector active cycle 0 
[2026-06-10 12:18:04.309] [info] Core [0] : issued tile 0 
[2026-06-10 12:18:04.309] [info] Core [0] : Memory unit idle cycle 8000 Systolic bubble cycle 0 Core idle cycle 8000 
[2026-06-10 12:18:04.309] [info] Core [0] : Systolic Array Utilization(%) 0.00 (0.00% PE util), Vector Unit Utilization(%) 0.00, Total cycle: 2248000
[2026-06-10 12:18:04.355] [info] HBM2-CH_0: BW utilization 0% (0 reads, 0 writes)
[2026-06-10 12:18:04.361] [info] Core [0] : MatMul active cycle 0 Vector active cycle 0 
[2026-06-10 12:18:04.361] [info] Core [0] : issued tile 0 
[2026-06-10 12:18:04.361] [info] Core [0] : Memory unit idle cycle 8000 Systolic bubble cycle 0 Core idle cycle 8000 
[2026-06-10 12:18:04.361] [info] Core [0] : Systolic Array Utilization(%) 0.00 (0.00% PE util), Vector Unit Utilization(%) 0.00, Total cycle: 2256000
[2026-06-10 12:18:04.408] [info] HBM2-CH_0: BW utilization 0% (0 reads, 0 writes)
[2026-06-10 12:18:04.414] [info] Core [0] : MatMul active cycle 0 Vector active cycle 0 
[2026-06-10 12:18:04.414] [info] Core [0] : issued tile 0 
[2026-06-10 12:18:04.414] [info] Core [0] : Memory unit idle cycle 8000 Systolic bubble cycle 0 Core idle cycle 8000 
[2026-06-10 12:18:04.414] [info] Core [0] : Systolic Array Utilization(%) 0.00 (0.00% PE util), Vector Unit Utilization(%) 0.00, Total cycle: 2264000
[2026-06-10 12:18:04.460] [info] HBM2-CH_0: BW utilization 0% (0 reads, 0 writes)
[2026-06-10 12:18:04.466] [info] Core [0] : MatMul active cycle 0 Vector active cycle 0 
[2026-06-10 12:18:04.466] [info] Core [0] : issued tile 0 
[2026-06-10 12:18:04.466] [info] Core [0] : Memory unit idle cycle 8000 Systolic bubble cycle 0 Core idle cycle 8000 
[2026-06-10 12:18:04.466] [info] Core [0] : Systolic Array Utilization(%) 0.00 (0.00% PE util), Vector Unit Utilization(%) 0.00, Total cycle: 2272000
[2026-06-10 12:18:04.512] [info] HBM2-CH_0: BW utilization 0% (0 reads, 0 writes)
[2026-06-10 12:18:04.517] [info] Core [0] : MatMul active cycle 0 Vector active cycle 0 
[2026-06-10 12:18:04.517] [info] Core [0] : issued tile 0 
[2026-06-10 12:18:04.517] [info] Core [0] : Memory unit idle cycle 8000 Systolic bubble cycle 0 Core idle cycle 8000 
[2026-06-10 12:18:04.517] [info] Core [0] : Systolic Array Utilization(%) 0.00 (0.00% PE util), Vector Unit Utilization(%) 0.00, Total cycle: 2280000
[2026-06-10 12:18:04.563] [info] HBM2-CH_0: BW utilization 0% (0 reads, 0 writes)
[2026-06-10 12:18:04.569] [info] Core [0] : MatMul active cycle 0 Vector active cycle 0 
[2026-06-10 12:18:04.569] [info] Core [0] : issued tile 0 
[2026-06-10 12:18:04.569] [info] Core [0] : Memory unit idle cycle 8000 Systolic bubble cycle 0 Core idle cycle 8000 
[2026-06-10 12:18:04.569] [info] Core [0] : Systolic Array Utilization(%) 0.00 (0.00% PE util), Vector Unit Utilization(%) 0.00, Total cycle: 2288000
[2026-06-10 12:18:04.615] [info] HBM2-CH_0: BW utilization 0% (0 reads, 0 writes)
[2026-06-10 12:18:04.621] [info] Core [0] : MatMul active cycle 0 Vector active cycle 0 
[2026-06-10 12:18:04.621] [info] Core [0] : issued tile 0 
[2026-06-10 12:18:04.621] [info] Core [0] : Memory unit idle cycle 8000 Systolic bubble cycle 0 Core idle cycle 8000 
[2026-06-10 12:18:04.621] [info] Core [0] : Systolic Array Utilization(%) 0.00 (0.00% PE util), Vector Unit Utilization(%) 0.00, Total cycle: 2296000
[2026-06-10 12:18:04.667] [info] HBM2-CH_0: BW utilization 0% (0 reads, 0 writes)
[2026-06-10 12:18:04.673] [info] Core [0] : MatMul active cycle 0 Vector active cycle 0 
[2026-06-10 12:18:04.673] [info] Core [0] : issued tile 0 
[2026-06-10 12:18:04.673] [info] Core [0] : Memory unit idle cycle 8000 Systolic bubble cycle 0 Core idle cycle 8000 
[2026-06-10 12:18:04.673] [info] Core [0] : Systolic Array Utilization(%) 0.00 (0.00% PE util), Vector Unit Utilization(%) 0.00, Total cycle: 2304000
[2026-06-10 12:18:04.719] [info] HBM2-CH_0: BW utilization 0% (0 reads, 0 writes)
[2026-06-10 12:18:04.724] [info] Core [0] : MatMul active cycle 0 Vector active cycle 0 
[2026-06-10 12:18:04.725] [info] Core [0] : issued tile 0 
[2026-06-10 12:18:04.725] [info] Core [0] : Memory unit idle cycle 8000 Systolic bubble cycle 0 Core idle cycle 8000 
[2026-06-10 12:18:04.725] [info] Core [0] : Systolic Array Utilization(%) 0.00 (0.00% PE util), Vector Unit Utilization(%) 0.00, Total cycle: 2312000
[2026-06-10 12:18:04.771] [info] HBM2-CH_0: BW utilization 0% (0 reads, 0 writes)
[2026-06-10 12:18:04.777] [info] Core [0] : MatMul active cycle 0 Vector active cycle 0 
[2026-06-10 12:18:04.777] [info] Core [0] : issued tile 0 
[2026-06-10 12:18:04.777] [info] Core [0] : Memory unit idle cycle 8000 Systolic bubble cycle 0 Core idle cycle 8000 
[2026-06-10 12:18:04.777] [info] Core [0] : Systolic Array Utilization(%) 0.00 (0.00% PE util), Vector Unit Utilization(%) 0.00, Total cycle: 2320000
[2026-06-10 12:18:04.822] [info] HBM2-CH_0: BW utilization 0% (0 reads, 0 writes)
[2026-06-10 12:18:04.828] [info] Core [0] : MatMul active cycle 0 Vector active cycle 0 
[2026-06-10 12:18:04.828] [info] Core [0] : issued tile 0 
[2026-06-10 12:18:04.828] [info] Core [0] : Memory unit idle cycle 8000 Systolic bubble cycle 0 Core idle cycle 8000 
[2026-06-10 12:18:04.828] [info] Core [0] : Systolic Array Utilization(%) 0.00 (0.00% PE util), Vector Unit Utilization(%) 0.00, Total cycle: 2328000
[2026-06-10 12:18:04.878] [info] HBM2-CH_0: BW utilization 0% (0 reads, 0 writes)
[2026-06-10 12:18:04.884] [info] Core [0] : MatMul active cycle 0 Vector active cycle 0 
[2026-06-10 12:18:04.884] [info] Core [0] : issued tile 0 
[2026-06-10 12:18:04.884] [info] Core [0] : Memory unit idle cycle 8000 Systolic bubble cycle 0 Core idle cycle 8000 
[2026-06-10 12:18:04.884] [info] Core [0] : Systolic Array Utilization(%) 0.00 (0.00% PE util), Vector Unit Utilization(%) 0.00, Total cycle: 2336000
[2026-06-10 12:18:04.929] [info] HBM2-CH_0: BW utilization 0% (0 reads, 0 writes)
[2026-06-10 12:18:04.935] [info] Core [0] : MatMul active cycle 0 Vector active cycle 0 
[2026-06-10 12:18:04.935] [info] Core [0] : issued tile 0 
[2026-06-10 12:18:04.935] [info] Core [0] : Memory unit idle cycle 8000 Systolic bubble cycle 0 Core idle cycle 8000 
[2026-06-10 12:18:04.935] [info] Core [0] : Systolic Array Utilization(%) 0.00 (0.00% PE util), Vector Unit Utilization(%) 0.00, Total cycle: 2344000
[2026-06-10 12:18:04.980] [info] HBM2-CH_0: BW utilization 0% (0 reads, 0 writes)
[2026-06-10 12:18:04.987] [info] Core [0] : MatMul active cycle 0 Vector active cycle 0 
[2026-06-10 12:18:04.987] [info] Core [0] : issued tile 0 
[2026-06-10 12:18:04.987] [info] Core [0] : Memory unit idle cycle 8000 Systolic bubble cycle 0 Core idle cycle 8000 
[2026-06-10 12:18:04.987] [info] Core [0] : Systolic Array Utilization(%) 0.00 (0.00% PE util), Vector Unit Utilization(%) 0.00, Total cycle: 2352000
[2026-06-10 12:18:05.032] [info] HBM2-CH_0: BW utilization 0% (0 reads, 0 writes)
[2026-06-10 12:18:05.038] [info] Core [0] : MatMul active cycle 0 Vector active cycle 0 
[2026-06-10 12:18:05.038] [info] Core [0] : issued tile 0 
[2026-06-10 12:18:05.038] [info] Core [0] : Memory unit idle cycle 8000 Systolic bubble cycle 0 Core idle cycle 8000 
[2026-06-10 12:18:05.038] [info] Core [0] : Systolic Array Utilization(%) 0.00 (0.00% PE util), Vector Unit Utilization(%) 0.00, Total cycle: 2360000
[2026-06-10 12:18:05.083] [info] HBM2-CH_0: BW utilization 0% (0 reads, 0 writes)
[2026-06-10 12:18:05.089] [info] Core [0] : MatMul active cycle 0 Vector active cycle 0 
[2026-06-10 12:18:05.089] [info] Core [0] : issued tile 0 
[2026-06-10 12:18:05.089] [info] Core [0] : Memory unit idle cycle 8000 Systolic bubble cycle 0 Core idle cycle 8000 
[2026-06-10 12:18:05.089] [info] Core [0] : Systolic Array Utilization(%) 0.00 (0.00% PE util), Vector Unit Utilization(%) 0.00, Total cycle: 2368000
[2026-06-10 12:18:06.220] [info] HBM2-CH_0: BW utilization 25% (161 reads, 2263 writes)
[2026-06-10 12:18:06.450] [info] Core [0] : MatMul active cycle 0 Vector active cycle 0 
[2026-06-10 12:18:06.450] [info] Core [0] : issued tile 0 
[2026-06-10 12:18:06.450] [info] Core [0] : Memory unit idle cycle 8000 Systolic bubble cycle 0 Core idle cycle 8000 
[2026-06-10 12:18:06.450] [info] Core [0] : Systolic Array Utilization(%) 0.00 (0.00% PE util), Vector Unit Utilization(%) 0.00, Total cycle: 2376000
[2026-06-10 12:18:06.527] [info] HBM2-CH_0: BW utilization 9% (160 reads, 761 writes)
[2026-06-10 12:18:06.533] [info] Core [0] : MatMul active cycle 0 Vector active cycle 0 
[2026-06-10 12:18:06.533] [info] Core [0] : issued tile 0 
[2026-06-10 12:18:06.533] [info] Core [0] : Memory unit idle cycle 8000 Systolic bubble cycle 0 Core idle cycle 8000 
[2026-06-10 12:18:06.533] [info] Core [0] : Systolic Array Utilization(%) 0.00 (0.00% PE util), Vector Unit Utilization(%) 0.00, Total cycle: 2384000
[2026-06-10 12:18:06.578] [info] HBM2-CH_0: BW utilization 0% (0 reads, 0 writes)
[2026-06-10 12:18:06.584] [info] Core [0] : MatMul active cycle 0 Vector active cycle 0 
[2026-06-10 12:18:06.584] [info] Core [0] : issued tile 0 
[2026-06-10 12:18:06.584] [info] Core [0] : Memory unit idle cycle 8000 Systolic bubble cycle 0 Core idle cycle 8000 
[2026-06-10 12:18:06.584] [info] Core [0] : Systolic Array Utilization(%) 0.00 (0.00% PE util), Vector Unit Utilization(%) 0.00, Total cycle: 2392000
[2026-06-10 12:18:06.630] [info] HBM2-CH_0: BW utilization 0% (0 reads, 0 writes)
[2026-06-10 12:18:06.636] [info] Core [0] : MatMul active cycle 0 Vector active cycle 0 
[2026-06-10 12:18:06.636] [info] Core [0] : issued tile 0 
[2026-06-10 12:18:06.636] [info] Core [0] : Memory unit idle cycle 8000 Systolic bubble cycle 0 Core idle cycle 8000 
[2026-06-10 12:18:06.636] [info] Core [0] : Systolic Array Utilization(%) 0.00 (0.00% PE util), Vector Unit Utilization(%) 0.00, Total cycle: 2400000
[2026-06-10 12:18:06.681] [info] HBM2-CH_0: BW utilization 0% (0 reads, 0 writes)
[2026-06-10 12:18:06.687] [info] Core [0] : MatMul active cycle 0 Vector active cycle 0 
[2026-06-10 12:18:06.687] [info] Core [0] : issued tile 0 
[2026-06-10 12:18:06.687] [info] Core [0] : Memory unit idle cycle 8000 Systolic bubble cycle 0 Core idle cycle 8000 
[2026-06-10 12:18:06.687] [info] Core [0] : Systolic Array Utilization(%) 0.00 (0.00% PE util), Vector Unit Utilization(%) 0.00, Total cycle: 2408000
[2026-06-10 12:18:06.734] [info] HBM2-CH_0: BW utilization 0% (0 reads, 0 writes)
[2026-06-10 12:18:06.741] [info] Core [0] : MatMul active cycle 0 Vector active cycle 0 
[2026-06-10 12:18:06.741] [info] Core [0] : issued tile 0 
[2026-06-10 12:18:06.741] [info] Core [0] : Memory unit idle cycle 8000 Systolic bubble cycle 0 Core idle cycle 8000 
[2026-06-10 12:18:06.741] [info] Core [0] : Systolic Array Utilization(%) 0.00 (0.00% PE util), Vector Unit Utilization(%) 0.00, Total cycle: 2416000
[2026-06-10 12:18:06.788] [info] HBM2-CH_0: BW utilization 0% (0 reads, 0 writes)
[2026-06-10 12:18:06.794] [info] Core [0] : MatMul active cycle 0 Vector active cycle 0 
[2026-06-10 12:18:06.794] [info] Core [0] : issued tile 0 
[2026-06-10 12:18:06.794] [info] Core [0] : Memory unit idle cycle 8000 Systolic bubble cycle 0 Core idle cycle 8000 
[2026-06-10 12:18:06.794] [info] Core [0] : Systolic Array Utilization(%) 0.00 (0.00% PE util), Vector Unit Utilization(%) 0.00, Total cycle: 2424000
[2026-06-10 12:18:06.844] [info] HBM2-CH_0: BW utilization 0% (0 reads, 0 writes)
[2026-06-10 12:18:06.852] [info] Core [0] : MatMul active cycle 0 Vector active cycle 0 
[2026-06-10 12:18:06.852] [info] Core [0] : issued tile 0 
[2026-06-10 12:18:06.852] [info] Core [0] : Memory unit idle cycle 8000 Systolic bubble cycle 0 Core idle cycle 8000 
[2026-06-10 12:18:06.852] [info] Core [0] : Systolic Array Utilization(%) 0.00 (0.00% PE util), Vector Unit Utilization(%) 0.00, Total cycle: 2432000
[2026-06-10 12:18:06.904] [info] HBM2-CH_0: BW utilization 0% (0 reads, 0 writes)
[2026-06-10 12:18:06.911] [info] Core [0] : MatMul active cycle 0 Vector active cycle 0 
[2026-06-10 12:18:06.911] [info] Core [0] : issued tile 0 
[2026-06-10 12:18:06.911] [info] Core [0] : Memory unit idle cycle 8000 Systolic bubble cycle 0 Core idle cycle 8000 
[2026-06-10 12:18:06.911] [info] Core [0] : Systolic Array Utilization(%) 0.00 (0.00% PE util), Vector Unit Utilization(%) 0.00, Total cycle: 2440000
[2026-06-10 12:18:06.958] [info] HBM2-CH_0: BW utilization 0% (0 reads, 0 writes)
[2026-06-10 12:18:06.965] [info] Core [0] : MatMul active cycle 0 Vector active cycle 0 
[2026-06-10 12:18:06.965] [info] Core [0] : issued tile 0 
[2026-06-10 12:18:06.965] [info] Core [0] : Memory unit idle cycle 8000 Systolic bubble cycle 0 Core idle cycle 8000 
[2026-06-10 12:18:06.965] [info] Core [0] : Systolic Array Utilization(%) 0.00 (0.00% PE util), Vector Unit Utilization(%) 0.00, Total cycle: 2448000
[2026-06-10 12:18:07.011] [info] HBM2-CH_0: BW utilization 0% (0 reads, 0 writes)
[2026-06-10 12:18:07.018] [info] Core [0] : MatMul active cycle 0 Vector active cycle 0 
[2026-06-10 12:18:07.018] [info] Core [0] : issued tile 0 
[2026-06-10 12:18:07.018] [info] Core [0] : Memory unit idle cycle 8000 Systolic bubble cycle 0 Core idle cycle 8000 
[2026-06-10 12:18:07.018] [info] Core [0] : Systolic Array Utilization(%) 0.00 (0.00% PE util), Vector Unit Utilization(%) 0.00, Total cycle: 2456000
[2026-06-10 12:18:07.064] [info] HBM2-CH_0: BW utilization 0% (0 reads, 0 writes)
[2026-06-10 12:18:07.070] [info] Core [0] : MatMul active cycle 0 Vector active cycle 0 
[2026-06-10 12:18:07.070] [info] Core [0] : issued tile 0 
[2026-06-10 12:18:07.070] [info] Core [0] : Memory unit idle cycle 8000 Systolic bubble cycle 0 Core idle cycle 8000 
[2026-06-10 12:18:07.070] [info] Core [0] : Systolic Array Utilization(%) 0.00 (0.00% PE util), Vector Unit Utilization(%) 0.00, Total cycle: 2464000
[2026-06-10 12:18:07.117] [info] HBM2-CH_0: BW utilization 0% (0 reads, 0 writes)
[2026-06-10 12:18:07.123] [info] Core [0] : MatMul active cycle 0 Vector active cycle 0 
[2026-06-10 12:18:07.123] [info] Core [0] : issued tile 0 
[2026-06-10 12:18:07.123] [info] Core [0] : Memory unit idle cycle 8000 Systolic bubble cycle 0 Core idle cycle 8000 
[2026-06-10 12:18:07.123] [info] Core [0] : Systolic Array Utilization(%) 0.00 (0.00% PE util), Vector Unit Utilization(%) 0.00, Total cycle: 2472000
[2026-06-10 12:18:07.168] [info] HBM2-CH_0: BW utilization 0% (0 reads, 0 writes)
[2026-06-10 12:18:07.175] [info] Core [0] : MatMul active cycle 0 Vector active cycle 0 
[2026-06-10 12:18:07.175] [info] Core [0] : issued tile 0 
[2026-06-10 12:18:07.175] [info] Core [0] : Memory unit idle cycle 8000 Systolic bubble cycle 0 Core idle cycle 8000 
[2026-06-10 12:18:07.175] [info] Core [0] : Systolic Array Utilization(%) 0.00 (0.00% PE util), Vector Unit Utilization(%) 0.00, Total cycle: 2480000
[2026-06-10 12:18:07.220] [info] HBM2-CH_0: BW utilization 0% (0 reads, 0 writes)
[2026-06-10 12:18:07.227] [info] Core [0] : MatMul active cycle 0 Vector active cycle 0 
[2026-06-10 12:18:07.227] [info] Core [0] : issued tile 0 
[2026-06-10 12:18:07.227] [info] Core [0] : Memory unit idle cycle 8000 Systolic bubble cycle 0 Core idle cycle 8000 
[2026-06-10 12:18:07.227] [info] Core [0] : Systolic Array Utilization(%) 0.00 (0.00% PE util), Vector Unit Utilization(%) 0.00, Total cycle: 2488000
[2026-06-10 12:18:07.278] [info] HBM2-CH_0: BW utilization 0% (0 reads, 0 writes)
[2026-06-10 12:18:07.284] [info] Core [0] : MatMul active cycle 0 Vector active cycle 0 
[2026-06-10 12:18:07.284] [info] Core [0] : issued tile 0 
[2026-06-10 12:18:07.284] [info] Core [0] : Memory unit idle cycle 8000 Systolic bubble cycle 0 Core idle cycle 8000 
[2026-06-10 12:18:07.284] [info] Core [0] : Systolic Array Utilization(%) 0.00 (0.00% PE util), Vector Unit Utilization(%) 0.00, Total cycle: 2496000
[2026-06-10 12:18:07.330] [info] HBM2-CH_0: BW utilization 0% (0 reads, 0 writes)
[2026-06-10 12:18:07.336] [info] Core [0] : MatMul active cycle 0 Vector active cycle 0 
[2026-06-10 12:18:07.336] [info] Core [0] : issued tile 0 
[2026-06-10 12:18:07.336] [info] Core [0] : Memory unit idle cycle 8000 Systolic bubble cycle 0 Core idle cycle 8000 
[2026-06-10 12:18:07.336] [info] Core [0] : Systolic Array Utilization(%) 0.00 (0.00% PE util), Vector Unit Utilization(%) 0.00, Total cycle: 2504000
[2026-06-10 12:18:07.386] [info] HBM2-CH_0: BW utilization 0% (0 reads, 0 writes)
[2026-06-10 12:18:07.393] [info] Core [0] : MatMul active cycle 0 Vector active cycle 0 
[2026-06-10 12:18:07.393] [info] Core [0] : issued tile 0 
[2026-06-10 12:18:07.393] [info] Core [0] : Memory unit idle cycle 8000 Systolic bubble cycle 0 Core idle cycle 8000 
[2026-06-10 12:18:07.393] [info] Core [0] : Systolic Array Utilization(%) 0.00 (0.00% PE util), Vector Unit Utilization(%) 0.00, Total cycle: 2512000
[2026-06-10 12:18:07.441] [info] HBM2-CH_0: BW utilization 0% (0 reads, 0 writes)
[2026-06-10 12:18:07.448] [info] Core [0] : MatMul active cycle 0 Vector active cycle 0 
[2026-06-10 12:18:07.448] [info] Core [0] : issued tile 0 
[2026-06-10 12:18:07.448] [info] Core [0] : Memory unit idle cycle 8000 Systolic bubble cycle 0 Core idle cycle 8000 
[2026-06-10 12:18:07.448] [info] Core [0] : Systolic Array Utilization(%) 0.00 (0.00% PE util), Vector Unit Utilization(%) 0.00, Total cycle: 2520000
[2026-06-10 12:18:07.493] [info] HBM2-CH_0: BW utilization 0% (0 reads, 0 writes)
[2026-06-10 12:18:07.499] [info] Core [0] : MatMul active cycle 0 Vector active cycle 0 
[2026-06-10 12:18:07.499] [info] Core [0] : issued tile 0 
[2026-06-10 12:18:07.499] [info] Core [0] : Memory unit idle cycle 8000 Systolic bubble cycle 0 Core idle cycle 8000 
[2026-06-10 12:18:07.499] [info] Core [0] : Systolic Array Utilization(%) 0.00 (0.00% PE util), Vector Unit Utilization(%) 0.00, Total cycle: 2528000
[2026-06-10 12:18:07.544] [info] HBM2-CH_0: BW utilization 0% (0 reads, 0 writes)
[2026-06-10 12:18:07.551] [info] Core [0] : MatMul active cycle 0 Vector active cycle 0 
[2026-06-10 12:18:07.551] [info] Core [0] : issued tile 0 
[2026-06-10 12:18:07.551] [info] Core [0] : Memory unit idle cycle 8000 Systolic bubble cycle 0 Core idle cycle 8000 
[2026-06-10 12:18:07.551] [info] Core [0] : Systolic Array Utilization(%) 0.00 (0.00% PE util), Vector Unit Utilization(%) 0.00, Total cycle: 2536000
[2026-06-10 12:18:07.595] [info] HBM2-CH_0: BW utilization 0% (0 reads, 0 writes)
[2026-06-10 12:18:07.603] [info] Core [0] : MatMul active cycle 0 Vector active cycle 0 
[2026-06-10 12:18:07.603] [info] Core [0] : issued tile 0 
[2026-06-10 12:18:07.603] [info] Core [0] : Memory unit idle cycle 8000 Systolic bubble cycle 0 Core idle cycle 8000 
[2026-06-10 12:18:07.603] [info] Core [0] : Systolic Array Utilization(%) 0.00 (0.00% PE util), Vector Unit Utilization(%) 0.00, Total cycle: 2544000
[2026-06-10 12:18:07.649] [info] HBM2-CH_0: BW utilization 0% (0 reads, 0 writes)
[2026-06-10 12:18:07.655] [info] Core [0] : MatMul active cycle 0 Vector active cycle 0 
[2026-06-10 12:18:07.655] [info] Core [0] : issued tile 0 
[2026-06-10 12:18:07.655] [info] Core [0] : Memory unit idle cycle 8000 Systolic bubble cycle 0 Core idle cycle 8000 
[2026-06-10 12:18:07.655] [info] Core [0] : Systolic Array Utilization(%) 0.00 (0.00% PE util), Vector Unit Utilization(%) 0.00, Total cycle: 2552000
[2026-06-10 12:18:07.700] [info] HBM2-CH_0: BW utilization 0% (0 reads, 0 writes)
[2026-06-10 12:18:07.706] [info] Core [0] : MatMul active cycle 0 Vector active cycle 0 
[2026-06-10 12:18:07.706] [info] Core [0] : issued tile 0 
[2026-06-10 12:18:07.706] [info] Core [0] : Memory unit idle cycle 8000 Systolic bubble cycle 0 Core idle cycle 8000 
[2026-06-10 12:18:07.706] [info] Core [0] : Systolic Array Utilization(%) 0.00 (0.00% PE util), Vector Unit Utilization(%) 0.00, Total cycle: 2560000
[2026-06-10 12:18:07.752] [info] HBM2-CH_0: BW utilization 0% (0 reads, 0 writes)
[2026-06-10 12:18:07.759] [info] Core [0] : MatMul active cycle 0 Vector active cycle 0 
[2026-06-10 12:18:07.759] [info] Core [0] : issued tile 0 
[2026-06-10 12:18:07.759] [info] Core [0] : Memory unit idle cycle 8000 Systolic bubble cycle 0 Core idle cycle 8000 
[2026-06-10 12:18:07.759] [info] Core [0] : Systolic Array Utilization(%) 0.00 (0.00% PE util), Vector Unit Utilization(%) 0.00, Total cycle: 2568000
[2026-06-10 12:18:09.228] [info] HBM2-CH_0: BW utilization 34% (323 reads, 3024 writes)
[2026-06-10 12:18:09.234] [info] Core [0] : MatMul active cycle 0 Vector active cycle 0 
[2026-06-10 12:18:09.234] [info] Core [0] : issued tile 0 
[2026-06-10 12:18:09.234] [info] Core [0] : Memory unit idle cycle 8000 Systolic bubble cycle 0 Core idle cycle 8000 
[2026-06-10 12:18:09.234] [info] Core [0] : Systolic Array Utilization(%) 0.00 (0.00% PE util), Vector Unit Utilization(%) 0.00, Total cycle: 2576000
[2026-06-10 12:18:09.279] [info] HBM2-CH_0: BW utilization 0% (0 reads, 0 writes)
[2026-06-10 12:18:09.287] [info] Core [0] : MatMul active cycle 0 Vector active cycle 0 
[2026-06-10 12:18:09.287] [info] Core [0] : issued tile 0 
[2026-06-10 12:18:09.287] [info] Core [0] : Memory unit idle cycle 8000 Systolic bubble cycle 0 Core idle cycle 8000 
[2026-06-10 12:18:09.287] [info] Core [0] : Systolic Array Utilization(%) 0.00 (0.00% PE util), Vector Unit Utilization(%) 0.00, Total cycle: 2584000
[2026-06-10 12:18:09.331] [info] HBM2-CH_0: BW utilization 0% (0 reads, 0 writes)
[2026-06-10 12:18:09.338] [info] Core [0] : MatMul active cycle 0 Vector active cycle 0 
[2026-06-10 12:18:09.338] [info] Core [0] : issued tile 0 
[2026-06-10 12:18:09.338] [info] Core [0] : Memory unit idle cycle 8000 Systolic bubble cycle 0 Core idle cycle 8000 
[2026-06-10 12:18:09.338] [info] Core [0] : Systolic Array Utilization(%) 0.00 (0.00% PE util), Vector Unit Utilization(%) 0.00, Total cycle: 2592000
[2026-06-10 12:18:09.383] [info] HBM2-CH_0: BW utilization 0% (0 reads, 0 writes)
[2026-06-10 12:18:09.390] [info] Core [0] : MatMul active cycle 0 Vector active cycle 0 
[2026-06-10 12:18:09.390] [info] Core [0] : issued tile 0 
[2026-06-10 12:18:09.390] [info] Core [0] : Memory unit idle cycle 8000 Systolic bubble cycle 0 Core idle cycle 8000 
[2026-06-10 12:18:09.390] [info] Core [0] : Systolic Array Utilization(%) 0.00 (0.00% PE util), Vector Unit Utilization(%) 0.00, Total cycle: 2600000
[2026-06-10 12:18:09.435] [info] HBM2-CH_0: BW utilization 0% (0 reads, 0 writes)
[2026-06-10 12:18:09.441] [info] Core [0] : MatMul active cycle 0 Vector active cycle 0 
[2026-06-10 12:18:09.441] [info] Core [0] : issued tile 0 
[2026-06-10 12:18:09.442] [info] Core [0] : Memory unit idle cycle 8000 Systolic bubble cycle 0 Core idle cycle 8000 
[2026-06-10 12:18:09.442] [info] Core [0] : Systolic Array Utilization(%) 0.00 (0.00% PE util), Vector Unit Utilization(%) 0.00, Total cycle: 2608000
[2026-06-10 12:18:09.486] [info] HBM2-CH_0: BW utilization 0% (0 reads, 0 writes)
[2026-06-10 12:18:09.493] [info] Core [0] : MatMul active cycle 0 Vector active cycle 0 
[2026-06-10 12:18:09.493] [info] Core [0] : issued tile 0 
[2026-06-10 12:18:09.493] [info] Core [0] : Memory unit idle cycle 8000 Systolic bubble cycle 0 Core idle cycle 8000 
[2026-06-10 12:18:09.493] [info] Core [0] : Systolic Array Utilization(%) 0.00 (0.00% PE util), Vector Unit Utilization(%) 0.00, Total cycle: 2616000
[2026-06-10 12:18:09.537] [info] HBM2-CH_0: BW utilization 0% (0 reads, 0 writes)
[2026-06-10 12:18:09.544] [info] Core [0] : MatMul active cycle 0 Vector active cycle 0 
[2026-06-10 12:18:09.544] [info] Core [0] : issued tile 0 
[2026-06-10 12:18:09.544] [info] Core [0] : Memory unit idle cycle 8000 Systolic bubble cycle 0 Core idle cycle 8000 
[2026-06-10 12:18:09.544] [info] Core [0] : Systolic Array Utilization(%) 0.00 (0.00% PE util), Vector Unit Utilization(%) 0.00, Total cycle: 2624000
[2026-06-10 12:18:09.588] [info] HBM2-CH_0: BW utilization 0% (0 reads, 0 writes)
[2026-06-10 12:18:09.595] [info] Core [0] : MatMul active cycle 0 Vector active cycle 0 
[2026-06-10 12:18:09.595] [info] Core [0] : issued tile 0 
[2026-06-10 12:18:09.595] [info] Core [0] : Memory unit idle cycle 8000 Systolic bubble cycle 0 Core idle cycle 8000 
[2026-06-10 12:18:09.595] [info] Core [0] : Systolic Array Utilization(%) 0.00 (0.00% PE util), Vector Unit Utilization(%) 0.00, Total cycle: 2632000
[2026-06-10 12:18:09.639] [info] HBM2-CH_0: BW utilization 0% (0 reads, 0 writes)
[2026-06-10 12:18:09.646] [info] Core [0] : MatMul active cycle 0 Vector active cycle 0 
[2026-06-10 12:18:09.646] [info] Core [0] : issued tile 0 
[2026-06-10 12:18:09.646] [info] Core [0] : Memory unit idle cycle 8000 Systolic bubble cycle 0 Core idle cycle 8000 
[2026-06-10 12:18:09.646] [info] Core [0] : Systolic Array Utilization(%) 0.00 (0.00% PE util), Vector Unit Utilization(%) 0.00, Total cycle: 2640000
[2026-06-10 12:18:09.691] [info] HBM2-CH_0: BW utilization 0% (0 reads, 0 writes)
[2026-06-10 12:18:09.698] [info] Core [0] : MatMul active cycle 0 Vector active cycle 0 
[2026-06-10 12:18:09.698] [info] Core [0] : issued tile 0 
[2026-06-10 12:18:09.698] [info] Core [0] : Memory unit idle cycle 8000 Systolic bubble cycle 0 Core idle cycle 8000 
[2026-06-10 12:18:09.698] [info] Core [0] : Systolic Array Utilization(%) 0.00 (0.00% PE util), Vector Unit Utilization(%) 0.00, Total cycle: 2648000
[2026-06-10 12:18:09.743] [info] HBM2-CH_0: BW utilization 0% (0 reads, 0 writes)
[2026-06-10 12:18:09.750] [info] Core [0] : MatMul active cycle 0 Vector active cycle 0 
[2026-06-10 12:18:09.750] [info] Core [0] : issued tile 0 
[2026-06-10 12:18:09.750] [info] Core [0] : Memory unit idle cycle 8000 Systolic bubble cycle 0 Core idle cycle 8000 
[2026-06-10 12:18:09.750] [info] Core [0] : Systolic Array Utilization(%) 0.00 (0.00% PE util), Vector Unit Utilization(%) 0.00, Total cycle: 2656000
[2026-06-10 12:18:09.795] [info] HBM2-CH_0: BW utilization 0% (0 reads, 0 writes)
[2026-06-10 12:18:09.802] [info] Core [0] : MatMul active cycle 0 Vector active cycle 0 
[2026-06-10 12:18:09.802] [info] Core [0] : issued tile 0 
[2026-06-10 12:18:09.802] [info] Core [0] : Memory unit idle cycle 8000 Systolic bubble cycle 0 Core idle cycle 8000 
[2026-06-10 12:18:09.802] [info] Core [0] : Systolic Array Utilization(%) 0.00 (0.00% PE util), Vector Unit Utilization(%) 0.00, Total cycle: 2664000
[2026-06-10 12:18:09.848] [info] HBM2-CH_0: BW utilization 0% (0 reads, 0 writes)
[2026-06-10 12:18:09.855] [info] Core [0] : MatMul active cycle 0 Vector active cycle 0 
[2026-06-10 12:18:09.855] [info] Core [0] : issued tile 0 
[2026-06-10 12:18:09.855] [info] Core [0] : Memory unit idle cycle 8000 Systolic bubble cycle 0 Core idle cycle 8000 
[2026-06-10 12:18:09.855] [info] Core [0] : Systolic Array Utilization(%) 0.00 (0.00% PE util), Vector Unit Utilization(%) 0.00, Total cycle: 2672000
[2026-06-10 12:18:09.900] [info] HBM2-CH_0: BW utilization 0% (0 reads, 0 writes)
[2026-06-10 12:18:09.907] [info] Core [0] : MatMul active cycle 0 Vector active cycle 0 
[2026-06-10 12:18:09.907] [info] Core [0] : issued tile 0 
[2026-06-10 12:18:09.907] [info] Core [0] : Memory unit idle cycle 8000 Systolic bubble cycle 0 Core idle cycle 8000 
[2026-06-10 12:18:09.907] [info] Core [0] : Systolic Array Utilization(%) 0.00 (0.00% PE util), Vector Unit Utilization(%) 0.00, Total cycle: 2680000
[2026-06-10 12:18:09.952] [info] HBM2-CH_0: BW utilization 0% (0 reads, 0 writes)
[2026-06-10 12:18:09.959] [info] Core [0] : MatMul active cycle 0 Vector active cycle 0 
[2026-06-10 12:18:09.959] [info] Core [0] : issued tile 0 
[2026-06-10 12:18:09.959] [info] Core [0] : Memory unit idle cycle 8000 Systolic bubble cycle 0 Core idle cycle 8000 
[2026-06-10 12:18:09.959] [info] Core [0] : Systolic Array Utilization(%) 0.00 (0.00% PE util), Vector Unit Utilization(%) 0.00, Total cycle: 2688000
[2026-06-10 12:18:10.006] [info] HBM2-CH_0: BW utilization 0% (0 reads, 0 writes)
[2026-06-10 12:18:10.013] [info] Core [0] : MatMul active cycle 0 Vector active cycle 0 
[2026-06-10 12:18:10.013] [info] Core [0] : issued tile 0 
[2026-06-10 12:18:10.013] [info] Core [0] : Memory unit idle cycle 8000 Systolic bubble cycle 0 Core idle cycle 8000 
[2026-06-10 12:18:10.013] [info] Core [0] : Systolic Array Utilization(%) 0.00 (0.00% PE util), Vector Unit Utilization(%) 0.00, Total cycle: 2696000
[2026-06-10 12:18:10.057] [info] HBM2-CH_0: BW utilization 0% (0 reads, 0 writes)
[2026-06-10 12:18:10.065] [info] Core [0] : MatMul active cycle 0 Vector active cycle 0 
[2026-06-10 12:18:10.065] [info] Core [0] : issued tile 0 
[2026-06-10 12:18:10.065] [info] Core [0] : Memory unit idle cycle 8000 Systolic bubble cycle 0 Core idle cycle 8000 
[2026-06-10 12:18:10.065] [info] Core [0] : Systolic Array Utilization(%) 0.00 (0.00% PE util), Vector Unit Utilization(%) 0.00, Total cycle: 2704000
[2026-06-10 12:18:10.111] [info] HBM2-CH_0: BW utilization 0% (0 reads, 0 writes)
[2026-06-10 12:18:10.118] [info] Core [0] : MatMul active cycle 0 Vector active cycle 0 
[2026-06-10 12:18:10.118] [info] Core [0] : issued tile 0 
[2026-06-10 12:18:10.118] [info] Core [0] : Memory unit idle cycle 8000 Systolic bubble cycle 0 Core idle cycle 8000 
[2026-06-10 12:18:10.118] [info] Core [0] : Systolic Array Utilization(%) 0.00 (0.00% PE util), Vector Unit Utilization(%) 0.00, Total cycle: 2712000
[2026-06-10 12:18:10.166] [info] HBM2-CH_0: BW utilization 0% (0 reads, 0 writes)
[2026-06-10 12:18:10.175] [info] Core [0] : MatMul active cycle 0 Vector active cycle 0 
[2026-06-10 12:18:10.175] [info] Core [0] : issued tile 0 
[2026-06-10 12:18:10.175] [info] Core [0] : Memory unit idle cycle 8000 Systolic bubble cycle 0 Core idle cycle 8000 
[2026-06-10 12:18:10.175] [info] Core [0] : Systolic Array Utilization(%) 0.00 (0.00% PE util), Vector Unit Utilization(%) 0.00, Total cycle: 2720000
[2026-06-10 12:18:10.228] [info] HBM2-CH_0: BW utilization 0% (0 reads, 0 writes)
[2026-06-10 12:18:10.237] [info] Core [0] : MatMul active cycle 0 Vector active cycle 0 
[2026-06-10 12:18:10.237] [info] Core [0] : issued tile 0 
[2026-06-10 12:18:10.237] [info] Core [0] : Memory unit idle cycle 8000 Systolic bubble cycle 0 Core idle cycle 8000 
[2026-06-10 12:18:10.237] [info] Core [0] : Systolic Array Utilization(%) 0.00 (0.00% PE util), Vector Unit Utilization(%) 0.00, Total cycle: 2728000
[2026-06-10 12:18:10.286] [info] HBM2-CH_0: BW utilization 0% (0 reads, 0 writes)
[2026-06-10 12:18:10.294] [info] Core [0] : MatMul active cycle 0 Vector active cycle 0 
[2026-06-10 12:18:10.294] [info] Core [0] : issued tile 0 
[2026-06-10 12:18:10.294] [info] Core [0] : Memory unit idle cycle 8000 Systolic bubble cycle 0 Core idle cycle 8000 
[2026-06-10 12:18:10.294] [info] Core [0] : Systolic Array Utilization(%) 0.00 (0.00% PE util), Vector Unit Utilization(%) 0.00, Total cycle: 2736000
[2026-06-10 12:18:10.340] [info] HBM2-CH_0: BW utilization 0% (0 reads, 0 writes)
[2026-06-10 12:18:10.348] [info] Core [0] : MatMul active cycle 0 Vector active cycle 0 
[2026-06-10 12:18:10.348] [info] Core [0] : issued tile 0 
[2026-06-10 12:18:10.348] [info] Core [0] : Memory unit idle cycle 8000 Systolic bubble cycle 0 Core idle cycle 8000 
[2026-06-10 12:18:10.348] [info] Core [0] : Systolic Array Utilization(%) 0.00 (0.00% PE util), Vector Unit Utilization(%) 0.00, Total cycle: 2744000
[2026-06-10 12:18:10.402] [info] HBM2-CH_0: BW utilization 0% (0 reads, 0 writes)
[2026-06-10 12:18:10.410] [info] Core [0] : MatMul active cycle 0 Vector active cycle 0 
[2026-06-10 12:18:10.410] [info] Core [0] : issued tile 0 
[2026-06-10 12:18:10.410] [info] Core [0] : Memory unit idle cycle 8000 Systolic bubble cycle 0 Core idle cycle 8000 
[2026-06-10 12:18:10.410] [info] Core [0] : Systolic Array Utilization(%) 0.00 (0.00% PE util), Vector Unit Utilization(%) 0.00, Total cycle: 2752000
[2026-06-10 12:18:10.461] [info] HBM2-CH_0: BW utilization 0% (0 reads, 0 writes)
[2026-06-10 12:18:10.470] [info] Core [0] : MatMul active cycle 0 Vector active cycle 0 
[2026-06-10 12:18:10.470] [info] Core [0] : issued tile 0 
[2026-06-10 12:18:10.470] [info] Core [0] : Memory unit idle cycle 8000 Systolic bubble cycle 0 Core idle cycle 8000 
[2026-06-10 12:18:10.470] [info] Core [0] : Systolic Array Utilization(%) 0.00 (0.00% PE util), Vector Unit Utilization(%) 0.00, Total cycle: 2760000
[2026-06-10 12:18:10.514] [info] HBM2-CH_0: BW utilization 0% (0 reads, 0 writes)
[2026-06-10 12:18:10.763] [info] Core [0] : MatMul active cycle 0 Vector active cycle 0 
[2026-06-10 12:18:10.763] [info] Core [0] : issued tile 0 
[2026-06-10 12:18:10.763] [info] Core [0] : Memory unit idle cycle 8000 Systolic bubble cycle 0 Core idle cycle 8000 
[2026-06-10 12:18:10.763] [info] Core [0] : Systolic Array Utilization(%) 0.00 (0.00% PE util), Vector Unit Utilization(%) 0.00, Total cycle: 2768000
[2026-06-10 12:18:12.001] [info] HBM2-CH_0: BW utilization 34% (323 reads, 3024 writes)
[2026-06-10 12:18:12.008] [info] Core [0] : MatMul active cycle 0 Vector active cycle 0 
[2026-06-10 12:18:12.008] [info] Core [0] : issued tile 0 
[2026-06-10 12:18:12.008] [info] Core [0] : Memory unit idle cycle 8000 Systolic bubble cycle 0 Core idle cycle 8000 
[2026-06-10 12:18:12.008] [info] Core [0] : Systolic Array Utilization(%) 0.00 (0.00% PE util), Vector Unit Utilization(%) 0.00, Total cycle: 2776000
[2026-06-10 12:18:12.053] [info] HBM2-CH_0: BW utilization 0% (0 reads, 0 writes)
[2026-06-10 12:18:12.060] [info] Core [0] : MatMul active cycle 0 Vector active cycle 0 
[2026-06-10 12:18:12.060] [info] Core [0] : issued tile 0 
[2026-06-10 12:18:12.060] [info] Core [0] : Memory unit idle cycle 8000 Systolic bubble cycle 0 Core idle cycle 8000 
[2026-06-10 12:18:12.060] [info] Core [0] : Systolic Array Utilization(%) 0.00 (0.00% PE util), Vector Unit Utilization(%) 0.00, Total cycle: 2784000
[2026-06-10 12:18:12.105] [info] HBM2-CH_0: BW utilization 0% (0 reads, 0 writes)
[2026-06-10 12:18:12.113] [info] Core [0] : MatMul active cycle 0 Vector active cycle 0 
[2026-06-10 12:18:12.113] [info] Core [0] : issued tile 0 
[2026-06-10 12:18:12.113] [info] Core [0] : Memory unit idle cycle 8000 Systolic bubble cycle 0 Core idle cycle 8000 
[2026-06-10 12:18:12.113] [info] Core [0] : Systolic Array Utilization(%) 0.00 (0.00% PE util), Vector Unit Utilization(%) 0.00, Total cycle: 2792000
[2026-06-10 12:18:12.157] [info] HBM2-CH_0: BW utilization 0% (0 reads, 0 writes)
[2026-06-10 12:18:12.165] [info] Core [0] : MatMul active cycle 0 Vector active cycle 0 
[2026-06-10 12:18:12.165] [info] Core [0] : issued tile 0 
[2026-06-10 12:18:12.165] [info] Core [0] : Memory unit idle cycle 8000 Systolic bubble cycle 0 Core idle cycle 8000 
[2026-06-10 12:18:12.165] [info] Core [0] : Systolic Array Utilization(%) 0.00 (0.00% PE util), Vector Unit Utilization(%) 0.00, Total cycle: 2800000
[2026-06-10 12:18:12.210] [info] HBM2-CH_0: BW utilization 0% (0 reads, 0 writes)
[2026-06-10 12:18:12.218] [info] Core [0] : MatMul active cycle 0 Vector active cycle 0 
[2026-06-10 12:18:12.218] [info] Core [0] : issued tile 0 
[2026-06-10 12:18:12.218] [info] Core [0] : Memory unit idle cycle 8000 Systolic bubble cycle 0 Core idle cycle 8000 
[2026-06-10 12:18:12.218] [info] Core [0] : Systolic Array Utilization(%) 0.00 (0.00% PE util), Vector Unit Utilization(%) 0.00, Total cycle: 2808000
[2026-06-10 12:18:12.263] [info] HBM2-CH_0: BW utilization 0% (0 reads, 0 writes)
[2026-06-10 12:18:12.270] [info] Core [0] : MatMul active cycle 0 Vector active cycle 0 
[2026-06-10 12:18:12.270] [info] Core [0] : issued tile 0 
[2026-06-10 12:18:12.270] [info] Core [0] : Memory unit idle cycle 8000 Systolic bubble cycle 0 Core idle cycle 8000 
[2026-06-10 12:18:12.270] [info] Core [0] : Systolic Array Utilization(%) 0.00 (0.00% PE util), Vector Unit Utilization(%) 0.00, Total cycle: 2816000
[2026-06-10 12:18:12.315] [info] HBM2-CH_0: BW utilization 0% (0 reads, 0 writes)
[2026-06-10 12:18:12.323] [info] Core [0] : MatMul active cycle 0 Vector active cycle 0 
[2026-06-10 12:18:12.323] [info] Core [0] : issued tile 0 
[2026-06-10 12:18:12.323] [info] Core [0] : Memory unit idle cycle 8000 Systolic bubble cycle 0 Core idle cycle 8000 
[2026-06-10 12:18:12.323] [info] Core [0] : Systolic Array Utilization(%) 0.00 (0.00% PE util), Vector Unit Utilization(%) 0.00, Total cycle: 2824000
[2026-06-10 12:18:12.367] [info] HBM2-CH_0: BW utilization 0% (0 reads, 0 writes)
[2026-06-10 12:18:12.375] [info] Core [0] : MatMul active cycle 0 Vector active cycle 0 
[2026-06-10 12:18:12.375] [info] Core [0] : issued tile 0 
[2026-06-10 12:18:12.375] [info] Core [0] : Memory unit idle cycle 8000 Systolic bubble cycle 0 Core idle cycle 8000 
[2026-06-10 12:18:12.375] [info] Core [0] : Systolic Array Utilization(%) 0.00 (0.00% PE util), Vector Unit Utilization(%) 0.00, Total cycle: 2832000
[2026-06-10 12:18:12.421] [info] HBM2-CH_0: BW utilization 0% (0 reads, 0 writes)
[2026-06-10 12:18:12.429] [info] Core [0] : MatMul active cycle 0 Vector active cycle 0 
[2026-06-10 12:18:12.429] [info] Core [0] : issued tile 0 
[2026-06-10 12:18:12.429] [info] Core [0] : Memory unit idle cycle 8000 Systolic bubble cycle 0 Core idle cycle 8000 
[2026-06-10 12:18:12.429] [info] Core [0] : Systolic Array Utilization(%) 0.00 (0.00% PE util), Vector Unit Utilization(%) 0.00, Total cycle: 2840000
[2026-06-10 12:18:12.474] [info] HBM2-CH_0: BW utilization 0% (0 reads, 0 writes)
[2026-06-10 12:18:12.481] [info] Core [0] : MatMul active cycle 0 Vector active cycle 0 
[2026-06-10 12:18:12.481] [info] Core [0] : issued tile 0 
[2026-06-10 12:18:12.481] [info] Core [0] : Memory unit idle cycle 8000 Systolic bubble cycle 0 Core idle cycle 8000 
[2026-06-10 12:18:12.481] [info] Core [0] : Systolic Array Utilization(%) 0.00 (0.00% PE util), Vector Unit Utilization(%) 0.00, Total cycle: 2848000
[2026-06-10 12:18:12.525] [info] HBM2-CH_0: BW utilization 0% (0 reads, 0 writes)
[2026-06-10 12:18:12.532] [info] Core [0] : MatMul active cycle 0 Vector active cycle 0 
[2026-06-10 12:18:12.532] [info] Core [0] : issued tile 0 
[2026-06-10 12:18:12.532] [info] Core [0] : Memory unit idle cycle 8000 Systolic bubble cycle 0 Core idle cycle 8000 
[2026-06-10 12:18:12.532] [info] Core [0] : Systolic Array Utilization(%) 0.00 (0.00% PE util), Vector Unit Utilization(%) 0.00, Total cycle: 2856000
[2026-06-10 12:18:12.577] [info] HBM2-CH_0: BW utilization 0% (0 reads, 0 writes)
[2026-06-10 12:18:12.584] [info] Core [0] : MatMul active cycle 0 Vector active cycle 0 
[2026-06-10 12:18:12.584] [info] Core [0] : issued tile 0 
[2026-06-10 12:18:12.584] [info] Core [0] : Memory unit idle cycle 8000 Systolic bubble cycle 0 Core idle cycle 8000 
[2026-06-10 12:18:12.584] [info] Core [0] : Systolic Array Utilization(%) 0.00 (0.00% PE util), Vector Unit Utilization(%) 0.00, Total cycle: 2864000
[2026-06-10 12:18:12.629] [info] HBM2-CH_0: BW utilization 0% (0 reads, 0 writes)
[2026-06-10 12:18:12.636] [info] Core [0] : MatMul active cycle 0 Vector active cycle 0 
[2026-06-10 12:18:12.636] [info] Core [0] : issued tile 0 
[2026-06-10 12:18:12.636] [info] Core [0] : Memory unit idle cycle 8000 Systolic bubble cycle 0 Core idle cycle 8000 
[2026-06-10 12:18:12.636] [info] Core [0] : Systolic Array Utilization(%) 0.00 (0.00% PE util), Vector Unit Utilization(%) 0.00, Total cycle: 2872000
[2026-06-10 12:18:12.686] [info] HBM2-CH_0: BW utilization 0% (0 reads, 0 writes)
[2026-06-10 12:18:12.695] [info] Core [0] : MatMul active cycle 0 Vector active cycle 0 
[2026-06-10 12:18:12.695] [info] Core [0] : issued tile 0 
[2026-06-10 12:18:12.695] [info] Core [0] : Memory unit idle cycle 8000 Systolic bubble cycle 0 Core idle cycle 8000 
[2026-06-10 12:18:12.695] [info] Core [0] : Systolic Array Utilization(%) 0.00 (0.00% PE util), Vector Unit Utilization(%) 0.00, Total cycle: 2880000
[2026-06-10 12:18:12.747] [info] HBM2-CH_0: BW utilization 0% (0 reads, 0 writes)
[2026-06-10 12:18:12.756] [info] Core [0] : MatMul active cycle 0 Vector active cycle 0 
[2026-06-10 12:18:12.756] [info] Core [0] : issued tile 0 
[2026-06-10 12:18:12.756] [info] Core [0] : Memory unit idle cycle 8000 Systolic bubble cycle 0 Core idle cycle 8000 
[2026-06-10 12:18:12.756] [info] Core [0] : Systolic Array Utilization(%) 0.00 (0.00% PE util), Vector Unit Utilization(%) 0.00, Total cycle: 2888000
[2026-06-10 12:18:12.804] [info] HBM2-CH_0: BW utilization 0% (0 reads, 0 writes)
[2026-06-10 12:18:12.814] [info] Core [0] : MatMul active cycle 0 Vector active cycle 0 
[2026-06-10 12:18:12.814] [info] Core [0] : issued tile 0 
[2026-06-10 12:18:12.814] [info] Core [0] : Memory unit idle cycle 8000 Systolic bubble cycle 0 Core idle cycle 8000 
[2026-06-10 12:18:12.814] [info] Core [0] : Systolic Array Utilization(%) 0.00 (0.00% PE util), Vector Unit Utilization(%) 0.00, Total cycle: 2896000
[2026-06-10 12:18:12.867] [info] HBM2-CH_0: BW utilization 0% (0 reads, 0 writes)
[2026-06-10 12:18:12.876] [info] Core [0] : MatMul active cycle 0 Vector active cycle 0 
[2026-06-10 12:18:12.876] [info] Core [0] : issued tile 0 
[2026-06-10 12:18:12.876] [info] Core [0] : Memory unit idle cycle 8000 Systolic bubble cycle 0 Core idle cycle 8000 
[2026-06-10 12:18:12.876] [info] Core [0] : Systolic Array Utilization(%) 0.00 (0.00% PE util), Vector Unit Utilization(%) 0.00, Total cycle: 2904000
[2026-06-10 12:18:12.926] [info] HBM2-CH_0: BW utilization 0% (0 reads, 0 writes)
[2026-06-10 12:18:12.933] [info] Core [0] : MatMul active cycle 0 Vector active cycle 0 
[2026-06-10 12:18:12.933] [info] Core [0] : issued tile 0 
[2026-06-10 12:18:12.933] [info] Core [0] : Memory unit idle cycle 8000 Systolic bubble cycle 0 Core idle cycle 8000 
[2026-06-10 12:18:12.933] [info] Core [0] : Systolic Array Utilization(%) 0.00 (0.00% PE util), Vector Unit Utilization(%) 0.00, Total cycle: 2912000
[2026-06-10 12:18:12.983] [info] HBM2-CH_0: BW utilization 0% (0 reads, 0 writes)
[2026-06-10 12:18:12.991] [info] Core [0] : MatMul active cycle 0 Vector active cycle 0 
[2026-06-10 12:18:12.991] [info] Core [0] : issued tile 0 
[2026-06-10 12:18:12.991] [info] Core [0] : Memory unit idle cycle 8000 Systolic bubble cycle 0 Core idle cycle 8000 
[2026-06-10 12:18:12.991] [info] Core [0] : Systolic Array Utilization(%) 0.00 (0.00% PE util), Vector Unit Utilization(%) 0.00, Total cycle: 2920000
[2026-06-10 12:18:13.035] [info] HBM2-CH_0: BW utilization 0% (0 reads, 0 writes)
[2026-06-10 12:18:13.043] [info] Core [0] : MatMul active cycle 0 Vector active cycle 0 
[2026-06-10 12:18:13.043] [info] Core [0] : issued tile 0 
[2026-06-10 12:18:13.043] [info] Core [0] : Memory unit idle cycle 8000 Systolic bubble cycle 0 Core idle cycle 8000 
[2026-06-10 12:18:13.043] [info] Core [0] : Systolic Array Utilization(%) 0.00 (0.00% PE util), Vector Unit Utilization(%) 0.00, Total cycle: 2928000
[2026-06-10 12:18:13.087] [info] HBM2-CH_0: BW utilization 0% (0 reads, 0 writes)
[2026-06-10 12:18:13.094] [info] Core [0] : MatMul active cycle 0 Vector active cycle 0 
[2026-06-10 12:18:13.094] [info] Core [0] : issued tile 0 
[2026-06-10 12:18:13.094] [info] Core [0] : Memory unit idle cycle 8000 Systolic bubble cycle 0 Core idle cycle 8000 
[2026-06-10 12:18:13.094] [info] Core [0] : Systolic Array Utilization(%) 0.00 (0.00% PE util), Vector Unit Utilization(%) 0.00, Total cycle: 2936000
[2026-06-10 12:18:13.138] [info] HBM2-CH_0: BW utilization 0% (0 reads, 0 writes)
[2026-06-10 12:18:13.146] [info] Core [0] : MatMul active cycle 0 Vector active cycle 0 
[2026-06-10 12:18:13.146] [info] Core [0] : issued tile 0 
[2026-06-10 12:18:13.146] [info] Core [0] : Memory unit idle cycle 8000 Systolic bubble cycle 0 Core idle cycle 8000 
[2026-06-10 12:18:13.146] [info] Core [0] : Systolic Array Utilization(%) 0.00 (0.00% PE util), Vector Unit Utilization(%) 0.00, Total cycle: 2944000
[2026-06-10 12:18:13.190] [info] HBM2-CH_0: BW utilization 0% (0 reads, 0 writes)
[2026-06-10 12:18:13.198] [info] Core [0] : MatMul active cycle 0 Vector active cycle 0 
[2026-06-10 12:18:13.198] [info] Core [0] : issued tile 0 
[2026-06-10 12:18:13.198] [info] Core [0] : Memory unit idle cycle 8000 Systolic bubble cycle 0 Core idle cycle 8000 
[2026-06-10 12:18:13.198] [info] Core [0] : Systolic Array Utilization(%) 0.00 (0.00% PE util), Vector Unit Utilization(%) 0.00, Total cycle: 2952000
[2026-06-10 12:18:13.242] [info] HBM2-CH_0: BW utilization 0% (0 reads, 0 writes)
[2026-06-10 12:18:13.250] [info] Core [0] : MatMul active cycle 0 Vector active cycle 0 
[2026-06-10 12:18:13.250] [info] Core [0] : issued tile 0 
[2026-06-10 12:18:13.250] [info] Core [0] : Memory unit idle cycle 8000 Systolic bubble cycle 0 Core idle cycle 8000 
[2026-06-10 12:18:13.250] [info] Core [0] : Systolic Array Utilization(%) 0.00 (0.00% PE util), Vector Unit Utilization(%) 0.00, Total cycle: 2960000
[2026-06-10 12:18:14.267] [info] HBM2-CH_0: BW utilization 18% (0 reads, 1785 writes)
[2026-06-10 12:18:14.601] [info] Core [0] : MatMul active cycle 0 Vector active cycle 0 
[2026-06-10 12:18:14.601] [info] Core [0] : issued tile 0 
[2026-06-10 12:18:14.601] [info] Core [0] : Memory unit idle cycle 8000 Systolic bubble cycle 0 Core idle cycle 8000 
[2026-06-10 12:18:14.601] [info] Core [0] : Systolic Array Utilization(%) 0.00 (0.00% PE util), Vector Unit Utilization(%) 0.00, Total cycle: 2968000
[2026-06-10 12:18:14.844] [info] HBM2-CH_0: BW utilization 16% (318 reads, 1239 writes)
[2026-06-10 12:18:14.851] [info] Core [0] : MatMul active cycle 0 Vector active cycle 0 
[2026-06-10 12:18:14.851] [info] Core [0] : issued tile 0 
[2026-06-10 12:18:14.851] [info] Core [0] : Memory unit idle cycle 8000 Systolic bubble cycle 0 Core idle cycle 8000 
[2026-06-10 12:18:14.851] [info] Core [0] : Systolic Array Utilization(%) 0.00 (0.00% PE util), Vector Unit Utilization(%) 0.00, Total cycle: 2976000
[2026-06-10 12:18:14.895] [info] HBM2-CH_0: BW utilization 0% (0 reads, 0 writes)
[2026-06-10 12:18:14.903] [info] Core [0] : MatMul active cycle 0 Vector active cycle 0 
[2026-06-10 12:18:14.903] [info] Core [0] : issued tile 0 
[2026-06-10 12:18:14.903] [info] Core [0] : Memory unit idle cycle 8000 Systolic bubble cycle 0 Core idle cycle 8000 
[2026-06-10 12:18:14.903] [info] Core [0] : Systolic Array Utilization(%) 0.00 (0.00% PE util), Vector Unit Utilization(%) 0.00, Total cycle: 2984000
[2026-06-10 12:18:14.948] [info] HBM2-CH_0: BW utilization 0% (0 reads, 0 writes)
[2026-06-10 12:18:14.956] [info] Core [0] : MatMul active cycle 0 Vector active cycle 0 
[2026-06-10 12:18:14.956] [info] Core [0] : issued tile 0 
[2026-06-10 12:18:14.956] [info] Core [0] : Memory unit idle cycle 8000 Systolic bubble cycle 0 Core idle cycle 8000 
[2026-06-10 12:18:14.956] [info] Core [0] : Systolic Array Utilization(%) 0.00 (0.00% PE util), Vector Unit Utilization(%) 0.00, Total cycle: 2992000
[2026-06-10 12:18:15.000] [info] HBM2-CH_0: BW utilization 0% (0 reads, 0 writes)
[2026-06-10 12:18:15.008] [info] Core [0] : MatMul active cycle 0 Vector active cycle 0 
[2026-06-10 12:18:15.008] [info] Core [0] : issued tile 0 
[2026-06-10 12:18:15.008] [info] Core [0] : Memory unit idle cycle 8000 Systolic bubble cycle 0 Core idle cycle 8000 
[2026-06-10 12:18:15.008] [info] Core [0] : Systolic Array Utilization(%) 0.00 (0.00% PE util), Vector Unit Utilization(%) 0.00, Total cycle: 3000000
[2026-06-10 12:18:15.053] [info] HBM2-CH_0: BW utilization 0% (0 reads, 0 writes)
[2026-06-10 12:18:15.060] [info] Core [0] : MatMul active cycle 0 Vector active cycle 0 
[2026-06-10 12:18:15.060] [info] Core [0] : issued tile 0 
[2026-06-10 12:18:15.060] [info] Core [0] : Memory unit idle cycle 8000 Systolic bubble cycle 0 Core idle cycle 8000 
[2026-06-10 12:18:15.060] [info] Core [0] : Systolic Array Utilization(%) 0.00 (0.00% PE util), Vector Unit Utilization(%) 0.00, Total cycle: 3008000
[2026-06-10 12:18:15.105] [info] HBM2-CH_0: BW utilization 0% (0 reads, 0 writes)
[2026-06-10 12:18:15.113] [info] Core [0] : MatMul active cycle 0 Vector active cycle 0 
[2026-06-10 12:18:15.113] [info] Core [0] : issued tile 0 
[2026-06-10 12:18:15.113] [info] Core [0] : Memory unit idle cycle 8000 Systolic bubble cycle 0 Core idle cycle 8000 
[2026-06-10 12:18:15.113] [info] Core [0] : Systolic Array Utilization(%) 0.00 (0.00% PE util), Vector Unit Utilization(%) 0.00, Total cycle: 3016000
[2026-06-10 12:18:15.157] [info] HBM2-CH_0: BW utilization 0% (0 reads, 0 writes)
[2026-06-10 12:18:15.166] [info] Core [0] : MatMul active cycle 0 Vector active cycle 0 
[2026-06-10 12:18:15.166] [info] Core [0] : issued tile 0 
[2026-06-10 12:18:15.166] [info] Core [0] : Memory unit idle cycle 8000 Systolic bubble cycle 0 Core idle cycle 8000 
[2026-06-10 12:18:15.166] [info] Core [0] : Systolic Array Utilization(%) 0.00 (0.00% PE util), Vector Unit Utilization(%) 0.00, Total cycle: 3024000
[2026-06-10 12:18:15.210] [info] HBM2-CH_0: BW utilization 0% (0 reads, 0 writes)
[2026-06-10 12:18:15.218] [info] Core [0] : MatMul active cycle 0 Vector active cycle 0 
[2026-06-10 12:18:15.218] [info] Core [0] : issued tile 0 
[2026-06-10 12:18:15.218] [info] Core [0] : Memory unit idle cycle 8000 Systolic bubble cycle 0 Core idle cycle 8000 
[2026-06-10 12:18:15.218] [info] Core [0] : Systolic Array Utilization(%) 0.00 (0.00% PE util), Vector Unit Utilization(%) 0.00, Total cycle: 3032000
[2026-06-10 12:18:15.262] [info] HBM2-CH_0: BW utilization 0% (0 reads, 0 writes)
[2026-06-10 12:18:15.270] [info] Core [0] : MatMul active cycle 0 Vector active cycle 0 
[2026-06-10 12:18:15.270] [info] Core [0] : issued tile 0 
[2026-06-10 12:18:15.270] [info] Core [0] : Memory unit idle cycle 8000 Systolic bubble cycle 0 Core idle cycle 8000 
[2026-06-10 12:18:15.270] [info] Core [0] : Systolic Array Utilization(%) 0.00 (0.00% PE util), Vector Unit Utilization(%) 0.00, Total cycle: 3040000
[2026-06-10 12:18:15.314] [info] HBM2-CH_0: BW utilization 0% (0 reads, 0 writes)
[2026-06-10 12:18:15.322] [info] Core [0] : MatMul active cycle 0 Vector active cycle 0 
[2026-06-10 12:18:15.322] [info] Core [0] : issued tile 0 
[2026-06-10 12:18:15.322] [info] Core [0] : Memory unit idle cycle 8000 Systolic bubble cycle 0 Core idle cycle 8000 
[2026-06-10 12:18:15.322] [info] Core [0] : Systolic Array Utilization(%) 0.00 (0.00% PE util), Vector Unit Utilization(%) 0.00, Total cycle: 3048000
[2026-06-10 12:18:15.370] [info] HBM2-CH_0: BW utilization 0% (0 reads, 0 writes)
[2026-06-10 12:18:15.378] [info] Core [0] : MatMul active cycle 0 Vector active cycle 0 
[2026-06-10 12:18:15.378] [info] Core [0] : issued tile 0 
[2026-06-10 12:18:15.378] [info] Core [0] : Memory unit idle cycle 8000 Systolic bubble cycle 0 Core idle cycle 8000 
[2026-06-10 12:18:15.378] [info] Core [0] : Systolic Array Utilization(%) 0.00 (0.00% PE util), Vector Unit Utilization(%) 0.00, Total cycle: 3056000
[2026-06-10 12:18:15.423] [info] HBM2-CH_0: BW utilization 0% (0 reads, 0 writes)
[2026-06-10 12:18:15.431] [info] Core [0] : MatMul active cycle 0 Vector active cycle 0 
[2026-06-10 12:18:15.431] [info] Core [0] : issued tile 0 
[2026-06-10 12:18:15.431] [info] Core [0] : Memory unit idle cycle 8000 Systolic bubble cycle 0 Core idle cycle 8000 
[2026-06-10 12:18:15.431] [info] Core [0] : Systolic Array Utilization(%) 0.00 (0.00% PE util), Vector Unit Utilization(%) 0.00, Total cycle: 3064000
[2026-06-10 12:18:15.475] [info] HBM2-CH_0: BW utilization 0% (0 reads, 0 writes)
[2026-06-10 12:18:15.483] [info] Core [0] : MatMul active cycle 0 Vector active cycle 0 
[2026-06-10 12:18:15.483] [info] Core [0] : issued tile 0 
[2026-06-10 12:18:15.483] [info] Core [0] : Memory unit idle cycle 8000 Systolic bubble cycle 0 Core idle cycle 8000 
[2026-06-10 12:18:15.483] [info] Core [0] : Systolic Array Utilization(%) 0.00 (0.00% PE util), Vector Unit Utilization(%) 0.00, Total cycle: 3072000
[2026-06-10 12:18:15.527] [info] HBM2-CH_0: BW utilization 0% (0 reads, 0 writes)
[2026-06-10 12:18:15.535] [info] Core [0] : MatMul active cycle 0 Vector active cycle 0 
[2026-06-10 12:18:15.535] [info] Core [0] : issued tile 0 
[2026-06-10 12:18:15.535] [info] Core [0] : Memory unit idle cycle 8000 Systolic bubble cycle 0 Core idle cycle 8000 
[2026-06-10 12:18:15.535] [info] Core [0] : Systolic Array Utilization(%) 0.00 (0.00% PE util), Vector Unit Utilization(%) 0.00, Total cycle: 3080000
[2026-06-10 12:18:15.579] [info] HBM2-CH_0: BW utilization 0% (0 reads, 0 writes)
[2026-06-10 12:18:15.587] [info] Core [0] : MatMul active cycle 0 Vector active cycle 0 
[2026-06-10 12:18:15.587] [info] Core [0] : issued tile 0 
[2026-06-10 12:18:15.587] [info] Core [0] : Memory unit idle cycle 8000 Systolic bubble cycle 0 Core idle cycle 8000 
[2026-06-10 12:18:15.587] [info] Core [0] : Systolic Array Utilization(%) 0.00 (0.00% PE util), Vector Unit Utilization(%) 0.00, Total cycle: 3088000
[2026-06-10 12:18:15.631] [info] HBM2-CH_0: BW utilization 0% (0 reads, 0 writes)
[2026-06-10 12:18:15.639] [info] Core [0] : MatMul active cycle 0 Vector active cycle 0 
[2026-06-10 12:18:15.639] [info] Core [0] : issued tile 0 
[2026-06-10 12:18:15.639] [info] Core [0] : Memory unit idle cycle 8000 Systolic bubble cycle 0 Core idle cycle 8000 
[2026-06-10 12:18:15.639] [info] Core [0] : Systolic Array Utilization(%) 0.00 (0.00% PE util), Vector Unit Utilization(%) 0.00, Total cycle: 3096000
[2026-06-10 12:18:15.683] [info] HBM2-CH_0: BW utilization 0% (0 reads, 0 writes)
[2026-06-10 12:18:15.691] [info] Core [0] : MatMul active cycle 0 Vector active cycle 0 
[2026-06-10 12:18:15.691] [info] Core [0] : issued tile 0 
[2026-06-10 12:18:15.691] [info] Core [0] : Memory unit idle cycle 8000 Systolic bubble cycle 0 Core idle cycle 8000 
[2026-06-10 12:18:15.691] [info] Core [0] : Systolic Array Utilization(%) 0.00 (0.00% PE util), Vector Unit Utilization(%) 0.00, Total cycle: 3104000
[2026-06-10 12:18:15.734] [info] HBM2-CH_0: BW utilization 0% (0 reads, 0 writes)
[2026-06-10 12:18:15.742] [info] Core [0] : MatMul active cycle 0 Vector active cycle 0 
[2026-06-10 12:18:15.742] [info] Core [0] : issued tile 0 
[2026-06-10 12:18:15.742] [info] Core [0] : Memory unit idle cycle 8000 Systolic bubble cycle 0 Core idle cycle 8000 
[2026-06-10 12:18:15.742] [info] Core [0] : Systolic Array Utilization(%) 0.00 (0.00% PE util), Vector Unit Utilization(%) 0.00, Total cycle: 3112000
[2026-06-10 12:18:15.785] [info] HBM2-CH_0: BW utilization 0% (0 reads, 0 writes)
[2026-06-10 12:18:15.793] [info] Core [0] : MatMul active cycle 0 Vector active cycle 0 
[2026-06-10 12:18:15.793] [info] Core [0] : issued tile 0 
[2026-06-10 12:18:15.793] [info] Core [0] : Memory unit idle cycle 8000 Systolic bubble cycle 0 Core idle cycle 8000 
[2026-06-10 12:18:15.793] [info] Core [0] : Systolic Array Utilization(%) 0.00 (0.00% PE util), Vector Unit Utilization(%) 0.00, Total cycle: 3120000
[2026-06-10 12:18:15.836] [info] HBM2-CH_0: BW utilization 0% (0 reads, 0 writes)
[2026-06-10 12:18:15.844] [info] Core [0] : MatMul active cycle 0 Vector active cycle 0 
[2026-06-10 12:18:15.844] [info] Core [0] : issued tile 0 
[2026-06-10 12:18:15.844] [info] Core [0] : Memory unit idle cycle 8000 Systolic bubble cycle 0 Core idle cycle 8000 
[2026-06-10 12:18:15.844] [info] Core [0] : Systolic Array Utilization(%) 0.00 (0.00% PE util), Vector Unit Utilization(%) 0.00, Total cycle: 3128000
[2026-06-10 12:18:15.887] [info] HBM2-CH_0: BW utilization 0% (0 reads, 0 writes)
[2026-06-10 12:18:15.895] [info] Core [0] : MatMul active cycle 0 Vector active cycle 0 
[2026-06-10 12:18:15.895] [info] Core [0] : issued tile 0 
[2026-06-10 12:18:15.895] [info] Core [0] : Memory unit idle cycle 8000 Systolic bubble cycle 0 Core idle cycle 8000 
[2026-06-10 12:18:15.895] [info] Core [0] : Systolic Array Utilization(%) 0.00 (0.00% PE util), Vector Unit Utilization(%) 0.00, Total cycle: 3136000
[2026-06-10 12:18:15.939] [info] HBM2-CH_0: BW utilization 0% (0 reads, 0 writes)
[2026-06-10 12:18:15.947] [info] Core [0] : MatMul active cycle 0 Vector active cycle 0 
[2026-06-10 12:18:15.947] [info] Core [0] : issued tile 0 
[2026-06-10 12:18:15.947] [info] Core [0] : Memory unit idle cycle 8000 Systolic bubble cycle 0 Core idle cycle 8000 
[2026-06-10 12:18:15.947] [info] Core [0] : Systolic Array Utilization(%) 0.00 (0.00% PE util), Vector Unit Utilization(%) 0.00, Total cycle: 3144000
[2026-06-10 12:18:15.990] [info] HBM2-CH_0: BW utilization 0% (0 reads, 0 writes)
[2026-06-10 12:18:15.998] [info] Core [0] : MatMul active cycle 0 Vector active cycle 0 
[2026-06-10 12:18:15.998] [info] Core [0] : issued tile 0 
[2026-06-10 12:18:15.998] [info] Core [0] : Memory unit idle cycle 8000 Systolic bubble cycle 0 Core idle cycle 8000 
[2026-06-10 12:18:15.998] [info] Core [0] : Systolic Array Utilization(%) 0.00 (0.00% PE util), Vector Unit Utilization(%) 0.00, Total cycle: 3152000
[2026-06-10 12:18:16.042] [info] HBM2-CH_0: BW utilization 0% (0 reads, 0 writes)
[2026-06-10 12:18:16.050] [info] Core [0] : MatMul active cycle 0 Vector active cycle 0 
[2026-06-10 12:18:16.050] [info] Core [0] : issued tile 0 
[2026-06-10 12:18:16.050] [info] Core [0] : Memory unit idle cycle 8000 Systolic bubble cycle 0 Core idle cycle 8000 
[2026-06-10 12:18:16.050] [info] Core [0] : Systolic Array Utilization(%) 0.00 (0.00% PE util), Vector Unit Utilization(%) 0.00, Total cycle: 3160000
[2026-06-10 12:18:17.548] [info] HBM2-CH_0: BW utilization 34% (269 reads, 2996 writes)
[2026-06-10 12:18:17.566] [info] Core [0] : MatMul active cycle 0 Vector active cycle 0 
[2026-06-10 12:18:17.566] [info] Core [0] : issued tile 0 
[2026-06-10 12:18:17.566] [info] Core [0] : Memory unit idle cycle 8000 Systolic bubble cycle 0 Core idle cycle 8000 
[2026-06-10 12:18:17.566] [info] Core [0] : Systolic Array Utilization(%) 0.00 (0.00% PE util), Vector Unit Utilization(%) 0.00, Total cycle: 3168000
[2026-06-10 12:18:17.611] [info] HBM2-CH_0: BW utilization 0% (58 reads, 28 writes)
[2026-06-10 12:18:17.619] [info] Core [0] : MatMul active cycle 0 Vector active cycle 0 
[2026-06-10 12:18:17.619] [info] Core [0] : issued tile 0 
[2026-06-10 12:18:17.619] [info] Core [0] : Memory unit idle cycle 8000 Systolic bubble cycle 0 Core idle cycle 8000 
[2026-06-10 12:18:17.619] [info] Core [0] : Systolic Array Utilization(%) 0.00 (0.00% PE util), Vector Unit Utilization(%) 0.00, Total cycle: 3176000
[2026-06-10 12:18:17.662] [info] HBM2-CH_0: BW utilization 0% (0 reads, 0 writes)
[2026-06-10 12:18:17.671] [info] Core [0] : MatMul active cycle 0 Vector active cycle 0 
[2026-06-10 12:18:17.671] [info] Core [0] : issued tile 0 
[2026-06-10 12:18:17.671] [info] Core [0] : Memory unit idle cycle 8000 Systolic bubble cycle 0 Core idle cycle 8000 
[2026-06-10 12:18:17.671] [info] Core [0] : Systolic Array Utilization(%) 0.00 (0.00% PE util), Vector Unit Utilization(%) 0.00, Total cycle: 3184000
[2026-06-10 12:18:17.715] [info] HBM2-CH_0: BW utilization 0% (0 reads, 0 writes)
[2026-06-10 12:18:17.723] [info] Core [0] : MatMul active cycle 0 Vector active cycle 0 
[2026-06-10 12:18:17.723] [info] Core [0] : issued tile 0 
[2026-06-10 12:18:17.723] [info] Core [0] : Memory unit idle cycle 8000 Systolic bubble cycle 0 Core idle cycle 8000 
[2026-06-10 12:18:17.723] [info] Core [0] : Systolic Array Utilization(%) 0.00 (0.00% PE util), Vector Unit Utilization(%) 0.00, Total cycle: 3192000
[2026-06-10 12:18:17.768] [info] HBM2-CH_0: BW utilization 0% (0 reads, 0 writes)
[2026-06-10 12:18:17.776] [info] Core [0] : MatMul active cycle 0 Vector active cycle 0 
[2026-06-10 12:18:17.776] [info] Core [0] : issued tile 0 
[2026-06-10 12:18:17.776] [info] Core [0] : Memory unit idle cycle 8000 Systolic bubble cycle 0 Core idle cycle 8000 
[2026-06-10 12:18:17.776] [info] Core [0] : Systolic Array Utilization(%) 0.00 (0.00% PE util), Vector Unit Utilization(%) 0.00, Total cycle: 3200000
[2026-06-10 12:18:17.824] [info] HBM2-CH_0: BW utilization 0% (0 reads, 0 writes)
[2026-06-10 12:18:17.833] [info] Core [0] : MatMul active cycle 0 Vector active cycle 0 
[2026-06-10 12:18:17.833] [info] Core [0] : issued tile 0 
[2026-06-10 12:18:17.833] [info] Core [0] : Memory unit idle cycle 8000 Systolic bubble cycle 0 Core idle cycle 8000 
[2026-06-10 12:18:17.833] [info] Core [0] : Systolic Array Utilization(%) 0.00 (0.00% PE util), Vector Unit Utilization(%) 0.00, Total cycle: 3208000
[2026-06-10 12:18:17.878] [info] HBM2-CH_0: BW utilization 0% (0 reads, 0 writes)
[2026-06-10 12:18:17.887] [info] Core [0] : MatMul active cycle 0 Vector active cycle 0 
[2026-06-10 12:18:17.887] [info] Core [0] : issued tile 0 
[2026-06-10 12:18:17.887] [info] Core [0] : Memory unit idle cycle 8000 Systolic bubble cycle 0 Core idle cycle 8000 
[2026-06-10 12:18:17.887] [info] Core [0] : Systolic Array Utilization(%) 0.00 (0.00% PE util), Vector Unit Utilization(%) 0.00, Total cycle: 3216000
[2026-06-10 12:18:17.934] [info] HBM2-CH_0: BW utilization 0% (0 reads, 0 writes)
[2026-06-10 12:18:17.943] [info] Core [0] : MatMul active cycle 0 Vector active cycle 0 
[2026-06-10 12:18:17.943] [info] Core [0] : issued tile 0 
[2026-06-10 12:18:17.943] [info] Core [0] : Memory unit idle cycle 8000 Systolic bubble cycle 0 Core idle cycle 8000 
[2026-06-10 12:18:17.943] [info] Core [0] : Systolic Array Utilization(%) 0.00 (0.00% PE util), Vector Unit Utilization(%) 0.00, Total cycle: 3224000
[2026-06-10 12:18:17.989] [info] HBM2-CH_0: BW utilization 0% (0 reads, 0 writes)
[2026-06-10 12:18:17.998] [info] Core [0] : MatMul active cycle 0 Vector active cycle 0 
[2026-06-10 12:18:17.998] [info] Core [0] : issued tile 0 
[2026-06-10 12:18:17.998] [info] Core [0] : Memory unit idle cycle 8000 Systolic bubble cycle 0 Core idle cycle 8000 
[2026-06-10 12:18:17.998] [info] Core [0] : Systolic Array Utilization(%) 0.00 (0.00% PE util), Vector Unit Utilization(%) 0.00, Total cycle: 3232000
[2026-06-10 12:18:18.046] [info] HBM2-CH_0: BW utilization 0% (0 reads, 0 writes)
[2026-06-10 12:18:18.055] [info] Core [0] : MatMul active cycle 0 Vector active cycle 0 
[2026-06-10 12:18:18.055] [info] Core [0] : issued tile 0 
[2026-06-10 12:18:18.055] [info] Core [0] : Memory unit idle cycle 8000 Systolic bubble cycle 0 Core idle cycle 8000 
[2026-06-10 12:18:18.055] [info] Core [0] : Systolic Array Utilization(%) 0.00 (0.00% PE util), Vector Unit Utilization(%) 0.00, Total cycle: 3240000
[2026-06-10 12:18:18.101] [info] HBM2-CH_0: BW utilization 0% (0 reads, 0 writes)
[2026-06-10 12:18:18.110] [info] Core [0] : MatMul active cycle 0 Vector active cycle 0 
[2026-06-10 12:18:18.110] [info] Core [0] : issued tile 0 
[2026-06-10 12:18:18.110] [info] Core [0] : Memory unit idle cycle 8000 Systolic bubble cycle 0 Core idle cycle 8000 
[2026-06-10 12:18:18.110] [info] Core [0] : Systolic Array Utilization(%) 0.00 (0.00% PE util), Vector Unit Utilization(%) 0.00, Total cycle: 3248000
[2026-06-10 12:18:18.157] [info] HBM2-CH_0: BW utilization 0% (0 reads, 0 writes)
[2026-06-10 12:18:18.166] [info] Core [0] : MatMul active cycle 0 Vector active cycle 0 
[2026-06-10 12:18:18.166] [info] Core [0] : issued tile 0 
[2026-06-10 12:18:18.166] [info] Core [0] : Memory unit idle cycle 8000 Systolic bubble cycle 0 Core idle cycle 8000 
[2026-06-10 12:18:18.166] [info] Core [0] : Systolic Array Utilization(%) 0.00 (0.00% PE util), Vector Unit Utilization(%) 0.00, Total cycle: 3256000
[2026-06-10 12:18:18.220] [info] HBM2-CH_0: BW utilization 0% (0 reads, 0 writes)
[2026-06-10 12:18:18.229] [info] Core [0] : MatMul active cycle 0 Vector active cycle 0 
[2026-06-10 12:18:18.229] [info] Core [0] : issued tile 0 
[2026-06-10 12:18:18.229] [info] Core [0] : Memory unit idle cycle 8000 Systolic bubble cycle 0 Core idle cycle 8000 
[2026-06-10 12:18:18.229] [info] Core [0] : Systolic Array Utilization(%) 0.00 (0.00% PE util), Vector Unit Utilization(%) 0.00, Total cycle: 3264000
[2026-06-10 12:18:18.280] [info] HBM2-CH_0: BW utilization 0% (0 reads, 0 writes)
[2026-06-10 12:18:18.290] [info] Core [0] : MatMul active cycle 0 Vector active cycle 0 
[2026-06-10 12:18:18.290] [info] Core [0] : issued tile 0 
[2026-06-10 12:18:18.290] [info] Core [0] : Memory unit idle cycle 8000 Systolic bubble cycle 0 Core idle cycle 8000 
[2026-06-10 12:18:18.290] [info] Core [0] : Systolic Array Utilization(%) 0.00 (0.00% PE util), Vector Unit Utilization(%) 0.00, Total cycle: 3272000
[2026-06-10 12:18:18.339] [info] HBM2-CH_0: BW utilization 0% (0 reads, 0 writes)
[2026-06-10 12:18:18.348] [info] Core [0] : MatMul active cycle 0 Vector active cycle 0 
[2026-06-10 12:18:18.348] [info] Core [0] : issued tile 0 
[2026-06-10 12:18:18.348] [info] Core [0] : Memory unit idle cycle 8000 Systolic bubble cycle 0 Core idle cycle 8000 
[2026-06-10 12:18:18.348] [info] Core [0] : Systolic Array Utilization(%) 0.00 (0.00% PE util), Vector Unit Utilization(%) 0.00, Total cycle: 3280000
[2026-06-10 12:18:18.391] [info] HBM2-CH_0: BW utilization 0% (0 reads, 0 writes)
[2026-06-10 12:18:18.399] [info] Core [0] : MatMul active cycle 0 Vector active cycle 0 
[2026-06-10 12:18:18.399] [info] Core [0] : issued tile 0 
[2026-06-10 12:18:18.399] [info] Core [0] : Memory unit idle cycle 8000 Systolic bubble cycle 0 Core idle cycle 8000 
[2026-06-10 12:18:18.399] [info] Core [0] : Systolic Array Utilization(%) 0.00 (0.00% PE util), Vector Unit Utilization(%) 0.00, Total cycle: 3288000
[2026-06-10 12:18:18.442] [info] HBM2-CH_0: BW utilization 0% (0 reads, 0 writes)
[2026-06-10 12:18:18.451] [info] Core [0] : MatMul active cycle 0 Vector active cycle 0 
[2026-06-10 12:18:18.451] [info] Core [0] : issued tile 0 
[2026-06-10 12:18:18.451] [info] Core [0] : Memory unit idle cycle 8000 Systolic bubble cycle 0 Core idle cycle 8000 
[2026-06-10 12:18:18.451] [info] Core [0] : Systolic Array Utilization(%) 0.00 (0.00% PE util), Vector Unit Utilization(%) 0.00, Total cycle: 3296000
[2026-06-10 12:18:18.493] [info] HBM2-CH_0: BW utilization 0% (0 reads, 0 writes)
[2026-06-10 12:18:18.502] [info] Core [0] : MatMul active cycle 0 Vector active cycle 0 
[2026-06-10 12:18:18.502] [info] Core [0] : issued tile 0 
[2026-06-10 12:18:18.502] [info] Core [0] : Memory unit idle cycle 8000 Systolic bubble cycle 0 Core idle cycle 8000 
[2026-06-10 12:18:18.502] [info] Core [0] : Systolic Array Utilization(%) 0.00 (0.00% PE util), Vector Unit Utilization(%) 0.00, Total cycle: 3304000
[2026-06-10 12:18:18.544] [info] HBM2-CH_0: BW utilization 0% (0 reads, 0 writes)
[2026-06-10 12:18:18.553] [info] Core [0] : MatMul active cycle 0 Vector active cycle 0 
[2026-06-10 12:18:18.553] [info] Core [0] : issued tile 0 
[2026-06-10 12:18:18.553] [info] Core [0] : Memory unit idle cycle 8000 Systolic bubble cycle 0 Core idle cycle 8000 
[2026-06-10 12:18:18.553] [info] Core [0] : Systolic Array Utilization(%) 0.00 (0.00% PE util), Vector Unit Utilization(%) 0.00, Total cycle: 3312000
[2026-06-10 12:18:18.596] [info] HBM2-CH_0: BW utilization 0% (0 reads, 0 writes)
[2026-06-10 12:18:18.606] [info] Core [0] : MatMul active cycle 0 Vector active cycle 0 
[2026-06-10 12:18:18.606] [info] Core [0] : issued tile 0 
[2026-06-10 12:18:18.606] [info] Core [0] : Memory unit idle cycle 8000 Systolic bubble cycle 0 Core idle cycle 8000 
[2026-06-10 12:18:18.606] [info] Core [0] : Systolic Array Utilization(%) 0.00 (0.00% PE util), Vector Unit Utilization(%) 0.00, Total cycle: 3320000
[2026-06-10 12:18:18.649] [info] HBM2-CH_0: BW utilization 0% (0 reads, 0 writes)
[2026-06-10 12:18:18.658] [info] Core [0] : MatMul active cycle 0 Vector active cycle 0 
[2026-06-10 12:18:18.658] [info] Core [0] : issued tile 0 
[2026-06-10 12:18:18.658] [info] Core [0] : Memory unit idle cycle 8000 Systolic bubble cycle 0 Core idle cycle 8000 
[2026-06-10 12:18:18.658] [info] Core [0] : Systolic Array Utilization(%) 0.00 (0.00% PE util), Vector Unit Utilization(%) 0.00, Total cycle: 3328000
[2026-06-10 12:18:18.738] [info] HBM2-CH_0: BW utilization 0% (0 reads, 0 writes)
[2026-06-10 12:18:18.754] [info] Core [0] : MatMul active cycle 0 Vector active cycle 0 
[2026-06-10 12:18:18.754] [info] Core [0] : issued tile 0 
[2026-06-10 12:18:18.754] [info] Core [0] : Memory unit idle cycle 8000 Systolic bubble cycle 0 Core idle cycle 8000 
[2026-06-10 12:18:18.754] [info] Core [0] : Systolic Array Utilization(%) 0.00 (0.00% PE util), Vector Unit Utilization(%) 0.00, Total cycle: 3336000
[2026-06-10 12:18:18.804] [info] HBM2-CH_0: BW utilization 0% (0 reads, 0 writes)
[2026-06-10 12:18:18.814] [info] Core [0] : MatMul active cycle 0 Vector active cycle 0 
[2026-06-10 12:18:18.814] [info] Core [0] : issued tile 0 
[2026-06-10 12:18:18.814] [info] Core [0] : Memory unit idle cycle 8000 Systolic bubble cycle 0 Core idle cycle 8000 
[2026-06-10 12:18:18.814] [info] Core [0] : Systolic Array Utilization(%) 0.00 (0.00% PE util), Vector Unit Utilization(%) 0.00, Total cycle: 3344000
[2026-06-10 12:18:18.866] [info] HBM2-CH_0: BW utilization 0% (0 reads, 0 writes)
[2026-06-10 12:18:18.884] [info] Core [0] : MatMul active cycle 0 Vector active cycle 0 
[2026-06-10 12:18:18.884] [info] Core [0] : issued tile 0 
[2026-06-10 12:18:18.884] [info] Core [0] : Memory unit idle cycle 8000 Systolic bubble cycle 0 Core idle cycle 8000 
[2026-06-10 12:18:18.884] [info] Core [0] : Systolic Array Utilization(%) 0.00 (0.00% PE util), Vector Unit Utilization(%) 0.00, Total cycle: 3352000
[2026-06-10 12:18:18.939] [info] HBM2-CH_0: BW utilization 0% (0 reads, 0 writes)
[2026-06-10 12:18:18.998] [info] Core [0] : MatMul active cycle 0 Vector active cycle 0 
[2026-06-10 12:18:18.998] [info] Core [0] : issued tile 0 
[2026-06-10 12:18:18.998] [info] Core [0] : Memory unit idle cycle 8000 Systolic bubble cycle 0 Core idle cycle 8000 
[2026-06-10 12:18:18.998] [info] Core [0] : Systolic Array Utilization(%) 0.00 (0.00% PE util), Vector Unit Utilization(%) 0.00, Total cycle: 3360000
[2026-06-10 12:18:20.525] [info] HBM2-CH_0: BW utilization 34% (318 reads, 3024 writes)
[2026-06-10 12:18:20.533] [info] Core [0] : MatMul active cycle 0 Vector active cycle 0 
[2026-06-10 12:18:20.534] [info] Core [0] : issued tile 0 
[2026-06-10 12:18:20.534] [info] Core [0] : Memory unit idle cycle 8000 Systolic bubble cycle 0 Core idle cycle 8000 
[2026-06-10 12:18:20.534] [info] Core [0] : Systolic Array Utilization(%) 0.00 (0.00% PE util), Vector Unit Utilization(%) 0.00, Total cycle: 3368000
[2026-06-10 12:18:20.576] [info] HBM2-CH_0: BW utilization 0% (0 reads, 0 writes)
[2026-06-10 12:18:20.585] [info] Core [0] : MatMul active cycle 0 Vector active cycle 0 
[2026-06-10 12:18:20.585] [info] Core [0] : issued tile 0 
[2026-06-10 12:18:20.585] [info] Core [0] : Memory unit idle cycle 8000 Systolic bubble cycle 0 Core idle cycle 8000 
[2026-06-10 12:18:20.585] [info] Core [0] : Systolic Array Utilization(%) 0.00 (0.00% PE util), Vector Unit Utilization(%) 0.00, Total cycle: 3376000
[2026-06-10 12:18:20.628] [info] HBM2-CH_0: BW utilization 0% (0 reads, 0 writes)
[2026-06-10 12:18:20.637] [info] Core [0] : MatMul active cycle 0 Vector active cycle 0 
[2026-06-10 12:18:20.637] [info] Core [0] : issued tile 0 
[2026-06-10 12:18:20.637] [info] Core [0] : Memory unit idle cycle 8000 Systolic bubble cycle 0 Core idle cycle 8000 
[2026-06-10 12:18:20.637] [info] Core [0] : Systolic Array Utilization(%) 0.00 (0.00% PE util), Vector Unit Utilization(%) 0.00, Total cycle: 3384000
[2026-06-10 12:18:20.681] [info] HBM2-CH_0: BW utilization 0% (0 reads, 0 writes)
[2026-06-10 12:18:20.690] [info] Core [0] : MatMul active cycle 0 Vector active cycle 0 
[2026-06-10 12:18:20.690] [info] Core [0] : issued tile 0 
[2026-06-10 12:18:20.690] [info] Core [0] : Memory unit idle cycle 8000 Systolic bubble cycle 0 Core idle cycle 8000 
[2026-06-10 12:18:20.690] [info] Core [0] : Systolic Array Utilization(%) 0.00 (0.00% PE util), Vector Unit Utilization(%) 0.00, Total cycle: 3392000
[2026-06-10 12:18:20.733] [info] HBM2-CH_0: BW utilization 0% (0 reads, 0 writes)
[2026-06-10 12:18:20.742] [info] Core [0] : MatMul active cycle 0 Vector active cycle 0 
[2026-06-10 12:18:20.742] [info] Core [0] : issued tile 0 
[2026-06-10 12:18:20.742] [info] Core [0] : Memory unit idle cycle 8000 Systolic bubble cycle 0 Core idle cycle 8000 
[2026-06-10 12:18:20.742] [info] Core [0] : Systolic Array Utilization(%) 0.00 (0.00% PE util), Vector Unit Utilization(%) 0.00, Total cycle: 3400000
[2026-06-10 12:18:20.785] [info] HBM2-CH_0: BW utilization 0% (0 reads, 0 writes)
[2026-06-10 12:18:20.794] [info] Core [0] : MatMul active cycle 0 Vector active cycle 0 
[2026-06-10 12:18:20.794] [info] Core [0] : issued tile 0 
[2026-06-10 12:18:20.794] [info] Core [0] : Memory unit idle cycle 8000 Systolic bubble cycle 0 Core idle cycle 8000 
[2026-06-10 12:18:20.794] [info] Core [0] : Systolic Array Utilization(%) 0.00 (0.00% PE util), Vector Unit Utilization(%) 0.00, Total cycle: 3408000
[2026-06-10 12:18:20.839] [info] HBM2-CH_0: BW utilization 0% (0 reads, 0 writes)
[2026-06-10 12:18:20.851] [info] Core [0] : MatMul active cycle 0 Vector active cycle 0 
[2026-06-10 12:18:20.851] [info] Core [0] : issued tile 0 
[2026-06-10 12:18:20.851] [info] Core [0] : Memory unit idle cycle 8000 Systolic bubble cycle 0 Core idle cycle 8000 
[2026-06-10 12:18:20.851] [info] Core [0] : Systolic Array Utilization(%) 0.00 (0.00% PE util), Vector Unit Utilization(%) 0.00, Total cycle: 3416000
[2026-06-10 12:18:20.899] [info] HBM2-CH_0: BW utilization 0% (0 reads, 0 writes)
[2026-06-10 12:18:20.908] [info] Core [0] : MatMul active cycle 0 Vector active cycle 0 
[2026-06-10 12:18:20.908] [info] Core [0] : issued tile 0 
[2026-06-10 12:18:20.908] [info] Core [0] : Memory unit idle cycle 8000 Systolic bubble cycle 0 Core idle cycle 8000 
[2026-06-10 12:18:20.908] [info] Core [0] : Systolic Array Utilization(%) 0.00 (0.00% PE util), Vector Unit Utilization(%) 0.00, Total cycle: 3424000
[2026-06-10 12:18:20.951] [info] HBM2-CH_0: BW utilization 0% (0 reads, 0 writes)
[2026-06-10 12:18:20.960] [info] Core [0] : MatMul active cycle 0 Vector active cycle 0 
[2026-06-10 12:18:20.960] [info] Core [0] : issued tile 0 
[2026-06-10 12:18:20.960] [info] Core [0] : Memory unit idle cycle 8000 Systolic bubble cycle 0 Core idle cycle 8000 
[2026-06-10 12:18:20.960] [info] Core [0] : Systolic Array Utilization(%) 0.00 (0.00% PE util), Vector Unit Utilization(%) 0.00, Total cycle: 3432000
[2026-06-10 12:18:21.003] [info] HBM2-CH_0: BW utilization 0% (0 reads, 0 writes)
[2026-06-10 12:18:21.012] [info] Core [0] : MatMul active cycle 0 Vector active cycle 0 
[2026-06-10 12:18:21.012] [info] Core [0] : issued tile 0 
[2026-06-10 12:18:21.012] [info] Core [0] : Memory unit idle cycle 8000 Systolic bubble cycle 0 Core idle cycle 8000 
[2026-06-10 12:18:21.012] [info] Core [0] : Systolic Array Utilization(%) 0.00 (0.00% PE util), Vector Unit Utilization(%) 0.00, Total cycle: 3440000
[2026-06-10 12:18:21.056] [info] HBM2-CH_0: BW utilization 0% (0 reads, 0 writes)
[2026-06-10 12:18:21.065] [info] Core [0] : MatMul active cycle 0 Vector active cycle 0 
[2026-06-10 12:18:21.065] [info] Core [0] : issued tile 0 
[2026-06-10 12:18:21.065] [info] Core [0] : Memory unit idle cycle 8000 Systolic bubble cycle 0 Core idle cycle 8000 
[2026-06-10 12:18:21.065] [info] Core [0] : Systolic Array Utilization(%) 0.00 (0.00% PE util), Vector Unit Utilization(%) 0.00, Total cycle: 3448000
[2026-06-10 12:18:21.109] [info] HBM2-CH_0: BW utilization 0% (0 reads, 0 writes)
[2026-06-10 12:18:21.118] [info] Core [0] : MatMul active cycle 0 Vector active cycle 0 
[2026-06-10 12:18:21.118] [info] Core [0] : issued tile 0 
[2026-06-10 12:18:21.118] [info] Core [0] : Memory unit idle cycle 8000 Systolic bubble cycle 0 Core idle cycle 8000 
[2026-06-10 12:18:21.118] [info] Core [0] : Systolic Array Utilization(%) 0.00 (0.00% PE util), Vector Unit Utilization(%) 0.00, Total cycle: 3456000
[2026-06-10 12:18:21.161] [info] HBM2-CH_0: BW utilization 0% (0 reads, 0 writes)
[2026-06-10 12:18:21.170] [info] Core [0] : MatMul active cycle 0 Vector active cycle 0 
[2026-06-10 12:18:21.170] [info] Core [0] : issued tile 0 
[2026-06-10 12:18:21.170] [info] Core [0] : Memory unit idle cycle 8000 Systolic bubble cycle 0 Core idle cycle 8000 
[2026-06-10 12:18:21.170] [info] Core [0] : Systolic Array Utilization(%) 0.00 (0.00% PE util), Vector Unit Utilization(%) 0.00, Total cycle: 3464000
[2026-06-10 12:18:21.213] [info] HBM2-CH_0: BW utilization 0% (0 reads, 0 writes)
[2026-06-10 12:18:21.222] [info] Core [0] : MatMul active cycle 0 Vector active cycle 0 
[2026-06-10 12:18:21.222] [info] Core [0] : issued tile 0 
[2026-06-10 12:18:21.222] [info] Core [0] : Memory unit idle cycle 8000 Systolic bubble cycle 0 Core idle cycle 8000 
[2026-06-10 12:18:21.222] [info] Core [0] : Systolic Array Utilization(%) 0.00 (0.00% PE util), Vector Unit Utilization(%) 0.00, Total cycle: 3472000
[2026-06-10 12:18:21.265] [info] HBM2-CH_0: BW utilization 0% (0 reads, 0 writes)
[2026-06-10 12:18:21.277] [info] Core [0] : MatMul active cycle 0 Vector active cycle 0 
[2026-06-10 12:18:21.277] [info] Core [0] : issued tile 0 
[2026-06-10 12:18:21.277] [info] Core [0] : Memory unit idle cycle 8000 Systolic bubble cycle 0 Core idle cycle 8000 
[2026-06-10 12:18:21.277] [info] Core [0] : Systolic Array Utilization(%) 0.00 (0.00% PE util), Vector Unit Utilization(%) 0.00, Total cycle: 3480000
[2026-06-10 12:18:21.326] [info] HBM2-CH_0: BW utilization 0% (0 reads, 0 writes)
[2026-06-10 12:18:21.335] [info] Core [0] : MatMul active cycle 0 Vector active cycle 0 
[2026-06-10 12:18:21.335] [info] Core [0] : issued tile 0 
[2026-06-10 12:18:21.335] [info] Core [0] : Memory unit idle cycle 8000 Systolic bubble cycle 0 Core idle cycle 8000 
[2026-06-10 12:18:21.335] [info] Core [0] : Systolic Array Utilization(%) 0.00 (0.00% PE util), Vector Unit Utilization(%) 0.00, Total cycle: 3488000
[2026-06-10 12:18:21.379] [info] HBM2-CH_0: BW utilization 0% (0 reads, 0 writes)
[2026-06-10 12:18:21.389] [info] Core [0] : MatMul active cycle 0 Vector active cycle 0 
[2026-06-10 12:18:21.389] [info] Core [0] : issued tile 0 
[2026-06-10 12:18:21.389] [info] Core [0] : Memory unit idle cycle 8000 Systolic bubble cycle 0 Core idle cycle 8000 
[2026-06-10 12:18:21.389] [info] Core [0] : Systolic Array Utilization(%) 0.00 (0.00% PE util), Vector Unit Utilization(%) 0.00, Total cycle: 3496000
[2026-06-10 12:18:21.436] [info] HBM2-CH_0: BW utilization 0% (0 reads, 0 writes)
[2026-06-10 12:18:21.445] [info] Core [0] : MatMul active cycle 0 Vector active cycle 0 
[2026-06-10 12:18:21.445] [info] Core [0] : issued tile 0 
[2026-06-10 12:18:21.445] [info] Core [0] : Memory unit idle cycle 8000 Systolic bubble cycle 0 Core idle cycle 8000 
[2026-06-10 12:18:21.445] [info] Core [0] : Systolic Array Utilization(%) 0.00 (0.00% PE util), Vector Unit Utilization(%) 0.00, Total cycle: 3504000
[2026-06-10 12:18:21.490] [info] HBM2-CH_0: BW utilization 0% (0 reads, 0 writes)
[2026-06-10 12:18:21.499] [info] Core [0] : MatMul active cycle 0 Vector active cycle 0 
[2026-06-10 12:18:21.499] [info] Core [0] : issued tile 0 
[2026-06-10 12:18:21.499] [info] Core [0] : Memory unit idle cycle 8000 Systolic bubble cycle 0 Core idle cycle 8000 
[2026-06-10 12:18:21.499] [info] Core [0] : Systolic Array Utilization(%) 0.00 (0.00% PE util), Vector Unit Utilization(%) 0.00, Total cycle: 3512000
[2026-06-10 12:18:21.541] [info] HBM2-CH_0: BW utilization 0% (0 reads, 0 writes)
[2026-06-10 12:18:21.550] [info] Core [0] : MatMul active cycle 0 Vector active cycle 0 
[2026-06-10 12:18:21.550] [info] Core [0] : issued tile 0 
[2026-06-10 12:18:21.550] [info] Core [0] : Memory unit idle cycle 8000 Systolic bubble cycle 0 Core idle cycle 8000 
[2026-06-10 12:18:21.550] [info] Core [0] : Systolic Array Utilization(%) 0.00 (0.00% PE util), Vector Unit Utilization(%) 0.00, Total cycle: 3520000
[2026-06-10 12:18:21.593] [info] HBM2-CH_0: BW utilization 0% (0 reads, 0 writes)
[2026-06-10 12:18:21.602] [info] Core [0] : MatMul active cycle 0 Vector active cycle 0 
[2026-06-10 12:18:21.602] [info] Core [0] : issued tile 0 
[2026-06-10 12:18:21.602] [info] Core [0] : Memory unit idle cycle 8000 Systolic bubble cycle 0 Core idle cycle 8000 
[2026-06-10 12:18:21.602] [info] Core [0] : Systolic Array Utilization(%) 0.00 (0.00% PE util), Vector Unit Utilization(%) 0.00, Total cycle: 3528000
[2026-06-10 12:18:21.645] [info] HBM2-CH_0: BW utilization 0% (0 reads, 0 writes)
[2026-06-10 12:18:21.654] [info] Core [0] : MatMul active cycle 0 Vector active cycle 0 
[2026-06-10 12:18:21.654] [info] Core [0] : issued tile 0 
[2026-06-10 12:18:21.654] [info] Core [0] : Memory unit idle cycle 8000 Systolic bubble cycle 0 Core idle cycle 8000 
[2026-06-10 12:18:21.654] [info] Core [0] : Systolic Array Utilization(%) 0.00 (0.00% PE util), Vector Unit Utilization(%) 0.00, Total cycle: 3536000
[2026-06-10 12:18:21.701] [info] HBM2-CH_0: BW utilization 0% (0 reads, 0 writes)
[2026-06-10 12:18:21.711] [info] Core [0] : MatMul active cycle 0 Vector active cycle 0 
[2026-06-10 12:18:21.711] [info] Core [0] : issued tile 0 
[2026-06-10 12:18:21.711] [info] Core [0] : Memory unit idle cycle 8000 Systolic bubble cycle 0 Core idle cycle 8000 
[2026-06-10 12:18:21.711] [info] Core [0] : Systolic Array Utilization(%) 0.00 (0.00% PE util), Vector Unit Utilization(%) 0.00, Total cycle: 3544000
[2026-06-10 12:18:21.753] [info] HBM2-CH_0: BW utilization 0% (0 reads, 0 writes)
[2026-06-10 12:18:21.762] [info] Core [0] : MatMul active cycle 0 Vector active cycle 0 
[2026-06-10 12:18:21.762] [info] Core [0] : issued tile 0 
[2026-06-10 12:18:21.762] [info] Core [0] : Memory unit idle cycle 8000 Systolic bubble cycle 0 Core idle cycle 8000 
[2026-06-10 12:18:21.762] [info] Core [0] : Systolic Array Utilization(%) 0.00 (0.00% PE util), Vector Unit Utilization(%) 0.00, Total cycle: 3552000
[2026-06-10 12:18:22.275] [info] HBM2-CH_0: BW utilization 11% (0 reads, 1056 writes)
[2026-06-10 12:18:22.829] [info] Core [0] : MatMul active cycle 0 Vector active cycle 0 
[2026-06-10 12:18:22.829] [info] Core [0] : issued tile 0 
[2026-06-10 12:18:22.829] [info] Core [0] : Memory unit idle cycle 8000 Systolic bubble cycle 0 Core idle cycle 8000 
[2026-06-10 12:18:22.829] [info] Core [0] : Systolic Array Utilization(%) 0.00 (0.00% PE util), Vector Unit Utilization(%) 0.00, Total cycle: 3560000
[2026-06-10 12:18:23.264] [info] HBM2-CH_0: BW utilization 23% (330 reads, 1968 writes)
[2026-06-10 12:18:23.273] [info] Core [0] : MatMul active cycle 0 Vector active cycle 0 
[2026-06-10 12:18:23.273] [info] Core [0] : issued tile 0 
[2026-06-10 12:18:23.273] [info] Core [0] : Memory unit idle cycle 8000 Systolic bubble cycle 0 Core idle cycle 8000 
[2026-06-10 12:18:23.273] [info] Core [0] : Systolic Array Utilization(%) 0.00 (0.00% PE util), Vector Unit Utilization(%) 0.00, Total cycle: 3568000
[2026-06-10 12:18:23.316] [info] HBM2-CH_0: BW utilization 0% (0 reads, 0 writes)
[2026-06-10 12:18:23.325] [info] Core [0] : MatMul active cycle 0 Vector active cycle 0 
[2026-06-10 12:18:23.325] [info] Core [0] : issued tile 0 
[2026-06-10 12:18:23.325] [info] Core [0] : Memory unit idle cycle 8000 Systolic bubble cycle 0 Core idle cycle 8000 
[2026-06-10 12:18:23.325] [info] Core [0] : Systolic Array Utilization(%) 0.00 (0.00% PE util), Vector Unit Utilization(%) 0.00, Total cycle: 3576000
[2026-06-10 12:18:23.368] [info] HBM2-CH_0: BW utilization 0% (0 reads, 0 writes)
[2026-06-10 12:18:23.378] [info] Core [0] : MatMul active cycle 0 Vector active cycle 0 
[2026-06-10 12:18:23.378] [info] Core [0] : issued tile 0 
[2026-06-10 12:18:23.378] [info] Core [0] : Memory unit idle cycle 8000 Systolic bubble cycle 0 Core idle cycle 8000 
[2026-06-10 12:18:23.378] [info] Core [0] : Systolic Array Utilization(%) 0.00 (0.00% PE util), Vector Unit Utilization(%) 0.00, Total cycle: 3584000
[2026-06-10 12:18:23.421] [info] HBM2-CH_0: BW utilization 0% (0 reads, 0 writes)
[2026-06-10 12:18:23.430] [info] Core [0] : MatMul active cycle 0 Vector active cycle 0 
[2026-06-10 12:18:23.430] [info] Core [0] : issued tile 0 
[2026-06-10 12:18:23.430] [info] Core [0] : Memory unit idle cycle 8000 Systolic bubble cycle 0 Core idle cycle 8000 
[2026-06-10 12:18:23.430] [info] Core [0] : Systolic Array Utilization(%) 0.00 (0.00% PE util), Vector Unit Utilization(%) 0.00, Total cycle: 3592000
[2026-06-10 12:18:23.474] [info] HBM2-CH_0: BW utilization 0% (0 reads, 0 writes)
[2026-06-10 12:18:23.483] [info] Core [0] : MatMul active cycle 0 Vector active cycle 0 
[2026-06-10 12:18:23.483] [info] Core [0] : issued tile 0 
[2026-06-10 12:18:23.483] [info] Core [0] : Memory unit idle cycle 8000 Systolic bubble cycle 0 Core idle cycle 8000 
[2026-06-10 12:18:23.483] [info] Core [0] : Systolic Array Utilization(%) 0.00 (0.00% PE util), Vector Unit Utilization(%) 0.00, Total cycle: 3600000
[2026-06-10 12:18:23.527] [info] HBM2-CH_0: BW utilization 0% (0 reads, 0 writes)
[2026-06-10 12:18:23.536] [info] Core [0] : MatMul active cycle 0 Vector active cycle 0 
[2026-06-10 12:18:23.536] [info] Core [0] : issued tile 0 
[2026-06-10 12:18:23.536] [info] Core [0] : Memory unit idle cycle 8000 Systolic bubble cycle 0 Core idle cycle 8000 
[2026-06-10 12:18:23.536] [info] Core [0] : Systolic Array Utilization(%) 0.00 (0.00% PE util), Vector Unit Utilization(%) 0.00, Total cycle: 3608000
[2026-06-10 12:18:23.579] [info] HBM2-CH_0: BW utilization 0% (0 reads, 0 writes)
[2026-06-10 12:18:23.588] [info] Core [0] : MatMul active cycle 0 Vector active cycle 0 
[2026-06-10 12:18:23.588] [info] Core [0] : issued tile 0 
[2026-06-10 12:18:23.588] [info] Core [0] : Memory unit idle cycle 8000 Systolic bubble cycle 0 Core idle cycle 8000 
[2026-06-10 12:18:23.588] [info] Core [0] : Systolic Array Utilization(%) 0.00 (0.00% PE util), Vector Unit Utilization(%) 0.00, Total cycle: 3616000
[2026-06-10 12:18:23.631] [info] HBM2-CH_0: BW utilization 0% (0 reads, 0 writes)
[2026-06-10 12:18:23.640] [info] Core [0] : MatMul active cycle 0 Vector active cycle 0 
[2026-06-10 12:18:23.640] [info] Core [0] : issued tile 0 
[2026-06-10 12:18:23.640] [info] Core [0] : Memory unit idle cycle 8000 Systolic bubble cycle 0 Core idle cycle 8000 
[2026-06-10 12:18:23.640] [info] Core [0] : Systolic Array Utilization(%) 0.00 (0.00% PE util), Vector Unit Utilization(%) 0.00, Total cycle: 3624000
[2026-06-10 12:18:23.683] [info] HBM2-CH_0: BW utilization 0% (0 reads, 0 writes)
[2026-06-10 12:18:23.693] [info] Core [0] : MatMul active cycle 0 Vector active cycle 0 
[2026-06-10 12:18:23.693] [info] Core [0] : issued tile 0 
[2026-06-10 12:18:23.693] [info] Core [0] : Memory unit idle cycle 8000 Systolic bubble cycle 0 Core idle cycle 8000 
[2026-06-10 12:18:23.693] [info] Core [0] : Systolic Array Utilization(%) 0.00 (0.00% PE util), Vector Unit Utilization(%) 0.00, Total cycle: 3632000
[2026-06-10 12:18:23.735] [info] HBM2-CH_0: BW utilization 0% (0 reads, 0 writes)
[2026-06-10 12:18:23.745] [info] Core [0] : MatMul active cycle 0 Vector active cycle 0 
[2026-06-10 12:18:23.745] [info] Core [0] : issued tile 0 
[2026-06-10 12:18:23.745] [info] Core [0] : Memory unit idle cycle 8000 Systolic bubble cycle 0 Core idle cycle 8000 
[2026-06-10 12:18:23.745] [info] Core [0] : Systolic Array Utilization(%) 0.00 (0.00% PE util), Vector Unit Utilization(%) 0.00, Total cycle: 3640000
[2026-06-10 12:18:23.792] [info] HBM2-CH_0: BW utilization 0% (0 reads, 0 writes)
[2026-06-10 12:18:23.803] [info] Core [0] : MatMul active cycle 0 Vector active cycle 0 
[2026-06-10 12:18:23.803] [info] Core [0] : issued tile 0 
[2026-06-10 12:18:23.803] [info] Core [0] : Memory unit idle cycle 8000 Systolic bubble cycle 0 Core idle cycle 8000 
[2026-06-10 12:18:23.803] [info] Core [0] : Systolic Array Utilization(%) 0.00 (0.00% PE util), Vector Unit Utilization(%) 0.00, Total cycle: 3648000
[2026-06-10 12:18:23.848] [info] HBM2-CH_0: BW utilization 0% (0 reads, 0 writes)
[2026-06-10 12:18:23.858] [info] Core [0] : MatMul active cycle 0 Vector active cycle 0 
[2026-06-10 12:18:23.858] [info] Core [0] : issued tile 0 
[2026-06-10 12:18:23.858] [info] Core [0] : Memory unit idle cycle 8000 Systolic bubble cycle 0 Core idle cycle 8000 
[2026-06-10 12:18:23.858] [info] Core [0] : Systolic Array Utilization(%) 0.00 (0.00% PE util), Vector Unit Utilization(%) 0.00, Total cycle: 3656000
[2026-06-10 12:18:23.905] [info] HBM2-CH_0: BW utilization 0% (0 reads, 0 writes)
[2026-06-10 12:18:23.917] [info] Core [0] : MatMul active cycle 0 Vector active cycle 0 
[2026-06-10 12:18:23.917] [info] Core [0] : issued tile 0 
[2026-06-10 12:18:23.917] [info] Core [0] : Memory unit idle cycle 8000 Systolic bubble cycle 0 Core idle cycle 8000 
[2026-06-10 12:18:23.917] [info] Core [0] : Systolic Array Utilization(%) 0.00 (0.00% PE util), Vector Unit Utilization(%) 0.00, Total cycle: 3664000
[2026-06-10 12:18:23.965] [info] HBM2-CH_0: BW utilization 0% (0 reads, 0 writes)
[2026-06-10 12:18:23.975] [info] Core [0] : MatMul active cycle 0 Vector active cycle 0 
[2026-06-10 12:18:23.975] [info] Core [0] : issued tile 0 
[2026-06-10 12:18:23.975] [info] Core [0] : Memory unit idle cycle 8000 Systolic bubble cycle 0 Core idle cycle 8000 
[2026-06-10 12:18:23.975] [info] Core [0] : Systolic Array Utilization(%) 0.00 (0.00% PE util), Vector Unit Utilization(%) 0.00, Total cycle: 3672000
[2026-06-10 12:18:24.018] [info] HBM2-CH_0: BW utilization 0% (0 reads, 0 writes)
[2026-06-10 12:18:24.027] [info] Core [0] : MatMul active cycle 0 Vector active cycle 0 
[2026-06-10 12:18:24.027] [info] Core [0] : issued tile 0 
[2026-06-10 12:18:24.027] [info] Core [0] : Memory unit idle cycle 8000 Systolic bubble cycle 0 Core idle cycle 8000 
[2026-06-10 12:18:24.027] [info] Core [0] : Systolic Array Utilization(%) 0.00 (0.00% PE util), Vector Unit Utilization(%) 0.00, Total cycle: 3680000
[2026-06-10 12:18:24.071] [info] HBM2-CH_0: BW utilization 0% (0 reads, 0 writes)
[2026-06-10 12:18:24.081] [info] Core [0] : MatMul active cycle 0 Vector active cycle 0 
[2026-06-10 12:18:24.081] [info] Core [0] : issued tile 0 
[2026-06-10 12:18:24.081] [info] Core [0] : Memory unit idle cycle 8000 Systolic bubble cycle 0 Core idle cycle 8000 
[2026-06-10 12:18:24.081] [info] Core [0] : Systolic Array Utilization(%) 0.00 (0.00% PE util), Vector Unit Utilization(%) 0.00, Total cycle: 3688000
[2026-06-10 12:18:24.123] [info] HBM2-CH_0: BW utilization 0% (0 reads, 0 writes)
[2026-06-10 12:18:24.133] [info] Core [0] : MatMul active cycle 0 Vector active cycle 0 
[2026-06-10 12:18:24.133] [info] Core [0] : issued tile 0 
[2026-06-10 12:18:24.133] [info] Core [0] : Memory unit idle cycle 8000 Systolic bubble cycle 0 Core idle cycle 8000 
[2026-06-10 12:18:24.133] [info] Core [0] : Systolic Array Utilization(%) 0.00 (0.00% PE util), Vector Unit Utilization(%) 0.00, Total cycle: 3696000
[2026-06-10 12:18:24.176] [info] HBM2-CH_0: BW utilization 0% (0 reads, 0 writes)
[2026-06-10 12:18:24.186] [info] Core [0] : MatMul active cycle 0 Vector active cycle 0 
[2026-06-10 12:18:24.186] [info] Core [0] : issued tile 0 
[2026-06-10 12:18:24.186] [info] Core [0] : Memory unit idle cycle 8000 Systolic bubble cycle 0 Core idle cycle 8000 
[2026-06-10 12:18:24.186] [info] Core [0] : Systolic Array Utilization(%) 0.00 (0.00% PE util), Vector Unit Utilization(%) 0.00, Total cycle: 3704000
[2026-06-10 12:18:24.228] [info] HBM2-CH_0: BW utilization 0% (0 reads, 0 writes)
[2026-06-10 12:18:24.238] [info] Core [0] : MatMul active cycle 0 Vector active cycle 0 
[2026-06-10 12:18:24.238] [info] Core [0] : issued tile 0 
[2026-06-10 12:18:24.238] [info] Core [0] : Memory unit idle cycle 8000 Systolic bubble cycle 0 Core idle cycle 8000 
[2026-06-10 12:18:24.238] [info] Core [0] : Systolic Array Utilization(%) 0.00 (0.00% PE util), Vector Unit Utilization(%) 0.00, Total cycle: 3712000
[2026-06-10 12:18:24.285] [info] HBM2-CH_0: BW utilization 0% (0 reads, 0 writes)
[2026-06-10 12:18:24.296] [info] Core [0] : MatMul active cycle 0 Vector active cycle 0 
[2026-06-10 12:18:24.296] [info] Core [0] : issued tile 0 
[2026-06-10 12:18:24.296] [info] Core [0] : Memory unit idle cycle 8000 Systolic bubble cycle 0 Core idle cycle 8000 
[2026-06-10 12:18:24.296] [info] Core [0] : Systolic Array Utilization(%) 0.00 (0.00% PE util), Vector Unit Utilization(%) 0.00, Total cycle: 3720000
[2026-06-10 12:18:24.342] [info] HBM2-CH_0: BW utilization 0% (0 reads, 0 writes)
[2026-06-10 12:18:24.351] [info] Core [0] : MatMul active cycle 0 Vector active cycle 0 
[2026-06-10 12:18:24.351] [info] Core [0] : issued tile 0 
[2026-06-10 12:18:24.351] [info] Core [0] : Memory unit idle cycle 8000 Systolic bubble cycle 0 Core idle cycle 8000 
[2026-06-10 12:18:24.351] [info] Core [0] : Systolic Array Utilization(%) 0.00 (0.00% PE util), Vector Unit Utilization(%) 0.00, Total cycle: 3728000
[2026-06-10 12:18:24.394] [info] HBM2-CH_0: BW utilization 0% (0 reads, 0 writes)
[2026-06-10 12:18:24.404] [info] Core [0] : MatMul active cycle 0 Vector active cycle 0 
[2026-06-10 12:18:24.404] [info] Core [0] : issued tile 0 
[2026-06-10 12:18:24.404] [info] Core [0] : Memory unit idle cycle 8000 Systolic bubble cycle 0 Core idle cycle 8000 
[2026-06-10 12:18:24.404] [info] Core [0] : Systolic Array Utilization(%) 0.00 (0.00% PE util), Vector Unit Utilization(%) 0.00, Total cycle: 3736000
[2026-06-10 12:18:24.446] [info] HBM2-CH_0: BW utilization 0% (0 reads, 0 writes)
[2026-06-10 12:18:24.456] [info] Core [0] : MatMul active cycle 0 Vector active cycle 0 
[2026-06-10 12:18:24.456] [info] Core [0] : issued tile 0 
[2026-06-10 12:18:24.456] [info] Core [0] : Memory unit idle cycle 8000 Systolic bubble cycle 0 Core idle cycle 8000 
[2026-06-10 12:18:24.456] [info] Core [0] : Systolic Array Utilization(%) 0.00 (0.00% PE util), Vector Unit Utilization(%) 0.00, Total cycle: 3744000
[2026-06-10 12:18:24.499] [info] HBM2-CH_0: BW utilization 0% (0 reads, 0 writes)
[2026-06-10 12:18:24.508] [info] Core [0] : MatMul active cycle 0 Vector active cycle 0 
[2026-06-10 12:18:24.508] [info] Core [0] : issued tile 0 
[2026-06-10 12:18:24.508] [info] Core [0] : Memory unit idle cycle 8000 Systolic bubble cycle 0 Core idle cycle 8000 
[2026-06-10 12:18:24.508] [info] Core [0] : Systolic Array Utilization(%) 0.00 (0.00% PE util), Vector Unit Utilization(%) 0.00, Total cycle: 3752000
[2026-06-10 12:18:25.782] [info] HBM2-CH_0: BW utilization 27% (194 reads, 2455 writes)
[2026-06-10 12:18:25.925] [info] Core [0] : MatMul active cycle 0 Vector active cycle 0 
[2026-06-10 12:18:25.925] [info] Core [0] : issued tile 0 
[2026-06-10 12:18:25.925] [info] Core [0] : Memory unit idle cycle 8000 Systolic bubble cycle 0 Core idle cycle 8000 
[2026-06-10 12:18:25.925] [info] Core [0] : Systolic Array Utilization(%) 0.00 (0.00% PE util), Vector Unit Utilization(%) 0.00, Total cycle: 3760000
[2026-06-10 12:18:25.967] [info] HBM2-CH_0: BW utilization 7% (133 reads, 569 writes)
[2026-06-10 12:18:25.978] [info] Core [0] : MatMul active cycle 0 Vector active cycle 0 
[2026-06-10 12:18:25.978] [info] Core [0] : issued tile 0 
[2026-06-10 12:18:25.978] [info] Core [0] : Memory unit idle cycle 8000 Systolic bubble cycle 0 Core idle cycle 8000 
[2026-06-10 12:18:25.978] [info] Core [0] : Systolic Array Utilization(%) 0.00 (0.00% PE util), Vector Unit Utilization(%) 0.00, Total cycle: 3768000
[2026-06-10 12:18:26.027] [info] HBM2-CH_0: BW utilization 0% (0 reads, 0 writes)
[2026-06-10 12:18:26.038] [info] Core [0] : MatMul active cycle 0 Vector active cycle 0 
[2026-06-10 12:18:26.038] [info] Core [0] : issued tile 0 
[2026-06-10 12:18:26.038] [info] Core [0] : Memory unit idle cycle 8000 Systolic bubble cycle 0 Core idle cycle 8000 
[2026-06-10 12:18:26.038] [info] Core [0] : Systolic Array Utilization(%) 0.00 (0.00% PE util), Vector Unit Utilization(%) 0.00, Total cycle: 3776000
[2026-06-10 12:18:26.086] [info] HBM2-CH_0: BW utilization 0% (0 reads, 0 writes)
[2026-06-10 12:18:26.096] [info] Core [0] : MatMul active cycle 0 Vector active cycle 0 
[2026-06-10 12:18:26.096] [info] Core [0] : issued tile 0 
[2026-06-10 12:18:26.096] [info] Core [0] : Memory unit idle cycle 8000 Systolic bubble cycle 0 Core idle cycle 8000 
[2026-06-10 12:18:26.096] [info] Core [0] : Systolic Array Utilization(%) 0.00 (0.00% PE util), Vector Unit Utilization(%) 0.00, Total cycle: 3784000
[2026-06-10 12:18:26.144] [info] HBM2-CH_0: BW utilization 0% (0 reads, 0 writes)
[2026-06-10 12:18:26.161] [info] Core [0] : MatMul active cycle 0 Vector active cycle 0 
[2026-06-10 12:18:26.161] [info] Core [0] : issued tile 0 
[2026-06-10 12:18:26.161] [info] Core [0] : Memory unit idle cycle 8000 Systolic bubble cycle 0 Core idle cycle 8000 
[2026-06-10 12:18:26.161] [info] Core [0] : Systolic Array Utilization(%) 0.00 (0.00% PE util), Vector Unit Utilization(%) 0.00, Total cycle: 3792000
[2026-06-10 12:18:26.231] [info] HBM2-CH_0: BW utilization 0% (0 reads, 0 writes)
[2026-06-10 12:18:26.247] [info] Core [0] : MatMul active cycle 0 Vector active cycle 0 
[2026-06-10 12:18:26.247] [info] Core [0] : issued tile 0 
[2026-06-10 12:18:26.247] [info] Core [0] : Memory unit idle cycle 8000 Systolic bubble cycle 0 Core idle cycle 8000 
[2026-06-10 12:18:26.247] [info] Core [0] : Systolic Array Utilization(%) 0.00 (0.00% PE util), Vector Unit Utilization(%) 0.00, Total cycle: 3800000
[2026-06-10 12:18:26.313] [info] HBM2-CH_0: BW utilization 0% (0 reads, 0 writes)
[2026-06-10 12:18:26.327] [info] Core [0] : MatMul active cycle 0 Vector active cycle 0 
[2026-06-10 12:18:26.327] [info] Core [0] : issued tile 0 
[2026-06-10 12:18:26.327] [info] Core [0] : Memory unit idle cycle 8000 Systolic bubble cycle 0 Core idle cycle 8000 
[2026-06-10 12:18:26.327] [info] Core [0] : Systolic Array Utilization(%) 0.00 (0.00% PE util), Vector Unit Utilization(%) 0.00, Total cycle: 3808000
[2026-06-10 12:18:26.372] [info] HBM2-CH_0: BW utilization 0% (0 reads, 0 writes)
[2026-06-10 12:18:26.382] [info] Core [0] : MatMul active cycle 0 Vector active cycle 0 
[2026-06-10 12:18:26.382] [info] Core [0] : issued tile 0 
[2026-06-10 12:18:26.382] [info] Core [0] : Memory unit idle cycle 8000 Systolic bubble cycle 0 Core idle cycle 8000 
[2026-06-10 12:18:26.382] [info] Core [0] : Systolic Array Utilization(%) 0.00 (0.00% PE util), Vector Unit Utilization(%) 0.00, Total cycle: 3816000
[2026-06-10 12:18:26.431] [info] HBM2-CH_0: BW utilization 0% (0 reads, 0 writes)
[2026-06-10 12:18:26.445] [info] Core [0] : MatMul active cycle 0 Vector active cycle 0 
[2026-06-10 12:18:26.445] [info] Core [0] : issued tile 0 
[2026-06-10 12:18:26.445] [info] Core [0] : Memory unit idle cycle 8000 Systolic bubble cycle 0 Core idle cycle 8000 
[2026-06-10 12:18:26.445] [info] Core [0] : Systolic Array Utilization(%) 0.00 (0.00% PE util), Vector Unit Utilization(%) 0.00, Total cycle: 3824000
[2026-06-10 12:18:26.489] [info] HBM2-CH_0: BW utilization 0% (0 reads, 0 writes)
[2026-06-10 12:18:26.499] [info] Core [0] : MatMul active cycle 0 Vector active cycle 0 
[2026-06-10 12:18:26.499] [info] Core [0] : issued tile 0 
[2026-06-10 12:18:26.499] [info] Core [0] : Memory unit idle cycle 8000 Systolic bubble cycle 0 Core idle cycle 8000 
[2026-06-10 12:18:26.499] [info] Core [0] : Systolic Array Utilization(%) 0.00 (0.00% PE util), Vector Unit Utilization(%) 0.00, Total cycle: 3832000
[2026-06-10 12:18:26.541] [info] HBM2-CH_0: BW utilization 0% (0 reads, 0 writes)
[2026-06-10 12:18:26.551] [info] Core [0] : MatMul active cycle 0 Vector active cycle 0 
[2026-06-10 12:18:26.551] [info] Core [0] : issued tile 0 
[2026-06-10 12:18:26.551] [info] Core [0] : Memory unit idle cycle 8000 Systolic bubble cycle 0 Core idle cycle 8000 
[2026-06-10 12:18:26.551] [info] Core [0] : Systolic Array Utilization(%) 0.00 (0.00% PE util), Vector Unit Utilization(%) 0.00, Total cycle: 3840000
[2026-06-10 12:18:26.593] [info] HBM2-CH_0: BW utilization 0% (0 reads, 0 writes)
[2026-06-10 12:18:26.603] [info] Core [0] : MatMul active cycle 0 Vector active cycle 0 
[2026-06-10 12:18:26.603] [info] Core [0] : issued tile 0 
[2026-06-10 12:18:26.603] [info] Core [0] : Memory unit idle cycle 8000 Systolic bubble cycle 0 Core idle cycle 8000 
[2026-06-10 12:18:26.603] [info] Core [0] : Systolic Array Utilization(%) 0.00 (0.00% PE util), Vector Unit Utilization(%) 0.00, Total cycle: 3848000
[2026-06-10 12:18:26.646] [info] HBM2-CH_0: BW utilization 0% (0 reads, 0 writes)
[2026-06-10 12:18:26.656] [info] Core [0] : MatMul active cycle 0 Vector active cycle 0 
[2026-06-10 12:18:26.656] [info] Core [0] : issued tile 0 
[2026-06-10 12:18:26.656] [info] Core [0] : Memory unit idle cycle 8000 Systolic bubble cycle 0 Core idle cycle 8000 
[2026-06-10 12:18:26.656] [info] Core [0] : Systolic Array Utilization(%) 0.00 (0.00% PE util), Vector Unit Utilization(%) 0.00, Total cycle: 3856000
[2026-06-10 12:18:26.699] [info] HBM2-CH_0: BW utilization 0% (0 reads, 0 writes)
[2026-06-10 12:18:26.709] [info] Core [0] : MatMul active cycle 0 Vector active cycle 0 
[2026-06-10 12:18:26.709] [info] Core [0] : issued tile 0 
[2026-06-10 12:18:26.709] [info] Core [0] : Memory unit idle cycle 8000 Systolic bubble cycle 0 Core idle cycle 8000 
[2026-06-10 12:18:26.709] [info] Core [0] : Systolic Array Utilization(%) 0.00 (0.00% PE util), Vector Unit Utilization(%) 0.00, Total cycle: 3864000
[2026-06-10 12:18:26.752] [info] HBM2-CH_0: BW utilization 0% (0 reads, 0 writes)
[2026-06-10 12:18:26.762] [info] Core [0] : MatMul active cycle 0 Vector active cycle 0 
[2026-06-10 12:18:26.762] [info] Core [0] : issued tile 0 
[2026-06-10 12:18:26.762] [info] Core [0] : Memory unit idle cycle 8000 Systolic bubble cycle 0 Core idle cycle 8000 
[2026-06-10 12:18:26.762] [info] Core [0] : Systolic Array Utilization(%) 0.00 (0.00% PE util), Vector Unit Utilization(%) 0.00, Total cycle: 3872000
[2026-06-10 12:18:26.805] [info] HBM2-CH_0: BW utilization 0% (0 reads, 0 writes)
[2026-06-10 12:18:26.815] [info] Core [0] : MatMul active cycle 0 Vector active cycle 0 
[2026-06-10 12:18:26.815] [info] Core [0] : issued tile 0 
[2026-06-10 12:18:26.815] [info] Core [0] : Memory unit idle cycle 8000 Systolic bubble cycle 0 Core idle cycle 8000 
[2026-06-10 12:18:26.815] [info] Core [0] : Systolic Array Utilization(%) 0.00 (0.00% PE util), Vector Unit Utilization(%) 0.00, Total cycle: 3880000
[2026-06-10 12:18:26.857] [info] HBM2-CH_0: BW utilization 0% (0 reads, 0 writes)
[2026-06-10 12:18:26.867] [info] Core [0] : MatMul active cycle 0 Vector active cycle 0 
[2026-06-10 12:18:26.868] [info] Core [0] : issued tile 0 
[2026-06-10 12:18:26.868] [info] Core [0] : Memory unit idle cycle 8000 Systolic bubble cycle 0 Core idle cycle 8000 
[2026-06-10 12:18:26.868] [info] Core [0] : Systolic Array Utilization(%) 0.00 (0.00% PE util), Vector Unit Utilization(%) 0.00, Total cycle: 3888000
[2026-06-10 12:18:26.910] [info] HBM2-CH_0: BW utilization 0% (0 reads, 0 writes)
[2026-06-10 12:18:26.921] [info] Core [0] : MatMul active cycle 0 Vector active cycle 0 
[2026-06-10 12:18:26.921] [info] Core [0] : issued tile 0 
[2026-06-10 12:18:26.921] [info] Core [0] : Memory unit idle cycle 8000 Systolic bubble cycle 0 Core idle cycle 8000 
[2026-06-10 12:18:26.921] [info] Core [0] : Systolic Array Utilization(%) 0.00 (0.00% PE util), Vector Unit Utilization(%) 0.00, Total cycle: 3896000
[2026-06-10 12:18:26.966] [info] HBM2-CH_0: BW utilization 0% (0 reads, 0 writes)
[2026-06-10 12:18:26.977] [info] Core [0] : MatMul active cycle 0 Vector active cycle 0 
[2026-06-10 12:18:26.977] [info] Core [0] : issued tile 0 
[2026-06-10 12:18:26.977] [info] Core [0] : Memory unit idle cycle 8000 Systolic bubble cycle 0 Core idle cycle 8000 
[2026-06-10 12:18:26.977] [info] Core [0] : Systolic Array Utilization(%) 0.00 (0.00% PE util), Vector Unit Utilization(%) 0.00, Total cycle: 3904000
[2026-06-10 12:18:27.019] [info] HBM2-CH_0: BW utilization 0% (0 reads, 0 writes)
[2026-06-10 12:18:27.029] [info] Core [0] : MatMul active cycle 0 Vector active cycle 0 
[2026-06-10 12:18:27.029] [info] Core [0] : issued tile 0 
[2026-06-10 12:18:27.029] [info] Core [0] : Memory unit idle cycle 8000 Systolic bubble cycle 0 Core idle cycle 8000 
[2026-06-10 12:18:27.029] [info] Core [0] : Systolic Array Utilization(%) 0.00 (0.00% PE util), Vector Unit Utilization(%) 0.00, Total cycle: 3912000
[2026-06-10 12:18:27.071] [info] HBM2-CH_0: BW utilization 0% (0 reads, 0 writes)
[2026-06-10 12:18:27.083] [info] Core [0] : MatMul active cycle 0 Vector active cycle 0 
[2026-06-10 12:18:27.083] [info] Core [0] : issued tile 0 
[2026-06-10 12:18:27.083] [info] Core [0] : Memory unit idle cycle 8000 Systolic bubble cycle 0 Core idle cycle 8000 
[2026-06-10 12:18:27.083] [info] Core [0] : Systolic Array Utilization(%) 0.00 (0.00% PE util), Vector Unit Utilization(%) 0.00, Total cycle: 3920000
[2026-06-10 12:18:27.125] [info] HBM2-CH_0: BW utilization 0% (0 reads, 0 writes)
[2026-06-10 12:18:27.135] [info] Core [0] : MatMul active cycle 0 Vector active cycle 0 
[2026-06-10 12:18:27.135] [info] Core [0] : issued tile 0 
[2026-06-10 12:18:27.135] [info] Core [0] : Memory unit idle cycle 8000 Systolic bubble cycle 0 Core idle cycle 8000 
[2026-06-10 12:18:27.135] [info] Core [0] : Systolic Array Utilization(%) 0.00 (0.00% PE util), Vector Unit Utilization(%) 0.00, Total cycle: 3928000
[2026-06-10 12:18:27.178] [info] HBM2-CH_0: BW utilization 0% (0 reads, 0 writes)
[2026-06-10 12:18:27.188] [info] Core [0] : MatMul active cycle 0 Vector active cycle 0 
[2026-06-10 12:18:27.188] [info] Core [0] : issued tile 0 
[2026-06-10 12:18:27.188] [info] Core [0] : Memory unit idle cycle 8000 Systolic bubble cycle 0 Core idle cycle 8000 
[2026-06-10 12:18:27.188] [info] Core [0] : Systolic Array Utilization(%) 0.00 (0.00% PE util), Vector Unit Utilization(%) 0.00, Total cycle: 3936000
[2026-06-10 12:18:27.231] [info] HBM2-CH_0: BW utilization 0% (0 reads, 0 writes)
[2026-06-10 12:18:27.244] [info] Core [0] : MatMul active cycle 0 Vector active cycle 0 
[2026-06-10 12:18:27.244] [info] Core [0] : issued tile 0 
[2026-06-10 12:18:27.244] [info] Core [0] : Memory unit idle cycle 8000 Systolic bubble cycle 0 Core idle cycle 8000 
[2026-06-10 12:18:27.244] [info] Core [0] : Systolic Array Utilization(%) 0.00 (0.00% PE util), Vector Unit Utilization(%) 0.00, Total cycle: 3944000
[2026-06-10 12:18:27.287] [info] HBM2-CH_0: BW utilization 0% (0 reads, 0 writes)
[2026-06-10 12:18:27.297] [info] Core [0] : MatMul active cycle 0 Vector active cycle 0 
[2026-06-10 12:18:27.297] [info] Core [0] : issued tile 0 
[2026-06-10 12:18:27.297] [info] Core [0] : Memory unit idle cycle 8000 Systolic bubble cycle 0 Core idle cycle 8000 
[2026-06-10 12:18:27.297] [info] Core [0] : Systolic Array Utilization(%) 0.00 (0.00% PE util), Vector Unit Utilization(%) 0.00, Total cycle: 3952000
[2026-06-10 12:18:28.738] [info] HBM2-CH_0: BW utilization 34% (319 reads, 3024 writes)
[2026-06-10 12:18:28.750] [info] Core [0] : MatMul active cycle 0 Vector active cycle 0 
[2026-06-10 12:18:28.750] [info] Core [0] : issued tile 0 
[2026-06-10 12:18:28.750] [info] Core [0] : Memory unit idle cycle 8000 Systolic bubble cycle 0 Core idle cycle 8000 
[2026-06-10 12:18:28.750] [info] Core [0] : Systolic Array Utilization(%) 0.00 (0.00% PE util), Vector Unit Utilization(%) 0.00, Total cycle: 3960000
[2026-06-10 12:18:28.799] [info] HBM2-CH_0: BW utilization 0% (0 reads, 0 writes)
[2026-06-10 12:18:28.809] [info] Core [0] : MatMul active cycle 0 Vector active cycle 0 
[2026-06-10 12:18:28.809] [info] Core [0] : issued tile 0 
[2026-06-10 12:18:28.809] [info] Core [0] : Memory unit idle cycle 8000 Systolic bubble cycle 0 Core idle cycle 8000 
[2026-06-10 12:18:28.809] [info] Core [0] : Systolic Array Utilization(%) 0.00 (0.00% PE util), Vector Unit Utilization(%) 0.00, Total cycle: 3968000
[2026-06-10 12:18:28.850] [info] HBM2-CH_0: BW utilization 0% (0 reads, 0 writes)
[2026-06-10 12:18:28.860] [info] Core [0] : MatMul active cycle 0 Vector active cycle 0 
[2026-06-10 12:18:28.860] [info] Core [0] : issued tile 0 
[2026-06-10 12:18:28.860] [info] Core [0] : Memory unit idle cycle 8000 Systolic bubble cycle 0 Core idle cycle 8000 
[2026-06-10 12:18:28.860] [info] Core [0] : Systolic Array Utilization(%) 0.00 (0.00% PE util), Vector Unit Utilization(%) 0.00, Total cycle: 3976000
[2026-06-10 12:18:28.901] [info] HBM2-CH_0: BW utilization 0% (0 reads, 0 writes)
[2026-06-10 12:18:28.911] [info] Core [0] : MatMul active cycle 0 Vector active cycle 0 
[2026-06-10 12:18:28.911] [info] Core [0] : issued tile 0 
[2026-06-10 12:18:28.911] [info] Core [0] : Memory unit idle cycle 8000 Systolic bubble cycle 0 Core idle cycle 8000 
[2026-06-10 12:18:28.911] [info] Core [0] : Systolic Array Utilization(%) 0.00 (0.00% PE util), Vector Unit Utilization(%) 0.00, Total cycle: 3984000
[2026-06-10 12:18:28.952] [info] HBM2-CH_0: BW utilization 0% (0 reads, 0 writes)
[2026-06-10 12:18:28.963] [info] Core [0] : MatMul active cycle 0 Vector active cycle 0 
[2026-06-10 12:18:28.963] [info] Core [0] : issued tile 0 
[2026-06-10 12:18:28.963] [info] Core [0] : Memory unit idle cycle 8000 Systolic bubble cycle 0 Core idle cycle 8000 
[2026-06-10 12:18:28.963] [info] Core [0] : Systolic Array Utilization(%) 0.00 (0.00% PE util), Vector Unit Utilization(%) 0.00, Total cycle: 3992000
[2026-06-10 12:18:29.005] [info] HBM2-CH_0: BW utilization 0% (0 reads, 0 writes)
[2026-06-10 12:18:29.015] [info] Core [0] : MatMul active cycle 0 Vector active cycle 0 
[2026-06-10 12:18:29.015] [info] Core [0] : issued tile 0 
[2026-06-10 12:18:29.015] [info] Core [0] : Memory unit idle cycle 8000 Systolic bubble cycle 0 Core idle cycle 8000 
[2026-06-10 12:18:29.015] [info] Core [0] : Systolic Array Utilization(%) 0.00 (0.00% PE util), Vector Unit Utilization(%) 0.00, Total cycle: 4000000
[2026-06-10 12:18:29.059] [info] HBM2-CH_0: BW utilization 0% (0 reads, 0 writes)
[2026-06-10 12:18:29.070] [info] Core [0] : MatMul active cycle 0 Vector active cycle 0 
[2026-06-10 12:18:29.070] [info] Core [0] : issued tile 0 
[2026-06-10 12:18:29.070] [info] Core [0] : Memory unit idle cycle 8000 Systolic bubble cycle 0 Core idle cycle 8000 
[2026-06-10 12:18:29.070] [info] Core [0] : Systolic Array Utilization(%) 0.00 (0.00% PE util), Vector Unit Utilization(%) 0.00, Total cycle: 4008000
[2026-06-10 12:18:29.111] [info] HBM2-CH_0: BW utilization 0% (0 reads, 0 writes)
[2026-06-10 12:18:29.121] [info] Core [0] : MatMul active cycle 0 Vector active cycle 0 
[2026-06-10 12:18:29.121] [info] Core [0] : issued tile 0 
[2026-06-10 12:18:29.121] [info] Core [0] : Memory unit idle cycle 8000 Systolic bubble cycle 0 Core idle cycle 8000 
[2026-06-10 12:18:29.121] [info] Core [0] : Systolic Array Utilization(%) 0.00 (0.00% PE util), Vector Unit Utilization(%) 0.00, Total cycle: 4016000
[2026-06-10 12:18:29.163] [info] HBM2-CH_0: BW utilization 0% (0 reads, 0 writes)
[2026-06-10 12:18:29.173] [info] Core [0] : MatMul active cycle 0 Vector active cycle 0 
[2026-06-10 12:18:29.173] [info] Core [0] : issued tile 0 
[2026-06-10 12:18:29.173] [info] Core [0] : Memory unit idle cycle 8000 Systolic bubble cycle 0 Core idle cycle 8000 
[2026-06-10 12:18:29.173] [info] Core [0] : Systolic Array Utilization(%) 0.00 (0.00% PE util), Vector Unit Utilization(%) 0.00, Total cycle: 4024000
[2026-06-10 12:18:29.214] [info] HBM2-CH_0: BW utilization 0% (0 reads, 0 writes)
[2026-06-10 12:18:29.224] [info] Core [0] : MatMul active cycle 0 Vector active cycle 0 
[2026-06-10 12:18:29.224] [info] Core [0] : issued tile 0 
[2026-06-10 12:18:29.224] [info] Core [0] : Memory unit idle cycle 8000 Systolic bubble cycle 0 Core idle cycle 8000 
[2026-06-10 12:18:29.224] [info] Core [0] : Systolic Array Utilization(%) 0.00 (0.00% PE util), Vector Unit Utilization(%) 0.00, Total cycle: 4032000
[2026-06-10 12:18:29.265] [info] HBM2-CH_0: BW utilization 0% (0 reads, 0 writes)
[2026-06-10 12:18:29.275] [info] Core [0] : MatMul active cycle 0 Vector active cycle 0 
[2026-06-10 12:18:29.275] [info] Core [0] : issued tile 0 
[2026-06-10 12:18:29.275] [info] Core [0] : Memory unit idle cycle 8000 Systolic bubble cycle 0 Core idle cycle 8000 
[2026-06-10 12:18:29.275] [info] Core [0] : Systolic Array Utilization(%) 0.00 (0.00% PE util), Vector Unit Utilization(%) 0.00, Total cycle: 4040000
[2026-06-10 12:18:29.316] [info] HBM2-CH_0: BW utilization 0% (0 reads, 0 writes)
[2026-06-10 12:18:29.327] [info] Core [0] : MatMul active cycle 0 Vector active cycle 0 
[2026-06-10 12:18:29.327] [info] Core [0] : issued tile 0 
[2026-06-10 12:18:29.327] [info] Core [0] : Memory unit idle cycle 8000 Systolic bubble cycle 0 Core idle cycle 8000 
[2026-06-10 12:18:29.327] [info] Core [0] : Systolic Array Utilization(%) 0.00 (0.00% PE util), Vector Unit Utilization(%) 0.00, Total cycle: 4048000
[2026-06-10 12:18:29.368] [info] HBM2-CH_0: BW utilization 0% (0 reads, 0 writes)
[2026-06-10 12:18:29.378] [info] Core [0] : MatMul active cycle 0 Vector active cycle 0 
[2026-06-10 12:18:29.378] [info] Core [0] : issued tile 0 
[2026-06-10 12:18:29.378] [info] Core [0] : Memory unit idle cycle 8000 Systolic bubble cycle 0 Core idle cycle 8000 
[2026-06-10 12:18:29.378] [info] Core [0] : Systolic Array Utilization(%) 0.00 (0.00% PE util), Vector Unit Utilization(%) 0.00, Total cycle: 4056000
[2026-06-10 12:18:29.419] [info] HBM2-CH_0: BW utilization 0% (0 reads, 0 writes)
[2026-06-10 12:18:29.429] [info] Core [0] : MatMul active cycle 0 Vector active cycle 0 
[2026-06-10 12:18:29.429] [info] Core [0] : issued tile 0 
[2026-06-10 12:18:29.429] [info] Core [0] : Memory unit idle cycle 8000 Systolic bubble cycle 0 Core idle cycle 8000 
[2026-06-10 12:18:29.429] [info] Core [0] : Systolic Array Utilization(%) 0.00 (0.00% PE util), Vector Unit Utilization(%) 0.00, Total cycle: 4064000
[2026-06-10 12:18:29.469] [info] HBM2-CH_0: BW utilization 0% (0 reads, 0 writes)
[2026-06-10 12:18:29.480] [info] Core [0] : MatMul active cycle 0 Vector active cycle 0 
[2026-06-10 12:18:29.480] [info] Core [0] : issued tile 0 
[2026-06-10 12:18:29.480] [info] Core [0] : Memory unit idle cycle 8000 Systolic bubble cycle 0 Core idle cycle 8000 
[2026-06-10 12:18:29.480] [info] Core [0] : Systolic Array Utilization(%) 0.00 (0.00% PE util), Vector Unit Utilization(%) 0.00, Total cycle: 4072000
[2026-06-10 12:18:29.521] [info] HBM2-CH_0: BW utilization 0% (0 reads, 0 writes)
[2026-06-10 12:18:29.532] [info] Core [0] : MatMul active cycle 0 Vector active cycle 0 
[2026-06-10 12:18:29.532] [info] Core [0] : issued tile 0 
[2026-06-10 12:18:29.532] [info] Core [0] : Memory unit idle cycle 8000 Systolic bubble cycle 0 Core idle cycle 8000 
[2026-06-10 12:18:29.532] [info] Core [0] : Systolic Array Utilization(%) 0.00 (0.00% PE util), Vector Unit Utilization(%) 0.00, Total cycle: 4080000
[2026-06-10 12:18:29.574] [info] HBM2-CH_0: BW utilization 0% (0 reads, 0 writes)
[2026-06-10 12:18:29.585] [info] Core [0] : MatMul active cycle 0 Vector active cycle 0 
[2026-06-10 12:18:29.585] [info] Core [0] : issued tile 0 
[2026-06-10 12:18:29.585] [info] Core [0] : Memory unit idle cycle 8000 Systolic bubble cycle 0 Core idle cycle 8000 
[2026-06-10 12:18:29.585] [info] Core [0] : Systolic Array Utilization(%) 0.00 (0.00% PE util), Vector Unit Utilization(%) 0.00, Total cycle: 4088000
[2026-06-10 12:18:29.627] [info] HBM2-CH_0: BW utilization 0% (0 reads, 0 writes)
[2026-06-10 12:18:29.638] [info] Core [0] : MatMul active cycle 0 Vector active cycle 0 
[2026-06-10 12:18:29.638] [info] Core [0] : issued tile 0 
[2026-06-10 12:18:29.638] [info] Core [0] : Memory unit idle cycle 8000 Systolic bubble cycle 0 Core idle cycle 8000 
[2026-06-10 12:18:29.638] [info] Core [0] : Systolic Array Utilization(%) 0.00 (0.00% PE util), Vector Unit Utilization(%) 0.00, Total cycle: 4096000
[2026-06-10 12:18:29.680] [info] HBM2-CH_0: BW utilization 0% (0 reads, 0 writes)
[2026-06-10 12:18:29.690] [info] Core [0] : MatMul active cycle 0 Vector active cycle 0 
[2026-06-10 12:18:29.690] [info] Core [0] : issued tile 0 
[2026-06-10 12:18:29.690] [info] Core [0] : Memory unit idle cycle 8000 Systolic bubble cycle 0 Core idle cycle 8000 
[2026-06-10 12:18:29.690] [info] Core [0] : Systolic Array Utilization(%) 0.00 (0.00% PE util), Vector Unit Utilization(%) 0.00, Total cycle: 4104000
[2026-06-10 12:18:29.736] [info] HBM2-CH_0: BW utilization 0% (0 reads, 0 writes)
[2026-06-10 12:18:29.749] [info] Core [0] : MatMul active cycle 0 Vector active cycle 0 
[2026-06-10 12:18:29.749] [info] Core [0] : issued tile 0 
[2026-06-10 12:18:29.749] [info] Core [0] : Memory unit idle cycle 8000 Systolic bubble cycle 0 Core idle cycle 8000 
[2026-06-10 12:18:29.749] [info] Core [0] : Systolic Array Utilization(%) 0.00 (0.00% PE util), Vector Unit Utilization(%) 0.00, Total cycle: 4112000
[2026-06-10 12:18:29.793] [info] HBM2-CH_0: BW utilization 0% (0 reads, 0 writes)
[2026-06-10 12:18:29.804] [info] Core [0] : MatMul active cycle 0 Vector active cycle 0 
[2026-06-10 12:18:29.804] [info] Core [0] : issued tile 0 
[2026-06-10 12:18:29.804] [info] Core [0] : Memory unit idle cycle 8000 Systolic bubble cycle 0 Core idle cycle 8000 
[2026-06-10 12:18:29.804] [info] Core [0] : Systolic Array Utilization(%) 0.00 (0.00% PE util), Vector Unit Utilization(%) 0.00, Total cycle: 4120000
[2026-06-10 12:18:29.845] [info] HBM2-CH_0: BW utilization 0% (0 reads, 0 writes)
[2026-06-10 12:18:29.856] [info] Core [0] : MatMul active cycle 0 Vector active cycle 0 
[2026-06-10 12:18:29.856] [info] Core [0] : issued tile 0 
[2026-06-10 12:18:29.856] [info] Core [0] : Memory unit idle cycle 8000 Systolic bubble cycle 0 Core idle cycle 8000 
[2026-06-10 12:18:29.856] [info] Core [0] : Systolic Array Utilization(%) 0.00 (0.00% PE util), Vector Unit Utilization(%) 0.00, Total cycle: 4128000
[2026-06-10 12:18:29.896] [info] HBM2-CH_0: BW utilization 0% (0 reads, 0 writes)
[2026-06-10 12:18:29.910] [info] Core [0] : MatMul active cycle 0 Vector active cycle 0 
[2026-06-10 12:18:29.910] [info] Core [0] : issued tile 0 
[2026-06-10 12:18:29.910] [info] Core [0] : Memory unit idle cycle 8000 Systolic bubble cycle 0 Core idle cycle 8000 
[2026-06-10 12:18:29.910] [info] Core [0] : Systolic Array Utilization(%) 0.00 (0.00% PE util), Vector Unit Utilization(%) 0.00, Total cycle: 4136000
[2026-06-10 12:18:29.957] [info] HBM2-CH_0: BW utilization 0% (0 reads, 0 writes)
[2026-06-10 12:18:29.970] [info] Core [0] : MatMul active cycle 0 Vector active cycle 0 
[2026-06-10 12:18:29.970] [info] Core [0] : issued tile 0 
[2026-06-10 12:18:29.970] [info] Core [0] : Memory unit idle cycle 8000 Systolic bubble cycle 0 Core idle cycle 8000 
[2026-06-10 12:18:29.970] [info] Core [0] : Systolic Array Utilization(%) 0.00 (0.00% PE util), Vector Unit Utilization(%) 0.00, Total cycle: 4144000
[2026-06-10 12:18:30.083] [info] HBM2-CH_0: BW utilization 2% (0 reads, 242 writes)
[2026-06-10 12:18:30.780] [info] Core [0] : MatMul active cycle 0 Vector active cycle 0 
[2026-06-10 12:18:30.780] [info] Core [0] : issued tile 0 
[2026-06-10 12:18:30.780] [info] Core [0] : Memory unit idle cycle 8000 Systolic bubble cycle 0 Core idle cycle 8000 
[2026-06-10 12:18:30.780] [info] Core [0] : Systolic Array Utilization(%) 0.00 (0.00% PE util), Vector Unit Utilization(%) 0.00, Total cycle: 4152000
[2026-06-10 12:18:31.459] [info] HBM2-CH_0: BW utilization 32% (323 reads, 2782 writes)
[2026-06-10 12:18:31.470] [info] Core [0] : MatMul active cycle 0 Vector active cycle 0 
[2026-06-10 12:18:31.470] [info] Core [0] : issued tile 0 
[2026-06-10 12:18:31.470] [info] Core [0] : Memory unit idle cycle 8000 Systolic bubble cycle 0 Core idle cycle 8000 
[2026-06-10 12:18:31.470] [info] Core [0] : Systolic Array Utilization(%) 0.00 (0.00% PE util), Vector Unit Utilization(%) 0.00, Total cycle: 4160000
[2026-06-10 12:18:31.511] [info] HBM2-CH_0: BW utilization 0% (0 reads, 0 writes)
[2026-06-10 12:18:31.521] [info] Core [0] : MatMul active cycle 0 Vector active cycle 0 
[2026-06-10 12:18:31.521] [info] Core [0] : issued tile 0 
[2026-06-10 12:18:31.521] [info] Core [0] : Memory unit idle cycle 8000 Systolic bubble cycle 0 Core idle cycle 8000 
[2026-06-10 12:18:31.521] [info] Core [0] : Systolic Array Utilization(%) 0.00 (0.00% PE util), Vector Unit Utilization(%) 0.00, Total cycle: 4168000
[2026-06-10 12:18:31.563] [info] HBM2-CH_0: BW utilization 0% (0 reads, 0 writes)
[2026-06-10 12:18:31.574] [info] Core [0] : MatMul active cycle 0 Vector active cycle 0 
[2026-06-10 12:18:31.574] [info] Core [0] : issued tile 0 
[2026-06-10 12:18:31.574] [info] Core [0] : Memory unit idle cycle 8000 Systolic bubble cycle 0 Core idle cycle 8000 
[2026-06-10 12:18:31.574] [info] Core [0] : Systolic Array Utilization(%) 0.00 (0.00% PE util), Vector Unit Utilization(%) 0.00, Total cycle: 4176000
[2026-06-10 12:18:31.614] [info] HBM2-CH_0: BW utilization 0% (0 reads, 0 writes)
[2026-06-10 12:18:31.625] [info] Core [0] : MatMul active cycle 0 Vector active cycle 0 
[2026-06-10 12:18:31.625] [info] Core [0] : issued tile 0 
[2026-06-10 12:18:31.625] [info] Core [0] : Memory unit idle cycle 8000 Systolic bubble cycle 0 Core idle cycle 8000 
[2026-06-10 12:18:31.625] [info] Core [0] : Systolic Array Utilization(%) 0.00 (0.00% PE util), Vector Unit Utilization(%) 0.00, Total cycle: 4184000
[2026-06-10 12:18:31.666] [info] HBM2-CH_0: BW utilization 0% (0 reads, 0 writes)
[2026-06-10 12:18:31.677] [info] Core [0] : MatMul active cycle 0 Vector active cycle 0 
[2026-06-10 12:18:31.677] [info] Core [0] : issued tile 0 
[2026-06-10 12:18:31.677] [info] Core [0] : Memory unit idle cycle 8000 Systolic bubble cycle 0 Core idle cycle 8000 
[2026-06-10 12:18:31.677] [info] Core [0] : Systolic Array Utilization(%) 0.00 (0.00% PE util), Vector Unit Utilization(%) 0.00, Total cycle: 4192000
[2026-06-10 12:18:31.728] [info] HBM2-CH_0: BW utilization 0% (0 reads, 0 writes)
[2026-06-10 12:18:31.739] [info] Core [0] : MatMul active cycle 0 Vector active cycle 0 
[2026-06-10 12:18:31.739] [info] Core [0] : issued tile 0 
[2026-06-10 12:18:31.739] [info] Core [0] : Memory unit idle cycle 8000 Systolic bubble cycle 0 Core idle cycle 8000 
[2026-06-10 12:18:31.739] [info] Core [0] : Systolic Array Utilization(%) 0.00 (0.00% PE util), Vector Unit Utilization(%) 0.00, Total cycle: 4200000
[2026-06-10 12:18:31.780] [info] HBM2-CH_0: BW utilization 0% (0 reads, 0 writes)
[2026-06-10 12:18:31.791] [info] Core [0] : MatMul active cycle 0 Vector active cycle 0 
[2026-06-10 12:18:31.791] [info] Core [0] : issued tile 0 
[2026-06-10 12:18:31.791] [info] Core [0] : Memory unit idle cycle 8000 Systolic bubble cycle 0 Core idle cycle 8000 
[2026-06-10 12:18:31.791] [info] Core [0] : Systolic Array Utilization(%) 0.00 (0.00% PE util), Vector Unit Utilization(%) 0.00, Total cycle: 4208000
[2026-06-10 12:18:31.836] [info] HBM2-CH_0: BW utilization 0% (0 reads, 0 writes)
[2026-06-10 12:18:31.847] [info] Core [0] : MatMul active cycle 0 Vector active cycle 0 
[2026-06-10 12:18:31.847] [info] Core [0] : issued tile 0 
[2026-06-10 12:18:31.847] [info] Core [0] : Memory unit idle cycle 8000 Systolic bubble cycle 0 Core idle cycle 8000 
[2026-06-10 12:18:31.847] [info] Core [0] : Systolic Array Utilization(%) 0.00 (0.00% PE util), Vector Unit Utilization(%) 0.00, Total cycle: 4216000
[2026-06-10 12:18:31.887] [info] HBM2-CH_0: BW utilization 0% (0 reads, 0 writes)
[2026-06-10 12:18:31.898] [info] Core [0] : MatMul active cycle 0 Vector active cycle 0 
[2026-06-10 12:18:31.898] [info] Core [0] : issued tile 0 
[2026-06-10 12:18:31.898] [info] Core [0] : Memory unit idle cycle 8000 Systolic bubble cycle 0 Core idle cycle 8000 
[2026-06-10 12:18:31.898] [info] Core [0] : Systolic Array Utilization(%) 0.00 (0.00% PE util), Vector Unit Utilization(%) 0.00, Total cycle: 4224000
[2026-06-10 12:18:31.939] [info] HBM2-CH_0: BW utilization 0% (0 reads, 0 writes)
[2026-06-10 12:18:31.949] [info] Core [0] : MatMul active cycle 0 Vector active cycle 0 
[2026-06-10 12:18:31.949] [info] Core [0] : issued tile 0 
[2026-06-10 12:18:31.949] [info] Core [0] : Memory unit idle cycle 8000 Systolic bubble cycle 0 Core idle cycle 8000 
[2026-06-10 12:18:31.949] [info] Core [0] : Systolic Array Utilization(%) 0.00 (0.00% PE util), Vector Unit Utilization(%) 0.00, Total cycle: 4232000
[2026-06-10 12:18:31.989] [info] HBM2-CH_0: BW utilization 0% (0 reads, 0 writes)
[2026-06-10 12:18:32.000] [info] Core [0] : MatMul active cycle 0 Vector active cycle 0 
[2026-06-10 12:18:32.000] [info] Core [0] : issued tile 0 
[2026-06-10 12:18:32.000] [info] Core [0] : Memory unit idle cycle 8000 Systolic bubble cycle 0 Core idle cycle 8000 
[2026-06-10 12:18:32.000] [info] Core [0] : Systolic Array Utilization(%) 0.00 (0.00% PE util), Vector Unit Utilization(%) 0.00, Total cycle: 4240000
[2026-06-10 12:18:32.040] [info] HBM2-CH_0: BW utilization 0% (0 reads, 0 writes)
[2026-06-10 12:18:32.050] [info] Core [0] : MatMul active cycle 0 Vector active cycle 0 
[2026-06-10 12:18:32.050] [info] Core [0] : issued tile 0 
[2026-06-10 12:18:32.050] [info] Core [0] : Memory unit idle cycle 8000 Systolic bubble cycle 0 Core idle cycle 8000 
[2026-06-10 12:18:32.050] [info] Core [0] : Systolic Array Utilization(%) 0.00 (0.00% PE util), Vector Unit Utilization(%) 0.00, Total cycle: 4248000
[2026-06-10 12:18:32.090] [info] HBM2-CH_0: BW utilization 0% (0 reads, 0 writes)
[2026-06-10 12:18:32.101] [info] Core [0] : MatMul active cycle 0 Vector active cycle 0 
[2026-06-10 12:18:32.101] [info] Core [0] : issued tile 0 
[2026-06-10 12:18:32.101] [info] Core [0] : Memory unit idle cycle 8000 Systolic bubble cycle 0 Core idle cycle 8000 
[2026-06-10 12:18:32.101] [info] Core [0] : Systolic Array Utilization(%) 0.00 (0.00% PE util), Vector Unit Utilization(%) 0.00, Total cycle: 4256000
[2026-06-10 12:18:32.141] [info] HBM2-CH_0: BW utilization 0% (0 reads, 0 writes)
[2026-06-10 12:18:32.152] [info] Core [0] : MatMul active cycle 0 Vector active cycle 0 
[2026-06-10 12:18:32.152] [info] Core [0] : issued tile 0 
[2026-06-10 12:18:32.152] [info] Core [0] : Memory unit idle cycle 8000 Systolic bubble cycle 0 Core idle cycle 8000 
[2026-06-10 12:18:32.152] [info] Core [0] : Systolic Array Utilization(%) 0.00 (0.00% PE util), Vector Unit Utilization(%) 0.00, Total cycle: 4264000
[2026-06-10 12:18:32.192] [info] HBM2-CH_0: BW utilization 0% (0 reads, 0 writes)
[2026-06-10 12:18:32.204] [info] Core [0] : MatMul active cycle 0 Vector active cycle 0 
[2026-06-10 12:18:32.204] [info] Core [0] : issued tile 0 
[2026-06-10 12:18:32.204] [info] Core [0] : Memory unit idle cycle 8000 Systolic bubble cycle 0 Core idle cycle 8000 
[2026-06-10 12:18:32.204] [info] Core [0] : Systolic Array Utilization(%) 0.00 (0.00% PE util), Vector Unit Utilization(%) 0.00, Total cycle: 4272000
[2026-06-10 12:18:32.244] [info] HBM2-CH_0: BW utilization 0% (0 reads, 0 writes)
[2026-06-10 12:18:32.255] [info] Core [0] : MatMul active cycle 0 Vector active cycle 0 
[2026-06-10 12:18:32.255] [info] Core [0] : issued tile 0 
[2026-06-10 12:18:32.255] [info] Core [0] : Memory unit idle cycle 8000 Systolic bubble cycle 0 Core idle cycle 8000 
[2026-06-10 12:18:32.255] [info] Core [0] : Systolic Array Utilization(%) 0.00 (0.00% PE util), Vector Unit Utilization(%) 0.00, Total cycle: 4280000
[2026-06-10 12:18:32.295] [info] HBM2-CH_0: BW utilization 0% (0 reads, 0 writes)
[2026-06-10 12:18:32.306] [info] Core [0] : MatMul active cycle 0 Vector active cycle 0 
[2026-06-10 12:18:32.306] [info] Core [0] : issued tile 0 
[2026-06-10 12:18:32.306] [info] Core [0] : Memory unit idle cycle 8000 Systolic bubble cycle 0 Core idle cycle 8000 
[2026-06-10 12:18:32.306] [info] Core [0] : Systolic Array Utilization(%) 0.00 (0.00% PE util), Vector Unit Utilization(%) 0.00, Total cycle: 4288000
[2026-06-10 12:18:32.346] [info] HBM2-CH_0: BW utilization 0% (0 reads, 0 writes)
[2026-06-10 12:18:32.357] [info] Core [0] : MatMul active cycle 0 Vector active cycle 0 
[2026-06-10 12:18:32.357] [info] Core [0] : issued tile 0 
[2026-06-10 12:18:32.357] [info] Core [0] : Memory unit idle cycle 8000 Systolic bubble cycle 0 Core idle cycle 8000 
[2026-06-10 12:18:32.357] [info] Core [0] : Systolic Array Utilization(%) 0.00 (0.00% PE util), Vector Unit Utilization(%) 0.00, Total cycle: 4296000
[2026-06-10 12:18:32.397] [info] HBM2-CH_0: BW utilization 0% (0 reads, 0 writes)
[2026-06-10 12:18:32.408] [info] Core [0] : MatMul active cycle 0 Vector active cycle 0 
[2026-06-10 12:18:32.408] [info] Core [0] : issued tile 0 
[2026-06-10 12:18:32.408] [info] Core [0] : Memory unit idle cycle 8000 Systolic bubble cycle 0 Core idle cycle 8000 
[2026-06-10 12:18:32.408] [info] Core [0] : Systolic Array Utilization(%) 0.00 (0.00% PE util), Vector Unit Utilization(%) 0.00, Total cycle: 4304000
[2026-06-10 12:18:32.448] [info] HBM2-CH_0: BW utilization 0% (0 reads, 0 writes)
[2026-06-10 12:18:32.459] [info] Core [0] : MatMul active cycle 0 Vector active cycle 0 
[2026-06-10 12:18:32.459] [info] Core [0] : issued tile 0 
[2026-06-10 12:18:32.459] [info] Core [0] : Memory unit idle cycle 8000 Systolic bubble cycle 0 Core idle cycle 8000 
[2026-06-10 12:18:32.459] [info] Core [0] : Systolic Array Utilization(%) 0.00 (0.00% PE util), Vector Unit Utilization(%) 0.00, Total cycle: 4312000
[2026-06-10 12:18:32.499] [info] HBM2-CH_0: BW utilization 0% (0 reads, 0 writes)
[2026-06-10 12:18:32.510] [info] Core [0] : MatMul active cycle 0 Vector active cycle 0 
[2026-06-10 12:18:32.510] [info] Core [0] : issued tile 0 
[2026-06-10 12:18:32.510] [info] Core [0] : Memory unit idle cycle 8000 Systolic bubble cycle 0 Core idle cycle 8000 
[2026-06-10 12:18:32.510] [info] Core [0] : Systolic Array Utilization(%) 0.00 (0.00% PE util), Vector Unit Utilization(%) 0.00, Total cycle: 4320000
[2026-06-10 12:18:32.550] [info] HBM2-CH_0: BW utilization 0% (0 reads, 0 writes)
[2026-06-10 12:18:32.561] [info] Core [0] : MatMul active cycle 0 Vector active cycle 0 
[2026-06-10 12:18:32.561] [info] Core [0] : issued tile 0 
[2026-06-10 12:18:32.561] [info] Core [0] : Memory unit idle cycle 8000 Systolic bubble cycle 0 Core idle cycle 8000 
[2026-06-10 12:18:32.561] [info] Core [0] : Systolic Array Utilization(%) 0.00 (0.00% PE util), Vector Unit Utilization(%) 0.00, Total cycle: 4328000
[2026-06-10 12:18:32.601] [info] HBM2-CH_0: BW utilization 0% (0 reads, 0 writes)
[2026-06-10 12:18:32.612] [info] Core [0] : MatMul active cycle 0 Vector active cycle 0 
[2026-06-10 12:18:32.612] [info] Core [0] : issued tile 0 
[2026-06-10 12:18:32.612] [info] Core [0] : Memory unit idle cycle 8000 Systolic bubble cycle 0 Core idle cycle 8000 
[2026-06-10 12:18:32.612] [info] Core [0] : Systolic Array Utilization(%) 0.00 (0.00% PE util), Vector Unit Utilization(%) 0.00, Total cycle: 4336000
[2026-06-10 12:18:32.651] [info] HBM2-CH_0: BW utilization 0% (0 reads, 0 writes)
[2026-06-10 12:18:32.662] [info] Core [0] : MatMul active cycle 0 Vector active cycle 0 
[2026-06-10 12:18:32.662] [info] Core [0] : issued tile 0 
[2026-06-10 12:18:32.662] [info] Core [0] : Memory unit idle cycle 8000 Systolic bubble cycle 0 Core idle cycle 8000 
[2026-06-10 12:18:32.662] [info] Core [0] : Systolic Array Utilization(%) 0.00 (0.00% PE util), Vector Unit Utilization(%) 0.00, Total cycle: 4344000
[2026-06-10 12:18:33.697] [info] HBM2-CH_0: BW utilization 21% (64 reads, 2025 writes)
[2026-06-10 12:18:34.183] [info] Core [0] : MatMul active cycle 0 Vector active cycle 0 
[2026-06-10 12:18:34.183] [info] Core [0] : issued tile 0 
[2026-06-10 12:18:34.183] [info] Core [0] : Memory unit idle cycle 8000 Systolic bubble cycle 0 Core idle cycle 8000 
[2026-06-10 12:18:34.183] [info] Core [0] : Systolic Array Utilization(%) 0.00 (0.00% PE util), Vector Unit Utilization(%) 0.00, Total cycle: 4352000
[2026-06-10 12:18:34.232] [info] HBM2-CH_0: BW utilization 13% (259 reads, 999 writes)
[2026-06-10 12:18:34.243] [info] Core [0] : MatMul active cycle 0 Vector active cycle 0 
[2026-06-10 12:18:34.243] [info] Core [0] : issued tile 0 
[2026-06-10 12:18:34.243] [info] Core [0] : Memory unit idle cycle 8000 Systolic bubble cycle 0 Core idle cycle 8000 
[2026-06-10 12:18:34.243] [info] Core [0] : Systolic Array Utilization(%) 0.00 (0.00% PE util), Vector Unit Utilization(%) 0.00, Total cycle: 4360000
[2026-06-10 12:18:34.284] [info] HBM2-CH_0: BW utilization 0% (0 reads, 0 writes)
[2026-06-10 12:18:34.296] [info] Core [0] : MatMul active cycle 0 Vector active cycle 0 
[2026-06-10 12:18:34.296] [info] Core [0] : issued tile 0 
[2026-06-10 12:18:34.296] [info] Core [0] : Memory unit idle cycle 8000 Systolic bubble cycle 0 Core idle cycle 8000 
[2026-06-10 12:18:34.296] [info] Core [0] : Systolic Array Utilization(%) 0.00 (0.00% PE util), Vector Unit Utilization(%) 0.00, Total cycle: 4368000
[2026-06-10 12:18:34.338] [info] HBM2-CH_0: BW utilization 0% (0 reads, 0 writes)
[2026-06-10 12:18:34.350] [info] Core [0] : MatMul active cycle 0 Vector active cycle 0 
[2026-06-10 12:18:34.350] [info] Core [0] : issued tile 0 
[2026-06-10 12:18:34.350] [info] Core [0] : Memory unit idle cycle 8000 Systolic bubble cycle 0 Core idle cycle 8000 
[2026-06-10 12:18:34.350] [info] Core [0] : Systolic Array Utilization(%) 0.00 (0.00% PE util), Vector Unit Utilization(%) 0.00, Total cycle: 4376000
[2026-06-10 12:18:34.391] [info] HBM2-CH_0: BW utilization 0% (0 reads, 0 writes)
[2026-06-10 12:18:34.403] [info] Core [0] : MatMul active cycle 0 Vector active cycle 0 
[2026-06-10 12:18:34.403] [info] Core [0] : issued tile 0 
[2026-06-10 12:18:34.403] [info] Core [0] : Memory unit idle cycle 8000 Systolic bubble cycle 0 Core idle cycle 8000 
[2026-06-10 12:18:34.403] [info] Core [0] : Systolic Array Utilization(%) 0.00 (0.00% PE util), Vector Unit Utilization(%) 0.00, Total cycle: 4384000
[2026-06-10 12:18:34.444] [info] HBM2-CH_0: BW utilization 0% (0 reads, 0 writes)
[2026-06-10 12:18:34.456] [info] Core [0] : MatMul active cycle 0 Vector active cycle 0 
[2026-06-10 12:18:34.456] [info] Core [0] : issued tile 0 
[2026-06-10 12:18:34.456] [info] Core [0] : Memory unit idle cycle 8000 Systolic bubble cycle 0 Core idle cycle 8000 
[2026-06-10 12:18:34.456] [info] Core [0] : Systolic Array Utilization(%) 0.00 (0.00% PE util), Vector Unit Utilization(%) 0.00, Total cycle: 4392000
[2026-06-10 12:18:34.496] [info] HBM2-CH_0: BW utilization 0% (0 reads, 0 writes)
[2026-06-10 12:18:34.507] [info] Core [0] : MatMul active cycle 0 Vector active cycle 0 
[2026-06-10 12:18:34.507] [info] Core [0] : issued tile 0 
[2026-06-10 12:18:34.507] [info] Core [0] : Memory unit idle cycle 8000 Systolic bubble cycle 0 Core idle cycle 8000 
[2026-06-10 12:18:34.507] [info] Core [0] : Systolic Array Utilization(%) 0.00 (0.00% PE util), Vector Unit Utilization(%) 0.00, Total cycle: 4400000
[2026-06-10 12:18:34.548] [info] HBM2-CH_0: BW utilization 0% (0 reads, 0 writes)
[2026-06-10 12:18:34.559] [info] Core [0] : MatMul active cycle 0 Vector active cycle 0 
[2026-06-10 12:18:34.559] [info] Core [0] : issued tile 0 
[2026-06-10 12:18:34.559] [info] Core [0] : Memory unit idle cycle 8000 Systolic bubble cycle 0 Core idle cycle 8000 
[2026-06-10 12:18:34.559] [info] Core [0] : Systolic Array Utilization(%) 0.00 (0.00% PE util), Vector Unit Utilization(%) 0.00, Total cycle: 4408000
[2026-06-10 12:18:34.600] [info] HBM2-CH_0: BW utilization 0% (0 reads, 0 writes)
[2026-06-10 12:18:34.611] [info] Core [0] : MatMul active cycle 0 Vector active cycle 0 
[2026-06-10 12:18:34.611] [info] Core [0] : issued tile 0 
[2026-06-10 12:18:34.611] [info] Core [0] : Memory unit idle cycle 8000 Systolic bubble cycle 0 Core idle cycle 8000 
[2026-06-10 12:18:34.611] [info] Core [0] : Systolic Array Utilization(%) 0.00 (0.00% PE util), Vector Unit Utilization(%) 0.00, Total cycle: 4416000
[2026-06-10 12:18:34.652] [info] HBM2-CH_0: BW utilization 0% (0 reads, 0 writes)
[2026-06-10 12:18:34.664] [info] Core [0] : MatMul active cycle 0 Vector active cycle 0 
[2026-06-10 12:18:34.664] [info] Core [0] : issued tile 0 
[2026-06-10 12:18:34.664] [info] Core [0] : Memory unit idle cycle 8000 Systolic bubble cycle 0 Core idle cycle 8000 
[2026-06-10 12:18:34.664] [info] Core [0] : Systolic Array Utilization(%) 0.00 (0.00% PE util), Vector Unit Utilization(%) 0.00, Total cycle: 4424000
[2026-06-10 12:18:34.707] [info] HBM2-CH_0: BW utilization 0% (0 reads, 0 writes)
[2026-06-10 12:18:34.718] [info] Core [0] : MatMul active cycle 0 Vector active cycle 0 
[2026-06-10 12:18:34.718] [info] Core [0] : issued tile 0 
[2026-06-10 12:18:34.718] [info] Core [0] : Memory unit idle cycle 8000 Systolic bubble cycle 0 Core idle cycle 8000 
[2026-06-10 12:18:34.718] [info] Core [0] : Systolic Array Utilization(%) 0.00 (0.00% PE util), Vector Unit Utilization(%) 0.00, Total cycle: 4432000
[2026-06-10 12:18:34.758] [info] HBM2-CH_0: BW utilization 0% (0 reads, 0 writes)
[2026-06-10 12:18:34.771] [info] Core [0] : MatMul active cycle 0 Vector active cycle 0 
[2026-06-10 12:18:34.772] [info] Core [0] : issued tile 0 
[2026-06-10 12:18:34.772] [info] Core [0] : Memory unit idle cycle 8000 Systolic bubble cycle 0 Core idle cycle 8000 
[2026-06-10 12:18:34.772] [info] Core [0] : Systolic Array Utilization(%) 0.00 (0.00% PE util), Vector Unit Utilization(%) 0.00, Total cycle: 4440000
[2026-06-10 12:18:34.829] [info] HBM2-CH_0: BW utilization 0% (0 reads, 0 writes)
[2026-06-10 12:18:34.853] [info] Core [0] : MatMul active cycle 0 Vector active cycle 0 
[2026-06-10 12:18:34.853] [info] Core [0] : issued tile 0 
[2026-06-10 12:18:34.853] [info] Core [0] : Memory unit idle cycle 8000 Systolic bubble cycle 0 Core idle cycle 8000 
[2026-06-10 12:18:34.853] [info] Core [0] : Systolic Array Utilization(%) 0.00 (0.00% PE util), Vector Unit Utilization(%) 0.00, Total cycle: 4448000
[2026-06-10 12:18:34.927] [info] HBM2-CH_0: BW utilization 0% (0 reads, 0 writes)
[2026-06-10 12:18:34.941] [info] Core [0] : MatMul active cycle 0 Vector active cycle 0 
[2026-06-10 12:18:34.941] [info] Core [0] : issued tile 0 
[2026-06-10 12:18:34.941] [info] Core [0] : Memory unit idle cycle 8000 Systolic bubble cycle 0 Core idle cycle 8000 
[2026-06-10 12:18:34.941] [info] Core [0] : Systolic Array Utilization(%) 0.00 (0.00% PE util), Vector Unit Utilization(%) 0.00, Total cycle: 4456000
[2026-06-10 12:18:34.982] [info] HBM2-CH_0: BW utilization 0% (0 reads, 0 writes)
[2026-06-10 12:18:34.994] [info] Core [0] : MatMul active cycle 0 Vector active cycle 0 
[2026-06-10 12:18:34.994] [info] Core [0] : issued tile 0 
[2026-06-10 12:18:34.994] [info] Core [0] : Memory unit idle cycle 8000 Systolic bubble cycle 0 Core idle cycle 8000 
[2026-06-10 12:18:34.994] [info] Core [0] : Systolic Array Utilization(%) 0.00 (0.00% PE util), Vector Unit Utilization(%) 0.00, Total cycle: 4464000
[2026-06-10 12:18:35.034] [info] HBM2-CH_0: BW utilization 0% (0 reads, 0 writes)
[2026-06-10 12:18:35.045] [info] Core [0] : MatMul active cycle 0 Vector active cycle 0 
[2026-06-10 12:18:35.045] [info] Core [0] : issued tile 0 
[2026-06-10 12:18:35.045] [info] Core [0] : Memory unit idle cycle 8000 Systolic bubble cycle 0 Core idle cycle 8000 
[2026-06-10 12:18:35.045] [info] Core [0] : Systolic Array Utilization(%) 0.00 (0.00% PE util), Vector Unit Utilization(%) 0.00, Total cycle: 4472000
[2026-06-10 12:18:35.086] [info] HBM2-CH_0: BW utilization 0% (0 reads, 0 writes)
[2026-06-10 12:18:35.098] [info] Core [0] : MatMul active cycle 0 Vector active cycle 0 
[2026-06-10 12:18:35.098] [info] Core [0] : issued tile 0 
[2026-06-10 12:18:35.098] [info] Core [0] : Memory unit idle cycle 8000 Systolic bubble cycle 0 Core idle cycle 8000 
[2026-06-10 12:18:35.098] [info] Core [0] : Systolic Array Utilization(%) 0.00 (0.00% PE util), Vector Unit Utilization(%) 0.00, Total cycle: 4480000
[2026-06-10 12:18:35.138] [info] HBM2-CH_0: BW utilization 0% (0 reads, 0 writes)
[2026-06-10 12:18:35.152] [info] Core [0] : MatMul active cycle 0 Vector active cycle 0 
[2026-06-10 12:18:35.152] [info] Core [0] : issued tile 0 
[2026-06-10 12:18:35.152] [info] Core [0] : Memory unit idle cycle 8000 Systolic bubble cycle 0 Core idle cycle 8000 
[2026-06-10 12:18:35.152] [info] Core [0] : Systolic Array Utilization(%) 0.00 (0.00% PE util), Vector Unit Utilization(%) 0.00, Total cycle: 4488000
[2026-06-10 12:18:35.197] [info] HBM2-CH_0: BW utilization 0% (0 reads, 0 writes)
[2026-06-10 12:18:35.220] [info] Core [0] : MatMul active cycle 0 Vector active cycle 0 
[2026-06-10 12:18:35.220] [info] Core [0] : issued tile 0 
[2026-06-10 12:18:35.220] [info] Core [0] : Memory unit idle cycle 8000 Systolic bubble cycle 0 Core idle cycle 8000 
[2026-06-10 12:18:35.220] [info] Core [0] : Systolic Array Utilization(%) 0.00 (0.00% PE util), Vector Unit Utilization(%) 0.00, Total cycle: 4496000
[2026-06-10 12:18:35.299] [info] HBM2-CH_0: BW utilization 0% (0 reads, 0 writes)
[2026-06-10 12:18:35.323] [info] Core [0] : MatMul active cycle 0 Vector active cycle 0 
[2026-06-10 12:18:35.323] [info] Core [0] : issued tile 0 
[2026-06-10 12:18:35.323] [info] Core [0] : Memory unit idle cycle 8000 Systolic bubble cycle 0 Core idle cycle 8000 
[2026-06-10 12:18:35.323] [info] Core [0] : Systolic Array Utilization(%) 0.00 (0.00% PE util), Vector Unit Utilization(%) 0.00, Total cycle: 4504000
[2026-06-10 12:18:35.405] [info] HBM2-CH_0: BW utilization 0% (0 reads, 0 writes)
[2026-06-10 12:18:35.430] [info] Core [0] : MatMul active cycle 0 Vector active cycle 0 
[2026-06-10 12:18:35.430] [info] Core [0] : issued tile 0 
[2026-06-10 12:18:35.430] [info] Core [0] : Memory unit idle cycle 8000 Systolic bubble cycle 0 Core idle cycle 8000 
[2026-06-10 12:18:35.430] [info] Core [0] : Systolic Array Utilization(%) 0.00 (0.00% PE util), Vector Unit Utilization(%) 0.00, Total cycle: 4512000
[2026-06-10 12:18:35.510] [info] HBM2-CH_0: BW utilization 0% (0 reads, 0 writes)
[2026-06-10 12:18:35.533] [info] Core [0] : MatMul active cycle 0 Vector active cycle 0 
[2026-06-10 12:18:35.533] [info] Core [0] : issued tile 0 
[2026-06-10 12:18:35.533] [info] Core [0] : Memory unit idle cycle 8000 Systolic bubble cycle 0 Core idle cycle 8000 
[2026-06-10 12:18:35.533] [info] Core [0] : Systolic Array Utilization(%) 0.00 (0.00% PE util), Vector Unit Utilization(%) 0.00, Total cycle: 4520000
[2026-06-10 12:18:35.613] [info] HBM2-CH_0: BW utilization 0% (0 reads, 0 writes)
[2026-06-10 12:18:35.636] [info] Core [0] : MatMul active cycle 0 Vector active cycle 0 
[2026-06-10 12:18:35.636] [info] Core [0] : issued tile 0 
[2026-06-10 12:18:35.636] [info] Core [0] : Memory unit idle cycle 8000 Systolic bubble cycle 0 Core idle cycle 8000 
[2026-06-10 12:18:35.636] [info] Core [0] : Systolic Array Utilization(%) 0.00 (0.00% PE util), Vector Unit Utilization(%) 0.00, Total cycle: 4528000
[2026-06-10 12:18:35.716] [info] HBM2-CH_0: BW utilization 0% (0 reads, 0 writes)
[2026-06-10 12:18:35.740] [info] Core [0] : MatMul active cycle 0 Vector active cycle 0 
[2026-06-10 12:18:35.740] [info] Core [0] : issued tile 0 
[2026-06-10 12:18:35.740] [info] Core [0] : Memory unit idle cycle 8000 Systolic bubble cycle 0 Core idle cycle 8000 
[2026-06-10 12:18:35.740] [info] Core [0] : Systolic Array Utilization(%) 0.00 (0.00% PE util), Vector Unit Utilization(%) 0.00, Total cycle: 4536000
[2026-06-10 12:18:35.820] [info] HBM2-CH_0: BW utilization 0% (0 reads, 0 writes)
[2026-06-10 12:18:35.844] [info] Core [0] : MatMul active cycle 0 Vector active cycle 0 
[2026-06-10 12:18:35.844] [info] Core [0] : issued tile 0 
[2026-06-10 12:18:35.844] [info] Core [0] : Memory unit idle cycle 8000 Systolic bubble cycle 0 Core idle cycle 8000 
[2026-06-10 12:18:35.844] [info] Core [0] : Systolic Array Utilization(%) 0.00 (0.00% PE util), Vector Unit Utilization(%) 0.00, Total cycle: 4544000
[2026-06-10 12:18:38.470] [info] HBM2-CH_0: BW utilization 34% (325 reads, 3024 writes)
[2026-06-10 12:18:38.493] [info] Core [0] : MatMul active cycle 0 Vector active cycle 0 
[2026-06-10 12:18:38.493] [info] Core [0] : issued tile 0 
[2026-06-10 12:18:38.493] [info] Core [0] : Memory unit idle cycle 8000 Systolic bubble cycle 0 Core idle cycle 8000 
[2026-06-10 12:18:38.493] [info] Core [0] : Systolic Array Utilization(%) 0.00 (0.00% PE util), Vector Unit Utilization(%) 0.00, Total cycle: 4552000
[2026-06-10 12:18:38.573] [info] HBM2-CH_0: BW utilization 0% (0 reads, 0 writes)
[2026-06-10 12:18:38.597] [info] Core [0] : MatMul active cycle 0 Vector active cycle 0 
[2026-06-10 12:18:38.597] [info] Core [0] : issued tile 0 
[2026-06-10 12:18:38.597] [info] Core [0] : Memory unit idle cycle 8000 Systolic bubble cycle 0 Core idle cycle 8000 
[2026-06-10 12:18:38.597] [info] Core [0] : Systolic Array Utilization(%) 0.00 (0.00% PE util), Vector Unit Utilization(%) 0.00, Total cycle: 4560000
[2026-06-10 12:18:38.677] [info] HBM2-CH_0: BW utilization 0% (0 reads, 0 writes)
[2026-06-10 12:18:38.701] [info] Core [0] : MatMul active cycle 0 Vector active cycle 0 
[2026-06-10 12:18:38.701] [info] Core [0] : issued tile 0 
[2026-06-10 12:18:38.701] [info] Core [0] : Memory unit idle cycle 8000 Systolic bubble cycle 0 Core idle cycle 8000 
[2026-06-10 12:18:38.701] [info] Core [0] : Systolic Array Utilization(%) 0.00 (0.00% PE util), Vector Unit Utilization(%) 0.00, Total cycle: 4568000
[2026-06-10 12:18:38.782] [info] HBM2-CH_0: BW utilization 0% (0 reads, 0 writes)
[2026-06-10 12:18:38.806] [info] Core [0] : MatMul active cycle 0 Vector active cycle 0 
[2026-06-10 12:18:38.806] [info] Core [0] : issued tile 0 
[2026-06-10 12:18:38.806] [info] Core [0] : Memory unit idle cycle 8000 Systolic bubble cycle 0 Core idle cycle 8000 
[2026-06-10 12:18:38.806] [info] Core [0] : Systolic Array Utilization(%) 0.00 (0.00% PE util), Vector Unit Utilization(%) 0.00, Total cycle: 4576000
[2026-06-10 12:18:38.886] [info] HBM2-CH_0: BW utilization 0% (0 reads, 0 writes)
[2026-06-10 12:18:38.910] [info] Core [0] : MatMul active cycle 0 Vector active cycle 0 
[2026-06-10 12:18:38.910] [info] Core [0] : issued tile 0 
[2026-06-10 12:18:38.910] [info] Core [0] : Memory unit idle cycle 8000 Systolic bubble cycle 0 Core idle cycle 8000 
[2026-06-10 12:18:38.910] [info] Core [0] : Systolic Array Utilization(%) 0.00 (0.00% PE util), Vector Unit Utilization(%) 0.00, Total cycle: 4584000
[2026-06-10 12:18:38.991] [info] HBM2-CH_0: BW utilization 0% (0 reads, 0 writes)
[2026-06-10 12:18:39.015] [info] Core [0] : MatMul active cycle 0 Vector active cycle 0 
[2026-06-10 12:18:39.015] [info] Core [0] : issued tile 0 
[2026-06-10 12:18:39.015] [info] Core [0] : Memory unit idle cycle 8000 Systolic bubble cycle 0 Core idle cycle 8000 
[2026-06-10 12:18:39.015] [info] Core [0] : Systolic Array Utilization(%) 0.00 (0.00% PE util), Vector Unit Utilization(%) 0.00, Total cycle: 4592000
[2026-06-10 12:18:39.097] [info] HBM2-CH_0: BW utilization 0% (0 reads, 0 writes)
[2026-06-10 12:18:39.121] [info] Core [0] : MatMul active cycle 0 Vector active cycle 0 
[2026-06-10 12:18:39.121] [info] Core [0] : issued tile 0 
[2026-06-10 12:18:39.121] [info] Core [0] : Memory unit idle cycle 8000 Systolic bubble cycle 0 Core idle cycle 8000 
[2026-06-10 12:18:39.121] [info] Core [0] : Systolic Array Utilization(%) 0.00 (0.00% PE util), Vector Unit Utilization(%) 0.00, Total cycle: 4600000
[2026-06-10 12:18:39.202] [info] HBM2-CH_0: BW utilization 0% (0 reads, 0 writes)
[2026-06-10 12:18:39.226] [info] Core [0] : MatMul active cycle 0 Vector active cycle 0 
[2026-06-10 12:18:39.226] [info] Core [0] : issued tile 0 
[2026-06-10 12:18:39.226] [info] Core [0] : Memory unit idle cycle 8000 Systolic bubble cycle 0 Core idle cycle 8000 
[2026-06-10 12:18:39.226] [info] Core [0] : Systolic Array Utilization(%) 0.00 (0.00% PE util), Vector Unit Utilization(%) 0.00, Total cycle: 4608000
[2026-06-10 12:18:39.306] [info] HBM2-CH_0: BW utilization 0% (0 reads, 0 writes)
[2026-06-10 12:18:39.330] [info] Core [0] : MatMul active cycle 0 Vector active cycle 0 
[2026-06-10 12:18:39.330] [info] Core [0] : issued tile 0 
[2026-06-10 12:18:39.330] [info] Core [0] : Memory unit idle cycle 8000 Systolic bubble cycle 0 Core idle cycle 8000 
[2026-06-10 12:18:39.330] [info] Core [0] : Systolic Array Utilization(%) 0.00 (0.00% PE util), Vector Unit Utilization(%) 0.00, Total cycle: 4616000
[2026-06-10 12:18:39.411] [info] HBM2-CH_0: BW utilization 0% (0 reads, 0 writes)
[2026-06-10 12:18:39.435] [info] Core [0] : MatMul active cycle 0 Vector active cycle 0 
[2026-06-10 12:18:39.435] [info] Core [0] : issued tile 0 
[2026-06-10 12:18:39.435] [info] Core [0] : Memory unit idle cycle 8000 Systolic bubble cycle 0 Core idle cycle 8000 
[2026-06-10 12:18:39.435] [info] Core [0] : Systolic Array Utilization(%) 0.00 (0.00% PE util), Vector Unit Utilization(%) 0.00, Total cycle: 4624000
[2026-06-10 12:18:39.516] [info] HBM2-CH_0: BW utilization 0% (0 reads, 0 writes)
[2026-06-10 12:18:39.540] [info] Core [0] : MatMul active cycle 0 Vector active cycle 0 
[2026-06-10 12:18:39.540] [info] Core [0] : issued tile 0 
[2026-06-10 12:18:39.540] [info] Core [0] : Memory unit idle cycle 8000 Systolic bubble cycle 0 Core idle cycle 8000 
[2026-06-10 12:18:39.540] [info] Core [0] : Systolic Array Utilization(%) 0.00 (0.00% PE util), Vector Unit Utilization(%) 0.00, Total cycle: 4632000
[2026-06-10 12:18:39.620] [info] HBM2-CH_0: BW utilization 0% (0 reads, 0 writes)
[2026-06-10 12:18:39.645] [info] Core [0] : MatMul active cycle 0 Vector active cycle 0 
[2026-06-10 12:18:39.645] [info] Core [0] : issued tile 0 
[2026-06-10 12:18:39.645] [info] Core [0] : Memory unit idle cycle 8000 Systolic bubble cycle 0 Core idle cycle 8000 
[2026-06-10 12:18:39.645] [info] Core [0] : Systolic Array Utilization(%) 0.00 (0.00% PE util), Vector Unit Utilization(%) 0.00, Total cycle: 4640000
[2026-06-10 12:18:39.725] [info] HBM2-CH_0: BW utilization 0% (0 reads, 0 writes)
[2026-06-10 12:18:39.750] [info] Core [0] : MatMul active cycle 0 Vector active cycle 0 
[2026-06-10 12:18:39.750] [info] Core [0] : issued tile 0 
[2026-06-10 12:18:39.750] [info] Core [0] : Memory unit idle cycle 8000 Systolic bubble cycle 0 Core idle cycle 8000 
[2026-06-10 12:18:39.750] [info] Core [0] : Systolic Array Utilization(%) 0.00 (0.00% PE util), Vector Unit Utilization(%) 0.00, Total cycle: 4648000
[2026-06-10 12:18:39.830] [info] HBM2-CH_0: BW utilization 0% (0 reads, 0 writes)
[2026-06-10 12:18:39.855] [info] Core [0] : MatMul active cycle 0 Vector active cycle 0 
[2026-06-10 12:18:39.855] [info] Core [0] : issued tile 0 
[2026-06-10 12:18:39.855] [info] Core [0] : Memory unit idle cycle 8000 Systolic bubble cycle 0 Core idle cycle 8000 
[2026-06-10 12:18:39.855] [info] Core [0] : Systolic Array Utilization(%) 0.00 (0.00% PE util), Vector Unit Utilization(%) 0.00, Total cycle: 4656000
[2026-06-10 12:18:39.936] [info] HBM2-CH_0: BW utilization 0% (0 reads, 0 writes)
[2026-06-10 12:18:39.960] [info] Core [0] : MatMul active cycle 0 Vector active cycle 0 
[2026-06-10 12:18:39.960] [info] Core [0] : issued tile 0 
[2026-06-10 12:18:39.960] [info] Core [0] : Memory unit idle cycle 8000 Systolic bubble cycle 0 Core idle cycle 8000 
[2026-06-10 12:18:39.960] [info] Core [0] : Systolic Array Utilization(%) 0.00 (0.00% PE util), Vector Unit Utilization(%) 0.00, Total cycle: 4664000
[2026-06-10 12:18:40.041] [info] HBM2-CH_0: BW utilization 0% (0 reads, 0 writes)
[2026-06-10 12:18:40.065] [info] Core [0] : MatMul active cycle 0 Vector active cycle 0 
[2026-06-10 12:18:40.065] [info] Core [0] : issued tile 0 
[2026-06-10 12:18:40.065] [info] Core [0] : Memory unit idle cycle 8000 Systolic bubble cycle 0 Core idle cycle 8000 
[2026-06-10 12:18:40.065] [info] Core [0] : Systolic Array Utilization(%) 0.00 (0.00% PE util), Vector Unit Utilization(%) 0.00, Total cycle: 4672000
[2026-06-10 12:18:40.146] [info] HBM2-CH_0: BW utilization 0% (0 reads, 0 writes)
[2026-06-10 12:18:40.170] [info] Core [0] : MatMul active cycle 0 Vector active cycle 0 
[2026-06-10 12:18:40.170] [info] Core [0] : issued tile 0 
[2026-06-10 12:18:40.170] [info] Core [0] : Memory unit idle cycle 8000 Systolic bubble cycle 0 Core idle cycle 8000 
[2026-06-10 12:18:40.170] [info] Core [0] : Systolic Array Utilization(%) 0.00 (0.00% PE util), Vector Unit Utilization(%) 0.00, Total cycle: 4680000
[2026-06-10 12:18:40.250] [info] HBM2-CH_0: BW utilization 0% (0 reads, 0 writes)
[2026-06-10 12:18:40.275] [info] Core [0] : MatMul active cycle 0 Vector active cycle 0 
[2026-06-10 12:18:40.275] [info] Core [0] : issued tile 0 
[2026-06-10 12:18:40.275] [info] Core [0] : Memory unit idle cycle 8000 Systolic bubble cycle 0 Core idle cycle 8000 
[2026-06-10 12:18:40.275] [info] Core [0] : Systolic Array Utilization(%) 0.00 (0.00% PE util), Vector Unit Utilization(%) 0.00, Total cycle: 4688000
[2026-06-10 12:18:40.356] [info] HBM2-CH_0: BW utilization 0% (0 reads, 0 writes)
[2026-06-10 12:18:40.380] [info] Core [0] : MatMul active cycle 0 Vector active cycle 0 
[2026-06-10 12:18:40.380] [info] Core [0] : issued tile 0 
[2026-06-10 12:18:40.380] [info] Core [0] : Memory unit idle cycle 8000 Systolic bubble cycle 0 Core idle cycle 8000 
[2026-06-10 12:18:40.380] [info] Core [0] : Systolic Array Utilization(%) 0.00 (0.00% PE util), Vector Unit Utilization(%) 0.00, Total cycle: 4696000
[2026-06-10 12:18:40.460] [info] HBM2-CH_0: BW utilization 0% (0 reads, 0 writes)
[2026-06-10 12:18:40.485] [info] Core [0] : MatMul active cycle 0 Vector active cycle 0 
[2026-06-10 12:18:40.485] [info] Core [0] : issued tile 0 
[2026-06-10 12:18:40.485] [info] Core [0] : Memory unit idle cycle 8000 Systolic bubble cycle 0 Core idle cycle 8000 
[2026-06-10 12:18:40.485] [info] Core [0] : Systolic Array Utilization(%) 0.00 (0.00% PE util), Vector Unit Utilization(%) 0.00, Total cycle: 4704000
[2026-06-10 12:18:40.565] [info] HBM2-CH_0: BW utilization 0% (0 reads, 0 writes)
[2026-06-10 12:18:40.589] [info] Core [0] : MatMul active cycle 0 Vector active cycle 0 
[2026-06-10 12:18:40.589] [info] Core [0] : issued tile 0 
[2026-06-10 12:18:40.589] [info] Core [0] : Memory unit idle cycle 8000 Systolic bubble cycle 0 Core idle cycle 8000 
[2026-06-10 12:18:40.589] [info] Core [0] : Systolic Array Utilization(%) 0.00 (0.00% PE util), Vector Unit Utilization(%) 0.00, Total cycle: 4712000
[2026-06-10 12:18:40.669] [info] HBM2-CH_0: BW utilization 0% (0 reads, 0 writes)
[2026-06-10 12:18:40.693] [info] Core [0] : MatMul active cycle 0 Vector active cycle 0 
[2026-06-10 12:18:40.693] [info] Core [0] : issued tile 0 
[2026-06-10 12:18:40.693] [info] Core [0] : Memory unit idle cycle 8000 Systolic bubble cycle 0 Core idle cycle 8000 
[2026-06-10 12:18:40.693] [info] Core [0] : Systolic Array Utilization(%) 0.00 (0.00% PE util), Vector Unit Utilization(%) 0.00, Total cycle: 4720000
[2026-06-10 12:18:40.773] [info] HBM2-CH_0: BW utilization 0% (0 reads, 0 writes)
[2026-06-10 12:18:40.799] [info] Core [0] : MatMul active cycle 0 Vector active cycle 0 
[2026-06-10 12:18:40.799] [info] Core [0] : issued tile 0 
[2026-06-10 12:18:40.799] [info] Core [0] : Memory unit idle cycle 8000 Systolic bubble cycle 0 Core idle cycle 8000 
[2026-06-10 12:18:40.799] [info] Core [0] : Systolic Array Utilization(%) 0.00 (0.00% PE util), Vector Unit Utilization(%) 0.00, Total cycle: 4728000
[2026-06-10 12:18:40.880] [info] HBM2-CH_0: BW utilization 0% (0 reads, 0 writes)
[2026-06-10 12:18:40.906] [info] Core [0] : MatMul active cycle 0 Vector active cycle 0 
[2026-06-10 12:18:40.906] [info] Core [0] : issued tile 0 
[2026-06-10 12:18:40.906] [info] Core [0] : Memory unit idle cycle 8000 Systolic bubble cycle 0 Core idle cycle 8000 
[2026-06-10 12:18:40.906] [info] Core [0] : Systolic Array Utilization(%) 0.00 (0.00% PE util), Vector Unit Utilization(%) 0.00, Total cycle: 4736000
[2026-06-10 12:18:40.988] [info] HBM2-CH_0: BW utilization 0% (0 reads, 0 writes)
[2026-06-10 12:18:42.281] [info] Core [0] : MatMul active cycle 0 Vector active cycle 0 
[2026-06-10 12:18:42.281] [info] Core [0] : issued tile 0 
[2026-06-10 12:18:42.281] [info] Core [0] : Memory unit idle cycle 8000 Systolic bubble cycle 0 Core idle cycle 8000 
[2026-06-10 12:18:42.281] [info] Core [0] : Systolic Array Utilization(%) 0.00 (0.00% PE util), Vector Unit Utilization(%) 0.00, Total cycle: 4744000
[2026-06-10 12:18:44.511] [info] HBM2-CH_0: BW utilization 34% (318 reads, 3024 writes)
[2026-06-10 12:18:44.538] [info] Core [0] : MatMul active cycle 0 Vector active cycle 0 
[2026-06-10 12:18:44.538] [info] Core [0] : issued tile 0 
[2026-06-10 12:18:44.538] [info] Core [0] : Memory unit idle cycle 8000 Systolic bubble cycle 0 Core idle cycle 8000 
[2026-06-10 12:18:44.538] [info] Core [0] : Systolic Array Utilization(%) 0.00 (0.00% PE util), Vector Unit Utilization(%) 0.00, Total cycle: 4752000
[2026-06-10 12:18:44.626] [info] HBM2-CH_0: BW utilization 0% (0 reads, 0 writes)
[2026-06-10 12:18:44.653] [info] Core [0] : MatMul active cycle 0 Vector active cycle 0 
[2026-06-10 12:18:44.653] [info] Core [0] : issued tile 0 
[2026-06-10 12:18:44.653] [info] Core [0] : Memory unit idle cycle 8000 Systolic bubble cycle 0 Core idle cycle 8000 
[2026-06-10 12:18:44.653] [info] Core [0] : Systolic Array Utilization(%) 0.00 (0.00% PE util), Vector Unit Utilization(%) 0.00, Total cycle: 4760000
[2026-06-10 12:18:44.743] [info] HBM2-CH_0: BW utilization 0% (0 reads, 0 writes)
[2026-06-10 12:18:44.773] [info] Core [0] : MatMul active cycle 0 Vector active cycle 0 
[2026-06-10 12:18:44.773] [info] Core [0] : issued tile 0 
[2026-06-10 12:18:44.773] [info] Core [0] : Memory unit idle cycle 8000 Systolic bubble cycle 0 Core idle cycle 8000 
[2026-06-10 12:18:44.773] [info] Core [0] : Systolic Array Utilization(%) 0.00 (0.00% PE util), Vector Unit Utilization(%) 0.00, Total cycle: 4768000
[2026-06-10 12:18:44.865] [info] HBM2-CH_0: BW utilization 0% (0 reads, 0 writes)
[2026-06-10 12:18:44.893] [info] Core [0] : MatMul active cycle 0 Vector active cycle 0 
[2026-06-10 12:18:44.893] [info] Core [0] : issued tile 0 
[2026-06-10 12:18:44.893] [info] Core [0] : Memory unit idle cycle 8000 Systolic bubble cycle 0 Core idle cycle 8000 
[2026-06-10 12:18:44.893] [info] Core [0] : Systolic Array Utilization(%) 0.00 (0.00% PE util), Vector Unit Utilization(%) 0.00, Total cycle: 4776000
[2026-06-10 12:18:44.984] [info] HBM2-CH_0: BW utilization 0% (0 reads, 0 writes)
[2026-06-10 12:18:45.012] [info] Core [0] : MatMul active cycle 0 Vector active cycle 0 
[2026-06-10 12:18:45.012] [info] Core [0] : issued tile 0 
[2026-06-10 12:18:45.012] [info] Core [0] : Memory unit idle cycle 8000 Systolic bubble cycle 0 Core idle cycle 8000 
[2026-06-10 12:18:45.012] [info] Core [0] : Systolic Array Utilization(%) 0.00 (0.00% PE util), Vector Unit Utilization(%) 0.00, Total cycle: 4784000
[2026-06-10 12:18:45.099] [info] HBM2-CH_0: BW utilization 0% (0 reads, 0 writes)
[2026-06-10 12:18:45.127] [info] Core [0] : MatMul active cycle 0 Vector active cycle 0 
[2026-06-10 12:18:45.127] [info] Core [0] : issued tile 0 
[2026-06-10 12:18:45.127] [info] Core [0] : Memory unit idle cycle 8000 Systolic bubble cycle 0 Core idle cycle 8000 
[2026-06-10 12:18:45.127] [info] Core [0] : Systolic Array Utilization(%) 0.00 (0.00% PE util), Vector Unit Utilization(%) 0.00, Total cycle: 4792000
[2026-06-10 12:18:45.216] [info] HBM2-CH_0: BW utilization 0% (0 reads, 0 writes)
[2026-06-10 12:18:45.244] [info] Core [0] : MatMul active cycle 0 Vector active cycle 0 
[2026-06-10 12:18:45.244] [info] Core [0] : issued tile 0 
[2026-06-10 12:18:45.244] [info] Core [0] : Memory unit idle cycle 8000 Systolic bubble cycle 0 Core idle cycle 8000 
[2026-06-10 12:18:45.244] [info] Core [0] : Systolic Array Utilization(%) 0.00 (0.00% PE util), Vector Unit Utilization(%) 0.00, Total cycle: 4800000
[2026-06-10 12:18:45.330] [info] HBM2-CH_0: BW utilization 0% (0 reads, 0 writes)
[2026-06-10 12:18:45.355] [info] Core [0] : MatMul active cycle 0 Vector active cycle 0 
[2026-06-10 12:18:45.355] [info] Core [0] : issued tile 0 
[2026-06-10 12:18:45.355] [info] Core [0] : Memory unit idle cycle 8000 Systolic bubble cycle 0 Core idle cycle 8000 
[2026-06-10 12:18:45.355] [info] Core [0] : Systolic Array Utilization(%) 0.00 (0.00% PE util), Vector Unit Utilization(%) 0.00, Total cycle: 4808000
[2026-06-10 12:18:45.433] [info] HBM2-CH_0: BW utilization 0% (0 reads, 0 writes)
[2026-06-10 12:18:45.458] [info] Core [0] : MatMul active cycle 0 Vector active cycle 0 
[2026-06-10 12:18:45.458] [info] Core [0] : issued tile 0 
[2026-06-10 12:18:45.458] [info] Core [0] : Memory unit idle cycle 8000 Systolic bubble cycle 0 Core idle cycle 8000 
[2026-06-10 12:18:45.458] [info] Core [0] : Systolic Array Utilization(%) 0.00 (0.00% PE util), Vector Unit Utilization(%) 0.00, Total cycle: 4816000
[2026-06-10 12:18:45.537] [info] HBM2-CH_0: BW utilization 0% (0 reads, 0 writes)
[2026-06-10 12:18:45.561] [info] Core [0] : MatMul active cycle 0 Vector active cycle 0 
[2026-06-10 12:18:45.561] [info] Core [0] : issued tile 0 
[2026-06-10 12:18:45.562] [info] Core [0] : Memory unit idle cycle 8000 Systolic bubble cycle 0 Core idle cycle 8000 
[2026-06-10 12:18:45.562] [info] Core [0] : Systolic Array Utilization(%) 0.00 (0.00% PE util), Vector Unit Utilization(%) 0.00, Total cycle: 4824000
[2026-06-10 12:18:45.640] [info] HBM2-CH_0: BW utilization 0% (0 reads, 0 writes)
[2026-06-10 12:18:45.665] [info] Core [0] : MatMul active cycle 0 Vector active cycle 0 
[2026-06-10 12:18:45.665] [info] Core [0] : issued tile 0 
[2026-06-10 12:18:45.665] [info] Core [0] : Memory unit idle cycle 8000 Systolic bubble cycle 0 Core idle cycle 8000 
[2026-06-10 12:18:45.665] [info] Core [0] : Systolic Array Utilization(%) 0.00 (0.00% PE util), Vector Unit Utilization(%) 0.00, Total cycle: 4832000
[2026-06-10 12:18:45.743] [info] HBM2-CH_0: BW utilization 0% (0 reads, 0 writes)
[2026-06-10 12:18:45.768] [info] Core [0] : MatMul active cycle 0 Vector active cycle 0 
[2026-06-10 12:18:45.768] [info] Core [0] : issued tile 0 
[2026-06-10 12:18:45.768] [info] Core [0] : Memory unit idle cycle 8000 Systolic bubble cycle 0 Core idle cycle 8000 
[2026-06-10 12:18:45.768] [info] Core [0] : Systolic Array Utilization(%) 0.00 (0.00% PE util), Vector Unit Utilization(%) 0.00, Total cycle: 4840000
[2026-06-10 12:18:45.847] [info] HBM2-CH_0: BW utilization 0% (0 reads, 0 writes)
[2026-06-10 12:18:45.873] [info] Core [0] : MatMul active cycle 0 Vector active cycle 0 
[2026-06-10 12:18:45.873] [info] Core [0] : issued tile 0 
[2026-06-10 12:18:45.873] [info] Core [0] : Memory unit idle cycle 8000 Systolic bubble cycle 0 Core idle cycle 8000 
[2026-06-10 12:18:45.873] [info] Core [0] : Systolic Array Utilization(%) 0.00 (0.00% PE util), Vector Unit Utilization(%) 0.00, Total cycle: 4848000
[2026-06-10 12:18:45.952] [info] HBM2-CH_0: BW utilization 0% (0 reads, 0 writes)
[2026-06-10 12:18:45.977] [info] Core [0] : MatMul active cycle 0 Vector active cycle 0 
[2026-06-10 12:18:45.977] [info] Core [0] : issued tile 0 
[2026-06-10 12:18:45.977] [info] Core [0] : Memory unit idle cycle 8000 Systolic bubble cycle 0 Core idle cycle 8000 
[2026-06-10 12:18:45.977] [info] Core [0] : Systolic Array Utilization(%) 0.00 (0.00% PE util), Vector Unit Utilization(%) 0.00, Total cycle: 4856000
[2026-06-10 12:18:46.056] [info] HBM2-CH_0: BW utilization 0% (0 reads, 0 writes)
[2026-06-10 12:18:46.082] [info] Core [0] : MatMul active cycle 0 Vector active cycle 0 
[2026-06-10 12:18:46.082] [info] Core [0] : issued tile 0 
[2026-06-10 12:18:46.082] [info] Core [0] : Memory unit idle cycle 8000 Systolic bubble cycle 0 Core idle cycle 8000 
[2026-06-10 12:18:46.082] [info] Core [0] : Systolic Array Utilization(%) 0.00 (0.00% PE util), Vector Unit Utilization(%) 0.00, Total cycle: 4864000
[2026-06-10 12:18:46.161] [info] HBM2-CH_0: BW utilization 0% (0 reads, 0 writes)
[2026-06-10 12:18:46.186] [info] Core [0] : MatMul active cycle 0 Vector active cycle 0 
[2026-06-10 12:18:46.186] [info] Core [0] : issued tile 0 
[2026-06-10 12:18:46.186] [info] Core [0] : Memory unit idle cycle 8000 Systolic bubble cycle 0 Core idle cycle 8000 
[2026-06-10 12:18:46.186] [info] Core [0] : Systolic Array Utilization(%) 0.00 (0.00% PE util), Vector Unit Utilization(%) 0.00, Total cycle: 4872000
[2026-06-10 12:18:46.263] [info] HBM2-CH_0: BW utilization 0% (0 reads, 0 writes)
[2026-06-10 12:18:46.289] [info] Core [0] : MatMul active cycle 0 Vector active cycle 0 
[2026-06-10 12:18:46.289] [info] Core [0] : issued tile 0 
[2026-06-10 12:18:46.289] [info] Core [0] : Memory unit idle cycle 8000 Systolic bubble cycle 0 Core idle cycle 8000 
[2026-06-10 12:18:46.289] [info] Core [0] : Systolic Array Utilization(%) 0.00 (0.00% PE util), Vector Unit Utilization(%) 0.00, Total cycle: 4880000
[2026-06-10 12:18:46.366] [info] HBM2-CH_0: BW utilization 0% (0 reads, 0 writes)
[2026-06-10 12:18:46.391] [info] Core [0] : MatMul active cycle 0 Vector active cycle 0 
[2026-06-10 12:18:46.391] [info] Core [0] : issued tile 0 
[2026-06-10 12:18:46.391] [info] Core [0] : Memory unit idle cycle 8000 Systolic bubble cycle 0 Core idle cycle 8000 
[2026-06-10 12:18:46.391] [info] Core [0] : Systolic Array Utilization(%) 0.00 (0.00% PE util), Vector Unit Utilization(%) 0.00, Total cycle: 4888000
[2026-06-10 12:18:46.471] [info] HBM2-CH_0: BW utilization 0% (0 reads, 0 writes)
[2026-06-10 12:18:46.497] [info] Core [0] : MatMul active cycle 0 Vector active cycle 0 
[2026-06-10 12:18:46.497] [info] Core [0] : issued tile 0 
[2026-06-10 12:18:46.497] [info] Core [0] : Memory unit idle cycle 8000 Systolic bubble cycle 0 Core idle cycle 8000 
[2026-06-10 12:18:46.497] [info] Core [0] : Systolic Array Utilization(%) 0.00 (0.00% PE util), Vector Unit Utilization(%) 0.00, Total cycle: 4896000
[2026-06-10 12:18:46.574] [info] HBM2-CH_0: BW utilization 0% (0 reads, 0 writes)
[2026-06-10 12:18:46.599] [info] Core [0] : MatMul active cycle 0 Vector active cycle 0 
[2026-06-10 12:18:46.599] [info] Core [0] : issued tile 0 
[2026-06-10 12:18:46.599] [info] Core [0] : Memory unit idle cycle 8000 Systolic bubble cycle 0 Core idle cycle 8000 
[2026-06-10 12:18:46.600] [info] Core [0] : Systolic Array Utilization(%) 0.00 (0.00% PE util), Vector Unit Utilization(%) 0.00, Total cycle: 4904000
[2026-06-10 12:18:46.677] [info] HBM2-CH_0: BW utilization 0% (0 reads, 0 writes)
[2026-06-10 12:18:46.702] [info] Core [0] : MatMul active cycle 0 Vector active cycle 0 
[2026-06-10 12:18:46.702] [info] Core [0] : issued tile 0 
[2026-06-10 12:18:46.702] [info] Core [0] : Memory unit idle cycle 8000 Systolic bubble cycle 0 Core idle cycle 8000 
[2026-06-10 12:18:46.702] [info] Core [0] : Systolic Array Utilization(%) 0.00 (0.00% PE util), Vector Unit Utilization(%) 0.00, Total cycle: 4912000
[2026-06-10 12:18:46.780] [info] HBM2-CH_0: BW utilization 0% (0 reads, 0 writes)
[2026-06-10 12:18:46.805] [info] Core [0] : MatMul active cycle 0 Vector active cycle 0 
[2026-06-10 12:18:46.805] [info] Core [0] : issued tile 0 
[2026-06-10 12:18:46.805] [info] Core [0] : Memory unit idle cycle 8000 Systolic bubble cycle 0 Core idle cycle 8000 
[2026-06-10 12:18:46.805] [info] Core [0] : Systolic Array Utilization(%) 0.00 (0.00% PE util), Vector Unit Utilization(%) 0.00, Total cycle: 4920000
[2026-06-10 12:18:46.883] [info] HBM2-CH_0: BW utilization 0% (0 reads, 0 writes)
[2026-06-10 12:18:46.909] [info] Core [0] : MatMul active cycle 0 Vector active cycle 0 
[2026-06-10 12:18:46.909] [info] Core [0] : issued tile 0 
[2026-06-10 12:18:46.909] [info] Core [0] : Memory unit idle cycle 8000 Systolic bubble cycle 0 Core idle cycle 8000 
[2026-06-10 12:18:46.909] [info] Core [0] : Systolic Array Utilization(%) 0.00 (0.00% PE util), Vector Unit Utilization(%) 0.00, Total cycle: 4928000
[2026-06-10 12:18:46.988] [info] HBM2-CH_0: BW utilization 0% (0 reads, 0 writes)
[2026-06-10 12:18:47.014] [info] Core [0] : MatMul active cycle 0 Vector active cycle 0 
[2026-06-10 12:18:47.014] [info] Core [0] : issued tile 0 
[2026-06-10 12:18:47.014] [info] Core [0] : Memory unit idle cycle 8000 Systolic bubble cycle 0 Core idle cycle 8000 
[2026-06-10 12:18:47.014] [info] Core [0] : Systolic Array Utilization(%) 0.00 (0.00% PE util), Vector Unit Utilization(%) 0.00, Total cycle: 4936000
[2026-06-10 12:18:48.456] [info] HBM2-CH_0: BW utilization 14% (0 reads, 1412 writes)
[2026-06-10 12:18:49.456] [info] Core [0] : MatMul active cycle 0 Vector active cycle 0 
[2026-06-10 12:18:49.456] [info] Core [0] : issued tile 0 
[2026-06-10 12:18:49.456] [info] Core [0] : Memory unit idle cycle 8000 Systolic bubble cycle 0 Core idle cycle 8000 
[2026-06-10 12:18:49.456] [info] Core [0] : Systolic Array Utilization(%) 0.00 (0.00% PE util), Vector Unit Utilization(%) 0.00, Total cycle: 4944000
[2026-06-10 12:18:49.779] [info] HBM2-CH_0: BW utilization 20% (318 reads, 1612 writes)
[2026-06-10 12:18:49.805] [info] Core [0] : MatMul active cycle 0 Vector active cycle 0 
[2026-06-10 12:18:49.805] [info] Core [0] : issued tile 0 
[2026-06-10 12:18:49.805] [info] Core [0] : Memory unit idle cycle 8000 Systolic bubble cycle 0 Core idle cycle 8000 
[2026-06-10 12:18:49.805] [info] Core [0] : Systolic Array Utilization(%) 0.00 (0.00% PE util), Vector Unit Utilization(%) 0.00, Total cycle: 4952000
[2026-06-10 12:18:49.883] [info] HBM2-CH_0: BW utilization 0% (0 reads, 0 writes)
[2026-06-10 12:18:49.909] [info] Core [0] : MatMul active cycle 0 Vector active cycle 0 
[2026-06-10 12:18:49.909] [info] Core [0] : issued tile 0 
[2026-06-10 12:18:49.909] [info] Core [0] : Memory unit idle cycle 8000 Systolic bubble cycle 0 Core idle cycle 8000 
[2026-06-10 12:18:49.909] [info] Core [0] : Systolic Array Utilization(%) 0.00 (0.00% PE util), Vector Unit Utilization(%) 0.00, Total cycle: 4960000
[2026-06-10 12:18:49.988] [info] HBM2-CH_0: BW utilization 0% (0 reads, 0 writes)
[2026-06-10 12:18:50.014] [info] Core [0] : MatMul active cycle 0 Vector active cycle 0 
[2026-06-10 12:18:50.014] [info] Core [0] : issued tile 0 
[2026-06-10 12:18:50.014] [info] Core [0] : Memory unit idle cycle 8000 Systolic bubble cycle 0 Core idle cycle 8000 
[2026-06-10 12:18:50.014] [info] Core [0] : Systolic Array Utilization(%) 0.00 (0.00% PE util), Vector Unit Utilization(%) 0.00, Total cycle: 4968000
[2026-06-10 12:18:50.094] [info] HBM2-CH_0: BW utilization 0% (0 reads, 0 writes)
[2026-06-10 12:18:50.120] [info] Core [0] : MatMul active cycle 0 Vector active cycle 0 
[2026-06-10 12:18:50.120] [info] Core [0] : issued tile 0 
[2026-06-10 12:18:50.120] [info] Core [0] : Memory unit idle cycle 8000 Systolic bubble cycle 0 Core idle cycle 8000 
[2026-06-10 12:18:50.120] [info] Core [0] : Systolic Array Utilization(%) 0.00 (0.00% PE util), Vector Unit Utilization(%) 0.00, Total cycle: 4976000
[2026-06-10 12:18:50.198] [info] HBM2-CH_0: BW utilization 0% (0 reads, 0 writes)
[2026-06-10 12:18:50.223] [info] Core [0] : MatMul active cycle 0 Vector active cycle 0 
[2026-06-10 12:18:50.223] [info] Core [0] : issued tile 0 
[2026-06-10 12:18:50.223] [info] Core [0] : Memory unit idle cycle 8000 Systolic bubble cycle 0 Core idle cycle 8000 
[2026-06-10 12:18:50.223] [info] Core [0] : Systolic Array Utilization(%) 0.00 (0.00% PE util), Vector Unit Utilization(%) 0.00, Total cycle: 4984000
[2026-06-10 12:18:50.301] [info] HBM2-CH_0: BW utilization 0% (0 reads, 0 writes)
[2026-06-10 12:18:50.326] [info] Core [0] : MatMul active cycle 0 Vector active cycle 0 
[2026-06-10 12:18:50.326] [info] Core [0] : issued tile 0 
[2026-06-10 12:18:50.326] [info] Core [0] : Memory unit idle cycle 8000 Systolic bubble cycle 0 Core idle cycle 8000 
[2026-06-10 12:18:50.326] [info] Core [0] : Systolic Array Utilization(%) 0.00 (0.00% PE util), Vector Unit Utilization(%) 0.00, Total cycle: 4992000
[2026-06-10 12:18:50.404] [info] HBM2-CH_0: BW utilization 0% (0 reads, 0 writes)
[2026-06-10 12:18:50.430] [info] Core [0] : MatMul active cycle 0 Vector active cycle 0 
[2026-06-10 12:18:50.430] [info] Core [0] : issued tile 0 
[2026-06-10 12:18:50.430] [info] Core [0] : Memory unit idle cycle 8000 Systolic bubble cycle 0 Core idle cycle 8000 
[2026-06-10 12:18:50.430] [info] Core [0] : Systolic Array Utilization(%) 0.00 (0.00% PE util), Vector Unit Utilization(%) 0.00, Total cycle: 5000000
[2026-06-10 12:18:50.507] [info] HBM2-CH_0: BW utilization 0% (0 reads, 0 writes)
[2026-06-10 12:18:50.533] [info] Core [0] : MatMul active cycle 0 Vector active cycle 0 
[2026-06-10 12:18:50.533] [info] Core [0] : issued tile 0 
[2026-06-10 12:18:50.533] [info] Core [0] : Memory unit idle cycle 8000 Systolic bubble cycle 0 Core idle cycle 8000 
[2026-06-10 12:18:50.533] [info] Core [0] : Systolic Array Utilization(%) 0.00 (0.00% PE util), Vector Unit Utilization(%) 0.00, Total cycle: 5008000
[2026-06-10 12:18:50.610] [info] HBM2-CH_0: BW utilization 0% (0 reads, 0 writes)
[2026-06-10 12:18:50.636] [info] Core [0] : MatMul active cycle 0 Vector active cycle 0 
[2026-06-10 12:18:50.636] [info] Core [0] : issued tile 0 
[2026-06-10 12:18:50.636] [info] Core [0] : Memory unit idle cycle 8000 Systolic bubble cycle 0 Core idle cycle 8000 
[2026-06-10 12:18:50.636] [info] Core [0] : Systolic Array Utilization(%) 0.00 (0.00% PE util), Vector Unit Utilization(%) 0.00, Total cycle: 5016000
[2026-06-10 12:18:50.714] [info] HBM2-CH_0: BW utilization 0% (0 reads, 0 writes)
[2026-06-10 12:18:50.740] [info] Core [0] : MatMul active cycle 0 Vector active cycle 0 
[2026-06-10 12:18:50.740] [info] Core [0] : issued tile 0 
[2026-06-10 12:18:50.740] [info] Core [0] : Memory unit idle cycle 8000 Systolic bubble cycle 0 Core idle cycle 8000 
[2026-06-10 12:18:50.740] [info] Core [0] : Systolic Array Utilization(%) 0.00 (0.00% PE util), Vector Unit Utilization(%) 0.00, Total cycle: 5024000
[2026-06-10 12:18:50.819] [info] HBM2-CH_0: BW utilization 0% (0 reads, 0 writes)
[2026-06-10 12:18:50.845] [info] Core [0] : MatMul active cycle 0 Vector active cycle 0 
[2026-06-10 12:18:50.845] [info] Core [0] : issued tile 0 
[2026-06-10 12:18:50.845] [info] Core [0] : Memory unit idle cycle 8000 Systolic bubble cycle 0 Core idle cycle 8000 
[2026-06-10 12:18:50.845] [info] Core [0] : Systolic Array Utilization(%) 0.00 (0.00% PE util), Vector Unit Utilization(%) 0.00, Total cycle: 5032000
[2026-06-10 12:18:50.923] [info] HBM2-CH_0: BW utilization 0% (0 reads, 0 writes)
[2026-06-10 12:18:50.949] [info] Core [0] : MatMul active cycle 0 Vector active cycle 0 
[2026-06-10 12:18:50.949] [info] Core [0] : issued tile 0 
[2026-06-10 12:18:50.949] [info] Core [0] : Memory unit idle cycle 8000 Systolic bubble cycle 0 Core idle cycle 8000 
[2026-06-10 12:18:50.949] [info] Core [0] : Systolic Array Utilization(%) 0.00 (0.00% PE util), Vector Unit Utilization(%) 0.00, Total cycle: 5040000
[2026-06-10 12:18:51.026] [info] HBM2-CH_0: BW utilization 0% (0 reads, 0 writes)
[2026-06-10 12:18:51.052] [info] Core [0] : MatMul active cycle 0 Vector active cycle 0 
[2026-06-10 12:18:51.052] [info] Core [0] : issued tile 0 
[2026-06-10 12:18:51.052] [info] Core [0] : Memory unit idle cycle 8000 Systolic bubble cycle 0 Core idle cycle 8000 
[2026-06-10 12:18:51.052] [info] Core [0] : Systolic Array Utilization(%) 0.00 (0.00% PE util), Vector Unit Utilization(%) 0.00, Total cycle: 5048000
[2026-06-10 12:18:51.130] [info] HBM2-CH_0: BW utilization 0% (0 reads, 0 writes)
[2026-06-10 12:18:51.156] [info] Core [0] : MatMul active cycle 0 Vector active cycle 0 
[2026-06-10 12:18:51.156] [info] Core [0] : issued tile 0 
[2026-06-10 12:18:51.156] [info] Core [0] : Memory unit idle cycle 8000 Systolic bubble cycle 0 Core idle cycle 8000 
[2026-06-10 12:18:51.156] [info] Core [0] : Systolic Array Utilization(%) 0.00 (0.00% PE util), Vector Unit Utilization(%) 0.00, Total cycle: 5056000
[2026-06-10 12:18:51.234] [info] HBM2-CH_0: BW utilization 0% (0 reads, 0 writes)
[2026-06-10 12:18:51.260] [info] Core [0] : MatMul active cycle 0 Vector active cycle 0 
[2026-06-10 12:18:51.260] [info] Core [0] : issued tile 0 
[2026-06-10 12:18:51.260] [info] Core [0] : Memory unit idle cycle 8000 Systolic bubble cycle 0 Core idle cycle 8000 
[2026-06-10 12:18:51.260] [info] Core [0] : Systolic Array Utilization(%) 0.00 (0.00% PE util), Vector Unit Utilization(%) 0.00, Total cycle: 5064000
[2026-06-10 12:18:51.338] [info] HBM2-CH_0: BW utilization 0% (0 reads, 0 writes)
[2026-06-10 12:18:51.364] [info] Core [0] : MatMul active cycle 0 Vector active cycle 0 
[2026-06-10 12:18:51.364] [info] Core [0] : issued tile 0 
[2026-06-10 12:18:51.364] [info] Core [0] : Memory unit idle cycle 8000 Systolic bubble cycle 0 Core idle cycle 8000 
[2026-06-10 12:18:51.364] [info] Core [0] : Systolic Array Utilization(%) 0.00 (0.00% PE util), Vector Unit Utilization(%) 0.00, Total cycle: 5072000
[2026-06-10 12:18:51.442] [info] HBM2-CH_0: BW utilization 0% (0 reads, 0 writes)
[2026-06-10 12:18:51.468] [info] Core [0] : MatMul active cycle 0 Vector active cycle 0 
[2026-06-10 12:18:51.468] [info] Core [0] : issued tile 0 
[2026-06-10 12:18:51.468] [info] Core [0] : Memory unit idle cycle 8000 Systolic bubble cycle 0 Core idle cycle 8000 
[2026-06-10 12:18:51.468] [info] Core [0] : Systolic Array Utilization(%) 0.00 (0.00% PE util), Vector Unit Utilization(%) 0.00, Total cycle: 5080000
[2026-06-10 12:18:51.545] [info] HBM2-CH_0: BW utilization 0% (0 reads, 0 writes)
[2026-06-10 12:18:51.572] [info] Core [0] : MatMul active cycle 0 Vector active cycle 0 
[2026-06-10 12:18:51.572] [info] Core [0] : issued tile 0 
[2026-06-10 12:18:51.572] [info] Core [0] : Memory unit idle cycle 8000 Systolic bubble cycle 0 Core idle cycle 8000 
[2026-06-10 12:18:51.572] [info] Core [0] : Systolic Array Utilization(%) 0.00 (0.00% PE util), Vector Unit Utilization(%) 0.00, Total cycle: 5088000
[2026-06-10 12:18:51.649] [info] HBM2-CH_0: BW utilization 0% (0 reads, 0 writes)
[2026-06-10 12:18:51.675] [info] Core [0] : MatMul active cycle 0 Vector active cycle 0 
[2026-06-10 12:18:51.675] [info] Core [0] : issued tile 0 
[2026-06-10 12:18:51.675] [info] Core [0] : Memory unit idle cycle 8000 Systolic bubble cycle 0 Core idle cycle 8000 
[2026-06-10 12:18:51.675] [info] Core [0] : Systolic Array Utilization(%) 0.00 (0.00% PE util), Vector Unit Utilization(%) 0.00, Total cycle: 5096000
[2026-06-10 12:18:51.753] [info] HBM2-CH_0: BW utilization 0% (0 reads, 0 writes)
[2026-06-10 12:18:51.779] [info] Core [0] : MatMul active cycle 0 Vector active cycle 0 
[2026-06-10 12:18:51.779] [info] Core [0] : issued tile 0 
[2026-06-10 12:18:51.779] [info] Core [0] : Memory unit idle cycle 8000 Systolic bubble cycle 0 Core idle cycle 8000 
[2026-06-10 12:18:51.779] [info] Core [0] : Systolic Array Utilization(%) 0.00 (0.00% PE util), Vector Unit Utilization(%) 0.00, Total cycle: 5104000
[2026-06-10 12:18:51.857] [info] HBM2-CH_0: BW utilization 0% (0 reads, 0 writes)
[2026-06-10 12:18:51.883] [info] Core [0] : MatMul active cycle 0 Vector active cycle 0 
[2026-06-10 12:18:51.883] [info] Core [0] : issued tile 0 
[2026-06-10 12:18:51.883] [info] Core [0] : Memory unit idle cycle 8000 Systolic bubble cycle 0 Core idle cycle 8000 
[2026-06-10 12:18:51.883] [info] Core [0] : Systolic Array Utilization(%) 0.00 (0.00% PE util), Vector Unit Utilization(%) 0.00, Total cycle: 5112000
[2026-06-10 12:18:51.961] [info] HBM2-CH_0: BW utilization 0% (0 reads, 0 writes)
[2026-06-10 12:18:51.989] [info] Core [0] : MatMul active cycle 0 Vector active cycle 0 
[2026-06-10 12:18:51.989] [info] Core [0] : issued tile 0 
[2026-06-10 12:18:51.989] [info] Core [0] : Memory unit idle cycle 8000 Systolic bubble cycle 0 Core idle cycle 8000 
[2026-06-10 12:18:51.989] [info] Core [0] : Systolic Array Utilization(%) 0.00 (0.00% PE util), Vector Unit Utilization(%) 0.00, Total cycle: 5120000
[2026-06-10 12:18:52.078] [info] HBM2-CH_0: BW utilization 0% (0 reads, 0 writes)
[2026-06-10 12:18:52.106] [info] Core [0] : MatMul active cycle 0 Vector active cycle 0 
[2026-06-10 12:18:52.106] [info] Core [0] : issued tile 0 
[2026-06-10 12:18:52.106] [info] Core [0] : Memory unit idle cycle 8000 Systolic bubble cycle 0 Core idle cycle 8000 
[2026-06-10 12:18:52.106] [info] Core [0] : Systolic Array Utilization(%) 0.00 (0.00% PE util), Vector Unit Utilization(%) 0.00, Total cycle: 5128000
[2026-06-10 12:18:52.194] [info] HBM2-CH_0: BW utilization 0% (0 reads, 0 writes)
[2026-06-10 12:18:52.225] [info] Core [0] : MatMul active cycle 0 Vector active cycle 0 
[2026-06-10 12:18:52.225] [info] Core [0] : issued tile 0 
[2026-06-10 12:18:52.225] [info] Core [0] : Memory unit idle cycle 8000 Systolic bubble cycle 0 Core idle cycle 8000 
[2026-06-10 12:18:52.225] [info] Core [0] : Systolic Array Utilization(%) 0.00 (0.00% PE util), Vector Unit Utilization(%) 0.00, Total cycle: 5136000
[2026-06-10 12:18:55.309] [info] HBM2-CH_0: BW utilization 31% (256 reads, 2728 writes)
[2026-06-10 12:18:55.461] [info] Core [0] : MatMul active cycle 0 Vector active cycle 0 
[2026-06-10 12:18:55.461] [info] Core [0] : issued tile 0 
[2026-06-10 12:18:55.461] [info] Core [0] : Memory unit idle cycle 8000 Systolic bubble cycle 0 Core idle cycle 8000 
[2026-06-10 12:18:55.461] [info] Core [0] : Systolic Array Utilization(%) 0.00 (0.00% PE util), Vector Unit Utilization(%) 0.00, Total cycle: 5144000
[2026-06-10 12:18:55.556] [info] HBM2-CH_0: BW utilization 3% (69 reads, 296 writes)
[2026-06-10 12:18:55.587] [info] Core [0] : MatMul active cycle 0 Vector active cycle 0 
[2026-06-10 12:18:55.587] [info] Core [0] : issued tile 0 
[2026-06-10 12:18:55.587] [info] Core [0] : Memory unit idle cycle 8000 Systolic bubble cycle 0 Core idle cycle 8000 
[2026-06-10 12:18:55.587] [info] Core [0] : Systolic Array Utilization(%) 0.00 (0.00% PE util), Vector Unit Utilization(%) 0.00, Total cycle: 5152000
[2026-06-10 12:18:55.688] [info] HBM2-CH_0: BW utilization 0% (0 reads, 0 writes)
[2026-06-10 12:18:55.722] [info] Core [0] : MatMul active cycle 0 Vector active cycle 0 
[2026-06-10 12:18:55.723] [info] Core [0] : issued tile 0 
[2026-06-10 12:18:55.723] [info] Core [0] : Memory unit idle cycle 8000 Systolic bubble cycle 0 Core idle cycle 8000 
[2026-06-10 12:18:55.723] [info] Core [0] : Systolic Array Utilization(%) 0.00 (0.00% PE util), Vector Unit Utilization(%) 0.00, Total cycle: 5160000
[2026-06-10 12:18:55.820] [info] HBM2-CH_0: BW utilization 0% (0 reads, 0 writes)
[2026-06-10 12:18:55.852] [info] Core [0] : MatMul active cycle 0 Vector active cycle 0 
[2026-06-10 12:18:55.852] [info] Core [0] : issued tile 0 
[2026-06-10 12:18:55.852] [info] Core [0] : Memory unit idle cycle 8000 Systolic bubble cycle 0 Core idle cycle 8000 
[2026-06-10 12:18:55.852] [info] Core [0] : Systolic Array Utilization(%) 0.00 (0.00% PE util), Vector Unit Utilization(%) 0.00, Total cycle: 5168000
[2026-06-10 12:18:55.947] [info] HBM2-CH_0: BW utilization 0% (0 reads, 0 writes)
[2026-06-10 12:18:55.980] [info] Core [0] : MatMul active cycle 0 Vector active cycle 0 
[2026-06-10 12:18:55.980] [info] Core [0] : issued tile 0 
[2026-06-10 12:18:55.980] [info] Core [0] : Memory unit idle cycle 8000 Systolic bubble cycle 0 Core idle cycle 8000 
[2026-06-10 12:18:55.980] [info] Core [0] : Systolic Array Utilization(%) 0.00 (0.00% PE util), Vector Unit Utilization(%) 0.00, Total cycle: 5176000
[2026-06-10 12:18:56.074] [info] HBM2-CH_0: BW utilization 0% (0 reads, 0 writes)
[2026-06-10 12:18:56.107] [info] Core [0] : MatMul active cycle 0 Vector active cycle 0 
[2026-06-10 12:18:56.107] [info] Core [0] : issued tile 0 
[2026-06-10 12:18:56.107] [info] Core [0] : Memory unit idle cycle 8000 Systolic bubble cycle 0 Core idle cycle 8000 
[2026-06-10 12:18:56.107] [info] Core [0] : Systolic Array Utilization(%) 0.00 (0.00% PE util), Vector Unit Utilization(%) 0.00, Total cycle: 5184000
[2026-06-10 12:18:56.201] [info] HBM2-CH_0: BW utilization 0% (0 reads, 0 writes)
[2026-06-10 12:18:56.234] [info] Core [0] : MatMul active cycle 0 Vector active cycle 0 
[2026-06-10 12:18:56.234] [info] Core [0] : issued tile 0 
[2026-06-10 12:18:56.234] [info] Core [0] : Memory unit idle cycle 8000 Systolic bubble cycle 0 Core idle cycle 8000 
[2026-06-10 12:18:56.234] [info] Core [0] : Systolic Array Utilization(%) 0.00 (0.00% PE util), Vector Unit Utilization(%) 0.00, Total cycle: 5192000
[2026-06-10 12:18:56.328] [info] HBM2-CH_0: BW utilization 0% (0 reads, 0 writes)
[2026-06-10 12:18:56.361] [info] Core [0] : MatMul active cycle 0 Vector active cycle 0 
[2026-06-10 12:18:56.361] [info] Core [0] : issued tile 0 
[2026-06-10 12:18:56.361] [info] Core [0] : Memory unit idle cycle 8000 Systolic bubble cycle 0 Core idle cycle 8000 
[2026-06-10 12:18:56.361] [info] Core [0] : Systolic Array Utilization(%) 0.00 (0.00% PE util), Vector Unit Utilization(%) 0.00, Total cycle: 5200000
[2026-06-10 12:18:56.455] [info] HBM2-CH_0: BW utilization 0% (0 reads, 0 writes)
[2026-06-10 12:18:56.488] [info] Core [0] : MatMul active cycle 0 Vector active cycle 0 
[2026-06-10 12:18:56.488] [info] Core [0] : issued tile 0 
[2026-06-10 12:18:56.488] [info] Core [0] : Memory unit idle cycle 8000 Systolic bubble cycle 0 Core idle cycle 8000 
[2026-06-10 12:18:56.488] [info] Core [0] : Systolic Array Utilization(%) 0.00 (0.00% PE util), Vector Unit Utilization(%) 0.00, Total cycle: 5208000
[2026-06-10 12:18:56.582] [info] HBM2-CH_0: BW utilization 0% (0 reads, 0 writes)
[2026-06-10 12:18:56.615] [info] Core [0] : MatMul active cycle 0 Vector active cycle 0 
[2026-06-10 12:18:56.615] [info] Core [0] : issued tile 0 
[2026-06-10 12:18:56.615] [info] Core [0] : Memory unit idle cycle 8000 Systolic bubble cycle 0 Core idle cycle 8000 
[2026-06-10 12:18:56.615] [info] Core [0] : Systolic Array Utilization(%) 0.00 (0.00% PE util), Vector Unit Utilization(%) 0.00, Total cycle: 5216000
[2026-06-10 12:18:56.712] [info] HBM2-CH_0: BW utilization 0% (0 reads, 0 writes)
[2026-06-10 12:18:56.746] [info] Core [0] : MatMul active cycle 0 Vector active cycle 0 
[2026-06-10 12:18:56.746] [info] Core [0] : issued tile 0 
[2026-06-10 12:18:56.746] [info] Core [0] : Memory unit idle cycle 8000 Systolic bubble cycle 0 Core idle cycle 8000 
[2026-06-10 12:18:56.746] [info] Core [0] : Systolic Array Utilization(%) 0.00 (0.00% PE util), Vector Unit Utilization(%) 0.00, Total cycle: 5224000
[2026-06-10 12:18:56.842] [info] HBM2-CH_0: BW utilization 0% (0 reads, 0 writes)
[2026-06-10 12:18:56.876] [info] Core [0] : MatMul active cycle 0 Vector active cycle 0 
[2026-06-10 12:18:56.876] [info] Core [0] : issued tile 0 
[2026-06-10 12:18:56.876] [info] Core [0] : Memory unit idle cycle 8000 Systolic bubble cycle 0 Core idle cycle 8000 
[2026-06-10 12:18:56.876] [info] Core [0] : Systolic Array Utilization(%) 0.00 (0.00% PE util), Vector Unit Utilization(%) 0.00, Total cycle: 5232000
[2026-06-10 12:18:56.972] [info] HBM2-CH_0: BW utilization 0% (0 reads, 0 writes)
[2026-06-10 12:18:57.006] [info] Core [0] : MatMul active cycle 0 Vector active cycle 0 
[2026-06-10 12:18:57.006] [info] Core [0] : issued tile 0 
[2026-06-10 12:18:57.006] [info] Core [0] : Memory unit idle cycle 8000 Systolic bubble cycle 0 Core idle cycle 8000 
[2026-06-10 12:18:57.006] [info] Core [0] : Systolic Array Utilization(%) 0.00 (0.00% PE util), Vector Unit Utilization(%) 0.00, Total cycle: 5240000
[2026-06-10 12:18:57.102] [info] HBM2-CH_0: BW utilization 0% (0 reads, 0 writes)
[2026-06-10 12:18:57.136] [info] Core [0] : MatMul active cycle 0 Vector active cycle 0 
[2026-06-10 12:18:57.136] [info] Core [0] : issued tile 0 
[2026-06-10 12:18:57.136] [info] Core [0] : Memory unit idle cycle 8000 Systolic bubble cycle 0 Core idle cycle 8000 
[2026-06-10 12:18:57.136] [info] Core [0] : Systolic Array Utilization(%) 0.00 (0.00% PE util), Vector Unit Utilization(%) 0.00, Total cycle: 5248000
[2026-06-10 12:18:57.232] [info] HBM2-CH_0: BW utilization 0% (0 reads, 0 writes)
[2026-06-10 12:18:57.266] [info] Core [0] : MatMul active cycle 0 Vector active cycle 0 
[2026-06-10 12:18:57.266] [info] Core [0] : issued tile 0 
[2026-06-10 12:18:57.266] [info] Core [0] : Memory unit idle cycle 8000 Systolic bubble cycle 0 Core idle cycle 8000 
[2026-06-10 12:18:57.266] [info] Core [0] : Systolic Array Utilization(%) 0.00 (0.00% PE util), Vector Unit Utilization(%) 0.00, Total cycle: 5256000
[2026-06-10 12:18:57.364] [info] HBM2-CH_0: BW utilization 0% (0 reads, 0 writes)
[2026-06-10 12:18:57.399] [info] Core [0] : MatMul active cycle 0 Vector active cycle 0 
[2026-06-10 12:18:57.399] [info] Core [0] : issued tile 0 
[2026-06-10 12:18:57.399] [info] Core [0] : Memory unit idle cycle 8000 Systolic bubble cycle 0 Core idle cycle 8000 
[2026-06-10 12:18:57.399] [info] Core [0] : Systolic Array Utilization(%) 0.00 (0.00% PE util), Vector Unit Utilization(%) 0.00, Total cycle: 5264000
[2026-06-10 12:18:57.496] [info] HBM2-CH_0: BW utilization 0% (0 reads, 0 writes)
[2026-06-10 12:18:57.530] [info] Core [0] : MatMul active cycle 0 Vector active cycle 0 
[2026-06-10 12:18:57.530] [info] Core [0] : issued tile 0 
[2026-06-10 12:18:57.530] [info] Core [0] : Memory unit idle cycle 8000 Systolic bubble cycle 0 Core idle cycle 8000 
[2026-06-10 12:18:57.530] [info] Core [0] : Systolic Array Utilization(%) 0.00 (0.00% PE util), Vector Unit Utilization(%) 0.00, Total cycle: 5272000
[2026-06-10 12:18:57.627] [info] HBM2-CH_0: BW utilization 0% (0 reads, 0 writes)
[2026-06-10 12:18:57.662] [info] Core [0] : MatMul active cycle 0 Vector active cycle 0 
[2026-06-10 12:18:57.662] [info] Core [0] : issued tile 0 
[2026-06-10 12:18:57.662] [info] Core [0] : Memory unit idle cycle 8000 Systolic bubble cycle 0 Core idle cycle 8000 
[2026-06-10 12:18:57.662] [info] Core [0] : Systolic Array Utilization(%) 0.00 (0.00% PE util), Vector Unit Utilization(%) 0.00, Total cycle: 5280000
[2026-06-10 12:18:57.762] [info] HBM2-CH_0: BW utilization 0% (0 reads, 0 writes)
[2026-06-10 12:18:57.797] [info] Core [0] : MatMul active cycle 0 Vector active cycle 0 
[2026-06-10 12:18:57.797] [info] Core [0] : issued tile 0 
[2026-06-10 12:18:57.797] [info] Core [0] : Memory unit idle cycle 8000 Systolic bubble cycle 0 Core idle cycle 8000 
[2026-06-10 12:18:57.797] [info] Core [0] : Systolic Array Utilization(%) 0.00 (0.00% PE util), Vector Unit Utilization(%) 0.00, Total cycle: 5288000
[2026-06-10 12:18:57.897] [info] HBM2-CH_0: BW utilization 0% (0 reads, 0 writes)
[2026-06-10 12:18:57.932] [info] Core [0] : MatMul active cycle 0 Vector active cycle 0 
[2026-06-10 12:18:57.932] [info] Core [0] : issued tile 0 
[2026-06-10 12:18:57.932] [info] Core [0] : Memory unit idle cycle 8000 Systolic bubble cycle 0 Core idle cycle 8000 
[2026-06-10 12:18:57.932] [info] Core [0] : Systolic Array Utilization(%) 0.00 (0.00% PE util), Vector Unit Utilization(%) 0.00, Total cycle: 5296000
[2026-06-10 12:18:58.031] [info] HBM2-CH_0: BW utilization 0% (0 reads, 0 writes)
[2026-06-10 12:18:58.066] [info] Core [0] : MatMul active cycle 0 Vector active cycle 0 
[2026-06-10 12:18:58.066] [info] Core [0] : issued tile 0 
[2026-06-10 12:18:58.066] [info] Core [0] : Memory unit idle cycle 8000 Systolic bubble cycle 0 Core idle cycle 8000 
[2026-06-10 12:18:58.066] [info] Core [0] : Systolic Array Utilization(%) 0.00 (0.00% PE util), Vector Unit Utilization(%) 0.00, Total cycle: 5304000
[2026-06-10 12:18:58.164] [info] HBM2-CH_0: BW utilization 0% (0 reads, 0 writes)
[2026-06-10 12:18:58.199] [info] Core [0] : MatMul active cycle 0 Vector active cycle 0 
[2026-06-10 12:18:58.199] [info] Core [0] : issued tile 0 
[2026-06-10 12:18:58.199] [info] Core [0] : Memory unit idle cycle 8000 Systolic bubble cycle 0 Core idle cycle 8000 
[2026-06-10 12:18:58.199] [info] Core [0] : Systolic Array Utilization(%) 0.00 (0.00% PE util), Vector Unit Utilization(%) 0.00, Total cycle: 5312000
[2026-06-10 12:18:58.297] [info] HBM2-CH_0: BW utilization 0% (0 reads, 0 writes)
[2026-06-10 12:18:58.333] [info] Core [0] : MatMul active cycle 0 Vector active cycle 0 
[2026-06-10 12:18:58.333] [info] Core [0] : issued tile 0 
[2026-06-10 12:18:58.333] [info] Core [0] : Memory unit idle cycle 8000 Systolic bubble cycle 0 Core idle cycle 8000 
[2026-06-10 12:18:58.333] [info] Core [0] : Systolic Array Utilization(%) 0.00 (0.00% PE util), Vector Unit Utilization(%) 0.00, Total cycle: 5320000
[2026-06-10 12:18:58.430] [info] HBM2-CH_0: BW utilization 0% (0 reads, 0 writes)
[2026-06-10 12:18:58.468] [info] Core [0] : MatMul active cycle 0 Vector active cycle 0 
[2026-06-10 12:18:58.468] [info] Core [0] : issued tile 0 
[2026-06-10 12:18:58.468] [info] Core [0] : Memory unit idle cycle 8000 Systolic bubble cycle 0 Core idle cycle 8000 
[2026-06-10 12:18:58.468] [info] Core [0] : Systolic Array Utilization(%) 0.00 (0.00% PE util), Vector Unit Utilization(%) 0.00, Total cycle: 5328000
[2026-06-10 12:18:58.574] [info] HBM2-CH_0: BW utilization 0% (0 reads, 0 writes)
[2026-06-10 12:18:58.861] [info] Core [0] : MatMul active cycle 0 Vector active cycle 0 
[2026-06-10 12:18:58.861] [info] Core [0] : issued tile 0 
[2026-06-10 12:18:58.861] [info] Core [0] : Memory unit idle cycle 8000 Systolic bubble cycle 0 Core idle cycle 8000 
[2026-06-10 12:18:58.861] [info] Core [0] : Systolic Array Utilization(%) 0.00 (0.00% PE util), Vector Unit Utilization(%) 0.00, Total cycle: 5336000
[2026-06-10 12:19:01.184] [info] HBM2-CH_0: BW utilization 34% (313 reads, 3024 writes)
[2026-06-10 12:19:01.212] [info] Core [0] : MatMul active cycle 0 Vector active cycle 0 
[2026-06-10 12:19:01.212] [info] Core [0] : issued tile 0 
[2026-06-10 12:19:01.212] [info] Core [0] : Memory unit idle cycle 8000 Systolic bubble cycle 0 Core idle cycle 8000 
[2026-06-10 12:19:01.212] [info] Core [0] : Systolic Array Utilization(%) 0.00 (0.00% PE util), Vector Unit Utilization(%) 0.00, Total cycle: 5344000
[2026-06-10 12:19:01.290] [info] HBM2-CH_0: BW utilization 0% (0 reads, 0 writes)
[2026-06-10 12:19:01.318] [info] Core [0] : MatMul active cycle 0 Vector active cycle 0 
[2026-06-10 12:19:01.318] [info] Core [0] : issued tile 0 
[2026-06-10 12:19:01.318] [info] Core [0] : Memory unit idle cycle 8000 Systolic bubble cycle 0 Core idle cycle 8000 
[2026-06-10 12:19:01.318] [info] Core [0] : Systolic Array Utilization(%) 0.00 (0.00% PE util), Vector Unit Utilization(%) 0.00, Total cycle: 5352000
[2026-06-10 12:19:01.395] [info] HBM2-CH_0: BW utilization 0% (0 reads, 0 writes)
[2026-06-10 12:19:01.423] [info] Core [0] : MatMul active cycle 0 Vector active cycle 0 
[2026-06-10 12:19:01.423] [info] Core [0] : issued tile 0 
[2026-06-10 12:19:01.423] [info] Core [0] : Memory unit idle cycle 8000 Systolic bubble cycle 0 Core idle cycle 8000 
[2026-06-10 12:19:01.423] [info] Core [0] : Systolic Array Utilization(%) 0.00 (0.00% PE util), Vector Unit Utilization(%) 0.00, Total cycle: 5360000
[2026-06-10 12:19:01.500] [info] HBM2-CH_0: BW utilization 0% (0 reads, 0 writes)
[2026-06-10 12:19:01.528] [info] Core [0] : MatMul active cycle 0 Vector active cycle 0 
[2026-06-10 12:19:01.528] [info] Core [0] : issued tile 0 
[2026-06-10 12:19:01.528] [info] Core [0] : Memory unit idle cycle 8000 Systolic bubble cycle 0 Core idle cycle 8000 
[2026-06-10 12:19:01.528] [info] Core [0] : Systolic Array Utilization(%) 0.00 (0.00% PE util), Vector Unit Utilization(%) 0.00, Total cycle: 5368000
[2026-06-10 12:19:01.604] [info] HBM2-CH_0: BW utilization 0% (0 reads, 0 writes)
[2026-06-10 12:19:01.632] [info] Core [0] : MatMul active cycle 0 Vector active cycle 0 
[2026-06-10 12:19:01.632] [info] Core [0] : issued tile 0 
[2026-06-10 12:19:01.632] [info] Core [0] : Memory unit idle cycle 8000 Systolic bubble cycle 0 Core idle cycle 8000 
[2026-06-10 12:19:01.632] [info] Core [0] : Systolic Array Utilization(%) 0.00 (0.00% PE util), Vector Unit Utilization(%) 0.00, Total cycle: 5376000
[2026-06-10 12:19:01.708] [info] HBM2-CH_0: BW utilization 0% (0 reads, 0 writes)
[2026-06-10 12:19:01.736] [info] Core [0] : MatMul active cycle 0 Vector active cycle 0 
[2026-06-10 12:19:01.736] [info] Core [0] : issued tile 0 
[2026-06-10 12:19:01.736] [info] Core [0] : Memory unit idle cycle 8000 Systolic bubble cycle 0 Core idle cycle 8000 
[2026-06-10 12:19:01.736] [info] Core [0] : Systolic Array Utilization(%) 0.00 (0.00% PE util), Vector Unit Utilization(%) 0.00, Total cycle: 5384000
[2026-06-10 12:19:01.812] [info] HBM2-CH_0: BW utilization 0% (0 reads, 0 writes)
[2026-06-10 12:19:01.840] [info] Core [0] : MatMul active cycle 0 Vector active cycle 0 
[2026-06-10 12:19:01.840] [info] Core [0] : issued tile 0 
[2026-06-10 12:19:01.840] [info] Core [0] : Memory unit idle cycle 8000 Systolic bubble cycle 0 Core idle cycle 8000 
[2026-06-10 12:19:01.840] [info] Core [0] : Systolic Array Utilization(%) 0.00 (0.00% PE util), Vector Unit Utilization(%) 0.00, Total cycle: 5392000
[2026-06-10 12:19:01.916] [info] HBM2-CH_0: BW utilization 0% (0 reads, 0 writes)
[2026-06-10 12:19:01.944] [info] Core [0] : MatMul active cycle 0 Vector active cycle 0 
[2026-06-10 12:19:01.944] [info] Core [0] : issued tile 0 
[2026-06-10 12:19:01.944] [info] Core [0] : Memory unit idle cycle 8000 Systolic bubble cycle 0 Core idle cycle 8000 
[2026-06-10 12:19:01.944] [info] Core [0] : Systolic Array Utilization(%) 0.00 (0.00% PE util), Vector Unit Utilization(%) 0.00, Total cycle: 5400000
[2026-06-10 12:19:02.020] [info] HBM2-CH_0: BW utilization 0% (0 reads, 0 writes)
[2026-06-10 12:19:02.049] [info] Core [0] : MatMul active cycle 0 Vector active cycle 0 
[2026-06-10 12:19:02.049] [info] Core [0] : issued tile 0 
[2026-06-10 12:19:02.049] [info] Core [0] : Memory unit idle cycle 8000 Systolic bubble cycle 0 Core idle cycle 8000 
[2026-06-10 12:19:02.049] [info] Core [0] : Systolic Array Utilization(%) 0.00 (0.00% PE util), Vector Unit Utilization(%) 0.00, Total cycle: 5408000
[2026-06-10 12:19:02.124] [info] HBM2-CH_0: BW utilization 0% (0 reads, 0 writes)
[2026-06-10 12:19:02.153] [info] Core [0] : MatMul active cycle 0 Vector active cycle 0 
[2026-06-10 12:19:02.153] [info] Core [0] : issued tile 0 
[2026-06-10 12:19:02.153] [info] Core [0] : Memory unit idle cycle 8000 Systolic bubble cycle 0 Core idle cycle 8000 
[2026-06-10 12:19:02.153] [info] Core [0] : Systolic Array Utilization(%) 0.00 (0.00% PE util), Vector Unit Utilization(%) 0.00, Total cycle: 5416000
[2026-06-10 12:19:02.229] [info] HBM2-CH_0: BW utilization 0% (0 reads, 0 writes)
[2026-06-10 12:19:02.257] [info] Core [0] : MatMul active cycle 0 Vector active cycle 0 
[2026-06-10 12:19:02.257] [info] Core [0] : issued tile 0 
[2026-06-10 12:19:02.257] [info] Core [0] : Memory unit idle cycle 8000 Systolic bubble cycle 0 Core idle cycle 8000 
[2026-06-10 12:19:02.257] [info] Core [0] : Systolic Array Utilization(%) 0.00 (0.00% PE util), Vector Unit Utilization(%) 0.00, Total cycle: 5424000
[2026-06-10 12:19:02.333] [info] HBM2-CH_0: BW utilization 0% (0 reads, 0 writes)
[2026-06-10 12:19:02.361] [info] Core [0] : MatMul active cycle 0 Vector active cycle 0 
[2026-06-10 12:19:02.361] [info] Core [0] : issued tile 0 
[2026-06-10 12:19:02.361] [info] Core [0] : Memory unit idle cycle 8000 Systolic bubble cycle 0 Core idle cycle 8000 
[2026-06-10 12:19:02.361] [info] Core [0] : Systolic Array Utilization(%) 0.00 (0.00% PE util), Vector Unit Utilization(%) 0.00, Total cycle: 5432000
[2026-06-10 12:19:02.437] [info] HBM2-CH_0: BW utilization 0% (0 reads, 0 writes)
[2026-06-10 12:19:02.465] [info] Core [0] : MatMul active cycle 0 Vector active cycle 0 
[2026-06-10 12:19:02.465] [info] Core [0] : issued tile 0 
[2026-06-10 12:19:02.465] [info] Core [0] : Memory unit idle cycle 8000 Systolic bubble cycle 0 Core idle cycle 8000 
[2026-06-10 12:19:02.465] [info] Core [0] : Systolic Array Utilization(%) 0.00 (0.00% PE util), Vector Unit Utilization(%) 0.00, Total cycle: 5440000
[2026-06-10 12:19:02.541] [info] HBM2-CH_0: BW utilization 0% (0 reads, 0 writes)
[2026-06-10 12:19:02.569] [info] Core [0] : MatMul active cycle 0 Vector active cycle 0 
[2026-06-10 12:19:02.569] [info] Core [0] : issued tile 0 
[2026-06-10 12:19:02.569] [info] Core [0] : Memory unit idle cycle 8000 Systolic bubble cycle 0 Core idle cycle 8000 
[2026-06-10 12:19:02.569] [info] Core [0] : Systolic Array Utilization(%) 0.00 (0.00% PE util), Vector Unit Utilization(%) 0.00, Total cycle: 5448000
[2026-06-10 12:19:02.645] [info] HBM2-CH_0: BW utilization 0% (0 reads, 0 writes)
[2026-06-10 12:19:02.673] [info] Core [0] : MatMul active cycle 0 Vector active cycle 0 
[2026-06-10 12:19:02.673] [info] Core [0] : issued tile 0 
[2026-06-10 12:19:02.673] [info] Core [0] : Memory unit idle cycle 8000 Systolic bubble cycle 0 Core idle cycle 8000 
[2026-06-10 12:19:02.673] [info] Core [0] : Systolic Array Utilization(%) 0.00 (0.00% PE util), Vector Unit Utilization(%) 0.00, Total cycle: 5456000
[2026-06-10 12:19:02.749] [info] HBM2-CH_0: BW utilization 0% (0 reads, 0 writes)
[2026-06-10 12:19:02.778] [info] Core [0] : MatMul active cycle 0 Vector active cycle 0 
[2026-06-10 12:19:02.778] [info] Core [0] : issued tile 0 
[2026-06-10 12:19:02.778] [info] Core [0] : Memory unit idle cycle 8000 Systolic bubble cycle 0 Core idle cycle 8000 
[2026-06-10 12:19:02.778] [info] Core [0] : Systolic Array Utilization(%) 0.00 (0.00% PE util), Vector Unit Utilization(%) 0.00, Total cycle: 5464000
[2026-06-10 12:19:02.854] [info] HBM2-CH_0: BW utilization 0% (0 reads, 0 writes)
[2026-06-10 12:19:02.882] [info] Core [0] : MatMul active cycle 0 Vector active cycle 0 
[2026-06-10 12:19:02.882] [info] Core [0] : issued tile 0 
[2026-06-10 12:19:02.882] [info] Core [0] : Memory unit idle cycle 8000 Systolic bubble cycle 0 Core idle cycle 8000 
[2026-06-10 12:19:02.882] [info] Core [0] : Systolic Array Utilization(%) 0.00 (0.00% PE util), Vector Unit Utilization(%) 0.00, Total cycle: 5472000
[2026-06-10 12:19:02.958] [info] HBM2-CH_0: BW utilization 0% (0 reads, 0 writes)
[2026-06-10 12:19:02.987] [info] Core [0] : MatMul active cycle 0 Vector active cycle 0 
[2026-06-10 12:19:02.987] [info] Core [0] : issued tile 0 
[2026-06-10 12:19:02.987] [info] Core [0] : Memory unit idle cycle 8000 Systolic bubble cycle 0 Core idle cycle 8000 
[2026-06-10 12:19:02.987] [info] Core [0] : Systolic Array Utilization(%) 0.00 (0.00% PE util), Vector Unit Utilization(%) 0.00, Total cycle: 5480000
[2026-06-10 12:19:03.063] [info] HBM2-CH_0: BW utilization 0% (0 reads, 0 writes)
[2026-06-10 12:19:03.092] [info] Core [0] : MatMul active cycle 0 Vector active cycle 0 
[2026-06-10 12:19:03.092] [info] Core [0] : issued tile 0 
[2026-06-10 12:19:03.092] [info] Core [0] : Memory unit idle cycle 8000 Systolic bubble cycle 0 Core idle cycle 8000 
[2026-06-10 12:19:03.092] [info] Core [0] : Systolic Array Utilization(%) 0.00 (0.00% PE util), Vector Unit Utilization(%) 0.00, Total cycle: 5488000
[2026-06-10 12:19:03.167] [info] HBM2-CH_0: BW utilization 0% (0 reads, 0 writes)
[2026-06-10 12:19:03.196] [info] Core [0] : MatMul active cycle 0 Vector active cycle 0 
[2026-06-10 12:19:03.196] [info] Core [0] : issued tile 0 
[2026-06-10 12:19:03.196] [info] Core [0] : Memory unit idle cycle 8000 Systolic bubble cycle 0 Core idle cycle 8000 
[2026-06-10 12:19:03.196] [info] Core [0] : Systolic Array Utilization(%) 0.00 (0.00% PE util), Vector Unit Utilization(%) 0.00, Total cycle: 5496000
[2026-06-10 12:19:03.272] [info] HBM2-CH_0: BW utilization 0% (0 reads, 0 writes)
[2026-06-10 12:19:03.300] [info] Core [0] : MatMul active cycle 0 Vector active cycle 0 
[2026-06-10 12:19:03.301] [info] Core [0] : issued tile 0 
[2026-06-10 12:19:03.301] [info] Core [0] : Memory unit idle cycle 8000 Systolic bubble cycle 0 Core idle cycle 8000 
[2026-06-10 12:19:03.301] [info] Core [0] : Systolic Array Utilization(%) 0.00 (0.00% PE util), Vector Unit Utilization(%) 0.00, Total cycle: 5504000
[2026-06-10 12:19:03.378] [info] HBM2-CH_0: BW utilization 0% (0 reads, 0 writes)
[2026-06-10 12:19:03.407] [info] Core [0] : MatMul active cycle 0 Vector active cycle 0 
[2026-06-10 12:19:03.407] [info] Core [0] : issued tile 0 
[2026-06-10 12:19:03.407] [info] Core [0] : Memory unit idle cycle 8000 Systolic bubble cycle 0 Core idle cycle 8000 
[2026-06-10 12:19:03.407] [info] Core [0] : Systolic Array Utilization(%) 0.00 (0.00% PE util), Vector Unit Utilization(%) 0.00, Total cycle: 5512000
[2026-06-10 12:19:03.484] [info] HBM2-CH_0: BW utilization 0% (0 reads, 0 writes)
[2026-06-10 12:19:03.514] [info] Core [0] : MatMul active cycle 0 Vector active cycle 0 
[2026-06-10 12:19:03.514] [info] Core [0] : issued tile 0 
[2026-06-10 12:19:03.514] [info] Core [0] : Memory unit idle cycle 8000 Systolic bubble cycle 0 Core idle cycle 8000 
[2026-06-10 12:19:03.514] [info] Core [0] : Systolic Array Utilization(%) 0.00 (0.00% PE util), Vector Unit Utilization(%) 0.00, Total cycle: 5520000
[2026-06-10 12:19:03.589] [info] HBM2-CH_0: BW utilization 0% (0 reads, 0 writes)
[2026-06-10 12:19:03.618] [info] Core [0] : MatMul active cycle 0 Vector active cycle 0 
[2026-06-10 12:19:03.618] [info] Core [0] : issued tile 0 
[2026-06-10 12:19:03.618] [info] Core [0] : Memory unit idle cycle 8000 Systolic bubble cycle 0 Core idle cycle 8000 
[2026-06-10 12:19:03.618] [info] Core [0] : Systolic Array Utilization(%) 0.00 (0.00% PE util), Vector Unit Utilization(%) 0.00, Total cycle: 5528000
[2026-06-10 12:19:03.992] [info] HBM2-CH_0: BW utilization 6% (0 reads, 654 writes)
[2026-06-10 12:19:05.982] [info] Core [0] : MatMul active cycle 0 Vector active cycle 0 
[2026-06-10 12:19:05.982] [info] Core [0] : issued tile 0 
[2026-06-10 12:19:05.982] [info] Core [0] : Memory unit idle cycle 8000 Systolic bubble cycle 0 Core idle cycle 8000 
[2026-06-10 12:19:05.982] [info] Core [0] : Systolic Array Utilization(%) 0.00 (0.00% PE util), Vector Unit Utilization(%) 0.00, Total cycle: 5536000
[2026-06-10 12:19:06.597] [info] HBM2-CH_0: BW utilization 27% (316 reads, 2370 writes)
[2026-06-10 12:19:06.626] [info] Core [0] : MatMul active cycle 0 Vector active cycle 0 
[2026-06-10 12:19:06.626] [info] Core [0] : issued tile 0 
[2026-06-10 12:19:06.626] [info] Core [0] : Memory unit idle cycle 8000 Systolic bubble cycle 0 Core idle cycle 8000 
[2026-06-10 12:19:06.626] [info] Core [0] : Systolic Array Utilization(%) 0.00 (0.00% PE util), Vector Unit Utilization(%) 0.00, Total cycle: 5544000
[2026-06-10 12:19:06.701] [info] HBM2-CH_0: BW utilization 0% (0 reads, 0 writes)
[2026-06-10 12:19:06.730] [info] Core [0] : MatMul active cycle 0 Vector active cycle 0 
[2026-06-10 12:19:06.730] [info] Core [0] : issued tile 0 
[2026-06-10 12:19:06.730] [info] Core [0] : Memory unit idle cycle 8000 Systolic bubble cycle 0 Core idle cycle 8000 
[2026-06-10 12:19:06.730] [info] Core [0] : Systolic Array Utilization(%) 0.00 (0.00% PE util), Vector Unit Utilization(%) 0.00, Total cycle: 5552000
[2026-06-10 12:19:06.806] [info] HBM2-CH_0: BW utilization 0% (0 reads, 0 writes)
[2026-06-10 12:19:06.835] [info] Core [0] : MatMul active cycle 0 Vector active cycle 0 
[2026-06-10 12:19:06.835] [info] Core [0] : issued tile 0 
[2026-06-10 12:19:06.835] [info] Core [0] : Memory unit idle cycle 8000 Systolic bubble cycle 0 Core idle cycle 8000 
[2026-06-10 12:19:06.835] [info] Core [0] : Systolic Array Utilization(%) 0.00 (0.00% PE util), Vector Unit Utilization(%) 0.00, Total cycle: 5560000
[2026-06-10 12:19:06.910] [info] HBM2-CH_0: BW utilization 0% (0 reads, 0 writes)
[2026-06-10 12:19:06.940] [info] Core [0] : MatMul active cycle 0 Vector active cycle 0 
[2026-06-10 12:19:06.940] [info] Core [0] : issued tile 0 
[2026-06-10 12:19:06.940] [info] Core [0] : Memory unit idle cycle 8000 Systolic bubble cycle 0 Core idle cycle 8000 
[2026-06-10 12:19:06.940] [info] Core [0] : Systolic Array Utilization(%) 0.00 (0.00% PE util), Vector Unit Utilization(%) 0.00, Total cycle: 5568000
[2026-06-10 12:19:07.016] [info] HBM2-CH_0: BW utilization 0% (0 reads, 0 writes)
[2026-06-10 12:19:07.045] [info] Core [0] : MatMul active cycle 0 Vector active cycle 0 
[2026-06-10 12:19:07.045] [info] Core [0] : issued tile 0 
[2026-06-10 12:19:07.045] [info] Core [0] : Memory unit idle cycle 8000 Systolic bubble cycle 0 Core idle cycle 8000 
[2026-06-10 12:19:07.045] [info] Core [0] : Systolic Array Utilization(%) 0.00 (0.00% PE util), Vector Unit Utilization(%) 0.00, Total cycle: 5576000
[2026-06-10 12:19:07.120] [info] HBM2-CH_0: BW utilization 0% (0 reads, 0 writes)
[2026-06-10 12:19:07.149] [info] Core [0] : MatMul active cycle 0 Vector active cycle 0 
[2026-06-10 12:19:07.149] [info] Core [0] : issued tile 0 
[2026-06-10 12:19:07.149] [info] Core [0] : Memory unit idle cycle 8000 Systolic bubble cycle 0 Core idle cycle 8000 
[2026-06-10 12:19:07.149] [info] Core [0] : Systolic Array Utilization(%) 0.00 (0.00% PE util), Vector Unit Utilization(%) 0.00, Total cycle: 5584000
[2026-06-10 12:19:07.224] [info] HBM2-CH_0: BW utilization 0% (0 reads, 0 writes)
[2026-06-10 12:19:07.253] [info] Core [0] : MatMul active cycle 0 Vector active cycle 0 
[2026-06-10 12:19:07.254] [info] Core [0] : issued tile 0 
[2026-06-10 12:19:07.254] [info] Core [0] : Memory unit idle cycle 8000 Systolic bubble cycle 0 Core idle cycle 8000 
[2026-06-10 12:19:07.254] [info] Core [0] : Systolic Array Utilization(%) 0.00 (0.00% PE util), Vector Unit Utilization(%) 0.00, Total cycle: 5592000
[2026-06-10 12:19:07.329] [info] HBM2-CH_0: BW utilization 0% (0 reads, 0 writes)
[2026-06-10 12:19:07.358] [info] Core [0] : MatMul active cycle 0 Vector active cycle 0 
[2026-06-10 12:19:07.358] [info] Core [0] : issued tile 0 
[2026-06-10 12:19:07.358] [info] Core [0] : Memory unit idle cycle 8000 Systolic bubble cycle 0 Core idle cycle 8000 
[2026-06-10 12:19:07.358] [info] Core [0] : Systolic Array Utilization(%) 0.00 (0.00% PE util), Vector Unit Utilization(%) 0.00, Total cycle: 5600000
[2026-06-10 12:19:07.434] [info] HBM2-CH_0: BW utilization 0% (0 reads, 0 writes)
[2026-06-10 12:19:07.463] [info] Core [0] : MatMul active cycle 0 Vector active cycle 0 
[2026-06-10 12:19:07.463] [info] Core [0] : issued tile 0 
[2026-06-10 12:19:07.463] [info] Core [0] : Memory unit idle cycle 8000 Systolic bubble cycle 0 Core idle cycle 8000 
[2026-06-10 12:19:07.463] [info] Core [0] : Systolic Array Utilization(%) 0.00 (0.00% PE util), Vector Unit Utilization(%) 0.00, Total cycle: 5608000
[2026-06-10 12:19:07.538] [info] HBM2-CH_0: BW utilization 0% (0 reads, 0 writes)
[2026-06-10 12:19:07.567] [info] Core [0] : MatMul active cycle 0 Vector active cycle 0 
[2026-06-10 12:19:07.567] [info] Core [0] : issued tile 0 
[2026-06-10 12:19:07.567] [info] Core [0] : Memory unit idle cycle 8000 Systolic bubble cycle 0 Core idle cycle 8000 
[2026-06-10 12:19:07.567] [info] Core [0] : Systolic Array Utilization(%) 0.00 (0.00% PE util), Vector Unit Utilization(%) 0.00, Total cycle: 5616000
[2026-06-10 12:19:07.642] [info] HBM2-CH_0: BW utilization 0% (0 reads, 0 writes)
[2026-06-10 12:19:07.671] [info] Core [0] : MatMul active cycle 0 Vector active cycle 0 
[2026-06-10 12:19:07.671] [info] Core [0] : issued tile 0 
[2026-06-10 12:19:07.671] [info] Core [0] : Memory unit idle cycle 8000 Systolic bubble cycle 0 Core idle cycle 8000 
[2026-06-10 12:19:07.671] [info] Core [0] : Systolic Array Utilization(%) 0.00 (0.00% PE util), Vector Unit Utilization(%) 0.00, Total cycle: 5624000
[2026-06-10 12:19:07.747] [info] HBM2-CH_0: BW utilization 0% (0 reads, 0 writes)
[2026-06-10 12:19:07.777] [info] Core [0] : MatMul active cycle 0 Vector active cycle 0 
[2026-06-10 12:19:07.777] [info] Core [0] : issued tile 0 
[2026-06-10 12:19:07.777] [info] Core [0] : Memory unit idle cycle 8000 Systolic bubble cycle 0 Core idle cycle 8000 
[2026-06-10 12:19:07.777] [info] Core [0] : Systolic Array Utilization(%) 0.00 (0.00% PE util), Vector Unit Utilization(%) 0.00, Total cycle: 5632000
[2026-06-10 12:19:07.852] [info] HBM2-CH_0: BW utilization 0% (0 reads, 0 writes)
[2026-06-10 12:19:07.882] [info] Core [0] : MatMul active cycle 0 Vector active cycle 0 
[2026-06-10 12:19:07.882] [info] Core [0] : issued tile 0 
[2026-06-10 12:19:07.882] [info] Core [0] : Memory unit idle cycle 8000 Systolic bubble cycle 0 Core idle cycle 8000 
[2026-06-10 12:19:07.882] [info] Core [0] : Systolic Array Utilization(%) 0.00 (0.00% PE util), Vector Unit Utilization(%) 0.00, Total cycle: 5640000
[2026-06-10 12:19:07.958] [info] HBM2-CH_0: BW utilization 0% (0 reads, 0 writes)
[2026-06-10 12:19:07.987] [info] Core [0] : MatMul active cycle 0 Vector active cycle 0 
[2026-06-10 12:19:07.987] [info] Core [0] : issued tile 0 
[2026-06-10 12:19:07.987] [info] Core [0] : Memory unit idle cycle 8000 Systolic bubble cycle 0 Core idle cycle 8000 
[2026-06-10 12:19:07.987] [info] Core [0] : Systolic Array Utilization(%) 0.00 (0.00% PE util), Vector Unit Utilization(%) 0.00, Total cycle: 5648000
[2026-06-10 12:19:08.062] [info] HBM2-CH_0: BW utilization 0% (0 reads, 0 writes)
[2026-06-10 12:19:08.092] [info] Core [0] : MatMul active cycle 0 Vector active cycle 0 
[2026-06-10 12:19:08.092] [info] Core [0] : issued tile 0 
[2026-06-10 12:19:08.092] [info] Core [0] : Memory unit idle cycle 8000 Systolic bubble cycle 0 Core idle cycle 8000 
[2026-06-10 12:19:08.092] [info] Core [0] : Systolic Array Utilization(%) 0.00 (0.00% PE util), Vector Unit Utilization(%) 0.00, Total cycle: 5656000
[2026-06-10 12:19:08.166] [info] HBM2-CH_0: BW utilization 0% (0 reads, 0 writes)
[2026-06-10 12:19:08.196] [info] Core [0] : MatMul active cycle 0 Vector active cycle 0 
[2026-06-10 12:19:08.196] [info] Core [0] : issued tile 0 
[2026-06-10 12:19:08.196] [info] Core [0] : Memory unit idle cycle 8000 Systolic bubble cycle 0 Core idle cycle 8000 
[2026-06-10 12:19:08.196] [info] Core [0] : Systolic Array Utilization(%) 0.00 (0.00% PE util), Vector Unit Utilization(%) 0.00, Total cycle: 5664000
[2026-06-10 12:19:08.272] [info] HBM2-CH_0: BW utilization 0% (0 reads, 0 writes)
[2026-06-10 12:19:08.302] [info] Core [0] : MatMul active cycle 0 Vector active cycle 0 
[2026-06-10 12:19:08.302] [info] Core [0] : issued tile 0 
[2026-06-10 12:19:08.302] [info] Core [0] : Memory unit idle cycle 8000 Systolic bubble cycle 0 Core idle cycle 8000 
[2026-06-10 12:19:08.302] [info] Core [0] : Systolic Array Utilization(%) 0.00 (0.00% PE util), Vector Unit Utilization(%) 0.00, Total cycle: 5672000
[2026-06-10 12:19:08.376] [info] HBM2-CH_0: BW utilization 0% (0 reads, 0 writes)
[2026-06-10 12:19:08.406] [info] Core [0] : MatMul active cycle 0 Vector active cycle 0 
[2026-06-10 12:19:08.406] [info] Core [0] : issued tile 0 
[2026-06-10 12:19:08.406] [info] Core [0] : Memory unit idle cycle 8000 Systolic bubble cycle 0 Core idle cycle 8000 
[2026-06-10 12:19:08.406] [info] Core [0] : Systolic Array Utilization(%) 0.00 (0.00% PE util), Vector Unit Utilization(%) 0.00, Total cycle: 5680000
[2026-06-10 12:19:08.482] [info] HBM2-CH_0: BW utilization 0% (0 reads, 0 writes)
[2026-06-10 12:19:08.512] [info] Core [0] : MatMul active cycle 0 Vector active cycle 0 
[2026-06-10 12:19:08.512] [info] Core [0] : issued tile 0 
[2026-06-10 12:19:08.512] [info] Core [0] : Memory unit idle cycle 8000 Systolic bubble cycle 0 Core idle cycle 8000 
[2026-06-10 12:19:08.512] [info] Core [0] : Systolic Array Utilization(%) 0.00 (0.00% PE util), Vector Unit Utilization(%) 0.00, Total cycle: 5688000
[2026-06-10 12:19:08.586] [info] HBM2-CH_0: BW utilization 0% (0 reads, 0 writes)
[2026-06-10 12:19:08.615] [info] Core [0] : MatMul active cycle 0 Vector active cycle 0 
[2026-06-10 12:19:08.615] [info] Core [0] : issued tile 0 
[2026-06-10 12:19:08.615] [info] Core [0] : Memory unit idle cycle 8000 Systolic bubble cycle 0 Core idle cycle 8000 
[2026-06-10 12:19:08.615] [info] Core [0] : Systolic Array Utilization(%) 0.00 (0.00% PE util), Vector Unit Utilization(%) 0.00, Total cycle: 5696000
[2026-06-10 12:19:08.689] [info] HBM2-CH_0: BW utilization 0% (0 reads, 0 writes)
[2026-06-10 12:19:08.719] [info] Core [0] : MatMul active cycle 0 Vector active cycle 0 
[2026-06-10 12:19:08.719] [info] Core [0] : issued tile 0 
[2026-06-10 12:19:08.719] [info] Core [0] : Memory unit idle cycle 8000 Systolic bubble cycle 0 Core idle cycle 8000 
[2026-06-10 12:19:08.719] [info] Core [0] : Systolic Array Utilization(%) 0.00 (0.00% PE util), Vector Unit Utilization(%) 0.00, Total cycle: 5704000
[2026-06-10 12:19:08.794] [info] HBM2-CH_0: BW utilization 0% (0 reads, 0 writes)
[2026-06-10 12:19:08.823] [info] Core [0] : MatMul active cycle 0 Vector active cycle 0 
[2026-06-10 12:19:08.823] [info] Core [0] : issued tile 0 
[2026-06-10 12:19:08.823] [info] Core [0] : Memory unit idle cycle 8000 Systolic bubble cycle 0 Core idle cycle 8000 
[2026-06-10 12:19:08.823] [info] Core [0] : Systolic Array Utilization(%) 0.00 (0.00% PE util), Vector Unit Utilization(%) 0.00, Total cycle: 5712000
[2026-06-10 12:19:08.898] [info] HBM2-CH_0: BW utilization 0% (0 reads, 0 writes)
[2026-06-10 12:19:08.928] [info] Core [0] : MatMul active cycle 0 Vector active cycle 0 
[2026-06-10 12:19:08.928] [info] Core [0] : issued tile 0 
[2026-06-10 12:19:08.928] [info] Core [0] : Memory unit idle cycle 8000 Systolic bubble cycle 0 Core idle cycle 8000 
[2026-06-10 12:19:08.928] [info] Core [0] : Systolic Array Utilization(%) 0.00 (0.00% PE util), Vector Unit Utilization(%) 0.00, Total cycle: 5720000
[2026-06-10 12:19:09.002] [info] HBM2-CH_0: BW utilization 0% (0 reads, 0 writes)
[2026-06-10 12:19:09.032] [info] Core [0] : MatMul active cycle 0 Vector active cycle 0 
[2026-06-10 12:19:09.032] [info] Core [0] : issued tile 0 
[2026-06-10 12:19:09.032] [info] Core [0] : Memory unit idle cycle 8000 Systolic bubble cycle 0 Core idle cycle 8000 
[2026-06-10 12:19:09.032] [info] Core [0] : Systolic Array Utilization(%) 0.00 (0.00% PE util), Vector Unit Utilization(%) 0.00, Total cycle: 5728000
[2026-06-10 12:19:11.140] [info] HBM2-CH_0: BW utilization 25% (150 reads, 2261 writes)
[2026-06-10 12:19:11.631] [info] Core [0] : MatMul active cycle 0 Vector active cycle 0 
[2026-06-10 12:19:11.631] [info] Core [0] : issued tile 0 
[2026-06-10 12:19:11.631] [info] Core [0] : Memory unit idle cycle 8000 Systolic bubble cycle 0 Core idle cycle 8000 
[2026-06-10 12:19:11.631] [info] Core [0] : Systolic Array Utilization(%) 0.00 (0.00% PE util), Vector Unit Utilization(%) 0.00, Total cycle: 5736000
[2026-06-10 12:19:11.709] [info] HBM2-CH_0: BW utilization 9% (165 reads, 763 writes)
[2026-06-10 12:19:11.740] [info] Core [0] : MatMul active cycle 0 Vector active cycle 0 
[2026-06-10 12:19:11.740] [info] Core [0] : issued tile 0 
[2026-06-10 12:19:11.740] [info] Core [0] : Memory unit idle cycle 8000 Systolic bubble cycle 0 Core idle cycle 8000 
[2026-06-10 12:19:11.740] [info] Core [0] : Systolic Array Utilization(%) 0.00 (0.00% PE util), Vector Unit Utilization(%) 0.00, Total cycle: 5744000
[2026-06-10 12:19:11.817] [info] HBM2-CH_0: BW utilization 0% (0 reads, 0 writes)
[2026-06-10 12:19:11.848] [info] Core [0] : MatMul active cycle 0 Vector active cycle 0 
[2026-06-10 12:19:11.848] [info] Core [0] : issued tile 0 
[2026-06-10 12:19:11.848] [info] Core [0] : Memory unit idle cycle 8000 Systolic bubble cycle 0 Core idle cycle 8000 
[2026-06-10 12:19:11.848] [info] Core [0] : Systolic Array Utilization(%) 0.00 (0.00% PE util), Vector Unit Utilization(%) 0.00, Total cycle: 5752000
[2026-06-10 12:19:11.924] [info] HBM2-CH_0: BW utilization 0% (0 reads, 0 writes)
[2026-06-10 12:19:11.955] [info] Core [0] : MatMul active cycle 0 Vector active cycle 0 
[2026-06-10 12:19:11.955] [info] Core [0] : issued tile 0 
[2026-06-10 12:19:11.955] [info] Core [0] : Memory unit idle cycle 8000 Systolic bubble cycle 0 Core idle cycle 8000 
[2026-06-10 12:19:11.955] [info] Core [0] : Systolic Array Utilization(%) 0.00 (0.00% PE util), Vector Unit Utilization(%) 0.00, Total cycle: 5760000
[2026-06-10 12:19:12.031] [info] HBM2-CH_0: BW utilization 0% (0 reads, 0 writes)
[2026-06-10 12:19:12.061] [info] Core [0] : MatMul active cycle 0 Vector active cycle 0 
[2026-06-10 12:19:12.061] [info] Core [0] : issued tile 0 
[2026-06-10 12:19:12.061] [info] Core [0] : Memory unit idle cycle 8000 Systolic bubble cycle 0 Core idle cycle 8000 
[2026-06-10 12:19:12.061] [info] Core [0] : Systolic Array Utilization(%) 0.00 (0.00% PE util), Vector Unit Utilization(%) 0.00, Total cycle: 5768000
[2026-06-10 12:19:12.137] [info] HBM2-CH_0: BW utilization 0% (0 reads, 0 writes)
[2026-06-10 12:19:12.168] [info] Core [0] : MatMul active cycle 0 Vector active cycle 0 
[2026-06-10 12:19:12.168] [info] Core [0] : issued tile 0 
[2026-06-10 12:19:12.168] [info] Core [0] : Memory unit idle cycle 8000 Systolic bubble cycle 0 Core idle cycle 8000 
[2026-06-10 12:19:12.168] [info] Core [0] : Systolic Array Utilization(%) 0.00 (0.00% PE util), Vector Unit Utilization(%) 0.00, Total cycle: 5776000
[2026-06-10 12:19:12.244] [info] HBM2-CH_0: BW utilization 0% (0 reads, 0 writes)
[2026-06-10 12:19:12.275] [info] Core [0] : MatMul active cycle 0 Vector active cycle 0 
[2026-06-10 12:19:12.275] [info] Core [0] : issued tile 0 
[2026-06-10 12:19:12.275] [info] Core [0] : Memory unit idle cycle 8000 Systolic bubble cycle 0 Core idle cycle 8000 
[2026-06-10 12:19:12.275] [info] Core [0] : Systolic Array Utilization(%) 0.00 (0.00% PE util), Vector Unit Utilization(%) 0.00, Total cycle: 5784000
[2026-06-10 12:19:12.352] [info] HBM2-CH_0: BW utilization 0% (0 reads, 0 writes)
[2026-06-10 12:19:12.382] [info] Core [0] : MatMul active cycle 0 Vector active cycle 0 
[2026-06-10 12:19:12.382] [info] Core [0] : issued tile 0 
[2026-06-10 12:19:12.382] [info] Core [0] : Memory unit idle cycle 8000 Systolic bubble cycle 0 Core idle cycle 8000 
[2026-06-10 12:19:12.382] [info] Core [0] : Systolic Array Utilization(%) 0.00 (0.00% PE util), Vector Unit Utilization(%) 0.00, Total cycle: 5792000
[2026-06-10 12:19:12.459] [info] HBM2-CH_0: BW utilization 0% (0 reads, 0 writes)
[2026-06-10 12:19:12.491] [info] Core [0] : MatMul active cycle 0 Vector active cycle 0 
[2026-06-10 12:19:12.491] [info] Core [0] : issued tile 0 
[2026-06-10 12:19:12.491] [info] Core [0] : Memory unit idle cycle 8000 Systolic bubble cycle 0 Core idle cycle 8000 
[2026-06-10 12:19:12.491] [info] Core [0] : Systolic Array Utilization(%) 0.00 (0.00% PE util), Vector Unit Utilization(%) 0.00, Total cycle: 5800000
[2026-06-10 12:19:12.567] [info] HBM2-CH_0: BW utilization 0% (0 reads, 0 writes)
[2026-06-10 12:19:12.597] [info] Core [0] : MatMul active cycle 0 Vector active cycle 0 
[2026-06-10 12:19:12.597] [info] Core [0] : issued tile 0 
[2026-06-10 12:19:12.597] [info] Core [0] : Memory unit idle cycle 8000 Systolic bubble cycle 0 Core idle cycle 8000 
[2026-06-10 12:19:12.597] [info] Core [0] : Systolic Array Utilization(%) 0.00 (0.00% PE util), Vector Unit Utilization(%) 0.00, Total cycle: 5808000
[2026-06-10 12:19:12.673] [info] HBM2-CH_0: BW utilization 0% (0 reads, 0 writes)
[2026-06-10 12:19:12.704] [info] Core [0] : MatMul active cycle 0 Vector active cycle 0 
[2026-06-10 12:19:12.704] [info] Core [0] : issued tile 0 
[2026-06-10 12:19:12.704] [info] Core [0] : Memory unit idle cycle 8000 Systolic bubble cycle 0 Core idle cycle 8000 
[2026-06-10 12:19:12.704] [info] Core [0] : Systolic Array Utilization(%) 0.00 (0.00% PE util), Vector Unit Utilization(%) 0.00, Total cycle: 5816000
[2026-06-10 12:19:12.780] [info] HBM2-CH_0: BW utilization 0% (0 reads, 0 writes)
[2026-06-10 12:19:12.811] [info] Core [0] : MatMul active cycle 0 Vector active cycle 0 
[2026-06-10 12:19:12.811] [info] Core [0] : issued tile 0 
[2026-06-10 12:19:12.811] [info] Core [0] : Memory unit idle cycle 8000 Systolic bubble cycle 0 Core idle cycle 8000 
[2026-06-10 12:19:12.811] [info] Core [0] : Systolic Array Utilization(%) 0.00 (0.00% PE util), Vector Unit Utilization(%) 0.00, Total cycle: 5824000
[2026-06-10 12:19:12.886] [info] HBM2-CH_0: BW utilization 0% (0 reads, 0 writes)
[2026-06-10 12:19:12.918] [info] Core [0] : MatMul active cycle 0 Vector active cycle 0 
[2026-06-10 12:19:12.918] [info] Core [0] : issued tile 0 
[2026-06-10 12:19:12.918] [info] Core [0] : Memory unit idle cycle 8000 Systolic bubble cycle 0 Core idle cycle 8000 
[2026-06-10 12:19:12.918] [info] Core [0] : Systolic Array Utilization(%) 0.00 (0.00% PE util), Vector Unit Utilization(%) 0.00, Total cycle: 5832000
[2026-06-10 12:19:12.993] [info] HBM2-CH_0: BW utilization 0% (0 reads, 0 writes)
[2026-06-10 12:19:13.025] [info] Core [0] : MatMul active cycle 0 Vector active cycle 0 
[2026-06-10 12:19:13.025] [info] Core [0] : issued tile 0 
[2026-06-10 12:19:13.025] [info] Core [0] : Memory unit idle cycle 8000 Systolic bubble cycle 0 Core idle cycle 8000 
[2026-06-10 12:19:13.025] [info] Core [0] : Systolic Array Utilization(%) 0.00 (0.00% PE util), Vector Unit Utilization(%) 0.00, Total cycle: 5840000
[2026-06-10 12:19:13.100] [info] HBM2-CH_0: BW utilization 0% (0 reads, 0 writes)
[2026-06-10 12:19:13.132] [info] Core [0] : MatMul active cycle 0 Vector active cycle 0 
[2026-06-10 12:19:13.132] [info] Core [0] : issued tile 0 
[2026-06-10 12:19:13.132] [info] Core [0] : Memory unit idle cycle 8000 Systolic bubble cycle 0 Core idle cycle 8000 
[2026-06-10 12:19:13.132] [info] Core [0] : Systolic Array Utilization(%) 0.00 (0.00% PE util), Vector Unit Utilization(%) 0.00, Total cycle: 5848000
[2026-06-10 12:19:13.207] [info] HBM2-CH_0: BW utilization 0% (0 reads, 0 writes)
[2026-06-10 12:19:13.239] [info] Core [0] : MatMul active cycle 0 Vector active cycle 0 
[2026-06-10 12:19:13.239] [info] Core [0] : issued tile 0 
[2026-06-10 12:19:13.239] [info] Core [0] : Memory unit idle cycle 8000 Systolic bubble cycle 0 Core idle cycle 8000 
[2026-06-10 12:19:13.239] [info] Core [0] : Systolic Array Utilization(%) 0.00 (0.00% PE util), Vector Unit Utilization(%) 0.00, Total cycle: 5856000
[2026-06-10 12:19:13.314] [info] HBM2-CH_0: BW utilization 0% (0 reads, 0 writes)
[2026-06-10 12:19:13.345] [info] Core [0] : MatMul active cycle 0 Vector active cycle 0 
[2026-06-10 12:19:13.345] [info] Core [0] : issued tile 0 
[2026-06-10 12:19:13.345] [info] Core [0] : Memory unit idle cycle 8000 Systolic bubble cycle 0 Core idle cycle 8000 
[2026-06-10 12:19:13.345] [info] Core [0] : Systolic Array Utilization(%) 0.00 (0.00% PE util), Vector Unit Utilization(%) 0.00, Total cycle: 5864000
[2026-06-10 12:19:13.421] [info] HBM2-CH_0: BW utilization 0% (0 reads, 0 writes)
[2026-06-10 12:19:13.452] [info] Core [0] : MatMul active cycle 0 Vector active cycle 0 
[2026-06-10 12:19:13.453] [info] Core [0] : issued tile 0 
[2026-06-10 12:19:13.453] [info] Core [0] : Memory unit idle cycle 8000 Systolic bubble cycle 0 Core idle cycle 8000 
[2026-06-10 12:19:13.453] [info] Core [0] : Systolic Array Utilization(%) 0.00 (0.00% PE util), Vector Unit Utilization(%) 0.00, Total cycle: 5872000
[2026-06-10 12:19:13.527] [info] HBM2-CH_0: BW utilization 0% (0 reads, 0 writes)
[2026-06-10 12:19:13.559] [info] Core [0] : MatMul active cycle 0 Vector active cycle 0 
[2026-06-10 12:19:13.559] [info] Core [0] : issued tile 0 
[2026-06-10 12:19:13.559] [info] Core [0] : Memory unit idle cycle 8000 Systolic bubble cycle 0 Core idle cycle 8000 
[2026-06-10 12:19:13.559] [info] Core [0] : Systolic Array Utilization(%) 0.00 (0.00% PE util), Vector Unit Utilization(%) 0.00, Total cycle: 5880000
[2026-06-10 12:19:13.633] [info] HBM2-CH_0: BW utilization 0% (0 reads, 0 writes)
[2026-06-10 12:19:13.665] [info] Core [0] : MatMul active cycle 0 Vector active cycle 0 
[2026-06-10 12:19:13.665] [info] Core [0] : issued tile 0 
[2026-06-10 12:19:13.665] [info] Core [0] : Memory unit idle cycle 8000 Systolic bubble cycle 0 Core idle cycle 8000 
[2026-06-10 12:19:13.665] [info] Core [0] : Systolic Array Utilization(%) 0.00 (0.00% PE util), Vector Unit Utilization(%) 0.00, Total cycle: 5888000
[2026-06-10 12:19:13.740] [info] HBM2-CH_0: BW utilization 0% (0 reads, 0 writes)
[2026-06-10 12:19:13.772] [info] Core [0] : MatMul active cycle 0 Vector active cycle 0 
[2026-06-10 12:19:13.772] [info] Core [0] : issued tile 0 
[2026-06-10 12:19:13.772] [info] Core [0] : Memory unit idle cycle 8000 Systolic bubble cycle 0 Core idle cycle 8000 
[2026-06-10 12:19:13.772] [info] Core [0] : Systolic Array Utilization(%) 0.00 (0.00% PE util), Vector Unit Utilization(%) 0.00, Total cycle: 5896000
[2026-06-10 12:19:13.848] [info] HBM2-CH_0: BW utilization 0% (0 reads, 0 writes)
[2026-06-10 12:19:13.879] [info] Core [0] : MatMul active cycle 0 Vector active cycle 0 
[2026-06-10 12:19:13.879] [info] Core [0] : issued tile 0 
[2026-06-10 12:19:13.879] [info] Core [0] : Memory unit idle cycle 8000 Systolic bubble cycle 0 Core idle cycle 8000 
[2026-06-10 12:19:13.879] [info] Core [0] : Systolic Array Utilization(%) 0.00 (0.00% PE util), Vector Unit Utilization(%) 0.00, Total cycle: 5904000
[2026-06-10 12:19:13.954] [info] HBM2-CH_0: BW utilization 0% (0 reads, 0 writes)
[2026-06-10 12:19:13.985] [info] Core [0] : MatMul active cycle 0 Vector active cycle 0 
[2026-06-10 12:19:13.985] [info] Core [0] : issued tile 0 
[2026-06-10 12:19:13.985] [info] Core [0] : Memory unit idle cycle 8000 Systolic bubble cycle 0 Core idle cycle 8000 
[2026-06-10 12:19:13.985] [info] Core [0] : Systolic Array Utilization(%) 0.00 (0.00% PE util), Vector Unit Utilization(%) 0.00, Total cycle: 5912000
[2026-06-10 12:19:14.060] [info] HBM2-CH_0: BW utilization 0% (0 reads, 0 writes)
[2026-06-10 12:19:14.092] [info] Core [0] : MatMul active cycle 0 Vector active cycle 0 
[2026-06-10 12:19:14.092] [info] Core [0] : issued tile 0 
[2026-06-10 12:19:14.092] [info] Core [0] : Memory unit idle cycle 8000 Systolic bubble cycle 0 Core idle cycle 8000 
[2026-06-10 12:19:14.092] [info] Core [0] : Systolic Array Utilization(%) 0.00 (0.00% PE util), Vector Unit Utilization(%) 0.00, Total cycle: 5920000
[2026-06-10 12:19:14.167] [info] HBM2-CH_0: BW utilization 0% (0 reads, 0 writes)
[2026-06-10 12:19:14.198] [info] Core [0] : MatMul active cycle 0 Vector active cycle 0 
[2026-06-10 12:19:14.198] [info] Core [0] : issued tile 0 
[2026-06-10 12:19:14.198] [info] Core [0] : Memory unit idle cycle 8000 Systolic bubble cycle 0 Core idle cycle 8000 
[2026-06-10 12:19:14.198] [info] Core [0] : Systolic Array Utilization(%) 0.00 (0.00% PE util), Vector Unit Utilization(%) 0.00, Total cycle: 5928000
[2026-06-10 12:19:16.849] [info] HBM2-CH_0: BW utilization 34% (319 reads, 3024 writes)
[2026-06-10 12:19:16.880] [info] Core [0] : MatMul active cycle 0 Vector active cycle 0 
[2026-06-10 12:19:16.880] [info] Core [0] : issued tile 0 
[2026-06-10 12:19:16.880] [info] Core [0] : Memory unit idle cycle 8000 Systolic bubble cycle 0 Core idle cycle 8000 
[2026-06-10 12:19:16.880] [info] Core [0] : Systolic Array Utilization(%) 0.00 (0.00% PE util), Vector Unit Utilization(%) 0.00, Total cycle: 5936000
[2026-06-10 12:19:16.953] [info] HBM2-CH_0: BW utilization 0% (0 reads, 0 writes)
[2026-06-10 12:19:16.984] [info] Core [0] : MatMul active cycle 0 Vector active cycle 0 
[2026-06-10 12:19:16.984] [info] Core [0] : issued tile 0 
[2026-06-10 12:19:16.984] [info] Core [0] : Memory unit idle cycle 8000 Systolic bubble cycle 0 Core idle cycle 8000 
[2026-06-10 12:19:16.984] [info] Core [0] : Systolic Array Utilization(%) 0.00 (0.00% PE util), Vector Unit Utilization(%) 0.00, Total cycle: 5944000
[2026-06-10 12:19:17.057] [info] HBM2-CH_0: BW utilization 0% (0 reads, 0 writes)
[2026-06-10 12:19:17.088] [info] Core [0] : MatMul active cycle 0 Vector active cycle 0 
[2026-06-10 12:19:17.088] [info] Core [0] : issued tile 0 
[2026-06-10 12:19:17.088] [info] Core [0] : Memory unit idle cycle 8000 Systolic bubble cycle 0 Core idle cycle 8000 
[2026-06-10 12:19:17.088] [info] Core [0] : Systolic Array Utilization(%) 0.00 (0.00% PE util), Vector Unit Utilization(%) 0.00, Total cycle: 5952000
[2026-06-10 12:19:17.162] [info] HBM2-CH_0: BW utilization 0% (0 reads, 0 writes)
[2026-06-10 12:19:17.193] [info] Core [0] : MatMul active cycle 0 Vector active cycle 0 
[2026-06-10 12:19:17.193] [info] Core [0] : issued tile 0 
[2026-06-10 12:19:17.193] [info] Core [0] : Memory unit idle cycle 8000 Systolic bubble cycle 0 Core idle cycle 8000 
[2026-06-10 12:19:17.193] [info] Core [0] : Systolic Array Utilization(%) 0.00 (0.00% PE util), Vector Unit Utilization(%) 0.00, Total cycle: 5960000
[2026-06-10 12:19:17.266] [info] HBM2-CH_0: BW utilization 0% (0 reads, 0 writes)
[2026-06-10 12:19:17.297] [info] Core [0] : MatMul active cycle 0 Vector active cycle 0 
[2026-06-10 12:19:17.297] [info] Core [0] : issued tile 0 
[2026-06-10 12:19:17.297] [info] Core [0] : Memory unit idle cycle 8000 Systolic bubble cycle 0 Core idle cycle 8000 
[2026-06-10 12:19:17.297] [info] Core [0] : Systolic Array Utilization(%) 0.00 (0.00% PE util), Vector Unit Utilization(%) 0.00, Total cycle: 5968000
[2026-06-10 12:19:17.370] [info] HBM2-CH_0: BW utilization 0% (0 reads, 0 writes)
[2026-06-10 12:19:17.401] [info] Core [0] : MatMul active cycle 0 Vector active cycle 0 
[2026-06-10 12:19:17.401] [info] Core [0] : issued tile 0 
[2026-06-10 12:19:17.401] [info] Core [0] : Memory unit idle cycle 8000 Systolic bubble cycle 0 Core idle cycle 8000 
[2026-06-10 12:19:17.401] [info] Core [0] : Systolic Array Utilization(%) 0.00 (0.00% PE util), Vector Unit Utilization(%) 0.00, Total cycle: 5976000
[2026-06-10 12:19:17.474] [info] HBM2-CH_0: BW utilization 0% (0 reads, 0 writes)
[2026-06-10 12:19:17.505] [info] Core [0] : MatMul active cycle 0 Vector active cycle 0 
[2026-06-10 12:19:17.505] [info] Core [0] : issued tile 0 
[2026-06-10 12:19:17.505] [info] Core [0] : Memory unit idle cycle 8000 Systolic bubble cycle 0 Core idle cycle 8000 
[2026-06-10 12:19:17.505] [info] Core [0] : Systolic Array Utilization(%) 0.00 (0.00% PE util), Vector Unit Utilization(%) 0.00, Total cycle: 5984000
[2026-06-10 12:19:17.577] [info] HBM2-CH_0: BW utilization 0% (0 reads, 0 writes)
[2026-06-10 12:19:17.608] [info] Core [0] : MatMul active cycle 0 Vector active cycle 0 
[2026-06-10 12:19:17.608] [info] Core [0] : issued tile 0 
[2026-06-10 12:19:17.608] [info] Core [0] : Memory unit idle cycle 8000 Systolic bubble cycle 0 Core idle cycle 8000 
[2026-06-10 12:19:17.608] [info] Core [0] : Systolic Array Utilization(%) 0.00 (0.00% PE util), Vector Unit Utilization(%) 0.00, Total cycle: 5992000
[2026-06-10 12:19:17.681] [info] HBM2-CH_0: BW utilization 0% (0 reads, 0 writes)
[2026-06-10 12:19:17.712] [info] Core [0] : MatMul active cycle 0 Vector active cycle 0 
[2026-06-10 12:19:17.712] [info] Core [0] : issued tile 0 
[2026-06-10 12:19:17.712] [info] Core [0] : Memory unit idle cycle 8000 Systolic bubble cycle 0 Core idle cycle 8000 
[2026-06-10 12:19:17.712] [info] Core [0] : Systolic Array Utilization(%) 0.00 (0.00% PE util), Vector Unit Utilization(%) 0.00, Total cycle: 6000000
[2026-06-10 12:19:17.785] [info] HBM2-CH_0: BW utilization 0% (0 reads, 0 writes)
[2026-06-10 12:19:17.816] [info] Core [0] : MatMul active cycle 0 Vector active cycle 0 
[2026-06-10 12:19:17.816] [info] Core [0] : issued tile 0 
[2026-06-10 12:19:17.816] [info] Core [0] : Memory unit idle cycle 8000 Systolic bubble cycle 0 Core idle cycle 8000 
[2026-06-10 12:19:17.816] [info] Core [0] : Systolic Array Utilization(%) 0.00 (0.00% PE util), Vector Unit Utilization(%) 0.00, Total cycle: 6008000
[2026-06-10 12:19:17.889] [info] HBM2-CH_0: BW utilization 0% (0 reads, 0 writes)
[2026-06-10 12:19:17.920] [info] Core [0] : MatMul active cycle 0 Vector active cycle 0 
[2026-06-10 12:19:17.920] [info] Core [0] : issued tile 0 
[2026-06-10 12:19:17.920] [info] Core [0] : Memory unit idle cycle 8000 Systolic bubble cycle 0 Core idle cycle 8000 
[2026-06-10 12:19:17.920] [info] Core [0] : Systolic Array Utilization(%) 0.00 (0.00% PE util), Vector Unit Utilization(%) 0.00, Total cycle: 6016000
[2026-06-10 12:19:17.993] [info] HBM2-CH_0: BW utilization 0% (0 reads, 0 writes)
[2026-06-10 12:19:18.024] [info] Core [0] : MatMul active cycle 0 Vector active cycle 0 
[2026-06-10 12:19:18.024] [info] Core [0] : issued tile 0 
[2026-06-10 12:19:18.024] [info] Core [0] : Memory unit idle cycle 8000 Systolic bubble cycle 0 Core idle cycle 8000 
[2026-06-10 12:19:18.024] [info] Core [0] : Systolic Array Utilization(%) 0.00 (0.00% PE util), Vector Unit Utilization(%) 0.00, Total cycle: 6024000
[2026-06-10 12:19:18.097] [info] HBM2-CH_0: BW utilization 0% (0 reads, 0 writes)
[2026-06-10 12:19:18.128] [info] Core [0] : MatMul active cycle 0 Vector active cycle 0 
[2026-06-10 12:19:18.128] [info] Core [0] : issued tile 0 
[2026-06-10 12:19:18.128] [info] Core [0] : Memory unit idle cycle 8000 Systolic bubble cycle 0 Core idle cycle 8000 
[2026-06-10 12:19:18.128] [info] Core [0] : Systolic Array Utilization(%) 0.00 (0.00% PE util), Vector Unit Utilization(%) 0.00, Total cycle: 6032000
[2026-06-10 12:19:18.200] [info] HBM2-CH_0: BW utilization 0% (0 reads, 0 writes)
[2026-06-10 12:19:18.232] [info] Core [0] : MatMul active cycle 0 Vector active cycle 0 
[2026-06-10 12:19:18.232] [info] Core [0] : issued tile 0 
[2026-06-10 12:19:18.232] [info] Core [0] : Memory unit idle cycle 8000 Systolic bubble cycle 0 Core idle cycle 8000 
[2026-06-10 12:19:18.232] [info] Core [0] : Systolic Array Utilization(%) 0.00 (0.00% PE util), Vector Unit Utilization(%) 0.00, Total cycle: 6040000
[2026-06-10 12:19:18.305] [info] HBM2-CH_0: BW utilization 0% (0 reads, 0 writes)
[2026-06-10 12:19:18.336] [info] Core [0] : MatMul active cycle 0 Vector active cycle 0 
[2026-06-10 12:19:18.336] [info] Core [0] : issued tile 0 
[2026-06-10 12:19:18.336] [info] Core [0] : Memory unit idle cycle 8000 Systolic bubble cycle 0 Core idle cycle 8000 
[2026-06-10 12:19:18.336] [info] Core [0] : Systolic Array Utilization(%) 0.00 (0.00% PE util), Vector Unit Utilization(%) 0.00, Total cycle: 6048000
[2026-06-10 12:19:18.409] [info] HBM2-CH_0: BW utilization 0% (0 reads, 0 writes)
[2026-06-10 12:19:18.441] [info] Core [0] : MatMul active cycle 0 Vector active cycle 0 
[2026-06-10 12:19:18.441] [info] Core [0] : issued tile 0 
[2026-06-10 12:19:18.441] [info] Core [0] : Memory unit idle cycle 8000 Systolic bubble cycle 0 Core idle cycle 8000 
[2026-06-10 12:19:18.441] [info] Core [0] : Systolic Array Utilization(%) 0.00 (0.00% PE util), Vector Unit Utilization(%) 0.00, Total cycle: 6056000
[2026-06-10 12:19:18.513] [info] HBM2-CH_0: BW utilization 0% (0 reads, 0 writes)
[2026-06-10 12:19:18.544] [info] Core [0] : MatMul active cycle 0 Vector active cycle 0 
[2026-06-10 12:19:18.544] [info] Core [0] : issued tile 0 
[2026-06-10 12:19:18.544] [info] Core [0] : Memory unit idle cycle 8000 Systolic bubble cycle 0 Core idle cycle 8000 
[2026-06-10 12:19:18.544] [info] Core [0] : Systolic Array Utilization(%) 0.00 (0.00% PE util), Vector Unit Utilization(%) 0.00, Total cycle: 6064000
[2026-06-10 12:19:18.616] [info] HBM2-CH_0: BW utilization 0% (0 reads, 0 writes)
[2026-06-10 12:19:18.648] [info] Core [0] : MatMul active cycle 0 Vector active cycle 0 
[2026-06-10 12:19:18.648] [info] Core [0] : issued tile 0 
[2026-06-10 12:19:18.648] [info] Core [0] : Memory unit idle cycle 8000 Systolic bubble cycle 0 Core idle cycle 8000 
[2026-06-10 12:19:18.648] [info] Core [0] : Systolic Array Utilization(%) 0.00 (0.00% PE util), Vector Unit Utilization(%) 0.00, Total cycle: 6072000
[2026-06-10 12:19:18.720] [info] HBM2-CH_0: BW utilization 0% (0 reads, 0 writes)
[2026-06-10 12:19:18.752] [info] Core [0] : MatMul active cycle 0 Vector active cycle 0 
[2026-06-10 12:19:18.752] [info] Core [0] : issued tile 0 
[2026-06-10 12:19:18.752] [info] Core [0] : Memory unit idle cycle 8000 Systolic bubble cycle 0 Core idle cycle 8000 
[2026-06-10 12:19:18.752] [info] Core [0] : Systolic Array Utilization(%) 0.00 (0.00% PE util), Vector Unit Utilization(%) 0.00, Total cycle: 6080000
[2026-06-10 12:19:18.824] [info] HBM2-CH_0: BW utilization 0% (0 reads, 0 writes)
[2026-06-10 12:19:18.856] [info] Core [0] : MatMul active cycle 0 Vector active cycle 0 
[2026-06-10 12:19:18.856] [info] Core [0] : issued tile 0 
[2026-06-10 12:19:18.856] [info] Core [0] : Memory unit idle cycle 8000 Systolic bubble cycle 0 Core idle cycle 8000 
[2026-06-10 12:19:18.856] [info] Core [0] : Systolic Array Utilization(%) 0.00 (0.00% PE util), Vector Unit Utilization(%) 0.00, Total cycle: 6088000
[2026-06-10 12:19:18.928] [info] HBM2-CH_0: BW utilization 0% (0 reads, 0 writes)
[2026-06-10 12:19:18.960] [info] Core [0] : MatMul active cycle 0 Vector active cycle 0 
[2026-06-10 12:19:18.960] [info] Core [0] : issued tile 0 
[2026-06-10 12:19:18.960] [info] Core [0] : Memory unit idle cycle 8000 Systolic bubble cycle 0 Core idle cycle 8000 
[2026-06-10 12:19:18.960] [info] Core [0] : Systolic Array Utilization(%) 0.00 (0.00% PE util), Vector Unit Utilization(%) 0.00, Total cycle: 6096000
[2026-06-10 12:19:19.032] [info] HBM2-CH_0: BW utilization 0% (0 reads, 0 writes)
[2026-06-10 12:19:19.064] [info] Core [0] : MatMul active cycle 0 Vector active cycle 0 
[2026-06-10 12:19:19.064] [info] Core [0] : issued tile 0 
[2026-06-10 12:19:19.064] [info] Core [0] : Memory unit idle cycle 8000 Systolic bubble cycle 0 Core idle cycle 8000 
[2026-06-10 12:19:19.064] [info] Core [0] : Systolic Array Utilization(%) 0.00 (0.00% PE util), Vector Unit Utilization(%) 0.00, Total cycle: 6104000
[2026-06-10 12:19:19.136] [info] HBM2-CH_0: BW utilization 0% (0 reads, 0 writes)
[2026-06-10 12:19:19.168] [info] Core [0] : MatMul active cycle 0 Vector active cycle 0 
[2026-06-10 12:19:19.168] [info] Core [0] : issued tile 0 
[2026-06-10 12:19:19.168] [info] Core [0] : Memory unit idle cycle 8000 Systolic bubble cycle 0 Core idle cycle 8000 
[2026-06-10 12:19:19.168] [info] Core [0] : Systolic Array Utilization(%) 0.00 (0.00% PE util), Vector Unit Utilization(%) 0.00, Total cycle: 6112000
[2026-06-10 12:19:19.240] [info] HBM2-CH_0: BW utilization 0% (0 reads, 0 writes)
[2026-06-10 12:19:19.272] [info] Core [0] : MatMul active cycle 0 Vector active cycle 0 
[2026-06-10 12:19:19.272] [info] Core [0] : issued tile 0 
[2026-06-10 12:19:19.272] [info] Core [0] : Memory unit idle cycle 8000 Systolic bubble cycle 0 Core idle cycle 8000 
[2026-06-10 12:19:19.272] [info] Core [0] : Systolic Array Utilization(%) 0.00 (0.00% PE util), Vector Unit Utilization(%) 0.00, Total cycle: 6120000
[2026-06-10 12:19:19.344] [info] HBM2-CH_0: BW utilization 0% (0 reads, 0 writes)
[2026-06-10 12:19:20.636] [info] Core [0] : MatMul active cycle 0 Vector active cycle 0 
[2026-06-10 12:19:20.636] [info] Core [0] : issued tile 0 
[2026-06-10 12:19:20.636] [info] Core [0] : Memory unit idle cycle 8000 Systolic bubble cycle 0 Core idle cycle 8000 
[2026-06-10 12:19:20.636] [info] Core [0] : Systolic Array Utilization(%) 0.00 (0.00% PE util), Vector Unit Utilization(%) 0.00, Total cycle: 6128000
[2026-06-10 12:19:21.381] [info] HBM2-CH_0: BW utilization 31% (0 reads, 3024 writes)
[2026-06-10 12:19:21.415] [info] Core [0] : MatMul active cycle 0 Vector active cycle 0 
[2026-06-10 12:19:21.415] [info] Core [0] : issued tile 0 
[2026-06-10 12:19:21.415] [info] Core [0] : Memory unit idle cycle 8000 Systolic bubble cycle 0 Core idle cycle 8000 
[2026-06-10 12:19:21.415] [info] Core [0] : Systolic Array Utilization(%) 0.00 (0.00% PE util), Vector Unit Utilization(%) 0.00, Total cycle: 6136000
[2026-06-10 12:19:21.492] [info] HBM2-CH_0: BW utilization 0% (0 reads, 0 writes)
[2026-06-10 12:19:21.526] [info] Core [0] : MatMul active cycle 0 Vector active cycle 0 
[2026-06-10 12:19:21.526] [info] Core [0] : issued tile 0 
[2026-06-10 12:19:21.526] [info] Core [0] : Memory unit idle cycle 8000 Systolic bubble cycle 0 Core idle cycle 8000 
[2026-06-10 12:19:21.526] [info] Core [0] : Systolic Array Utilization(%) 0.00 (0.00% PE util), Vector Unit Utilization(%) 0.00, Total cycle: 6144000
[2026-06-10 12:19:21.602] [info] HBM2-CH_0: BW utilization 0% (0 reads, 0 writes)
[2026-06-10 12:19:21.636] [info] Core [0] : MatMul active cycle 0 Vector active cycle 0 
[2026-06-10 12:19:21.636] [info] Core [0] : issued tile 0 
[2026-06-10 12:19:21.636] [info] Core [0] : Memory unit idle cycle 8000 Systolic bubble cycle 0 Core idle cycle 8000 
[2026-06-10 12:19:21.636] [info] Core [0] : Systolic Array Utilization(%) 0.00 (0.00% PE util), Vector Unit Utilization(%) 0.00, Total cycle: 6152000
[2026-06-10 12:19:21.712] [info] HBM2-CH_0: BW utilization 0% (0 reads, 0 writes)
[2026-06-10 12:19:21.746] [info] Core [0] : MatMul active cycle 0 Vector active cycle 0 
[2026-06-10 12:19:21.746] [info] Core [0] : issued tile 0 
[2026-06-10 12:19:21.746] [info] Core [0] : Memory unit idle cycle 8000 Systolic bubble cycle 0 Core idle cycle 8000 
[2026-06-10 12:19:21.746] [info] Core [0] : Systolic Array Utilization(%) 0.00 (0.00% PE util), Vector Unit Utilization(%) 0.00, Total cycle: 6160000
[2026-06-10 12:19:21.823] [info] HBM2-CH_0: BW utilization 0% (0 reads, 0 writes)
[2026-06-10 12:19:21.857] [info] Core [0] : MatMul active cycle 0 Vector active cycle 0 
[2026-06-10 12:19:21.857] [info] Core [0] : issued tile 0 
[2026-06-10 12:19:21.857] [info] Core [0] : Memory unit idle cycle 8000 Systolic bubble cycle 0 Core idle cycle 8000 
[2026-06-10 12:19:21.857] [info] Core [0] : Systolic Array Utilization(%) 0.00 (0.00% PE util), Vector Unit Utilization(%) 0.00, Total cycle: 6168000
[2026-06-10 12:19:21.934] [info] HBM2-CH_0: BW utilization 0% (0 reads, 0 writes)
[2026-06-10 12:19:21.968] [info] Core [0] : MatMul active cycle 0 Vector active cycle 0 
[2026-06-10 12:19:21.968] [info] Core [0] : issued tile 0 
[2026-06-10 12:19:21.968] [info] Core [0] : Memory unit idle cycle 8000 Systolic bubble cycle 0 Core idle cycle 8000 
[2026-06-10 12:19:21.968] [info] Core [0] : Systolic Array Utilization(%) 0.00 (0.00% PE util), Vector Unit Utilization(%) 0.00, Total cycle: 6176000
[2026-06-10 12:19:22.045] [info] HBM2-CH_0: BW utilization 0% (0 reads, 0 writes)
[2026-06-10 12:19:22.079] [info] Core [0] : MatMul active cycle 0 Vector active cycle 0 
[2026-06-10 12:19:22.079] [info] Core [0] : issued tile 0 
[2026-06-10 12:19:22.079] [info] Core [0] : Memory unit idle cycle 8000 Systolic bubble cycle 0 Core idle cycle 8000 
[2026-06-10 12:19:22.079] [info] Core [0] : Systolic Array Utilization(%) 0.00 (0.00% PE util), Vector Unit Utilization(%) 0.00, Total cycle: 6184000
[2026-06-10 12:19:22.156] [info] HBM2-CH_0: BW utilization 0% (0 reads, 0 writes)
[2026-06-10 12:19:22.190] [info] Core [0] : MatMul active cycle 0 Vector active cycle 0 
[2026-06-10 12:19:22.190] [info] Core [0] : issued tile 0 
[2026-06-10 12:19:22.190] [info] Core [0] : Memory unit idle cycle 8000 Systolic bubble cycle 0 Core idle cycle 8000 
[2026-06-10 12:19:22.190] [info] Core [0] : Systolic Array Utilization(%) 0.00 (0.00% PE util), Vector Unit Utilization(%) 0.00, Total cycle: 6192000
[2026-06-10 12:19:22.267] [info] HBM2-CH_0: BW utilization 0% (0 reads, 0 writes)
[2026-06-10 12:19:22.301] [info] Core [0] : MatMul active cycle 0 Vector active cycle 0 
[2026-06-10 12:19:22.301] [info] Core [0] : issued tile 0 
[2026-06-10 12:19:22.301] [info] Core [0] : Memory unit idle cycle 8000 Systolic bubble cycle 0 Core idle cycle 8000 
[2026-06-10 12:19:22.301] [info] Core [0] : Systolic Array Utilization(%) 0.00 (0.00% PE util), Vector Unit Utilization(%) 0.00, Total cycle: 6200000
[2026-06-10 12:19:22.377] [info] HBM2-CH_0: BW utilization 0% (0 reads, 0 writes)
[2026-06-10 12:19:22.412] [info] Core [0] : MatMul active cycle 0 Vector active cycle 0 
[2026-06-10 12:19:22.412] [info] Core [0] : issued tile 0 
[2026-06-10 12:19:22.412] [info] Core [0] : Memory unit idle cycle 8000 Systolic bubble cycle 0 Core idle cycle 8000 
[2026-06-10 12:19:22.412] [info] Core [0] : Systolic Array Utilization(%) 0.00 (0.00% PE util), Vector Unit Utilization(%) 0.00, Total cycle: 6208000
[2026-06-10 12:19:22.489] [info] HBM2-CH_0: BW utilization 0% (0 reads, 0 writes)
[2026-06-10 12:19:22.523] [info] Core [0] : MatMul active cycle 0 Vector active cycle 0 
[2026-06-10 12:19:22.523] [info] Core [0] : issued tile 0 
[2026-06-10 12:19:22.523] [info] Core [0] : Memory unit idle cycle 8000 Systolic bubble cycle 0 Core idle cycle 8000 
[2026-06-10 12:19:22.523] [info] Core [0] : Systolic Array Utilization(%) 0.00 (0.00% PE util), Vector Unit Utilization(%) 0.00, Total cycle: 6216000
[2026-06-10 12:19:22.599] [info] HBM2-CH_0: BW utilization 0% (0 reads, 0 writes)
[2026-06-10 12:19:22.633] [info] Core [0] : MatMul active cycle 0 Vector active cycle 0 
[2026-06-10 12:19:22.633] [info] Core [0] : issued tile 0 
[2026-06-10 12:19:22.633] [info] Core [0] : Memory unit idle cycle 8000 Systolic bubble cycle 0 Core idle cycle 8000 
[2026-06-10 12:19:22.633] [info] Core [0] : Systolic Array Utilization(%) 0.00 (0.00% PE util), Vector Unit Utilization(%) 0.00, Total cycle: 6224000
[2026-06-10 12:19:22.710] [info] HBM2-CH_0: BW utilization 0% (0 reads, 0 writes)
[2026-06-10 12:19:22.744] [info] Core [0] : MatMul active cycle 0 Vector active cycle 0 
[2026-06-10 12:19:22.744] [info] Core [0] : issued tile 0 
[2026-06-10 12:19:22.744] [info] Core [0] : Memory unit idle cycle 8000 Systolic bubble cycle 0 Core idle cycle 8000 
[2026-06-10 12:19:22.744] [info] Core [0] : Systolic Array Utilization(%) 0.00 (0.00% PE util), Vector Unit Utilization(%) 0.00, Total cycle: 6232000
[2026-06-10 12:19:22.821] [info] HBM2-CH_0: BW utilization 0% (0 reads, 0 writes)
[2026-06-10 12:19:22.855] [info] Core [0] : MatMul active cycle 0 Vector active cycle 0 
[2026-06-10 12:19:22.855] [info] Core [0] : issued tile 0 
[2026-06-10 12:19:22.855] [info] Core [0] : Memory unit idle cycle 8000 Systolic bubble cycle 0 Core idle cycle 8000 
[2026-06-10 12:19:22.855] [info] Core [0] : Systolic Array Utilization(%) 0.00 (0.00% PE util), Vector Unit Utilization(%) 0.00, Total cycle: 6240000
[2026-06-10 12:19:22.931] [info] HBM2-CH_0: BW utilization 0% (0 reads, 0 writes)
[2026-06-10 12:19:22.966] [info] Core [0] : MatMul active cycle 0 Vector active cycle 0 
[2026-06-10 12:19:22.966] [info] Core [0] : issued tile 0 
[2026-06-10 12:19:22.966] [info] Core [0] : Memory unit idle cycle 8000 Systolic bubble cycle 0 Core idle cycle 8000 
[2026-06-10 12:19:22.966] [info] Core [0] : Systolic Array Utilization(%) 0.00 (0.00% PE util), Vector Unit Utilization(%) 0.00, Total cycle: 6248000
[2026-06-10 12:19:23.043] [info] HBM2-CH_0: BW utilization 0% (0 reads, 0 writes)
[2026-06-10 12:19:23.078] [info] Core [0] : MatMul active cycle 0 Vector active cycle 0 
[2026-06-10 12:19:23.078] [info] Core [0] : issued tile 0 
[2026-06-10 12:19:23.078] [info] Core [0] : Memory unit idle cycle 8000 Systolic bubble cycle 0 Core idle cycle 8000 
[2026-06-10 12:19:23.078] [info] Core [0] : Systolic Array Utilization(%) 0.00 (0.00% PE util), Vector Unit Utilization(%) 0.00, Total cycle: 6256000
[2026-06-10 12:19:23.154] [info] HBM2-CH_0: BW utilization 0% (0 reads, 0 writes)
[2026-06-10 12:19:23.189] [info] Core [0] : MatMul active cycle 0 Vector active cycle 0 
[2026-06-10 12:19:23.189] [info] Core [0] : issued tile 0 
[2026-06-10 12:19:23.189] [info] Core [0] : Memory unit idle cycle 8000 Systolic bubble cycle 0 Core idle cycle 8000 
[2026-06-10 12:19:23.189] [info] Core [0] : Systolic Array Utilization(%) 0.00 (0.00% PE util), Vector Unit Utilization(%) 0.00, Total cycle: 6264000
[2026-06-10 12:19:23.265] [info] HBM2-CH_0: BW utilization 0% (0 reads, 0 writes)
[2026-06-10 12:19:23.299] [info] Core [0] : MatMul active cycle 0 Vector active cycle 0 
[2026-06-10 12:19:23.299] [info] Core [0] : issued tile 0 
[2026-06-10 12:19:23.299] [info] Core [0] : Memory unit idle cycle 8000 Systolic bubble cycle 0 Core idle cycle 8000 
[2026-06-10 12:19:23.299] [info] Core [0] : Systolic Array Utilization(%) 0.00 (0.00% PE util), Vector Unit Utilization(%) 0.00, Total cycle: 6272000
[2026-06-10 12:19:23.375] [info] HBM2-CH_0: BW utilization 0% (0 reads, 0 writes)
[2026-06-10 12:19:23.410] [info] Core [0] : MatMul active cycle 0 Vector active cycle 0 
[2026-06-10 12:19:23.410] [info] Core [0] : issued tile 0 
[2026-06-10 12:19:23.410] [info] Core [0] : Memory unit idle cycle 8000 Systolic bubble cycle 0 Core idle cycle 8000 
[2026-06-10 12:19:23.410] [info] Core [0] : Systolic Array Utilization(%) 0.00 (0.00% PE util), Vector Unit Utilization(%) 0.00, Total cycle: 6280000
[2026-06-10 12:19:23.486] [info] HBM2-CH_0: BW utilization 0% (0 reads, 0 writes)
[2026-06-10 12:19:23.521] [info] Core [0] : MatMul active cycle 0 Vector active cycle 0 
[2026-06-10 12:19:23.521] [info] Core [0] : issued tile 0 
[2026-06-10 12:19:23.521] [info] Core [0] : Memory unit idle cycle 8000 Systolic bubble cycle 0 Core idle cycle 8000 
[2026-06-10 12:19:23.521] [info] Core [0] : Systolic Array Utilization(%) 0.00 (0.00% PE util), Vector Unit Utilization(%) 0.00, Total cycle: 6288000
[2026-06-10 12:19:23.596] [info] HBM2-CH_0: BW utilization 0% (0 reads, 0 writes)
[2026-06-10 12:19:23.631] [info] Core [0] : MatMul active cycle 0 Vector active cycle 0 
[2026-06-10 12:19:23.631] [info] Core [0] : issued tile 0 
[2026-06-10 12:19:23.631] [info] Core [0] : Memory unit idle cycle 8000 Systolic bubble cycle 0 Core idle cycle 8000 
[2026-06-10 12:19:23.631] [info] Core [0] : Systolic Array Utilization(%) 0.00 (0.00% PE util), Vector Unit Utilization(%) 0.00, Total cycle: 6296000
[2026-06-10 12:19:23.707] [info] HBM2-CH_0: BW utilization 0% (0 reads, 0 writes)
[2026-06-10 12:19:23.742] [info] Core [0] : MatMul active cycle 0 Vector active cycle 0 
[2026-06-10 12:19:23.742] [info] Core [0] : issued tile 0 
[2026-06-10 12:19:23.742] [info] Core [0] : Memory unit idle cycle 8000 Systolic bubble cycle 0 Core idle cycle 8000 
[2026-06-10 12:19:23.742] [info] Core [0] : Systolic Array Utilization(%) 0.00 (0.00% PE util), Vector Unit Utilization(%) 0.00, Total cycle: 6304000
[2026-06-10 12:19:23.818] [info] HBM2-CH_0: BW utilization 0% (0 reads, 0 writes)
[2026-06-10 12:19:23.853] [info] Core [0] : MatMul active cycle 0 Vector active cycle 0 
[2026-06-10 12:19:23.853] [info] Core [0] : issued tile 0 
[2026-06-10 12:19:23.853] [info] Core [0] : Memory unit idle cycle 8000 Systolic bubble cycle 0 Core idle cycle 8000 
[2026-06-10 12:19:23.853] [info] Core [0] : Systolic Array Utilization(%) 0.00 (0.00% PE util), Vector Unit Utilization(%) 0.00, Total cycle: 6312000
[2026-06-10 12:19:23.929] [info] HBM2-CH_0: BW utilization 0% (0 reads, 0 writes)
[2026-06-10 12:19:23.964] [info] Core [0] : MatMul active cycle 0 Vector active cycle 0 
[2026-06-10 12:19:23.964] [info] Core [0] : issued tile 0 
[2026-06-10 12:19:23.964] [info] Core [0] : Memory unit idle cycle 8000 Systolic bubble cycle 0 Core idle cycle 8000 
[2026-06-10 12:19:23.964] [info] Core [0] : Systolic Array Utilization(%) 0.00 (0.00% PE util), Vector Unit Utilization(%) 0.00, Total cycle: 6320000
[2026-06-10 12:19:24.091] [info] Layer Conv_0 finish at 6323545
[2026-06-10 12:19:24.091] [info] Total compute time 6323545
[2026-06-10 12:19:24.091] [info] executable layer count 1
[2026-06-10 12:19:24.091] [info] Start layer MaxPool_2
[2026-06-10 12:19:24.092] [info] Layer MaxPool_2 finish at 6323547
[2026-06-10 12:19:24.092] [info] Total compute time 2
[2026-06-10 12:19:24.092] [info] executable layer count 1
[2026-06-10 12:19:24.092] [info] Start layer Conv_3
[2026-06-10 12:19:27.893] [info] HBM2-CH_0: BW utilization 17% (437 reads, 1239 writes)
[2026-06-10 12:19:33.996] [info] Core [0] : MatMul active cycle 0 Vector active cycle 0 
[2026-06-10 12:19:33.996] [info] Core [0] : issued tile 2 
[2026-06-10 12:19:33.996] [info] Core [0] : Memory unit idle cycle 4656 Systolic bubble cycle 0 Core idle cycle 3548 
[2026-06-10 12:19:33.996] [info] Core [0] : Systolic Array Utilization(%) 3.76 (0.00% PE util), Vector Unit Utilization(%) 0.00, Total cycle: 6328000
[2026-06-10 12:19:41.383] [info] HBM2-CH_0: BW utilization 52% (4030 reads, 1022 writes)
[2026-06-10 12:19:42.456] [info] Core [0] : MatMul active cycle 1568 Vector active cycle 0 
[2026-06-10 12:19:42.456] [info] Core [0] : issued tile 2 
[2026-06-10 12:19:42.456] [info] Core [0] : Memory unit idle cycle 8000 Systolic bubble cycle 0 Core idle cycle 0 
[2026-06-10 12:19:42.456] [info] Core [0] : Systolic Array Utilization(%) 100.00 (19.60% PE util), Vector Unit Utilization(%) 0.00, Total cycle: 6336000
[2026-06-10 12:19:42.875] [info] HBM2-CH_0: BW utilization 26% (1804 reads, 763 writes)
[2026-06-10 12:19:42.908] [info] Core [0] : MatMul active cycle 2352 Vector active cycle 0 
[2026-06-10 12:19:42.908] [info] Core [0] : issued tile 2 
[2026-06-10 12:19:42.908] [info] Core [0] : Memory unit idle cycle 8000 Systolic bubble cycle 0 Core idle cycle 0 
[2026-06-10 12:19:42.908] [info] Core [0] : Systolic Array Utilization(%) 100.00 (29.40% PE util), Vector Unit Utilization(%) 0.00, Total cycle: 6344000
[2026-06-10 12:19:42.979] [info] HBM2-CH_0: BW utilization 0% (0 reads, 0 writes)
[2026-06-10 12:19:43.012] [info] Core [0] : MatMul active cycle 1568 Vector active cycle 0 
[2026-06-10 12:19:43.012] [info] Core [0] : issued tile 2 
[2026-06-10 12:19:43.012] [info] Core [0] : Memory unit idle cycle 8000 Systolic bubble cycle 0 Core idle cycle 0 
[2026-06-10 12:19:43.012] [info] Core [0] : Systolic Array Utilization(%) 100.00 (19.60% PE util), Vector Unit Utilization(%) 0.00, Total cycle: 6352000
[2026-06-10 12:19:43.419] [info] HBM2-CH_0: BW utilization 11% (320 reads, 775 writes)
[2026-06-10 12:19:43.582] [info] Core [0] : MatMul active cycle 2352 Vector active cycle 0 
[2026-06-10 12:19:43.582] [info] Core [0] : issued tile 2 
[2026-06-10 12:19:43.582] [info] Core [0] : Memory unit idle cycle 6429 Systolic bubble cycle 0 Core idle cycle 0 
[2026-06-10 12:19:43.582] [info] Core [0] : Systolic Array Utilization(%) 100.00 (29.40% PE util), Vector Unit Utilization(%) 0.00, Total cycle: 6360000
[2026-06-10 12:19:44.283] [info] HBM2-CH_0: BW utilization 22% (960 reads, 1164 writes)
[2026-06-10 12:19:46.193] [info] Core [0] : MatMul active cycle 1568 Vector active cycle 0 
[2026-06-10 12:19:46.193] [info] Core [0] : issued tile 2 
[2026-06-10 12:19:46.193] [info] Core [0] : Memory unit idle cycle 8000 Systolic bubble cycle 0 Core idle cycle 0 
[2026-06-10 12:19:46.193] [info] Core [0] : Systolic Array Utilization(%) 100.00 (19.60% PE util), Vector Unit Utilization(%) 0.00, Total cycle: 6368000
[2026-06-10 12:19:46.790] [info] HBM2-CH_0: BW utilization 31% (1856 reads, 1197 writes)
[2026-06-10 12:19:46.823] [info] Core [0] : MatMul active cycle 2352 Vector active cycle 0 
[2026-06-10 12:19:46.823] [info] Core [0] : issued tile 2 
[2026-06-10 12:19:46.823] [info] Core [0] : Memory unit idle cycle 8000 Systolic bubble cycle 0 Core idle cycle 0 
[2026-06-10 12:19:46.823] [info] Core [0] : Systolic Array Utilization(%) 100.00 (29.40% PE util), Vector Unit Utilization(%) 0.00, Total cycle: 6376000
[2026-06-10 12:19:46.895] [info] HBM2-CH_0: BW utilization 0% (0 reads, 0 writes)
[2026-06-10 12:19:46.928] [info] Core [0] : MatMul active cycle 1568 Vector active cycle 0 
[2026-06-10 12:19:46.928] [info] Core [0] : issued tile 2 
[2026-06-10 12:19:46.928] [info] Core [0] : Memory unit idle cycle 8000 Systolic bubble cycle 0 Core idle cycle 0 
[2026-06-10 12:19:46.928] [info] Core [0] : Systolic Array Utilization(%) 100.00 (19.60% PE util), Vector Unit Utilization(%) 0.00, Total cycle: 6384000
[2026-06-10 12:19:47.450] [info] HBM2-CH_0: BW utilization 16% (785 reads, 784 writes)
[2026-06-10 12:19:47.544] [info] Core [0] : MatMul active cycle 2352 Vector active cycle 0 
[2026-06-10 12:19:47.544] [info] Core [0] : issued tile 2 
[2026-06-10 12:19:47.544] [info] Core [0] : Memory unit idle cycle 6429 Systolic bubble cycle 0 Core idle cycle 0 
[2026-06-10 12:19:47.544] [info] Core [0] : Systolic Array Utilization(%) 100.00 (29.40% PE util), Vector Unit Utilization(%) 0.00, Total cycle: 6392000
[2026-06-10 12:19:50.459] [info] HBM2-CH_0: BW utilization 48% (2351 reads, 2352 writes)
[2026-06-10 12:19:50.491] [info] Core [0] : MatMul active cycle 1568 Vector active cycle 0 
[2026-06-10 12:19:50.491] [info] Core [0] : issued tile 2 
[2026-06-10 12:19:50.491] [info] Core [0] : Memory unit idle cycle 8000 Systolic bubble cycle 0 Core idle cycle 0 
[2026-06-10 12:19:50.491] [info] Core [0] : Systolic Array Utilization(%) 100.00 (19.60% PE util), Vector Unit Utilization(%) 0.00, Total cycle: 6400000
[2026-06-10 12:19:50.560] [info] HBM2-CH_0: BW utilization 0% (0 reads, 0 writes)
[2026-06-10 12:19:50.592] [info] Core [0] : MatMul active cycle 2352 Vector active cycle 0 
[2026-06-10 12:19:50.592] [info] Core [0] : issued tile 2 
[2026-06-10 12:19:50.592] [info] Core [0] : Memory unit idle cycle 8000 Systolic bubble cycle 0 Core idle cycle 0 
[2026-06-10 12:19:50.592] [info] Core [0] : Systolic Array Utilization(%) 100.00 (29.40% PE util), Vector Unit Utilization(%) 0.00, Total cycle: 6408000
[2026-06-10 12:19:50.745] [info] HBM2-CH_0: BW utilization 7% (0 reads, 757 writes)
[2026-06-10 12:19:50.899] [info] Core [0] : MatMul active cycle 2352 Vector active cycle 0 
[2026-06-10 12:19:50.899] [info] Core [0] : issued tile 2 
[2026-06-10 12:19:50.899] [info] Core [0] : Memory unit idle cycle 6429 Systolic bubble cycle 0 Core idle cycle 0 
[2026-06-10 12:19:50.899] [info] Core [0] : Systolic Array Utilization(%) 100.00 (29.40% PE util), Vector Unit Utilization(%) 0.00, Total cycle: 6416000
[2026-06-10 12:19:51.355] [info] HBM2-CH_0: BW utilization 21% (1129 reads, 960 writes)
[2026-06-10 12:19:53.327] [info] Core [0] : MatMul active cycle 1568 Vector active cycle 0 
[2026-06-10 12:19:53.327] [info] Core [0] : issued tile 2 
[2026-06-10 12:19:53.327] [info] Core [0] : Memory unit idle cycle 8000 Systolic bubble cycle 0 Core idle cycle 0 
[2026-06-10 12:19:53.327] [info] Core [0] : Systolic Array Utilization(%) 100.00 (19.60% PE util), Vector Unit Utilization(%) 0.00, Total cycle: 6424000
[2026-06-10 12:19:54.154] [info] HBM2-CH_0: BW utilization 35% (2008 reads, 1419 writes)
[2026-06-10 12:19:54.186] [info] Core [0] : MatMul active cycle 2352 Vector active cycle 0 
[2026-06-10 12:19:54.186] [info] Core [0] : issued tile 2 
[2026-06-10 12:19:54.186] [info] Core [0] : Memory unit idle cycle 8000 Systolic bubble cycle 0 Core idle cycle 0 
[2026-06-10 12:19:54.186] [info] Core [0] : Systolic Array Utilization(%) 100.00 (29.40% PE util), Vector Unit Utilization(%) 0.00, Total cycle: 6432000
[2026-06-10 12:19:54.255] [info] HBM2-CH_0: BW utilization 0% (0 reads, 0 writes)
[2026-06-10 12:19:54.288] [info] Core [0] : MatMul active cycle 1568 Vector active cycle 0 
[2026-06-10 12:19:54.288] [info] Core [0] : issued tile 2 
[2026-06-10 12:19:54.288] [info] Core [0] : Memory unit idle cycle 8000 Systolic bubble cycle 0 Core idle cycle 0 
[2026-06-10 12:19:54.288] [info] Core [0] : Systolic Array Utilization(%) 100.00 (19.60% PE util), Vector Unit Utilization(%) 0.00, Total cycle: 6440000
[2026-06-10 12:19:54.809] [info] HBM2-CH_0: BW utilization 16% (783 reads, 784 writes)
[2026-06-10 12:19:54.842] [info] Core [0] : MatMul active cycle 2352 Vector active cycle 0 
[2026-06-10 12:19:54.842] [info] Core [0] : issued tile 2 
[2026-06-10 12:19:54.842] [info] Core [0] : Memory unit idle cycle 6429 Systolic bubble cycle 0 Core idle cycle 0 
[2026-06-10 12:19:54.842] [info] Core [0] : Systolic Array Utilization(%) 100.00 (29.40% PE util), Vector Unit Utilization(%) 0.00, Total cycle: 6448000
[2026-06-10 12:19:57.814] [info] HBM2-CH_0: BW utilization 44% (1937 reads, 2302 writes)
[2026-06-10 12:19:58.023] [info] Core [0] : MatMul active cycle 1568 Vector active cycle 0 
[2026-06-10 12:19:58.023] [info] Core [0] : issued tile 2 
[2026-06-10 12:19:58.023] [info] Core [0] : Memory unit idle cycle 8000 Systolic bubble cycle 0 Core idle cycle 0 
[2026-06-10 12:19:58.023] [info] Core [0] : Systolic Array Utilization(%) 100.00 (19.60% PE util), Vector Unit Utilization(%) 0.00, Total cycle: 6456000
[2026-06-10 12:19:58.092] [info] HBM2-CH_0: BW utilization 4% (416 reads, 50 writes)
[2026-06-10 12:19:58.124] [info] Core [0] : MatMul active cycle 2352 Vector active cycle 0 
[2026-06-10 12:19:58.124] [info] Core [0] : issued tile 2 
[2026-06-10 12:19:58.124] [info] Core [0] : Memory unit idle cycle 8000 Systolic bubble cycle 0 Core idle cycle 0 
[2026-06-10 12:19:58.124] [info] Core [0] : Systolic Array Utilization(%) 100.00 (29.40% PE util), Vector Unit Utilization(%) 0.00, Total cycle: 6464000
[2026-06-10 12:19:58.279] [info] HBM2-CH_0: BW utilization 2% (0 reads, 287 writes)
[2026-06-10 12:19:58.671] [info] Core [0] : MatMul active cycle 1568 Vector active cycle 0 
[2026-06-10 12:19:58.671] [info] Core [0] : issued tile 2 
[2026-06-10 12:19:58.671] [info] Core [0] : Memory unit idle cycle 6429 Systolic bubble cycle 0 Core idle cycle 0 
[2026-06-10 12:19:58.671] [info] Core [0] : Systolic Array Utilization(%) 100.00 (19.60% PE util), Vector Unit Utilization(%) 0.00, Total cycle: 6472000
[2026-06-10 12:19:58.994] [info] HBM2-CH_0: BW utilization 22% (927 reads, 1269 writes)
[2026-06-10 12:20:00.776] [info] Core [0] : MatMul active cycle 2352 Vector active cycle 0 
[2026-06-10 12:20:00.776] [info] Core [0] : issued tile 2 
[2026-06-10 12:20:00.776] [info] Core [0] : Memory unit idle cycle 8000 Systolic bubble cycle 0 Core idle cycle 0 
[2026-06-10 12:20:00.776] [info] Core [0] : Systolic Array Utilization(%) 100.00 (29.40% PE util), Vector Unit Utilization(%) 0.00, Total cycle: 6480000
[2026-06-10 12:20:01.831] [info] HBM2-CH_0: BW utilization 39% (2209 reads, 1580 writes)
[2026-06-10 12:20:01.864] [info] Core [0] : MatMul active cycle 2352 Vector active cycle 0 
[2026-06-10 12:20:01.864] [info] Core [0] : issued tile 2 
[2026-06-10 12:20:01.864] [info] Core [0] : Memory unit idle cycle 8000 Systolic bubble cycle 0 Core idle cycle 0 
[2026-06-10 12:20:01.864] [info] Core [0] : Systolic Array Utilization(%) 100.00 (29.40% PE util), Vector Unit Utilization(%) 0.00, Total cycle: 6488000
[2026-06-10 12:20:01.933] [info] HBM2-CH_0: BW utilization 0% (0 reads, 0 writes)
[2026-06-10 12:20:01.966] [info] Core [0] : MatMul active cycle 1568 Vector active cycle 0 
[2026-06-10 12:20:01.966] [info] Core [0] : issued tile 2 
[2026-06-10 12:20:01.966] [info] Core [0] : Memory unit idle cycle 8000 Systolic bubble cycle 0 Core idle cycle 0 
[2026-06-10 12:20:01.966] [info] Core [0] : Systolic Array Utilization(%) 100.00 (19.60% PE util), Vector Unit Utilization(%) 0.00, Total cycle: 6496000
[2026-06-10 12:20:02.483] [info] HBM2-CH_0: BW utilization 16% (783 reads, 784 writes)
[2026-06-10 12:20:02.516] [info] Core [0] : MatMul active cycle 2352 Vector active cycle 0 
[2026-06-10 12:20:02.516] [info] Core [0] : issued tile 2 
[2026-06-10 12:20:02.516] [info] Core [0] : Memory unit idle cycle 6429 Systolic bubble cycle 0 Core idle cycle 0 
[2026-06-10 12:20:02.516] [info] Core [0] : Systolic Array Utilization(%) 100.00 (29.40% PE util), Vector Unit Utilization(%) 0.00, Total cycle: 6504000
[2026-06-10 12:20:05.338] [info] HBM2-CH_0: BW utilization 41% (1665 reads, 2308 writes)
[2026-06-10 12:20:05.668] [info] Core [0] : MatMul active cycle 1568 Vector active cycle 0 
[2026-06-10 12:20:05.668] [info] Core [0] : issued tile 2 
[2026-06-10 12:20:05.668] [info] Core [0] : Memory unit idle cycle 8000 Systolic bubble cycle 0 Core idle cycle 0 
[2026-06-10 12:20:05.668] [info] Core [0] : Systolic Array Utilization(%) 100.00 (19.60% PE util), Vector Unit Utilization(%) 0.00, Total cycle: 6512000
[2026-06-10 12:20:05.737] [info] HBM2-CH_0: BW utilization 7% (688 reads, 44 writes)
[2026-06-10 12:20:05.770] [info] Core [0] : MatMul active cycle 2352 Vector active cycle 0 
[2026-06-10 12:20:05.770] [info] Core [0] : issued tile 2 
[2026-06-10 12:20:05.770] [info] Core [0] : Memory unit idle cycle 8000 Systolic bubble cycle 0 Core idle cycle 0 
[2026-06-10 12:20:05.770] [info] Core [0] : Systolic Array Utilization(%) 100.00 (29.40% PE util), Vector Unit Utilization(%) 0.00, Total cycle: 6520000
[2026-06-10 12:20:05.839] [info] HBM2-CH_0: BW utilization 0% (0 reads, 0 writes)
[2026-06-10 12:20:06.082] [info] Core [0] : MatMul active cycle 1568 Vector active cycle 0 
[2026-06-10 12:20:06.082] [info] Core [0] : issued tile 1 
[2026-06-10 12:20:06.082] [info] Core [0] : Memory unit idle cycle 7216 Systolic bubble cycle 0 Core idle cycle 0 
[2026-06-10 12:20:06.082] [info] Core [0] : Systolic Array Utilization(%) 100.00 (19.60% PE util), Vector Unit Utilization(%) 0.00, Total cycle: 6528000
[2026-06-10 12:20:06.283] [info] HBM2-CH_0: BW utilization 13% (0 reads, 1264 writes)
[2026-06-10 12:20:06.844] [info] Core [0] : MatMul active cycle 2352 Vector active cycle 0 
[2026-06-10 12:20:06.844] [info] Core [0] : issued tile 1 
[2026-06-10 12:20:06.844] [info] Core [0] : Memory unit idle cycle 8000 Systolic bubble cycle 0 Core idle cycle 0 
[2026-06-10 12:20:06.844] [info] Core [0] : Systolic Array Utilization(%) 100.00 (29.40% PE util), Vector Unit Utilization(%) 0.00, Total cycle: 6536000
[2026-06-10 12:20:06.922] [info] HBM2-CH_0: BW utilization 19% (0 reads, 1872 writes)
[2026-06-10 12:20:06.960] [info] Core [0] : MatMul active cycle 1568 Vector active cycle 0 
[2026-06-10 12:20:06.960] [info] Core [0] : issued tile 1 
[2026-06-10 12:20:06.960] [info] Core [0] : Memory unit idle cycle 8000 Systolic bubble cycle 0 Core idle cycle 0 
[2026-06-10 12:20:06.960] [info] Core [0] : Systolic Array Utilization(%) 100.00 (19.60% PE util), Vector Unit Utilization(%) 0.00, Total cycle: 6544000
[2026-06-10 12:20:07.039] [info] HBM2-CH_0: BW utilization 0% (0 reads, 0 writes)
[2026-06-10 12:20:07.077] [info] Core [0] : MatMul active cycle 2352 Vector active cycle 0 
[2026-06-10 12:20:07.077] [info] Core [0] : issued tile 1 
[2026-06-10 12:20:07.077] [info] Core [0] : Memory unit idle cycle 8000 Systolic bubble cycle 0 Core idle cycle 0 
[2026-06-10 12:20:07.077] [info] Core [0] : Systolic Array Utilization(%) 100.00 (29.40% PE util), Vector Unit Utilization(%) 0.00, Total cycle: 6552000
[2026-06-10 12:20:07.365] [info] HBM2-CH_0: BW utilization 8% (0 reads, 784 writes)
[2026-06-10 12:20:07.402] [info] Core [0] : MatMul active cycle 784 Vector active cycle 0 
[2026-06-10 12:20:07.402] [info] Core [0] : issued tile 0 
[2026-06-10 12:20:07.402] [info] Core [0] : Memory unit idle cycle 7216 Systolic bubble cycle 0 Core idle cycle 5406 
[2026-06-10 12:20:07.402] [info] Core [0] : Systolic Array Utilization(%) 21.81 (9.80% PE util), Vector Unit Utilization(%) 0.00, Total cycle: 6560000
[2026-06-10 12:20:07.806] [info] Layer Conv_3 finish at 6562782
[2026-06-10 12:20:07.806] [info] Total compute time 239235
[2026-06-10 12:20:07.806] [info] executable layer count 1
[2026-06-10 12:20:07.806] [info] Start layer Conv_5
[2026-06-10 12:20:13.222] [info] HBM2-CH_0: BW utilization 36% (1349 reads, 2156 writes)
[2026-06-10 12:20:19.078] [info] Core [0] : MatMul active cycle 0 Vector active cycle 0 
[2026-06-10 12:20:19.078] [info] Core [0] : issued tile 2 
[2026-06-10 12:20:19.078] [info] Core [0] : Memory unit idle cycle 3623 Systolic bubble cycle 0 Core idle cycle 2783 
[2026-06-10 12:20:19.078] [info] Core [0] : Systolic Array Utilization(%) 0.00 (0.00% PE util), Vector Unit Utilization(%) 0.00, Total cycle: 6568000
[2026-06-10 12:20:21.508] [info] HBM2-CH_0: BW utilization 53% (4947 reads, 196 writes)
[2026-06-10 12:20:21.542] [info] Core [0] : MatMul active cycle 0 Vector active cycle 0 
[2026-06-10 12:20:21.542] [info] Core [0] : issued tile 2 
[2026-06-10 12:20:21.542] [info] Core [0] : Memory unit idle cycle 8000 Systolic bubble cycle 0 Core idle cycle 0 
[2026-06-10 12:20:21.542] [info] Core [0] : Systolic Array Utilization(%) 34.03 (0.00% PE util), Vector Unit Utilization(%) 0.00, Total cycle: 6576000
[2026-06-10 12:20:21.610] [info] HBM2-CH_0: BW utilization 0% (0 reads, 0 writes)
[2026-06-10 12:20:21.644] [info] Core [0] : MatMul active cycle 2352 Vector active cycle 0 
[2026-06-10 12:20:21.644] [info] Core [0] : issued tile 2 
[2026-06-10 12:20:21.644] [info] Core [0] : Memory unit idle cycle 8000 Systolic bubble cycle 0 Core idle cycle 0 
[2026-06-10 12:20:21.644] [info] Core [0] : Systolic Array Utilization(%) 100.00 (29.40% PE util), Vector Unit Utilization(%) 0.00, Total cycle: 6584000
[2026-06-10 12:20:21.714] [info] HBM2-CH_0: BW utilization 0% (0 reads, 0 writes)
[2026-06-10 12:20:21.749] [info] Core [0] : MatMul active cycle 1568 Vector active cycle 0 
[2026-06-10 12:20:21.749] [info] Core [0] : issued tile 2 
[2026-06-10 12:20:21.749] [info] Core [0] : Memory unit idle cycle 8000 Systolic bubble cycle 0 Core idle cycle 0 
[2026-06-10 12:20:21.749] [info] Core [0] : Systolic Array Utilization(%) 100.00 (19.60% PE util), Vector Unit Utilization(%) 0.00, Total cycle: 6592000
[2026-06-10 12:20:21.820] [info] HBM2-CH_0: BW utilization 0% (0 reads, 0 writes)
[2026-06-10 12:20:21.854] [info] Core [0] : MatMul active cycle 2352 Vector active cycle 0 
[2026-06-10 12:20:21.854] [info] Core [0] : issued tile 2 
[2026-06-10 12:20:21.854] [info] Core [0] : Memory unit idle cycle 8000 Systolic bubble cycle 0 Core idle cycle 0 
[2026-06-10 12:20:21.854] [info] Core [0] : Systolic Array Utilization(%) 100.00 (29.40% PE util), Vector Unit Utilization(%) 0.00, Total cycle: 6600000
[2026-06-10 12:20:30.346] [info] HBM2-CH_0: BW utilization 31% (553 reads, 2429 writes)
[2026-06-10 12:20:33.207] [info] Core [0] : MatMul active cycle 1568 Vector active cycle 0 
[2026-06-10 12:20:33.207] [info] Core [0] : issued tile 2 
[2026-06-10 12:20:33.207] [info] Core [0] : Memory unit idle cycle 3909 Systolic bubble cycle 0 Core idle cycle 0 
[2026-06-10 12:20:33.207] [info] Core [0] : Systolic Array Utilization(%) 100.00 (19.60% PE util), Vector Unit Utilization(%) 0.00, Total cycle: 6608000
[2026-06-10 12:20:33.998] [info] HBM2-CH_0: BW utilization 34% (2595 reads, 708 writes)
[2026-06-10 12:20:34.033] [info] Core [0] : MatMul active cycle 2352 Vector active cycle 0 
[2026-06-10 12:20:34.033] [info] Core [0] : issued tile 2 
[2026-06-10 12:20:34.033] [info] Core [0] : Memory unit idle cycle 8000 Systolic bubble cycle 0 Core idle cycle 0 
[2026-06-10 12:20:34.033] [info] Core [0] : Systolic Array Utilization(%) 100.00 (29.40% PE util), Vector Unit Utilization(%) 0.00, Total cycle: 6616000
[2026-06-10 12:20:34.103] [info] HBM2-CH_0: BW utilization 0% (0 reads, 0 writes)
[2026-06-10 12:20:34.142] [info] Core [0] : MatMul active cycle 2352 Vector active cycle 0 
[2026-06-10 12:20:34.142] [info] Core [0] : issued tile 2 
[2026-06-10 12:20:34.142] [info] Core [0] : Memory unit idle cycle 8000 Systolic bubble cycle 0 Core idle cycle 0 
[2026-06-10 12:20:34.142] [info] Core [0] : Systolic Array Utilization(%) 100.00 (29.40% PE util), Vector Unit Utilization(%) 0.00, Total cycle: 6624000
[2026-06-10 12:20:34.222] [info] HBM2-CH_0: BW utilization 0% (0 reads, 0 writes)
[2026-06-10 12:20:38.612] [info] Core [0] : MatMul active cycle 1568 Vector active cycle 0 
[2026-06-10 12:20:38.612] [info] Core [0] : issued tile 2 
[2026-06-10 12:20:38.612] [info] Core [0] : Memory unit idle cycle 5981 Systolic bubble cycle 0 Core idle cycle 0 
[2026-06-10 12:20:38.612] [info] Core [0] : Systolic Array Utilization(%) 100.00 (19.60% PE util), Vector Unit Utilization(%) 0.00, Total cycle: 6632000
[2026-06-10 12:20:45.030] [info] HBM2-CH_0: BW utilization 56% (2647 reads, 2731 writes)
[2026-06-10 12:20:45.449] [info] Core [0] : MatMul active cycle 2352 Vector active cycle 0 
[2026-06-10 12:20:45.449] [info] Core [0] : issued tile 2 
[2026-06-10 12:20:45.449] [info] Core [0] : Memory unit idle cycle 5955 Systolic bubble cycle 0 Core idle cycle 0 
[2026-06-10 12:20:45.449] [info] Core [0] : Systolic Array Utilization(%) 100.00 (29.40% PE util), Vector Unit Utilization(%) 0.00, Total cycle: 6640000
[2026-06-10 12:20:45.493] [info] HBM2-CH_0: BW utilization 9% (501 reads, 405 writes)
[2026-06-10 12:20:45.514] [info] Core [0] : MatMul active cycle 1568 Vector active cycle 0 
[2026-06-10 12:20:45.514] [info] Core [0] : issued tile 2 
[2026-06-10 12:20:45.515] [info] Core [0] : Memory unit idle cycle 8000 Systolic bubble cycle 0 Core idle cycle 0 
[2026-06-10 12:20:45.515] [info] Core [0] : Systolic Array Utilization(%) 100.00 (19.60% PE util), Vector Unit Utilization(%) 0.00, Total cycle: 6648000
[2026-06-10 12:20:45.559] [info] HBM2-CH_0: BW utilization 0% (0 reads, 0 writes)
[2026-06-10 12:20:45.582] [info] Core [0] : MatMul active cycle 2352 Vector active cycle 0 
[2026-06-10 12:20:45.582] [info] Core [0] : issued tile 2 
[2026-06-10 12:20:45.582] [info] Core [0] : Memory unit idle cycle 8000 Systolic bubble cycle 0 Core idle cycle 0 
[2026-06-10 12:20:45.582] [info] Core [0] : Systolic Array Utilization(%) 100.00 (29.40% PE util), Vector Unit Utilization(%) 0.00, Total cycle: 6656000
[2026-06-10 12:20:52.160] [info] HBM2-CH_0: BW utilization 27% (380 reads, 2261 writes)
[2026-06-10 12:20:54.002] [info] Core [0] : MatMul active cycle 1568 Vector active cycle 0 
[2026-06-10 12:20:54.002] [info] Core [0] : issued tile 2 
[2026-06-10 12:20:54.002] [info] Core [0] : Memory unit idle cycle 3917 Systolic bubble cycle 0 Core idle cycle 0 
[2026-06-10 12:20:54.002] [info] Core [0] : Systolic Array Utilization(%) 100.00 (19.60% PE util), Vector Unit Utilization(%) 0.00, Total cycle: 6664000
[2026-06-10 12:20:54.561] [info] HBM2-CH_0: BW utilization 37% (2768 reads, 875 writes)
[2026-06-10 12:20:54.578] [info] Core [0] : MatMul active cycle 2352 Vector active cycle 0 
[2026-06-10 12:20:54.578] [info] Core [0] : issued tile 2 
[2026-06-10 12:20:54.578] [info] Core [0] : Memory unit idle cycle 8000 Systolic bubble cycle 0 Core idle cycle 0 
[2026-06-10 12:20:54.578] [info] Core [0] : Systolic Array Utilization(%) 100.00 (29.40% PE util), Vector Unit Utilization(%) 0.00, Total cycle: 6672000
[2026-06-10 12:20:54.611] [info] HBM2-CH_0: BW utilization 0% (0 reads, 0 writes)
[2026-06-10 12:20:54.628] [info] Core [0] : MatMul active cycle 1568 Vector active cycle 0 
[2026-06-10 12:20:54.628] [info] Core [0] : issued tile 2 
[2026-06-10 12:20:54.628] [info] Core [0] : Memory unit idle cycle 8000 Systolic bubble cycle 0 Core idle cycle 0 
[2026-06-10 12:20:54.628] [info] Core [0] : Systolic Array Utilization(%) 100.00 (19.60% PE util), Vector Unit Utilization(%) 0.00, Total cycle: 6680000
[2026-06-10 12:20:54.661] [info] HBM2-CH_0: BW utilization 0% (0 reads, 0 writes)
[2026-06-10 12:20:56.911] [info] Core [0] : MatMul active cycle 2352 Vector active cycle 0 
[2026-06-10 12:20:56.911] [info] Core [0] : issued tile 2 
[2026-06-10 12:20:56.911] [info] Core [0] : Memory unit idle cycle 6429 Systolic bubble cycle 0 Core idle cycle 0 
[2026-06-10 12:20:56.911] [info] Core [0] : Systolic Array Utilization(%) 100.00 (29.40% PE util), Vector Unit Utilization(%) 0.00, Total cycle: 6688000
[2026-06-10 12:21:02.009] [info] HBM2-CH_0: BW utilization 52% (2319 reads, 2676 writes)
[2026-06-10 12:21:02.317] [info] Core [0] : MatMul active cycle 2352 Vector active cycle 0 
[2026-06-10 12:21:02.317] [info] Core [0] : issued tile 2 
[2026-06-10 12:21:02.317] [info] Core [0] : Memory unit idle cycle 5558 Systolic bubble cycle 0 Core idle cycle 0 
[2026-06-10 12:21:02.317] [info] Core [0] : Systolic Array Utilization(%) 100.00 (29.40% PE util), Vector Unit Utilization(%) 0.00, Total cycle: 6696000
[2026-06-10 12:21:02.350] [info] HBM2-CH_0: BW utilization 13% (829 reads, 460 writes)
[2026-06-10 12:21:02.367] [info] Core [0] : MatMul active cycle 1568 Vector active cycle 0 
[2026-06-10 12:21:02.367] [info] Core [0] : issued tile 2 
[2026-06-10 12:21:02.367] [info] Core [0] : Memory unit idle cycle 8000 Systolic bubble cycle 0 Core idle cycle 0 
[2026-06-10 12:21:02.367] [info] Core [0] : Systolic Array Utilization(%) 100.00 (19.60% PE util), Vector Unit Utilization(%) 0.00, Total cycle: 6704000
[2026-06-10 12:21:02.399] [info] HBM2-CH_0: BW utilization 0% (0 reads, 0 writes)
[2026-06-10 12:21:02.416] [info] Core [0] : MatMul active cycle 2352 Vector active cycle 0 
[2026-06-10 12:21:02.416] [info] Core [0] : issued tile 2 
[2026-06-10 12:21:02.416] [info] Core [0] : Memory unit idle cycle 8000 Systolic bubble cycle 0 Core idle cycle 0 
[2026-06-10 12:21:02.416] [info] Core [0] : Systolic Array Utilization(%) 100.00 (29.40% PE util), Vector Unit Utilization(%) 0.00, Total cycle: 6712000
[2026-06-10 12:21:07.086] [info] HBM2-CH_0: BW utilization 23% (249 reads, 2021 writes)
[2026-06-10 12:21:09.666] [info] Core [0] : MatMul active cycle 1568 Vector active cycle 0 
[2026-06-10 12:21:09.666] [info] Core [0] : issued tile 2 
[2026-06-10 12:21:09.666] [info] Core [0] : Memory unit idle cycle 3953 Systolic bubble cycle 0 Core idle cycle 0 
[2026-06-10 12:21:09.666] [info] Core [0] : Systolic Array Utilization(%) 100.00 (19.60% PE util), Vector Unit Utilization(%) 0.00, Total cycle: 6720000
[2026-06-10 12:21:10.354] [info] HBM2-CH_0: BW utilization 41% (2899 reads, 1114 writes)
[2026-06-10 12:21:10.371] [info] Core [0] : MatMul active cycle 2352 Vector active cycle 0 
[2026-06-10 12:21:10.371] [info] Core [0] : issued tile 2 
[2026-06-10 12:21:10.371] [info] Core [0] : Memory unit idle cycle 8000 Systolic bubble cycle 0 Core idle cycle 0 
[2026-06-10 12:21:10.371] [info] Core [0] : Systolic Array Utilization(%) 100.00 (29.40% PE util), Vector Unit Utilization(%) 0.00, Total cycle: 6728000
[2026-06-10 12:21:10.405] [info] HBM2-CH_0: BW utilization 0% (0 reads, 0 writes)
[2026-06-10 12:21:10.422] [info] Core [0] : MatMul active cycle 1568 Vector active cycle 0 
[2026-06-10 12:21:10.422] [info] Core [0] : issued tile 2 
[2026-06-10 12:21:10.422] [info] Core [0] : Memory unit idle cycle 8000 Systolic bubble cycle 0 Core idle cycle 0 
[2026-06-10 12:21:10.422] [info] Core [0] : Systolic Array Utilization(%) 100.00 (19.60% PE util), Vector Unit Utilization(%) 0.00, Total cycle: 6736000
[2026-06-10 12:21:10.455] [info] HBM2-CH_0: BW utilization 0% (0 reads, 0 writes)
[2026-06-10 12:21:11.816] [info] Core [0] : MatMul active cycle 2352 Vector active cycle 0 
[2026-06-10 12:21:11.816] [info] Core [0] : issued tile 2 
[2026-06-10 12:21:11.816] [info] Core [0] : Memory unit idle cycle 6877 Systolic bubble cycle 0 Core idle cycle 0 
[2026-06-10 12:21:11.816] [info] Core [0] : Systolic Array Utilization(%) 100.00 (29.40% PE util), Vector Unit Utilization(%) 0.00, Total cycle: 6744000
[2026-06-10 12:21:18.648] [info] HBM2-CH_0: BW utilization 48% (1962 reads, 2650 writes)
[2026-06-10 12:21:19.357] [info] Core [0] : MatMul active cycle 1568 Vector active cycle 0 
[2026-06-10 12:21:19.357] [info] Core [0] : issued tile 2 
[2026-06-10 12:21:19.357] [info] Core [0] : Memory unit idle cycle 5013 Systolic bubble cycle 0 Core idle cycle 0 
[2026-06-10 12:21:19.357] [info] Core [0] : Systolic Array Utilization(%) 100.00 (19.60% PE util), Vector Unit Utilization(%) 0.00, Total cycle: 6752000
[2026-06-10 12:21:19.441] [info] HBM2-CH_0: BW utilization 17% (1186 reads, 486 writes)
[2026-06-10 12:21:19.477] [info] Core [0] : MatMul active cycle 2352 Vector active cycle 0 
[2026-06-10 12:21:19.477] [info] Core [0] : issued tile 2 
[2026-06-10 12:21:19.477] [info] Core [0] : Memory unit idle cycle 8000 Systolic bubble cycle 0 Core idle cycle 0 
[2026-06-10 12:21:19.477] [info] Core [0] : Systolic Array Utilization(%) 100.00 (29.40% PE util), Vector Unit Utilization(%) 0.00, Total cycle: 6760000
[2026-06-10 12:21:19.546] [info] HBM2-CH_0: BW utilization 0% (0 reads, 0 writes)
[2026-06-10 12:21:19.583] [info] Core [0] : MatMul active cycle 2352 Vector active cycle 0 
[2026-06-10 12:21:19.583] [info] Core [0] : issued tile 2 
[2026-06-10 12:21:19.583] [info] Core [0] : Memory unit idle cycle 8000 Systolic bubble cycle 0 Core idle cycle 0 
[2026-06-10 12:21:19.583] [info] Core [0] : Systolic Array Utilization(%) 100.00 (29.40% PE util), Vector Unit Utilization(%) 0.00, Total cycle: 6768000
[2026-06-10 12:21:21.614] [info] HBM2-CH_0: BW utilization 21% (0 reads, 2021 writes)
[2026-06-10 12:21:22.190] [info] Core [0] : MatMul active cycle 1568 Vector active cycle 0 
[2026-06-10 12:21:22.190] [info] Core [0] : issued tile 1 
[2026-06-10 12:21:22.190] [info] Core [0] : Memory unit idle cycle 7216 Systolic bubble cycle 0 Core idle cycle 0 
[2026-06-10 12:21:22.190] [info] Core [0] : Systolic Array Utilization(%) 100.00 (19.60% PE util), Vector Unit Utilization(%) 0.00, Total cycle: 6776000
[2026-06-10 12:21:22.263] [info] HBM2-CH_0: BW utilization 11% (0 reads, 1115 writes)
[2026-06-10 12:21:22.290] [info] Core [0] : MatMul active cycle 2352 Vector active cycle 0 
[2026-06-10 12:21:22.290] [info] Core [0] : issued tile 1 
[2026-06-10 12:21:22.290] [info] Core [0] : Memory unit idle cycle 8000 Systolic bubble cycle 0 Core idle cycle 0 
[2026-06-10 12:21:22.290] [info] Core [0] : Systolic Array Utilization(%) 100.00 (29.40% PE util), Vector Unit Utilization(%) 0.00, Total cycle: 6784000
[2026-06-10 12:21:22.327] [info] HBM2-CH_0: BW utilization 0% (0 reads, 0 writes)
[2026-06-10 12:21:22.346] [info] Core [0] : MatMul active cycle 1568 Vector active cycle 0 
[2026-06-10 12:21:22.346] [info] Core [0] : issued tile 1 
[2026-06-10 12:21:22.346] [info] Core [0] : Memory unit idle cycle 8000 Systolic bubble cycle 0 Core idle cycle 0 
[2026-06-10 12:21:22.346] [info] Core [0] : Systolic Array Utilization(%) 100.00 (19.60% PE util), Vector Unit Utilization(%) 0.00, Total cycle: 6792000
[2026-06-10 12:21:22.383] [info] HBM2-CH_0: BW utilization 0% (0 reads, 0 writes)
[2026-06-10 12:21:22.470] [info] Layer Conv_5 finish at 6799363
[2026-06-10 12:21:22.470] [info] Total compute time 236581
[2026-06-10 12:21:22.470] [info] executable layer count 1
[2026-06-10 12:21:22.470] [info] Start layer Conv_8
[2026-06-10 12:21:23.198] [info] Core [0] : MatMul active cycle 2352 Vector active cycle 0 
[2026-06-10 12:21:23.199] [info] Core [0] : issued tile 2 
[2026-06-10 12:21:23.199] [info] Core [0] : Memory unit idle cycle 7325 Systolic bubble cycle 0 Core idle cycle 0 
[2026-06-10 12:21:23.199] [info] Core [0] : Systolic Array Utilization(%) 91.55 (29.40% PE util), Vector Unit Utilization(%) 0.00, Total cycle: 6800000
[2026-06-10 12:21:38.561] [info] HBM2-CH_0: BW utilization 45% (1655 reads, 2723 writes)
[2026-06-10 12:21:42.410] [info] Core [0] : MatMul active cycle 0 Vector active cycle 0 
[2026-06-10 12:21:42.411] [info] Core [0] : issued tile 2 
[2026-06-10 12:21:42.411] [info] Core [0] : Memory unit idle cycle 0 Systolic bubble cycle 0 Core idle cycle 0 
[2026-06-10 12:21:42.411] [info] Core [0] : Systolic Array Utilization(%) 0.00 (0.00% PE util), Vector Unit Utilization(%) 0.00, Total cycle: 6808000
[2026-06-10 12:21:44.481] [info] HBM2-CH_0: BW utilization 51% (4535 reads, 373 writes)
[2026-06-10 12:21:44.554] [info] Core [0] : MatMul active cycle 784 Vector active cycle 0 
[2026-06-10 12:21:44.554] [info] Core [0] : issued tile 2 
[2026-06-10 12:21:44.554] [info] Core [0] : Memory unit idle cycle 7869 Systolic bubble cycle 0 Core idle cycle 0 
[2026-06-10 12:21:44.554] [info] Core [0] : Systolic Array Utilization(%) 44.97 (9.80% PE util), Vector Unit Utilization(%) 0.00, Total cycle: 6816000
[2026-06-10 12:21:44.594] [info] HBM2-CH_0: BW utilization 1% (99 reads, 40 writes)
[2026-06-10 12:21:44.616] [info] Core [0] : MatMul active cycle 1568 Vector active cycle 0 
[2026-06-10 12:21:44.616] [info] Core [0] : issued tile 2 
[2026-06-10 12:21:44.616] [info] Core [0] : Memory unit idle cycle 8000 Systolic bubble cycle 0 Core idle cycle 0 
[2026-06-10 12:21:44.616] [info] Core [0] : Systolic Array Utilization(%) 100.00 (19.60% PE util), Vector Unit Utilization(%) 0.00, Total cycle: 6824000
[2026-06-10 12:21:44.680] [info] HBM2-CH_0: BW utilization 0% (0 reads, 0 writes)
[2026-06-10 12:21:44.717] [info] Core [0] : MatMul active cycle 2352 Vector active cycle 0 
[2026-06-10 12:21:44.717] [info] Core [0] : issued tile 2 
[2026-06-10 12:21:44.717] [info] Core [0] : Memory unit idle cycle 8000 Systolic bubble cycle 0 Core idle cycle 0 
[2026-06-10 12:21:44.717] [info] Core [0] : Systolic Array Utilization(%) 100.00 (29.40% PE util), Vector Unit Utilization(%) 0.00, Total cycle: 6832000
[2026-06-10 12:21:44.793] [info] HBM2-CH_0: BW utilization 0% (0 reads, 0 writes)
[2026-06-10 12:21:44.830] [info] Core [0] : MatMul active cycle 1568 Vector active cycle 0 
[2026-06-10 12:21:44.830] [info] Core [0] : issued tile 2 
[2026-06-10 12:21:44.830] [info] Core [0] : Memory unit idle cycle 8000 Systolic bubble cycle 0 Core idle cycle 0 
[2026-06-10 12:21:44.830] [info] Core [0] : Systolic Array Utilization(%) 100.00 (19.60% PE util), Vector Unit Utilization(%) 0.00, Total cycle: 6840000
[2026-06-10 12:21:50.086] [info] HBM2-CH_0: BW utilization 35% (808 reads, 2559 writes)
[2026-06-10 12:21:50.978] [info] Core [0] : MatMul active cycle 2352 Vector active cycle 0 
[2026-06-10 12:21:50.978] [info] Core [0] : issued tile 2 
[2026-06-10 12:21:50.978] [info] Core [0] : Memory unit idle cycle 4437 Systolic bubble cycle 0 Core idle cycle 0 
[2026-06-10 12:21:50.978] [info] Core [0] : Systolic Array Utilization(%) 100.00 (29.40% PE util), Vector Unit Utilization(%) 0.00, Total cycle: 6848000
[2026-06-10 12:21:51.250] [info] HBM2-CH_0: BW utilization 30% (2336 reads, 577 writes)
[2026-06-10 12:21:51.267] [info] Core [0] : MatMul active cycle 1568 Vector active cycle 0 
[2026-06-10 12:21:51.267] [info] Core [0] : issued tile 2 
[2026-06-10 12:21:51.267] [info] Core [0] : Memory unit idle cycle 8000 Systolic bubble cycle 0 Core idle cycle 0 
[2026-06-10 12:21:51.267] [info] Core [0] : Systolic Array Utilization(%) 100.00 (19.60% PE util), Vector Unit Utilization(%) 0.00, Total cycle: 6856000
[2026-06-10 12:21:51.299] [info] HBM2-CH_0: BW utilization 0% (0 reads, 0 writes)
[2026-06-10 12:21:51.316] [info] Core [0] : MatMul active cycle 2352 Vector active cycle 0 
[2026-06-10 12:21:51.316] [info] Core [0] : issued tile 2 
[2026-06-10 12:21:51.316] [info] Core [0] : Memory unit idle cycle 8000 Systolic bubble cycle 0 Core idle cycle 0 
[2026-06-10 12:21:51.316] [info] Core [0] : Systolic Array Utilization(%) 100.00 (29.40% PE util), Vector Unit Utilization(%) 0.00, Total cycle: 6864000
[2026-06-10 12:21:51.409] [info] HBM2-CH_0: BW utilization 2% (0 reads, 228 writes)
[2026-06-10 12:21:54.757] [info] Core [0] : MatMul active cycle 1568 Vector active cycle 0 
[2026-06-10 12:21:54.757] [info] Core [0] : issued tile 2 
[2026-06-10 12:21:54.757] [info] Core [0] : Memory unit idle cycle 5105 Systolic bubble cycle 0 Core idle cycle 0 
[2026-06-10 12:21:54.757] [info] Core [0] : Systolic Array Utilization(%) 100.00 (19.60% PE util), Vector Unit Utilization(%) 0.00, Total cycle: 6872000
[2026-06-10 12:21:56.953] [info] HBM2-CH_0: BW utilization 57% (2994 reads, 2543 writes)
[2026-06-10 12:21:57.069] [info] Core [0] : MatMul active cycle 2352 Vector active cycle 0 
[2026-06-10 12:21:57.069] [info] Core [0] : issued tile 2 
[2026-06-10 12:21:57.069] [info] Core [0] : Memory unit idle cycle 7430 Systolic bubble cycle 0 Core idle cycle 0 
[2026-06-10 12:21:57.069] [info] Core [0] : Systolic Array Utilization(%) 100.00 (29.40% PE util), Vector Unit Utilization(%) 0.00, Total cycle: 6880000
[2026-06-10 12:21:57.101] [info] HBM2-CH_0: BW utilization 5% (150 reads, 365 writes)
[2026-06-10 12:21:57.118] [info] Core [0] : MatMul active cycle 2352 Vector active cycle 0 
[2026-06-10 12:21:57.118] [info] Core [0] : issued tile 2 
[2026-06-10 12:21:57.118] [info] Core [0] : Memory unit idle cycle 8000 Systolic bubble cycle 0 Core idle cycle 0 
[2026-06-10 12:21:57.118] [info] Core [0] : Systolic Array Utilization(%) 100.00 (29.40% PE util), Vector Unit Utilization(%) 0.00, Total cycle: 6888000
[2026-06-10 12:21:57.149] [info] HBM2-CH_0: BW utilization 0% (0 reads, 0 writes)
[2026-06-10 12:21:57.166] [info] Core [0] : MatMul active cycle 1568 Vector active cycle 0 
[2026-06-10 12:21:57.166] [info] Core [0] : issued tile 2 
[2026-06-10 12:21:57.166] [info] Core [0] : Memory unit idle cycle 8000 Systolic bubble cycle 0 Core idle cycle 0 
[2026-06-10 12:21:57.166] [info] Core [0] : Systolic Array Utilization(%) 100.00 (19.60% PE util), Vector Unit Utilization(%) 0.00, Total cycle: 6896000
[2026-06-10 12:22:02.614] [info] HBM2-CH_0: BW utilization 32% (659 reads, 2432 writes)
[2026-06-10 12:22:04.415] [info] Core [0] : MatMul active cycle 2352 Vector active cycle 0 
[2026-06-10 12:22:04.415] [info] Core [0] : issued tile 2 
[2026-06-10 12:22:04.415] [info] Core [0] : Memory unit idle cycle 4511 Systolic bubble cycle 0 Core idle cycle 0 
[2026-06-10 12:22:04.415] [info] Core [0] : Systolic Array Utilization(%) 100.00 (29.40% PE util), Vector Unit Utilization(%) 0.00, Total cycle: 6904000
[2026-06-10 12:22:05.022] [info] HBM2-CH_0: BW utilization 33% (2484 reads, 704 writes)
[2026-06-10 12:22:05.057] [info] Core [0] : MatMul active cycle 1568 Vector active cycle 0 
[2026-06-10 12:22:05.057] [info] Core [0] : issued tile 2 
[2026-06-10 12:22:05.057] [info] Core [0] : Memory unit idle cycle 8000 Systolic bubble cycle 0 Core idle cycle 0 
[2026-06-10 12:22:05.057] [info] Core [0] : Systolic Array Utilization(%) 100.00 (19.60% PE util), Vector Unit Utilization(%) 0.00, Total cycle: 6912000
[2026-06-10 12:22:05.123] [info] HBM2-CH_0: BW utilization 0% (0 reads, 0 writes)
[2026-06-10 12:22:05.159] [info] Core [0] : MatMul active cycle 2352 Vector active cycle 0 
[2026-06-10 12:22:05.159] [info] Core [0] : issued tile 2 
[2026-06-10 12:22:05.159] [info] Core [0] : Memory unit idle cycle 8000 Systolic bubble cycle 0 Core idle cycle 0 
[2026-06-10 12:22:05.159] [info] Core [0] : Systolic Array Utilization(%) 100.00 (29.40% PE util), Vector Unit Utilization(%) 0.00, Total cycle: 6920000
[2026-06-10 12:22:05.226] [info] HBM2-CH_0: BW utilization 0% (0 reads, 0 writes)
[2026-06-10 12:22:09.098] [info] Core [0] : MatMul active cycle 1568 Vector active cycle 0 
[2026-06-10 12:22:09.098] [info] Core [0] : issued tile 2 
[2026-06-10 12:22:09.098] [info] Core [0] : Memory unit idle cycle 5553 Systolic bubble cycle 0 Core idle cycle 0 
[2026-06-10 12:22:09.098] [info] Core [0] : Systolic Array Utilization(%) 100.00 (19.60% PE util), Vector Unit Utilization(%) 0.00, Total cycle: 6928000
[2026-06-10 12:22:14.161] [info] HBM2-CH_0: BW utilization 57% (2811 reads, 2713 writes)
[2026-06-10 12:22:14.460] [info] Core [0] : MatMul active cycle 2352 Vector active cycle 0 
[2026-06-10 12:22:14.460] [info] Core [0] : issued tile 2 
[2026-06-10 12:22:14.460] [info] Core [0] : Memory unit idle cycle 6871 Systolic bubble cycle 0 Core idle cycle 0 
[2026-06-10 12:22:14.460] [info] Core [0] : Systolic Array Utilization(%) 100.00 (29.40% PE util), Vector Unit Utilization(%) 0.00, Total cycle: 6936000
[2026-06-10 12:22:14.525] [info] HBM2-CH_0: BW utilization 7% (333 reads, 423 writes)
[2026-06-10 12:22:14.559] [info] Core [0] : MatMul active cycle 1568 Vector active cycle 0 
[2026-06-10 12:22:14.559] [info] Core [0] : issued tile 2 
[2026-06-10 12:22:14.559] [info] Core [0] : Memory unit idle cycle 8000 Systolic bubble cycle 0 Core idle cycle 0 
[2026-06-10 12:22:14.559] [info] Core [0] : Systolic Array Utilization(%) 100.00 (19.60% PE util), Vector Unit Utilization(%) 0.00, Total cycle: 6944000
[2026-06-10 12:22:14.624] [info] HBM2-CH_0: BW utilization 0% (0 reads, 0 writes)
[2026-06-10 12:22:14.658] [info] Core [0] : MatMul active cycle 2352 Vector active cycle 0 
[2026-06-10 12:22:14.658] [info] Core [0] : issued tile 2 
[2026-06-10 12:22:14.658] [info] Core [0] : Memory unit idle cycle 8000 Systolic bubble cycle 0 Core idle cycle 0 
[2026-06-10 12:22:14.658] [info] Core [0] : Systolic Array Utilization(%) 100.00 (29.40% PE util), Vector Unit Utilization(%) 0.00, Total cycle: 6952000
[2026-06-10 12:22:20.762] [info] HBM2-CH_0: BW utilization 29% (505 reads, 2306 writes)
[2026-06-10 12:22:22.960] [info] Core [0] : MatMul active cycle 1568 Vector active cycle 0 
[2026-06-10 12:22:22.960] [info] Core [0] : issued tile 2 
[2026-06-10 12:22:22.960] [info] Core [0] : Memory unit idle cycle 4506 Systolic bubble cycle 0 Core idle cycle 0 
[2026-06-10 12:22:22.960] [info] Core [0] : Systolic Array Utilization(%) 100.00 (19.60% PE util), Vector Unit Utilization(%) 0.00, Total cycle: 6960000
[2026-06-10 12:22:23.750] [info] HBM2-CH_0: BW utilization 36% (2639 reads, 830 writes)
[2026-06-10 12:22:23.785] [info] Core [0] : MatMul active cycle 2352 Vector active cycle 0 
[2026-06-10 12:22:23.785] [info] Core [0] : issued tile 2 
[2026-06-10 12:22:23.785] [info] Core [0] : Memory unit idle cycle 8000 Systolic bubble cycle 0 Core idle cycle 0 
[2026-06-10 12:22:23.785] [info] Core [0] : Systolic Array Utilization(%) 100.00 (29.40% PE util), Vector Unit Utilization(%) 0.00, Total cycle: 6968000
[2026-06-10 12:22:23.852] [info] HBM2-CH_0: BW utilization 0% (0 reads, 0 writes)
[2026-06-10 12:22:23.887] [info] Core [0] : MatMul active cycle 2352 Vector active cycle 0 
[2026-06-10 12:22:23.887] [info] Core [0] : issued tile 2 
[2026-06-10 12:22:23.887] [info] Core [0] : Memory unit idle cycle 8000 Systolic bubble cycle 0 Core idle cycle 0 
[2026-06-10 12:22:23.887] [info] Core [0] : Systolic Array Utilization(%) 100.00 (29.40% PE util), Vector Unit Utilization(%) 0.00, Total cycle: 6976000
[2026-06-10 12:22:23.954] [info] HBM2-CH_0: BW utilization 0% (0 reads, 0 writes)
[2026-06-10 12:22:26.539] [info] Core [0] : MatMul active cycle 1568 Vector active cycle 0 
[2026-06-10 12:22:26.539] [info] Core [0] : issued tile 2 
[2026-06-10 12:22:26.539] [info] Core [0] : Memory unit idle cycle 6001 Systolic bubble cycle 0 Core idle cycle 0 
[2026-06-10 12:22:26.539] [info] Core [0] : Systolic Array Utilization(%) 100.00 (19.60% PE util), Vector Unit Utilization(%) 0.00, Total cycle: 6984000
[2026-06-10 12:22:32.416] [info] HBM2-CH_0: BW utilization 54% (2576 reads, 2670 writes)
[2026-06-10 12:22:32.826] [info] Core [0] : MatMul active cycle 2352 Vector active cycle 0 
[2026-06-10 12:22:32.826] [info] Core [0] : issued tile 2 
[2026-06-10 12:22:32.826] [info] Core [0] : Memory unit idle cycle 6531 Systolic bubble cycle 0 Core idle cycle 0 
[2026-06-10 12:22:32.826] [info] Core [0] : Systolic Array Utilization(%) 100.00 (29.40% PE util), Vector Unit Utilization(%) 0.00, Total cycle: 6992000
[2026-06-10 12:22:32.892] [info] HBM2-CH_0: BW utilization 10% (568 reads, 466 writes)
[2026-06-10 12:22:32.927] [info] Core [0] : MatMul active cycle 1568 Vector active cycle 0 
[2026-06-10 12:22:32.927] [info] Core [0] : issued tile 2 
[2026-06-10 12:22:32.927] [info] Core [0] : Memory unit idle cycle 8000 Systolic bubble cycle 0 Core idle cycle 0 
[2026-06-10 12:22:32.927] [info] Core [0] : Systolic Array Utilization(%) 100.00 (19.60% PE util), Vector Unit Utilization(%) 0.00, Total cycle: 7000000
[2026-06-10 12:22:32.992] [info] HBM2-CH_0: BW utilization 0% (0 reads, 0 writes)
[2026-06-10 12:22:33.028] [info] Core [0] : MatMul active cycle 2352 Vector active cycle 0 
[2026-06-10 12:22:33.028] [info] Core [0] : issued tile 2 
[2026-06-10 12:22:33.028] [info] Core [0] : Memory unit idle cycle 8000 Systolic bubble cycle 0 Core idle cycle 0 
[2026-06-10 12:22:33.028] [info] Core [0] : Systolic Array Utilization(%) 100.00 (29.40% PE util), Vector Unit Utilization(%) 0.00, Total cycle: 7008000
[2026-06-10 12:22:34.696] [info] HBM2-CH_0: BW utilization 26% (0 reads, 2525 writes)
[2026-06-10 12:22:34.962] [info] Core [0] : MatMul active cycle 1568 Vector active cycle 0 
[2026-06-10 12:22:34.962] [info] Core [0] : issued tile 1 
[2026-06-10 12:22:34.962] [info] Core [0] : Memory unit idle cycle 7216 Systolic bubble cycle 0 Core idle cycle 0 
[2026-06-10 12:22:34.962] [info] Core [0] : Systolic Array Utilization(%) 100.00 (19.60% PE util), Vector Unit Utilization(%) 0.00, Total cycle: 7016000
[2026-06-10 12:22:35.034] [info] HBM2-CH_0: BW utilization 6% (0 reads, 611 writes)
[2026-06-10 12:22:35.073] [info] Core [0] : MatMul active cycle 2352 Vector active cycle 0 
[2026-06-10 12:22:35.073] [info] Core [0] : issued tile 1 
[2026-06-10 12:22:35.073] [info] Core [0] : Memory unit idle cycle 8000 Systolic bubble cycle 0 Core idle cycle 0 
[2026-06-10 12:22:35.073] [info] Core [0] : Systolic Array Utilization(%) 100.00 (29.40% PE util), Vector Unit Utilization(%) 0.00, Total cycle: 7024000
[2026-06-10 12:22:35.145] [info] HBM2-CH_0: BW utilization 0% (0 reads, 0 writes)
[2026-06-10 12:22:35.185] [info] Core [0] : MatMul active cycle 1568 Vector active cycle 0 
[2026-06-10 12:22:35.185] [info] Core [0] : issued tile 1 
[2026-06-10 12:22:35.185] [info] Core [0] : Memory unit idle cycle 8000 Systolic bubble cycle 0 Core idle cycle 0 
[2026-06-10 12:22:35.185] [info] Core [0] : Systolic Array Utilization(%) 100.00 (19.60% PE util), Vector Unit Utilization(%) 0.00, Total cycle: 7032000
[2026-06-10 12:22:35.258] [info] HBM2-CH_0: BW utilization 0% (0 reads, 0 writes)
[2026-06-10 12:22:35.929] [info] Layer Conv_8 finish at 7039775
[2026-06-10 12:22:35.929] [info] Total compute time 240412
[2026-06-10 12:22:35.929] [info] executable layer count 1
[2026-06-10 12:22:35.929] [info] Start layer Conv_10
[2026-06-10 12:22:36.077] [info] Core [0] : MatMul active cycle 2352 Vector active cycle 0 
[2026-06-10 12:22:36.077] [info] Core [0] : issued tile 2 
[2026-06-10 12:22:36.077] [info] Core [0] : Memory unit idle cycle 6993 Systolic bubble cycle 0 Core idle cycle 0 
[2026-06-10 12:22:36.077] [info] Core [0] : Systolic Array Utilization(%) 80.60 (29.40% PE util), Vector Unit Utilization(%) 0.00, Total cycle: 7040000
[2026-06-10 12:22:48.879] [info] HBM2-CH_0: BW utilization 50% (2115 reads, 2718 writes)
[2026-06-10 12:22:50.211] [info] Core [0] : MatMul active cycle 0 Vector active cycle 0 
[2026-06-10 12:22:50.211] [info] Core [0] : issued tile 2 
[2026-06-10 12:22:50.211] [info] Core [0] : Memory unit idle cycle 2318 Systolic bubble cycle 0 Core idle cycle 0 
[2026-06-10 12:22:50.211] [info] Core [0] : Systolic Array Utilization(%) 0.00 (0.00% PE util), Vector Unit Utilization(%) 0.00, Total cycle: 7048000
[2026-06-10 12:22:51.227] [info] HBM2-CH_0: BW utilization 47% (4173 reads, 418 writes)
[2026-06-10 12:22:51.244] [info] Core [0] : MatMul active cycle 0 Vector active cycle 0 
[2026-06-10 12:22:51.244] [info] Core [0] : issued tile 2 
[2026-06-10 12:22:51.244] [info] Core [0] : Memory unit idle cycle 8000 Systolic bubble cycle 0 Core idle cycle 0 
[2026-06-10 12:22:51.244] [info] Core [0] : Systolic Array Utilization(%) 40.35 (0.00% PE util), Vector Unit Utilization(%) 0.00, Total cycle: 7056000
[2026-06-10 12:22:51.276] [info] HBM2-CH_0: BW utilization 0% (0 reads, 0 writes)
[2026-06-10 12:22:51.293] [info] Core [0] : MatMul active cycle 2352 Vector active cycle 0 
[2026-06-10 12:22:51.293] [info] Core [0] : issued tile 2 
[2026-06-10 12:22:51.293] [info] Core [0] : Memory unit idle cycle 8000 Systolic bubble cycle 0 Core idle cycle 0 
[2026-06-10 12:22:51.293] [info] Core [0] : Systolic Array Utilization(%) 100.00 (29.40% PE util), Vector Unit Utilization(%) 0.00, Total cycle: 7064000
[2026-06-10 12:22:51.324] [info] HBM2-CH_0: BW utilization 0% (0 reads, 0 writes)
[2026-06-10 12:22:51.341] [info] Core [0] : MatMul active cycle 2352 Vector active cycle 0 
[2026-06-10 12:22:51.341] [info] Core [0] : issued tile 2 
[2026-06-10 12:22:51.341] [info] Core [0] : Memory unit idle cycle 8000 Systolic bubble cycle 0 Core idle cycle 0 
[2026-06-10 12:22:51.341] [info] Core [0] : Systolic Array Utilization(%) 100.00 (29.40% PE util), Vector Unit Utilization(%) 0.00, Total cycle: 7072000
[2026-06-10 12:22:51.373] [info] HBM2-CH_0: BW utilization 0% (0 reads, 0 writes)
[2026-06-10 12:22:51.407] [info] Core [0] : MatMul active cycle 1568 Vector active cycle 0 
[2026-06-10 12:22:51.407] [info] Core [0] : issued tile 2 
[2026-06-10 12:22:51.407] [info] Core [0] : Memory unit idle cycle 8000 Systolic bubble cycle 0 Core idle cycle 0 
[2026-06-10 12:22:51.407] [info] Core [0] : Systolic Array Utilization(%) 100.00 (19.60% PE util), Vector Unit Utilization(%) 0.00, Total cycle: 7080000
[2026-06-10 12:22:53.917] [info] HBM2-CH_0: BW utilization 41% (1251 reads, 2768 writes)
[2026-06-10 12:22:54.607] [info] Core [0] : MatMul active cycle 2352 Vector active cycle 0 
[2026-06-10 12:22:54.607] [info] Core [0] : issued tile 2 
[2026-06-10 12:22:54.608] [info] Core [0] : Memory unit idle cycle 4268 Systolic bubble cycle 0 Core idle cycle 0 
[2026-06-10 12:22:54.608] [info] Core [0] : Systolic Array Utilization(%) 100.00 (29.40% PE util), Vector Unit Utilization(%) 0.00, Total cycle: 7088000
[2026-06-10 12:22:54.693] [info] HBM2-CH_0: BW utilization 23% (1893 reads, 368 writes)
[2026-06-10 12:22:54.713] [info] Core [0] : MatMul active cycle 1568 Vector active cycle 0 
[2026-06-10 12:22:54.713] [info] Core [0] : issued tile 2 
[2026-06-10 12:22:54.713] [info] Core [0] : Memory unit idle cycle 8000 Systolic bubble cycle 0 Core idle cycle 0 
[2026-06-10 12:22:54.713] [info] Core [0] : Systolic Array Utilization(%) 100.00 (19.60% PE util), Vector Unit Utilization(%) 0.00, Total cycle: 7096000
[2026-06-10 12:22:54.746] [info] HBM2-CH_0: BW utilization 0% (0 reads, 0 writes)
[2026-06-10 12:22:54.763] [info] Core [0] : MatMul active cycle 2352 Vector active cycle 0 
[2026-06-10 12:22:54.763] [info] Core [0] : issued tile 2 
[2026-06-10 12:22:54.763] [info] Core [0] : Memory unit idle cycle 8000 Systolic bubble cycle 0 Core idle cycle 0 
[2026-06-10 12:22:54.763] [info] Core [0] : Systolic Array Utilization(%) 100.00 (29.40% PE util), Vector Unit Utilization(%) 0.00, Total cycle: 7104000
[2026-06-10 12:22:54.930] [info] HBM2-CH_0: BW utilization 7% (34 reads, 654 writes)
[2026-06-10 12:22:56.491] [info] Core [0] : MatMul active cycle 1568 Vector active cycle 0 
[2026-06-10 12:22:56.491] [info] Core [0] : issued tile 2 
[2026-06-10 12:22:56.491] [info] Core [0] : Memory unit idle cycle 5475 Systolic bubble cycle 0 Core idle cycle 0 
[2026-06-10 12:22:56.491] [info] Core [0] : Systolic Array Utilization(%) 100.00 (19.60% PE util), Vector Unit Utilization(%) 0.00, Total cycle: 7112000
[2026-06-10 12:22:58.154] [info] HBM2-CH_0: BW utilization 58% (3110 reads, 2483 writes)
[2026-06-10 12:22:58.171] [info] Core [0] : MatMul active cycle 2352 Vector active cycle 0 
[2026-06-10 12:22:58.171] [info] Core [0] : issued tile 2 
[2026-06-10 12:22:58.171] [info] Core [0] : Memory unit idle cycle 6771 Systolic bubble cycle 0 Core idle cycle 0 
[2026-06-10 12:22:58.171] [info] Core [0] : Systolic Array Utilization(%) 100.00 (29.40% PE util), Vector Unit Utilization(%) 0.00, Total cycle: 7120000
[2026-06-10 12:22:58.208] [info] HBM2-CH_0: BW utilization 0% (0 reads, 0 writes)
[2026-06-10 12:22:58.225] [info] Core [0] : MatMul active cycle 1568 Vector active cycle 0 
[2026-06-10 12:22:58.225] [info] Core [0] : issued tile 2 
[2026-06-10 12:22:58.225] [info] Core [0] : Memory unit idle cycle 8000 Systolic bubble cycle 0 Core idle cycle 0 
[2026-06-10 12:22:58.225] [info] Core [0] : Systolic Array Utilization(%) 100.00 (19.60% PE util), Vector Unit Utilization(%) 0.00, Total cycle: 7128000
[2026-06-10 12:22:58.256] [info] HBM2-CH_0: BW utilization 0% (0 reads, 0 writes)
[2026-06-10 12:22:58.274] [info] Core [0] : MatMul active cycle 2352 Vector active cycle 0 
[2026-06-10 12:22:58.274] [info] Core [0] : issued tile 2 
[2026-06-10 12:22:58.274] [info] Core [0] : Memory unit idle cycle 8000 Systolic bubble cycle 0 Core idle cycle 0 
[2026-06-10 12:22:58.274] [info] Core [0] : Systolic Array Utilization(%) 100.00 (29.40% PE util), Vector Unit Utilization(%) 0.00, Total cycle: 7136000
[2026-06-10 12:23:00.832] [info] HBM2-CH_0: BW utilization 37% (1047 reads, 2574 writes)
[2026-06-10 12:23:01.680] [info] Core [0] : MatMul active cycle 2352 Vector active cycle 0 
[2026-06-10 12:23:01.680] [info] Core [0] : issued tile 2 
[2026-06-10 12:23:01.680] [info] Core [0] : Memory unit idle cycle 4284 Systolic bubble cycle 0 Core idle cycle 0 
[2026-06-10 12:23:01.680] [info] Core [0] : Systolic Array Utilization(%) 100.00 (29.40% PE util), Vector Unit Utilization(%) 0.00, Total cycle: 7144000
[2026-06-10 12:23:01.843] [info] HBM2-CH_0: BW utilization 27% (2097 reads, 562 writes)
[2026-06-10 12:23:01.861] [info] Core [0] : MatMul active cycle 1568 Vector active cycle 0 
[2026-06-10 12:23:01.861] [info] Core [0] : issued tile 2 
[2026-06-10 12:23:01.861] [info] Core [0] : Memory unit idle cycle 8000 Systolic bubble cycle 0 Core idle cycle 0 
[2026-06-10 12:23:01.861] [info] Core [0] : Systolic Array Utilization(%) 100.00 (19.60% PE util), Vector Unit Utilization(%) 0.00, Total cycle: 7152000
[2026-06-10 12:23:01.892] [info] HBM2-CH_0: BW utilization 0% (0 reads, 0 writes)
[2026-06-10 12:23:01.909] [info] Core [0] : MatMul active cycle 2352 Vector active cycle 0 
[2026-06-10 12:23:01.909] [info] Core [0] : issued tile 2 
[2026-06-10 12:23:01.909] [info] Core [0] : Memory unit idle cycle 8000 Systolic bubble cycle 0 Core idle cycle 0 
[2026-06-10 12:23:01.909] [info] Core [0] : Systolic Array Utilization(%) 100.00 (29.40% PE util), Vector Unit Utilization(%) 0.00, Total cycle: 7160000
[2026-06-10 12:23:02.010] [info] HBM2-CH_0: BW utilization 4% (0 reads, 395 writes)
[2026-06-10 12:23:03.683] [info] Core [0] : MatMul active cycle 1568 Vector active cycle 0 
[2026-06-10 12:23:03.683] [info] Core [0] : issued tile 2 
[2026-06-10 12:23:03.683] [info] Core [0] : Memory unit idle cycle 5923 Systolic bubble cycle 0 Core idle cycle 0 
[2026-06-10 12:23:03.683] [info] Core [0] : Systolic Array Utilization(%) 100.00 (19.60% PE util), Vector Unit Utilization(%) 0.00, Total cycle: 7168000
[2026-06-10 12:23:05.855] [info] HBM2-CH_0: BW utilization 60% (3086 reads, 2686 writes)
[2026-06-10 12:23:05.887] [info] Core [0] : MatMul active cycle 2352 Vector active cycle 0 
[2026-06-10 12:23:05.887] [info] Core [0] : issued tile 2 
[2026-06-10 12:23:05.887] [info] Core [0] : Memory unit idle cycle 6373 Systolic bubble cycle 0 Core idle cycle 0 
[2026-06-10 12:23:05.887] [info] Core [0] : Systolic Array Utilization(%) 100.00 (29.40% PE util), Vector Unit Utilization(%) 0.00, Total cycle: 7176000
[2026-06-10 12:23:05.919] [info] HBM2-CH_0: BW utilization 1% (58 reads, 55 writes)
[2026-06-10 12:23:05.937] [info] Core [0] : MatMul active cycle 1568 Vector active cycle 0 
[2026-06-10 12:23:05.937] [info] Core [0] : issued tile 2 
[2026-06-10 12:23:05.937] [info] Core [0] : Memory unit idle cycle 8000 Systolic bubble cycle 0 Core idle cycle 0 
[2026-06-10 12:23:05.937] [info] Core [0] : Systolic Array Utilization(%) 100.00 (19.60% PE util), Vector Unit Utilization(%) 0.00, Total cycle: 7184000
[2026-06-10 12:23:05.969] [info] HBM2-CH_0: BW utilization 0% (0 reads, 0 writes)
[2026-06-10 12:23:05.987] [info] Core [0] : MatMul active cycle 2352 Vector active cycle 0 
[2026-06-10 12:23:05.987] [info] Core [0] : issued tile 2 
[2026-06-10 12:23:05.987] [info] Core [0] : Memory unit idle cycle 8000 Systolic bubble cycle 0 Core idle cycle 0 
[2026-06-10 12:23:05.987] [info] Core [0] : Systolic Array Utilization(%) 100.00 (29.40% PE util), Vector Unit Utilization(%) 0.00, Total cycle: 7192000
[2026-06-10 12:23:08.559] [info] HBM2-CH_0: BW utilization 33% (921 reads, 2328 writes)
[2026-06-10 12:23:09.638] [info] Core [0] : MatMul active cycle 1568 Vector active cycle 0 
[2026-06-10 12:23:09.638] [info] Core [0] : issued tile 2 
[2026-06-10 12:23:09.638] [info] Core [0] : Memory unit idle cycle 4236 Systolic bubble cycle 0 Core idle cycle 0 
[2026-06-10 12:23:09.638] [info] Core [0] : Systolic Array Utilization(%) 100.00 (19.60% PE util), Vector Unit Utilization(%) 0.00, Total cycle: 7200000
[2026-06-10 12:23:09.874] [info] HBM2-CH_0: BW utilization 31% (2223 reads, 807 writes)
[2026-06-10 12:23:09.892] [info] Core [0] : MatMul active cycle 2352 Vector active cycle 0 
[2026-06-10 12:23:09.892] [info] Core [0] : issued tile 2 
[2026-06-10 12:23:09.892] [info] Core [0] : Memory unit idle cycle 8000 Systolic bubble cycle 0 Core idle cycle 0 
[2026-06-10 12:23:09.892] [info] Core [0] : Systolic Array Utilization(%) 100.00 (29.40% PE util), Vector Unit Utilization(%) 0.00, Total cycle: 7208000
[2026-06-10 12:23:09.923] [info] HBM2-CH_0: BW utilization 0% (0 reads, 0 writes)
[2026-06-10 12:23:09.940] [info] Core [0] : MatMul active cycle 1568 Vector active cycle 0 
[2026-06-10 12:23:09.940] [info] Core [0] : issued tile 2 
[2026-06-10 12:23:09.940] [info] Core [0] : Memory unit idle cycle 8000 Systolic bubble cycle 0 Core idle cycle 0 
[2026-06-10 12:23:09.940] [info] Core [0] : Systolic Array Utilization(%) 100.00 (19.60% PE util), Vector Unit Utilization(%) 0.00, Total cycle: 7216000
[2026-06-10 12:23:09.988] [info] HBM2-CH_0: BW utilization 0% (0 reads, 70 writes)
[2026-06-10 12:23:11.178] [info] Core [0] : MatMul active cycle 2352 Vector active cycle 0 
[2026-06-10 12:23:11.178] [info] Core [0] : issued tile 2 
[2026-06-10 12:23:11.178] [info] Core [0] : Memory unit idle cycle 6371 Systolic bubble cycle 0 Core idle cycle 0 
[2026-06-10 12:23:11.178] [info] Core [0] : Systolic Array Utilization(%) 100.00 (29.40% PE util), Vector Unit Utilization(%) 0.00, Total cycle: 7224000
[2026-06-10 12:23:13.787] [info] HBM2-CH_0: BW utilization 59% (2943 reads, 2785 writes)
[2026-06-10 12:23:13.882] [info] Core [0] : MatMul active cycle 2352 Vector active cycle 0 
[2026-06-10 12:23:13.882] [info] Core [0] : issued tile 2 
[2026-06-10 12:23:13.882] [info] Core [0] : Memory unit idle cycle 5934 Systolic bubble cycle 0 Core idle cycle 0 
[2026-06-10 12:23:13.882] [info] Core [0] : Systolic Array Utilization(%) 100.00 (29.40% PE util), Vector Unit Utilization(%) 0.00, Total cycle: 7232000
[2026-06-10 12:23:13.916] [info] HBM2-CH_0: BW utilization 5% (201 reads, 281 writes)
[2026-06-10 12:23:13.933] [info] Core [0] : MatMul active cycle 1568 Vector active cycle 0 
[2026-06-10 12:23:13.933] [info] Core [0] : issued tile 2 
[2026-06-10 12:23:13.933] [info] Core [0] : Memory unit idle cycle 8000 Systolic bubble cycle 0 Core idle cycle 0 
[2026-06-10 12:23:13.933] [info] Core [0] : Systolic Array Utilization(%) 100.00 (19.60% PE util), Vector Unit Utilization(%) 0.00, Total cycle: 7240000
[2026-06-10 12:23:13.964] [info] HBM2-CH_0: BW utilization 0% (0 reads, 0 writes)
[2026-06-10 12:23:13.982] [info] Core [0] : MatMul active cycle 2352 Vector active cycle 0 
[2026-06-10 12:23:13.982] [info] Core [0] : issued tile 2 
[2026-06-10 12:23:13.982] [info] Core [0] : Memory unit idle cycle 8000 Systolic bubble cycle 0 Core idle cycle 0 
[2026-06-10 12:23:13.982] [info] Core [0] : Systolic Array Utilization(%) 100.00 (29.40% PE util), Vector Unit Utilization(%) 0.00, Total cycle: 7248000
[2026-06-10 12:23:14.810] [info] HBM2-CH_0: BW utilization 32% (0 reads, 3109 writes)
[2026-06-10 12:23:14.835] [info] Core [0] : MatMul active cycle 1568 Vector active cycle 0 
[2026-06-10 12:23:14.835] [info] Core [0] : issued tile 1 
[2026-06-10 12:23:14.835] [info] Core [0] : Memory unit idle cycle 7216 Systolic bubble cycle 0 Core idle cycle 0 
[2026-06-10 12:23:14.835] [info] Core [0] : Systolic Array Utilization(%) 100.00 (19.60% PE util), Vector Unit Utilization(%) 0.00, Total cycle: 7256000
[2026-06-10 12:23:14.869] [info] HBM2-CH_0: BW utilization 0% (0 reads, 27 writes)
[2026-06-10 12:23:14.889] [info] Core [0] : MatMul active cycle 2352 Vector active cycle 0 
[2026-06-10 12:23:14.889] [info] Core [0] : issued tile 1 
[2026-06-10 12:23:14.889] [info] Core [0] : Memory unit idle cycle 8000 Systolic bubble cycle 0 Core idle cycle 0 
[2026-06-10 12:23:14.889] [info] Core [0] : Systolic Array Utilization(%) 100.00 (29.40% PE util), Vector Unit Utilization(%) 0.00, Total cycle: 7264000
[2026-06-10 12:23:14.924] [info] HBM2-CH_0: BW utilization 0% (0 reads, 0 writes)
[2026-06-10 12:23:14.944] [info] Core [0] : MatMul active cycle 1568 Vector active cycle 0 
[2026-06-10 12:23:14.944] [info] Core [0] : issued tile 1 
[2026-06-10 12:23:14.944] [info] Core [0] : Memory unit idle cycle 8000 Systolic bubble cycle 0 Core idle cycle 0 
[2026-06-10 12:23:14.944] [info] Core [0] : Systolic Array Utilization(%) 100.00 (19.60% PE util), Vector Unit Utilization(%) 0.00, Total cycle: 7272000
[2026-06-10 12:23:14.979] [info] HBM2-CH_0: BW utilization 0% (0 reads, 0 writes)
[2026-06-10 12:23:15.220] [info] Layer Conv_10 finish at 7279115
[2026-06-10 12:23:15.220] [info] Total compute time 239340
[2026-06-10 12:23:15.220] [info] executable layer count 2
[2026-06-10 12:23:15.220] [info] Start layer Conv_13
[2026-06-10 12:23:15.600] [info] Core [0] : MatMul active cycle 2352 Vector active cycle 0 
[2026-06-10 12:23:15.600] [info] Core [0] : issued tile 2 
[2026-06-10 12:23:15.600] [info] Core [0] : Memory unit idle cycle 6819 Systolic bubble cycle 0 Core idle cycle 0 
[2026-06-10 12:23:15.600] [info] Core [0] : Systolic Array Utilization(%) 85.22 (29.40% PE util), Vector Unit Utilization(%) 0.00, Total cycle: 7280000
[2026-06-10 12:23:16.865] [info] HBM2-CH_0: BW utilization 49% (1572 reads, 3136 writes)
[2026-06-10 12:23:16.883] [info] Core [0] : MatMul active cycle 1176 Vector active cycle 0 
[2026-06-10 12:23:16.883] [info] Core [0] : issued tile 2 
[2026-06-10 12:23:16.883] [info] Core [0] : Memory unit idle cycle 7334 Systolic bubble cycle 0 Core idle cycle 0 
[2026-06-10 12:23:16.883] [info] Core [0] : Systolic Array Utilization(%) 34.25 (14.70% PE util), Vector Unit Utilization(%) 0.00, Total cycle: 7288000
[2026-06-10 12:23:17.160] [info] HBM2-CH_0: BW utilization 11% (234 reads, 865 writes)
[2026-06-10 12:23:17.659] [info] Core [0] : MatMul active cycle 3920 Vector active cycle 0 
[2026-06-10 12:23:17.659] [info] Core [0] : issued tile 2 
[2026-06-10 12:23:17.659] [info] Core [0] : Memory unit idle cycle 7409 Systolic bubble cycle 0 Core idle cycle 0 
[2026-06-10 12:23:17.659] [info] Core [0] : Systolic Array Utilization(%) 100.00 (49.00% PE util), Vector Unit Utilization(%) 0.00, Total cycle: 7296000
[2026-06-10 12:23:18.088] [info] HBM2-CH_0: BW utilization 31% (965 reads, 2054 writes)
[2026-06-10 12:23:18.347] [info] Core [0] : MatMul active cycle 3920 Vector active cycle 0 
[2026-06-10 12:23:18.347] [info] Core [0] : issued tile 2 
[2026-06-10 12:23:18.347] [info] Core [0] : Memory unit idle cycle 7409 Systolic bubble cycle 0 Core idle cycle 0 
[2026-06-10 12:23:18.347] [info] Core [0] : Systolic Array Utilization(%) 100.00 (49.00% PE util), Vector Unit Utilization(%) 0.00, Total cycle: 7304000
[2026-06-10 12:23:18.921] [info] HBM2-CH_0: BW utilization 30% (1152 reads, 1773 writes)
[2026-06-10 12:23:19.034] [info] Core [0] : MatMul active cycle 3920 Vector active cycle 0 
[2026-06-10 12:23:19.034] [info] Core [0] : issued tile 2 
[2026-06-10 12:23:19.034] [info] Core [0] : Memory unit idle cycle 7409 Systolic bubble cycle 0 Core idle cycle 0 
[2026-06-10 12:23:19.034] [info] Core [0] : Systolic Array Utilization(%) 100.00 (49.00% PE util), Vector Unit Utilization(%) 0.00, Total cycle: 7312000
[2026-06-10 12:23:19.699] [info] HBM2-CH_0: BW utilization 30% (999 reads, 1972 writes)
[2026-06-10 12:23:19.717] [info] Core [0] : MatMul active cycle 3920 Vector active cycle 0 
[2026-06-10 12:23:19.717] [info] Core [0] : issued tile 2 
[2026-06-10 12:23:19.717] [info] Core [0] : Memory unit idle cycle 7409 Systolic bubble cycle 0 Core idle cycle 0 
[2026-06-10 12:23:19.717] [info] Core [0] : Systolic Array Utilization(%) 100.00 (49.00% PE util), Vector Unit Utilization(%) 0.00, Total cycle: 7320000
[2026-06-10 12:23:20.382] [info] HBM2-CH_0: BW utilization 24% (789 reads, 1568 writes)
[2026-06-10 12:23:20.454] [info] Core [0] : MatMul active cycle 4312 Vector active cycle 0 
[2026-06-10 12:23:20.454] [info] Core [0] : issued tile 2 
[2026-06-10 12:23:20.454] [info] Core [0] : Memory unit idle cycle 7260 Systolic bubble cycle 0 Core idle cycle 0 
[2026-06-10 12:23:20.454] [info] Core [0] : Systolic Array Utilization(%) 100.00 (53.90% PE util), Vector Unit Utilization(%) 0.00, Total cycle: 7328000
[2026-06-10 12:23:21.031] [info] HBM2-CH_0: BW utilization 22% (593 reads, 1568 writes)
[2026-06-10 12:23:21.329] [info] Core [0] : MatMul active cycle 3920 Vector active cycle 0 
[2026-06-10 12:23:21.329] [info] Core [0] : issued tile 1 
[2026-06-10 12:23:21.329] [info] Core [0] : Memory unit idle cycle 7166 Systolic bubble cycle 0 Core idle cycle 0 
[2026-06-10 12:23:21.329] [info] Core [0] : Systolic Array Utilization(%) 100.00 (49.00% PE util), Vector Unit Utilization(%) 0.00, Total cycle: 7336000
[2026-06-10 12:23:21.436] [info] HBM2-CH_0: BW utilization 16% (0 reads, 1568 writes)
[2026-06-10 12:23:21.459] [info] Layer Conv_13 finish at 7341964
[2026-06-10 12:23:21.459] [info] Total compute time 62849
[2026-06-10 12:23:21.459] [info] executable layer count 1
[2026-06-10 12:23:21.459] [info] Start layer Conv_16
[2026-06-10 12:23:22.106] [info] Core [0] : MatMul active cycle 3136 Vector active cycle 0 
[2026-06-10 12:23:22.106] [info] Core [0] : issued tile 2 
[2026-06-10 12:23:22.106] [info] Core [0] : Memory unit idle cycle 7215 Systolic bubble cycle 0 Core idle cycle 0 
[2026-06-10 12:23:22.106] [info] Core [0] : Systolic Array Utilization(%) 74.53 (39.20% PE util), Vector Unit Utilization(%) 0.00, Total cycle: 7344000
[2026-06-10 12:23:22.941] [info] HBM2-CH_0: BW utilization 43% (1872 reads, 2314 writes)
[2026-06-10 12:23:24.559] [info] Core [0] : MatMul active cycle 784 Vector active cycle 0 
[2026-06-10 12:23:24.559] [info] Core [0] : issued tile 2 
[2026-06-10 12:23:24.559] [info] Core [0] : Memory unit idle cycle 5706 Systolic bubble cycle 0 Core idle cycle 0 
[2026-06-10 12:23:24.559] [info] Core [0] : Systolic Array Utilization(%) 22.77 (9.80% PE util), Vector Unit Utilization(%) 0.00, Total cycle: 7352000
[2026-06-10 12:23:25.435] [info] HBM2-CH_0: BW utilization 46% (1663 reads, 2781 writes)
[2026-06-10 12:23:26.658] [info] Core [0] : MatMul active cycle 784 Vector active cycle 0 
[2026-06-10 12:23:26.658] [info] Core [0] : issued tile 2 
[2026-06-10 12:23:26.658] [info] Core [0] : Memory unit idle cycle 6213 Systolic bubble cycle 0 Core idle cycle 0 
[2026-06-10 12:23:26.658] [info] Core [0] : Systolic Array Utilization(%) 22.77 (9.80% PE util), Vector Unit Utilization(%) 0.00, Total cycle: 7360000
[2026-06-10 12:23:28.026] [info] HBM2-CH_0: BW utilization 50% (1493 reads, 3328 writes)
[2026-06-10 12:23:28.452] [info] Core [0] : MatMul active cycle 784 Vector active cycle 0 
[2026-06-10 12:23:28.452] [info] Core [0] : issued tile 2 
[2026-06-10 12:23:28.452] [info] Core [0] : Memory unit idle cycle 6736 Systolic bubble cycle 0 Core idle cycle 0 
[2026-06-10 12:23:28.452] [info] Core [0] : Systolic Array Utilization(%) 22.77 (9.80% PE util), Vector Unit Utilization(%) 0.00, Total cycle: 7368000
[2026-06-10 12:23:30.094] [info] HBM2-CH_0: BW utilization 43% (1244 reads, 2944 writes)
[2026-06-10 12:23:30.290] [info] Layer Conv_16 finish at 7374971
[2026-06-10 12:23:30.290] [info] Total compute time 33007
[2026-06-10 12:23:30.290] [info] executable layer count 1
[2026-06-10 12:23:30.290] [info] Start layer Conv_15
[2026-06-10 12:23:30.903] [info] Core [0] : MatMul active cycle 784 Vector active cycle 0 
[2026-06-10 12:23:30.903] [info] Core [0] : issued tile 2 
[2026-06-10 12:23:30.903] [info] Core [0] : Memory unit idle cycle 5441 Systolic bubble cycle 0 Core idle cycle 0 
[2026-06-10 12:23:30.903] [info] Core [0] : Systolic Array Utilization(%) 22.77 (9.80% PE util), Vector Unit Utilization(%) 0.00, Total cycle: 7376000
[2026-06-10 12:23:33.796] [info] HBM2-CH_0: BW utilization 54% (3055 reads, 2194 writes)
[2026-06-10 12:23:33.874] [info] Core [0] : MatMul active cycle 1568 Vector active cycle 0 
[2026-06-10 12:23:33.874] [info] Core [0] : issued tile 2 
[2026-06-10 12:23:33.874] [info] Core [0] : Memory unit idle cycle 6012 Systolic bubble cycle 0 Core idle cycle 0 
[2026-06-10 12:23:33.874] [info] Core [0] : Systolic Array Utilization(%) 25.06 (19.60% PE util), Vector Unit Utilization(%) 0.00, Total cycle: 7384000
[2026-06-10 12:23:34.017] [info] HBM2-CH_0: BW utilization 11% (518 reads, 550 writes)
[2026-06-10 12:23:34.762] [info] Core [0] : MatMul active cycle 7840 Vector active cycle 0 
[2026-06-10 12:23:34.762] [info] Core [0] : issued tile 2 
[2026-06-10 12:23:34.762] [info] Core [0] : Memory unit idle cycle 7211 Systolic bubble cycle 0 Core idle cycle 0 
[2026-06-10 12:23:34.762] [info] Core [0] : Systolic Array Utilization(%) 100.00 (98.00% PE util), Vector Unit Utilization(%) 0.00, Total cycle: 7392000
[2026-06-10 12:23:35.140] [info] HBM2-CH_0: BW utilization 38% (1647 reads, 2057 writes)
[2026-06-10 12:23:35.869] [info] Core [0] : MatMul active cycle 7840 Vector active cycle 0 
[2026-06-10 12:23:35.869] [info] Core [0] : issued tile 2 
[2026-06-10 12:23:35.869] [info] Core [0] : Memory unit idle cycle 7211 Systolic bubble cycle 0 Core idle cycle 0 
[2026-06-10 12:23:35.869] [info] Core [0] : Systolic Array Utilization(%) 100.00 (98.00% PE util), Vector Unit Utilization(%) 0.00, Total cycle: 7400000
[2026-06-10 12:23:36.368] [info] HBM2-CH_0: BW utilization 41% (1885 reads, 2077 writes)
[2026-06-10 12:23:36.829] [info] Core [0] : MatMul active cycle 7840 Vector active cycle 0 
[2026-06-10 12:23:36.829] [info] Core [0] : issued tile 2 
[2026-06-10 12:23:36.829] [info] Core [0] : Memory unit idle cycle 7211 Systolic bubble cycle 0 Core idle cycle 0 
[2026-06-10 12:23:36.829] [info] Core [0] : Systolic Array Utilization(%) 100.00 (98.00% PE util), Vector Unit Utilization(%) 0.00, Total cycle: 7408000
[2026-06-10 12:23:37.568] [info] HBM2-CH_0: BW utilization 39% (2095 reads, 1702 writes)
[2026-06-10 12:23:37.786] [info] Core [0] : MatMul active cycle 8624 Vector active cycle 0 
[2026-06-10 12:23:37.786] [info] Core [0] : issued tile 2 
[2026-06-10 12:23:37.786] [info] Core [0] : Memory unit idle cycle 7211 Systolic bubble cycle 0 Core idle cycle 0 
[2026-06-10 12:23:37.786] [info] Core [0] : Systolic Array Utilization(%) 100.00 (107.80% PE util), Vector Unit Utilization(%) 0.00, Total cycle: 7416000
[2026-06-10 12:23:38.681] [info] HBM2-CH_0: BW utilization 41% (2000 reads, 1992 writes)
[2026-06-10 12:23:38.745] [info] Core [0] : MatMul active cycle 7840 Vector active cycle 0 
[2026-06-10 12:23:38.745] [info] Core [0] : issued tile 2 
[2026-06-10 12:23:38.745] [info] Core [0] : Memory unit idle cycle 7211 Systolic bubble cycle 0 Core idle cycle 0 
[2026-06-10 12:23:38.745] [info] Core [0] : Systolic Array Utilization(%) 100.00 (98.00% PE util), Vector Unit Utilization(%) 0.00, Total cycle: 7424000
[2026-06-10 12:23:39.625] [info] HBM2-CH_0: BW utilization 32% (1504 reads, 1580 writes)
[2026-06-10 12:23:39.734] [info] Core [0] : MatMul active cycle 7840 Vector active cycle 0 
[2026-06-10 12:23:39.734] [info] Core [0] : issued tile 1 
[2026-06-10 12:23:39.734] [info] Core [0] : Memory unit idle cycle 6853 Systolic bubble cycle 0 Core idle cycle 0 
[2026-06-10 12:23:39.734] [info] Core [0] : Systolic Array Utilization(%) 100.00 (98.00% PE util), Vector Unit Utilization(%) 0.00, Total cycle: 7432000
[2026-06-10 12:23:40.021] [info] HBM2-CH_0: BW utilization 16% (0 reads, 1568 writes)
[2026-06-10 12:23:40.037] [info] Layer Conv_15 finish at 7438721
[2026-06-10 12:23:40.037] [info] Total compute time 63750
[2026-06-10 12:23:40.037] [info] executable layer count 1
[2026-06-10 12:23:40.037] [info] Start layer Conv_19
[2026-06-10 12:23:40.822] [info] Core [0] : MatMul active cycle 7056 Vector active cycle 0 
[2026-06-10 12:23:40.822] [info] Core [0] : issued tile 2 
[2026-06-10 12:23:40.822] [info] Core [0] : Memory unit idle cycle 6664 Systolic bubble cycle 0 Core idle cycle 0 
[2026-06-10 12:23:40.822] [info] Core [0] : Systolic Array Utilization(%) 83.71 (88.20% PE util), Vector Unit Utilization(%) 0.00, Total cycle: 7440000
[2026-06-10 12:23:43.061] [info] HBM2-CH_0: BW utilization 45% (3168 reads, 1176 writes)
[2026-06-10 12:23:43.080] [info] Core [0] : MatMul active cycle 2352 Vector active cycle 0 
[2026-06-10 12:23:43.080] [info] Core [0] : issued tile 2 
[2026-06-10 12:23:43.080] [info] Core [0] : Memory unit idle cycle 7016 Systolic bubble cycle 0 Core idle cycle 0 
[2026-06-10 12:23:43.080] [info] Core [0] : Systolic Array Utilization(%) 39.88 (29.40% PE util), Vector Unit Utilization(%) 0.00, Total cycle: 7448000
[2026-06-10 12:23:43.438] [info] HBM2-CH_0: BW utilization 15% (520 reads, 973 writes)
[2026-06-10 12:23:43.669] [info] Core [0] : MatMul active cycle 7840 Vector active cycle 0 
[2026-06-10 12:23:43.669] [info] Core [0] : issued tile 2 
[2026-06-10 12:23:43.669] [info] Core [0] : Memory unit idle cycle 7211 Systolic bubble cycle 0 Core idle cycle 0 
[2026-06-10 12:23:43.669] [info] Core [0] : Systolic Array Utilization(%) 100.00 (98.00% PE util), Vector Unit Utilization(%) 0.00, Total cycle: 7456000
[2026-06-10 12:23:44.539] [info] HBM2-CH_0: BW utilization 37% (1734 reads, 1879 writes)
[2026-06-10 12:23:45.031] [info] Core [0] : MatMul active cycle 8624 Vector active cycle 0 
[2026-06-10 12:23:45.031] [info] Core [0] : issued tile 2 
[2026-06-10 12:23:45.031] [info] Core [0] : Memory unit idle cycle 7211 Systolic bubble cycle 0 Core idle cycle 0 
[2026-06-10 12:23:45.031] [info] Core [0] : Systolic Array Utilization(%) 100.00 (107.80% PE util), Vector Unit Utilization(%) 0.00, Total cycle: 7464000
[2026-06-10 12:23:45.557] [info] HBM2-CH_0: BW utilization 40% (2120 reads, 1796 writes)
[2026-06-10 12:23:45.794] [info] Core [0] : MatMul active cycle 7840 Vector active cycle 0 
[2026-06-10 12:23:45.794] [info] Core [0] : issued tile 2 
[2026-06-10 12:23:45.794] [info] Core [0] : Memory unit idle cycle 7211 Systolic bubble cycle 0 Core idle cycle 0 
[2026-06-10 12:23:45.794] [info] Core [0] : Systolic Array Utilization(%) 100.00 (98.00% PE util), Vector Unit Utilization(%) 0.00, Total cycle: 7472000
[2026-06-10 12:23:46.365] [info] HBM2-CH_0: BW utilization 37% (1962 reads, 1623 writes)
[2026-06-10 12:23:46.527] [info] Core [0] : MatMul active cycle 7840 Vector active cycle 0 
[2026-06-10 12:23:46.527] [info] Core [0] : issued tile 2 
[2026-06-10 12:23:46.527] [info] Core [0] : Memory unit idle cycle 7211 Systolic bubble cycle 0 Core idle cycle 0 
[2026-06-10 12:23:46.527] [info] Core [0] : Systolic Array Utilization(%) 100.00 (98.00% PE util), Vector Unit Utilization(%) 0.00, Total cycle: 7480000
[2026-06-10 12:23:47.196] [info] HBM2-CH_0: BW utilization 37% (1683 reads, 1948 writes)
[2026-06-10 12:23:47.379] [info] Core [0] : MatMul active cycle 7840 Vector active cycle 0 
[2026-06-10 12:23:47.379] [info] Core [0] : issued tile 2 
[2026-06-10 12:23:47.379] [info] Core [0] : Memory unit idle cycle 6612 Systolic bubble cycle 0 Core idle cycle 0 
[2026-06-10 12:23:47.379] [info] Core [0] : Systolic Array Utilization(%) 100.00 (98.00% PE util), Vector Unit Utilization(%) 0.00, Total cycle: 7488000
[2026-06-10 12:23:47.899] [info] HBM2-CH_0: BW utilization 31% (1485 reads, 1580 writes)
[2026-06-10 12:23:48.080] [info] Core [0] : MatMul active cycle 7840 Vector active cycle 0 
[2026-06-10 12:23:48.080] [info] Core [0] : issued tile 1 
[2026-06-10 12:23:48.080] [info] Core [0] : Memory unit idle cycle 7418 Systolic bubble cycle 0 Core idle cycle 0 
[2026-06-10 12:23:48.080] [info] Core [0] : Systolic Array Utilization(%) 100.00 (98.00% PE util), Vector Unit Utilization(%) 0.00, Total cycle: 7496000
[2026-06-10 12:23:48.248] [info] HBM2-CH_0: BW utilization 16% (0 reads, 1569 writes)
[2026-06-10 12:23:48.426] [info] Layer Conv_19 finish at 7503732
[2026-06-10 12:23:48.426] [info] Total compute time 65011
[2026-06-10 12:23:48.426] [info] executable layer count 1
[2026-06-10 12:23:48.426] [info] Start layer Conv_21
[2026-06-10 12:23:48.500] [info] Core [0] : MatMul active cycle 6272 Vector active cycle 0 
[2026-06-10 12:23:48.500] [info] Core [0] : issued tile 2 
[2026-06-10 12:23:48.500] [info] Core [0] : Memory unit idle cycle 7342 Systolic bubble cycle 0 Core idle cycle 1235 
[2026-06-10 12:23:48.500] [info] Core [0] : Systolic Array Utilization(%) 68.90 (78.40% PE util), Vector Unit Utilization(%) 0.00, Total cycle: 7504000
[2026-06-10 12:23:49.988] [info] HBM2-CH_0: BW utilization 45% (3167 reads, 1175 writes)
[2026-06-10 12:23:50.007] [info] Core [0] : MatMul active cycle 4704 Vector active cycle 0 
[2026-06-10 12:23:50.007] [info] Core [0] : issued tile 2 
[2026-06-10 12:23:50.007] [info] Core [0] : Memory unit idle cycle 7471 Systolic bubble cycle 0 Core idle cycle 0 
[2026-06-10 12:23:50.007] [info] Core [0] : Systolic Array Utilization(%) 67.60 (58.80% PE util), Vector Unit Utilization(%) 0.00, Total cycle: 7512000
[2026-06-10 12:23:50.957] [info] HBM2-CH_0: BW utilization 25% (1042 reads, 1434 writes)
[2026-06-10 12:23:51.101] [info] Core [0] : MatMul active cycle 7840 Vector active cycle 0 
[2026-06-10 12:23:51.101] [info] Core [0] : issued tile 2 
[2026-06-10 12:23:51.101] [info] Core [0] : Memory unit idle cycle 7211 Systolic bubble cycle 0 Core idle cycle 0 
[2026-06-10 12:23:51.101] [info] Core [0] : Systolic Array Utilization(%) 100.00 (98.00% PE util), Vector Unit Utilization(%) 0.00, Total cycle: 7520000
[2026-06-10 12:23:52.166] [info] HBM2-CH_0: BW utilization 39% (2126 reads, 1702 writes)
[2026-06-10 12:23:52.200] [info] Core [0] : MatMul active cycle 7840 Vector active cycle 0 
[2026-06-10 12:23:52.200] [info] Core [0] : issued tile 2 
[2026-06-10 12:23:52.200] [info] Core [0] : Memory unit idle cycle 7211 Systolic bubble cycle 0 Core idle cycle 0 
[2026-06-10 12:23:52.201] [info] Core [0] : Systolic Array Utilization(%) 100.00 (98.00% PE util), Vector Unit Utilization(%) 0.00, Total cycle: 7528000
[2026-06-10 12:23:53.268] [info] HBM2-CH_0: BW utilization 32% (1585 reads, 1568 writes)
[2026-06-10 12:23:53.565] [info] Core [0] : MatMul active cycle 8624 Vector active cycle 0 
[2026-06-10 12:23:53.565] [info] Core [0] : issued tile 2 
[2026-06-10 12:23:53.565] [info] Core [0] : Memory unit idle cycle 6422 Systolic bubble cycle 0 Core idle cycle 0 
[2026-06-10 12:23:53.565] [info] Core [0] : Systolic Array Utilization(%) 100.00 (107.80% PE util), Vector Unit Utilization(%) 0.00, Total cycle: 7536000
[2026-06-10 12:23:54.373] [info] HBM2-CH_0: BW utilization 32% (1583 reads, 1568 writes)
[2026-06-10 12:23:54.942] [info] Core [0] : MatMul active cycle 7840 Vector active cycle 0 
[2026-06-10 12:23:54.942] [info] Core [0] : issued tile 2 
[2026-06-10 12:23:54.942] [info] Core [0] : Memory unit idle cycle 7211 Systolic bubble cycle 0 Core idle cycle 0 
[2026-06-10 12:23:54.942] [info] Core [0] : Systolic Array Utilization(%) 100.00 (98.00% PE util), Vector Unit Utilization(%) 0.00, Total cycle: 7544000
[2026-06-10 12:23:55.470] [info] HBM2-CH_0: BW utilization 32% (1585 reads, 1568 writes)
[2026-06-10 12:23:56.337] [info] Core [0] : MatMul active cycle 7840 Vector active cycle 0 
[2026-06-10 12:23:56.337] [info] Core [0] : issued tile 2 
[2026-06-10 12:23:56.337] [info] Core [0] : Memory unit idle cycle 7211 Systolic bubble cycle 0 Core idle cycle 0 
[2026-06-10 12:23:56.337] [info] Core [0] : Systolic Array Utilization(%) 100.00 (98.00% PE util), Vector Unit Utilization(%) 0.00, Total cycle: 7552000
[2026-06-10 12:23:56.767] [info] HBM2-CH_0: BW utilization 40% (1583 reads, 2338 writes)
[2026-06-10 12:23:56.933] [info] Core [0] : MatMul active cycle 7840 Vector active cycle 0 
[2026-06-10 12:23:56.934] [info] Core [0] : issued tile 1 
[2026-06-10 12:23:56.934] [info] Core [0] : Memory unit idle cycle 7608 Systolic bubble cycle 0 Core idle cycle 0 
[2026-06-10 12:23:56.934] [info] Core [0] : Systolic Array Utilization(%) 100.00 (98.00% PE util), Vector Unit Utilization(%) 0.00, Total cycle: 7560000
[2026-06-10 12:23:57.247] [info] Layer Conv_21 finish at 7564863
[2026-06-10 12:23:57.247] [info] Total compute time 61131
[2026-06-10 12:23:57.247] [info] executable layer count 2
[2026-06-10 12:23:57.247] [info] Start layer Conv_24
[2026-06-10 12:23:57.277] [info] HBM2-CH_0: BW utilization 21% (51 reads, 1977 writes)
[2026-06-10 12:23:57.674] [info] Core [0] : MatMul active cycle 5488 Vector active cycle 0 
[2026-06-10 12:23:57.674] [info] Core [0] : issued tile 2 
[2026-06-10 12:23:57.674] [info] Core [0] : Memory unit idle cycle 7394 Systolic bubble cycle 0 Core idle cycle 309 
[2026-06-10 12:23:57.674] [info] Core [0] : Systolic Array Utilization(%) 65.05 (68.60% PE util), Vector Unit Utilization(%) 0.00, Total cycle: 7568000
[2026-06-10 12:23:58.034] [info] HBM2-CH_0: BW utilization 29% (1255 reads, 1562 writes)
[2026-06-10 12:23:58.303] [info] Core [0] : MatMul active cycle 8036 Vector active cycle 0 
[2026-06-10 12:23:58.303] [info] Core [0] : issued tile 2 
[2026-06-10 12:23:58.303] [info] Core [0] : Memory unit idle cycle 7296 Systolic bubble cycle 0 Core idle cycle 0 
[2026-06-10 12:23:58.303] [info] Core [0] : Systolic Array Utilization(%) 100.00 (100.45% PE util), Vector Unit Utilization(%) 0.00, Total cycle: 7576000
[2026-06-10 12:23:58.699] [info] HBM2-CH_0: BW utilization 28% (993 reads, 1781 writes)
[2026-06-10 12:23:58.879] [info] Core [0] : MatMul active cycle 8036 Vector active cycle 0 
[2026-06-10 12:23:58.879] [info] Core [0] : issued tile 2 
[2026-06-10 12:23:58.879] [info] Core [0] : Memory unit idle cycle 7379 Systolic bubble cycle 0 Core idle cycle 0 
[2026-06-10 12:23:58.879] [info] Core [0] : Systolic Array Utilization(%) 100.00 (100.45% PE util), Vector Unit Utilization(%) 0.00, Total cycle: 7584000
[2026-06-10 12:23:59.353] [info] HBM2-CH_0: BW utilization 30% (1171 reads, 1750 writes)
[2026-06-10 12:23:59.511] [info] Core [0] : MatMul active cycle 7840 Vector active cycle 0 
[2026-06-10 12:23:59.511] [info] Core [0] : issued tile 1 
[2026-06-10 12:23:59.511] [info] Core [0] : Memory unit idle cycle 7311 Systolic bubble cycle 0 Core idle cycle 0 
[2026-06-10 12:23:59.511] [info] Core [0] : Systolic Array Utilization(%) 100.00 (98.00% PE util), Vector Unit Utilization(%) 0.00, Total cycle: 7592000
[2026-06-10 12:23:59.657] [info] Layer Conv_24 finish at 7595349
[2026-06-10 12:23:59.657] [info] Total compute time 30486
[2026-06-10 12:23:59.657] [info] executable layer count 1
[2026-06-10 12:23:59.657] [info] Start layer Conv_27
[2026-06-10 12:23:59.997] [info] HBM2-CH_0: BW utilization 25% (796 reads, 1608 writes)
[2026-06-10 12:24:00.824] [info] Core [0] : MatMul active cycle 3528 Vector active cycle 0 
[2026-06-10 12:24:00.824] [info] Core [0] : issued tile 2 
[2026-06-10 12:24:00.824] [info] Core [0] : Memory unit idle cycle 7016 Systolic bubble cycle 0 Core idle cycle 529 
[2026-06-10 12:24:00.824] [info] Core [0] : Systolic Array Utilization(%) 45.08 (44.10% PE util), Vector Unit Utilization(%) 0.00, Total cycle: 7600000
[2026-06-10 12:24:01.911] [info] HBM2-CH_0: BW utilization 50% (1637 reads, 3173 writes)
[2026-06-10 12:24:02.588] [info] Core [0] : MatMul active cycle 1568 Vector active cycle 0 
[2026-06-10 12:24:02.588] [info] Core [0] : issued tile 2 
[2026-06-10 12:24:02.588] [info] Core [0] : Memory unit idle cycle 6820 Systolic bubble cycle 0 Core idle cycle 0 
[2026-06-10 12:24:02.588] [info] Core [0] : Systolic Array Utilization(%) 25.95 (19.60% PE util), Vector Unit Utilization(%) 0.00, Total cycle: 7608000
[2026-06-10 12:24:03.055] [info] Layer Conv_27 finish at 7611011
[2026-06-10 12:24:03.055] [info] Total compute time 15662
[2026-06-10 12:24:03.055] [info] executable layer count 1
[2026-06-10 12:24:03.055] [info] Start layer Conv_26
[2026-06-10 12:24:03.727] [info] HBM2-CH_0: BW utilization 44% (1350 reads, 2920 writes)
[2026-06-10 12:24:04.096] [info] Core [0] : MatMul active cycle 1372 Vector active cycle 0 
[2026-06-10 12:24:04.096] [info] Core [0] : issued tile 2 
[2026-06-10 12:24:04.096] [info] Core [0] : Memory unit idle cycle 7180 Systolic bubble cycle 0 Core idle cycle 0 
[2026-06-10 12:24:04.096] [info] Core [0] : Systolic Array Utilization(%) 24.69 (17.15% PE util), Vector Unit Utilization(%) 0.00, Total cycle: 7616000
[2026-06-10 12:24:04.216] [info] HBM2-CH_0: BW utilization 17% (1115 reads, 529 writes)
[2026-06-10 12:24:04.584] [info] Core [0] : MatMul active cycle 8036 Vector active cycle 0 
[2026-06-10 12:24:04.584] [info] Core [0] : issued tile 2 
[2026-06-10 12:24:04.584] [info] Core [0] : Memory unit idle cycle 7590 Systolic bubble cycle 0 Core idle cycle 0 
[2026-06-10 12:24:04.584] [info] Core [0] : Systolic Array Utilization(%) 100.00 (100.45% PE util), Vector Unit Utilization(%) 0.00, Total cycle: 7624000
[2026-06-10 12:24:04.700] [info] HBM2-CH_0: BW utilization 17% (857 reads, 789 writes)
[2026-06-10 12:24:05.064] [info] Core [0] : MatMul active cycle 8036 Vector active cycle 0 
[2026-06-10 12:24:05.065] [info] Core [0] : issued tile 2 
[2026-06-10 12:24:05.065] [info] Core [0] : Memory unit idle cycle 7590 Systolic bubble cycle 0 Core idle cycle 0 
[2026-06-10 12:24:05.065] [info] Core [0] : Systolic Array Utilization(%) 100.00 (100.45% PE util), Vector Unit Utilization(%) 0.00, Total cycle: 7632000
[2026-06-10 12:24:05.355] [info] HBM2-CH_0: BW utilization 23% (1127 reads, 1117 writes)
[2026-06-10 12:24:05.643] [info] Core [0] : MatMul active cycle 7840 Vector active cycle 0 
[2026-06-10 12:24:05.643] [info] Core [0] : issued tile 2 
[2026-06-10 12:24:05.643] [info] Core [0] : Memory unit idle cycle 7590 Systolic bubble cycle 0 Core idle cycle 0 
[2026-06-10 12:24:05.643] [info] Core [0] : Systolic Array Utilization(%) 100.00 (98.00% PE util), Vector Unit Utilization(%) 0.00, Total cycle: 7640000
[2026-06-10 12:24:06.093] [info] HBM2-CH_0: BW utilization 23% (1440 reads, 840 writes)
[2026-06-10 12:24:06.201] [info] Core [0] : MatMul active cycle 8036 Vector active cycle 0 
[2026-06-10 12:24:06.201] [info] Core [0] : issued tile 2 
[2026-06-10 12:24:06.201] [info] Core [0] : Memory unit idle cycle 7492 Systolic bubble cycle 0 Core idle cycle 0 
[2026-06-10 12:24:06.201] [info] Core [0] : Systolic Array Utilization(%) 100.00 (100.45% PE util), Vector Unit Utilization(%) 0.00, Total cycle: 7648000
[2026-06-10 12:24:06.580] [info] HBM2-CH_0: BW utilization 17% (857 reads, 785 writes)
[2026-06-10 12:24:06.684] [info] Core [0] : MatMul active cycle 8036 Vector active cycle 0 
[2026-06-10 12:24:06.684] [info] Core [0] : issued tile 2 
[2026-06-10 12:24:06.684] [info] Core [0] : Memory unit idle cycle 7590 Systolic bubble cycle 0 Core idle cycle 0 
[2026-06-10 12:24:06.684] [info] Core [0] : Systolic Array Utilization(%) 100.00 (100.45% PE util), Vector Unit Utilization(%) 0.00, Total cycle: 7656000
[2026-06-10 12:24:07.074] [info] HBM2-CH_0: BW utilization 17% (856 reads, 861 writes)
[2026-06-10 12:24:07.167] [info] Core [0] : MatMul active cycle 8036 Vector active cycle 0 
[2026-06-10 12:24:07.167] [info] Core [0] : issued tile 2 
[2026-06-10 12:24:07.167] [info] Core [0] : Memory unit idle cycle 7590 Systolic bubble cycle 0 Core idle cycle 0 
[2026-06-10 12:24:07.167] [info] Core [0] : Systolic Array Utilization(%) 100.00 (100.45% PE util), Vector Unit Utilization(%) 0.00, Total cycle: 7664000
[2026-06-10 12:24:07.375] [info] HBM2-CH_0: BW utilization 11% (0 reads, 1098 writes)
[2026-06-10 12:24:07.412] [info] Layer Conv_26 finish at 7671778
[2026-06-10 12:24:07.412] [info] Total compute time 60767
[2026-06-10 12:24:07.412] [info] executable layer count 1
[2026-06-10 12:24:07.412] [info] Start layer Conv_30
[2026-06-10 12:24:07.481] [info] Core [0] : MatMul active cycle 7840 Vector active cycle 0 
[2026-06-10 12:24:07.481] [info] Core [0] : issued tile 2 
[2026-06-10 12:24:07.481] [info] Core [0] : Memory unit idle cycle 7570 Systolic bubble cycle 0 Core idle cycle 0 
[2026-06-10 12:24:07.481] [info] Core [0] : Systolic Array Utilization(%) 97.06 (98.00% PE util), Vector Unit Utilization(%) 0.00, Total cycle: 7672000
[2026-06-10 12:24:08.166] [info] HBM2-CH_0: BW utilization 22% (1720 reads, 392 writes)
[2026-06-10 12:24:08.258] [info] Core [0] : MatMul active cycle 5684 Vector active cycle 0 
[2026-06-10 12:24:08.258] [info] Core [0] : issued tile 2 
[2026-06-10 12:24:08.258] [info] Core [0] : Memory unit idle cycle 7610 Systolic bubble cycle 0 Core idle cycle 0 
[2026-06-10 12:24:08.258] [info] Core [0] : Systolic Array Utilization(%) 75.70 (71.05% PE util), Vector Unit Utilization(%) 0.00, Total cycle: 7680000
[2026-06-10 12:24:08.615] [info] HBM2-CH_0: BW utilization 19% (859 reads, 980 writes)
[2026-06-10 12:24:08.684] [info] Core [0] : MatMul active cycle 8036 Vector active cycle 0 
[2026-06-10 12:24:08.684] [info] Core [0] : issued tile 2 
[2026-06-10 12:24:08.684] [info] Core [0] : Memory unit idle cycle 7590 Systolic bubble cycle 0 Core idle cycle 0 
[2026-06-10 12:24:08.684] [info] Core [0] : Systolic Array Utilization(%) 100.00 (100.45% PE util), Vector Unit Utilization(%) 0.00, Total cycle: 7688000
[2026-06-10 12:24:09.059] [info] HBM2-CH_0: BW utilization 19% (860 reads, 982 writes)
[2026-06-10 12:24:09.276] [info] Core [0] : MatMul active cycle 8036 Vector active cycle 0 
[2026-06-10 12:24:09.276] [info] Core [0] : issued tile 2 
[2026-06-10 12:24:09.276] [info] Core [0] : Memory unit idle cycle 7278 Systolic bubble cycle 0 Core idle cycle 0 
[2026-06-10 12:24:09.276] [info] Core [0] : Systolic Array Utilization(%) 100.00 (100.45% PE util), Vector Unit Utilization(%) 0.00, Total cycle: 7696000
[2026-06-10 12:24:09.474] [info] HBM2-CH_0: BW utilization 17% (861 reads, 782 writes)
[2026-06-10 12:24:09.789] [info] Core [0] : MatMul active cycle 8036 Vector active cycle 0 
[2026-06-10 12:24:09.789] [info] Core [0] : issued tile 2 
[2026-06-10 12:24:09.789] [info] Core [0] : Memory unit idle cycle 7590 Systolic bubble cycle 0 Core idle cycle 0 
[2026-06-10 12:24:09.789] [info] Core [0] : Systolic Array Utilization(%) 100.00 (100.45% PE util), Vector Unit Utilization(%) 0.00, Total cycle: 7704000
[2026-06-10 12:24:09.892] [info] HBM2-CH_0: BW utilization 17% (860 reads, 782 writes)
[2026-06-10 12:24:10.204] [info] Core [0] : MatMul active cycle 7840 Vector active cycle 0 
[2026-06-10 12:24:10.204] [info] Core [0] : issued tile 2 
[2026-06-10 12:24:10.204] [info] Core [0] : Memory unit idle cycle 7590 Systolic bubble cycle 0 Core idle cycle 0 
[2026-06-10 12:24:10.204] [info] Core [0] : Systolic Array Utilization(%) 100.00 (98.00% PE util), Vector Unit Utilization(%) 0.00, Total cycle: 7712000
[2026-06-10 12:24:10.440] [info] HBM2-CH_0: BW utilization 23% (1147 reads, 1102 writes)
[2026-06-10 12:24:10.633] [info] Core [0] : MatMul active cycle 8036 Vector active cycle 0 
[2026-06-10 12:24:10.633] [info] Core [0] : issued tile 2 
[2026-06-10 12:24:10.633] [info] Core [0] : Memory unit idle cycle 7590 Systolic bubble cycle 0 Core idle cycle 0 
[2026-06-10 12:24:10.633] [info] Core [0] : Systolic Array Utilization(%) 100.00 (100.45% PE util), Vector Unit Utilization(%) 0.00, Total cycle: 7720000
[2026-06-10 12:24:10.797] [info] HBM2-CH_0: BW utilization 14% (572 reads, 860 writes)
[2026-06-10 12:24:10.889] [info] Core [0] : MatMul active cycle 8036 Vector active cycle 0 
[2026-06-10 12:24:10.889] [info] Core [0] : issued tile 1 
[2026-06-10 12:24:10.889] [info] Core [0] : Memory unit idle cycle 7706 Systolic bubble cycle 0 Core idle cycle 0 
[2026-06-10 12:24:10.889] [info] Core [0] : Systolic Array Utilization(%) 100.00 (100.45% PE util), Vector Unit Utilization(%) 0.00, Total cycle: 7728000
[2026-06-10 12:24:10.960] [info] Layer Conv_30 finish at 7730876
[2026-06-10 12:24:10.960] [info] Total compute time 59098
[2026-06-10 12:24:10.960] [info] executable layer count 1
[2026-06-10 12:24:10.960] [info] Start layer Conv_32
[2026-06-10 12:24:11.535] [info] HBM2-CH_0: BW utilization 25% (1696 reads, 770 writes)
[2026-06-10 12:24:11.558] [info] Core [0] : MatMul active cycle 6076 Vector active cycle 0 
[2026-06-10 12:24:11.558] [info] Core [0] : issued tile 2 
[2026-06-10 12:24:11.558] [info] Core [0] : Memory unit idle cycle 7474 Systolic bubble cycle 0 Core idle cycle 0 
[2026-06-10 12:24:11.558] [info] Core [0] : Systolic Array Utilization(%) 78.68 (75.95% PE util), Vector Unit Utilization(%) 0.00, Total cycle: 7736000
[2026-06-10 12:24:12.023] [info] HBM2-CH_0: BW utilization 15% (722 reads, 787 writes)
[2026-06-10 12:24:12.136] [info] Core [0] : MatMul active cycle 8036 Vector active cycle 0 
[2026-06-10 12:24:12.136] [info] Core [0] : issued tile 2 
[2026-06-10 12:24:12.136] [info] Core [0] : Memory unit idle cycle 7492 Systolic bubble cycle 0 Core idle cycle 0 
[2026-06-10 12:24:12.136] [info] Core [0] : Systolic Array Utilization(%) 100.00 (100.45% PE util), Vector Unit Utilization(%) 0.00, Total cycle: 7744000
[2026-06-10 12:24:12.554] [info] HBM2-CH_0: BW utilization 18% (1006 reads, 795 writes)
[2026-06-10 12:24:12.647] [info] Core [0] : MatMul active cycle 7840 Vector active cycle 0 
[2026-06-10 12:24:12.647] [info] Core [0] : issued tile 2 
[2026-06-10 12:24:12.647] [info] Core [0] : Memory unit idle cycle 7590 Systolic bubble cycle 0 Core idle cycle 0 
[2026-06-10 12:24:12.647] [info] Core [0] : Systolic Array Utilization(%) 100.00 (98.00% PE util), Vector Unit Utilization(%) 0.00, Total cycle: 7752000
[2026-06-10 12:24:13.070] [info] HBM2-CH_0: BW utilization 17% (856 reads, 785 writes)
[2026-06-10 12:24:13.162] [info] Core [0] : MatMul active cycle 8036 Vector active cycle 0 
[2026-06-10 12:24:13.162] [info] Core [0] : issued tile 2 
[2026-06-10 12:24:13.162] [info] Core [0] : Memory unit idle cycle 7590 Systolic bubble cycle 0 Core idle cycle 0 
[2026-06-10 12:24:13.162] [info] Core [0] : Systolic Array Utilization(%) 100.00 (100.45% PE util), Vector Unit Utilization(%) 0.00, Total cycle: 7760000
[2026-06-10 12:24:13.651] [info] HBM2-CH_0: BW utilization 21% (856 reads, 1174 writes)
[2026-06-10 12:24:13.706] [info] Core [0] : MatMul active cycle 8036 Vector active cycle 0 
[2026-06-10 12:24:13.706] [info] Core [0] : issued tile 2 
[2026-06-10 12:24:13.706] [info] Core [0] : Memory unit idle cycle 7477 Systolic bubble cycle 0 Core idle cycle 0 
[2026-06-10 12:24:13.706] [info] Core [0] : Systolic Array Utilization(%) 100.00 (100.45% PE util), Vector Unit Utilization(%) 0.00, Total cycle: 7768000
[2026-06-10 12:24:14.159] [info] HBM2-CH_0: BW utilization 17% (856 reads, 785 writes)
[2026-06-10 12:24:14.490] [info] Core [0] : MatMul active cycle 8036 Vector active cycle 0 
[2026-06-10 12:24:14.490] [info] Core [0] : issued tile 2 
[2026-06-10 12:24:14.490] [info] Core [0] : Memory unit idle cycle 7391 Systolic bubble cycle 0 Core idle cycle 0 
[2026-06-10 12:24:14.490] [info] Core [0] : Systolic Array Utilization(%) 100.00 (100.45% PE util), Vector Unit Utilization(%) 0.00, Total cycle: 7776000
[2026-06-10 12:24:14.660] [info] HBM2-CH_0: BW utilization 17% (856 reads, 786 writes)
[2026-06-10 12:24:14.754] [info] Core [0] : MatMul active cycle 8036 Vector active cycle 0 
[2026-06-10 12:24:14.754] [info] Core [0] : issued tile 1 
[2026-06-10 12:24:14.754] [info] Core [0] : Memory unit idle cycle 7804 Systolic bubble cycle 0 Core idle cycle 0 
[2026-06-10 12:24:14.754] [info] Core [0] : Systolic Array Utilization(%) 100.00 (100.45% PE util), Vector Unit Utilization(%) 0.00, Total cycle: 7784000
[2026-06-10 12:24:14.860] [info] HBM2-CH_0: BW utilization 8% (0 reads, 783 writes)
[2026-06-10 12:24:14.913] [info] Layer Conv_32 finish at 7789308
[2026-06-10 12:24:14.913] [info] Total compute time 58432
[2026-06-10 12:24:14.913] [info] executable layer count 2
[2026-06-10 12:24:14.913] [info] Start layer Conv_35
[2026-06-10 12:24:15.204] [info] Core [0] : MatMul active cycle 5733 Vector active cycle 0 
[2026-06-10 12:24:15.204] [info] Core [0] : issued tile 2 
[2026-06-10 12:24:15.204] [info] Core [0] : Memory unit idle cycle 7634 Systolic bubble cycle 0 Core idle cycle 0 
[2026-06-10 12:24:15.204] [info] Core [0] : Systolic Array Utilization(%) 86.40 (71.66% PE util), Vector Unit Utilization(%) 0.00, Total cycle: 7792000
[2026-06-10 12:24:15.266] [info] HBM2-CH_0: BW utilization 13% (664 reads, 588 writes)
[2026-06-10 12:24:15.387] [info] Core [0] : MatMul active cycle 3038 Vector active cycle 0 
[2026-06-10 12:24:15.387] [info] Core [0] : issued tile 2 
[2026-06-10 12:24:15.387] [info] Core [0] : Memory unit idle cycle 7815 Systolic bubble cycle 0 Core idle cycle 0 
[2026-06-10 12:24:15.387] [info] Core [0] : Systolic Array Utilization(%) 100.00 (37.97% PE util), Vector Unit Utilization(%) 0.00, Total cycle: 7800000
[2026-06-10 12:24:15.467] [info] HBM2-CH_0: BW utilization 7% (339 reads, 392 writes)
[2026-06-10 12:24:15.501] [info] Core [0] : MatMul active cycle 3087 Vector active cycle 0 
[2026-06-10 12:24:15.501] [info] Core [0] : issued tile 2 
[2026-06-10 12:24:15.501] [info] Core [0] : Memory unit idle cycle 7925 Systolic bubble cycle 0 Core idle cycle 0 
[2026-06-10 12:24:15.501] [info] Core [0] : Systolic Array Utilization(%) 100.00 (38.59% PE util), Vector Unit Utilization(%) 0.00, Total cycle: 7808000
[2026-06-10 12:24:15.651] [info] HBM2-CH_0: BW utilization 6% (342 reads, 294 writes)
[2026-06-10 12:24:15.701] [info] Core [0] : MatMul active cycle 3038 Vector active cycle 0 
[2026-06-10 12:24:15.701] [info] Core [0] : issued tile 2 
[2026-06-10 12:24:15.701] [info] Core [0] : Memory unit idle cycle 7815 Systolic bubble cycle 0 Core idle cycle 0 
[2026-06-10 12:24:15.701] [info] Core [0] : Systolic Array Utilization(%) 100.00 (37.97% PE util), Vector Unit Utilization(%) 0.00, Total cycle: 7816000
[2026-06-10 12:24:15.856] [info] HBM2-CH_0: BW utilization 7% (336 reads, 392 writes)
[2026-06-10 12:24:15.890] [info] Core [0] : MatMul active cycle 3087 Vector active cycle 0 
[2026-06-10 12:24:15.890] [info] Core [0] : issued tile 2 
[2026-06-10 12:24:15.890] [info] Core [0] : Memory unit idle cycle 7840 Systolic bubble cycle 0 Core idle cycle 0 
[2026-06-10 12:24:15.890] [info] Core [0] : Systolic Array Utilization(%) 100.00 (38.59% PE util), Vector Unit Utilization(%) 0.00, Total cycle: 7824000
[2026-06-10 12:24:16.039] [info] HBM2-CH_0: BW utilization 6% (327 reads, 294 writes)
[2026-06-10 12:24:16.087] [info] Core [0] : MatMul active cycle 3038 Vector active cycle 0 
[2026-06-10 12:24:16.087] [info] Core [0] : issued tile 2 
[2026-06-10 12:24:16.087] [info] Core [0] : Memory unit idle cycle 7815 Systolic bubble cycle 0 Core idle cycle 0 
[2026-06-10 12:24:16.087] [info] Core [0] : Systolic Array Utilization(%) 100.00 (37.97% PE util), Vector Unit Utilization(%) 0.00, Total cycle: 7832000
[2026-06-10 12:24:16.225] [info] HBM2-CH_0: BW utilization 6% (226 reads, 380 writes)
[2026-06-10 12:24:16.280] [info] Core [0] : MatMul active cycle 3087 Vector active cycle 0 
[2026-06-10 12:24:16.280] [info] Core [0] : issued tile 2 
[2026-06-10 12:24:16.280] [info] Core [0] : Memory unit idle cycle 7840 Systolic bubble cycle 0 Core idle cycle 0 
[2026-06-10 12:24:16.280] [info] Core [0] : Systolic Array Utilization(%) 100.00 (38.59% PE util), Vector Unit Utilization(%) 0.00, Total cycle: 7840000
[2026-06-10 12:24:16.338] [info] HBM2-CH_0: BW utilization 4% (109 reads, 306 writes)
[2026-06-10 12:24:16.470] [info] Core [0] : MatMul active cycle 3038 Vector active cycle 0 
[2026-06-10 12:24:16.470] [info] Core [0] : issued tile 2 
[2026-06-10 12:24:16.470] [info] Core [0] : Memory unit idle cycle 7815 Systolic bubble cycle 0 Core idle cycle 0 
[2026-06-10 12:24:16.470] [info] Core [0] : Systolic Array Utilization(%) 100.00 (37.97% PE util), Vector Unit Utilization(%) 0.00, Total cycle: 7848000
[2026-06-10 12:24:16.536] [info] HBM2-CH_0: BW utilization 7% (345 reads, 378 writes)
[2026-06-10 12:24:16.573] [info] Core [0] : MatMul active cycle 3087 Vector active cycle 0 
[2026-06-10 12:24:16.573] [info] Core [0] : issued tile 1 
[2026-06-10 12:24:16.573] [info] Core [0] : Memory unit idle cycle 7925 Systolic bubble cycle 0 Core idle cycle 0 
[2026-06-10 12:24:16.573] [info] Core [0] : Systolic Array Utilization(%) 100.00 (38.59% PE util), Vector Unit Utilization(%) 0.00, Total cycle: 7856000
[2026-06-10 12:24:16.639] [info] HBM2-CH_0: BW utilization 3% (0 reads, 308 writes)
[2026-06-10 12:24:16.675] [info] Core [0] : MatMul active cycle 3038 Vector active cycle 0 
[2026-06-10 12:24:16.675] [info] Core [0] : issued tile 1 
[2026-06-10 12:24:16.675] [info] Core [0] : Memory unit idle cycle 7925 Systolic bubble cycle 0 Core idle cycle 0 
[2026-06-10 12:24:16.675] [info] Core [0] : Systolic Array Utilization(%) 100.00 (37.97% PE util), Vector Unit Utilization(%) 0.00, Total cycle: 7864000
[2026-06-10 12:24:16.689] [info] Layer Conv_35 finish at 7864358
[2026-06-10 12:24:16.689] [info] Total compute time 75050
[2026-06-10 12:24:16.689] [info] executable layer count 1
[2026-06-10 12:24:16.689] [info] Start layer Conv_38
[2026-06-10 12:24:17.356] [info] HBM2-CH_0: BW utilization 25% (1004 reads, 1457 writes)
[2026-06-10 12:24:17.872] [info] Core [0] : MatMul active cycle 2597 Vector active cycle 0 
[2026-06-10 12:24:17.872] [info] Core [0] : issued tile 2 
[2026-06-10 12:24:17.872] [info] Core [0] : Memory unit idle cycle 6901 Systolic bubble cycle 0 Core idle cycle 233 
[2026-06-10 12:24:17.872] [info] Core [0] : Systolic Array Utilization(%) 86.85 (32.46% PE util), Vector Unit Utilization(%) 0.00, Total cycle: 7872000
[2026-06-10 12:24:17.997] [info] Layer Conv_38 finish at 7873560
[2026-06-10 12:24:17.998] [info] Total compute time 9202
[2026-06-10 12:24:17.998] [info] executable layer count 1
[2026-06-10 12:24:17.998] [info] Start layer Conv_37
[2026-06-10 12:24:18.437] [info] HBM2-CH_0: BW utilization 40% (2052 reads, 1875 writes)
[2026-06-10 12:24:18.475] [info] Core [0] : MatMul active cycle 2597 Vector active cycle 0 
[2026-06-10 12:24:18.475] [info] Core [0] : issued tile 2 
[2026-06-10 12:24:18.475] [info] Core [0] : Memory unit idle cycle 7485 Systolic bubble cycle 0 Core idle cycle 0 
[2026-06-10 12:24:18.475] [info] Core [0] : Systolic Array Utilization(%) 87.53 (32.46% PE util), Vector Unit Utilization(%) 0.00, Total cycle: 7880000
[2026-06-10 12:24:18.521] [info] HBM2-CH_0: BW utilization 2% (0 reads, 196 writes)
[2026-06-10 12:24:18.541] [info] Core [0] : MatMul active cycle 3087 Vector active cycle 0 
[2026-06-10 12:24:18.541] [info] Core [0] : issued tile 2 
[2026-06-10 12:24:18.541] [info] Core [0] : Memory unit idle cycle 7975 Systolic bubble cycle 0 Core idle cycle 0 
[2026-06-10 12:24:18.541] [info] Core [0] : Systolic Array Utilization(%) 100.00 (38.59% PE util), Vector Unit Utilization(%) 0.00, Total cycle: 7888000
[2026-06-10 12:24:18.588] [info] HBM2-CH_0: BW utilization 1% (0 reads, 98 writes)
[2026-06-10 12:24:18.830] [info] Core [0] : MatMul active cycle 3038 Vector active cycle 0 
[2026-06-10 12:24:18.830] [info] Core [0] : issued tile 2 
[2026-06-10 12:24:18.830] [info] Core [0] : Memory unit idle cycle 7780 Systolic bubble cycle 0 Core idle cycle 0 
[2026-06-10 12:24:18.830] [info] Core [0] : Systolic Array Utilization(%) 100.00 (37.97% PE util), Vector Unit Utilization(%) 0.00, Total cycle: 7896000
[2026-06-10 12:24:18.880] [info] HBM2-CH_0: BW utilization 9% (680 reads, 196 writes)
[2026-06-10 12:24:18.915] [info] Core [0] : MatMul active cycle 3087 Vector active cycle 0 
[2026-06-10 12:24:18.915] [info] Core [0] : issued tile 2 
[2026-06-10 12:24:18.915] [info] Core [0] : Memory unit idle cycle 7950 Systolic bubble cycle 0 Core idle cycle 0 
[2026-06-10 12:24:18.915] [info] Core [0] : Systolic Array Utilization(%) 100.00 (38.59% PE util), Vector Unit Utilization(%) 0.00, Total cycle: 7904000
[2026-06-10 12:24:18.963] [info] HBM2-CH_0: BW utilization 2% (0 reads, 196 writes)
[2026-06-10 12:24:19.111] [info] Core [0] : MatMul active cycle 3038 Vector active cycle 0 
[2026-06-10 12:24:19.111] [info] Core [0] : issued tile 2 
[2026-06-10 12:24:19.111] [info] Core [0] : Memory unit idle cycle 7780 Systolic bubble cycle 0 Core idle cycle 0 
[2026-06-10 12:24:19.111] [info] Core [0] : Systolic Array Utilization(%) 100.00 (37.97% PE util), Vector Unit Utilization(%) 0.00, Total cycle: 7912000
[2026-06-10 12:24:19.275] [info] HBM2-CH_0: BW utilization 9% (680 reads, 196 writes)
[2026-06-10 12:24:19.311] [info] Core [0] : MatMul active cycle 3087 Vector active cycle 0 
[2026-06-10 12:24:19.311] [info] Core [0] : issued tile 2 
[2026-06-10 12:24:19.311] [info] Core [0] : Memory unit idle cycle 7975 Systolic bubble cycle 0 Core idle cycle 0 
[2026-06-10 12:24:19.311] [info] Core [0] : Systolic Array Utilization(%) 100.00 (38.59% PE util), Vector Unit Utilization(%) 0.00, Total cycle: 7920000
[2026-06-10 12:24:19.379] [info] HBM2-CH_0: BW utilization 1% (0 reads, 98 writes)
[2026-06-10 12:24:19.432] [info] Core [0] : MatMul active cycle 3038 Vector active cycle 0 
[2026-06-10 12:24:19.432] [info] Core [0] : issued tile 2 
[2026-06-10 12:24:19.432] [info] Core [0] : Memory unit idle cycle 7950 Systolic bubble cycle 0 Core idle cycle 0 
[2026-06-10 12:24:19.432] [info] Core [0] : Systolic Array Utilization(%) 100.00 (37.97% PE util), Vector Unit Utilization(%) 0.00, Total cycle: 7928000
[2026-06-10 12:24:19.860] [info] HBM2-CH_0: BW utilization 9% (680 reads, 196 writes)
[2026-06-10 12:24:19.935] [info] Core [0] : MatMul active cycle 3087 Vector active cycle 0 
[2026-06-10 12:24:19.935] [info] Core [0] : issued tile 2 
[2026-06-10 12:24:19.935] [info] Core [0] : Memory unit idle cycle 7780 Systolic bubble cycle 0 Core idle cycle 0 
[2026-06-10 12:24:19.935] [info] Core [0] : Systolic Array Utilization(%) 100.00 (38.59% PE util), Vector Unit Utilization(%) 0.00, Total cycle: 7936000
[2026-06-10 12:24:20.026] [info] HBM2-CH_0: BW utilization 2% (0 reads, 196 writes)
[2026-06-10 12:24:20.096] [info] Core [0] : MatMul active cycle 3038 Vector active cycle 0 
[2026-06-10 12:24:20.096] [info] Core [0] : issued tile 2 
[2026-06-10 12:24:20.096] [info] Core [0] : Memory unit idle cycle 7950 Systolic bubble cycle 0 Core idle cycle 0 
[2026-06-10 12:24:20.096] [info] Core [0] : Systolic Array Utilization(%) 100.00 (37.97% PE util), Vector Unit Utilization(%) 0.00, Total cycle: 7944000
[2026-06-10 12:24:20.367] [info] HBM2-CH_0: BW utilization 4% (300 reads, 171 writes)
[2026-06-10 12:24:20.614] [info] Core [0] : MatMul active cycle 3087 Vector active cycle 0 
[2026-06-10 12:24:20.614] [info] Core [0] : issued tile 2 
[2026-06-10 12:24:20.614] [info] Core [0] : Memory unit idle cycle 7805 Systolic bubble cycle 0 Core idle cycle 0 
[2026-06-10 12:24:20.614] [info] Core [0] : Systolic Array Utilization(%) 100.00 (38.59% PE util), Vector Unit Utilization(%) 0.00, Total cycle: 7952000
[2026-06-10 12:24:20.728] [info] HBM2-CH_0: BW utilization 5% (380 reads, 123 writes)
[2026-06-10 12:24:20.811] [info] Core [0] : MatMul active cycle 3038 Vector active cycle 0 
[2026-06-10 12:24:20.811] [info] Core [0] : issued tile 2 
[2026-06-10 12:24:20.811] [info] Core [0] : Memory unit idle cycle 7950 Systolic bubble cycle 0 Core idle cycle 0 
[2026-06-10 12:24:20.811] [info] Core [0] : Systolic Array Utilization(%) 100.00 (37.97% PE util), Vector Unit Utilization(%) 0.00, Total cycle: 7960000
[2026-06-10 12:24:20.918] [info] HBM2-CH_0: BW utilization 2% (0 reads, 196 writes)
[2026-06-10 12:24:21.379] [info] Core [0] : MatMul active cycle 3087 Vector active cycle 0 
[2026-06-10 12:24:21.379] [info] Core [0] : issued tile 2 
[2026-06-10 12:24:21.379] [info] Core [0] : Memory unit idle cycle 7780 Systolic bubble cycle 0 Core idle cycle 0 
[2026-06-10 12:24:21.379] [info] Core [0] : Systolic Array Utilization(%) 100.00 (38.59% PE util), Vector Unit Utilization(%) 0.00, Total cycle: 7968000
[2026-06-10 12:24:21.480] [info] HBM2-CH_0: BW utilization 9% (680 reads, 196 writes)
[2026-06-10 12:24:21.522] [info] Core [0] : MatMul active cycle 3038 Vector active cycle 0 
[2026-06-10 12:24:21.523] [info] Core [0] : issued tile 2 
[2026-06-10 12:24:21.523] [info] Core [0] : Memory unit idle cycle 7975 Systolic bubble cycle 0 Core idle cycle 0 
[2026-06-10 12:24:21.523] [info] Core [0] : Systolic Array Utilization(%) 100.00 (37.97% PE util), Vector Unit Utilization(%) 0.00, Total cycle: 7976000
[2026-06-10 12:24:21.644] [info] HBM2-CH_0: BW utilization 2% (0 reads, 196 writes)
[2026-06-10 12:24:21.687] [info] Core [0] : MatMul active cycle 3087 Vector active cycle 0 
[2026-06-10 12:24:21.687] [info] Core [0] : issued tile 2 
[2026-06-10 12:24:21.687] [info] Core [0] : Memory unit idle cycle 7950 Systolic bubble cycle 0 Core idle cycle 0 
[2026-06-10 12:24:21.687] [info] Core [0] : Systolic Array Utilization(%) 100.00 (38.59% PE util), Vector Unit Utilization(%) 0.00, Total cycle: 7984000
[2026-06-10 12:24:22.154] [info] HBM2-CH_0: BW utilization 8% (680 reads, 98 writes)
[2026-06-10 12:24:22.233] [info] Core [0] : MatMul active cycle 3038 Vector active cycle 0 
[2026-06-10 12:24:22.233] [info] Core [0] : issued tile 2 
[2026-06-10 12:24:22.233] [info] Core [0] : Memory unit idle cycle 7780 Systolic bubble cycle 0 Core idle cycle 0 
[2026-06-10 12:24:22.233] [info] Core [0] : Systolic Array Utilization(%) 100.00 (37.97% PE util), Vector Unit Utilization(%) 0.00, Total cycle: 7992000
[2026-06-10 12:24:22.331] [info] HBM2-CH_0: BW utilization 2% (0 reads, 196 writes)
[2026-06-10 12:24:22.403] [info] Core [0] : MatMul active cycle 3087 Vector active cycle 0 
[2026-06-10 12:24:22.403] [info] Core [0] : issued tile 2 
[2026-06-10 12:24:22.403] [info] Core [0] : Memory unit idle cycle 7950 Systolic bubble cycle 0 Core idle cycle 0 
[2026-06-10 12:24:22.403] [info] Core [0] : Systolic Array Utilization(%) 100.00 (38.59% PE util), Vector Unit Utilization(%) 0.00, Total cycle: 8000000
[2026-06-10 12:24:22.494] [info] HBM2-CH_0: BW utilization 2% (0 reads, 196 writes)
[2026-06-10 12:24:22.540] [info] Core [0] : MatMul active cycle 3038 Vector active cycle 0 
[2026-06-10 12:24:22.540] [info] Core [0] : issued tile 1 
[2026-06-10 12:24:22.540] [info] Core [0] : Memory unit idle cycle 7975 Systolic bubble cycle 0 Core idle cycle 0 
[2026-06-10 12:24:22.540] [info] Core [0] : Systolic Array Utilization(%) 100.00 (37.97% PE util), Vector Unit Utilization(%) 0.00, Total cycle: 8008000
[2026-06-10 12:24:22.645] [info] HBM2-CH_0: BW utilization 1% (0 reads, 98 writes)
[2026-06-10 12:24:22.725] [info] Core [0] : MatMul active cycle 3087 Vector active cycle 0 
[2026-06-10 12:24:22.725] [info] Core [0] : issued tile 1 
[2026-06-10 12:24:22.725] [info] Core [0] : Memory unit idle cycle 7950 Systolic bubble cycle 0 Core idle cycle 0 
[2026-06-10 12:24:22.725] [info] Core [0] : Systolic Array Utilization(%) 100.00 (38.59% PE util), Vector Unit Utilization(%) 0.00, Total cycle: 8016000
[2026-06-10 12:24:22.831] [info] HBM2-CH_0: BW utilization 2% (0 reads, 196 writes)
[2026-06-10 12:24:22.876] [info] Layer Conv_37 finish at 8022204
[2026-06-10 12:24:22.876] [info] Total compute time 148644
[2026-06-10 12:24:22.876] [info] executable layer count 1
[2026-06-10 12:24:22.876] [info] Start layer Conv_41
[2026-06-10 12:24:23.769] [info] Core [0] : MatMul active cycle 2597 Vector active cycle 0 
[2026-06-10 12:24:23.769] [info] Core [0] : issued tile 2 
[2026-06-10 12:24:23.769] [info] Core [0] : Memory unit idle cycle 7610 Systolic bubble cycle 0 Core idle cycle 14 
[2026-06-10 12:24:23.769] [info] Core [0] : Systolic Array Utilization(%) 87.47 (32.46% PE util), Vector Unit Utilization(%) 0.00, Total cycle: 8024000
[2026-06-10 12:24:23.863] [info] HBM2-CH_0: BW utilization 16% (1368 reads, 196 writes)
[2026-06-10 12:24:23.905] [info] Core [0] : MatMul active cycle 3087 Vector active cycle 0 
[2026-06-10 12:24:23.905] [info] Core [0] : issued tile 2 
[2026-06-10 12:24:23.905] [info] Core [0] : Memory unit idle cycle 7975 Systolic bubble cycle 0 Core idle cycle 0 
[2026-06-10 12:24:23.905] [info] Core [0] : Systolic Array Utilization(%) 100.00 (38.59% PE util), Vector Unit Utilization(%) 0.00, Total cycle: 8032000
[2026-06-10 12:24:24.001] [info] HBM2-CH_0: BW utilization 1% (0 reads, 98 writes)
[2026-06-10 12:24:24.070] [info] Core [0] : MatMul active cycle 3038 Vector active cycle 0 
[2026-06-10 12:24:24.070] [info] Core [0] : issued tile 2 
[2026-06-10 12:24:24.070] [info] Core [0] : Memory unit idle cycle 7950 Systolic bubble cycle 0 Core idle cycle 0 
[2026-06-10 12:24:24.070] [info] Core [0] : Systolic Array Utilization(%) 100.00 (37.97% PE util), Vector Unit Utilization(%) 0.00, Total cycle: 8040000
[2026-06-10 12:24:24.528] [info] HBM2-CH_0: BW utilization 9% (684 reads, 196 writes)
[2026-06-10 12:24:24.606] [info] Core [0] : MatMul active cycle 3087 Vector active cycle 0 
[2026-06-10 12:24:24.606] [info] Core [0] : issued tile 2 
[2026-06-10 12:24:24.606] [info] Core [0] : Memory unit idle cycle 7780 Systolic bubble cycle 0 Core idle cycle 0 
[2026-06-10 12:24:24.606] [info] Core [0] : Systolic Array Utilization(%) 100.00 (38.59% PE util), Vector Unit Utilization(%) 0.00, Total cycle: 8048000
[2026-06-10 12:24:24.706] [info] HBM2-CH_0: BW utilization 2% (0 reads, 196 writes)
[2026-06-10 12:24:24.788] [info] Core [0] : MatMul active cycle 3038 Vector active cycle 0 
[2026-06-10 12:24:24.788] [info] Core [0] : issued tile 2 
[2026-06-10 12:24:24.788] [info] Core [0] : Memory unit idle cycle 7950 Systolic bubble cycle 0 Core idle cycle 0 
[2026-06-10 12:24:24.788] [info] Core [0] : Systolic Array Utilization(%) 100.00 (37.97% PE util), Vector Unit Utilization(%) 0.00, Total cycle: 8056000
[2026-06-10 12:24:25.257] [info] HBM2-CH_0: BW utilization 6% (476 reads, 166 writes)
[2026-06-10 12:24:25.403] [info] Core [0] : MatMul active cycle 3087 Vector active cycle 0 
[2026-06-10 12:24:25.403] [info] Core [0] : issued tile 2 
[2026-06-10 12:24:25.403] [info] Core [0] : Memory unit idle cycle 7805 Systolic bubble cycle 0 Core idle cycle 0 
[2026-06-10 12:24:25.403] [info] Core [0] : Systolic Array Utilization(%) 100.00 (38.59% PE util), Vector Unit Utilization(%) 0.00, Total cycle: 8064000
[2026-06-10 12:24:25.516] [info] HBM2-CH_0: BW utilization 3% (208 reads, 129 writes)
[2026-06-10 12:24:25.601] [info] Core [0] : MatMul active cycle 3038 Vector active cycle 0 
[2026-06-10 12:24:25.601] [info] Core [0] : issued tile 2 
[2026-06-10 12:24:25.601] [info] Core [0] : Memory unit idle cycle 7950 Systolic bubble cycle 0 Core idle cycle 0 
[2026-06-10 12:24:25.601] [info] Core [0] : Systolic Array Utilization(%) 100.00 (37.97% PE util), Vector Unit Utilization(%) 0.00, Total cycle: 8072000
[2026-06-10 12:24:25.706] [info] HBM2-CH_0: BW utilization 2% (0 reads, 196 writes)
[2026-06-10 12:24:26.185] [info] Core [0] : MatMul active cycle 3087 Vector active cycle 0 
[2026-06-10 12:24:26.185] [info] Core [0] : issued tile 2 
[2026-06-10 12:24:26.185] [info] Core [0] : Memory unit idle cycle 7780 Systolic bubble cycle 0 Core idle cycle 0 
[2026-06-10 12:24:26.185] [info] Core [0] : Systolic Array Utilization(%) 100.00 (38.59% PE util), Vector Unit Utilization(%) 0.00, Total cycle: 8080000
[2026-06-10 12:24:26.279] [info] HBM2-CH_0: BW utilization 9% (684 reads, 195 writes)
[2026-06-10 12:24:26.348] [info] Core [0] : MatMul active cycle 3038 Vector active cycle 0 
[2026-06-10 12:24:26.348] [info] Core [0] : issued tile 2 
[2026-06-10 12:24:26.348] [info] Core [0] : Memory unit idle cycle 7950 Systolic bubble cycle 0 Core idle cycle 0 
[2026-06-10 12:24:26.348] [info] Core [0] : Systolic Array Utilization(%) 100.00 (37.97% PE util), Vector Unit Utilization(%) 0.00, Total cycle: 8088000
[2026-06-10 12:24:26.437] [info] HBM2-CH_0: BW utilization 2% (0 reads, 196 writes)
[2026-06-10 12:24:26.479] [info] Core [0] : MatMul active cycle 3087 Vector active cycle 0 
[2026-06-10 12:24:26.479] [info] Core [0] : issued tile 2 
[2026-06-10 12:24:26.479] [info] Core [0] : Memory unit idle cycle 7975 Systolic bubble cycle 0 Core idle cycle 0 
[2026-06-10 12:24:26.479] [info] Core [0] : Systolic Array Utilization(%) 100.00 (38.59% PE util), Vector Unit Utilization(%) 0.00, Total cycle: 8096000
[2026-06-10 12:24:26.907] [info] HBM2-CH_0: BW utilization 8% (684 reads, 99 writes)
[2026-06-10 12:24:26.981] [info] Core [0] : MatMul active cycle 3038 Vector active cycle 0 
[2026-06-10 12:24:26.981] [info] Core [0] : issued tile 2 
[2026-06-10 12:24:26.981] [info] Core [0] : Memory unit idle cycle 7780 Systolic bubble cycle 0 Core idle cycle 0 
[2026-06-10 12:24:26.981] [info] Core [0] : Systolic Array Utilization(%) 100.00 (37.97% PE util), Vector Unit Utilization(%) 0.00, Total cycle: 8104000
[2026-06-10 12:24:27.069] [info] HBM2-CH_0: BW utilization 2% (0 reads, 196 writes)
[2026-06-10 12:24:27.136] [info] Core [0] : MatMul active cycle 3087 Vector active cycle 0 
[2026-06-10 12:24:27.137] [info] Core [0] : issued tile 2 
[2026-06-10 12:24:27.137] [info] Core [0] : Memory unit idle cycle 7950 Systolic bubble cycle 0 Core idle cycle 0 
[2026-06-10 12:24:27.137] [info] Core [0] : Systolic Array Utilization(%) 100.00 (38.59% PE util), Vector Unit Utilization(%) 0.00, Total cycle: 8112000
[2026-06-10 12:24:27.718] [info] HBM2-CH_0: BW utilization 9% (684 reads, 196 writes)
[2026-06-10 12:24:27.765] [info] Core [0] : MatMul active cycle 3038 Vector active cycle 0 
[2026-06-10 12:24:27.765] [info] Core [0] : issued tile 2 
[2026-06-10 12:24:27.765] [info] Core [0] : Memory unit idle cycle 7805 Systolic bubble cycle 0 Core idle cycle 0 
[2026-06-10 12:24:27.765] [info] Core [0] : Systolic Array Utilization(%) 100.00 (37.97% PE util), Vector Unit Utilization(%) 0.00, Total cycle: 8120000
[2026-06-10 12:24:27.905] [info] HBM2-CH_0: BW utilization 1% (0 reads, 174 writes)
[2026-06-10 12:24:27.960] [info] Core [0] : MatMul active cycle 3087 Vector active cycle 0 
[2026-06-10 12:24:27.960] [info] Core [0] : issued tile 2 
[2026-06-10 12:24:27.960] [info] Core [0] : Memory unit idle cycle 7950 Systolic bubble cycle 0 Core idle cycle 0 
[2026-06-10 12:24:27.960] [info] Core [0] : Systolic Array Utilization(%) 100.00 (38.59% PE util), Vector Unit Utilization(%) 0.00, Total cycle: 8128000
[2026-06-10 12:24:28.068] [info] HBM2-CH_0: BW utilization 1% (0 reads, 120 writes)
[2026-06-10 12:24:28.584] [info] Core [0] : MatMul active cycle 3038 Vector active cycle 0 
[2026-06-10 12:24:28.584] [info] Core [0] : issued tile 2 
[2026-06-10 12:24:28.584] [info] Core [0] : Memory unit idle cycle 7780 Systolic bubble cycle 0 Core idle cycle 0 
[2026-06-10 12:24:28.584] [info] Core [0] : Systolic Array Utilization(%) 100.00 (37.97% PE util), Vector Unit Utilization(%) 0.00, Total cycle: 8136000
[2026-06-10 12:24:28.678] [info] HBM2-CH_0: BW utilization 9% (684 reads, 195 writes)
[2026-06-10 12:24:28.764] [info] Core [0] : MatMul active cycle 3087 Vector active cycle 0 
[2026-06-10 12:24:28.765] [info] Core [0] : issued tile 2 
[2026-06-10 12:24:28.765] [info] Core [0] : Memory unit idle cycle 7950 Systolic bubble cycle 0 Core idle cycle 0 
[2026-06-10 12:24:28.765] [info] Core [0] : Systolic Array Utilization(%) 100.00 (38.59% PE util), Vector Unit Utilization(%) 0.00, Total cycle: 8144000
[2026-06-10 12:24:28.873] [info] HBM2-CH_0: BW utilization 2% (0 reads, 196 writes)
[2026-06-10 12:24:28.922] [info] Core [0] : MatMul active cycle 3038 Vector active cycle 0 
[2026-06-10 12:24:28.922] [info] Core [0] : issued tile 2 
[2026-06-10 12:24:28.922] [info] Core [0] : Memory unit idle cycle 7975 Systolic bubble cycle 0 Core idle cycle 0 
[2026-06-10 12:24:28.922] [info] Core [0] : Systolic Array Utilization(%) 100.00 (37.97% PE util), Vector Unit Utilization(%) 0.00, Total cycle: 8152000
[2026-06-10 12:24:29.031] [info] HBM2-CH_0: BW utilization 1% (0 reads, 99 writes)
[2026-06-10 12:24:29.127] [info] Core [0] : MatMul active cycle 3087 Vector active cycle 0 
[2026-06-10 12:24:29.127] [info] Core [0] : issued tile 1 
[2026-06-10 12:24:29.127] [info] Core [0] : Memory unit idle cycle 7950 Systolic bubble cycle 0 Core idle cycle 0 
[2026-06-10 12:24:29.127] [info] Core [0] : Systolic Array Utilization(%) 100.00 (38.59% PE util), Vector Unit Utilization(%) 0.00, Total cycle: 8160000
[2026-06-10 12:24:29.225] [info] HBM2-CH_0: BW utilization 2% (0 reads, 196 writes)
[2026-06-10 12:24:29.302] [info] Core [0] : MatMul active cycle 3038 Vector active cycle 0 
[2026-06-10 12:24:29.302] [info] Core [0] : issued tile 1 
[2026-06-10 12:24:29.302] [info] Core [0] : Memory unit idle cycle 7950 Systolic bubble cycle 0 Core idle cycle 0 
[2026-06-10 12:24:29.302] [info] Core [0] : Systolic Array Utilization(%) 100.00 (37.97% PE util), Vector Unit Utilization(%) 0.00, Total cycle: 8168000
[2026-06-10 12:24:29.368] [info] Layer Conv_41 finish at 8170791
[2026-06-10 12:24:29.368] [info] Total compute time 148587
[2026-06-10 12:24:29.368] [info] executable layer count 1
[2026-06-10 12:24:29.368] [info] Start layer Conv_43
[2026-06-10 12:24:30.176] [info] HBM2-CH_0: BW utilization 16% (1369 reads, 195 writes)
[2026-06-10 12:24:30.218] [info] Core [0] : MatMul active cycle 2646 Vector active cycle 0 
[2026-06-10 12:24:30.218] [info] Core [0] : issued tile 2 
[2026-06-10 12:24:30.218] [info] Core [0] : Memory unit idle cycle 7635 Systolic bubble cycle 0 Core idle cycle 0 
[2026-06-10 12:24:30.218] [info] Core [0] : Systolic Array Utilization(%) 87.51 (33.08% PE util), Vector Unit Utilization(%) 0.00, Total cycle: 8176000
[2026-06-10 12:24:30.306] [info] HBM2-CH_0: BW utilization 1% (0 reads, 98 writes)
[2026-06-10 12:24:30.372] [info] Core [0] : MatMul active cycle 3038 Vector active cycle 0 
[2026-06-10 12:24:30.372] [info] Core [0] : issued tile 2 
[2026-06-10 12:24:30.372] [info] Core [0] : Memory unit idle cycle 7950 Systolic bubble cycle 0 Core idle cycle 0 
[2026-06-10 12:24:30.372] [info] Core [0] : Systolic Array Utilization(%) 100.00 (37.97% PE util), Vector Unit Utilization(%) 0.00, Total cycle: 8184000
[2026-06-10 12:24:30.456] [info] HBM2-CH_0: BW utilization 2% (0 reads, 196 writes)
[2026-06-10 12:24:30.853] [info] Core [0] : MatMul active cycle 3087 Vector active cycle 0 
[2026-06-10 12:24:30.853] [info] Core [0] : issued tile 2 
[2026-06-10 12:24:30.853] [info] Core [0] : Memory unit idle cycle 7780 Systolic bubble cycle 0 Core idle cycle 0 
[2026-06-10 12:24:30.853] [info] Core [0] : Systolic Array Utilization(%) 100.00 (38.59% PE util), Vector Unit Utilization(%) 0.00, Total cycle: 8192000
[2026-06-10 12:24:30.943] [info] HBM2-CH_0: BW utilization 9% (683 reads, 196 writes)
[2026-06-10 12:24:31.008] [info] Core [0] : MatMul active cycle 3038 Vector active cycle 0 
[2026-06-10 12:24:31.008] [info] Core [0] : issued tile 2 
[2026-06-10 12:24:31.008] [info] Core [0] : Memory unit idle cycle 7950 Systolic bubble cycle 0 Core idle cycle 0 
[2026-06-10 12:24:31.008] [info] Core [0] : Systolic Array Utilization(%) 100.00 (37.97% PE util), Vector Unit Utilization(%) 0.00, Total cycle: 8200000
[2026-06-10 12:24:31.091] [info] HBM2-CH_0: BW utilization 2% (0 reads, 197 writes)
[2026-06-10 12:24:31.134] [info] Core [0] : MatMul active cycle 3087 Vector active cycle 0 
[2026-06-10 12:24:31.134] [info] Core [0] : issued tile 2 
[2026-06-10 12:24:31.134] [info] Core [0] : Memory unit idle cycle 7975 Systolic bubble cycle 0 Core idle cycle 0 
[2026-06-10 12:24:31.134] [info] Core [0] : Systolic Array Utilization(%) 100.00 (38.59% PE util), Vector Unit Utilization(%) 0.00, Total cycle: 8208000
[2026-06-10 12:24:31.548] [info] HBM2-CH_0: BW utilization 8% (685 reads, 97 writes)
[2026-06-10 12:24:31.617] [info] Core [0] : MatMul active cycle 3038 Vector active cycle 0 
[2026-06-10 12:24:31.617] [info] Core [0] : issued tile 2 
[2026-06-10 12:24:31.617] [info] Core [0] : Memory unit idle cycle 7780 Systolic bubble cycle 0 Core idle cycle 0 
[2026-06-10 12:24:31.617] [info] Core [0] : Systolic Array Utilization(%) 100.00 (37.97% PE util), Vector Unit Utilization(%) 0.00, Total cycle: 8216000
[2026-06-10 12:24:31.702] [info] HBM2-CH_0: BW utilization 2% (0 reads, 196 writes)
[2026-06-10 12:24:31.767] [info] Core [0] : MatMul active cycle 3087 Vector active cycle 0 
[2026-06-10 12:24:31.767] [info] Core [0] : issued tile 2 
[2026-06-10 12:24:31.767] [info] Core [0] : Memory unit idle cycle 7950 Systolic bubble cycle 0 Core idle cycle 0 
[2026-06-10 12:24:31.767] [info] Core [0] : Systolic Array Utilization(%) 100.00 (38.59% PE util), Vector Unit Utilization(%) 0.00, Total cycle: 8224000
[2026-06-10 12:24:32.085] [info] HBM2-CH_0: BW utilization 9% (684 reads, 196 writes)
[2026-06-10 12:24:32.127] [info] Core [0] : MatMul active cycle 3038 Vector active cycle 0 
[2026-06-10 12:24:32.127] [info] Core [0] : issued tile 2 
[2026-06-10 12:24:32.127] [info] Core [0] : Memory unit idle cycle 7780 Systolic bubble cycle 0 Core idle cycle 0 
[2026-06-10 12:24:32.127] [info] Core [0] : Systolic Array Utilization(%) 100.00 (37.97% PE util), Vector Unit Utilization(%) 0.00, Total cycle: 8232000
[2026-06-10 12:24:32.181] [info] HBM2-CH_0: BW utilization 2% (0 reads, 196 writes)
[2026-06-10 12:24:32.205] [info] Core [0] : MatMul active cycle 3087 Vector active cycle 0 
[2026-06-10 12:24:32.205] [info] Core [0] : issued tile 2 
[2026-06-10 12:24:32.205] [info] Core [0] : Memory unit idle cycle 7975 Systolic bubble cycle 0 Core idle cycle 0 
[2026-06-10 12:24:32.205] [info] Core [0] : Systolic Array Utilization(%) 100.00 (38.59% PE util), Vector Unit Utilization(%) 0.00, Total cycle: 8240000
[2026-06-10 12:24:32.257] [info] HBM2-CH_0: BW utilization 1% (0 reads, 98 writes)
[2026-06-10 12:24:32.525] [info] Core [0] : MatMul active cycle 3038 Vector active cycle 0 
[2026-06-10 12:24:32.525] [info] Core [0] : issued tile 2 
[2026-06-10 12:24:32.525] [info] Core [0] : Memory unit idle cycle 7780 Systolic bubble cycle 0 Core idle cycle 0 
[2026-06-10 12:24:32.525] [info] Core [0] : Systolic Array Utilization(%) 100.00 (37.97% PE util), Vector Unit Utilization(%) 0.00, Total cycle: 8248000
[2026-06-10 12:24:32.570] [info] HBM2-CH_0: BW utilization 9% (683 reads, 196 writes)
[2026-06-10 12:24:32.605] [info] Core [0] : MatMul active cycle 3087 Vector active cycle 0 
[2026-06-10 12:24:32.605] [info] Core [0] : issued tile 2 
[2026-06-10 12:24:32.605] [info] Core [0] : Memory unit idle cycle 7950 Systolic bubble cycle 0 Core idle cycle 0 
[2026-06-10 12:24:32.605] [info] Core [0] : Systolic Array Utilization(%) 100.00 (38.59% PE util), Vector Unit Utilization(%) 0.00, Total cycle: 8256000
[2026-06-10 12:24:32.647] [info] HBM2-CH_0: BW utilization 2% (0 reads, 195 writes)
[2026-06-10 12:24:32.669] [info] Core [0] : MatMul active cycle 3038 Vector active cycle 0 
[2026-06-10 12:24:32.669] [info] Core [0] : issued tile 2 
[2026-06-10 12:24:32.669] [info] Core [0] : Memory unit idle cycle 7975 Systolic bubble cycle 0 Core idle cycle 0 
[2026-06-10 12:24:32.669] [info] Core [0] : Systolic Array Utilization(%) 100.00 (37.97% PE util), Vector Unit Utilization(%) 0.00, Total cycle: 8264000
[2026-06-10 12:24:32.913] [info] HBM2-CH_0: BW utilization 8% (685 reads, 126 writes)
[2026-06-10 12:24:32.944] [info] Core [0] : MatMul active cycle 3087 Vector active cycle 0 
[2026-06-10 12:24:32.944] [info] Core [0] : issued tile 2 
[2026-06-10 12:24:32.944] [info] Core [0] : Memory unit idle cycle 7780 Systolic bubble cycle 0 Core idle cycle 0 
[2026-06-10 12:24:32.944] [info] Core [0] : Systolic Array Utilization(%) 100.00 (38.59% PE util), Vector Unit Utilization(%) 0.00, Total cycle: 8272000
[2026-06-10 12:24:32.990] [info] HBM2-CH_0: BW utilization 1% (0 reads, 169 writes)
[2026-06-10 12:24:33.024] [info] Core [0] : MatMul active cycle 3038 Vector active cycle 0 
[2026-06-10 12:24:33.024] [info] Core [0] : issued tile 2 
[2026-06-10 12:24:33.024] [info] Core [0] : Memory unit idle cycle 7950 Systolic bubble cycle 0 Core idle cycle 0 
[2026-06-10 12:24:33.024] [info] Core [0] : Systolic Array Utilization(%) 100.00 (37.97% PE util), Vector Unit Utilization(%) 0.00, Total cycle: 8280000
[2026-06-10 12:24:33.258] [info] HBM2-CH_0: BW utilization 9% (683 reads, 196 writes)
[2026-06-10 12:24:33.294] [info] Core [0] : MatMul active cycle 3087 Vector active cycle 0 
[2026-06-10 12:24:33.295] [info] Core [0] : issued tile 2 
[2026-06-10 12:24:33.295] [info] Core [0] : Memory unit idle cycle 7780 Systolic bubble cycle 0 Core idle cycle 0 
[2026-06-10 12:24:33.295] [info] Core [0] : Systolic Array Utilization(%) 100.00 (38.59% PE util), Vector Unit Utilization(%) 0.00, Total cycle: 8288000
[2026-06-10 12:24:33.337] [info] HBM2-CH_0: BW utilization 2% (0 reads, 196 writes)
[2026-06-10 12:24:33.358] [info] Core [0] : MatMul active cycle 3038 Vector active cycle 0 
[2026-06-10 12:24:33.358] [info] Core [0] : issued tile 2 
[2026-06-10 12:24:33.358] [info] Core [0] : Memory unit idle cycle 7975 Systolic bubble cycle 0 Core idle cycle 0 
[2026-06-10 12:24:33.358] [info] Core [0] : Systolic Array Utilization(%) 100.00 (37.97% PE util), Vector Unit Utilization(%) 0.00, Total cycle: 8296000
[2026-06-10 12:24:33.401] [info] HBM2-CH_0: BW utilization 1% (0 reads, 98 writes)
[2026-06-10 12:24:33.438] [info] Core [0] : MatMul active cycle 3087 Vector active cycle 0 
[2026-06-10 12:24:33.438] [info] Core [0] : issued tile 1 
[2026-06-10 12:24:33.438] [info] Core [0] : Memory unit idle cycle 7950 Systolic bubble cycle 0 Core idle cycle 0 
[2026-06-10 12:24:33.438] [info] Core [0] : Systolic Array Utilization(%) 100.00 (38.59% PE util), Vector Unit Utilization(%) 0.00, Total cycle: 8304000
[2026-06-10 12:24:33.486] [info] HBM2-CH_0: BW utilization 2% (0 reads, 196 writes)
[2026-06-10 12:24:33.528] [info] Core [0] : MatMul active cycle 3038 Vector active cycle 0 
[2026-06-10 12:24:33.528] [info] Core [0] : issued tile 1 
[2026-06-10 12:24:33.528] [info] Core [0] : Memory unit idle cycle 7950 Systolic bubble cycle 0 Core idle cycle 0 
[2026-06-10 12:24:33.528] [info] Core [0] : Systolic Array Utilization(%) 100.00 (37.97% PE util), Vector Unit Utilization(%) 0.00, Total cycle: 8312000
[2026-06-10 12:24:33.574] [info] HBM2-CH_0: BW utilization 2% (0 reads, 196 writes)
[2026-06-10 12:24:33.604] [info] Layer Conv_43 finish at 8319458
[2026-06-10 12:24:33.604] [info] Total compute time 148667
[2026-06-10 12:24:33.604] [info] executable layer count 1
[2026-06-10 12:24:33.604] [info] Start layer GlobalAveragePool_46
[2026-06-10 12:24:33.604] [info] Layer GlobalAveragePool_46 finish at 8319459
[2026-06-10 12:24:33.604] [info] Total compute time 1
[2026-06-10 12:24:33.604] [info] executable layer count 1
[2026-06-10 12:24:33.604] [info] Start layer Flatten_47
[2026-06-10 12:24:33.604] [info] Layer Flatten_47 finish at 8319460
[2026-06-10 12:24:33.604] [info] Total compute time 1
[2026-06-10 12:24:33.604] [info] executable layer count 1
[2026-06-10 12:24:33.604] [info] Start layer Gemm_48
[2026-06-10 12:24:33.780] [info] Core [0] : MatMul active cycle 2842 Vector active cycle 0 
[2026-06-10 12:24:33.780] [info] Core [0] : issued tile 1 
[2026-06-10 12:24:33.780] [info] Core [0] : Memory unit idle cycle 7412 Systolic bubble cycle 0 Core idle cycle 51 
[2026-06-10 12:24:33.780] [info] Core [0] : Systolic Array Utilization(%) 91.95 (35.53% PE util), Vector Unit Utilization(%) 0.00, Total cycle: 8320000
[2026-06-10 12:24:34.532] [info] Layer Gemm_48 finish at 8323659
[2026-06-10 12:24:34.532] [info] Total compute time 4199
[2026-06-10 12:24:34.532] [info] Model[resnet18] Request: 0 us, Start: 0 us, finish:8323 us, Current Cycle:8323659
[2026-06-10 12:24:34.532] [info] No total_seq_len!
[2026-06-10 12:24:34.537] [info] Simulation Finished at 8323716 cycle 8323 us
[2026-06-10 12:24:34.537] [info] Core [0] : MatMul active cycle 836000 Vector active cycle 0 
[2026-06-10 12:24:34.537] [info] Core [0] : Memory unit idle cycle 8151908 Systolic bubble cycle 0 Core idle cycle 5630026 
[2026-06-10 12:24:34.537] [info] Core [0] : Systolic Array Utilization(%) 30.88 (10.04% PE util), Vector Unit Utilization(%) 0.00, Total cycle: 8323716
[2026-06-10 12:24:34.537] [info] Core [0] : Systolic Inst Issue Count : 7280
[2026-06-10 12:24:34.537] [info] Core [0] : Systolic PRELOAD Issue Count : 7280
[2026-06-10 12:24:34.537] [info] SA idle = 1006
[2026-06-10 12:24:34.537] [info] SA idle = 5623975
[2026-06-10 12:24:34.537] [info] SA idle = 19533
[2026-06-10 12:24:34.537] [info] SA idle = 13078
[2026-06-10 12:24:34.537] [info] SA idle = 14324
[2026-06-10 12:24:34.537] [info] SA idle = 6442
[2026-06-10 12:24:34.537] [info] SA idle = 5452
[2026-06-10 12:24:34.537] [info] SA idle = 7743
[2026-06-10 12:24:34.537] [info] SA idle = 7089
[2026-06-10 12:24:34.537] [info] SA idle = 5425
[2026-06-10 12:24:34.537] [info] SA idle = 7036
[2026-06-10 12:24:34.537] [info] SA idle = 6113
[2026-06-10 12:24:34.537] [info] SA idle = 5080
[2026-06-10 12:24:34.537] [info] SA idle = 2796
[2026-06-10 12:24:34.537] [info] SA idle = 1998
[2026-06-10 12:24:34.537] [info] SA idle = 3293
[2026-06-10 12:24:34.537] [info] SA idle = 3651
[2026-06-10 12:24:34.537] [info] SA idle = 3306
[2026-06-10 12:24:34.537] [info] SA idle = 4095
[2026-06-10 12:24:34.537] [info] SA idle = 2179
[2026-06-10 12:24:34.537] [info] SA idle = 1706
[2026-06-10 12:24:34.537] [info] SA idle = 1088
[2026-06-10 12:24:34.537] [info] SA idle = 1052
[2026-06-10 12:24:34.537] [info] SA idle = 998
[2026-06-10 12:24:34.537] [info] SA idle = 1002
[2026-06-10 12:24:34.537] [info] SA idle = 999
[2026-06-10 12:24:34.537] [info] SA idle = 2523
[2026-06-10 12:24:34.537] [info] SA idle = 412
[2026-06-10 12:24:34.537] [info] SA idle = 85
[2026-06-10 12:24:34.537] [info] Vector idle = 8323716
[2026-06-10 12:24:34.537] [info] Core [1] : MatMul active cycle 901856 Vector active cycle 0 
[2026-06-10 12:24:34.537] [info] Core [1] : Memory unit idle cycle 8112468 Systolic bubble cycle 0 Core idle cycle 856 
[2026-06-10 12:24:34.537] [info] Core [1] : Systolic Array Utilization(%) 98.40 (10.83% PE util), Vector Unit Utilization(%) 0.00, Total cycle: 8323716
[2026-06-10 12:24:34.537] [info] Core [1] : Systolic Inst Issue Count : 7280
[2026-06-10 12:24:34.537] [info] Core [1] : Systolic PRELOAD Issue Count : 7280
[2026-06-10 12:24:34.537] [info] SA idle = 868
[2026-06-10 12:24:34.537] [info] SA idle = 11734
[2026-06-10 12:24:34.537] [info] SA idle = 12237
[2026-06-10 12:24:34.537] [info] SA idle = 12916
[2026-06-10 12:24:34.537] [info] SA idle = 14744
[2026-06-10 12:24:34.537] [info] SA idle = 6135
[2026-06-10 12:24:34.537] [info] SA idle = 5461
[2026-06-10 12:24:34.537] [info] SA idle = 7770
[2026-06-10 12:24:34.537] [info] SA idle = 7078
[2026-06-10 12:24:34.537] [info] SA idle = 5404
[2026-06-10 12:24:34.537] [info] SA idle = 7049
[2026-06-10 12:24:34.537] [info] SA idle = 6104
[2026-06-10 12:24:34.537] [info] SA idle = 1968
[2026-06-10 12:24:34.537] [info] SA idle = 4429
[2026-06-10 12:24:34.537] [info] SA idle = 2008
[2026-06-10 12:24:34.537] [info] SA idle = 1506
[2026-06-10 12:24:34.537] [info] SA idle = 3065
[2026-06-10 12:24:34.537] [info] SA idle = 3606
[2026-06-10 12:24:34.537] [info] SA idle = 3333
[2026-06-10 12:24:34.537] [info] SA idle = 4065
[2026-06-10 12:24:34.537] [info] SA idle = 2396
[2026-06-10 12:24:34.537] [info] SA idle = 1730
[2026-06-10 12:24:34.537] [info] SA idle = 1147
[2026-06-10 12:24:34.537] [info] SA idle = 835
[2026-06-10 12:24:34.537] [info] SA idle = 1013
[2026-06-10 12:24:34.537] [info] SA idle = 953
[2026-06-10 12:24:34.537] [info] SA idle = 1039
[2026-06-10 12:24:34.537] [info] SA idle = 2423
[2026-06-10 12:24:34.537] [info] SA idle = 438
[2026-06-10 12:24:34.537] [info] SA idle = 59
[2026-06-10 12:24:34.537] [info] Vector idle = 8323716
[2026-06-10 12:24:34.537] [info] Core [2] : MatMul active cycle 901856 Vector active cycle 0 
[2026-06-10 12:24:34.537] [info] Core [2] : Memory unit idle cycle 8102190 Systolic bubble cycle 571 Core idle cycle 2581 
[2026-06-10 12:24:34.537] [info] Core [2] : Systolic Array Utilization(%) 98.39 (10.83% PE util), Vector Unit Utilization(%) 0.00, Total cycle: 8323716
[2026-06-10 12:24:34.537] [info] Core [2] : Systolic Inst Issue Count : 7280
[2026-06-10 12:24:34.537] [info] Core [2] : Systolic PRELOAD Issue Count : 7280
[2026-06-10 12:24:34.537] [info] SA idle = 920
[2026-06-10 12:24:34.537] [info] SA idle = 12733
[2026-06-10 12:24:34.537] [info] SA idle = 11160
[2026-06-10 12:24:34.537] [info] SA idle = 13050
[2026-06-10 12:24:34.537] [info] SA idle = 13954
[2026-06-10 12:24:34.537] [info] SA idle = 6700
[2026-06-10 12:24:34.537] [info] SA idle = 5583
[2026-06-10 12:24:34.537] [info] SA idle = 7779
[2026-06-10 12:24:34.537] [info] SA idle = 7066
[2026-06-10 12:24:34.537] [info] SA idle = 5420
[2026-06-10 12:24:34.537] [info] SA idle = 7048
[2026-06-10 12:24:34.537] [info] SA idle = 6106
[2026-06-10 12:24:34.537] [info] SA idle = 4948
[2026-06-10 12:24:34.537] [info] SA idle = 2895
[2026-06-10 12:24:34.537] [info] SA idle = 2064
[2026-06-10 12:24:34.537] [info] SA idle = 3306
[2026-06-10 12:24:34.537] [info] SA idle = 3610
[2026-06-10 12:24:34.537] [info] SA idle = 3277
[2026-06-10 12:24:34.537] [info] SA idle = 4110
[2026-06-10 12:24:34.537] [info] SA idle = 2192
[2026-06-10 12:24:34.537] [info] SA idle = 1772
[2026-06-10 12:24:34.537] [info] SA idle = 1110
[2026-06-10 12:24:34.537] [info] SA idle = 975
[2026-06-10 12:24:34.537] [info] SA idle = 990
[2026-06-10 12:24:34.537] [info] SA idle = 1032
[2026-06-10 12:24:34.537] [info] SA idle = 988
[2026-06-10 12:24:34.537] [info] SA idle = 2766
[2026-06-10 12:24:34.537] [info] SA idle = 312
[2026-06-10 12:24:34.537] [info] Vector idle = 8323716
[2026-06-10 12:24:34.537] [info] Core [3] : MatMul active cycle 901832 Vector active cycle 0 
[2026-06-10 12:24:34.537] [info] Core [3] : Memory unit idle cycle 8112681 Systolic bubble cycle 0 Core idle cycle 16887 
[2026-06-10 12:24:34.537] [info] Core [3] : Systolic Array Utilization(%) 98.40 (10.83% PE util), Vector Unit Utilization(%) 0.00, Total cycle: 8323716
[2026-06-10 12:24:34.537] [info] Core [3] : Systolic Inst Issue Count : 7280
[2026-06-10 12:24:34.537] [info] Core [3] : Systolic PRELOAD Issue Count : 7280
[2026-06-10 12:24:34.537] [info] SA idle = 1113
[2026-06-10 12:24:34.537] [info] SA idle = 13191
[2026-06-10 12:24:34.537] [info] SA idle = 10170
[2026-06-10 12:24:34.537] [info] SA idle = 14731
[2026-06-10 12:24:34.537] [info] SA idle = 11620
[2026-06-10 12:24:34.537] [info] SA idle = 3286
[2026-06-10 12:24:34.537] [info] SA idle = 6769
[2026-06-10 12:24:34.537] [info] SA idle = 1627
[2026-06-10 12:24:34.537] [info] SA idle = 2198
[2026-06-10 12:24:34.537] [info] SA idle = 4290
[2026-06-10 12:24:34.537] [info] SA idle = 1350
[2026-06-10 12:24:34.537] [info] SA idle = 5488
[2026-06-10 12:24:34.537] [info] SA idle = 10819
[2026-06-10 12:24:34.537] [info] SA idle = 7178
[2026-06-10 12:24:34.537] [info] SA idle = 8210
[2026-06-10 12:24:34.537] [info] SA idle = 3188
[2026-06-10 12:24:34.537] [info] SA idle = 1507
[2026-06-10 12:24:34.537] [info] SA idle = 1837
[2026-06-10 12:24:34.537] [info] SA idle = 1058
[2026-06-10 12:24:34.537] [info] SA idle = 3562
[2026-06-10 12:24:34.537] [info] SA idle = 3295
[2026-06-10 12:24:34.537] [info] SA idle = 4101
[2026-06-10 12:24:34.537] [info] SA idle = 2074
[2026-06-10 12:24:34.537] [info] SA idle = 2088
[2026-06-10 12:24:34.537] [info] SA idle = 1197
[2026-06-10 12:24:34.537] [info] SA idle = 1038
[2026-06-10 12:24:34.537] [info] SA idle = 1017
[2026-06-10 12:24:34.537] [info] SA idle = 974
[2026-06-10 12:24:34.537] [info] SA idle = 933
[2026-06-10 12:24:34.537] [info] SA idle = 2626
[2026-06-10 12:24:34.537] [info] SA idle = 395
[2026-06-10 12:24:34.537] [info] SA idle = 75
[2026-06-10 12:24:34.537] [info] Vector idle = 8323716
Class 0:
Packet latency average = 598.979
	minimum = 7
	maximum = 13113
Network latency average = 468.258
	minimum = 7
	maximum = 13051
Slowest packet = 119187
Flit latency average = 468.258
	minimum = 7
	maximum = 13051
Slowest flit = 6824597
Fragmentation average = 0
	minimum = 0
	maximum = 0
Injected packet rate average = 0.0252823
	minimum = 0.0131674 (at node 14)
	maximum = 0.0632436 (at node 73)
Accepted packet rate average = 0.0252823
	minimum = 0.0132309 (at node 11)
	maximum = 0.0632436 (at node 73)
Injected flit rate average = 0.0252823
	minimum = 0.0131674 (at node 14)
	maximum = 0.0632436 (at node 73)
Accepted flit rate average= 0.0252823
	minimum = 0.0132309 (at node 11)
	maximum = 0.0632436 (at node 73)
Injected packet length average = 1
Accepted packet length average = 1
Total in-flight flits = 0 (0 measured)
Frontend:
  impl: GEM5

[2026-06-10 12:24:34.538] [info] Row hits: 387974, Row misses: 4513, Row conflicts: 133484
MemorySystem:
  impl: GenericDRAM
  total_num_other_requests: 0
  total_num_write_requests: 310588
  total_num_read_requests: 215383
  memory_system_cycles: 9992455
  DRAM:
    impl: HBM2
  AddrMapper:
    impl: RoBaRaCoCh
  Controller:
    impl: Generic
    id: Channel 0
    Scheduler:
      impl: FRFCFS
    RefreshManager:
      impl: AllBank



[2026-06-10 12:24:34.538] [info] HBM2-CH_0: avg BW utilization 5% (215383 reads, 310588 writes)
Frontend:
  impl: GEM5

[2026-06-10 12:24:34.538] [info] Row hits: 388024, Row misses: 4516, Row conflicts: 133430
MemorySystem:
  impl: GenericDRAM
  total_num_other_requests: 0
  total_num_write_requests: 310591
  total_num_read_requests: 215379
  memory_system_cycles: 9992455
  DRAM:
    impl: HBM2
  AddrMapper:
    impl: RoBaRaCoCh
  Controller:
    impl: Generic
    id: Channel 0
    Scheduler:
      impl: FRFCFS
    RefreshManager:
      impl: AllBank



Frontend:
  impl: GEM5

[2026-06-10 12:24:34.538] [info] Row hits: 387356, Row misses: 4474, Row conflicts: 134264
MemorySystem:
  impl: GenericDRAM
  total_num_other_requests: 0
  total_num_write_requests: 310592
  total_num_read_requests: 215502
  memory_system_cycles: 9992455
  DRAM:
    impl: HBM2
  AddrMapper:
    impl: RoBaRaCoCh
  Controller:
    impl: Generic
    id: Channel 0
    Scheduler:
      impl: FRFCFS
    RefreshManager:
      impl: AllBank



Frontend:
  impl: GEM5

[2026-06-10 12:24:34.538] [info] Row hits: 388331, Row misses: 4585, Row conflicts: 133312
MemorySystem:
  impl: GenericDRAM
  total_num_other_requests: 0
  total_num_write_requests: 310588
  total_num_read_requests: 215640
  memory_system_cycles: 9992455
  DRAM:
    impl: HBM2
  AddrMapper:
    impl: RoBaRaCoCh
  Controller:
    impl: Generic
    id: Channel 0
    Scheduler:
      impl: FRFCFS
    RefreshManager:
      impl: AllBank



Frontend:
  impl: GEM5

[2026-06-10 12:24:34.538] [info] Row hits: 388506, Row misses: 4471, Row conflicts: 132988
MemorySystem:
  impl: GenericDRAM
  total_num_other_requests: 0
  total_num_write_requests: 310590
  total_num_read_requests: 215375
  memory_system_cycles: 9992455
  DRAM:
    impl: HBM2
  AddrMapper:
    impl: RoBaRaCoCh
  Controller:
    impl: Generic
    id: Channel 0
    Scheduler:
      impl: FRFCFS
    RefreshManager:
      impl: AllBank



Frontend:
  impl: GEM5

[2026-06-10 12:24:34.538] [info] Row hits: 388368, Row misses: 4657, Row conflicts: 133078
MemorySystem:
  impl: GenericDRAM
  total_num_other_requests: 0
  total_num_write_requests: 310589
  total_num_read_requests: 215514
  memory_system_cycles: 9992455
  DRAM:
    impl: HBM2
  AddrMapper:
    impl: RoBaRaCoCh
  Controller:
    impl: Generic
    id: Channel 0
    Scheduler:
      impl: FRFCFS
    RefreshManager:
      impl: AllBank



Frontend:
  impl: GEM5

[2026-06-10 12:24:34.538] [info] Row hits: 388431, Row misses: 4504, Row conflicts: 133297
MemorySystem:
  impl: GenericDRAM
  total_num_other_requests: 0
  total_num_write_requests: 310589
  total_num_read_requests: 215643
  memory_system_cycles: 9992455
  DRAM:
    impl: HBM2
  AddrMapper:
    impl: RoBaRaCoCh
  Controller:
    impl: Generic
    id: Channel 0
    Scheduler:
      impl: FRFCFS
    RefreshManager:
      impl: AllBank



Frontend:
  impl: GEM5

[2026-06-10 12:24:34.538] [info] Row hits: 388483, Row misses: 4444, Row conflicts: 133292
MemorySystem:
  impl: GenericDRAM
  total_num_other_requests: 0
  total_num_write_requests: 310591
  total_num_read_requests: 215628
  memory_system_cycles: 9992455
  DRAM:
    impl: HBM2
  AddrMapper:
    impl: RoBaRaCoCh
  Controller:
    impl: Generic
    id: Channel 0
    Scheduler:
      impl: FRFCFS
    RefreshManager:
      impl: AllBank



Frontend:
  impl: GEM5

[2026-06-10 12:24:34.538] [info] Row hits: 388052, Row misses: 4522, Row conflicts: 133456
MemorySystem:
  impl: GenericDRAM
  total_num_other_requests: 0
  total_num_write_requests: 310591
  total_num_read_requests: 215439
  memory_system_cycles: 9992455
  DRAM:
    impl: HBM2
  AddrMapper:
    impl: RoBaRaCoCh
  Controller:
    impl: Generic
    id: Channel 0
    Scheduler:
      impl: FRFCFS
    RefreshManager:
      impl: AllBank



Frontend:
  impl: GEM5

[2026-06-10 12:24:34.538] [info] Row hits: 388375, Row misses: 4425, Row conflicts: 133622
MemorySystem:
  impl: GenericDRAM
  total_num_other_requests: 0
  total_num_write_requests: 310590
  total_num_read_requests: 215832
  memory_system_cycles: 9992455
  DRAM:
    impl: HBM2
  AddrMapper:
    impl: RoBaRaCoCh
  Controller:
    impl: Generic
    id: Channel 0
    Scheduler:
      impl: FRFCFS
    RefreshManager:
      impl: AllBank



Frontend:
  impl: GEM5

[2026-06-10 12:24:34.538] [info] Row hits: 388620, Row misses: 4482, Row conflicts: 133065
MemorySystem:
  impl: GenericDRAM
  total_num_other_requests: 0
  total_num_write_requests: 310590
  total_num_read_requests: 215577
  memory_system_cycles: 9992455
  DRAM:
    impl: HBM2
  AddrMapper:
    impl: RoBaRaCoCh
  Controller:
    impl: Generic
    id: Channel 0
    Scheduler:
      impl: FRFCFS
    RefreshManager:
      impl: AllBank



Frontend:
  impl: GEM5

[2026-06-10 12:24:34.538] [info] Row hits: 388323, Row misses: 4477, Row conflicts: 132974
MemorySystem:
  impl: GenericDRAM
  total_num_other_requests: 0
  total_num_write_requests: 310591
  total_num_read_requests: 215183
  memory_system_cycles: 9992455
  DRAM:
    impl: HBM2
  AddrMapper:
    impl: RoBaRaCoCh
  Controller:
    impl: Generic
    id: Channel 0
    Scheduler:
      impl: FRFCFS
    RefreshManager:
      impl: AllBank



Frontend:
  impl: GEM5

[2026-06-10 12:24:34.538] [info] Row hits: 388480, Row misses: 4515, Row conflicts: 133418
MemorySystem:
  impl: GenericDRAM
  total_num_other_requests: 0
  total_num_write_requests: 310589
  total_num_read_requests: 215824
  memory_system_cycles: 9992455
  DRAM:
    impl: HBM2
  AddrMapper:
    impl: RoBaRaCoCh
  Controller:
    impl: Generic
    id: Channel 0
    Scheduler:
      impl: FRFCFS
    RefreshManager:
      impl: AllBank



Frontend:
  impl: GEM5

[2026-06-10 12:24:34.538] [info] Row hits: 388437, Row misses: 4396, Row conflicts: 133203
MemorySystem:
  impl: GenericDRAM
  total_num_other_requests: 0
  total_num_write_requests: 310590
  total_num_read_requests: 215446
  memory_system_cycles: 9992455
  DRAM:
    impl: HBM2
  AddrMapper:
    impl: RoBaRaCoCh
  Controller:
    impl: Generic
    id: Channel 0
    Scheduler:
      impl: FRFCFS
    RefreshManager:
      impl: AllBank



Frontend:
  impl: GEM5

[2026-06-10 12:24:34.538] [info] Row hits: 387722, Row misses: 4529, Row conflicts: 133658
MemorySystem:
  impl: GenericDRAM
  total_num_other_requests: 0
  total_num_write_requests: 310591
  total_num_read_requests: 215318
  memory_system_cycles: 9992455
  DRAM:
    impl: HBM2
  AddrMapper:
    impl: RoBaRaCoCh
  Controller:
    impl: Generic
    id: Channel 0
    Scheduler:
      impl: FRFCFS
    RefreshManager:
      impl: AllBank



Frontend:
  impl: GEM5

[2026-06-10 12:24:34.538] [info] Row hits: 388248, Row misses: 4446, Row conflicts: 133468
MemorySystem:
  impl: GenericDRAM
  total_num_other_requests: 0
  total_num_write_requests: 310590
  total_num_read_requests: 215572
  memory_system_cycles: 9992455
  DRAM:
    impl: HBM2
  AddrMapper:
    impl: RoBaRaCoCh
  Controller:
    impl: Generic
    id: Channel 0
    Scheduler:
      impl: FRFCFS
    RefreshManager:
      impl: AllBank



[2026-06-10 12:24:34.539] [info] Simulation time: 452.765844 seconds
[2026-06-10 12:24:34.539] [info] Total tile: 744, simulated tile per seconds(TPS): 1.723602
