[2026-07-06 00:27:28.410] [info] CPU 0: Partition 0
[2026-07-06 00:27:28.410] [info] CPU 1: Partition 0
[2026-07-06 00:27:28.410] [info] CPU 2: Partition 0
[2026-07-06 00:27:28.410] [info] CPU 3: Partition 0
[2026-07-06 00:27:28.410] [info] Running in language mode
[2026-07-06 00:27:28.410] [info] Simulator Configuration:
[2026-07-06 00:27:28.410] [info] [Core 0] Systolic Array Throughput: 131072 GFLOPS, Spad size: 32768 KB, Accumulator size: 4096 KB
[2026-07-06 00:27:28.410] [info] [Core 1] Systolic Array Throughput: 131072 GFLOPS, Spad size: 32768 KB, Accumulator size: 4096 KB
[2026-07-06 00:27:28.410] [info] [Core 2] Systolic Array Throughput: 131072 GFLOPS, Spad size: 32768 KB, Accumulator size: 4096 KB
[2026-07-06 00:27:28.410] [info] [Core 3] Systolic Array Throughput: 131072 GFLOPS, Spad size: 32768 KB, Accumulator size: 4096 KB
[2026-07-06 00:27:28.410] [info] DRAM Bandwidth 614 GB/s
[2026-07-06 00:27:28.410] [info] Ramulator2 config: /workspace/ONNXim/configs/../configs/ramulator2_configs/HBM2.yaml
[2026-07-06 00:27:28.419] [info] Initialize Booksim2
[2026-07-06 00:27:28.419] [info] Config path : /workspace/ONNXim/configs/../configs/booksim2_configs/fly_c64_m16.icnt
[2026-07-06 00:27:28.422] [info] Register Language Model: opt-125m
[2026-07-06 00:27:28.422] [info] Tensor Parallelsim 1, Pipeline Parallelism 1
[2026-07-06 00:27:28.422] [info] Weight size: 0.09 GB
[2026-07-06 00:27:28.422] [info] Simple Language scheduler selected
[2026-07-06 00:27:28.422] [info] num layer 1 num sim layer 1
[2026-07-06 00:27:28.422] [info] ======Start Simulation=====
[2026-07-06 00:27:28.422] [info] Total Memory Usage: 0.09 GB
[2026-07-06 00:27:28.422] [info] Weight Memory Usage: 0.09 GB
[2026-07-06 00:27:28.422] [info] KV Memory Usage: 0.00 GB
[2026-07-06 00:27:28.422] [info] Activation Memory Usage: 0.00 GB
[2026-07-06 00:27:28.422] [info] [GEMM] spad_size: 33554432 accum_size: 4194304
[2026-07-06 00:27:28.422] [info] [GEMM] required_sram_size: 983040 required_accum_size: 131072
[2026-07-06 00:27:28.422] [info] [GEMM] Used gemmini gemm mapping: Total N:100 C:768 M:2304, Outer N:1 C:1 M:5, Inner N:128 C:768 M:512
[2026-07-06 00:27:28.442] [info] [GemmWs] Keys K = 768, N = 100, M = 2304
[2026-07-06 00:27:28.442] [info] [GemmWS]: total 0.3541248 GFLOPs, 0.004157952 GB
[2026-07-06 00:27:28.442] [info] [GemmWS]: Theoretical time(ms): 0.006771908829250606 Compute time: 0.002701757921386161 Memory time: 0.006771908829250606
[2026-07-06 00:27:28.444] [info] [Attention] total_spad_size_per_head: 38400 B
[2026-07-06 00:27:28.444] [info] [Attention] total_acc_size_per_head: 20000 B
[2026-07-06 00:27:28.444] [info] [Attention] q_len: 100, seq_len: 100, dk: 64, heads per tile 1
[2026-07-06 00:27:28.444] [info] [Attention] Spad size 16777216
[2026-07-06 00:27:28.444] [info] [Attention] Accum spad size 2097152
[2026-07-06 00:27:28.444] [info] Mapping info Total Loop: N1200 C64 M100 S1 R1 Q1 P1 Tile Out Loop: N12 C1 M1 S1 R1 Q1 P1 Tile In Loop: N100 C64 M100 S1 R1 Q1 P1
[2026-07-06 00:27:28.456] [info] [Attention] QK 0.01536 GFLOPs
[2026-07-06 00:27:28.456] [info] [Attention] total 0.03192 GFLOPs, 0.0006144 GB
[2026-07-06 00:27:28.456] [info] [Attention] Theoretical time(ms): 0.0010006515 Compute time: 0.0003808594 Memory time: 0.0010006515
[2026-07-06 00:27:28.456] [info] [Attention] QK compute 0.0001ms Softmax compute 0.0001ms SV compute 0.0001ms
[2026-07-06 00:27:28.456] [info] [GEMM] spad_size: 33554432 accum_size: 4194304
[2026-07-06 00:27:28.456] [info] [GEMM] required_sram_size: 393216 required_accum_size: 32768
[2026-07-06 00:27:28.456] [info] [GEMM] Used gemmini gemm mapping: Total N:100 C:768 M:768, Outer N:1 C:1 M:6, Inner N:128 C:768 M:128
[2026-07-06 00:27:28.464] [info] [GemmWs] Keys K = 768, N = 100, M = 768
[2026-07-06 00:27:28.464] [info] [GemmWS]: total 0.118041605 GFLOPs, 0.001488384 GB
[2026-07-06 00:27:28.464] [info] [GemmWS]: Theoretical time(ms): 0.002424078047624789 Compute time: 0.000900585973795387 Memory time: 0.002424078047624789
[2026-07-06 00:27:28.464] [info] [SkipLayerNorm] tokens_per_tile: 13
[2026-07-06 00:27:28.465] [info] [GEMM] spad_size: 33554432 accum_size: 4194304
[2026-07-06 00:27:28.465] [info] [GEMM] required_sram_size: 983040 required_accum_size: 131072
[2026-07-06 00:27:28.465] [info] [GEMM] Used gemmini gemm mapping: Total N:100 C:768 M:3072, Outer N:1 C:1 M:6, Inner N:128 C:768 M:512
[2026-07-06 00:27:28.487] [info] [GemmWs] Keys K = 768, N = 100, M = 3072
[2026-07-06 00:27:28.487] [info] [GemmWS]: total 0.47185922 GFLOPs, 0.005486592 GB
[2026-07-06 00:27:28.487] [info] [GemmWS]: Theoretical time(ms): 0.008935818186728284 Compute time: 0.003600000127335079 Memory time: 0.008935818186728284
[2026-07-06 00:27:28.487] [info] [BiasAct] tokens_per_tile: 13
[2026-07-06 00:27:28.490] [info] [GEMM] spad_size: 33554432 accum_size: 4194304
[2026-07-06 00:27:28.490] [info] [GEMM] required_sram_size: 1572864 required_accum_size: 32768
[2026-07-06 00:27:28.490] [info] [GEMM] Used gemmini gemm mapping: Total N:100 C:3072 M:768, Outer N:1 C:1 M:6, Inner N:128 C:3072 M:128
[2026-07-06 00:27:28.524] [info] [GemmWs] Keys K = 3072, N = 100, M = 768
[2026-07-06 00:27:28.524] [info] [GemmWS]: total 0.47193602 GFLOPs, 0.0054881284 GB
[2026-07-06 00:27:28.524] [info] [GemmWS]: Theoretical time(ms): 0.008938320206652861 Compute time: 0.0036005860692966962 Memory time: 0.008938320206652861
[2026-07-06 00:27:28.524] [info] [SkipLayerNorm] tokens_per_tile: 13
[2026-07-06 00:27:28.525] [info]  Model initialization time: 0.102603 seconds
[2026-07-06 00:27:28.525] [info] Schedule model: opt-125m at 1000 us
[2026-07-06 00:27:28.525] [info] MODEL opt-125m Scheduled, Total Request: 1
[2026-07-06 00:27:28.525] [info] executable layer count 1
[2026-07-06 00:27:28.525] [info] Start layer layer0.attn.QKVgen
[2026-07-06 00:27:28.525] [info] HBM2-CH_0: BW utilization 0% (0 reads, 0 writes)
[2026-07-06 00:27:32.632] [info] HBM2-CH_0: BW utilization 56% (5458 reads, 0 writes)
[2026-07-06 00:27:32.633] [info] Core [0] : MatMul active cycle 0 Vector active cycle 0 
[2026-07-06 00:27:32.633] [info] Core [0] : issued tile 1 
[2026-07-06 00:27:32.633] [info] Core [0] : Memory unit idle cycle 2702 Systolic bubble cycle 0 Core idle cycle 0 
[2026-07-06 00:27:32.633] [info] Core [0] : Systolic Array Utilization(%) 0.00 (0.00% PE util), Vector Unit Utilization(%) 0.00, Total cycle: 8000
[2026-07-06 00:27:33.773] [info] HBM2-CH_0: BW utilization 38% (2967 reads, 706 writes)
[2026-07-06 00:27:33.773] [info] Core [0] : MatMul active cycle 2200 Vector active cycle 0 
[2026-07-06 00:27:33.773] [info] Core [0] : issued tile 1 
[2026-07-06 00:27:33.773] [info] Core [0] : Memory unit idle cycle 7850 Systolic bubble cycle 0 Core idle cycle 0 
[2026-07-06 00:27:33.773] [info] Core [0] : Systolic Array Utilization(%) 39.33 (27.50% PE util), Vector Unit Utilization(%) 0.00, Total cycle: 16000
[2026-07-06 00:27:33.809] [info] Layer layer0.attn.QKVgen finish at 16582
[2026-07-06 00:27:33.809] [info] Total compute time 16582
[2026-07-06 00:27:33.809] [info] executable layer count 1
[2026-07-06 00:27:33.809] [info] Start layer layer0.attn.KVccat
[2026-07-06 00:27:33.809] [info] Layer layer0.attn.KVccat finish at 16584
[2026-07-06 00:27:33.809] [info] Total compute time 2
[2026-07-06 00:27:33.809] [info] executable layer count 1
[2026-07-06 00:27:33.809] [info] Start layer layer0.attn.Attention.0
[2026-07-06 00:27:33.988] [info] VECTOR DEBUG: opcode=14 compute_size=201 vec_cycles=100
[2026-07-06 00:27:33.989] [info] VECTOR DEBUG: opcode=14 compute_size=201 vec_cycles=100
[2026-07-06 00:27:33.989] [info] VECTOR DEBUG: opcode=14 compute_size=201 vec_cycles=100
[2026-07-06 00:27:33.989] [info] VECTOR DEBUG: opcode=10 compute_size=20200 vec_cycles=3
[2026-07-06 00:27:33.989] [info] VECTOR DEBUG: opcode=15 compute_size=40400 vec_cycles=5
[2026-07-06 00:27:33.989] [info] VECTOR DEBUG: opcode=14 compute_size=400 vec_cycles=100
[2026-07-06 00:27:33.989] [info] VECTOR DEBUG: opcode=10 compute_size=20200 vec_cycles=3
[2026-07-06 00:27:33.989] [info] VECTOR DEBUG: opcode=15 compute_size=40400 vec_cycles=5
[2026-07-06 00:27:33.989] [info] VECTOR DEBUG: opcode=14 compute_size=400 vec_cycles=100
[2026-07-06 00:27:33.989] [info] VECTOR DEBUG: opcode=10 compute_size=20200 vec_cycles=3
[2026-07-06 00:27:33.989] [info] VECTOR DEBUG: opcode=15 compute_size=40400 vec_cycles=5
[2026-07-06 00:27:33.989] [info] VECTOR DEBUG: opcode=14 compute_size=400 vec_cycles=100
[2026-07-06 00:27:33.990] [info] VECTOR DEBUG: opcode=14 compute_size=201 vec_cycles=100
[2026-07-06 00:27:33.990] [info] VECTOR DEBUG: opcode=12 compute_size=40000 vec_cycles=5
[2026-07-06 00:27:33.990] [info] VECTOR DEBUG: opcode=13 compute_size=400 vec_cycles=1
[2026-07-06 00:27:33.990] [info] VECTOR DEBUG: opcode=11 compute_size=40000 vec_cycles=5
[2026-07-06 00:27:33.990] [info] VECTOR DEBUG: opcode=12 compute_size=40000 vec_cycles=5
[2026-07-06 00:27:33.990] [info] VECTOR DEBUG: opcode=13 compute_size=400 vec_cycles=1
[2026-07-06 00:27:33.990] [info] VECTOR DEBUG: opcode=14 compute_size=201 vec_cycles=100
[2026-07-06 00:27:33.990] [info] VECTOR DEBUG: opcode=13 compute_size=400 vec_cycles=1
[2026-07-06 00:27:33.990] [info] VECTOR DEBUG: opcode=11 compute_size=40000 vec_cycles=5
[2026-07-06 00:27:33.990] [info] VECTOR DEBUG: opcode=13 compute_size=400 vec_cycles=1
[2026-07-06 00:27:33.990] [info] VECTOR DEBUG: opcode=12 compute_size=40000 vec_cycles=5
[2026-07-06 00:27:33.990] [info] VECTOR DEBUG: opcode=14 compute_size=201 vec_cycles=100
[2026-07-06 00:27:33.990] [info] VECTOR DEBUG: opcode=13 compute_size=400 vec_cycles=1
[2026-07-06 00:27:33.990] [info] VECTOR DEBUG: opcode=11 compute_size=40000 vec_cycles=5
[2026-07-06 00:27:33.990] [info] VECTOR DEBUG: opcode=13 compute_size=400 vec_cycles=1
[2026-07-06 00:27:33.990] [info] VECTOR DEBUG: opcode=14 compute_size=201 vec_cycles=100
[2026-07-06 00:27:33.991] [info] VECTOR DEBUG: opcode=10 compute_size=20200 vec_cycles=3
[2026-07-06 00:27:33.991] [info] VECTOR DEBUG: opcode=15 compute_size=40400 vec_cycles=5
[2026-07-06 00:27:33.991] [info] VECTOR DEBUG: opcode=14 compute_size=400 vec_cycles=100
[2026-07-06 00:27:33.991] [info] VECTOR DEBUG: opcode=10 compute_size=20200 vec_cycles=3
[2026-07-06 00:27:33.991] [info] VECTOR DEBUG: opcode=15 compute_size=40400 vec_cycles=5
[2026-07-06 00:27:33.991] [info] VECTOR DEBUG: opcode=14 compute_size=400 vec_cycles=100
[2026-07-06 00:27:33.991] [info] VECTOR DEBUG: opcode=10 compute_size=20200 vec_cycles=3
[2026-07-06 00:27:33.991] [info] VECTOR DEBUG: opcode=15 compute_size=40400 vec_cycles=5
[2026-07-06 00:27:33.991] [info] VECTOR DEBUG: opcode=14 compute_size=400 vec_cycles=100
[2026-07-06 00:27:33.991] [info] VECTOR DEBUG: opcode=10 compute_size=20200 vec_cycles=3
[2026-07-06 00:27:33.991] [info] VECTOR DEBUG: opcode=15 compute_size=40400 vec_cycles=5
[2026-07-06 00:27:33.991] [info] VECTOR DEBUG: opcode=14 compute_size=400 vec_cycles=100
[2026-07-06 00:27:33.991] [info] VECTOR DEBUG: opcode=12 compute_size=40000 vec_cycles=5
[2026-07-06 00:27:33.991] [info] VECTOR DEBUG: opcode=13 compute_size=400 vec_cycles=1
[2026-07-06 00:27:33.991] [info] VECTOR DEBUG: opcode=11 compute_size=40000 vec_cycles=5
[2026-07-06 00:27:33.991] [info] VECTOR DEBUG: opcode=13 compute_size=400 vec_cycles=1
[2026-07-06 00:27:33.991] [info] VECTOR DEBUG: opcode=14 compute_size=201 vec_cycles=100
[2026-07-06 00:27:33.991] [info] VECTOR DEBUG: opcode=12 compute_size=40000 vec_cycles=5
[2026-07-06 00:27:33.991] [info] VECTOR DEBUG: opcode=13 compute_size=400 vec_cycles=1
[2026-07-06 00:27:33.991] [info] VECTOR DEBUG: opcode=11 compute_size=40000 vec_cycles=5
[2026-07-06 00:27:33.992] [info] VECTOR DEBUG: opcode=12 compute_size=40000 vec_cycles=5
[2026-07-06 00:27:33.992] [info] VECTOR DEBUG: opcode=13 compute_size=400 vec_cycles=1
[2026-07-06 00:27:33.992] [info] VECTOR DEBUG: opcode=13 compute_size=400 vec_cycles=1
[2026-07-06 00:27:33.992] [info] VECTOR DEBUG: opcode=11 compute_size=40000 vec_cycles=5
[2026-07-06 00:27:33.992] [info] VECTOR DEBUG: opcode=13 compute_size=400 vec_cycles=1
[2026-07-06 00:27:33.992] [info] VECTOR DEBUG: opcode=12 compute_size=40000 vec_cycles=5
[2026-07-06 00:27:33.992] [info] VECTOR DEBUG: opcode=13 compute_size=400 vec_cycles=1
[2026-07-06 00:27:33.992] [info] VECTOR DEBUG: opcode=11 compute_size=40000 vec_cycles=5
[2026-07-06 00:27:33.992] [info] VECTOR DEBUG: opcode=13 compute_size=400 vec_cycles=1
[2026-07-06 00:27:33.992] [info] VECTOR DEBUG: opcode=10 compute_size=20200 vec_cycles=3
[2026-07-06 00:27:33.992] [info] VECTOR DEBUG: opcode=15 compute_size=40400 vec_cycles=5
[2026-07-06 00:27:33.992] [info] VECTOR DEBUG: opcode=14 compute_size=400 vec_cycles=100
[2026-07-06 00:27:33.993] [info] VECTOR DEBUG: opcode=12 compute_size=40000 vec_cycles=5
[2026-07-06 00:27:33.993] [info] VECTOR DEBUG: opcode=13 compute_size=400 vec_cycles=1
[2026-07-06 00:27:33.993] [info] VECTOR DEBUG: opcode=11 compute_size=40000 vec_cycles=5
[2026-07-06 00:27:33.993] [info] VECTOR DEBUG: opcode=13 compute_size=400 vec_cycles=1
[2026-07-06 00:27:33.994] [info] VECTOR DEBUG: opcode=11 compute_size=25600 vec_cycles=4
[2026-07-06 00:27:33.994] [info] VECTOR DEBUG: opcode=11 compute_size=25600 vec_cycles=4
[2026-07-06 00:27:33.996] [info] VECTOR DEBUG: opcode=11 compute_size=25600 vec_cycles=4
[2026-07-06 00:27:34.016] [info] VECTOR DEBUG: opcode=11 compute_size=25600 vec_cycles=4
[2026-07-06 00:27:34.018] [info] VECTOR DEBUG: opcode=11 compute_size=25600 vec_cycles=4
[2026-07-06 00:27:34.022] [info] VECTOR DEBUG: opcode=11 compute_size=25600 vec_cycles=4
[2026-07-06 00:27:34.033] [info] VECTOR DEBUG: opcode=11 compute_size=25600 vec_cycles=4
[2026-07-06 00:27:34.064] [info] VECTOR DEBUG: opcode=11 compute_size=25600 vec_cycles=4
[2026-07-06 00:27:34.124] [info] VECTOR DEBUG: opcode=14 compute_size=201 vec_cycles=100
[2026-07-06 00:27:34.125] [info] VECTOR DEBUG: opcode=10 compute_size=20200 vec_cycles=3
[2026-07-06 00:27:34.125] [info] VECTOR DEBUG: opcode=15 compute_size=40400 vec_cycles=5
[2026-07-06 00:27:34.125] [info] VECTOR DEBUG: opcode=14 compute_size=400 vec_cycles=100
[2026-07-06 00:27:34.125] [info] VECTOR DEBUG: opcode=14 compute_size=201 vec_cycles=100
[2026-07-06 00:27:34.125] [info] VECTOR DEBUG: opcode=14 compute_size=201 vec_cycles=100
[2026-07-06 00:27:34.126] [info] VECTOR DEBUG: opcode=12 compute_size=40000 vec_cycles=5
[2026-07-06 00:27:34.126] [info] VECTOR DEBUG: opcode=13 compute_size=400 vec_cycles=1
[2026-07-06 00:27:34.126] [info] VECTOR DEBUG: opcode=10 compute_size=20200 vec_cycles=3
[2026-07-06 00:27:34.126] [info] VECTOR DEBUG: opcode=11 compute_size=40000 vec_cycles=5
[2026-07-06 00:27:34.126] [info] VECTOR DEBUG: opcode=15 compute_size=40400 vec_cycles=5
[2026-07-06 00:27:34.126] [info] VECTOR DEBUG: opcode=13 compute_size=400 vec_cycles=1
[2026-07-06 00:27:34.126] [info] VECTOR DEBUG: opcode=14 compute_size=400 vec_cycles=100
[2026-07-06 00:27:34.126] [info] VECTOR DEBUG: opcode=14 compute_size=201 vec_cycles=100
[2026-07-06 00:27:34.126] [info] VECTOR DEBUG: opcode=10 compute_size=20200 vec_cycles=3
[2026-07-06 00:27:34.126] [info] VECTOR DEBUG: opcode=15 compute_size=40400 vec_cycles=5
[2026-07-06 00:27:34.126] [info] VECTOR DEBUG: opcode=14 compute_size=400 vec_cycles=100
[2026-07-06 00:27:34.126] [info] VECTOR DEBUG: opcode=12 compute_size=40000 vec_cycles=5
[2026-07-06 00:27:34.126] [info] VECTOR DEBUG: opcode=13 compute_size=400 vec_cycles=1
[2026-07-06 00:27:34.126] [info] VECTOR DEBUG: opcode=11 compute_size=40000 vec_cycles=5
[2026-07-06 00:27:34.126] [info] VECTOR DEBUG: opcode=10 compute_size=20200 vec_cycles=3
[2026-07-06 00:27:34.126] [info] VECTOR DEBUG: opcode=15 compute_size=40400 vec_cycles=5
[2026-07-06 00:27:34.126] [info] VECTOR DEBUG: opcode=13 compute_size=400 vec_cycles=1
[2026-07-06 00:27:34.127] [info] VECTOR DEBUG: opcode=14 compute_size=400 vec_cycles=100
[2026-07-06 00:27:34.127] [info] VECTOR DEBUG: opcode=12 compute_size=40000 vec_cycles=5
[2026-07-06 00:27:34.127] [info] VECTOR DEBUG: opcode=13 compute_size=400 vec_cycles=1
[2026-07-06 00:27:34.127] [info] VECTOR DEBUG: opcode=11 compute_size=40000 vec_cycles=5
[2026-07-06 00:27:34.127] [info] VECTOR DEBUG: opcode=13 compute_size=400 vec_cycles=1
[2026-07-06 00:27:34.127] [info] VECTOR DEBUG: opcode=12 compute_size=40000 vec_cycles=5
[2026-07-06 00:27:34.127] [info] VECTOR DEBUG: opcode=13 compute_size=400 vec_cycles=1
[2026-07-06 00:27:34.127] [info] VECTOR DEBUG: opcode=11 compute_size=40000 vec_cycles=5
[2026-07-06 00:27:34.127] [info] VECTOR DEBUG: opcode=13 compute_size=400 vec_cycles=1
[2026-07-06 00:27:34.130] [info] VECTOR DEBUG: opcode=11 compute_size=25600 vec_cycles=4
[2026-07-06 00:27:34.135] [info] VECTOR DEBUG: opcode=11 compute_size=25600 vec_cycles=4
[2026-07-06 00:27:34.139] [info] VECTOR DEBUG: opcode=11 compute_size=25600 vec_cycles=4
[2026-07-06 00:27:34.143] [info] VECTOR DEBUG: opcode=11 compute_size=25600 vec_cycles=4
[2026-07-06 00:27:34.144] [info] Layer layer0.attn.Attention.0 finish at 20557
[2026-07-06 00:27:34.144] [info] Total compute time 3973
[2026-07-06 00:27:34.144] [info] executable layer count 1
[2026-07-06 00:27:34.144] [info] Start layer layer0.attn.Atccat
[2026-07-06 00:27:34.144] [info] Layer layer0.attn.Atccat finish at 20558
[2026-07-06 00:27:34.144] [info] Total compute time 1
[2026-07-06 00:27:34.144] [info] executable layer count 1
[2026-07-06 00:27:34.144] [info] Start layer layer0.attn.proj
[2026-07-06 00:27:36.046] [info] HBM2-CH_0: BW utilization 46% (3931 reads, 489 writes)
[2026-07-06 00:27:36.047] [info] Core [0] : MatMul active cycle 434 Vector active cycle 672 
[2026-07-06 00:27:36.047] [info] Core [0] : issued tile 1 
[2026-07-06 00:27:36.047] [info] Core [0] : Memory unit idle cycle 6965 Systolic bubble cycle 0 Core idle cycle 357 
[2026-07-06 00:27:36.047] [info] Core [0] : Systolic Array Utilization(%) 22.80 (5.43% PE util), Vector Unit Utilization(%) 8.40, Total cycle: 24000
[2026-07-06 00:27:36.402] [info] Layer layer0.attn.proj finish at 26803
[2026-07-06 00:27:36.402] [info] Total compute time 6245
[2026-07-06 00:27:36.402] [info] executable layer count 1
[2026-07-06 00:27:36.402] [info] Start layer layer0.attn.ln
[2026-07-06 00:27:36.524] [info] VECTOR DEBUG: opcode=9 compute_size=0 vec_cycles=5
[2026-07-06 00:27:36.525] [info] VECTOR DEBUG: opcode=9 compute_size=0 vec_cycles=5
[2026-07-06 00:27:36.592] [info] VECTOR DEBUG: opcode=10 compute_size=0 vec_cycles=0
[2026-07-06 00:27:36.600] [info] VECTOR DEBUG: opcode=9 compute_size=0 vec_cycles=5
[2026-07-06 00:27:36.600] [info] VECTOR DEBUG: opcode=10 compute_size=0 vec_cycles=0
[2026-07-06 00:27:36.615] [info] VECTOR DEBUG: opcode=9 compute_size=0 vec_cycles=5
[2026-07-06 00:27:36.674] [info] VECTOR DEBUG: opcode=10 compute_size=0 vec_cycles=0
[2026-07-06 00:27:36.691] [info] VECTOR DEBUG: opcode=9 compute_size=0 vec_cycles=5
[2026-07-06 00:27:36.693] [info] VECTOR DEBUG: opcode=10 compute_size=0 vec_cycles=0
[2026-07-06 00:27:36.696] [info] VECTOR DEBUG: opcode=9 compute_size=0 vec_cycles=5
[2026-07-06 00:27:36.696] [info] VECTOR DEBUG: opcode=9 compute_size=0 vec_cycles=5
[2026-07-06 00:27:36.697] [info] VECTOR DEBUG: opcode=9 compute_size=0 vec_cycles=5
[2026-07-06 00:27:36.698] [info] VECTOR DEBUG: opcode=10 compute_size=0 vec_cycles=0
[2026-07-06 00:27:36.698] [info] VECTOR DEBUG: opcode=10 compute_size=0 vec_cycles=0
[2026-07-06 00:27:36.699] [info] VECTOR DEBUG: opcode=10 compute_size=0 vec_cycles=0
[2026-07-06 00:27:36.703] [info] VECTOR DEBUG: opcode=10 compute_size=0 vec_cycles=0
[2026-07-06 00:27:36.704] [info] Layer layer0.attn.ln finish at 27812
[2026-07-06 00:27:36.704] [info] Total compute time 1009
[2026-07-06 00:27:36.704] [info] executable layer count 1
[2026-07-06 00:27:36.704] [info] Start layer layer0.ffn.fc1
[2026-07-06 00:27:40.192] [info] HBM2-CH_0: BW utilization 55% (4719 reads, 566 writes)
[2026-07-06 00:27:40.200] [info] Core [0] : MatMul active cycle 600 Vector active cycle 12 
[2026-07-06 00:27:40.200] [info] Core [0] : issued tile 2 
[2026-07-06 00:27:40.200] [info] Core [0] : Memory unit idle cycle 3553 Systolic bubble cycle 0 Core idle cycle 1390 
[2026-07-06 00:27:40.200] [info] Core [0] : Systolic Array Utilization(%) 12.43 (7.50% PE util), Vector Unit Utilization(%) 0.15, Total cycle: 32000
[2026-07-06 00:27:43.933] [info] HBM2-CH_0: BW utilization 51% (4901 reads, 0 writes)
[2026-07-06 00:27:43.941] [info] Core [0] : MatMul active cycle 0 Vector active cycle 0 
[2026-07-06 00:27:43.941] [info] Core [0] : issued tile 2 
[2026-07-06 00:27:43.941] [info] Core [0] : Memory unit idle cycle 0 Systolic bubble cycle 0 Core idle cycle 0 
[2026-07-06 00:27:43.941] [info] Core [0] : Systolic Array Utilization(%) 0.00 (0.00% PE util), Vector Unit Utilization(%) 0.00, Total cycle: 40000
[2026-07-06 00:27:45.180] [info] HBM2-CH_0: BW utilization 40% (3072 reads, 840 writes)
[2026-07-06 00:27:45.180] [info] Core [0] : MatMul active cycle 4100 Vector active cycle 0 
[2026-07-06 00:27:45.180] [info] Core [0] : issued tile 1 
[2026-07-06 00:27:45.180] [info] Core [0] : Memory unit idle cycle 6414 Systolic bubble cycle 422 Core idle cycle 0 
[2026-07-06 00:27:45.180] [info] Core [0] : Systolic Array Utilization(%) 77.45 (51.25% PE util), Vector Unit Utilization(%) 0.00, Total cycle: 48000
[2026-07-06 00:27:45.327] [info] Layer layer0.ffn.fc1 finish at 49076
[2026-07-06 00:27:45.327] [info] Total compute time 21264
[2026-07-06 00:27:45.327] [info] executable layer count 1
[2026-07-06 00:27:45.327] [info] Start layer layer0.ffn.act
[2026-07-06 00:27:45.807] [info] VECTOR DEBUG: opcode=10 compute_size=79872 vec_cycles=10
[2026-07-06 00:27:45.810] [info] VECTOR DEBUG: opcode=6 compute_size=79872 vec_cycles=10
[2026-07-06 00:27:45.841] [info] VECTOR DEBUG: opcode=10 compute_size=79872 vec_cycles=10
[2026-07-06 00:27:45.845] [info] VECTOR DEBUG: opcode=6 compute_size=79872 vec_cycles=10
[2026-07-06 00:27:45.900] [info] VECTOR DEBUG: opcode=10 compute_size=79872 vec_cycles=10
[2026-07-06 00:27:45.903] [info] VECTOR DEBUG: opcode=6 compute_size=79872 vec_cycles=10
[2026-07-06 00:27:45.934] [info] VECTOR DEBUG: opcode=10 compute_size=79872 vec_cycles=10
[2026-07-06 00:27:45.937] [info] VECTOR DEBUG: opcode=6 compute_size=79872 vec_cycles=10
[2026-07-06 00:27:46.188] [info] VECTOR DEBUG: opcode=10 compute_size=55296 vec_cycles=7
[2026-07-06 00:27:46.188] [info] VECTOR DEBUG: opcode=10 compute_size=79872 vec_cycles=10
[2026-07-06 00:27:46.188] [info] VECTOR DEBUG: opcode=6 compute_size=55296 vec_cycles=7
[2026-07-06 00:27:46.188] [info] VECTOR DEBUG: opcode=6 compute_size=79872 vec_cycles=10
[2026-07-06 00:27:46.190] [info] VECTOR DEBUG: opcode=10 compute_size=79872 vec_cycles=10
[2026-07-06 00:27:46.191] [info] VECTOR DEBUG: opcode=10 compute_size=79872 vec_cycles=10
[2026-07-06 00:27:46.191] [info] VECTOR DEBUG: opcode=6 compute_size=79872 vec_cycles=10
[2026-07-06 00:27:46.193] [info] VECTOR DEBUG: opcode=6 compute_size=79872 vec_cycles=10
[2026-07-06 00:27:46.196] [info] Layer layer0.ffn.act finish at 51675
[2026-07-06 00:27:46.196] [info] Total compute time 2599
[2026-07-06 00:27:46.196] [info] executable layer count 1
[2026-07-06 00:27:46.196] [info] Start layer layer0.ffn.fc2
[2026-07-06 00:27:50.457] [info] HBM2-CH_0: BW utilization 53% (3600 reads, 1580 writes)
[2026-07-06 00:27:50.471] [info] Core [0] : MatMul active cycle 700 Vector active cycle 40 
[2026-07-06 00:27:50.472] [info] Core [0] : issued tile 1 
[2026-07-06 00:27:50.472] [info] Core [0] : Memory unit idle cycle 3046 Systolic bubble cycle 0 Core idle cycle 134 
[2026-07-06 00:27:50.472] [info] Core [0] : Systolic Array Utilization(%) 9.90 (8.75% PE util), Vector Unit Utilization(%) 0.50, Total cycle: 56000
[2026-07-06 00:27:56.823] [info] HBM2-CH_0: BW utilization 60% (5824 reads, 0 writes)
[2026-07-06 00:27:56.837] [info] Core [0] : MatMul active cycle 0 Vector active cycle 0 
[2026-07-06 00:27:56.837] [info] Core [0] : issued tile 1 
[2026-07-06 00:27:56.837] [info] Core [0] : Memory unit idle cycle 591 Systolic bubble cycle 0 Core idle cycle 0 
[2026-07-06 00:27:56.837] [info] Core [0] : Systolic Array Utilization(%) 0.00 (0.00% PE util), Vector Unit Utilization(%) 0.00, Total cycle: 64000
[2026-07-06 00:28:00.804] [info] HBM2-CH_0: BW utilization 63% (6120 reads, 0 writes)
[2026-07-06 00:28:00.825] [info] Core [0] : MatMul active cycle 0 Vector active cycle 0 
[2026-07-06 00:28:00.825] [info] Core [0] : issued tile 1 
[2026-07-06 00:28:00.825] [info] Core [0] : Memory unit idle cycle 8000 Systolic bubble cycle 0 Core idle cycle 0 
[2026-07-06 00:28:00.825] [info] Core [0] : Systolic Array Utilization(%) 0.00 (0.00% PE util), Vector Unit Utilization(%) 0.00, Total cycle: 72000
[2026-07-06 00:28:01.675] [info] HBM2-CH_0: BW utilization 25% (2184 reads, 221 writes)
[2026-07-06 00:28:01.675] [info] Core [0] : MatMul active cycle 2400 Vector active cycle 0 
[2026-07-06 00:28:01.675] [info] Core [0] : issued tile 0 
[2026-07-06 00:28:01.675] [info] Core [0] : Memory unit idle cycle 7950 Systolic bubble cycle 0 Core idle cycle 1220 
[2026-07-06 00:28:01.675] [info] Core [0] : Systolic Array Utilization(%) 41.22 (30.00% PE util), Vector Unit Utilization(%) 0.00, Total cycle: 80000
[2026-07-06 00:28:01.686] [info] Layer layer0.ffn.fc2 finish at 81383
[2026-07-06 00:28:01.686] [info] Total compute time 29708
[2026-07-06 00:28:01.686] [info] executable layer count 1
[2026-07-06 00:28:01.686] [info] Start layer layer0.ffn.ln
[2026-07-06 00:28:01.792] [info] VECTOR DEBUG: opcode=9 compute_size=0 vec_cycles=5
[2026-07-06 00:28:01.809] [info] VECTOR DEBUG: opcode=9 compute_size=0 vec_cycles=5
[2026-07-06 00:28:01.877] [info] VECTOR DEBUG: opcode=10 compute_size=0 vec_cycles=0
[2026-07-06 00:28:01.880] [info] VECTOR DEBUG: opcode=9 compute_size=0 vec_cycles=5
[2026-07-06 00:28:01.896] [info] VECTOR DEBUG: opcode=9 compute_size=0 vec_cycles=5
[2026-07-06 00:28:01.899] [info] VECTOR DEBUG: opcode=10 compute_size=0 vec_cycles=0
[2026-07-06 00:28:01.934] [info] VECTOR DEBUG: opcode=9 compute_size=0 vec_cycles=5
[2026-07-06 00:28:01.938] [info] VECTOR DEBUG: opcode=9 compute_size=0 vec_cycles=5
[2026-07-06 00:28:01.942] [info] VECTOR DEBUG: opcode=10 compute_size=0 vec_cycles=0
[2026-07-06 00:28:01.949] [info] VECTOR DEBUG: opcode=10 compute_size=0 vec_cycles=0
[2026-07-06 00:28:01.949] [info] VECTOR DEBUG: opcode=10 compute_size=0 vec_cycles=0
[2026-07-06 00:28:01.950] [info] VECTOR DEBUG: opcode=10 compute_size=0 vec_cycles=0
[2026-07-06 00:28:01.980] [info] VECTOR DEBUG: opcode=9 compute_size=0 vec_cycles=5
[2026-07-06 00:28:01.983] [info] VECTOR DEBUG: opcode=9 compute_size=0 vec_cycles=5
[2026-07-06 00:28:01.984] [info] VECTOR DEBUG: opcode=10 compute_size=0 vec_cycles=0
[2026-07-06 00:28:01.990] [info] VECTOR DEBUG: opcode=10 compute_size=0 vec_cycles=0
[2026-07-06 00:28:01.990] [info] Layer layer0.ffn.ln finish at 82447
[2026-07-06 00:28:01.990] [info] Total compute time 1064
[2026-07-06 00:28:01.990] [info] Model[opt-125m] Request: 0 us, Start: 0 us, finish:82 us, Current Cycle:82447
[2026-07-06 00:28:01.990] [info] No total_seq_len!
[2026-07-06 00:28:01.990] [info] Total Memory Usage: 0.09 GB
[2026-07-06 00:28:01.990] [info] Weight Memory Usage: 0.09 GB
[2026-07-06 00:28:01.990] [info] KV Memory Usage: 0.00 GB
[2026-07-06 00:28:01.990] [info] Activation Memory Usage: 0.00 GB
[2026-07-06 00:28:01.990] [info] [GEMM] spad_size: 33554432 accum_size: 4194304
[2026-07-06 00:28:01.990] [info] [GEMM] required_sram_size: 983040 required_accum_size: 131072
[2026-07-06 00:28:01.990] [info] [GEMM] Used gemmini gemm mapping: Total N:1 C:768 M:2304, Outer N:1 C:1 M:5, Inner N:128 C:768 M:512
[2026-07-06 00:28:02.005] [info] [GemmWs] Keys K = 768, N = 1, M = 2304
[2026-07-06 00:28:02.005] [info] [GemmWS]: total 0.003541248 GFLOPs, 0.003549696 GB
[2026-07-06 00:28:02.005] [info] [GemmWS]: Theoretical time(ms): 0.005781263553217286 Compute time: 2.7017577508559043e-05 Memory time: 0.005781263553217286
[2026-07-06 00:28:02.006] [info] [Attention] total_spad_size_per_head: 26240 B
[2026-07-06 00:28:02.006] [info] [Attention] total_acc_size_per_head: 204 B
[2026-07-06 00:28:02.006] [info] [Attention] q_len: 1, seq_len: 102, dk: 64, heads per tile 1
[2026-07-06 00:28:02.006] [info] [Attention] Spad size 16777216
[2026-07-06 00:28:02.006] [info] [Attention] Accum spad size 2097152
[2026-07-06 00:28:02.006] [info] Mapping info Total Loop: N12 C64 M102 S1 R1 Q1 P1 Tile Out Loop: N12 C1 M1 S1 R1 Q1 P1 Tile In Loop: N1 C64 M102 S1 R1 Q1 P1
[2026-07-06 00:28:02.011] [info] [Attention] QK 0.000156672 GFLOPs
[2026-07-06 00:28:02.011] [info] [Attention] total 0.000325584 GFLOPs, 0.000316416 GB
[2026-07-06 00:28:02.011] [info] [Attention] Theoretical time(ms): 0.0005153355 Compute time: 3.8847656e-06 Memory time: 0.0005153355
[2026-07-06 00:28:02.011] [info] [Attention] QK compute 0.0000ms Softmax compute 0.0000ms SV compute 0.0000ms
[2026-07-06 00:28:02.011] [info] [GEMM] spad_size: 33554432 accum_size: 4194304
[2026-07-06 00:28:02.011] [info] [GEMM] required_sram_size: 393216 required_accum_size: 32768
[2026-07-06 00:28:02.011] [info] [GEMM] Used gemmini gemm mapping: Total N:1 C:768 M:768, Outer N:1 C:1 M:6, Inner N:128 C:768 M:128
[2026-07-06 00:28:02.016] [info] [GemmWs] Keys K = 768, N = 1, M = 768
[2026-07-06 00:28:02.016] [info] [GemmWS]: total 0.0011804161 GFLOPs, 0.0011842559 GB
[2026-07-06 00:28:02.016] [info] [GemmWS]: Theoretical time(ms): 0.0019287556369818049 Compute time: 9.0058600576981e-06 Memory time: 0.0019287556369818049
[2026-07-06 00:28:02.016] [info] [SkipLayerNorm] tokens_per_tile: 1
[2026-07-06 00:28:02.016] [info] [GEMM] spad_size: 33554432 accum_size: 4194304
[2026-07-06 00:28:02.016] [info] [GEMM] required_sram_size: 983040 required_accum_size: 131072
[2026-07-06 00:28:02.016] [info] [GEMM] Used gemmini gemm mapping: Total N:1 C:768 M:3072, Outer N:1 C:1 M:6, Inner N:128 C:768 M:512
[2026-07-06 00:28:02.036] [info] [GemmWs] Keys K = 768, N = 1, M = 3072
[2026-07-06 00:28:02.036] [info] [GemmWS]: total 0.0047185924 GFLOPs, 0.004726272 GB
[2026-07-06 00:28:02.036] [info] [GemmWS]: Theoretical time(ms): 0.0076975111369392835 Compute time: 3.6000002978653356e-05 Memory time: 0.0076975111369392835
[2026-07-06 00:28:02.036] [info] [BiasAct] tokens_per_tile: 1
[2026-07-06 00:28:02.036] [info] [GEMM] spad_size: 33554432 accum_size: 4194304
[2026-07-06 00:28:02.036] [info] [GEMM] required_sram_size: 1572864 required_accum_size: 32768
[2026-07-06 00:28:02.036] [info] [GEMM] Used gemmini gemm mapping: Total N:1 C:3072 M:768, Outer N:1 C:1 M:6, Inner N:128 C:3072 M:128
[2026-07-06 00:28:02.061] [info] [GemmWs] Keys K = 3072, N = 1, M = 768
[2026-07-06 00:28:02.061] [info] [GemmWS]: total 0.0047193603 GFLOPs, 0.0047278083 GB
[2026-07-06 00:28:02.061] [info] [GemmWS]: Theoretical time(ms): 0.007700013156863861 Compute time: 3.60058614035097e-05 Memory time: 0.007700013156863861
[2026-07-06 00:28:02.061] [info] [SkipLayerNorm] tokens_per_tile: 1
[2026-07-06 00:28:02.061] [info]  Model initialization time: 0.070998 seconds
[2026-07-06 00:28:02.061] [info] Schedule model: opt-125m at 82449000 us
[2026-07-06 00:28:02.061] [info] MODEL opt-125m Scheduled, Total Request: 1
[2026-07-06 00:28:02.061] [info] executable layer count 1
[2026-07-06 00:28:02.061] [info] Start layer layer0.attn.QKVgen
[2026-07-06 00:28:05.685] [info] HBM2-CH_0: BW utilization 47% (4180 reads, 364 writes)
[2026-07-06 00:28:05.697] [info] Core [0] : MatMul active cycle 0 Vector active cycle 12 
[2026-07-06 00:28:05.697] [info] Core [0] : issued tile 1 
[2026-07-06 00:28:05.697] [info] Core [0] : Memory unit idle cycle 3862 Systolic bubble cycle 0 Core idle cycle 1384 
[2026-07-06 00:28:05.697] [info] Core [0] : Systolic Array Utilization(%) 0.00 (0.00% PE util), Vector Unit Utilization(%) 0.15, Total cycle: 88000
[2026-07-06 00:28:07.205] [info] HBM2-CH_0: BW utilization 35% (3355 reads, 44 writes)
[2026-07-06 00:28:07.205] [info] Core [0] : MatMul active cycle 18 Vector active cycle 0 
[2026-07-06 00:28:07.205] [info] Core [0] : issued tile 1 
[2026-07-06 00:28:07.205] [info] Core [0] : Memory unit idle cycle 7997 Systolic bubble cycle 0 Core idle cycle 0 
[2026-07-06 00:28:07.205] [info] Core [0] : Systolic Array Utilization(%) 31.48 (0.22% PE util), Vector Unit Utilization(%) 0.00, Total cycle: 96000
[2026-07-06 00:28:07.212] [info] Layer layer0.attn.QKVgen finish at 96952
[2026-07-06 00:28:07.212] [info] Total compute time 14504
[2026-07-06 00:28:07.212] [info] executable layer count 1
[2026-07-06 00:28:07.212] [info] Start layer layer0.attn.KVccat
[2026-07-06 00:28:07.212] [info] Layer layer0.attn.KVccat finish at 96954
[2026-07-06 00:28:07.212] [info] Total compute time 2
[2026-07-06 00:28:07.212] [info] executable layer count 1
[2026-07-06 00:28:07.212] [info] Start layer layer0.attn.Attention.0
[2026-07-06 00:28:07.332] [info] VECTOR DEBUG: opcode=14 compute_size=205 vec_cycles=1
[2026-07-06 00:28:07.332] [info] VECTOR DEBUG: opcode=10 compute_size=206 vec_cycles=1
[2026-07-06 00:28:07.332] [info] VECTOR DEBUG: opcode=15 compute_size=412 vec_cycles=1
[2026-07-06 00:28:07.332] [info] VECTOR DEBUG: opcode=14 compute_size=408 vec_cycles=1
[2026-07-06 00:28:07.332] [info] VECTOR DEBUG: opcode=14 compute_size=205 vec_cycles=1
[2026-07-06 00:28:07.332] [info] VECTOR DEBUG: opcode=12 compute_size=408 vec_cycles=1
[2026-07-06 00:28:07.332] [info] VECTOR DEBUG: opcode=10 compute_size=206 vec_cycles=1
[2026-07-06 00:28:07.332] [info] VECTOR DEBUG: opcode=13 compute_size=4 vec_cycles=1
[2026-07-06 00:28:07.332] [info] VECTOR DEBUG: opcode=15 compute_size=412 vec_cycles=1
[2026-07-06 00:28:07.332] [info] VECTOR DEBUG: opcode=11 compute_size=408 vec_cycles=1
[2026-07-06 00:28:07.332] [info] VECTOR DEBUG: opcode=14 compute_size=408 vec_cycles=1
[2026-07-06 00:28:07.332] [info] VECTOR DEBUG: opcode=13 compute_size=4 vec_cycles=1
[2026-07-06 00:28:07.332] [info] VECTOR DEBUG: opcode=14 compute_size=205 vec_cycles=1
[2026-07-06 00:28:07.332] [info] VECTOR DEBUG: opcode=12 compute_size=408 vec_cycles=1
[2026-07-06 00:28:07.332] [info] VECTOR DEBUG: opcode=14 compute_size=205 vec_cycles=1
[2026-07-06 00:28:07.332] [info] VECTOR DEBUG: opcode=10 compute_size=206 vec_cycles=1
[2026-07-06 00:28:07.332] [info] VECTOR DEBUG: opcode=13 compute_size=4 vec_cycles=1
[2026-07-06 00:28:07.332] [info] VECTOR DEBUG: opcode=10 compute_size=206 vec_cycles=1
[2026-07-06 00:28:07.332] [info] VECTOR DEBUG: opcode=15 compute_size=412 vec_cycles=1
[2026-07-06 00:28:07.332] [info] VECTOR DEBUG: opcode=11 compute_size=408 vec_cycles=1
[2026-07-06 00:28:07.332] [info] VECTOR DEBUG: opcode=15 compute_size=412 vec_cycles=1
[2026-07-06 00:28:07.332] [info] VECTOR DEBUG: opcode=14 compute_size=408 vec_cycles=1
[2026-07-06 00:28:07.332] [info] VECTOR DEBUG: opcode=13 compute_size=4 vec_cycles=1
[2026-07-06 00:28:07.332] [info] VECTOR DEBUG: opcode=14 compute_size=408 vec_cycles=1
[2026-07-06 00:28:07.332] [info] VECTOR DEBUG: opcode=12 compute_size=408 vec_cycles=1
[2026-07-06 00:28:07.332] [info] VECTOR DEBUG: opcode=12 compute_size=408 vec_cycles=1
[2026-07-06 00:28:07.332] [info] VECTOR DEBUG: opcode=13 compute_size=4 vec_cycles=1
[2026-07-06 00:28:07.332] [info] VECTOR DEBUG: opcode=13 compute_size=4 vec_cycles=1
[2026-07-06 00:28:07.332] [info] VECTOR DEBUG: opcode=11 compute_size=408 vec_cycles=1
[2026-07-06 00:28:07.332] [info] VECTOR DEBUG: opcode=11 compute_size=408 vec_cycles=1
[2026-07-06 00:28:07.332] [info] VECTOR DEBUG: opcode=13 compute_size=4 vec_cycles=1
[2026-07-06 00:28:07.332] [info] VECTOR DEBUG: opcode=13 compute_size=4 vec_cycles=1
[2026-07-06 00:28:07.333] [info] VECTOR DEBUG: opcode=14 compute_size=205 vec_cycles=1
[2026-07-06 00:28:07.333] [info] VECTOR DEBUG: opcode=10 compute_size=206 vec_cycles=1
[2026-07-06 00:28:07.333] [info] VECTOR DEBUG: opcode=15 compute_size=412 vec_cycles=1
[2026-07-06 00:28:07.333] [info] VECTOR DEBUG: opcode=14 compute_size=408 vec_cycles=1
[2026-07-06 00:28:07.333] [info] VECTOR DEBUG: opcode=14 compute_size=205 vec_cycles=1
[2026-07-06 00:28:07.333] [info] VECTOR DEBUG: opcode=12 compute_size=408 vec_cycles=1
[2026-07-06 00:28:07.333] [info] VECTOR DEBUG: opcode=10 compute_size=206 vec_cycles=1
[2026-07-06 00:28:07.333] [info] VECTOR DEBUG: opcode=13 compute_size=4 vec_cycles=1
[2026-07-06 00:28:07.333] [info] VECTOR DEBUG: opcode=15 compute_size=412 vec_cycles=1
[2026-07-06 00:28:07.333] [info] VECTOR DEBUG: opcode=11 compute_size=408 vec_cycles=1
[2026-07-06 00:28:07.333] [info] VECTOR DEBUG: opcode=14 compute_size=408 vec_cycles=1
[2026-07-06 00:28:07.333] [info] VECTOR DEBUG: opcode=13 compute_size=4 vec_cycles=1
[2026-07-06 00:28:07.333] [info] VECTOR DEBUG: opcode=14 compute_size=205 vec_cycles=1
[2026-07-06 00:28:07.333] [info] VECTOR DEBUG: opcode=12 compute_size=408 vec_cycles=1
[2026-07-06 00:28:07.333] [info] VECTOR DEBUG: opcode=14 compute_size=205 vec_cycles=1
[2026-07-06 00:28:07.333] [info] VECTOR DEBUG: opcode=10 compute_size=206 vec_cycles=1
[2026-07-06 00:28:07.333] [info] VECTOR DEBUG: opcode=13 compute_size=4 vec_cycles=1
[2026-07-06 00:28:07.333] [info] VECTOR DEBUG: opcode=10 compute_size=206 vec_cycles=1
[2026-07-06 00:28:07.333] [info] VECTOR DEBUG: opcode=15 compute_size=412 vec_cycles=1
[2026-07-06 00:28:07.333] [info] VECTOR DEBUG: opcode=11 compute_size=408 vec_cycles=1
[2026-07-06 00:28:07.333] [info] VECTOR DEBUG: opcode=15 compute_size=412 vec_cycles=1
[2026-07-06 00:28:07.333] [info] VECTOR DEBUG: opcode=14 compute_size=408 vec_cycles=1
[2026-07-06 00:28:07.333] [info] VECTOR DEBUG: opcode=13 compute_size=4 vec_cycles=1
[2026-07-06 00:28:07.333] [info] VECTOR DEBUG: opcode=14 compute_size=408 vec_cycles=1
[2026-07-06 00:28:07.333] [info] VECTOR DEBUG: opcode=12 compute_size=408 vec_cycles=1
[2026-07-06 00:28:07.333] [info] VECTOR DEBUG: opcode=12 compute_size=408 vec_cycles=1
[2026-07-06 00:28:07.333] [info] VECTOR DEBUG: opcode=13 compute_size=4 vec_cycles=1
[2026-07-06 00:28:07.333] [info] VECTOR DEBUG: opcode=13 compute_size=4 vec_cycles=1
[2026-07-06 00:28:07.333] [info] VECTOR DEBUG: opcode=11 compute_size=408 vec_cycles=1
[2026-07-06 00:28:07.333] [info] VECTOR DEBUG: opcode=11 compute_size=408 vec_cycles=1
[2026-07-06 00:28:07.333] [info] VECTOR DEBUG: opcode=13 compute_size=4 vec_cycles=1
[2026-07-06 00:28:07.333] [info] VECTOR DEBUG: opcode=13 compute_size=4 vec_cycles=1
[2026-07-06 00:28:07.334] [info] VECTOR DEBUG: opcode=11 compute_size=256 vec_cycles=1
[2026-07-06 00:28:07.334] [info] VECTOR DEBUG: opcode=11 compute_size=256 vec_cycles=1
[2026-07-06 00:28:07.335] [info] VECTOR DEBUG: opcode=11 compute_size=256 vec_cycles=1
[2026-07-06 00:28:07.335] [info] VECTOR DEBUG: opcode=11 compute_size=256 vec_cycles=1
[2026-07-06 00:28:07.367] [info] VECTOR DEBUG: opcode=11 compute_size=256 vec_cycles=1
[2026-07-06 00:28:07.370] [info] VECTOR DEBUG: opcode=11 compute_size=256 vec_cycles=1
[2026-07-06 00:28:07.372] [info] VECTOR DEBUG: opcode=11 compute_size=256 vec_cycles=1
[2026-07-06 00:28:07.372] [info] VECTOR DEBUG: opcode=11 compute_size=256 vec_cycles=1
[2026-07-06 00:28:07.398] [info] VECTOR DEBUG: opcode=14 compute_size=205 vec_cycles=1
[2026-07-06 00:28:07.398] [info] VECTOR DEBUG: opcode=14 compute_size=205 vec_cycles=1
[2026-07-06 00:28:07.398] [info] VECTOR DEBUG: opcode=10 compute_size=206 vec_cycles=1
[2026-07-06 00:28:07.398] [info] VECTOR DEBUG: opcode=10 compute_size=206 vec_cycles=1
[2026-07-06 00:28:07.398] [info] VECTOR DEBUG: opcode=15 compute_size=412 vec_cycles=1
[2026-07-06 00:28:07.398] [info] VECTOR DEBUG: opcode=15 compute_size=412 vec_cycles=1
[2026-07-06 00:28:07.398] [info] VECTOR DEBUG: opcode=14 compute_size=408 vec_cycles=1
[2026-07-06 00:28:07.398] [info] VECTOR DEBUG: opcode=14 compute_size=408 vec_cycles=1
[2026-07-06 00:28:07.399] [info] VECTOR DEBUG: opcode=12 compute_size=408 vec_cycles=1
[2026-07-06 00:28:07.399] [info] VECTOR DEBUG: opcode=12 compute_size=408 vec_cycles=1
[2026-07-06 00:28:07.399] [info] VECTOR DEBUG: opcode=13 compute_size=4 vec_cycles=1
[2026-07-06 00:28:07.399] [info] VECTOR DEBUG: opcode=13 compute_size=4 vec_cycles=1
[2026-07-06 00:28:07.399] [info] VECTOR DEBUG: opcode=11 compute_size=408 vec_cycles=1
[2026-07-06 00:28:07.399] [info] VECTOR DEBUG: opcode=11 compute_size=408 vec_cycles=1
[2026-07-06 00:28:07.399] [info] VECTOR DEBUG: opcode=14 compute_size=205 vec_cycles=1
[2026-07-06 00:28:07.399] [info] VECTOR DEBUG: opcode=13 compute_size=4 vec_cycles=1
[2026-07-06 00:28:07.399] [info] VECTOR DEBUG: opcode=10 compute_size=206 vec_cycles=1
[2026-07-06 00:28:07.399] [info] VECTOR DEBUG: opcode=13 compute_size=4 vec_cycles=1
[2026-07-06 00:28:07.399] [info] VECTOR DEBUG: opcode=14 compute_size=205 vec_cycles=1
[2026-07-06 00:28:07.399] [info] VECTOR DEBUG: opcode=15 compute_size=412 vec_cycles=1
[2026-07-06 00:28:07.399] [info] VECTOR DEBUG: opcode=10 compute_size=206 vec_cycles=1
[2026-07-06 00:28:07.399] [info] VECTOR DEBUG: opcode=14 compute_size=408 vec_cycles=1
[2026-07-06 00:28:07.399] [info] VECTOR DEBUG: opcode=15 compute_size=412 vec_cycles=1
[2026-07-06 00:28:07.399] [info] VECTOR DEBUG: opcode=12 compute_size=408 vec_cycles=1
[2026-07-06 00:28:07.399] [info] VECTOR DEBUG: opcode=14 compute_size=408 vec_cycles=1
[2026-07-06 00:28:07.399] [info] VECTOR DEBUG: opcode=13 compute_size=4 vec_cycles=1
[2026-07-06 00:28:07.399] [info] VECTOR DEBUG: opcode=12 compute_size=408 vec_cycles=1
[2026-07-06 00:28:07.399] [info] VECTOR DEBUG: opcode=11 compute_size=408 vec_cycles=1
[2026-07-06 00:28:07.399] [info] VECTOR DEBUG: opcode=13 compute_size=4 vec_cycles=1
[2026-07-06 00:28:07.399] [info] VECTOR DEBUG: opcode=11 compute_size=408 vec_cycles=1
[2026-07-06 00:28:07.399] [info] VECTOR DEBUG: opcode=13 compute_size=4 vec_cycles=1
[2026-07-06 00:28:07.399] [info] VECTOR DEBUG: opcode=13 compute_size=4 vec_cycles=1
[2026-07-06 00:28:07.402] [info] VECTOR DEBUG: opcode=11 compute_size=256 vec_cycles=1
[2026-07-06 00:28:07.402] [info] VECTOR DEBUG: opcode=11 compute_size=256 vec_cycles=1
[2026-07-06 00:28:07.402] [info] VECTOR DEBUG: opcode=11 compute_size=256 vec_cycles=1
[2026-07-06 00:28:07.402] [info] VECTOR DEBUG: opcode=11 compute_size=256 vec_cycles=1
[2026-07-06 00:28:07.402] [info] Layer layer0.attn.Attention.0 finish at 99372
[2026-07-06 00:28:07.402] [info] Total compute time 2418
[2026-07-06 00:28:07.402] [info] executable layer count 1
[2026-07-06 00:28:07.402] [info] Start layer layer0.attn.Atccat
[2026-07-06 00:28:07.402] [info] Layer layer0.attn.Atccat finish at 99373
[2026-07-06 00:28:07.402] [info] Total compute time 1
[2026-07-06 00:28:07.402] [info] executable layer count 1
[2026-07-06 00:28:07.402] [info] Start layer layer0.attn.proj
[2026-07-06 00:28:08.009] [info] Layer layer0.attn.proj finish at 103431
[2026-07-06 00:28:08.009] [info] Total compute time 4058
[2026-07-06 00:28:08.009] [info] executable layer count 1
[2026-07-06 00:28:08.010] [info] Start layer layer0.attn.ln
[2026-07-06 00:28:08.011] [info] VECTOR DEBUG: opcode=9 compute_size=0 vec_cycles=5
[2026-07-06 00:28:08.011] [info] VECTOR DEBUG: opcode=10 compute_size=0 vec_cycles=0
[2026-07-06 00:28:08.011] [info] Layer layer0.attn.ln finish at 103487
[2026-07-06 00:28:08.011] [info] Total compute time 56
[2026-07-06 00:28:08.011] [info] executable layer count 1
[2026-07-06 00:28:08.011] [info] Start layer layer0.ffn.fc1
[2026-07-06 00:28:08.167] [info] HBM2-CH_0: BW utilization 33% (3243 reads, 9 writes)
[2026-07-06 00:28:08.179] [info] Core [0] : MatMul active cycle 18 Vector active cycle 33 
[2026-07-06 00:28:08.179] [info] Core [0] : issued tile 1 
[2026-07-06 00:28:08.179] [info] Core [0] : Memory unit idle cycle 6543 Systolic bubble cycle 273 Core idle cycle 252 
[2026-07-06 00:28:08.179] [info] Core [0] : Systolic Array Utilization(%) 44.06 (0.22% PE util), Vector Unit Utilization(%) 0.41, Total cycle: 104000
[2026-07-06 00:28:13.877] [info] HBM2-CH_0: BW utilization 51% (4923 reads, 0 writes)
[2026-07-06 00:28:13.893] [info] Core [0] : MatMul active cycle 0 Vector active cycle 0 
[2026-07-06 00:28:13.893] [info] Core [0] : issued tile 1 
[2026-07-06 00:28:13.893] [info] Core [0] : Memory unit idle cycle 4429 Systolic bubble cycle 0 Core idle cycle 0 
[2026-07-06 00:28:13.893] [info] Core [0] : Systolic Array Utilization(%) 0.00 (0.00% PE util), Vector Unit Utilization(%) 0.00, Total cycle: 112000
[2026-07-06 00:28:15.531] [info] HBM2-CH_0: BW utilization 41% (4013 reads, 9 writes)
[2026-07-06 00:28:15.532] [info] Core [0] : MatMul active cycle 12 Vector active cycle 0 
[2026-07-06 00:28:15.532] [info] Core [0] : issued tile 1 
[2026-07-06 00:28:15.532] [info] Core [0] : Memory unit idle cycle 7998 Systolic bubble cycle 0 Core idle cycle 0 
[2026-07-06 00:28:15.532] [info] Core [0] : Systolic Array Utilization(%) 20.89 (0.15% PE util), Vector Unit Utilization(%) 0.00, Total cycle: 120000
[2026-07-06 00:28:15.544] [info] Layer layer0.ffn.fc1 finish at 121660
[2026-07-06 00:28:15.544] [info] Total compute time 18173
[2026-07-06 00:28:15.544] [info] executable layer count 1
[2026-07-06 00:28:15.544] [info] Start layer layer0.ffn.act
[2026-07-06 00:28:15.548] [info] VECTOR DEBUG: opcode=10 compute_size=6144 vec_cycles=1
[2026-07-06 00:28:15.548] [info] VECTOR DEBUG: opcode=6 compute_size=6144 vec_cycles=1
[2026-07-06 00:28:15.548] [info] Layer layer0.ffn.act finish at 121743
[2026-07-06 00:28:15.548] [info] Total compute time 83
[2026-07-06 00:28:15.548] [info] executable layer count 1
[2026-07-06 00:28:15.548] [info] Start layer layer0.ffn.fc2
[2026-07-06 00:28:19.058] [info] HBM2-CH_0: BW utilization 41% (3954 reads, 6 writes)
[2026-07-06 00:28:19.078] [info] Core [0] : MatMul active cycle 12 Vector active cycle 0 
[2026-07-06 00:28:19.078] [info] Core [0] : issued tile 2 
[2026-07-06 00:28:19.078] [info] Core [0] : Memory unit idle cycle 1743 Systolic bubble cycle 0 Core idle cycle 194 
[2026-07-06 00:28:19.078] [info] Core [0] : Systolic Array Utilization(%) 19.14 (0.15% PE util), Vector Unit Utilization(%) 0.00, Total cycle: 128000
[2026-07-06 00:28:22.674] [info] HBM2-CH_0: BW utilization 51% (4955 reads, 0 writes)
[2026-07-06 00:28:22.681] [info] Core [0] : MatMul active cycle 1 Vector active cycle 0 
[2026-07-06 00:28:22.681] [info] Core [0] : issued tile 2 
[2026-07-06 00:28:22.681] [info] Core [0] : Memory unit idle cycle 3236 Systolic bubble cycle 0 Core idle cycle 0 
[2026-07-06 00:28:22.681] [info] Core [0] : Systolic Array Utilization(%) 3.69 (0.01% PE util), Vector Unit Utilization(%) 0.00, Total cycle: 136000
[2026-07-06 00:28:22.791] [info] Layer layer0.ffn.fc2 finish at 142069
[2026-07-06 00:28:22.791] [info] Total compute time 20326
[2026-07-06 00:28:22.791] [info] executable layer count 1
[2026-07-06 00:28:22.791] [info] Start layer layer0.ffn.ln
[2026-07-06 00:28:22.793] [info] VECTOR DEBUG: opcode=9 compute_size=0 vec_cycles=5
[2026-07-06 00:28:22.793] [info] VECTOR DEBUG: opcode=10 compute_size=0 vec_cycles=0
[2026-07-06 00:28:22.793] [info] Layer layer0.ffn.ln finish at 142127
[2026-07-06 00:28:22.793] [info] Total compute time 58
[2026-07-06 00:28:22.793] [info] Model[opt-125m] Request: 82 us, Start: 82 us, finish:142 us, Current Cycle:142127
[2026-07-06 00:28:22.793] [info] No total_seq_len!
[2026-07-06 00:28:22.793] [info] Total Memory Usage: 0.09 GB
[2026-07-06 00:28:22.793] [info] Weight Memory Usage: 0.09 GB
[2026-07-06 00:28:22.793] [info] KV Memory Usage: 0.00 GB
[2026-07-06 00:28:22.793] [info] Activation Memory Usage: 0.00 GB
[2026-07-06 00:28:22.793] [info] [GEMM] spad_size: 33554432 accum_size: 4194304
[2026-07-06 00:28:22.793] [info] [GEMM] required_sram_size: 983040 required_accum_size: 131072
[2026-07-06 00:28:22.793] [info] [GEMM] Used gemmini gemm mapping: Total N:1 C:768 M:2304, Outer N:1 C:1 M:5, Inner N:128 C:768 M:512
[2026-07-06 00:28:22.807] [info] [GemmWs] Keys K = 768, N = 1, M = 2304
[2026-07-06 00:28:22.807] [info] [GemmWS]: total 0.003541248 GFLOPs, 0.003549696 GB
[2026-07-06 00:28:22.807] [info] [GemmWS]: Theoretical time(ms): 0.005781263553217286 Compute time: 2.7017577508559043e-05 Memory time: 0.005781263553217286
[2026-07-06 00:28:22.807] [info] [Attention] total_spad_size_per_head: 26496 B
[2026-07-06 00:28:22.807] [info] [Attention] total_acc_size_per_head: 206 B
[2026-07-06 00:28:22.807] [info] [Attention] q_len: 1, seq_len: 103, dk: 64, heads per tile 1
[2026-07-06 00:28:22.807] [info] [Attention] Spad size 16777216
[2026-07-06 00:28:22.807] [info] [Attention] Accum spad size 2097152
[2026-07-06 00:28:22.807] [info] Mapping info Total Loop: N12 C64 M103 S1 R1 Q1 P1 Tile Out Loop: N12 C1 M1 S1 R1 Q1 P1 Tile In Loop: N1 C64 M103 S1 R1 Q1 P1
[2026-07-06 00:28:22.812] [info] [Attention] QK 0.000158208 GFLOPs
[2026-07-06 00:28:22.812] [info] [Attention] total 0.00032877602 GFLOPs, 0.000319488 GB
[2026-07-06 00:28:22.812] [info] [Attention] Theoretical time(ms): 0.00052033877 Compute time: 3.9228516e-06 Memory time: 0.00052033877
[2026-07-06 00:28:22.812] [info] [Attention] QK compute 0.0000ms Softmax compute 0.0000ms SV compute 0.0000ms
[2026-07-06 00:28:22.812] [info] [GEMM] spad_size: 33554432 accum_size: 4194304
[2026-07-06 00:28:22.812] [info] [GEMM] required_sram_size: 393216 required_accum_size: 32768
[2026-07-06 00:28:22.812] [info] [GEMM] Used gemmini gemm mapping: Total N:1 C:768 M:768, Outer N:1 C:1 M:6, Inner N:128 C:768 M:128
[2026-07-06 00:28:22.817] [info] [GemmWs] Keys K = 768, N = 1, M = 768
[2026-07-06 00:28:22.817] [info] [GemmWS]: total 0.0011804161 GFLOPs, 0.0011842559 GB
[2026-07-06 00:28:22.817] [info] [GemmWS]: Theoretical time(ms): 0.0019287556369818049 Compute time: 9.0058600576981e-06 Memory time: 0.0019287556369818049
[2026-07-06 00:28:22.817] [info] [SkipLayerNorm] tokens_per_tile: 1
[2026-07-06 00:28:22.817] [info] [GEMM] spad_size: 33554432 accum_size: 4194304
[2026-07-06 00:28:22.817] [info] [GEMM] required_sram_size: 983040 required_accum_size: 131072
[2026-07-06 00:28:22.817] [info] [GEMM] Used gemmini gemm mapping: Total N:1 C:768 M:3072, Outer N:1 C:1 M:6, Inner N:128 C:768 M:512
[2026-07-06 00:28:22.835] [info] [GemmWs] Keys K = 768, N = 1, M = 3072
[2026-07-06 00:28:22.835] [info] [GemmWS]: total 0.0047185924 GFLOPs, 0.004726272 GB
[2026-07-06 00:28:22.835] [info] [GemmWS]: Theoretical time(ms): 0.0076975111369392835 Compute time: 3.6000002978653356e-05 Memory time: 0.0076975111369392835
[2026-07-06 00:28:22.835] [info] [BiasAct] tokens_per_tile: 1
[2026-07-06 00:28:22.835] [info] [GEMM] spad_size: 33554432 accum_size: 4194304
[2026-07-06 00:28:22.835] [info] [GEMM] required_sram_size: 1572864 required_accum_size: 32768
[2026-07-06 00:28:22.835] [info] [GEMM] Used gemmini gemm mapping: Total N:1 C:3072 M:768, Outer N:1 C:1 M:6, Inner N:128 C:3072 M:128
[2026-07-06 00:28:22.861] [info] [GemmWs] Keys K = 3072, N = 1, M = 768
[2026-07-06 00:28:22.861] [info] [GemmWS]: total 0.0047193603 GFLOPs, 0.0047278083 GB
[2026-07-06 00:28:22.861] [info] [GemmWS]: Theoretical time(ms): 0.007700013156863861 Compute time: 3.60058614035097e-05 Memory time: 0.007700013156863861
[2026-07-06 00:28:22.861] [info] [SkipLayerNorm] tokens_per_tile: 1
[2026-07-06 00:28:22.861] [info]  Model initialization time: 0.068718 seconds
[2026-07-06 00:28:22.861] [info] Schedule model: opt-125m at 142129000 us
[2026-07-06 00:28:22.861] [info] MODEL opt-125m Scheduled, Total Request: 1
[2026-07-06 00:28:22.861] [info] executable layer count 1
[2026-07-06 00:28:22.861] [info] Start layer layer0.attn.QKVgen
[2026-07-06 00:28:23.899] [info] HBM2-CH_0: BW utilization 17% (1674 reads, 16 writes)
[2026-07-06 00:28:23.938] [info] Core [0] : MatMul active cycle 47 Vector active cycle 0 
[2026-07-06 00:28:23.938] [info] Core [0] : issued tile 1 
[2026-07-06 00:28:23.938] [info] Core [0] : Memory unit idle cycle 6127 Systolic bubble cycle 0 Core idle cycle 130 
[2026-07-06 00:28:23.938] [info] Core [0] : Systolic Array Utilization(%) 74.74 (0.59% PE util), Vector Unit Utilization(%) 0.00, Total cycle: 144000
[2026-07-06 00:28:27.550] [info] HBM2-CH_0: BW utilization 52% (5032 reads, 0 writes)
[2026-07-06 00:28:27.558] [info] Core [0] : MatMul active cycle 0 Vector active cycle 0 
[2026-07-06 00:28:27.558] [info] Core [0] : issued tile 1 
[2026-07-06 00:28:27.558] [info] Core [0] : Memory unit idle cycle 5967 Systolic bubble cycle 0 Core idle cycle 0 
[2026-07-06 00:28:27.558] [info] Core [0] : Systolic Array Utilization(%) 0.00 (0.00% PE util), Vector Unit Utilization(%) 0.00, Total cycle: 152000
[2026-07-06 00:28:27.733] [info] Layer layer0.attn.QKVgen finish at 156634
[2026-07-06 00:28:27.733] [info] Total compute time 14506
[2026-07-06 00:28:27.733] [info] executable layer count 1
[2026-07-06 00:28:27.733] [info] Start layer layer0.attn.KVccat
[2026-07-06 00:28:27.733] [info] Layer layer0.attn.KVccat finish at 156635
[2026-07-06 00:28:27.733] [info] Total compute time 1
[2026-07-06 00:28:27.733] [info] executable layer count 1
[2026-07-06 00:28:27.733] [info] Start layer layer0.attn.Attention.0
[2026-07-06 00:28:27.870] [info] VECTOR DEBUG: opcode=14 compute_size=207 vec_cycles=1
[2026-07-06 00:28:27.870] [info] VECTOR DEBUG: opcode=10 compute_size=208 vec_cycles=1
[2026-07-06 00:28:27.870] [info] VECTOR DEBUG: opcode=14 compute_size=207 vec_cycles=1
[2026-07-06 00:28:27.870] [info] VECTOR DEBUG: opcode=15 compute_size=416 vec_cycles=1
[2026-07-06 00:28:27.870] [info] VECTOR DEBUG: opcode=10 compute_size=208 vec_cycles=1
[2026-07-06 00:28:27.870] [info] VECTOR DEBUG: opcode=14 compute_size=412 vec_cycles=1
[2026-07-06 00:28:27.870] [info] VECTOR DEBUG: opcode=15 compute_size=416 vec_cycles=1
[2026-07-06 00:28:27.870] [info] VECTOR DEBUG: opcode=12 compute_size=412 vec_cycles=1
[2026-07-06 00:28:27.870] [info] VECTOR DEBUG: opcode=14 compute_size=412 vec_cycles=1
[2026-07-06 00:28:27.870] [info] VECTOR DEBUG: opcode=13 compute_size=4 vec_cycles=1
[2026-07-06 00:28:27.870] [info] VECTOR DEBUG: opcode=12 compute_size=412 vec_cycles=1
[2026-07-06 00:28:27.870] [info] VECTOR DEBUG: opcode=11 compute_size=412 vec_cycles=1
[2026-07-06 00:28:27.870] [info] VECTOR DEBUG: opcode=13 compute_size=4 vec_cycles=1
[2026-07-06 00:28:27.870] [info] VECTOR DEBUG: opcode=13 compute_size=4 vec_cycles=1
[2026-07-06 00:28:27.870] [info] VECTOR DEBUG: opcode=11 compute_size=412 vec_cycles=1
[2026-07-06 00:28:27.870] [info] VECTOR DEBUG: opcode=13 compute_size=4 vec_cycles=1
[2026-07-06 00:28:27.870] [info] VECTOR DEBUG: opcode=14 compute_size=207 vec_cycles=1
[2026-07-06 00:28:27.870] [info] VECTOR DEBUG: opcode=10 compute_size=208 vec_cycles=1
[2026-07-06 00:28:27.870] [info] VECTOR DEBUG: opcode=15 compute_size=416 vec_cycles=1
[2026-07-06 00:28:27.870] [info] VECTOR DEBUG: opcode=14 compute_size=412 vec_cycles=1
[2026-07-06 00:28:27.870] [info] VECTOR DEBUG: opcode=12 compute_size=412 vec_cycles=1
[2026-07-06 00:28:27.870] [info] VECTOR DEBUG: opcode=13 compute_size=4 vec_cycles=1
[2026-07-06 00:28:27.870] [info] VECTOR DEBUG: opcode=11 compute_size=412 vec_cycles=1
[2026-07-06 00:28:27.870] [info] VECTOR DEBUG: opcode=13 compute_size=4 vec_cycles=1
[2026-07-06 00:28:27.870] [info] VECTOR DEBUG: opcode=14 compute_size=207 vec_cycles=1
[2026-07-06 00:28:27.870] [info] VECTOR DEBUG: opcode=10 compute_size=208 vec_cycles=1
[2026-07-06 00:28:27.870] [info] VECTOR DEBUG: opcode=15 compute_size=416 vec_cycles=1
[2026-07-06 00:28:27.870] [info] VECTOR DEBUG: opcode=14 compute_size=412 vec_cycles=1
[2026-07-06 00:28:27.870] [info] VECTOR DEBUG: opcode=12 compute_size=412 vec_cycles=1
[2026-07-06 00:28:27.870] [info] VECTOR DEBUG: opcode=13 compute_size=4 vec_cycles=1
[2026-07-06 00:28:27.870] [info] VECTOR DEBUG: opcode=11 compute_size=412 vec_cycles=1
[2026-07-06 00:28:27.870] [info] VECTOR DEBUG: opcode=13 compute_size=4 vec_cycles=1
[2026-07-06 00:28:27.870] [info] VECTOR DEBUG: opcode=14 compute_size=207 vec_cycles=1
[2026-07-06 00:28:27.871] [info] VECTOR DEBUG: opcode=10 compute_size=208 vec_cycles=1
[2026-07-06 00:28:27.871] [info] VECTOR DEBUG: opcode=14 compute_size=207 vec_cycles=1
[2026-07-06 00:28:27.871] [info] VECTOR DEBUG: opcode=15 compute_size=416 vec_cycles=1
[2026-07-06 00:28:27.871] [info] VECTOR DEBUG: opcode=10 compute_size=208 vec_cycles=1
[2026-07-06 00:28:27.871] [info] VECTOR DEBUG: opcode=14 compute_size=412 vec_cycles=1
[2026-07-06 00:28:27.871] [info] VECTOR DEBUG: opcode=15 compute_size=416 vec_cycles=1
[2026-07-06 00:28:27.871] [info] VECTOR DEBUG: opcode=12 compute_size=412 vec_cycles=1
[2026-07-06 00:28:27.871] [info] VECTOR DEBUG: opcode=14 compute_size=412 vec_cycles=1
[2026-07-06 00:28:27.871] [info] VECTOR DEBUG: opcode=13 compute_size=4 vec_cycles=1
[2026-07-06 00:28:27.871] [info] VECTOR DEBUG: opcode=12 compute_size=412 vec_cycles=1
[2026-07-06 00:28:27.871] [info] VECTOR DEBUG: opcode=11 compute_size=412 vec_cycles=1
[2026-07-06 00:28:27.871] [info] VECTOR DEBUG: opcode=13 compute_size=4 vec_cycles=1
[2026-07-06 00:28:27.871] [info] VECTOR DEBUG: opcode=13 compute_size=4 vec_cycles=1
[2026-07-06 00:28:27.871] [info] VECTOR DEBUG: opcode=11 compute_size=412 vec_cycles=1
[2026-07-06 00:28:27.871] [info] VECTOR DEBUG: opcode=13 compute_size=4 vec_cycles=1
[2026-07-06 00:28:27.871] [info] VECTOR DEBUG: opcode=14 compute_size=207 vec_cycles=1
[2026-07-06 00:28:27.871] [info] VECTOR DEBUG: opcode=10 compute_size=208 vec_cycles=1
[2026-07-06 00:28:27.871] [info] VECTOR DEBUG: opcode=15 compute_size=416 vec_cycles=1
[2026-07-06 00:28:27.871] [info] VECTOR DEBUG: opcode=14 compute_size=412 vec_cycles=1
[2026-07-06 00:28:27.871] [info] VECTOR DEBUG: opcode=12 compute_size=412 vec_cycles=1
[2026-07-06 00:28:27.871] [info] VECTOR DEBUG: opcode=13 compute_size=4 vec_cycles=1
[2026-07-06 00:28:27.871] [info] VECTOR DEBUG: opcode=11 compute_size=412 vec_cycles=1
[2026-07-06 00:28:27.871] [info] VECTOR DEBUG: opcode=13 compute_size=4 vec_cycles=1
[2026-07-06 00:28:27.871] [info] VECTOR DEBUG: opcode=14 compute_size=207 vec_cycles=1
[2026-07-06 00:28:27.871] [info] VECTOR DEBUG: opcode=10 compute_size=208 vec_cycles=1
[2026-07-06 00:28:27.871] [info] VECTOR DEBUG: opcode=15 compute_size=416 vec_cycles=1
[2026-07-06 00:28:27.871] [info] VECTOR DEBUG: opcode=14 compute_size=412 vec_cycles=1
[2026-07-06 00:28:27.871] [info] VECTOR DEBUG: opcode=12 compute_size=412 vec_cycles=1
[2026-07-06 00:28:27.871] [info] VECTOR DEBUG: opcode=13 compute_size=4 vec_cycles=1
[2026-07-06 00:28:27.871] [info] VECTOR DEBUG: opcode=11 compute_size=412 vec_cycles=1
[2026-07-06 00:28:27.871] [info] VECTOR DEBUG: opcode=13 compute_size=4 vec_cycles=1
[2026-07-06 00:28:27.872] [info] VECTOR DEBUG: opcode=11 compute_size=256 vec_cycles=1
[2026-07-06 00:28:27.872] [info] VECTOR DEBUG: opcode=11 compute_size=256 vec_cycles=1
[2026-07-06 00:28:27.873] [info] VECTOR DEBUG: opcode=11 compute_size=256 vec_cycles=1
[2026-07-06 00:28:27.878] [info] VECTOR DEBUG: opcode=11 compute_size=256 vec_cycles=1
[2026-07-06 00:28:27.899] [info] VECTOR DEBUG: opcode=11 compute_size=256 vec_cycles=1
[2026-07-06 00:28:27.900] [info] VECTOR DEBUG: opcode=11 compute_size=256 vec_cycles=1
[2026-07-06 00:28:27.904] [info] VECTOR DEBUG: opcode=11 compute_size=256 vec_cycles=1
[2026-07-06 00:28:27.910] [info] VECTOR DEBUG: opcode=11 compute_size=256 vec_cycles=1
[2026-07-06 00:28:27.927] [info] VECTOR DEBUG: opcode=14 compute_size=207 vec_cycles=1
[2026-07-06 00:28:27.927] [info] VECTOR DEBUG: opcode=10 compute_size=208 vec_cycles=1
[2026-07-06 00:28:27.927] [info] VECTOR DEBUG: opcode=15 compute_size=416 vec_cycles=1
[2026-07-06 00:28:27.927] [info] VECTOR DEBUG: opcode=14 compute_size=412 vec_cycles=1
[2026-07-06 00:28:27.927] [info] VECTOR DEBUG: opcode=12 compute_size=412 vec_cycles=1
[2026-07-06 00:28:27.927] [info] VECTOR DEBUG: opcode=13 compute_size=4 vec_cycles=1
[2026-07-06 00:28:27.927] [info] VECTOR DEBUG: opcode=11 compute_size=412 vec_cycles=1
[2026-07-06 00:28:27.927] [info] VECTOR DEBUG: opcode=13 compute_size=4 vec_cycles=1
[2026-07-06 00:28:27.927] [info] VECTOR DEBUG: opcode=14 compute_size=207 vec_cycles=1
[2026-07-06 00:28:27.927] [info] VECTOR DEBUG: opcode=10 compute_size=208 vec_cycles=1
[2026-07-06 00:28:27.927] [info] VECTOR DEBUG: opcode=15 compute_size=416 vec_cycles=1
[2026-07-06 00:28:27.927] [info] VECTOR DEBUG: opcode=14 compute_size=412 vec_cycles=1
[2026-07-06 00:28:27.927] [info] VECTOR DEBUG: opcode=12 compute_size=412 vec_cycles=1
[2026-07-06 00:28:27.927] [info] VECTOR DEBUG: opcode=13 compute_size=4 vec_cycles=1
[2026-07-06 00:28:27.927] [info] VECTOR DEBUG: opcode=11 compute_size=412 vec_cycles=1
[2026-07-06 00:28:27.927] [info] VECTOR DEBUG: opcode=13 compute_size=4 vec_cycles=1
[2026-07-06 00:28:27.928] [info] VECTOR DEBUG: opcode=14 compute_size=207 vec_cycles=1
[2026-07-06 00:28:27.928] [info] VECTOR DEBUG: opcode=10 compute_size=208 vec_cycles=1
[2026-07-06 00:28:27.928] [info] VECTOR DEBUG: opcode=15 compute_size=416 vec_cycles=1
[2026-07-06 00:28:27.928] [info] VECTOR DEBUG: opcode=14 compute_size=412 vec_cycles=1
[2026-07-06 00:28:27.928] [info] VECTOR DEBUG: opcode=12 compute_size=412 vec_cycles=1
[2026-07-06 00:28:27.928] [info] VECTOR DEBUG: opcode=13 compute_size=4 vec_cycles=1
[2026-07-06 00:28:27.928] [info] VECTOR DEBUG: opcode=11 compute_size=412 vec_cycles=1
[2026-07-06 00:28:27.928] [info] VECTOR DEBUG: opcode=13 compute_size=4 vec_cycles=1
[2026-07-06 00:28:27.928] [info] VECTOR DEBUG: opcode=14 compute_size=207 vec_cycles=1
[2026-07-06 00:28:27.928] [info] VECTOR DEBUG: opcode=10 compute_size=208 vec_cycles=1
[2026-07-06 00:28:27.928] [info] VECTOR DEBUG: opcode=15 compute_size=416 vec_cycles=1
[2026-07-06 00:28:27.928] [info] VECTOR DEBUG: opcode=14 compute_size=412 vec_cycles=1
[2026-07-06 00:28:27.928] [info] VECTOR DEBUG: opcode=12 compute_size=412 vec_cycles=1
[2026-07-06 00:28:27.928] [info] VECTOR DEBUG: opcode=13 compute_size=4 vec_cycles=1
[2026-07-06 00:28:27.928] [info] VECTOR DEBUG: opcode=11 compute_size=412 vec_cycles=1
[2026-07-06 00:28:27.928] [info] VECTOR DEBUG: opcode=13 compute_size=4 vec_cycles=1
[2026-07-06 00:28:27.931] [info] VECTOR DEBUG: opcode=11 compute_size=256 vec_cycles=1
[2026-07-06 00:28:27.931] [info] VECTOR DEBUG: opcode=11 compute_size=256 vec_cycles=1
[2026-07-06 00:28:27.931] [info] VECTOR DEBUG: opcode=11 compute_size=256 vec_cycles=1
[2026-07-06 00:28:27.932] [info] VECTOR DEBUG: opcode=11 compute_size=256 vec_cycles=1
[2026-07-06 00:28:27.932] [info] Layer layer0.attn.Attention.0 finish at 159086
[2026-07-06 00:28:27.932] [info] Total compute time 2451
[2026-07-06 00:28:27.932] [info] executable layer count 1
[2026-07-06 00:28:27.932] [info] Start layer layer0.attn.Atccat
[2026-07-06 00:28:27.932] [info] Layer layer0.attn.Atccat finish at 159088
[2026-07-06 00:28:27.932] [info] Total compute time 2
[2026-07-06 00:28:27.932] [info] executable layer count 1
[2026-07-06 00:28:27.932] [info] Start layer layer0.attn.proj
[2026-07-06 00:28:28.179] [info] HBM2-CH_0: BW utilization 21% (2046 reads, 13 writes)
[2026-07-06 00:28:28.194] [info] Core [0] : MatMul active cycle 24 Vector active cycle 27 
[2026-07-06 00:28:28.194] [info] Core [0] : issued tile 1 
[2026-07-06 00:28:28.194] [info] Core [0] : Memory unit idle cycle 7449 Systolic bubble cycle 273 Core idle cycle 185 
[2026-07-06 00:28:28.194] [info] Core [0] : Systolic Array Utilization(%) 54.71 (0.30% PE util), Vector Unit Utilization(%) 0.34, Total cycle: 160000
[2026-07-06 00:28:28.545] [info] Layer layer0.attn.proj finish at 163047
[2026-07-06 00:28:28.545] [info] Total compute time 3959
[2026-07-06 00:28:28.545] [info] executable layer count 1
[2026-07-06 00:28:28.545] [info] Start layer layer0.attn.ln
[2026-07-06 00:28:28.546] [info] VECTOR DEBUG: opcode=9 compute_size=0 vec_cycles=5
[2026-07-06 00:28:28.546] [info] VECTOR DEBUG: opcode=10 compute_size=0 vec_cycles=0
[2026-07-06 00:28:28.546] [info] Layer layer0.attn.ln finish at 163105
[2026-07-06 00:28:28.546] [info] Total compute time 58
[2026-07-06 00:28:28.546] [info] executable layer count 1
[2026-07-06 00:28:28.546] [info] Start layer layer0.ffn.fc1
[2026-07-06 00:28:31.921] [info] HBM2-CH_0: BW utilization 49% (4750 reads, 5 writes)
[2026-07-06 00:28:31.951] [info] Core [0] : MatMul active cycle 6 Vector active cycle 0 
[2026-07-06 00:28:31.951] [info] Core [0] : issued tile 2 
[2026-07-06 00:28:31.951] [info] Core [0] : Memory unit idle cycle 3106 Systolic bubble cycle 0 Core idle cycle 914 
[2026-07-06 00:28:31.951] [info] Core [0] : Systolic Array Utilization(%) 11.23 (0.08% PE util), Vector Unit Utilization(%) 0.00, Total cycle: 168000
[2026-07-06 00:28:35.149] [info] HBM2-CH_0: BW utilization 50% (4802 reads, 0 writes)
[2026-07-06 00:28:35.160] [info] Core [0] : MatMul active cycle 6 Vector active cycle 0 
[2026-07-06 00:28:35.160] [info] Core [0] : issued tile 2 
[2026-07-06 00:28:35.160] [info] Core [0] : Memory unit idle cycle 1778 Systolic bubble cycle 0 Core idle cycle 0 
[2026-07-06 00:28:35.160] [info] Core [0] : Systolic Array Utilization(%) 11.23 (0.08% PE util), Vector Unit Utilization(%) 0.00, Total cycle: 176000
[2026-07-06 00:28:35.498] [info] Layer layer0.ffn.fc1 finish at 181676
[2026-07-06 00:28:35.498] [info] Total compute time 18571
[2026-07-06 00:28:35.498] [info] executable layer count 1
[2026-07-06 00:28:35.498] [info] Start layer layer0.ffn.act
[2026-07-06 00:28:35.502] [info] VECTOR DEBUG: opcode=10 compute_size=6144 vec_cycles=1
[2026-07-06 00:28:35.502] [info] VECTOR DEBUG: opcode=6 compute_size=6144 vec_cycles=1
[2026-07-06 00:28:35.502] [info] Layer layer0.ffn.act finish at 181755
[2026-07-06 00:28:35.502] [info] Total compute time 79
[2026-07-06 00:28:35.502] [info] executable layer count 1
[2026-07-06 00:28:35.502] [info] Start layer layer0.ffn.fc2
[2026-07-06 00:28:37.549] [info] HBM2-CH_0: BW utilization 28% (2763 reads, 15 writes)
[2026-07-06 00:28:37.617] [info] Core [0] : MatMul active cycle 42 Vector active cycle 0 
[2026-07-06 00:28:37.617] [info] Core [0] : issued tile 1 
[2026-07-06 00:28:37.617] [info] Core [0] : Memory unit idle cycle 5749 Systolic bubble cycle 0 Core idle cycle 210 
[2026-07-06 00:28:37.617] [info] Core [0] : Systolic Array Utilization(%) 68.82 (0.52% PE util), Vector Unit Utilization(%) 0.00, Total cycle: 184000
[2026-07-06 00:28:42.149] [info] HBM2-CH_0: BW utilization 50% (4858 reads, 0 writes)
[2026-07-06 00:28:42.179] [info] Core [0] : MatMul active cycle 0 Vector active cycle 0 
[2026-07-06 00:28:42.179] [info] Core [0] : issued tile 1 
[2026-07-06 00:28:42.179] [info] Core [0] : Memory unit idle cycle 6301 Systolic bubble cycle 0 Core idle cycle 0 
[2026-07-06 00:28:42.179] [info] Core [0] : Systolic Array Utilization(%) 0.00 (0.00% PE util), Vector Unit Utilization(%) 0.00, Total cycle: 192000
[2026-07-06 00:28:43.262] [info] HBM2-CH_0: BW utilization 30% (2927 reads, 11 writes)
[2026-07-06 00:28:43.263] [info] Core [0] : MatMul active cycle 20 Vector active cycle 0 
[2026-07-06 00:28:43.263] [info] Core [0] : issued tile 1 
[2026-07-06 00:28:43.263] [info] Core [0] : Memory unit idle cycle 8000 Systolic bubble cycle 0 Core idle cycle 0 
[2026-07-06 00:28:43.263] [info] Core [0] : Systolic Array Utilization(%) 34.19 (0.25% PE util), Vector Unit Utilization(%) 0.00, Total cycle: 200000
[2026-07-06 00:28:43.277] [info] Layer layer0.ffn.fc2 finish at 202141
[2026-07-06 00:28:43.277] [info] Total compute time 20386
[2026-07-06 00:28:43.277] [info] executable layer count 1
[2026-07-06 00:28:43.277] [info] Start layer layer0.ffn.ln
[2026-07-06 00:28:43.279] [info] VECTOR DEBUG: opcode=9 compute_size=0 vec_cycles=5
[2026-07-06 00:28:43.279] [info] VECTOR DEBUG: opcode=10 compute_size=0 vec_cycles=0
[2026-07-06 00:28:43.279] [info] Layer layer0.ffn.ln finish at 202199
[2026-07-06 00:28:43.279] [info] Total compute time 58
[2026-07-06 00:28:43.279] [info] Model[opt-125m] Request: 142 us, Start: 142 us, finish:202 us, Current Cycle:202199
[2026-07-06 00:28:43.279] [info] No total_seq_len!
[2026-07-06 00:28:43.279] [info] Total Memory Usage: 0.09 GB
[2026-07-06 00:28:43.279] [info] Weight Memory Usage: 0.09 GB
[2026-07-06 00:28:43.279] [info] KV Memory Usage: 0.00 GB
[2026-07-06 00:28:43.279] [info] Activation Memory Usage: 0.00 GB
[2026-07-06 00:28:43.279] [info] [GEMM] spad_size: 33554432 accum_size: 4194304
[2026-07-06 00:28:43.279] [info] [GEMM] required_sram_size: 983040 required_accum_size: 131072
[2026-07-06 00:28:43.279] [info] [GEMM] Used gemmini gemm mapping: Total N:1 C:768 M:2304, Outer N:1 C:1 M:5, Inner N:128 C:768 M:512
[2026-07-06 00:28:43.295] [info] [GemmWs] Keys K = 768, N = 1, M = 2304
[2026-07-06 00:28:43.295] [info] [GemmWS]: total 0.003541248 GFLOPs, 0.003549696 GB
[2026-07-06 00:28:43.295] [info] [GemmWS]: Theoretical time(ms): 0.005781263553217286 Compute time: 2.7017577508559043e-05 Memory time: 0.005781263553217286
[2026-07-06 00:28:43.296] [info] [Attention] total_spad_size_per_head: 26752 B
[2026-07-06 00:28:43.296] [info] [Attention] total_acc_size_per_head: 208 B
[2026-07-06 00:28:43.296] [info] [Attention] q_len: 1, seq_len: 104, dk: 64, heads per tile 1
[2026-07-06 00:28:43.296] [info] [Attention] Spad size 16777216
[2026-07-06 00:28:43.296] [info] [Attention] Accum spad size 2097152
[2026-07-06 00:28:43.296] [info] Mapping info Total Loop: N12 C64 M104 S1 R1 Q1 P1 Tile Out Loop: N12 C1 M1 S1 R1 Q1 P1 Tile In Loop: N1 C64 M104 S1 R1 Q1 P1
[2026-07-06 00:28:43.300] [info] [Attention] QK 0.000159744 GFLOPs
[2026-07-06 00:28:43.300] [info] [Attention] total 0.000331968 GFLOPs, 0.00032256 GB
[2026-07-06 00:28:43.300] [info] [Attention] Theoretical time(ms): 0.000525342 Compute time: 3.960937e-06 Memory time: 0.000525342
[2026-07-06 00:28:43.300] [info] [Attention] QK compute 0.0000ms Softmax compute 0.0000ms SV compute 0.0000ms
[2026-07-06 00:28:43.300] [info] [GEMM] spad_size: 33554432 accum_size: 4194304
[2026-07-06 00:28:43.300] [info] [GEMM] required_sram_size: 393216 required_accum_size: 32768
[2026-07-06 00:28:43.300] [info] [GEMM] Used gemmini gemm mapping: Total N:1 C:768 M:768, Outer N:1 C:1 M:6, Inner N:128 C:768 M:128
[2026-07-06 00:28:43.306] [info] [GemmWs] Keys K = 768, N = 1, M = 768
[2026-07-06 00:28:43.306] [info] [GemmWS]: total 0.0011804161 GFLOPs, 0.0011842559 GB
[2026-07-06 00:28:43.306] [info] [GemmWS]: Theoretical time(ms): 0.0019287556369818049 Compute time: 9.0058600576981e-06 Memory time: 0.0019287556369818049
[2026-07-06 00:28:43.306] [info] [SkipLayerNorm] tokens_per_tile: 1
[2026-07-06 00:28:43.306] [info] [GEMM] spad_size: 33554432 accum_size: 4194304
[2026-07-06 00:28:43.306] [info] [GEMM] required_sram_size: 983040 required_accum_size: 131072
[2026-07-06 00:28:43.306] [info] [GEMM] Used gemmini gemm mapping: Total N:1 C:768 M:3072, Outer N:1 C:1 M:6, Inner N:128 C:768 M:512
[2026-07-06 00:28:43.324] [info] [GemmWs] Keys K = 768, N = 1, M = 3072
[2026-07-06 00:28:43.324] [info] [GemmWS]: total 0.0047185924 GFLOPs, 0.004726272 GB
[2026-07-06 00:28:43.324] [info] [GemmWS]: Theoretical time(ms): 0.0076975111369392835 Compute time: 3.6000002978653356e-05 Memory time: 0.0076975111369392835
[2026-07-06 00:28:43.324] [info] [BiasAct] tokens_per_tile: 1
[2026-07-06 00:28:43.324] [info] [GEMM] spad_size: 33554432 accum_size: 4194304
[2026-07-06 00:28:43.324] [info] [GEMM] required_sram_size: 1572864 required_accum_size: 32768
[2026-07-06 00:28:43.324] [info] [GEMM] Used gemmini gemm mapping: Total N:1 C:3072 M:768, Outer N:1 C:1 M:6, Inner N:128 C:3072 M:128
[2026-07-06 00:28:43.367] [info] [GemmWs] Keys K = 3072, N = 1, M = 768
[2026-07-06 00:28:43.367] [info] [GemmWS]: total 0.0047193603 GFLOPs, 0.0047278083 GB
[2026-07-06 00:28:43.367] [info] [GemmWS]: Theoretical time(ms): 0.007700013156863861 Compute time: 3.60058614035097e-05 Memory time: 0.007700013156863861
[2026-07-06 00:28:43.367] [info] [SkipLayerNorm] tokens_per_tile: 1
[2026-07-06 00:28:43.367] [info]  Model initialization time: 0.087549 seconds
[2026-07-06 00:28:43.367] [info] Schedule model: opt-125m at 202201000 us
[2026-07-06 00:28:43.367] [info] MODEL opt-125m Scheduled, Total Request: 1
[2026-07-06 00:28:43.367] [info] executable layer count 1
[2026-07-06 00:28:43.367] [info] Start layer layer0.attn.QKVgen
[2026-07-06 00:28:47.599] [info] HBM2-CH_0: BW utilization 38% (3674 reads, 5 writes)
[2026-07-06 00:28:47.629] [info] Core [0] : MatMul active cycle 4 Vector active cycle 0 
[2026-07-06 00:28:47.629] [info] Core [0] : issued tile 1 
[2026-07-06 00:28:47.629] [info] Core [0] : Memory unit idle cycle 4063 Systolic bubble cycle 0 Core idle cycle 1714 
[2026-07-06 00:28:47.629] [info] Core [0] : Systolic Array Utilization(%) 5.84 (0.05% PE util), Vector Unit Utilization(%) 0.00, Total cycle: 208000
[2026-07-06 00:28:49.060] [info] HBM2-CH_0: BW utilization 34% (3268 reads, 8 writes)
[2026-07-06 00:28:49.061] [info] Core [0] : MatMul active cycle 19 Vector active cycle 0 
[2026-07-06 00:28:49.061] [info] Core [0] : issued tile 1 
[2026-07-06 00:28:49.061] [info] Core [0] : Memory unit idle cycle 7997 Systolic bubble cycle 0 Core idle cycle 0 
[2026-07-06 00:28:49.061] [info] Core [0] : Systolic Array Utilization(%) 33.42 (0.24% PE util), Vector Unit Utilization(%) 0.00, Total cycle: 216000
[2026-07-06 00:28:49.066] [info] Layer layer0.attn.QKVgen finish at 216656
[2026-07-06 00:28:49.066] [info] Total compute time 14456
[2026-07-06 00:28:49.066] [info] executable layer count 1
[2026-07-06 00:28:49.066] [info] Start layer layer0.attn.KVccat
[2026-07-06 00:28:49.066] [info] Layer layer0.attn.KVccat finish at 216658
[2026-07-06 00:28:49.066] [info] Total compute time 2
[2026-07-06 00:28:49.066] [info] executable layer count 1
[2026-07-06 00:28:49.066] [info] Start layer layer0.attn.Attention.0
[2026-07-06 00:28:49.205] [info] VECTOR DEBUG: opcode=14 compute_size=209 vec_cycles=1
[2026-07-06 00:28:49.205] [info] VECTOR DEBUG: opcode=10 compute_size=210 vec_cycles=1
[2026-07-06 00:28:49.205] [info] VECTOR DEBUG: opcode=15 compute_size=420 vec_cycles=1
[2026-07-06 00:28:49.205] [info] VECTOR DEBUG: opcode=14 compute_size=416 vec_cycles=1
[2026-07-06 00:28:49.205] [info] VECTOR DEBUG: opcode=12 compute_size=416 vec_cycles=1
[2026-07-06 00:28:49.205] [info] VECTOR DEBUG: opcode=13 compute_size=4 vec_cycles=1
[2026-07-06 00:28:49.205] [info] VECTOR DEBUG: opcode=11 compute_size=416 vec_cycles=1
[2026-07-06 00:28:49.205] [info] VECTOR DEBUG: opcode=13 compute_size=4 vec_cycles=1
[2026-07-06 00:28:49.205] [info] VECTOR DEBUG: opcode=14 compute_size=209 vec_cycles=1
[2026-07-06 00:28:49.205] [info] VECTOR DEBUG: opcode=10 compute_size=210 vec_cycles=1
[2026-07-06 00:28:49.205] [info] VECTOR DEBUG: opcode=15 compute_size=420 vec_cycles=1
[2026-07-06 00:28:49.205] [info] VECTOR DEBUG: opcode=14 compute_size=209 vec_cycles=1
[2026-07-06 00:28:49.205] [info] VECTOR DEBUG: opcode=14 compute_size=416 vec_cycles=1
[2026-07-06 00:28:49.205] [info] VECTOR DEBUG: opcode=10 compute_size=210 vec_cycles=1
[2026-07-06 00:28:49.205] [info] VECTOR DEBUG: opcode=12 compute_size=416 vec_cycles=1
[2026-07-06 00:28:49.205] [info] VECTOR DEBUG: opcode=15 compute_size=420 vec_cycles=1
[2026-07-06 00:28:49.206] [info] VECTOR DEBUG: opcode=13 compute_size=4 vec_cycles=1
[2026-07-06 00:28:49.206] [info] VECTOR DEBUG: opcode=14 compute_size=416 vec_cycles=1
[2026-07-06 00:28:49.206] [info] VECTOR DEBUG: opcode=11 compute_size=416 vec_cycles=1
[2026-07-06 00:28:49.206] [info] VECTOR DEBUG: opcode=12 compute_size=416 vec_cycles=1
[2026-07-06 00:28:49.206] [info] VECTOR DEBUG: opcode=13 compute_size=4 vec_cycles=1
[2026-07-06 00:28:49.206] [info] VECTOR DEBUG: opcode=13 compute_size=4 vec_cycles=1
[2026-07-06 00:28:49.206] [info] VECTOR DEBUG: opcode=11 compute_size=416 vec_cycles=1
[2026-07-06 00:28:49.206] [info] VECTOR DEBUG: opcode=13 compute_size=4 vec_cycles=1
[2026-07-06 00:28:49.206] [info] VECTOR DEBUG: opcode=14 compute_size=209 vec_cycles=1
[2026-07-06 00:28:49.206] [info] VECTOR DEBUG: opcode=10 compute_size=210 vec_cycles=1
[2026-07-06 00:28:49.206] [info] VECTOR DEBUG: opcode=15 compute_size=420 vec_cycles=1
[2026-07-06 00:28:49.206] [info] VECTOR DEBUG: opcode=14 compute_size=416 vec_cycles=1
[2026-07-06 00:28:49.206] [info] VECTOR DEBUG: opcode=12 compute_size=416 vec_cycles=1
[2026-07-06 00:28:49.206] [info] VECTOR DEBUG: opcode=13 compute_size=4 vec_cycles=1
[2026-07-06 00:28:49.206] [info] VECTOR DEBUG: opcode=11 compute_size=416 vec_cycles=1
[2026-07-06 00:28:49.206] [info] VECTOR DEBUG: opcode=13 compute_size=4 vec_cycles=1
[2026-07-06 00:28:49.206] [info] VECTOR DEBUG: opcode=14 compute_size=209 vec_cycles=1
[2026-07-06 00:28:49.206] [info] VECTOR DEBUG: opcode=10 compute_size=210 vec_cycles=1
[2026-07-06 00:28:49.206] [info] VECTOR DEBUG: opcode=15 compute_size=420 vec_cycles=1
[2026-07-06 00:28:49.206] [info] VECTOR DEBUG: opcode=14 compute_size=416 vec_cycles=1
[2026-07-06 00:28:49.206] [info] VECTOR DEBUG: opcode=12 compute_size=416 vec_cycles=1
[2026-07-06 00:28:49.206] [info] VECTOR DEBUG: opcode=13 compute_size=4 vec_cycles=1
[2026-07-06 00:28:49.206] [info] VECTOR DEBUG: opcode=11 compute_size=416 vec_cycles=1
[2026-07-06 00:28:49.206] [info] VECTOR DEBUG: opcode=13 compute_size=4 vec_cycles=1
[2026-07-06 00:28:49.206] [info] VECTOR DEBUG: opcode=14 compute_size=209 vec_cycles=1
[2026-07-06 00:28:49.206] [info] VECTOR DEBUG: opcode=10 compute_size=210 vec_cycles=1
[2026-07-06 00:28:49.206] [info] VECTOR DEBUG: opcode=15 compute_size=420 vec_cycles=1
[2026-07-06 00:28:49.206] [info] VECTOR DEBUG: opcode=14 compute_size=209 vec_cycles=1
[2026-07-06 00:28:49.206] [info] VECTOR DEBUG: opcode=14 compute_size=416 vec_cycles=1
[2026-07-06 00:28:49.206] [info] VECTOR DEBUG: opcode=10 compute_size=210 vec_cycles=1
[2026-07-06 00:28:49.206] [info] VECTOR DEBUG: opcode=12 compute_size=416 vec_cycles=1
[2026-07-06 00:28:49.207] [info] VECTOR DEBUG: opcode=15 compute_size=420 vec_cycles=1
[2026-07-06 00:28:49.207] [info] VECTOR DEBUG: opcode=13 compute_size=4 vec_cycles=1
[2026-07-06 00:28:49.207] [info] VECTOR DEBUG: opcode=14 compute_size=416 vec_cycles=1
[2026-07-06 00:28:49.207] [info] VECTOR DEBUG: opcode=11 compute_size=416 vec_cycles=1
[2026-07-06 00:28:49.207] [info] VECTOR DEBUG: opcode=12 compute_size=416 vec_cycles=1
[2026-07-06 00:28:49.207] [info] VECTOR DEBUG: opcode=13 compute_size=4 vec_cycles=1
[2026-07-06 00:28:49.207] [info] VECTOR DEBUG: opcode=13 compute_size=4 vec_cycles=1
[2026-07-06 00:28:49.207] [info] VECTOR DEBUG: opcode=11 compute_size=416 vec_cycles=1
[2026-07-06 00:28:49.207] [info] VECTOR DEBUG: opcode=13 compute_size=4 vec_cycles=1
[2026-07-06 00:28:49.207] [info] VECTOR DEBUG: opcode=14 compute_size=209 vec_cycles=1
[2026-07-06 00:28:49.207] [info] VECTOR DEBUG: opcode=10 compute_size=210 vec_cycles=1
[2026-07-06 00:28:49.207] [info] VECTOR DEBUG: opcode=15 compute_size=420 vec_cycles=1
[2026-07-06 00:28:49.207] [info] VECTOR DEBUG: opcode=14 compute_size=416 vec_cycles=1
[2026-07-06 00:28:49.207] [info] VECTOR DEBUG: opcode=12 compute_size=416 vec_cycles=1
[2026-07-06 00:28:49.207] [info] VECTOR DEBUG: opcode=13 compute_size=4 vec_cycles=1
[2026-07-06 00:28:49.207] [info] VECTOR DEBUG: opcode=11 compute_size=416 vec_cycles=1
[2026-07-06 00:28:49.207] [info] VECTOR DEBUG: opcode=13 compute_size=4 vec_cycles=1
[2026-07-06 00:28:49.207] [info] VECTOR DEBUG: opcode=11 compute_size=256 vec_cycles=1
[2026-07-06 00:28:49.215] [info] VECTOR DEBUG: opcode=11 compute_size=256 vec_cycles=1
[2026-07-06 00:28:49.215] [info] VECTOR DEBUG: opcode=11 compute_size=256 vec_cycles=1
[2026-07-06 00:28:49.219] [info] VECTOR DEBUG: opcode=11 compute_size=256 vec_cycles=1
[2026-07-06 00:28:49.227] [info] VECTOR DEBUG: opcode=11 compute_size=256 vec_cycles=1
[2026-07-06 00:28:49.243] [info] VECTOR DEBUG: opcode=11 compute_size=256 vec_cycles=1
[2026-07-06 00:28:49.244] [info] VECTOR DEBUG: opcode=11 compute_size=256 vec_cycles=1
[2026-07-06 00:28:49.248] [info] VECTOR DEBUG: opcode=11 compute_size=256 vec_cycles=1
[2026-07-06 00:28:49.260] [info] VECTOR DEBUG: opcode=14 compute_size=209 vec_cycles=1
[2026-07-06 00:28:49.260] [info] VECTOR DEBUG: opcode=10 compute_size=210 vec_cycles=1
[2026-07-06 00:28:49.260] [info] VECTOR DEBUG: opcode=15 compute_size=420 vec_cycles=1
[2026-07-06 00:28:49.260] [info] VECTOR DEBUG: opcode=14 compute_size=416 vec_cycles=1
[2026-07-06 00:28:49.260] [info] VECTOR DEBUG: opcode=12 compute_size=416 vec_cycles=1
[2026-07-06 00:28:49.260] [info] VECTOR DEBUG: opcode=13 compute_size=4 vec_cycles=1
[2026-07-06 00:28:49.260] [info] VECTOR DEBUG: opcode=11 compute_size=416 vec_cycles=1
[2026-07-06 00:28:49.260] [info] VECTOR DEBUG: opcode=13 compute_size=4 vec_cycles=1
[2026-07-06 00:28:49.261] [info] VECTOR DEBUG: opcode=14 compute_size=209 vec_cycles=1
[2026-07-06 00:28:49.261] [info] VECTOR DEBUG: opcode=10 compute_size=210 vec_cycles=1
[2026-07-06 00:28:49.261] [info] VECTOR DEBUG: opcode=15 compute_size=420 vec_cycles=1
[2026-07-06 00:28:49.261] [info] VECTOR DEBUG: opcode=14 compute_size=416 vec_cycles=1
[2026-07-06 00:28:49.261] [info] VECTOR DEBUG: opcode=12 compute_size=416 vec_cycles=1
[2026-07-06 00:28:49.261] [info] VECTOR DEBUG: opcode=14 compute_size=209 vec_cycles=1
[2026-07-06 00:28:49.261] [info] VECTOR DEBUG: opcode=13 compute_size=4 vec_cycles=1
[2026-07-06 00:28:49.261] [info] VECTOR DEBUG: opcode=10 compute_size=210 vec_cycles=1
[2026-07-06 00:28:49.261] [info] VECTOR DEBUG: opcode=11 compute_size=416 vec_cycles=1
[2026-07-06 00:28:49.261] [info] VECTOR DEBUG: opcode=15 compute_size=420 vec_cycles=1
[2026-07-06 00:28:49.261] [info] VECTOR DEBUG: opcode=14 compute_size=209 vec_cycles=1
[2026-07-06 00:28:49.261] [info] VECTOR DEBUG: opcode=14 compute_size=416 vec_cycles=1
[2026-07-06 00:28:49.261] [info] VECTOR DEBUG: opcode=13 compute_size=4 vec_cycles=1
[2026-07-06 00:28:49.261] [info] VECTOR DEBUG: opcode=10 compute_size=210 vec_cycles=1
[2026-07-06 00:28:49.262] [info] VECTOR DEBUG: opcode=12 compute_size=416 vec_cycles=1
[2026-07-06 00:28:49.262] [info] VECTOR DEBUG: opcode=15 compute_size=420 vec_cycles=1
[2026-07-06 00:28:49.262] [info] VECTOR DEBUG: opcode=13 compute_size=4 vec_cycles=1
[2026-07-06 00:28:49.262] [info] VECTOR DEBUG: opcode=14 compute_size=416 vec_cycles=1
[2026-07-06 00:28:49.262] [info] VECTOR DEBUG: opcode=11 compute_size=416 vec_cycles=1
[2026-07-06 00:28:49.262] [info] VECTOR DEBUG: opcode=12 compute_size=416 vec_cycles=1
[2026-07-06 00:28:49.262] [info] VECTOR DEBUG: opcode=13 compute_size=4 vec_cycles=1
[2026-07-06 00:28:49.262] [info] VECTOR DEBUG: opcode=13 compute_size=4 vec_cycles=1
[2026-07-06 00:28:49.262] [info] VECTOR DEBUG: opcode=11 compute_size=416 vec_cycles=1
[2026-07-06 00:28:49.262] [info] VECTOR DEBUG: opcode=13 compute_size=4 vec_cycles=1
[2026-07-06 00:28:49.264] [info] VECTOR DEBUG: opcode=11 compute_size=256 vec_cycles=1
[2026-07-06 00:28:49.265] [info] VECTOR DEBUG: opcode=11 compute_size=256 vec_cycles=1
[2026-07-06 00:28:49.265] [info] VECTOR DEBUG: opcode=11 compute_size=256 vec_cycles=1
[2026-07-06 00:28:49.265] [info] VECTOR DEBUG: opcode=11 compute_size=256 vec_cycles=1
[2026-07-06 00:28:49.265] [info] Layer layer0.attn.Attention.0 finish at 219046
[2026-07-06 00:28:49.265] [info] Total compute time 2388
[2026-07-06 00:28:49.265] [info] executable layer count 1
[2026-07-06 00:28:49.265] [info] Start layer layer0.attn.Atccat
[2026-07-06 00:28:49.265] [info] Layer layer0.attn.Atccat finish at 219048
[2026-07-06 00:28:49.265] [info] Total compute time 2
[2026-07-06 00:28:49.265] [info] executable layer count 1
[2026-07-06 00:28:49.265] [info] Start layer layer0.attn.proj
[2026-07-06 00:28:49.918] [info] Layer layer0.attn.proj finish at 222949
[2026-07-06 00:28:49.918] [info] Total compute time 3901
[2026-07-06 00:28:49.918] [info] executable layer count 1
[2026-07-06 00:28:49.918] [info] Start layer layer0.attn.ln
[2026-07-06 00:28:49.920] [info] VECTOR DEBUG: opcode=9 compute_size=0 vec_cycles=5
[2026-07-06 00:28:49.920] [info] VECTOR DEBUG: opcode=10 compute_size=0 vec_cycles=0
[2026-07-06 00:28:49.920] [info] Layer layer0.attn.ln finish at 223005
[2026-07-06 00:28:49.920] [info] Total compute time 56
[2026-07-06 00:28:49.920] [info] executable layer count 1
[2026-07-06 00:28:49.920] [info] Start layer layer0.ffn.fc1
[2026-07-06 00:28:50.386] [info] HBM2-CH_0: BW utilization 37% (3580 reads, 9 writes)
[2026-07-06 00:28:50.461] [info] Core [0] : MatMul active cycle 17 Vector active cycle 27 
[2026-07-06 00:28:50.461] [info] Core [0] : issued tile 1 
[2026-07-06 00:28:50.461] [info] Core [0] : Memory unit idle cycle 6067 Systolic bubble cycle 273 Core idle cycle 151 
[2026-07-06 00:28:50.461] [info] Core [0] : Systolic Array Utilization(%) 42.11 (0.21% PE util), Vector Unit Utilization(%) 0.34, Total cycle: 224000
[2026-07-06 00:28:55.201] [info] HBM2-CH_0: BW utilization 52% (5002 reads, 0 writes)
[2026-07-06 00:28:55.235] [info] Core [0] : MatMul active cycle 0 Vector active cycle 0 
[2026-07-06 00:28:55.235] [info] Core [0] : issued tile 1 
[2026-07-06 00:28:55.235] [info] Core [0] : Memory unit idle cycle 5096 Systolic bubble cycle 0 Core idle cycle 0 
[2026-07-06 00:28:55.235] [info] Core [0] : Systolic Array Utilization(%) 0.00 (0.00% PE util), Vector Unit Utilization(%) 0.00, Total cycle: 232000
[2026-07-06 00:28:56.884] [info] HBM2-CH_0: BW utilization 37% (3609 reads, 10 writes)
[2026-07-06 00:28:56.885] [info] Core [0] : MatMul active cycle 14 Vector active cycle 0 
[2026-07-06 00:28:56.885] [info] Core [0] : issued tile 1 
[2026-07-06 00:28:56.885] [info] Core [0] : Memory unit idle cycle 7998 Systolic bubble cycle 0 Core idle cycle 0 
[2026-07-06 00:28:56.885] [info] Core [0] : Systolic Array Utilization(%) 25.38 (0.17% PE util), Vector Unit Utilization(%) 0.00, Total cycle: 240000
[2026-07-06 00:28:56.893] [info] Layer layer0.ffn.fc1 finish at 241285
[2026-07-06 00:28:56.893] [info] Total compute time 18280
[2026-07-06 00:28:56.893] [info] executable layer count 1
[2026-07-06 00:28:56.893] [info] Start layer layer0.ffn.act
[2026-07-06 00:28:56.898] [info] VECTOR DEBUG: opcode=10 compute_size=6144 vec_cycles=1
[2026-07-06 00:28:56.898] [info] VECTOR DEBUG: opcode=6 compute_size=6144 vec_cycles=1
[2026-07-06 00:28:56.898] [info] Layer layer0.ffn.act finish at 241384
[2026-07-06 00:28:56.898] [info] Total compute time 99
[2026-07-06 00:28:56.898] [info] executable layer count 1
[2026-07-06 00:28:56.898] [info] Start layer layer0.ffn.fc2
[2026-07-06 00:29:00.969] [info] HBM2-CH_0: BW utilization 42% (4113 reads, 4 writes)
[2026-07-06 00:29:01.010] [info] Core [0] : MatMul active cycle 10 Vector active cycle 0 
[2026-07-06 00:29:01.010] [info] Core [0] : issued tile 2 
[2026-07-06 00:29:01.010] [info] Core [0] : Memory unit idle cycle 1384 Systolic bubble cycle 0 Core idle cycle 194 
[2026-07-06 00:29:01.010] [info] Core [0] : Systolic Array Utilization(%) 14.65 (0.12% PE util), Vector Unit Utilization(%) 0.00, Total cycle: 248000
[2026-07-06 00:29:03.810] [info] HBM2-CH_0: BW utilization 50% (4833 reads, 0 writes)
[2026-07-06 00:29:03.822] [info] Core [0] : MatMul active cycle 2 Vector active cycle 0 
[2026-07-06 00:29:03.822] [info] Core [0] : issued tile 2 
[2026-07-06 00:29:03.822] [info] Core [0] : Memory unit idle cycle 3426 Systolic bubble cycle 0 Core idle cycle 0 
[2026-07-06 00:29:03.822] [info] Core [0] : Systolic Array Utilization(%) 6.28 (0.03% PE util), Vector Unit Utilization(%) 0.00, Total cycle: 256000
[2026-07-06 00:29:03.909] [info] Layer layer0.ffn.fc2 finish at 261774
[2026-07-06 00:29:03.909] [info] Total compute time 20390
[2026-07-06 00:29:03.909] [info] executable layer count 1
[2026-07-06 00:29:03.909] [info] Start layer layer0.ffn.ln
[2026-07-06 00:29:03.911] [info] VECTOR DEBUG: opcode=9 compute_size=0 vec_cycles=5
[2026-07-06 00:29:03.911] [info] VECTOR DEBUG: opcode=10 compute_size=0 vec_cycles=0
[2026-07-06 00:29:03.911] [info] Layer layer0.ffn.ln finish at 261831
[2026-07-06 00:29:03.911] [info] Total compute time 57
[2026-07-06 00:29:03.911] [info] Model[opt-125m] Request: 202 us, Start: 202 us, finish:261 us, Current Cycle:261831
[2026-07-06 00:29:03.911] [info] No total_seq_len!
[2026-07-06 00:29:03.911] [info] Total Memory Usage: 0.09 GB
[2026-07-06 00:29:03.911] [info] Weight Memory Usage: 0.09 GB
[2026-07-06 00:29:03.911] [info] KV Memory Usage: 0.00 GB
[2026-07-06 00:29:03.911] [info] Activation Memory Usage: 0.00 GB
[2026-07-06 00:29:03.911] [info] [GEMM] spad_size: 33554432 accum_size: 4194304
[2026-07-06 00:29:03.911] [info] [GEMM] required_sram_size: 983040 required_accum_size: 131072
[2026-07-06 00:29:03.911] [info] [GEMM] Used gemmini gemm mapping: Total N:1 C:768 M:2304, Outer N:1 C:1 M:5, Inner N:128 C:768 M:512
[2026-07-06 00:29:03.928] [info] [GemmWs] Keys K = 768, N = 1, M = 2304
[2026-07-06 00:29:03.928] [info] [GemmWS]: total 0.003541248 GFLOPs, 0.003549696 GB
[2026-07-06 00:29:03.928] [info] [GemmWS]: Theoretical time(ms): 0.005781263553217286 Compute time: 2.7017577508559043e-05 Memory time: 0.005781263553217286
[2026-07-06 00:29:03.928] [info] [Attention] total_spad_size_per_head: 27008 B
[2026-07-06 00:29:03.928] [info] [Attention] total_acc_size_per_head: 210 B
[2026-07-06 00:29:03.928] [info] [Attention] q_len: 1, seq_len: 105, dk: 64, heads per tile 1
[2026-07-06 00:29:03.928] [info] [Attention] Spad size 16777216
[2026-07-06 00:29:03.928] [info] [Attention] Accum spad size 2097152
[2026-07-06 00:29:03.928] [info] Mapping info Total Loop: N12 C64 M105 S1 R1 Q1 P1 Tile Out Loop: N12 C1 M1 S1 R1 Q1 P1 Tile In Loop: N1 C64 M105 S1 R1 Q1 P1
[2026-07-06 00:29:03.933] [info] [Attention] QK 0.00016128 GFLOPs
[2026-07-06 00:29:03.933] [info] [Attention] total 0.00033516 GFLOPs, 0.000325632 GB
[2026-07-06 00:29:03.933] [info] [Attention] Theoretical time(ms): 0.0005303453 Compute time: 3.999023e-06 Memory time: 0.0005303453
[2026-07-06 00:29:03.933] [info] [Attention] QK compute 0.0000ms Softmax compute 0.0000ms SV compute 0.0000ms
[2026-07-06 00:29:03.933] [info] [GEMM] spad_size: 33554432 accum_size: 4194304
[2026-07-06 00:29:03.933] [info] [GEMM] required_sram_size: 393216 required_accum_size: 32768
[2026-07-06 00:29:03.933] [info] [GEMM] Used gemmini gemm mapping: Total N:1 C:768 M:768, Outer N:1 C:1 M:6, Inner N:128 C:768 M:128
[2026-07-06 00:29:03.938] [info] [GemmWs] Keys K = 768, N = 1, M = 768
[2026-07-06 00:29:03.938] [info] [GemmWS]: total 0.0011804161 GFLOPs, 0.0011842559 GB
[2026-07-06 00:29:03.938] [info] [GemmWS]: Theoretical time(ms): 0.0019287556369818049 Compute time: 9.0058600576981e-06 Memory time: 0.0019287556369818049
[2026-07-06 00:29:03.938] [info] [SkipLayerNorm] tokens_per_tile: 1
[2026-07-06 00:29:03.938] [info] [GEMM] spad_size: 33554432 accum_size: 4194304
[2026-07-06 00:29:03.938] [info] [GEMM] required_sram_size: 983040 required_accum_size: 131072
[2026-07-06 00:29:03.938] [info] [GEMM] Used gemmini gemm mapping: Total N:1 C:768 M:3072, Outer N:1 C:1 M:6, Inner N:128 C:768 M:512
[2026-07-06 00:29:03.957] [info] [GemmWs] Keys K = 768, N = 1, M = 3072
[2026-07-06 00:29:03.958] [info] [GemmWS]: total 0.0047185924 GFLOPs, 0.004726272 GB
[2026-07-06 00:29:03.958] [info] [GemmWS]: Theoretical time(ms): 0.0076975111369392835 Compute time: 3.6000002978653356e-05 Memory time: 0.0076975111369392835
[2026-07-06 00:29:03.958] [info] [BiasAct] tokens_per_tile: 1
[2026-07-06 00:29:03.958] [info] [GEMM] spad_size: 33554432 accum_size: 4194304
[2026-07-06 00:29:03.958] [info] [GEMM] required_sram_size: 1572864 required_accum_size: 32768
[2026-07-06 00:29:03.958] [info] [GEMM] Used gemmini gemm mapping: Total N:1 C:3072 M:768, Outer N:1 C:1 M:6, Inner N:128 C:3072 M:128
[2026-07-06 00:29:03.993] [info] [GemmWs] Keys K = 3072, N = 1, M = 768
[2026-07-06 00:29:03.993] [info] [GemmWS]: total 0.0047193603 GFLOPs, 0.0047278083 GB
[2026-07-06 00:29:03.993] [info] [GemmWS]: Theoretical time(ms): 0.007700013156863861 Compute time: 3.60058614035097e-05 Memory time: 0.007700013156863861
[2026-07-06 00:29:03.993] [info] [SkipLayerNorm] tokens_per_tile: 1
[2026-07-06 00:29:03.993] [info]  Model initialization time: 0.081780 seconds
[2026-07-06 00:29:03.993] [info] Schedule model: opt-125m at 261833000 us
[2026-07-06 00:29:03.993] [info] MODEL opt-125m Scheduled, Total Request: 1
[2026-07-06 00:29:03.993] [info] executable layer count 1
[2026-07-06 00:29:03.993] [info] Start layer layer0.attn.QKVgen
[2026-07-06 00:29:05.632] [info] HBM2-CH_0: BW utilization 19% (1835 reads, 17 writes)
[2026-07-06 00:29:05.705] [info] Core [0] : MatMul active cycle 46 Vector active cycle 6 
[2026-07-06 00:29:05.705] [info] Core [0] : issued tile 1 
[2026-07-06 00:29:05.705] [info] Core [0] : Memory unit idle cycle 5822 Systolic bubble cycle 0 Core idle cycle 0 
[2026-07-06 00:29:05.705] [info] Core [0] : Systolic Array Utilization(%) 72.15 (0.57% PE util), Vector Unit Utilization(%) 0.08, Total cycle: 264000
[2026-07-06 00:29:09.176] [info] HBM2-CH_0: BW utilization 52% (5005 reads, 0 writes)
[2026-07-06 00:29:09.190] [info] Core [0] : MatMul active cycle 0 Vector active cycle 0 
[2026-07-06 00:29:09.190] [info] Core [0] : issued tile 1 
[2026-07-06 00:29:09.190] [info] Core [0] : Memory unit idle cycle 6149 Systolic bubble cycle 0 Core idle cycle 0 
[2026-07-06 00:29:09.190] [info] Core [0] : Systolic Array Utilization(%) 0.00 (0.00% PE util), Vector Unit Utilization(%) 0.00, Total cycle: 272000
[2026-07-06 00:29:09.304] [info] Layer layer0.attn.QKVgen finish at 276340
[2026-07-06 00:29:09.304] [info] Total compute time 14508
[2026-07-06 00:29:09.304] [info] executable layer count 1
[2026-07-06 00:29:09.304] [info] Start layer layer0.attn.KVccat
[2026-07-06 00:29:09.304] [info] Layer layer0.attn.KVccat finish at 276341
[2026-07-06 00:29:09.304] [info] Total compute time 1
[2026-07-06 00:29:09.304] [info] executable layer count 1
[2026-07-06 00:29:09.304] [info] Start layer layer0.attn.Attention.0
[2026-07-06 00:29:09.438] [info] VECTOR DEBUG: opcode=14 compute_size=211 vec_cycles=1
[2026-07-06 00:29:09.438] [info] VECTOR DEBUG: opcode=10 compute_size=212 vec_cycles=1
[2026-07-06 00:29:09.438] [info] VECTOR DEBUG: opcode=15 compute_size=424 vec_cycles=1
[2026-07-06 00:29:09.438] [info] VECTOR DEBUG: opcode=14 compute_size=420 vec_cycles=1
[2026-07-06 00:29:09.438] [info] VECTOR DEBUG: opcode=14 compute_size=211 vec_cycles=1
[2026-07-06 00:29:09.438] [info] VECTOR DEBUG: opcode=12 compute_size=420 vec_cycles=1
[2026-07-06 00:29:09.438] [info] VECTOR DEBUG: opcode=10 compute_size=212 vec_cycles=1
[2026-07-06 00:29:09.438] [info] VECTOR DEBUG: opcode=13 compute_size=4 vec_cycles=1
[2026-07-06 00:29:09.438] [info] VECTOR DEBUG: opcode=15 compute_size=424 vec_cycles=1
[2026-07-06 00:29:09.438] [info] VECTOR DEBUG: opcode=11 compute_size=420 vec_cycles=1
[2026-07-06 00:29:09.438] [info] VECTOR DEBUG: opcode=14 compute_size=420 vec_cycles=1
[2026-07-06 00:29:09.438] [info] VECTOR DEBUG: opcode=13 compute_size=4 vec_cycles=1
[2026-07-06 00:29:09.438] [info] VECTOR DEBUG: opcode=12 compute_size=420 vec_cycles=1
[2026-07-06 00:29:09.438] [info] VECTOR DEBUG: opcode=13 compute_size=4 vec_cycles=1
[2026-07-06 00:29:09.438] [info] VECTOR DEBUG: opcode=14 compute_size=211 vec_cycles=1
[2026-07-06 00:29:09.438] [info] VECTOR DEBUG: opcode=11 compute_size=420 vec_cycles=1
[2026-07-06 00:29:09.438] [info] VECTOR DEBUG: opcode=10 compute_size=212 vec_cycles=1
[2026-07-06 00:29:09.439] [info] VECTOR DEBUG: opcode=15 compute_size=424 vec_cycles=1
[2026-07-06 00:29:09.439] [info] VECTOR DEBUG: opcode=13 compute_size=4 vec_cycles=1
[2026-07-06 00:29:09.439] [info] VECTOR DEBUG: opcode=14 compute_size=420 vec_cycles=1
[2026-07-06 00:29:09.439] [info] VECTOR DEBUG: opcode=12 compute_size=420 vec_cycles=1
[2026-07-06 00:29:09.439] [info] VECTOR DEBUG: opcode=13 compute_size=4 vec_cycles=1
[2026-07-06 00:29:09.439] [info] VECTOR DEBUG: opcode=11 compute_size=420 vec_cycles=1
[2026-07-06 00:29:09.439] [info] VECTOR DEBUG: opcode=14 compute_size=211 vec_cycles=1
[2026-07-06 00:29:09.439] [info] VECTOR DEBUG: opcode=10 compute_size=212 vec_cycles=1
[2026-07-06 00:29:09.439] [info] VECTOR DEBUG: opcode=13 compute_size=4 vec_cycles=1
[2026-07-06 00:29:09.439] [info] VECTOR DEBUG: opcode=15 compute_size=424 vec_cycles=1
[2026-07-06 00:29:09.439] [info] VECTOR DEBUG: opcode=14 compute_size=420 vec_cycles=1
[2026-07-06 00:29:09.439] [info] VECTOR DEBUG: opcode=12 compute_size=420 vec_cycles=1
[2026-07-06 00:29:09.439] [info] VECTOR DEBUG: opcode=13 compute_size=4 vec_cycles=1
[2026-07-06 00:29:09.439] [info] VECTOR DEBUG: opcode=11 compute_size=420 vec_cycles=1
[2026-07-06 00:29:09.439] [info] VECTOR DEBUG: opcode=13 compute_size=4 vec_cycles=1
[2026-07-06 00:29:09.439] [info] VECTOR DEBUG: opcode=14 compute_size=211 vec_cycles=1
[2026-07-06 00:29:09.439] [info] VECTOR DEBUG: opcode=10 compute_size=212 vec_cycles=1
[2026-07-06 00:29:09.439] [info] VECTOR DEBUG: opcode=15 compute_size=424 vec_cycles=1
[2026-07-06 00:29:09.439] [info] VECTOR DEBUG: opcode=14 compute_size=420 vec_cycles=1
[2026-07-06 00:29:09.439] [info] VECTOR DEBUG: opcode=14 compute_size=211 vec_cycles=1
[2026-07-06 00:29:09.439] [info] VECTOR DEBUG: opcode=12 compute_size=420 vec_cycles=1
[2026-07-06 00:29:09.439] [info] VECTOR DEBUG: opcode=10 compute_size=212 vec_cycles=1
[2026-07-06 00:29:09.439] [info] VECTOR DEBUG: opcode=13 compute_size=4 vec_cycles=1
[2026-07-06 00:29:09.439] [info] VECTOR DEBUG: opcode=15 compute_size=424 vec_cycles=1
[2026-07-06 00:29:09.439] [info] VECTOR DEBUG: opcode=11 compute_size=420 vec_cycles=1
[2026-07-06 00:29:09.439] [info] VECTOR DEBUG: opcode=14 compute_size=420 vec_cycles=1
[2026-07-06 00:29:09.439] [info] VECTOR DEBUG: opcode=13 compute_size=4 vec_cycles=1
[2026-07-06 00:29:09.439] [info] VECTOR DEBUG: opcode=12 compute_size=420 vec_cycles=1
[2026-07-06 00:29:09.439] [info] VECTOR DEBUG: opcode=13 compute_size=4 vec_cycles=1
[2026-07-06 00:29:09.439] [info] VECTOR DEBUG: opcode=14 compute_size=211 vec_cycles=1
[2026-07-06 00:29:09.439] [info] VECTOR DEBUG: opcode=11 compute_size=420 vec_cycles=1
[2026-07-06 00:29:09.439] [info] VECTOR DEBUG: opcode=10 compute_size=212 vec_cycles=1
[2026-07-06 00:29:09.439] [info] VECTOR DEBUG: opcode=15 compute_size=424 vec_cycles=1
[2026-07-06 00:29:09.439] [info] VECTOR DEBUG: opcode=13 compute_size=4 vec_cycles=1
[2026-07-06 00:29:09.439] [info] VECTOR DEBUG: opcode=14 compute_size=420 vec_cycles=1
[2026-07-06 00:29:09.439] [info] VECTOR DEBUG: opcode=12 compute_size=420 vec_cycles=1
[2026-07-06 00:29:09.440] [info] VECTOR DEBUG: opcode=13 compute_size=4 vec_cycles=1
[2026-07-06 00:29:09.440] [info] VECTOR DEBUG: opcode=11 compute_size=420 vec_cycles=1
[2026-07-06 00:29:09.440] [info] VECTOR DEBUG: opcode=14 compute_size=211 vec_cycles=1
[2026-07-06 00:29:09.440] [info] VECTOR DEBUG: opcode=10 compute_size=212 vec_cycles=1
[2026-07-06 00:29:09.440] [info] VECTOR DEBUG: opcode=13 compute_size=4 vec_cycles=1
[2026-07-06 00:29:09.440] [info] VECTOR DEBUG: opcode=15 compute_size=424 vec_cycles=1
[2026-07-06 00:29:09.440] [info] VECTOR DEBUG: opcode=14 compute_size=420 vec_cycles=1
[2026-07-06 00:29:09.440] [info] VECTOR DEBUG: opcode=12 compute_size=420 vec_cycles=1
[2026-07-06 00:29:09.440] [info] VECTOR DEBUG: opcode=13 compute_size=4 vec_cycles=1
[2026-07-06 00:29:09.440] [info] VECTOR DEBUG: opcode=11 compute_size=420 vec_cycles=1
[2026-07-06 00:29:09.440] [info] VECTOR DEBUG: opcode=13 compute_size=4 vec_cycles=1
[2026-07-06 00:29:09.440] [info] VECTOR DEBUG: opcode=11 compute_size=256 vec_cycles=1
[2026-07-06 00:29:09.441] [info] VECTOR DEBUG: opcode=11 compute_size=256 vec_cycles=1
[2026-07-06 00:29:09.441] [info] VECTOR DEBUG: opcode=11 compute_size=256 vec_cycles=1
[2026-07-06 00:29:09.443] [info] VECTOR DEBUG: opcode=11 compute_size=256 vec_cycles=1
[2026-07-06 00:29:09.469] [info] VECTOR DEBUG: opcode=11 compute_size=256 vec_cycles=1
[2026-07-06 00:29:09.471] [info] VECTOR DEBUG: opcode=11 compute_size=256 vec_cycles=1
[2026-07-06 00:29:09.473] [info] VECTOR DEBUG: opcode=11 compute_size=256 vec_cycles=1
[2026-07-06 00:29:09.476] [info] VECTOR DEBUG: opcode=11 compute_size=256 vec_cycles=1
[2026-07-06 00:29:09.498] [info] VECTOR DEBUG: opcode=14 compute_size=211 vec_cycles=1
[2026-07-06 00:29:09.498] [info] VECTOR DEBUG: opcode=10 compute_size=212 vec_cycles=1
[2026-07-06 00:29:09.498] [info] VECTOR DEBUG: opcode=15 compute_size=424 vec_cycles=1
[2026-07-06 00:29:09.498] [info] VECTOR DEBUG: opcode=14 compute_size=420 vec_cycles=1
[2026-07-06 00:29:09.498] [info] VECTOR DEBUG: opcode=12 compute_size=420 vec_cycles=1
[2026-07-06 00:29:09.498] [info] VECTOR DEBUG: opcode=13 compute_size=4 vec_cycles=1
[2026-07-06 00:29:09.498] [info] VECTOR DEBUG: opcode=11 compute_size=420 vec_cycles=1
[2026-07-06 00:29:09.498] [info] VECTOR DEBUG: opcode=13 compute_size=4 vec_cycles=1
[2026-07-06 00:29:09.499] [info] VECTOR DEBUG: opcode=14 compute_size=211 vec_cycles=1
[2026-07-06 00:29:09.499] [info] VECTOR DEBUG: opcode=10 compute_size=212 vec_cycles=1
[2026-07-06 00:29:09.499] [info] VECTOR DEBUG: opcode=15 compute_size=424 vec_cycles=1
[2026-07-06 00:29:09.499] [info] VECTOR DEBUG: opcode=14 compute_size=420 vec_cycles=1
[2026-07-06 00:29:09.499] [info] VECTOR DEBUG: opcode=12 compute_size=420 vec_cycles=1
[2026-07-06 00:29:09.499] [info] VECTOR DEBUG: opcode=13 compute_size=4 vec_cycles=1
[2026-07-06 00:29:09.499] [info] VECTOR DEBUG: opcode=11 compute_size=420 vec_cycles=1
[2026-07-06 00:29:09.499] [info] VECTOR DEBUG: opcode=13 compute_size=4 vec_cycles=1
[2026-07-06 00:29:09.499] [info] VECTOR DEBUG: opcode=14 compute_size=211 vec_cycles=1
[2026-07-06 00:29:09.499] [info] VECTOR DEBUG: opcode=10 compute_size=212 vec_cycles=1
[2026-07-06 00:29:09.499] [info] VECTOR DEBUG: opcode=15 compute_size=424 vec_cycles=1
[2026-07-06 00:29:09.499] [info] VECTOR DEBUG: opcode=14 compute_size=420 vec_cycles=1
[2026-07-06 00:29:09.499] [info] VECTOR DEBUG: opcode=14 compute_size=211 vec_cycles=1
[2026-07-06 00:29:09.499] [info] VECTOR DEBUG: opcode=12 compute_size=420 vec_cycles=1
[2026-07-06 00:29:09.499] [info] VECTOR DEBUG: opcode=10 compute_size=212 vec_cycles=1
[2026-07-06 00:29:09.499] [info] VECTOR DEBUG: opcode=13 compute_size=4 vec_cycles=1
[2026-07-06 00:29:09.499] [info] VECTOR DEBUG: opcode=15 compute_size=424 vec_cycles=1
[2026-07-06 00:29:09.499] [info] VECTOR DEBUG: opcode=11 compute_size=420 vec_cycles=1
[2026-07-06 00:29:09.499] [info] VECTOR DEBUG: opcode=14 compute_size=420 vec_cycles=1
[2026-07-06 00:29:09.499] [info] VECTOR DEBUG: opcode=12 compute_size=420 vec_cycles=1
[2026-07-06 00:29:09.499] [info] VECTOR DEBUG: opcode=13 compute_size=4 vec_cycles=1
[2026-07-06 00:29:09.499] [info] VECTOR DEBUG: opcode=13 compute_size=4 vec_cycles=1
[2026-07-06 00:29:09.499] [info] VECTOR DEBUG: opcode=11 compute_size=420 vec_cycles=1
[2026-07-06 00:29:09.499] [info] VECTOR DEBUG: opcode=13 compute_size=4 vec_cycles=1
[2026-07-06 00:29:09.501] [info] VECTOR DEBUG: opcode=11 compute_size=256 vec_cycles=1
[2026-07-06 00:29:09.502] [info] VECTOR DEBUG: opcode=11 compute_size=256 vec_cycles=1
[2026-07-06 00:29:09.503] [info] VECTOR DEBUG: opcode=11 compute_size=256 vec_cycles=1
[2026-07-06 00:29:09.503] [info] VECTOR DEBUG: opcode=11 compute_size=256 vec_cycles=1
[2026-07-06 00:29:09.503] [info] Layer layer0.attn.Attention.0 finish at 278777
[2026-07-06 00:29:09.503] [info] Total compute time 2436
[2026-07-06 00:29:09.503] [info] executable layer count 1
[2026-07-06 00:29:09.503] [info] Start layer layer0.attn.Atccat
[2026-07-06 00:29:09.503] [info] Layer layer0.attn.Atccat finish at 278779
[2026-07-06 00:29:09.503] [info] Total compute time 2
[2026-07-06 00:29:09.503] [info] executable layer count 1
[2026-07-06 00:29:09.503] [info] Start layer layer0.attn.proj
[2026-07-06 00:29:09.813] [info] HBM2-CH_0: BW utilization 22% (2112 reads, 13 writes)
[2026-07-06 00:29:09.841] [info] Core [0] : MatMul active cycle 24 Vector active cycle 27 
[2026-07-06 00:29:09.841] [info] Core [0] : issued tile 1 
[2026-07-06 00:29:09.841] [info] Core [0] : Memory unit idle cycle 7446 Systolic bubble cycle 273 Core idle cycle 103 
[2026-07-06 00:29:09.841] [info] Core [0] : Systolic Array Utilization(%) 54.71 (0.30% PE util), Vector Unit Utilization(%) 0.34, Total cycle: 280000
[2026-07-06 00:29:10.108] [info] Layer layer0.attn.proj finish at 282680
[2026-07-06 00:29:10.108] [info] Total compute time 3901
[2026-07-06 00:29:10.108] [info] executable layer count 1
[2026-07-06 00:29:10.108] [info] Start layer layer0.attn.ln
[2026-07-06 00:29:10.109] [info] VECTOR DEBUG: opcode=9 compute_size=0 vec_cycles=5
[2026-07-06 00:29:10.109] [info] VECTOR DEBUG: opcode=10 compute_size=0 vec_cycles=0
[2026-07-06 00:29:10.109] [info] Layer layer0.attn.ln finish at 282738
[2026-07-06 00:29:10.109] [info] Total compute time 58
[2026-07-06 00:29:10.109] [info] executable layer count 1
[2026-07-06 00:29:10.109] [info] Start layer layer0.ffn.fc1
[2026-07-06 00:29:13.665] [info] HBM2-CH_0: BW utilization 48% (4666 reads, 5 writes)
[2026-07-06 00:29:13.714] [info] Core [0] : MatMul active cycle 6 Vector active cycle 0 
[2026-07-06 00:29:13.714] [info] Core [0] : issued tile 2 
[2026-07-06 00:29:13.714] [info] Core [0] : Memory unit idle cycle 2739 Systolic bubble cycle 0 Core idle cycle 900 
[2026-07-06 00:29:13.714] [info] Core [0] : Systolic Array Utilization(%) 11.23 (0.08% PE util), Vector Unit Utilization(%) 0.00, Total cycle: 288000
[2026-07-06 00:29:16.820] [info] HBM2-CH_0: BW utilization 51% (4923 reads, 0 writes)
[2026-07-06 00:29:16.839] [info] Core [0] : MatMul active cycle 10 Vector active cycle 0 
[2026-07-06 00:29:16.839] [info] Core [0] : issued tile 2 
[2026-07-06 00:29:16.839] [info] Core [0] : Memory unit idle cycle 2055 Systolic bubble cycle 0 Core idle cycle 0 
[2026-07-06 00:29:16.839] [info] Core [0] : Systolic Array Utilization(%) 19.83 (0.12% PE util), Vector Unit Utilization(%) 0.00, Total cycle: 296000
[2026-07-06 00:29:17.087] [info] Layer layer0.ffn.fc1 finish at 301227
[2026-07-06 00:29:17.087] [info] Total compute time 18489
[2026-07-06 00:29:17.087] [info] executable layer count 1
[2026-07-06 00:29:17.087] [info] Start layer layer0.ffn.act
[2026-07-06 00:29:17.091] [info] VECTOR DEBUG: opcode=10 compute_size=6144 vec_cycles=1
[2026-07-06 00:29:17.091] [info] VECTOR DEBUG: opcode=6 compute_size=6144 vec_cycles=1
[2026-07-06 00:29:17.091] [info] Layer layer0.ffn.act finish at 301307
[2026-07-06 00:29:17.091] [info] Total compute time 80
[2026-07-06 00:29:17.091] [info] executable layer count 1
[2026-07-06 00:29:17.091] [info] Start layer layer0.ffn.fc2
[2026-07-06 00:29:19.144] [info] HBM2-CH_0: BW utilization 28% (2744 reads, 14 writes)
[2026-07-06 00:29:19.228] [info] Core [0] : MatMul active cycle 38 Vector active cycle 2 
[2026-07-06 00:29:19.228] [info] Core [0] : issued tile 1 
[2026-07-06 00:29:19.228] [info] Core [0] : Memory unit idle cycle 5274 Systolic bubble cycle 0 Core idle cycle 0 
[2026-07-06 00:29:19.228] [info] Core [0] : Systolic Array Utilization(%) 61.85 (0.47% PE util), Vector Unit Utilization(%) 0.03, Total cycle: 304000
[2026-07-06 00:29:23.472] [info] HBM2-CH_0: BW utilization 49% (4736 reads, 0 writes)
[2026-07-06 00:29:23.520] [info] Core [0] : MatMul active cycle 0 Vector active cycle 0 
[2026-07-06 00:29:23.520] [info] Core [0] : issued tile 1 
[2026-07-06 00:29:23.520] [info] Core [0] : Memory unit idle cycle 6480 Systolic bubble cycle 0 Core idle cycle 0 
[2026-07-06 00:29:23.520] [info] Core [0] : Systolic Array Utilization(%) 0.00 (0.00% PE util), Vector Unit Utilization(%) 0.00, Total cycle: 312000
[2026-07-06 00:29:24.468] [info] HBM2-CH_0: BW utilization 29% (2805 reads, 12 writes)
[2026-07-06 00:29:24.469] [info] Core [0] : MatMul active cycle 24 Vector active cycle 0 
[2026-07-06 00:29:24.469] [info] Core [0] : issued tile 0 
[2026-07-06 00:29:24.469] [info] Core [0] : Memory unit idle cycle 7999 Systolic bubble cycle 0 Core idle cycle 0 
[2026-07-06 00:29:24.469] [info] Core [0] : Systolic Array Utilization(%) 40.03 (0.30% PE util), Vector Unit Utilization(%) 0.00, Total cycle: 320000
[2026-07-06 00:29:24.481] [info] Layer layer0.ffn.fc2 finish at 321714
[2026-07-06 00:29:24.481] [info] Total compute time 20407
[2026-07-06 00:29:24.481] [info] executable layer count 1
[2026-07-06 00:29:24.481] [info] Start layer layer0.ffn.ln
[2026-07-06 00:29:24.482] [info] VECTOR DEBUG: opcode=9 compute_size=0 vec_cycles=5
[2026-07-06 00:29:24.482] [info] VECTOR DEBUG: opcode=10 compute_size=0 vec_cycles=0
[2026-07-06 00:29:24.482] [info] Layer layer0.ffn.ln finish at 321771
[2026-07-06 00:29:24.482] [info] Total compute time 57
[2026-07-06 00:29:24.482] [info] Model[opt-125m] Request: 261 us, Start: 261 us, finish:321 us, Current Cycle:321771
[2026-07-06 00:29:24.482] [info] No total_seq_len!
[2026-07-06 00:29:24.482] [info] Total Memory Usage: 0.09 GB
[2026-07-06 00:29:24.482] [info] Weight Memory Usage: 0.09 GB
[2026-07-06 00:29:24.482] [info] KV Memory Usage: 0.00 GB
[2026-07-06 00:29:24.482] [info] Activation Memory Usage: 0.00 GB
[2026-07-06 00:29:24.482] [info] [GEMM] spad_size: 33554432 accum_size: 4194304
[2026-07-06 00:29:24.482] [info] [GEMM] required_sram_size: 983040 required_accum_size: 131072
[2026-07-06 00:29:24.482] [info] [GEMM] Used gemmini gemm mapping: Total N:1 C:768 M:2304, Outer N:1 C:1 M:5, Inner N:128 C:768 M:512
[2026-07-06 00:29:24.497] [info] [GemmWs] Keys K = 768, N = 1, M = 2304
[2026-07-06 00:29:24.497] [info] [GemmWS]: total 0.003541248 GFLOPs, 0.003549696 GB
[2026-07-06 00:29:24.497] [info] [GemmWS]: Theoretical time(ms): 0.005781263553217286 Compute time: 2.7017577508559043e-05 Memory time: 0.005781263553217286
[2026-07-06 00:29:24.497] [info] [Attention] total_spad_size_per_head: 27264 B
[2026-07-06 00:29:24.497] [info] [Attention] total_acc_size_per_head: 212 B
[2026-07-06 00:29:24.497] [info] [Attention] q_len: 1, seq_len: 106, dk: 64, heads per tile 1
[2026-07-06 00:29:24.497] [info] [Attention] Spad size 16777216
[2026-07-06 00:29:24.497] [info] [Attention] Accum spad size 2097152
[2026-07-06 00:29:24.497] [info] Mapping info Total Loop: N12 C64 M106 S1 R1 Q1 P1 Tile Out Loop: N12 C1 M1 S1 R1 Q1 P1 Tile In Loop: N1 C64 M106 S1 R1 Q1 P1
[2026-07-06 00:29:24.502] [info] [Attention] QK 0.000162816 GFLOPs
[2026-07-06 00:29:24.502] [info] [Attention] total 0.000338352 GFLOPs, 0.000328704 GB
[2026-07-06 00:29:24.502] [info] [Attention] Theoretical time(ms): 0.00053534855 Compute time: 4.037109e-06 Memory time: 0.00053534855
[2026-07-06 00:29:24.502] [info] [Attention] QK compute 0.0000ms Softmax compute 0.0000ms SV compute 0.0000ms
[2026-07-06 00:29:24.502] [info] [GEMM] spad_size: 33554432 accum_size: 4194304
[2026-07-06 00:29:24.502] [info] [GEMM] required_sram_size: 393216 required_accum_size: 32768
[2026-07-06 00:29:24.502] [info] [GEMM] Used gemmini gemm mapping: Total N:1 C:768 M:768, Outer N:1 C:1 M:6, Inner N:128 C:768 M:128
[2026-07-06 00:29:24.507] [info] [GemmWs] Keys K = 768, N = 1, M = 768
[2026-07-06 00:29:24.507] [info] [GemmWS]: total 0.0011804161 GFLOPs, 0.0011842559 GB
[2026-07-06 00:29:24.507] [info] [GemmWS]: Theoretical time(ms): 0.0019287556369818049 Compute time: 9.0058600576981e-06 Memory time: 0.0019287556369818049
[2026-07-06 00:29:24.507] [info] [SkipLayerNorm] tokens_per_tile: 1
[2026-07-06 00:29:24.507] [info] [GEMM] spad_size: 33554432 accum_size: 4194304
[2026-07-06 00:29:24.507] [info] [GEMM] required_sram_size: 983040 required_accum_size: 131072
[2026-07-06 00:29:24.507] [info] [GEMM] Used gemmini gemm mapping: Total N:1 C:768 M:3072, Outer N:1 C:1 M:6, Inner N:128 C:768 M:512
[2026-07-06 00:29:24.526] [info] [GemmWs] Keys K = 768, N = 1, M = 3072
[2026-07-06 00:29:24.526] [info] [GemmWS]: total 0.0047185924 GFLOPs, 0.004726272 GB
[2026-07-06 00:29:24.526] [info] [GemmWS]: Theoretical time(ms): 0.0076975111369392835 Compute time: 3.6000002978653356e-05 Memory time: 0.0076975111369392835
[2026-07-06 00:29:24.526] [info] [BiasAct] tokens_per_tile: 1
[2026-07-06 00:29:24.526] [info] [GEMM] spad_size: 33554432 accum_size: 4194304
[2026-07-06 00:29:24.526] [info] [GEMM] required_sram_size: 1572864 required_accum_size: 32768
[2026-07-06 00:29:24.526] [info] [GEMM] Used gemmini gemm mapping: Total N:1 C:3072 M:768, Outer N:1 C:1 M:6, Inner N:128 C:3072 M:128
[2026-07-06 00:29:24.569] [info] [GemmWs] Keys K = 3072, N = 1, M = 768
[2026-07-06 00:29:24.569] [info] [GemmWS]: total 0.0047193603 GFLOPs, 0.0047278083 GB
[2026-07-06 00:29:24.569] [info] [GemmWS]: Theoretical time(ms): 0.007700013156863861 Compute time: 3.60058614035097e-05 Memory time: 0.007700013156863861
[2026-07-06 00:29:24.569] [info] [SkipLayerNorm] tokens_per_tile: 1
[2026-07-06 00:29:24.569] [info]  Model initialization time: 0.087235 seconds
[2026-07-06 00:29:24.569] [info] Schedule model: opt-125m at 321773000 us
[2026-07-06 00:29:24.570] [info] MODEL opt-125m Scheduled, Total Request: 1
[2026-07-06 00:29:24.570] [info] executable layer count 1
[2026-07-06 00:29:24.570] [info] Start layer layer0.attn.QKVgen
[2026-07-06 00:29:28.260] [info] HBM2-CH_0: BW utilization 40% (3877 reads, 4 writes)
[2026-07-06 00:29:28.303] [info] Core [0] : MatMul active cycle 0 Vector active cycle 0 
[2026-07-06 00:29:28.303] [info] Core [0] : issued tile 1 
[2026-07-06 00:29:28.303] [info] Core [0] : Memory unit idle cycle 3938 Systolic bubble cycle 0 Core idle cycle 1765 
[2026-07-06 00:29:28.303] [info] Core [0] : Systolic Array Utilization(%) 0.00 (0.00% PE util), Vector Unit Utilization(%) 0.00, Total cycle: 328000
[2026-07-06 00:29:29.492] [info] HBM2-CH_0: BW utilization 31% (3064 reads, 6 writes)
[2026-07-06 00:29:29.493] [info] Core [0] : MatMul active cycle 22 Vector active cycle 0 
[2026-07-06 00:29:29.493] [info] Core [0] : issued tile 1 
[2026-07-06 00:29:29.493] [info] Core [0] : Memory unit idle cycle 7997 Systolic bubble cycle 0 Core idle cycle 0 
[2026-07-06 00:29:29.493] [info] Core [0] : Systolic Array Utilization(%) 38.06 (0.28% PE util), Vector Unit Utilization(%) 0.00, Total cycle: 336000
[2026-07-06 00:29:29.495] [info] Layer layer0.attn.QKVgen finish at 336293
[2026-07-06 00:29:29.495] [info] Total compute time 14521
[2026-07-06 00:29:29.495] [info] executable layer count 1
[2026-07-06 00:29:29.495] [info] Start layer layer0.attn.KVccat
[2026-07-06 00:29:29.495] [info] Layer layer0.attn.KVccat finish at 336295
[2026-07-06 00:29:29.495] [info] Total compute time 2
[2026-07-06 00:29:29.495] [info] executable layer count 1
[2026-07-06 00:29:29.495] [info] Start layer layer0.attn.Attention.0
[2026-07-06 00:29:29.657] [info] VECTOR DEBUG: opcode=14 compute_size=213 vec_cycles=1
[2026-07-06 00:29:29.657] [info] VECTOR DEBUG: opcode=14 compute_size=213 vec_cycles=1
[2026-07-06 00:29:29.657] [info] VECTOR DEBUG: opcode=10 compute_size=214 vec_cycles=1
[2026-07-06 00:29:29.657] [info] VECTOR DEBUG: opcode=10 compute_size=214 vec_cycles=1
[2026-07-06 00:29:29.657] [info] VECTOR DEBUG: opcode=15 compute_size=428 vec_cycles=1
[2026-07-06 00:29:29.657] [info] VECTOR DEBUG: opcode=15 compute_size=428 vec_cycles=1
[2026-07-06 00:29:29.657] [info] VECTOR DEBUG: opcode=14 compute_size=424 vec_cycles=1
[2026-07-06 00:29:29.657] [info] VECTOR DEBUG: opcode=14 compute_size=424 vec_cycles=1
[2026-07-06 00:29:29.657] [info] VECTOR DEBUG: opcode=12 compute_size=424 vec_cycles=1
[2026-07-06 00:29:29.657] [info] VECTOR DEBUG: opcode=12 compute_size=424 vec_cycles=1
[2026-07-06 00:29:29.657] [info] VECTOR DEBUG: opcode=13 compute_size=4 vec_cycles=1
[2026-07-06 00:29:29.657] [info] VECTOR DEBUG: opcode=14 compute_size=213 vec_cycles=1
[2026-07-06 00:29:29.657] [info] VECTOR DEBUG: opcode=13 compute_size=4 vec_cycles=1
[2026-07-06 00:29:29.657] [info] VECTOR DEBUG: opcode=11 compute_size=424 vec_cycles=1
[2026-07-06 00:29:29.657] [info] VECTOR DEBUG: opcode=10 compute_size=214 vec_cycles=1
[2026-07-06 00:29:29.657] [info] VECTOR DEBUG: opcode=14 compute_size=213 vec_cycles=1
[2026-07-06 00:29:29.657] [info] VECTOR DEBUG: opcode=11 compute_size=424 vec_cycles=1
[2026-07-06 00:29:29.657] [info] VECTOR DEBUG: opcode=13 compute_size=4 vec_cycles=1
[2026-07-06 00:29:29.657] [info] VECTOR DEBUG: opcode=15 compute_size=428 vec_cycles=1
[2026-07-06 00:29:29.657] [info] VECTOR DEBUG: opcode=10 compute_size=214 vec_cycles=1
[2026-07-06 00:29:29.657] [info] VECTOR DEBUG: opcode=13 compute_size=4 vec_cycles=1
[2026-07-06 00:29:29.657] [info] VECTOR DEBUG: opcode=14 compute_size=424 vec_cycles=1
[2026-07-06 00:29:29.657] [info] VECTOR DEBUG: opcode=15 compute_size=428 vec_cycles=1
[2026-07-06 00:29:29.657] [info] VECTOR DEBUG: opcode=12 compute_size=424 vec_cycles=1
[2026-07-06 00:29:29.657] [info] VECTOR DEBUG: opcode=14 compute_size=424 vec_cycles=1
[2026-07-06 00:29:29.657] [info] VECTOR DEBUG: opcode=13 compute_size=4 vec_cycles=1
[2026-07-06 00:29:29.657] [info] VECTOR DEBUG: opcode=12 compute_size=424 vec_cycles=1
[2026-07-06 00:29:29.657] [info] VECTOR DEBUG: opcode=11 compute_size=424 vec_cycles=1
[2026-07-06 00:29:29.657] [info] VECTOR DEBUG: opcode=13 compute_size=4 vec_cycles=1
[2026-07-06 00:29:29.657] [info] VECTOR DEBUG: opcode=11 compute_size=424 vec_cycles=1
[2026-07-06 00:29:29.657] [info] VECTOR DEBUG: opcode=13 compute_size=4 vec_cycles=1
[2026-07-06 00:29:29.657] [info] VECTOR DEBUG: opcode=13 compute_size=4 vec_cycles=1
[2026-07-06 00:29:29.658] [info] VECTOR DEBUG: opcode=14 compute_size=213 vec_cycles=1
[2026-07-06 00:29:29.658] [info] VECTOR DEBUG: opcode=14 compute_size=213 vec_cycles=1
[2026-07-06 00:29:29.658] [info] VECTOR DEBUG: opcode=10 compute_size=214 vec_cycles=1
[2026-07-06 00:29:29.658] [info] VECTOR DEBUG: opcode=10 compute_size=214 vec_cycles=1
[2026-07-06 00:29:29.658] [info] VECTOR DEBUG: opcode=15 compute_size=428 vec_cycles=1
[2026-07-06 00:29:29.658] [info] VECTOR DEBUG: opcode=15 compute_size=428 vec_cycles=1
[2026-07-06 00:29:29.658] [info] VECTOR DEBUG: opcode=14 compute_size=424 vec_cycles=1
[2026-07-06 00:29:29.658] [info] VECTOR DEBUG: opcode=14 compute_size=424 vec_cycles=1
[2026-07-06 00:29:29.658] [info] VECTOR DEBUG: opcode=12 compute_size=424 vec_cycles=1
[2026-07-06 00:29:29.658] [info] VECTOR DEBUG: opcode=12 compute_size=424 vec_cycles=1
[2026-07-06 00:29:29.658] [info] VECTOR DEBUG: opcode=13 compute_size=4 vec_cycles=1
[2026-07-06 00:29:29.658] [info] VECTOR DEBUG: opcode=14 compute_size=213 vec_cycles=1
[2026-07-06 00:29:29.658] [info] VECTOR DEBUG: opcode=13 compute_size=4 vec_cycles=1
[2026-07-06 00:29:29.658] [info] VECTOR DEBUG: opcode=11 compute_size=424 vec_cycles=1
[2026-07-06 00:29:29.658] [info] VECTOR DEBUG: opcode=10 compute_size=214 vec_cycles=1
[2026-07-06 00:29:29.658] [info] VECTOR DEBUG: opcode=14 compute_size=213 vec_cycles=1
[2026-07-06 00:29:29.658] [info] VECTOR DEBUG: opcode=11 compute_size=424 vec_cycles=1
[2026-07-06 00:29:29.658] [info] VECTOR DEBUG: opcode=13 compute_size=4 vec_cycles=1
[2026-07-06 00:29:29.658] [info] VECTOR DEBUG: opcode=15 compute_size=428 vec_cycles=1
[2026-07-06 00:29:29.658] [info] VECTOR DEBUG: opcode=10 compute_size=214 vec_cycles=1
[2026-07-06 00:29:29.658] [info] VECTOR DEBUG: opcode=13 compute_size=4 vec_cycles=1
[2026-07-06 00:29:29.658] [info] VECTOR DEBUG: opcode=14 compute_size=424 vec_cycles=1
[2026-07-06 00:29:29.658] [info] VECTOR DEBUG: opcode=15 compute_size=428 vec_cycles=1
[2026-07-06 00:29:29.658] [info] VECTOR DEBUG: opcode=12 compute_size=424 vec_cycles=1
[2026-07-06 00:29:29.658] [info] VECTOR DEBUG: opcode=14 compute_size=424 vec_cycles=1
[2026-07-06 00:29:29.658] [info] VECTOR DEBUG: opcode=13 compute_size=4 vec_cycles=1
[2026-07-06 00:29:29.658] [info] VECTOR DEBUG: opcode=12 compute_size=424 vec_cycles=1
[2026-07-06 00:29:29.658] [info] VECTOR DEBUG: opcode=11 compute_size=424 vec_cycles=1
[2026-07-06 00:29:29.658] [info] VECTOR DEBUG: opcode=13 compute_size=4 vec_cycles=1
[2026-07-06 00:29:29.658] [info] VECTOR DEBUG: opcode=11 compute_size=424 vec_cycles=1
[2026-07-06 00:29:29.658] [info] VECTOR DEBUG: opcode=13 compute_size=4 vec_cycles=1
[2026-07-06 00:29:29.658] [info] VECTOR DEBUG: opcode=13 compute_size=4 vec_cycles=1
[2026-07-06 00:29:29.659] [info] VECTOR DEBUG: opcode=11 compute_size=256 vec_cycles=1
[2026-07-06 00:29:29.659] [info] VECTOR DEBUG: opcode=11 compute_size=256 vec_cycles=1
[2026-07-06 00:29:29.660] [info] VECTOR DEBUG: opcode=11 compute_size=256 vec_cycles=1
[2026-07-06 00:29:29.660] [info] VECTOR DEBUG: opcode=11 compute_size=256 vec_cycles=1
[2026-07-06 00:29:29.691] [info] VECTOR DEBUG: opcode=11 compute_size=256 vec_cycles=1
[2026-07-06 00:29:29.691] [info] VECTOR DEBUG: opcode=11 compute_size=256 vec_cycles=1
[2026-07-06 00:29:29.694] [info] VECTOR DEBUG: opcode=11 compute_size=256 vec_cycles=1
[2026-07-06 00:29:29.695] [info] VECTOR DEBUG: opcode=11 compute_size=256 vec_cycles=1
[2026-07-06 00:29:29.726] [info] VECTOR DEBUG: opcode=14 compute_size=213 vec_cycles=1
[2026-07-06 00:29:29.726] [info] VECTOR DEBUG: opcode=10 compute_size=214 vec_cycles=1
[2026-07-06 00:29:29.726] [info] VECTOR DEBUG: opcode=14 compute_size=213 vec_cycles=1
[2026-07-06 00:29:29.726] [info] VECTOR DEBUG: opcode=15 compute_size=428 vec_cycles=1
[2026-07-06 00:29:29.726] [info] VECTOR DEBUG: opcode=10 compute_size=214 vec_cycles=1
[2026-07-06 00:29:29.726] [info] VECTOR DEBUG: opcode=14 compute_size=424 vec_cycles=1
[2026-07-06 00:29:29.726] [info] VECTOR DEBUG: opcode=15 compute_size=428 vec_cycles=1
[2026-07-06 00:29:29.726] [info] VECTOR DEBUG: opcode=12 compute_size=424 vec_cycles=1
[2026-07-06 00:29:29.726] [info] VECTOR DEBUG: opcode=14 compute_size=424 vec_cycles=1
[2026-07-06 00:29:29.726] [info] VECTOR DEBUG: opcode=13 compute_size=4 vec_cycles=1
[2026-07-06 00:29:29.726] [info] VECTOR DEBUG: opcode=12 compute_size=424 vec_cycles=1
[2026-07-06 00:29:29.726] [info] VECTOR DEBUG: opcode=11 compute_size=424 vec_cycles=1
[2026-07-06 00:29:29.726] [info] VECTOR DEBUG: opcode=13 compute_size=4 vec_cycles=1
[2026-07-06 00:29:29.726] [info] VECTOR DEBUG: opcode=13 compute_size=4 vec_cycles=1
[2026-07-06 00:29:29.726] [info] VECTOR DEBUG: opcode=11 compute_size=424 vec_cycles=1
[2026-07-06 00:29:29.726] [info] VECTOR DEBUG: opcode=13 compute_size=4 vec_cycles=1
[2026-07-06 00:29:29.726] [info] VECTOR DEBUG: opcode=14 compute_size=213 vec_cycles=1
[2026-07-06 00:29:29.726] [info] VECTOR DEBUG: opcode=10 compute_size=214 vec_cycles=1
[2026-07-06 00:29:29.726] [info] VECTOR DEBUG: opcode=14 compute_size=213 vec_cycles=1
[2026-07-06 00:29:29.726] [info] VECTOR DEBUG: opcode=15 compute_size=428 vec_cycles=1
[2026-07-06 00:29:29.726] [info] VECTOR DEBUG: opcode=10 compute_size=214 vec_cycles=1
[2026-07-06 00:29:29.726] [info] VECTOR DEBUG: opcode=14 compute_size=424 vec_cycles=1
[2026-07-06 00:29:29.726] [info] VECTOR DEBUG: opcode=15 compute_size=428 vec_cycles=1
[2026-07-06 00:29:29.726] [info] VECTOR DEBUG: opcode=12 compute_size=424 vec_cycles=1
[2026-07-06 00:29:29.726] [info] VECTOR DEBUG: opcode=14 compute_size=424 vec_cycles=1
[2026-07-06 00:29:29.726] [info] VECTOR DEBUG: opcode=13 compute_size=4 vec_cycles=1
[2026-07-06 00:29:29.726] [info] VECTOR DEBUG: opcode=12 compute_size=424 vec_cycles=1
[2026-07-06 00:29:29.726] [info] VECTOR DEBUG: opcode=11 compute_size=424 vec_cycles=1
[2026-07-06 00:29:29.726] [info] VECTOR DEBUG: opcode=13 compute_size=4 vec_cycles=1
[2026-07-06 00:29:29.726] [info] VECTOR DEBUG: opcode=13 compute_size=4 vec_cycles=1
[2026-07-06 00:29:29.726] [info] VECTOR DEBUG: opcode=11 compute_size=424 vec_cycles=1
[2026-07-06 00:29:29.726] [info] VECTOR DEBUG: opcode=13 compute_size=4 vec_cycles=1
[2026-07-06 00:29:29.729] [info] VECTOR DEBUG: opcode=11 compute_size=256 vec_cycles=1
[2026-07-06 00:29:29.729] [info] VECTOR DEBUG: opcode=11 compute_size=256 vec_cycles=1
[2026-07-06 00:29:29.730] [info] VECTOR DEBUG: opcode=11 compute_size=256 vec_cycles=1
[2026-07-06 00:29:29.730] [info] VECTOR DEBUG: opcode=11 compute_size=256 vec_cycles=1
[2026-07-06 00:29:29.730] [info] Layer layer0.attn.Attention.0 finish at 338730
[2026-07-06 00:29:29.730] [info] Total compute time 2435
[2026-07-06 00:29:29.730] [info] executable layer count 1
[2026-07-06 00:29:29.730] [info] Start layer layer0.attn.Atccat
[2026-07-06 00:29:29.730] [info] Layer layer0.attn.Atccat finish at 338731
[2026-07-06 00:29:29.730] [info] Total compute time 1
[2026-07-06 00:29:29.730] [info] executable layer count 1
[2026-07-06 00:29:29.730] [info] Start layer layer0.attn.proj
[2026-07-06 00:29:30.352] [info] Layer layer0.attn.proj finish at 342677
[2026-07-06 00:29:30.352] [info] Total compute time 3946
[2026-07-06 00:29:30.352] [info] executable layer count 1
[2026-07-06 00:29:30.352] [info] Start layer layer0.attn.ln
[2026-07-06 00:29:30.353] [info] VECTOR DEBUG: opcode=9 compute_size=0 vec_cycles=5
[2026-07-06 00:29:30.353] [info] VECTOR DEBUG: opcode=10 compute_size=0 vec_cycles=0
[2026-07-06 00:29:30.353] [info] Layer layer0.attn.ln finish at 342734
[2026-07-06 00:29:30.353] [info] Total compute time 57
[2026-07-06 00:29:30.353] [info] executable layer count 1
[2026-07-06 00:29:30.353] [info] Start layer layer0.ffn.fc1
[2026-07-06 00:29:30.896] [info] HBM2-CH_0: BW utilization 39% (3742 reads, 11 writes)
[2026-07-06 00:29:31.120] [info] Core [0] : MatMul active cycle 14 Vector active cycle 33 
[2026-07-06 00:29:31.120] [info] Core [0] : issued tile 1 
[2026-07-06 00:29:31.120] [info] Core [0] : Memory unit idle cycle 5784 Systolic bubble cycle 273 Core idle cycle 223 
[2026-07-06 00:29:31.120] [info] Core [0] : Systolic Array Utilization(%) 37.47 (0.17% PE util), Vector Unit Utilization(%) 0.41, Total cycle: 344000
[2026-07-06 00:29:36.312] [info] HBM2-CH_0: BW utilization 50% (4852 reads, 0 writes)
[2026-07-06 00:29:36.370] [info] Core [0] : MatMul active cycle 0 Vector active cycle 0 
[2026-07-06 00:29:36.370] [info] Core [0] : issued tile 1 
[2026-07-06 00:29:36.370] [info] Core [0] : Memory unit idle cycle 5326 Systolic bubble cycle 0 Core idle cycle 0 
[2026-07-06 00:29:36.370] [info] Core [0] : Systolic Array Utilization(%) 0.00 (0.00% PE util), Vector Unit Utilization(%) 0.00, Total cycle: 352000
[2026-07-06 00:29:37.784] [info] HBM2-CH_0: BW utilization 37% (3610 reads, 8 writes)
[2026-07-06 00:29:37.785] [info] Core [0] : MatMul active cycle 14 Vector active cycle 0 
[2026-07-06 00:29:37.785] [info] Core [0] : issued tile 1 
[2026-07-06 00:29:37.785] [info] Core [0] : Memory unit idle cycle 7998 Systolic bubble cycle 0 Core idle cycle 0 
[2026-07-06 00:29:37.785] [info] Core [0] : Systolic Array Utilization(%) 24.94 (0.17% PE util), Vector Unit Utilization(%) 0.00, Total cycle: 360000
[2026-07-06 00:29:37.796] [info] Layer layer0.ffn.fc1 finish at 361479
[2026-07-06 00:29:37.796] [info] Total compute time 18745
[2026-07-06 00:29:37.796] [info] executable layer count 1
[2026-07-06 00:29:37.796] [info] Start layer layer0.ffn.act
[2026-07-06 00:29:37.800] [info] VECTOR DEBUG: opcode=10 compute_size=6144 vec_cycles=1
[2026-07-06 00:29:37.800] [info] VECTOR DEBUG: opcode=6 compute_size=6144 vec_cycles=1
[2026-07-06 00:29:37.800] [info] Layer layer0.ffn.act finish at 361564
[2026-07-06 00:29:37.800] [info] Total compute time 85
[2026-07-06 00:29:37.800] [info] executable layer count 1
[2026-07-06 00:29:37.800] [info] Start layer layer0.ffn.fc2
[2026-07-06 00:29:41.756] [info] HBM2-CH_0: BW utilization 41% (3991 reads, 8 writes)
[2026-07-06 00:29:41.815] [info] Core [0] : MatMul active cycle 10 Vector active cycle 0 
[2026-07-06 00:29:41.815] [info] Core [0] : issued tile 2 
[2026-07-06 00:29:41.815] [info] Core [0] : Memory unit idle cycle 1564 Systolic bubble cycle 0 Core idle cycle 339 
[2026-07-06 00:29:41.815] [info] Core [0] : Systolic Array Utilization(%) 15.09 (0.12% PE util), Vector Unit Utilization(%) 0.00, Total cycle: 368000
[2026-07-06 00:29:44.400] [info] HBM2-CH_0: BW utilization 50% (4865 reads, 0 writes)
[2026-07-06 00:29:44.420] [info] Core [0] : MatMul active cycle 2 Vector active cycle 0 
[2026-07-06 00:29:44.420] [info] Core [0] : issued tile 2 
[2026-07-06 00:29:44.420] [info] Core [0] : Memory unit idle cycle 3357 Systolic bubble cycle 0 Core idle cycle 0 
[2026-07-06 00:29:44.420] [info] Core [0] : Systolic Array Utilization(%) 5.64 (0.03% PE util), Vector Unit Utilization(%) 0.00, Total cycle: 376000
[2026-07-06 00:29:44.522] [info] Layer layer0.ffn.fc2 finish at 381825
[2026-07-06 00:29:44.522] [info] Total compute time 20261
[2026-07-06 00:29:44.522] [info] executable layer count 1
[2026-07-06 00:29:44.522] [info] Start layer layer0.ffn.ln
[2026-07-06 00:29:44.523] [info] VECTOR DEBUG: opcode=9 compute_size=0 vec_cycles=5
[2026-07-06 00:29:44.523] [info] VECTOR DEBUG: opcode=10 compute_size=0 vec_cycles=0
[2026-07-06 00:29:44.523] [info] Layer layer0.ffn.ln finish at 381882
[2026-07-06 00:29:44.523] [info] Total compute time 57
[2026-07-06 00:29:44.523] [info] Model[opt-125m] Request: 321 us, Start: 321 us, finish:381 us, Current Cycle:381882
[2026-07-06 00:29:44.523] [info] No total_seq_len!
[2026-07-06 00:29:44.523] [info] Total Memory Usage: 0.09 GB
[2026-07-06 00:29:44.523] [info] Weight Memory Usage: 0.09 GB
[2026-07-06 00:29:44.523] [info] KV Memory Usage: 0.00 GB
[2026-07-06 00:29:44.524] [info] Activation Memory Usage: 0.00 GB
[2026-07-06 00:29:44.524] [info] [GEMM] spad_size: 33554432 accum_size: 4194304
[2026-07-06 00:29:44.524] [info] [GEMM] required_sram_size: 983040 required_accum_size: 131072
[2026-07-06 00:29:44.524] [info] [GEMM] Used gemmini gemm mapping: Total N:1 C:768 M:2304, Outer N:1 C:1 M:5, Inner N:128 C:768 M:512
[2026-07-06 00:29:44.538] [info] [GemmWs] Keys K = 768, N = 1, M = 2304
[2026-07-06 00:29:44.538] [info] [GemmWS]: total 0.003541248 GFLOPs, 0.003549696 GB
[2026-07-06 00:29:44.538] [info] [GemmWS]: Theoretical time(ms): 0.005781263553217286 Compute time: 2.7017577508559043e-05 Memory time: 0.005781263553217286
[2026-07-06 00:29:44.538] [info] [Attention] total_spad_size_per_head: 27520 B
[2026-07-06 00:29:44.538] [info] [Attention] total_acc_size_per_head: 214 B
[2026-07-06 00:29:44.538] [info] [Attention] q_len: 1, seq_len: 107, dk: 64, heads per tile 1
[2026-07-06 00:29:44.538] [info] [Attention] Spad size 16777216
[2026-07-06 00:29:44.538] [info] [Attention] Accum spad size 2097152
[2026-07-06 00:29:44.538] [info] Mapping info Total Loop: N12 C64 M107 S1 R1 Q1 P1 Tile Out Loop: N12 C1 M1 S1 R1 Q1 P1 Tile In Loop: N1 C64 M107 S1 R1 Q1 P1
[2026-07-06 00:29:44.543] [info] [Attention] QK 0.000164352 GFLOPs
[2026-07-06 00:29:44.543] [info] [Attention] total 0.000341544 GFLOPs, 0.00033177598 GB
[2026-07-06 00:29:44.543] [info] [Attention] Theoretical time(ms): 0.0005403518 Compute time: 4.075195e-06 Memory time: 0.0005403518
[2026-07-06 00:29:44.543] [info] [Attention] QK compute 0.0000ms Softmax compute 0.0000ms SV compute 0.0000ms
[2026-07-06 00:29:44.543] [info] [GEMM] spad_size: 33554432 accum_size: 4194304
[2026-07-06 00:29:44.543] [info] [GEMM] required_sram_size: 393216 required_accum_size: 32768
[2026-07-06 00:29:44.543] [info] [GEMM] Used gemmini gemm mapping: Total N:1 C:768 M:768, Outer N:1 C:1 M:6, Inner N:128 C:768 M:128
[2026-07-06 00:29:44.548] [info] [GemmWs] Keys K = 768, N = 1, M = 768
[2026-07-06 00:29:44.548] [info] [GemmWS]: total 0.0011804161 GFLOPs, 0.0011842559 GB
[2026-07-06 00:29:44.548] [info] [GemmWS]: Theoretical time(ms): 0.0019287556369818049 Compute time: 9.0058600576981e-06 Memory time: 0.0019287556369818049
[2026-07-06 00:29:44.548] [info] [SkipLayerNorm] tokens_per_tile: 1
[2026-07-06 00:29:44.548] [info] [GEMM] spad_size: 33554432 accum_size: 4194304
[2026-07-06 00:29:44.548] [info] [GEMM] required_sram_size: 983040 required_accum_size: 131072
[2026-07-06 00:29:44.548] [info] [GEMM] Used gemmini gemm mapping: Total N:1 C:768 M:3072, Outer N:1 C:1 M:6, Inner N:128 C:768 M:512
[2026-07-06 00:29:44.566] [info] [GemmWs] Keys K = 768, N = 1, M = 3072
[2026-07-06 00:29:44.566] [info] [GemmWS]: total 0.0047185924 GFLOPs, 0.004726272 GB
[2026-07-06 00:29:44.566] [info] [GemmWS]: Theoretical time(ms): 0.0076975111369392835 Compute time: 3.6000002978653356e-05 Memory time: 0.0076975111369392835
[2026-07-06 00:29:44.566] [info] [BiasAct] tokens_per_tile: 1
[2026-07-06 00:29:44.566] [info] [GEMM] spad_size: 33554432 accum_size: 4194304
[2026-07-06 00:29:44.566] [info] [GEMM] required_sram_size: 1572864 required_accum_size: 32768
[2026-07-06 00:29:44.566] [info] [GEMM] Used gemmini gemm mapping: Total N:1 C:3072 M:768, Outer N:1 C:1 M:6, Inner N:128 C:3072 M:128
[2026-07-06 00:29:44.589] [info] [GemmWs] Keys K = 3072, N = 1, M = 768
[2026-07-06 00:29:44.589] [info] [GemmWS]: total 0.0047193603 GFLOPs, 0.0047278083 GB
[2026-07-06 00:29:44.589] [info] [GemmWS]: Theoretical time(ms): 0.007700013156863861 Compute time: 3.60058614035097e-05 Memory time: 0.007700013156863861
[2026-07-06 00:29:44.589] [info] [SkipLayerNorm] tokens_per_tile: 1
[2026-07-06 00:29:44.589] [info]  Model initialization time: 0.065341 seconds
[2026-07-06 00:29:44.589] [info] Schedule model: opt-125m at 381884000 us
[2026-07-06 00:29:44.589] [info] MODEL opt-125m Scheduled, Total Request: 1
[2026-07-06 00:29:44.589] [info] executable layer count 1
[2026-07-06 00:29:44.589] [info] Start layer layer0.attn.QKVgen
[2026-07-06 00:29:45.852] [info] HBM2-CH_0: BW utilization 19% (1859 reads, 13 writes)
[2026-07-06 00:29:45.971] [info] Core [0] : MatMul active cycle 46 Vector active cycle 0 
[2026-07-06 00:29:45.971] [info] Core [0] : issued tile 1 
[2026-07-06 00:29:45.971] [info] Core [0] : Memory unit idle cycle 5882 Systolic bubble cycle 0 Core idle cycle 41 
[2026-07-06 00:29:45.971] [info] Core [0] : Systolic Array Utilization(%) 72.79 (0.57% PE util), Vector Unit Utilization(%) 0.00, Total cycle: 384000
[2026-07-06 00:29:48.981] [info] HBM2-CH_0: BW utilization 52% (5061 reads, 0 writes)
[2026-07-06 00:29:49.002] [info] Core [0] : MatMul active cycle 0 Vector active cycle 0 
[2026-07-06 00:29:49.002] [info] Core [0] : issued tile 1 
[2026-07-06 00:29:49.002] [info] Core [0] : Memory unit idle cycle 6152 Systolic bubble cycle 0 Core idle cycle 0 
[2026-07-06 00:29:49.002] [info] Core [0] : Systolic Array Utilization(%) 0.00 (0.00% PE util), Vector Unit Utilization(%) 0.00, Total cycle: 392000
[2026-07-06 00:29:49.104] [info] Layer layer0.attn.QKVgen finish at 396277
[2026-07-06 00:29:49.104] [info] Total compute time 14394
[2026-07-06 00:29:49.104] [info] executable layer count 1
[2026-07-06 00:29:49.104] [info] Start layer layer0.attn.KVccat
[2026-07-06 00:29:49.104] [info] Layer layer0.attn.KVccat finish at 396278
[2026-07-06 00:29:49.104] [info] Total compute time 1
[2026-07-06 00:29:49.104] [info] executable layer count 1
[2026-07-06 00:29:49.104] [info] Start layer layer0.attn.Attention.0
[2026-07-06 00:29:49.221] [info] VECTOR DEBUG: opcode=14 compute_size=215 vec_cycles=1
[2026-07-06 00:29:49.221] [info] VECTOR DEBUG: opcode=14 compute_size=215 vec_cycles=1
[2026-07-06 00:29:49.221] [info] VECTOR DEBUG: opcode=10 compute_size=216 vec_cycles=1
[2026-07-06 00:29:49.221] [info] VECTOR DEBUG: opcode=10 compute_size=216 vec_cycles=1
[2026-07-06 00:29:49.221] [info] VECTOR DEBUG: opcode=15 compute_size=432 vec_cycles=1
[2026-07-06 00:29:49.221] [info] VECTOR DEBUG: opcode=14 compute_size=215 vec_cycles=1
[2026-07-06 00:29:49.221] [info] VECTOR DEBUG: opcode=15 compute_size=432 vec_cycles=1
[2026-07-06 00:29:49.221] [info] VECTOR DEBUG: opcode=14 compute_size=428 vec_cycles=1
[2026-07-06 00:29:49.221] [info] VECTOR DEBUG: opcode=10 compute_size=216 vec_cycles=1
[2026-07-06 00:29:49.221] [info] VECTOR DEBUG: opcode=14 compute_size=428 vec_cycles=1
[2026-07-06 00:29:49.221] [info] VECTOR DEBUG: opcode=14 compute_size=215 vec_cycles=1
[2026-07-06 00:29:49.221] [info] VECTOR DEBUG: opcode=12 compute_size=428 vec_cycles=1
[2026-07-06 00:29:49.221] [info] VECTOR DEBUG: opcode=15 compute_size=432 vec_cycles=1
[2026-07-06 00:29:49.221] [info] VECTOR DEBUG: opcode=12 compute_size=428 vec_cycles=1
[2026-07-06 00:29:49.221] [info] VECTOR DEBUG: opcode=10 compute_size=216 vec_cycles=1
[2026-07-06 00:29:49.221] [info] VECTOR DEBUG: opcode=13 compute_size=4 vec_cycles=1
[2026-07-06 00:29:49.221] [info] VECTOR DEBUG: opcode=14 compute_size=428 vec_cycles=1
[2026-07-06 00:29:49.221] [info] VECTOR DEBUG: opcode=13 compute_size=4 vec_cycles=1
[2026-07-06 00:29:49.221] [info] VECTOR DEBUG: opcode=15 compute_size=432 vec_cycles=1
[2026-07-06 00:29:49.221] [info] VECTOR DEBUG: opcode=11 compute_size=428 vec_cycles=1
[2026-07-06 00:29:49.221] [info] VECTOR DEBUG: opcode=12 compute_size=428 vec_cycles=1
[2026-07-06 00:29:49.221] [info] VECTOR DEBUG: opcode=11 compute_size=428 vec_cycles=1
[2026-07-06 00:29:49.221] [info] VECTOR DEBUG: opcode=14 compute_size=428 vec_cycles=1
[2026-07-06 00:29:49.221] [info] VECTOR DEBUG: opcode=13 compute_size=4 vec_cycles=1
[2026-07-06 00:29:49.221] [info] VECTOR DEBUG: opcode=12 compute_size=428 vec_cycles=1
[2026-07-06 00:29:49.221] [info] VECTOR DEBUG: opcode=13 compute_size=4 vec_cycles=1
[2026-07-06 00:29:49.221] [info] VECTOR DEBUG: opcode=13 compute_size=4 vec_cycles=1
[2026-07-06 00:29:49.221] [info] VECTOR DEBUG: opcode=11 compute_size=428 vec_cycles=1
[2026-07-06 00:29:49.221] [info] VECTOR DEBUG: opcode=13 compute_size=4 vec_cycles=1
[2026-07-06 00:29:49.221] [info] VECTOR DEBUG: opcode=11 compute_size=428 vec_cycles=1
[2026-07-06 00:29:49.221] [info] VECTOR DEBUG: opcode=13 compute_size=4 vec_cycles=1
[2026-07-06 00:29:49.221] [info] VECTOR DEBUG: opcode=13 compute_size=4 vec_cycles=1
[2026-07-06 00:29:49.222] [info] VECTOR DEBUG: opcode=14 compute_size=215 vec_cycles=1
[2026-07-06 00:29:49.222] [info] VECTOR DEBUG: opcode=14 compute_size=215 vec_cycles=1
[2026-07-06 00:29:49.222] [info] VECTOR DEBUG: opcode=10 compute_size=216 vec_cycles=1
[2026-07-06 00:29:49.222] [info] VECTOR DEBUG: opcode=10 compute_size=216 vec_cycles=1
[2026-07-06 00:29:49.222] [info] VECTOR DEBUG: opcode=15 compute_size=432 vec_cycles=1
[2026-07-06 00:29:49.222] [info] VECTOR DEBUG: opcode=14 compute_size=215 vec_cycles=1
[2026-07-06 00:29:49.222] [info] VECTOR DEBUG: opcode=15 compute_size=432 vec_cycles=1
[2026-07-06 00:29:49.222] [info] VECTOR DEBUG: opcode=14 compute_size=428 vec_cycles=1
[2026-07-06 00:29:49.222] [info] VECTOR DEBUG: opcode=10 compute_size=216 vec_cycles=1
[2026-07-06 00:29:49.222] [info] VECTOR DEBUG: opcode=14 compute_size=428 vec_cycles=1
[2026-07-06 00:29:49.222] [info] VECTOR DEBUG: opcode=14 compute_size=215 vec_cycles=1
[2026-07-06 00:29:49.222] [info] VECTOR DEBUG: opcode=12 compute_size=428 vec_cycles=1
[2026-07-06 00:29:49.222] [info] VECTOR DEBUG: opcode=15 compute_size=432 vec_cycles=1
[2026-07-06 00:29:49.222] [info] VECTOR DEBUG: opcode=12 compute_size=428 vec_cycles=1
[2026-07-06 00:29:49.222] [info] VECTOR DEBUG: opcode=10 compute_size=216 vec_cycles=1
[2026-07-06 00:29:49.222] [info] VECTOR DEBUG: opcode=13 compute_size=4 vec_cycles=1
[2026-07-06 00:29:49.222] [info] VECTOR DEBUG: opcode=14 compute_size=428 vec_cycles=1
[2026-07-06 00:29:49.222] [info] VECTOR DEBUG: opcode=13 compute_size=4 vec_cycles=1
[2026-07-06 00:29:49.222] [info] VECTOR DEBUG: opcode=15 compute_size=432 vec_cycles=1
[2026-07-06 00:29:49.222] [info] VECTOR DEBUG: opcode=11 compute_size=428 vec_cycles=1
[2026-07-06 00:29:49.222] [info] VECTOR DEBUG: opcode=12 compute_size=428 vec_cycles=1
[2026-07-06 00:29:49.222] [info] VECTOR DEBUG: opcode=11 compute_size=428 vec_cycles=1
[2026-07-06 00:29:49.222] [info] VECTOR DEBUG: opcode=14 compute_size=428 vec_cycles=1
[2026-07-06 00:29:49.222] [info] VECTOR DEBUG: opcode=13 compute_size=4 vec_cycles=1
[2026-07-06 00:29:49.222] [info] VECTOR DEBUG: opcode=12 compute_size=428 vec_cycles=1
[2026-07-06 00:29:49.222] [info] VECTOR DEBUG: opcode=13 compute_size=4 vec_cycles=1
[2026-07-06 00:29:49.222] [info] VECTOR DEBUG: opcode=13 compute_size=4 vec_cycles=1
[2026-07-06 00:29:49.222] [info] VECTOR DEBUG: opcode=11 compute_size=428 vec_cycles=1
[2026-07-06 00:29:49.222] [info] VECTOR DEBUG: opcode=13 compute_size=4 vec_cycles=1
[2026-07-06 00:29:49.222] [info] VECTOR DEBUG: opcode=11 compute_size=428 vec_cycles=1
[2026-07-06 00:29:49.222] [info] VECTOR DEBUG: opcode=13 compute_size=4 vec_cycles=1
[2026-07-06 00:29:49.222] [info] VECTOR DEBUG: opcode=13 compute_size=4 vec_cycles=1
[2026-07-06 00:29:49.223] [info] VECTOR DEBUG: opcode=11 compute_size=256 vec_cycles=1
[2026-07-06 00:29:49.223] [info] VECTOR DEBUG: opcode=11 compute_size=256 vec_cycles=1
[2026-07-06 00:29:49.223] [info] VECTOR DEBUG: opcode=11 compute_size=256 vec_cycles=1
[2026-07-06 00:29:49.223] [info] VECTOR DEBUG: opcode=11 compute_size=256 vec_cycles=1
[2026-07-06 00:29:49.251] [info] VECTOR DEBUG: opcode=11 compute_size=256 vec_cycles=1
[2026-07-06 00:29:49.252] [info] VECTOR DEBUG: opcode=11 compute_size=256 vec_cycles=1
[2026-07-06 00:29:49.253] [info] VECTOR DEBUG: opcode=11 compute_size=256 vec_cycles=1
[2026-07-06 00:29:49.253] [info] VECTOR DEBUG: opcode=11 compute_size=256 vec_cycles=1
[2026-07-06 00:29:49.283] [info] VECTOR DEBUG: opcode=14 compute_size=215 vec_cycles=1
[2026-07-06 00:29:49.283] [info] VECTOR DEBUG: opcode=10 compute_size=216 vec_cycles=1
[2026-07-06 00:29:49.283] [info] VECTOR DEBUG: opcode=14 compute_size=215 vec_cycles=1
[2026-07-06 00:29:49.283] [info] VECTOR DEBUG: opcode=15 compute_size=432 vec_cycles=1
[2026-07-06 00:29:49.283] [info] VECTOR DEBUG: opcode=10 compute_size=216 vec_cycles=1
[2026-07-06 00:29:49.283] [info] VECTOR DEBUG: opcode=14 compute_size=428 vec_cycles=1
[2026-07-06 00:29:49.283] [info] VECTOR DEBUG: opcode=15 compute_size=432 vec_cycles=1
[2026-07-06 00:29:49.283] [info] VECTOR DEBUG: opcode=12 compute_size=428 vec_cycles=1
[2026-07-06 00:29:49.283] [info] VECTOR DEBUG: opcode=14 compute_size=428 vec_cycles=1
[2026-07-06 00:29:49.283] [info] VECTOR DEBUG: opcode=13 compute_size=4 vec_cycles=1
[2026-07-06 00:29:49.283] [info] VECTOR DEBUG: opcode=12 compute_size=428 vec_cycles=1
[2026-07-06 00:29:49.283] [info] VECTOR DEBUG: opcode=11 compute_size=428 vec_cycles=1
[2026-07-06 00:29:49.283] [info] VECTOR DEBUG: opcode=13 compute_size=4 vec_cycles=1
[2026-07-06 00:29:49.283] [info] VECTOR DEBUG: opcode=13 compute_size=4 vec_cycles=1
[2026-07-06 00:29:49.283] [info] VECTOR DEBUG: opcode=11 compute_size=428 vec_cycles=1
[2026-07-06 00:29:49.283] [info] VECTOR DEBUG: opcode=13 compute_size=4 vec_cycles=1
[2026-07-06 00:29:49.283] [info] VECTOR DEBUG: opcode=14 compute_size=215 vec_cycles=1
[2026-07-06 00:29:49.283] [info] VECTOR DEBUG: opcode=10 compute_size=216 vec_cycles=1
[2026-07-06 00:29:49.283] [info] VECTOR DEBUG: opcode=14 compute_size=215 vec_cycles=1
[2026-07-06 00:29:49.283] [info] VECTOR DEBUG: opcode=15 compute_size=432 vec_cycles=1
[2026-07-06 00:29:49.283] [info] VECTOR DEBUG: opcode=10 compute_size=216 vec_cycles=1
[2026-07-06 00:29:49.283] [info] VECTOR DEBUG: opcode=14 compute_size=428 vec_cycles=1
[2026-07-06 00:29:49.283] [info] VECTOR DEBUG: opcode=15 compute_size=432 vec_cycles=1
[2026-07-06 00:29:49.283] [info] VECTOR DEBUG: opcode=12 compute_size=428 vec_cycles=1
[2026-07-06 00:29:49.283] [info] VECTOR DEBUG: opcode=14 compute_size=428 vec_cycles=1
[2026-07-06 00:29:49.283] [info] VECTOR DEBUG: opcode=13 compute_size=4 vec_cycles=1
[2026-07-06 00:29:49.283] [info] VECTOR DEBUG: opcode=12 compute_size=428 vec_cycles=1
[2026-07-06 00:29:49.283] [info] VECTOR DEBUG: opcode=11 compute_size=428 vec_cycles=1
[2026-07-06 00:29:49.283] [info] VECTOR DEBUG: opcode=13 compute_size=4 vec_cycles=1
[2026-07-06 00:29:49.283] [info] VECTOR DEBUG: opcode=11 compute_size=428 vec_cycles=1
[2026-07-06 00:29:49.283] [info] VECTOR DEBUG: opcode=13 compute_size=4 vec_cycles=1
[2026-07-06 00:29:49.283] [info] VECTOR DEBUG: opcode=13 compute_size=4 vec_cycles=1
[2026-07-06 00:29:49.286] [info] VECTOR DEBUG: opcode=11 compute_size=256 vec_cycles=1
[2026-07-06 00:29:49.286] [info] VECTOR DEBUG: opcode=11 compute_size=256 vec_cycles=1
[2026-07-06 00:29:49.287] [info] VECTOR DEBUG: opcode=11 compute_size=256 vec_cycles=1
[2026-07-06 00:29:49.287] [info] VECTOR DEBUG: opcode=11 compute_size=256 vec_cycles=1
[2026-07-06 00:29:49.287] [info] Layer layer0.attn.Attention.0 finish at 398718
[2026-07-06 00:29:49.287] [info] Total compute time 2440
[2026-07-06 00:29:49.287] [info] executable layer count 1
[2026-07-06 00:29:49.287] [info] Start layer layer0.attn.Atccat
[2026-07-06 00:29:49.287] [info] Layer layer0.attn.Atccat finish at 398719
[2026-07-06 00:29:49.287] [info] Total compute time 1
[2026-07-06 00:29:49.287] [info] executable layer count 1
[2026-07-06 00:29:49.287] [info] Start layer layer0.attn.proj
[2026-07-06 00:29:49.603] [info] HBM2-CH_0: BW utilization 22% (2133 reads, 13 writes)
[2026-07-06 00:29:49.642] [info] Core [0] : MatMul active cycle 24 Vector active cycle 27 
[2026-07-06 00:29:49.642] [info] Core [0] : issued tile 1 
[2026-07-06 00:29:49.642] [info] Core [0] : Memory unit idle cycle 7443 Systolic bubble cycle 273 Core idle cycle 57 
[2026-07-06 00:29:49.642] [info] Core [0] : Systolic Array Utilization(%) 54.71 (0.30% PE util), Vector Unit Utilization(%) 0.34, Total cycle: 400000
[2026-07-06 00:29:49.900] [info] Layer layer0.attn.proj finish at 402589
[2026-07-06 00:29:49.900] [info] Total compute time 3870
[2026-07-06 00:29:49.900] [info] executable layer count 1
[2026-07-06 00:29:49.900] [info] Start layer layer0.attn.ln
[2026-07-06 00:29:49.901] [info] VECTOR DEBUG: opcode=9 compute_size=0 vec_cycles=5
[2026-07-06 00:29:49.901] [info] VECTOR DEBUG: opcode=10 compute_size=0 vec_cycles=0
[2026-07-06 00:29:49.901] [info] Layer layer0.attn.ln finish at 402645
[2026-07-06 00:29:49.901] [info] Total compute time 56
[2026-07-06 00:29:49.901] [info] executable layer count 1
[2026-07-06 00:29:49.901] [info] Start layer layer0.ffn.fc1
[2026-07-06 00:29:53.165] [info] HBM2-CH_0: BW utilization 48% (4695 reads, 5 writes)
[2026-07-06 00:29:53.232] [info] Core [0] : MatMul active cycle 6 Vector active cycle 0 
[2026-07-06 00:29:53.232] [info] Core [0] : issued tile 2 
[2026-07-06 00:29:53.232] [info] Core [0] : Memory unit idle cycle 2646 Systolic bubble cycle 0 Core idle cycle 858 
[2026-07-06 00:29:53.232] [info] Core [0] : Systolic Array Utilization(%) 11.23 (0.08% PE util), Vector Unit Utilization(%) 0.00, Total cycle: 408000
[2026-07-06 00:29:56.136] [info] HBM2-CH_0: BW utilization 53% (5167 reads, 0 writes)
[2026-07-06 00:29:56.163] [info] Core [0] : MatMul active cycle 8 Vector active cycle 0 
[2026-07-06 00:29:56.163] [info] Core [0] : issued tile 2 
[2026-07-06 00:29:56.163] [info] Core [0] : Memory unit idle cycle 2082 Systolic bubble cycle 0 Core idle cycle 0 
[2026-07-06 00:29:56.163] [info] Core [0] : Systolic Array Utilization(%) 16.15 (0.10% PE util), Vector Unit Utilization(%) 0.00, Total cycle: 416000
[2026-07-06 00:29:56.321] [info] Layer layer0.ffn.fc1 finish at 421114
[2026-07-06 00:29:56.321] [info] Total compute time 18469
[2026-07-06 00:29:56.321] [info] executable layer count 1
[2026-07-06 00:29:56.321] [info] Start layer layer0.ffn.act
[2026-07-06 00:29:56.325] [info] VECTOR DEBUG: opcode=10 compute_size=6144 vec_cycles=1
[2026-07-06 00:29:56.325] [info] VECTOR DEBUG: opcode=6 compute_size=6144 vec_cycles=1
[2026-07-06 00:29:56.325] [info] Layer layer0.ffn.act finish at 421192
[2026-07-06 00:29:56.325] [info] Total compute time 78
[2026-07-06 00:29:56.325] [info] executable layer count 1
[2026-07-06 00:29:56.325] [info] Start layer layer0.ffn.fc2
[2026-07-06 00:29:58.873] [info] HBM2-CH_0: BW utilization 27% (2593 reads, 17 writes)
[2026-07-06 00:29:59.016] [info] Core [0] : MatMul active cycle 40 Vector active cycle 0 
[2026-07-06 00:29:59.016] [info] Core [0] : issued tile 1 
[2026-07-06 00:29:59.016] [info] Core [0] : Memory unit idle cycle 5186 Systolic bubble cycle 0 Core idle cycle 62 
[2026-07-06 00:29:59.016] [info] Core [0] : Systolic Array Utilization(%) 63.90 (0.50% PE util), Vector Unit Utilization(%) 0.00, Total cycle: 424000
[2026-07-06 00:30:03.077] [info] HBM2-CH_0: BW utilization 50% (4832 reads, 0 writes)
[2026-07-06 00:30:03.147] [info] Core [0] : MatMul active cycle 0 Vector active cycle 0 
[2026-07-06 00:30:03.147] [info] Core [0] : issued tile 1 
[2026-07-06 00:30:03.147] [info] Core [0] : Memory unit idle cycle 6845 Systolic bubble cycle 0 Core idle cycle 0 
[2026-07-06 00:30:03.147] [info] Core [0] : Systolic Array Utilization(%) 0.00 (0.00% PE util), Vector Unit Utilization(%) 0.00, Total cycle: 432000
[2026-07-06 00:30:04.045] [info] HBM2-CH_0: BW utilization 27% (2600 reads, 11 writes)
[2026-07-06 00:30:04.046] [info] Core [0] : MatMul active cycle 24 Vector active cycle 0 
[2026-07-06 00:30:04.046] [info] Core [0] : issued tile 0 
[2026-07-06 00:30:04.046] [info] Core [0] : Memory unit idle cycle 7999 Systolic bubble cycle 0 Core idle cycle 208 
[2026-07-06 00:30:04.046] [info] Core [0] : Systolic Array Utilization(%) 40.03 (0.30% PE util), Vector Unit Utilization(%) 0.00, Total cycle: 440000
[2026-07-06 00:30:04.056] [info] Layer layer0.ffn.fc2 finish at 441470
[2026-07-06 00:30:04.056] [info] Total compute time 20278
[2026-07-06 00:30:04.056] [info] executable layer count 1
[2026-07-06 00:30:04.056] [info] Start layer layer0.ffn.ln
[2026-07-06 00:30:04.058] [info] VECTOR DEBUG: opcode=9 compute_size=0 vec_cycles=5
[2026-07-06 00:30:04.058] [info] VECTOR DEBUG: opcode=10 compute_size=0 vec_cycles=0
[2026-07-06 00:30:04.058] [info] Layer layer0.ffn.ln finish at 441528
[2026-07-06 00:30:04.058] [info] Total compute time 58
[2026-07-06 00:30:04.058] [info] Model[opt-125m] Request: 381 us, Start: 381 us, finish:441 us, Current Cycle:441528
[2026-07-06 00:30:04.058] [info] No total_seq_len!
[2026-07-06 00:30:04.058] [info] Total Memory Usage: 0.09 GB
[2026-07-06 00:30:04.058] [info] Weight Memory Usage: 0.09 GB
[2026-07-06 00:30:04.058] [info] KV Memory Usage: 0.00 GB
[2026-07-06 00:30:04.058] [info] Activation Memory Usage: 0.00 GB
[2026-07-06 00:30:04.058] [info] [GEMM] spad_size: 33554432 accum_size: 4194304
[2026-07-06 00:30:04.058] [info] [GEMM] required_sram_size: 983040 required_accum_size: 131072
[2026-07-06 00:30:04.058] [info] [GEMM] Used gemmini gemm mapping: Total N:1 C:768 M:2304, Outer N:1 C:1 M:5, Inner N:128 C:768 M:512
[2026-07-06 00:30:04.074] [info] [GemmWs] Keys K = 768, N = 1, M = 2304
[2026-07-06 00:30:04.074] [info] [GemmWS]: total 0.003541248 GFLOPs, 0.003549696 GB
[2026-07-06 00:30:04.074] [info] [GemmWS]: Theoretical time(ms): 0.005781263553217286 Compute time: 2.7017577508559043e-05 Memory time: 0.005781263553217286
[2026-07-06 00:30:04.074] [info] [Attention] total_spad_size_per_head: 27776 B
[2026-07-06 00:30:04.074] [info] [Attention] total_acc_size_per_head: 216 B
[2026-07-06 00:30:04.074] [info] [Attention] q_len: 1, seq_len: 108, dk: 64, heads per tile 1
[2026-07-06 00:30:04.074] [info] [Attention] Spad size 16777216
[2026-07-06 00:30:04.074] [info] [Attention] Accum spad size 2097152
[2026-07-06 00:30:04.074] [info] Mapping info Total Loop: N12 C64 M108 S1 R1 Q1 P1 Tile Out Loop: N12 C1 M1 S1 R1 Q1 P1 Tile In Loop: N1 C64 M108 S1 R1 Q1 P1
[2026-07-06 00:30:04.079] [info] [Attention] QK 0.000165888 GFLOPs
[2026-07-06 00:30:04.079] [info] [Attention] total 0.000344736 GFLOPs, 0.000334848 GB
[2026-07-06 00:30:04.079] [info] [Attention] Theoretical time(ms): 0.0005453551 Compute time: 4.1132816e-06 Memory time: 0.0005453551
[2026-07-06 00:30:04.079] [info] [Attention] QK compute 0.0000ms Softmax compute 0.0000ms SV compute 0.0000ms
[2026-07-06 00:30:04.079] [info] [GEMM] spad_size: 33554432 accum_size: 4194304
[2026-07-06 00:30:04.079] [info] [GEMM] required_sram_size: 393216 required_accum_size: 32768
[2026-07-06 00:30:04.079] [info] [GEMM] Used gemmini gemm mapping: Total N:1 C:768 M:768, Outer N:1 C:1 M:6, Inner N:128 C:768 M:128
[2026-07-06 00:30:04.085] [info] [GemmWs] Keys K = 768, N = 1, M = 768
[2026-07-06 00:30:04.085] [info] [GemmWS]: total 0.0011804161 GFLOPs, 0.0011842559 GB
[2026-07-06 00:30:04.085] [info] [GemmWS]: Theoretical time(ms): 0.0019287556369818049 Compute time: 9.0058600576981e-06 Memory time: 0.0019287556369818049
[2026-07-06 00:30:04.085] [info] [SkipLayerNorm] tokens_per_tile: 1
[2026-07-06 00:30:04.085] [info] [GEMM] spad_size: 33554432 accum_size: 4194304
[2026-07-06 00:30:04.085] [info] [GEMM] required_sram_size: 983040 required_accum_size: 131072
[2026-07-06 00:30:04.085] [info] [GEMM] Used gemmini gemm mapping: Total N:1 C:768 M:3072, Outer N:1 C:1 M:6, Inner N:128 C:768 M:512
[2026-07-06 00:30:04.104] [info] [GemmWs] Keys K = 768, N = 1, M = 3072
[2026-07-06 00:30:04.104] [info] [GemmWS]: total 0.0047185924 GFLOPs, 0.004726272 GB
[2026-07-06 00:30:04.104] [info] [GemmWS]: Theoretical time(ms): 0.0076975111369392835 Compute time: 3.6000002978653356e-05 Memory time: 0.0076975111369392835
[2026-07-06 00:30:04.104] [info] [BiasAct] tokens_per_tile: 1
[2026-07-06 00:30:04.104] [info] [GEMM] spad_size: 33554432 accum_size: 4194304
[2026-07-06 00:30:04.104] [info] [GEMM] required_sram_size: 1572864 required_accum_size: 32768
[2026-07-06 00:30:04.104] [info] [GEMM] Used gemmini gemm mapping: Total N:1 C:3072 M:768, Outer N:1 C:1 M:6, Inner N:128 C:3072 M:128
[2026-07-06 00:30:04.148] [info] [GemmWs] Keys K = 3072, N = 1, M = 768
[2026-07-06 00:30:04.148] [info] [GemmWS]: total 0.0047193603 GFLOPs, 0.0047278083 GB
[2026-07-06 00:30:04.148] [info] [GemmWS]: Theoretical time(ms): 0.007700013156863861 Compute time: 3.60058614035097e-05 Memory time: 0.007700013156863861
[2026-07-06 00:30:04.148] [info] [SkipLayerNorm] tokens_per_tile: 1
[2026-07-06 00:30:04.148] [info]  Model initialization time: 0.090333 seconds
[2026-07-06 00:30:04.148] [info] Schedule model: opt-125m at 441530000 us
[2026-07-06 00:30:04.148] [info] MODEL opt-125m Scheduled, Total Request: 1
[2026-07-06 00:30:04.148] [info] executable layer count 1
[2026-07-06 00:30:04.148] [info] Start layer layer0.attn.QKVgen
[2026-07-06 00:30:07.975] [info] HBM2-CH_0: BW utilization 42% (4042 reads, 3 writes)
[2026-07-06 00:30:08.031] [info] Core [0] : MatMul active cycle 0 Vector active cycle 0 
[2026-07-06 00:30:08.031] [info] Core [0] : issued tile 1 
[2026-07-06 00:30:08.031] [info] Core [0] : Memory unit idle cycle 4073 Systolic bubble cycle 0 Core idle cycle 1529 
[2026-07-06 00:30:08.031] [info] Core [0] : Systolic Array Utilization(%) 0.00 (0.00% PE util), Vector Unit Utilization(%) 0.00, Total cycle: 448000
[2026-07-06 00:30:08.983] [info] HBM2-CH_0: BW utilization 30% (2900 reads, 8 writes)
[2026-07-06 00:30:08.985] [info] Core [0] : MatMul active cycle 24 Vector active cycle 0 
[2026-07-06 00:30:08.985] [info] Core [0] : issued tile 0 
[2026-07-06 00:30:08.985] [info] Core [0] : Memory unit idle cycle 7996 Systolic bubble cycle 0 Core idle cycle 46 
[2026-07-06 00:30:08.985] [info] Core [0] : Systolic Array Utilization(%) 40.03 (0.30% PE util), Vector Unit Utilization(%) 0.00, Total cycle: 456000
[2026-07-06 00:30:08.985] [info] Layer layer0.attn.QKVgen finish at 456027
[2026-07-06 00:30:08.985] [info] Total compute time 14498
[2026-07-06 00:30:08.985] [info] executable layer count 1
[2026-07-06 00:30:08.985] [info] Start layer layer0.attn.KVccat
[2026-07-06 00:30:08.985] [info] Layer layer0.attn.KVccat finish at 456029
[2026-07-06 00:30:08.985] [info] Total compute time 2
[2026-07-06 00:30:08.985] [info] executable layer count 1
[2026-07-06 00:30:08.985] [info] Start layer layer0.attn.Attention.0
[2026-07-06 00:30:09.106] [info] VECTOR DEBUG: opcode=14 compute_size=217 vec_cycles=1
[2026-07-06 00:30:09.106] [info] VECTOR DEBUG: opcode=14 compute_size=217 vec_cycles=1
[2026-07-06 00:30:09.106] [info] VECTOR DEBUG: opcode=10 compute_size=218 vec_cycles=1
[2026-07-06 00:30:09.106] [info] VECTOR DEBUG: opcode=10 compute_size=218 vec_cycles=1
[2026-07-06 00:30:09.106] [info] VECTOR DEBUG: opcode=15 compute_size=436 vec_cycles=1
[2026-07-06 00:30:09.106] [info] VECTOR DEBUG: opcode=15 compute_size=436 vec_cycles=1
[2026-07-06 00:30:09.106] [info] VECTOR DEBUG: opcode=14 compute_size=432 vec_cycles=1
[2026-07-06 00:30:09.106] [info] VECTOR DEBUG: opcode=14 compute_size=432 vec_cycles=1
[2026-07-06 00:30:09.106] [info] VECTOR DEBUG: opcode=12 compute_size=432 vec_cycles=1
[2026-07-06 00:30:09.106] [info] VECTOR DEBUG: opcode=12 compute_size=432 vec_cycles=1
[2026-07-06 00:30:09.106] [info] VECTOR DEBUG: opcode=13 compute_size=4 vec_cycles=1
[2026-07-06 00:30:09.106] [info] VECTOR DEBUG: opcode=14 compute_size=217 vec_cycles=1
[2026-07-06 00:30:09.106] [info] VECTOR DEBUG: opcode=13 compute_size=4 vec_cycles=1
[2026-07-06 00:30:09.106] [info] VECTOR DEBUG: opcode=11 compute_size=432 vec_cycles=1
[2026-07-06 00:30:09.106] [info] VECTOR DEBUG: opcode=10 compute_size=218 vec_cycles=1
[2026-07-06 00:30:09.106] [info] VECTOR DEBUG: opcode=11 compute_size=432 vec_cycles=1
[2026-07-06 00:30:09.106] [info] VECTOR DEBUG: opcode=15 compute_size=436 vec_cycles=1
[2026-07-06 00:30:09.106] [info] VECTOR DEBUG: opcode=13 compute_size=4 vec_cycles=1
[2026-07-06 00:30:09.106] [info] VECTOR DEBUG: opcode=13 compute_size=4 vec_cycles=1
[2026-07-06 00:30:09.106] [info] VECTOR DEBUG: opcode=14 compute_size=432 vec_cycles=1
[2026-07-06 00:30:09.106] [info] VECTOR DEBUG: opcode=14 compute_size=217 vec_cycles=1
[2026-07-06 00:30:09.106] [info] VECTOR DEBUG: opcode=12 compute_size=432 vec_cycles=1
[2026-07-06 00:30:09.106] [info] VECTOR DEBUG: opcode=10 compute_size=218 vec_cycles=1
[2026-07-06 00:30:09.106] [info] VECTOR DEBUG: opcode=13 compute_size=4 vec_cycles=1
[2026-07-06 00:30:09.106] [info] VECTOR DEBUG: opcode=15 compute_size=436 vec_cycles=1
[2026-07-06 00:30:09.106] [info] VECTOR DEBUG: opcode=11 compute_size=432 vec_cycles=1
[2026-07-06 00:30:09.106] [info] VECTOR DEBUG: opcode=14 compute_size=432 vec_cycles=1
[2026-07-06 00:30:09.106] [info] VECTOR DEBUG: opcode=12 compute_size=432 vec_cycles=1
[2026-07-06 00:30:09.106] [info] VECTOR DEBUG: opcode=13 compute_size=4 vec_cycles=1
[2026-07-06 00:30:09.106] [info] VECTOR DEBUG: opcode=13 compute_size=4 vec_cycles=1
[2026-07-06 00:30:09.106] [info] VECTOR DEBUG: opcode=11 compute_size=432 vec_cycles=1
[2026-07-06 00:30:09.106] [info] VECTOR DEBUG: opcode=13 compute_size=4 vec_cycles=1
[2026-07-06 00:30:09.107] [info] VECTOR DEBUG: opcode=14 compute_size=217 vec_cycles=1
[2026-07-06 00:30:09.107] [info] VECTOR DEBUG: opcode=14 compute_size=217 vec_cycles=1
[2026-07-06 00:30:09.107] [info] VECTOR DEBUG: opcode=10 compute_size=218 vec_cycles=1
[2026-07-06 00:30:09.107] [info] VECTOR DEBUG: opcode=10 compute_size=218 vec_cycles=1
[2026-07-06 00:30:09.107] [info] VECTOR DEBUG: opcode=15 compute_size=436 vec_cycles=1
[2026-07-06 00:30:09.107] [info] VECTOR DEBUG: opcode=15 compute_size=436 vec_cycles=1
[2026-07-06 00:30:09.107] [info] VECTOR DEBUG: opcode=14 compute_size=432 vec_cycles=1
[2026-07-06 00:30:09.107] [info] VECTOR DEBUG: opcode=14 compute_size=432 vec_cycles=1
[2026-07-06 00:30:09.107] [info] VECTOR DEBUG: opcode=12 compute_size=432 vec_cycles=1
[2026-07-06 00:30:09.107] [info] VECTOR DEBUG: opcode=12 compute_size=432 vec_cycles=1
[2026-07-06 00:30:09.107] [info] VECTOR DEBUG: opcode=13 compute_size=4 vec_cycles=1
[2026-07-06 00:30:09.107] [info] VECTOR DEBUG: opcode=14 compute_size=217 vec_cycles=1
[2026-07-06 00:30:09.107] [info] VECTOR DEBUG: opcode=13 compute_size=4 vec_cycles=1
[2026-07-06 00:30:09.107] [info] VECTOR DEBUG: opcode=11 compute_size=432 vec_cycles=1
[2026-07-06 00:30:09.107] [info] VECTOR DEBUG: opcode=10 compute_size=218 vec_cycles=1
[2026-07-06 00:30:09.107] [info] VECTOR DEBUG: opcode=11 compute_size=432 vec_cycles=1
[2026-07-06 00:30:09.107] [info] VECTOR DEBUG: opcode=15 compute_size=436 vec_cycles=1
[2026-07-06 00:30:09.107] [info] VECTOR DEBUG: opcode=13 compute_size=4 vec_cycles=1
[2026-07-06 00:30:09.107] [info] VECTOR DEBUG: opcode=13 compute_size=4 vec_cycles=1
[2026-07-06 00:30:09.107] [info] VECTOR DEBUG: opcode=14 compute_size=432 vec_cycles=1
[2026-07-06 00:30:09.107] [info] VECTOR DEBUG: opcode=14 compute_size=217 vec_cycles=1
[2026-07-06 00:30:09.107] [info] VECTOR DEBUG: opcode=12 compute_size=432 vec_cycles=1
[2026-07-06 00:30:09.107] [info] VECTOR DEBUG: opcode=10 compute_size=218 vec_cycles=1
[2026-07-06 00:30:09.107] [info] VECTOR DEBUG: opcode=13 compute_size=4 vec_cycles=1
[2026-07-06 00:30:09.107] [info] VECTOR DEBUG: opcode=15 compute_size=436 vec_cycles=1
[2026-07-06 00:30:09.107] [info] VECTOR DEBUG: opcode=11 compute_size=432 vec_cycles=1
[2026-07-06 00:30:09.107] [info] VECTOR DEBUG: opcode=14 compute_size=432 vec_cycles=1
[2026-07-06 00:30:09.107] [info] VECTOR DEBUG: opcode=12 compute_size=432 vec_cycles=1
[2026-07-06 00:30:09.107] [info] VECTOR DEBUG: opcode=13 compute_size=4 vec_cycles=1
[2026-07-06 00:30:09.107] [info] VECTOR DEBUG: opcode=13 compute_size=4 vec_cycles=1
[2026-07-06 00:30:09.107] [info] VECTOR DEBUG: opcode=11 compute_size=432 vec_cycles=1
[2026-07-06 00:30:09.107] [info] VECTOR DEBUG: opcode=13 compute_size=4 vec_cycles=1
[2026-07-06 00:30:09.108] [info] VECTOR DEBUG: opcode=11 compute_size=256 vec_cycles=1
[2026-07-06 00:30:09.108] [info] VECTOR DEBUG: opcode=11 compute_size=256 vec_cycles=1
[2026-07-06 00:30:09.109] [info] VECTOR DEBUG: opcode=11 compute_size=256 vec_cycles=1
[2026-07-06 00:30:09.109] [info] VECTOR DEBUG: opcode=11 compute_size=256 vec_cycles=1
[2026-07-06 00:30:09.136] [info] VECTOR DEBUG: opcode=11 compute_size=256 vec_cycles=1
[2026-07-06 00:30:09.136] [info] VECTOR DEBUG: opcode=11 compute_size=256 vec_cycles=1
[2026-07-06 00:30:09.138] [info] VECTOR DEBUG: opcode=11 compute_size=256 vec_cycles=1
[2026-07-06 00:30:09.140] [info] VECTOR DEBUG: opcode=11 compute_size=256 vec_cycles=1
[2026-07-06 00:30:09.165] [info] VECTOR DEBUG: opcode=14 compute_size=217 vec_cycles=1
[2026-07-06 00:30:09.165] [info] VECTOR DEBUG: opcode=10 compute_size=218 vec_cycles=1
[2026-07-06 00:30:09.165] [info] VECTOR DEBUG: opcode=14 compute_size=217 vec_cycles=1
[2026-07-06 00:30:09.165] [info] VECTOR DEBUG: opcode=15 compute_size=436 vec_cycles=1
[2026-07-06 00:30:09.165] [info] VECTOR DEBUG: opcode=10 compute_size=218 vec_cycles=1
[2026-07-06 00:30:09.165] [info] VECTOR DEBUG: opcode=14 compute_size=432 vec_cycles=1
[2026-07-06 00:30:09.165] [info] VECTOR DEBUG: opcode=15 compute_size=436 vec_cycles=1
[2026-07-06 00:30:09.165] [info] VECTOR DEBUG: opcode=12 compute_size=432 vec_cycles=1
[2026-07-06 00:30:09.165] [info] VECTOR DEBUG: opcode=14 compute_size=432 vec_cycles=1
[2026-07-06 00:30:09.165] [info] VECTOR DEBUG: opcode=13 compute_size=4 vec_cycles=1
[2026-07-06 00:30:09.165] [info] VECTOR DEBUG: opcode=12 compute_size=432 vec_cycles=1
[2026-07-06 00:30:09.165] [info] VECTOR DEBUG: opcode=11 compute_size=432 vec_cycles=1
[2026-07-06 00:30:09.165] [info] VECTOR DEBUG: opcode=13 compute_size=4 vec_cycles=1
[2026-07-06 00:30:09.165] [info] VECTOR DEBUG: opcode=11 compute_size=432 vec_cycles=1
[2026-07-06 00:30:09.165] [info] VECTOR DEBUG: opcode=13 compute_size=4 vec_cycles=1
[2026-07-06 00:30:09.165] [info] VECTOR DEBUG: opcode=14 compute_size=217 vec_cycles=1
[2026-07-06 00:30:09.165] [info] VECTOR DEBUG: opcode=13 compute_size=4 vec_cycles=1
[2026-07-06 00:30:09.165] [info] VECTOR DEBUG: opcode=10 compute_size=218 vec_cycles=1
[2026-07-06 00:30:09.166] [info] VECTOR DEBUG: opcode=14 compute_size=217 vec_cycles=1
[2026-07-06 00:30:09.166] [info] VECTOR DEBUG: opcode=15 compute_size=436 vec_cycles=1
[2026-07-06 00:30:09.166] [info] VECTOR DEBUG: opcode=10 compute_size=218 vec_cycles=1
[2026-07-06 00:30:09.166] [info] VECTOR DEBUG: opcode=14 compute_size=432 vec_cycles=1
[2026-07-06 00:30:09.166] [info] VECTOR DEBUG: opcode=15 compute_size=436 vec_cycles=1
[2026-07-06 00:30:09.166] [info] VECTOR DEBUG: opcode=12 compute_size=432 vec_cycles=1
[2026-07-06 00:30:09.166] [info] VECTOR DEBUG: opcode=14 compute_size=432 vec_cycles=1
[2026-07-06 00:30:09.166] [info] VECTOR DEBUG: opcode=13 compute_size=4 vec_cycles=1
[2026-07-06 00:30:09.166] [info] VECTOR DEBUG: opcode=12 compute_size=432 vec_cycles=1
[2026-07-06 00:30:09.166] [info] VECTOR DEBUG: opcode=11 compute_size=432 vec_cycles=1
[2026-07-06 00:30:09.166] [info] VECTOR DEBUG: opcode=13 compute_size=4 vec_cycles=1
[2026-07-06 00:30:09.166] [info] VECTOR DEBUG: opcode=13 compute_size=4 vec_cycles=1
[2026-07-06 00:30:09.166] [info] VECTOR DEBUG: opcode=11 compute_size=432 vec_cycles=1
[2026-07-06 00:30:09.166] [info] VECTOR DEBUG: opcode=13 compute_size=4 vec_cycles=1
[2026-07-06 00:30:09.169] [info] VECTOR DEBUG: opcode=11 compute_size=256 vec_cycles=1
[2026-07-06 00:30:09.169] [info] VECTOR DEBUG: opcode=11 compute_size=256 vec_cycles=1
[2026-07-06 00:30:09.169] [info] VECTOR DEBUG: opcode=11 compute_size=256 vec_cycles=1
[2026-07-06 00:30:09.169] [info] VECTOR DEBUG: opcode=11 compute_size=256 vec_cycles=1
[2026-07-06 00:30:09.169] [info] Layer layer0.attn.Attention.0 finish at 458463
[2026-07-06 00:30:09.169] [info] Total compute time 2434
[2026-07-06 00:30:09.169] [info] executable layer count 1
[2026-07-06 00:30:09.169] [info] Start layer layer0.attn.Atccat
[2026-07-06 00:30:09.169] [info] Layer layer0.attn.Atccat finish at 458464
[2026-07-06 00:30:09.169] [info] Total compute time 1
[2026-07-06 00:30:09.169] [info] executable layer count 1
[2026-07-06 00:30:09.169] [info] Start layer layer0.attn.proj
[2026-07-06 00:30:09.768] [info] Layer layer0.attn.proj finish at 462391
[2026-07-06 00:30:09.768] [info] Total compute time 3927
[2026-07-06 00:30:09.768] [info] executable layer count 1
[2026-07-06 00:30:09.768] [info] Start layer layer0.attn.ln
[2026-07-06 00:30:09.770] [info] VECTOR DEBUG: opcode=9 compute_size=0 vec_cycles=5
[2026-07-06 00:30:09.770] [info] VECTOR DEBUG: opcode=10 compute_size=0 vec_cycles=0
[2026-07-06 00:30:09.770] [info] Layer layer0.attn.ln finish at 462449
[2026-07-06 00:30:09.770] [info] Total compute time 58
[2026-07-06 00:30:09.770] [info] executable layer count 1
[2026-07-06 00:30:09.770] [info] Start layer layer0.ffn.fc1
[2026-07-06 00:30:10.461] [info] HBM2-CH_0: BW utilization 41% (3925 reads, 13 writes)
[2026-07-06 00:30:10.594] [info] Core [0] : MatMul active cycle 12 Vector active cycle 27 
[2026-07-06 00:30:10.594] [info] Core [0] : issued tile 1 
[2026-07-06 00:30:10.594] [info] Core [0] : Memory unit idle cycle 5506 Systolic bubble cycle 273 Core idle cycle 216 
[2026-07-06 00:30:10.594] [info] Core [0] : Systolic Array Utilization(%) 35.51 (0.15% PE util), Vector Unit Utilization(%) 0.34, Total cycle: 464000
[2026-07-06 00:30:15.186] [info] HBM2-CH_0: BW utilization 50% (4886 reads, 0 writes)
[2026-07-06 00:30:15.261] [info] Core [0] : MatMul active cycle 0 Vector active cycle 0 
[2026-07-06 00:30:15.261] [info] Core [0] : issued tile 1 
[2026-07-06 00:30:15.261] [info] Core [0] : Memory unit idle cycle 5626 Systolic bubble cycle 0 Core idle cycle 0 
[2026-07-06 00:30:15.261] [info] Core [0] : Systolic Array Utilization(%) 0.00 (0.00% PE util), Vector Unit Utilization(%) 0.00, Total cycle: 472000
[2026-07-06 00:30:16.771] [info] HBM2-CH_0: BW utilization 35% (3404 reads, 9 writes)
[2026-07-06 00:30:16.772] [info] Core [0] : MatMul active cycle 19 Vector active cycle 0 
[2026-07-06 00:30:16.772] [info] Core [0] : issued tile 1 
[2026-07-06 00:30:16.772] [info] Core [0] : Memory unit idle cycle 7997 Systolic bubble cycle 0 Core idle cycle 0 
[2026-07-06 00:30:16.772] [info] Core [0] : Systolic Array Utilization(%) 33.47 (0.24% PE util), Vector Unit Utilization(%) 0.00, Total cycle: 480000
[2026-07-06 00:30:16.777] [info] Layer layer0.ffn.fc1 finish at 480616
[2026-07-06 00:30:16.777] [info] Total compute time 18167
[2026-07-06 00:30:16.777] [info] executable layer count 1
[2026-07-06 00:30:16.777] [info] Start layer layer0.ffn.act
[2026-07-06 00:30:16.781] [info] VECTOR DEBUG: opcode=10 compute_size=6144 vec_cycles=1
[2026-07-06 00:30:16.781] [info] VECTOR DEBUG: opcode=6 compute_size=6144 vec_cycles=1
[2026-07-06 00:30:16.781] [info] Layer layer0.ffn.act finish at 480700
[2026-07-06 00:30:16.781] [info] Total compute time 84
[2026-07-06 00:30:16.781] [info] executable layer count 1
[2026-07-06 00:30:16.781] [info] Start layer layer0.ffn.fc2
[2026-07-06 00:30:21.777] [info] HBM2-CH_0: BW utilization 46% (4489 reads, 5 writes)
[2026-07-06 00:30:21.858] [info] Core [0] : MatMul active cycle 5 Vector active cycle 0 
[2026-07-06 00:30:21.858] [info] Core [0] : issued tile 2 
[2026-07-06 00:30:21.858] [info] Core [0] : Memory unit idle cycle 701 Systolic bubble cycle 0 Core idle cycle 158 
[2026-07-06 00:30:21.858] [info] Core [0] : Systolic Array Utilization(%) 6.55 (0.06% PE util), Vector Unit Utilization(%) 0.00, Total cycle: 488000
[2026-07-06 00:30:23.957] [info] HBM2-CH_0: BW utilization 50% (4824 reads, 10 writes)
[2026-07-06 00:30:23.958] [info] Core [0] : MatMul active cycle 8 Vector active cycle 0 
[2026-07-06 00:30:23.958] [info] Core [0] : issued tile 2 
[2026-07-06 00:30:23.958] [info] Core [0] : Memory unit idle cycle 4210 Systolic bubble cycle 0 Core idle cycle 0 
[2026-07-06 00:30:23.958] [info] Core [0] : Systolic Array Utilization(%) 15.76 (0.10% PE util), Vector Unit Utilization(%) 0.00, Total cycle: 496000
[2026-07-06 00:30:23.991] [info] Layer layer0.ffn.fc2 finish at 501015
[2026-07-06 00:30:23.991] [info] Total compute time 20315
[2026-07-06 00:30:23.991] [info] executable layer count 1
[2026-07-06 00:30:23.991] [info] Start layer layer0.ffn.ln
[2026-07-06 00:30:23.992] [info] VECTOR DEBUG: opcode=9 compute_size=0 vec_cycles=5
[2026-07-06 00:30:23.992] [info] VECTOR DEBUG: opcode=10 compute_size=0 vec_cycles=0
[2026-07-06 00:30:23.992] [info] Layer layer0.ffn.ln finish at 501071
[2026-07-06 00:30:23.992] [info] Total compute time 56
[2026-07-06 00:30:23.992] [info] Model[opt-125m] Request: 441 us, Start: 441 us, finish:501 us, Current Cycle:501071
[2026-07-06 00:30:23.992] [info] No total_seq_len!
[2026-07-06 00:30:23.992] [info] Total Memory Usage: 0.09 GB
[2026-07-06 00:30:23.992] [info] Weight Memory Usage: 0.09 GB
[2026-07-06 00:30:23.992] [info] KV Memory Usage: 0.00 GB
[2026-07-06 00:30:23.992] [info] Activation Memory Usage: 0.00 GB
[2026-07-06 00:30:23.992] [info] [GEMM] spad_size: 33554432 accum_size: 4194304
[2026-07-06 00:30:23.992] [info] [GEMM] required_sram_size: 983040 required_accum_size: 131072
[2026-07-06 00:30:23.992] [info] [GEMM] Used gemmini gemm mapping: Total N:1 C:768 M:2304, Outer N:1 C:1 M:5, Inner N:128 C:768 M:512
[2026-07-06 00:30:24.007] [info] [GemmWs] Keys K = 768, N = 1, M = 2304
[2026-07-06 00:30:24.007] [info] [GemmWS]: total 0.003541248 GFLOPs, 0.003549696 GB
[2026-07-06 00:30:24.007] [info] [GemmWS]: Theoretical time(ms): 0.005781263553217286 Compute time: 2.7017577508559043e-05 Memory time: 0.005781263553217286
[2026-07-06 00:30:24.007] [info] [Attention] total_spad_size_per_head: 28032 B
[2026-07-06 00:30:24.007] [info] [Attention] total_acc_size_per_head: 218 B
[2026-07-06 00:30:24.007] [info] [Attention] q_len: 1, seq_len: 109, dk: 64, heads per tile 1
[2026-07-06 00:30:24.007] [info] [Attention] Spad size 16777216
[2026-07-06 00:30:24.007] [info] [Attention] Accum spad size 2097152
[2026-07-06 00:30:24.007] [info] Mapping info Total Loop: N12 C64 M109 S1 R1 Q1 P1 Tile Out Loop: N12 C1 M1 S1 R1 Q1 P1 Tile In Loop: N1 C64 M109 S1 R1 Q1 P1
[2026-07-06 00:30:24.012] [info] [Attention] QK 0.000167424 GFLOPs
[2026-07-06 00:30:24.012] [info] [Attention] total 0.00034792803 GFLOPs, 0.00033792 GB
[2026-07-06 00:30:24.012] [info] [Attention] Theoretical time(ms): 0.0005503583 Compute time: 4.151367e-06 Memory time: 0.0005503583
[2026-07-06 00:30:24.012] [info] [Attention] QK compute 0.0000ms Softmax compute 0.0000ms SV compute 0.0000ms
[2026-07-06 00:30:24.012] [info] [GEMM] spad_size: 33554432 accum_size: 4194304
[2026-07-06 00:30:24.012] [info] [GEMM] required_sram_size: 393216 required_accum_size: 32768
[2026-07-06 00:30:24.012] [info] [GEMM] Used gemmini gemm mapping: Total N:1 C:768 M:768, Outer N:1 C:1 M:6, Inner N:128 C:768 M:128
[2026-07-06 00:30:24.017] [info] [GemmWs] Keys K = 768, N = 1, M = 768
[2026-07-06 00:30:24.017] [info] [GemmWS]: total 0.0011804161 GFLOPs, 0.0011842559 GB
[2026-07-06 00:30:24.017] [info] [GemmWS]: Theoretical time(ms): 0.0019287556369818049 Compute time: 9.0058600576981e-06 Memory time: 0.0019287556369818049
[2026-07-06 00:30:24.017] [info] [SkipLayerNorm] tokens_per_tile: 1
[2026-07-06 00:30:24.017] [info] [GEMM] spad_size: 33554432 accum_size: 4194304
[2026-07-06 00:30:24.017] [info] [GEMM] required_sram_size: 983040 required_accum_size: 131072
[2026-07-06 00:30:24.017] [info] [GEMM] Used gemmini gemm mapping: Total N:1 C:768 M:3072, Outer N:1 C:1 M:6, Inner N:128 C:768 M:512
[2026-07-06 00:30:24.037] [info] [GemmWs] Keys K = 768, N = 1, M = 3072
[2026-07-06 00:30:24.037] [info] [GemmWS]: total 0.0047185924 GFLOPs, 0.004726272 GB
[2026-07-06 00:30:24.037] [info] [GemmWS]: Theoretical time(ms): 0.0076975111369392835 Compute time: 3.6000002978653356e-05 Memory time: 0.0076975111369392835
[2026-07-06 00:30:24.037] [info] [BiasAct] tokens_per_tile: 1
[2026-07-06 00:30:24.037] [info] [GEMM] spad_size: 33554432 accum_size: 4194304
[2026-07-06 00:30:24.037] [info] [GEMM] required_sram_size: 1572864 required_accum_size: 32768
[2026-07-06 00:30:24.037] [info] [GEMM] Used gemmini gemm mapping: Total N:1 C:3072 M:768, Outer N:1 C:1 M:6, Inner N:128 C:3072 M:128
[2026-07-06 00:30:24.063] [info] [GemmWs] Keys K = 3072, N = 1, M = 768
[2026-07-06 00:30:24.063] [info] [GemmWS]: total 0.0047193603 GFLOPs, 0.0047278083 GB
[2026-07-06 00:30:24.063] [info] [GemmWS]: Theoretical time(ms): 0.007700013156863861 Compute time: 3.60058614035097e-05 Memory time: 0.007700013156863861
[2026-07-06 00:30:24.063] [info] [SkipLayerNorm] tokens_per_tile: 1
[2026-07-06 00:30:24.063] [info]  Model initialization time: 0.070906 seconds
[2026-07-06 00:30:24.063] [info] Schedule model: opt-125m at 501073000 us
[2026-07-06 00:30:24.063] [info] MODEL opt-125m Scheduled, Total Request: 1
[2026-07-06 00:30:24.063] [info] executable layer count 1
[2026-07-06 00:30:24.063] [info] Start layer layer0.attn.QKVgen
[2026-07-06 00:30:25.707] [info] HBM2-CH_0: BW utilization 19% (1819 reads, 5 writes)
[2026-07-06 00:30:25.905] [info] Core [0] : MatMul active cycle 40 Vector active cycle 6 
[2026-07-06 00:30:25.905] [info] Core [0] : issued tile 1 
[2026-07-06 00:30:25.905] [info] Core [0] : Memory unit idle cycle 5062 Systolic bubble cycle 0 Core idle cycle 0 
[2026-07-06 00:30:25.905] [info] Core [0] : Systolic Array Utilization(%) 62.66 (0.50% PE util), Vector Unit Utilization(%) 0.08, Total cycle: 504000
[2026-07-06 00:30:28.959] [info] HBM2-CH_0: BW utilization 51% (4937 reads, 0 writes)
[2026-07-06 00:30:28.987] [info] Core [0] : MatMul active cycle 0 Vector active cycle 0 
[2026-07-06 00:30:28.987] [info] Core [0] : issued tile 1 
[2026-07-06 00:30:28.987] [info] Core [0] : Memory unit idle cycle 6877 Systolic bubble cycle 0 Core idle cycle 0 
[2026-07-06 00:30:28.987] [info] Core [0] : Systolic Array Utilization(%) 0.00 (0.00% PE util), Vector Unit Utilization(%) 0.00, Total cycle: 512000
[2026-07-06 00:30:29.023] [info] Layer layer0.attn.QKVgen finish at 515633
[2026-07-06 00:30:29.023] [info] Total compute time 14561
[2026-07-06 00:30:29.023] [info] executable layer count 1
[2026-07-06 00:30:29.023] [info] Start layer layer0.attn.KVccat
[2026-07-06 00:30:29.023] [info] Layer layer0.attn.KVccat finish at 515634
[2026-07-06 00:30:29.023] [info] Total compute time 1
[2026-07-06 00:30:29.023] [info] executable layer count 1
[2026-07-06 00:30:29.023] [info] Start layer layer0.attn.Attention.0
[2026-07-06 00:30:29.189] [info] VECTOR DEBUG: opcode=14 compute_size=219 vec_cycles=1
[2026-07-06 00:30:29.189] [info] VECTOR DEBUG: opcode=10 compute_size=220 vec_cycles=1
[2026-07-06 00:30:29.189] [info] VECTOR DEBUG: opcode=15 compute_size=440 vec_cycles=1
[2026-07-06 00:30:29.189] [info] VECTOR DEBUG: opcode=14 compute_size=436 vec_cycles=1
[2026-07-06 00:30:29.189] [info] VECTOR DEBUG: opcode=12 compute_size=436 vec_cycles=1
[2026-07-06 00:30:29.189] [info] VECTOR DEBUG: opcode=13 compute_size=4 vec_cycles=1
[2026-07-06 00:30:29.189] [info] VECTOR DEBUG: opcode=11 compute_size=436 vec_cycles=1
[2026-07-06 00:30:29.189] [info] VECTOR DEBUG: opcode=13 compute_size=4 vec_cycles=1
[2026-07-06 00:30:29.190] [info] VECTOR DEBUG: opcode=14 compute_size=219 vec_cycles=1
[2026-07-06 00:30:29.190] [info] VECTOR DEBUG: opcode=10 compute_size=220 vec_cycles=1
[2026-07-06 00:30:29.190] [info] VECTOR DEBUG: opcode=15 compute_size=440 vec_cycles=1
[2026-07-06 00:30:29.190] [info] VECTOR DEBUG: opcode=14 compute_size=436 vec_cycles=1
[2026-07-06 00:30:29.190] [info] VECTOR DEBUG: opcode=12 compute_size=436 vec_cycles=1
[2026-07-06 00:30:29.190] [info] VECTOR DEBUG: opcode=14 compute_size=219 vec_cycles=1
[2026-07-06 00:30:29.190] [info] VECTOR DEBUG: opcode=13 compute_size=4 vec_cycles=1
[2026-07-06 00:30:29.190] [info] VECTOR DEBUG: opcode=10 compute_size=220 vec_cycles=1
[2026-07-06 00:30:29.190] [info] VECTOR DEBUG: opcode=11 compute_size=436 vec_cycles=1
[2026-07-06 00:30:29.190] [info] VECTOR DEBUG: opcode=15 compute_size=440 vec_cycles=1
[2026-07-06 00:30:29.190] [info] VECTOR DEBUG: opcode=14 compute_size=219 vec_cycles=1
[2026-07-06 00:30:29.190] [info] VECTOR DEBUG: opcode=13 compute_size=4 vec_cycles=1
[2026-07-06 00:30:29.190] [info] VECTOR DEBUG: opcode=14 compute_size=436 vec_cycles=1
[2026-07-06 00:30:29.190] [info] VECTOR DEBUG: opcode=10 compute_size=220 vec_cycles=1
[2026-07-06 00:30:29.190] [info] VECTOR DEBUG: opcode=12 compute_size=436 vec_cycles=1
[2026-07-06 00:30:29.190] [info] VECTOR DEBUG: opcode=15 compute_size=440 vec_cycles=1
[2026-07-06 00:30:29.190] [info] VECTOR DEBUG: opcode=13 compute_size=4 vec_cycles=1
[2026-07-06 00:30:29.190] [info] VECTOR DEBUG: opcode=14 compute_size=436 vec_cycles=1
[2026-07-06 00:30:29.190] [info] VECTOR DEBUG: opcode=11 compute_size=436 vec_cycles=1
[2026-07-06 00:30:29.190] [info] VECTOR DEBUG: opcode=12 compute_size=436 vec_cycles=1
[2026-07-06 00:30:29.190] [info] VECTOR DEBUG: opcode=13 compute_size=4 vec_cycles=1
[2026-07-06 00:30:29.190] [info] VECTOR DEBUG: opcode=13 compute_size=4 vec_cycles=1
[2026-07-06 00:30:29.190] [info] VECTOR DEBUG: opcode=11 compute_size=436 vec_cycles=1
[2026-07-06 00:30:29.190] [info] VECTOR DEBUG: opcode=13 compute_size=4 vec_cycles=1
[2026-07-06 00:30:29.190] [info] VECTOR DEBUG: opcode=14 compute_size=219 vec_cycles=1
[2026-07-06 00:30:29.190] [info] VECTOR DEBUG: opcode=10 compute_size=220 vec_cycles=1
[2026-07-06 00:30:29.190] [info] VECTOR DEBUG: opcode=15 compute_size=440 vec_cycles=1
[2026-07-06 00:30:29.190] [info] VECTOR DEBUG: opcode=14 compute_size=436 vec_cycles=1
[2026-07-06 00:30:29.190] [info] VECTOR DEBUG: opcode=12 compute_size=436 vec_cycles=1
[2026-07-06 00:30:29.190] [info] VECTOR DEBUG: opcode=13 compute_size=4 vec_cycles=1
[2026-07-06 00:30:29.190] [info] VECTOR DEBUG: opcode=11 compute_size=436 vec_cycles=1
[2026-07-06 00:30:29.190] [info] VECTOR DEBUG: opcode=13 compute_size=4 vec_cycles=1
[2026-07-06 00:30:29.191] [info] VECTOR DEBUG: opcode=14 compute_size=219 vec_cycles=1
[2026-07-06 00:30:29.191] [info] VECTOR DEBUG: opcode=10 compute_size=220 vec_cycles=1
[2026-07-06 00:30:29.191] [info] VECTOR DEBUG: opcode=15 compute_size=440 vec_cycles=1
[2026-07-06 00:30:29.191] [info] VECTOR DEBUG: opcode=14 compute_size=436 vec_cycles=1
[2026-07-06 00:30:29.191] [info] VECTOR DEBUG: opcode=12 compute_size=436 vec_cycles=1
[2026-07-06 00:30:29.191] [info] VECTOR DEBUG: opcode=14 compute_size=219 vec_cycles=1
[2026-07-06 00:30:29.191] [info] VECTOR DEBUG: opcode=13 compute_size=4 vec_cycles=1
[2026-07-06 00:30:29.191] [info] VECTOR DEBUG: opcode=10 compute_size=220 vec_cycles=1
[2026-07-06 00:30:29.191] [info] VECTOR DEBUG: opcode=11 compute_size=436 vec_cycles=1
[2026-07-06 00:30:29.191] [info] VECTOR DEBUG: opcode=15 compute_size=440 vec_cycles=1
[2026-07-06 00:30:29.191] [info] VECTOR DEBUG: opcode=14 compute_size=219 vec_cycles=1
[2026-07-06 00:30:29.191] [info] VECTOR DEBUG: opcode=13 compute_size=4 vec_cycles=1
[2026-07-06 00:30:29.191] [info] VECTOR DEBUG: opcode=14 compute_size=436 vec_cycles=1
[2026-07-06 00:30:29.191] [info] VECTOR DEBUG: opcode=10 compute_size=220 vec_cycles=1
[2026-07-06 00:30:29.191] [info] VECTOR DEBUG: opcode=12 compute_size=436 vec_cycles=1
[2026-07-06 00:30:29.191] [info] VECTOR DEBUG: opcode=15 compute_size=440 vec_cycles=1
[2026-07-06 00:30:29.191] [info] VECTOR DEBUG: opcode=13 compute_size=4 vec_cycles=1
[2026-07-06 00:30:29.191] [info] VECTOR DEBUG: opcode=14 compute_size=436 vec_cycles=1
[2026-07-06 00:30:29.191] [info] VECTOR DEBUG: opcode=11 compute_size=436 vec_cycles=1
[2026-07-06 00:30:29.191] [info] VECTOR DEBUG: opcode=12 compute_size=436 vec_cycles=1
[2026-07-06 00:30:29.191] [info] VECTOR DEBUG: opcode=13 compute_size=4 vec_cycles=1
[2026-07-06 00:30:29.191] [info] VECTOR DEBUG: opcode=13 compute_size=4 vec_cycles=1
[2026-07-06 00:30:29.191] [info] VECTOR DEBUG: opcode=11 compute_size=436 vec_cycles=1
[2026-07-06 00:30:29.191] [info] VECTOR DEBUG: opcode=13 compute_size=4 vec_cycles=1
[2026-07-06 00:30:29.191] [info] VECTOR DEBUG: opcode=11 compute_size=256 vec_cycles=1
[2026-07-06 00:30:29.200] [info] VECTOR DEBUG: opcode=11 compute_size=256 vec_cycles=1
[2026-07-06 00:30:29.201] [info] VECTOR DEBUG: opcode=11 compute_size=256 vec_cycles=1
[2026-07-06 00:30:29.201] [info] VECTOR DEBUG: opcode=11 compute_size=256 vec_cycles=1
[2026-07-06 00:30:29.205] [info] VECTOR DEBUG: opcode=11 compute_size=256 vec_cycles=1
[2026-07-06 00:30:29.226] [info] VECTOR DEBUG: opcode=11 compute_size=256 vec_cycles=1
[2026-07-06 00:30:29.228] [info] VECTOR DEBUG: opcode=11 compute_size=256 vec_cycles=1
[2026-07-06 00:30:29.229] [info] VECTOR DEBUG: opcode=11 compute_size=256 vec_cycles=1
[2026-07-06 00:30:29.243] [info] VECTOR DEBUG: opcode=14 compute_size=219 vec_cycles=1
[2026-07-06 00:30:29.243] [info] VECTOR DEBUG: opcode=10 compute_size=220 vec_cycles=1
[2026-07-06 00:30:29.243] [info] VECTOR DEBUG: opcode=15 compute_size=440 vec_cycles=1
[2026-07-06 00:30:29.244] [info] VECTOR DEBUG: opcode=14 compute_size=436 vec_cycles=1
[2026-07-06 00:30:29.244] [info] VECTOR DEBUG: opcode=12 compute_size=436 vec_cycles=1
[2026-07-06 00:30:29.244] [info] VECTOR DEBUG: opcode=13 compute_size=4 vec_cycles=1
[2026-07-06 00:30:29.244] [info] VECTOR DEBUG: opcode=11 compute_size=436 vec_cycles=1
[2026-07-06 00:30:29.244] [info] VECTOR DEBUG: opcode=13 compute_size=4 vec_cycles=1
[2026-07-06 00:30:29.245] [info] VECTOR DEBUG: opcode=14 compute_size=219 vec_cycles=1
[2026-07-06 00:30:29.245] [info] VECTOR DEBUG: opcode=14 compute_size=219 vec_cycles=1
[2026-07-06 00:30:29.245] [info] VECTOR DEBUG: opcode=10 compute_size=220 vec_cycles=1
[2026-07-06 00:30:29.245] [info] VECTOR DEBUG: opcode=14 compute_size=219 vec_cycles=1
[2026-07-06 00:30:29.245] [info] VECTOR DEBUG: opcode=10 compute_size=220 vec_cycles=1
[2026-07-06 00:30:29.245] [info] VECTOR DEBUG: opcode=15 compute_size=440 vec_cycles=1
[2026-07-06 00:30:29.245] [info] VECTOR DEBUG: opcode=10 compute_size=220 vec_cycles=1
[2026-07-06 00:30:29.245] [info] VECTOR DEBUG: opcode=15 compute_size=440 vec_cycles=1
[2026-07-06 00:30:29.245] [info] VECTOR DEBUG: opcode=14 compute_size=436 vec_cycles=1
[2026-07-06 00:30:29.245] [info] VECTOR DEBUG: opcode=15 compute_size=440 vec_cycles=1
[2026-07-06 00:30:29.245] [info] VECTOR DEBUG: opcode=14 compute_size=436 vec_cycles=1
[2026-07-06 00:30:29.245] [info] VECTOR DEBUG: opcode=12 compute_size=436 vec_cycles=1
[2026-07-06 00:30:29.245] [info] VECTOR DEBUG: opcode=14 compute_size=436 vec_cycles=1
[2026-07-06 00:30:29.245] [info] VECTOR DEBUG: opcode=12 compute_size=436 vec_cycles=1
[2026-07-06 00:30:29.245] [info] VECTOR DEBUG: opcode=13 compute_size=4 vec_cycles=1
[2026-07-06 00:30:29.245] [info] VECTOR DEBUG: opcode=12 compute_size=436 vec_cycles=1
[2026-07-06 00:30:29.245] [info] VECTOR DEBUG: opcode=13 compute_size=4 vec_cycles=1
[2026-07-06 00:30:29.245] [info] VECTOR DEBUG: opcode=11 compute_size=436 vec_cycles=1
[2026-07-06 00:30:29.245] [info] VECTOR DEBUG: opcode=13 compute_size=4 vec_cycles=1
[2026-07-06 00:30:29.245] [info] VECTOR DEBUG: opcode=11 compute_size=436 vec_cycles=1
[2026-07-06 00:30:29.245] [info] VECTOR DEBUG: opcode=11 compute_size=436 vec_cycles=1
[2026-07-06 00:30:29.245] [info] VECTOR DEBUG: opcode=13 compute_size=4 vec_cycles=1
[2026-07-06 00:30:29.245] [info] VECTOR DEBUG: opcode=13 compute_size=4 vec_cycles=1
[2026-07-06 00:30:29.245] [info] VECTOR DEBUG: opcode=13 compute_size=4 vec_cycles=1
[2026-07-06 00:30:29.247] [info] VECTOR DEBUG: opcode=11 compute_size=256 vec_cycles=1
[2026-07-06 00:30:29.249] [info] VECTOR DEBUG: opcode=11 compute_size=256 vec_cycles=1
[2026-07-06 00:30:29.249] [info] VECTOR DEBUG: opcode=11 compute_size=256 vec_cycles=1
[2026-07-06 00:30:29.249] [info] VECTOR DEBUG: opcode=11 compute_size=256 vec_cycles=1
[2026-07-06 00:30:29.249] [info] Layer layer0.attn.Attention.0 finish at 518146
[2026-07-06 00:30:29.249] [info] Total compute time 2512
[2026-07-06 00:30:29.249] [info] executable layer count 1
[2026-07-06 00:30:29.249] [info] Start layer layer0.attn.Atccat
[2026-07-06 00:30:29.249] [info] Layer layer0.attn.Atccat finish at 518147
[2026-07-06 00:30:29.249] [info] Total compute time 1
[2026-07-06 00:30:29.249] [info] executable layer count 1
[2026-07-06 00:30:29.249] [info] Start layer layer0.attn.proj
[2026-07-06 00:30:29.737] [info] HBM2-CH_0: BW utilization 24% (2314 reads, 13 writes)
[2026-07-06 00:30:29.774] [info] Core [0] : MatMul active cycle 24 Vector active cycle 27 
[2026-07-06 00:30:29.774] [info] Core [0] : issued tile 1 
[2026-07-06 00:30:29.774] [info] Core [0] : Memory unit idle cycle 7440 Systolic bubble cycle 273 Core idle cycle 50 
[2026-07-06 00:30:29.774] [info] Core [0] : Systolic Array Utilization(%) 54.71 (0.30% PE util), Vector Unit Utilization(%) 0.34, Total cycle: 520000
[2026-07-06 00:30:29.926] [info] Layer layer0.attn.proj finish at 522031
[2026-07-06 00:30:29.926] [info] Total compute time 3884
[2026-07-06 00:30:29.926] [info] executable layer count 1
[2026-07-06 00:30:29.926] [info] Start layer layer0.attn.ln
[2026-07-06 00:30:29.928] [info] VECTOR DEBUG: opcode=9 compute_size=0 vec_cycles=5
[2026-07-06 00:30:29.928] [info] VECTOR DEBUG: opcode=10 compute_size=0 vec_cycles=0
[2026-07-06 00:30:29.928] [info] Layer layer0.attn.ln finish at 522087
[2026-07-06 00:30:29.928] [info] Total compute time 56
[2026-07-06 00:30:29.928] [info] executable layer count 1
[2026-07-06 00:30:29.928] [info] Start layer layer0.ffn.fc1
[2026-07-06 00:30:34.162] [info] HBM2-CH_0: BW utilization 46% (4483 reads, 5 writes)
[2026-07-06 00:30:34.255] [info] Core [0] : MatMul active cycle 6 Vector active cycle 0 
[2026-07-06 00:30:34.255] [info] Core [0] : issued tile 2 
[2026-07-06 00:30:34.255] [info] Core [0] : Memory unit idle cycle 2088 Systolic bubble cycle 0 Core idle cycle 940 
[2026-07-06 00:30:34.255] [info] Core [0] : Systolic Array Utilization(%) 11.23 (0.08% PE util), Vector Unit Utilization(%) 0.00, Total cycle: 528000
[2026-07-06 00:30:37.707] [info] HBM2-CH_0: BW utilization 50% (4863 reads, 0 writes)
[2026-07-06 00:30:37.743] [info] Core [0] : MatMul active cycle 11 Vector active cycle 0 
[2026-07-06 00:30:37.743] [info] Core [0] : issued tile 2 
[2026-07-06 00:30:37.743] [info] Core [0] : Memory unit idle cycle 2618 Systolic bubble cycle 0 Core idle cycle 0 
[2026-07-06 00:30:37.743] [info] Core [0] : Systolic Array Utilization(%) 22.24 (0.14% PE util), Vector Unit Utilization(%) 0.00, Total cycle: 536000
[2026-07-06 00:30:37.932] [info] Layer layer0.ffn.fc1 finish at 540690
[2026-07-06 00:30:37.932] [info] Total compute time 18603
[2026-07-06 00:30:37.932] [info] executable layer count 1
[2026-07-06 00:30:37.932] [info] Start layer layer0.ffn.act
[2026-07-06 00:30:37.936] [info] VECTOR DEBUG: opcode=10 compute_size=6144 vec_cycles=1
[2026-07-06 00:30:37.936] [info] VECTOR DEBUG: opcode=6 compute_size=6144 vec_cycles=1
[2026-07-06 00:30:37.936] [info] Layer layer0.ffn.act finish at 540770
[2026-07-06 00:30:37.936] [info] Total compute time 80
[2026-07-06 00:30:37.936] [info] executable layer count 1
[2026-07-06 00:30:37.936] [info] Start layer layer0.ffn.fc2
[2026-07-06 00:30:39.919] [info] HBM2-CH_0: BW utilization 29% (2827 reads, 14 writes)
[2026-07-06 00:30:40.074] [info] Core [0] : MatMul active cycle 37 Vector active cycle 2 
[2026-07-06 00:30:40.074] [info] Core [0] : issued tile 1 
[2026-07-06 00:30:40.074] [info] Core [0] : Memory unit idle cycle 4737 Systolic bubble cycle 0 Core idle cycle 47 
[2026-07-06 00:30:40.074] [info] Core [0] : Systolic Array Utilization(%) 57.81 (0.46% PE util), Vector Unit Utilization(%) 0.03, Total cycle: 544000
[2026-07-06 00:30:43.575] [info] HBM2-CH_0: BW utilization 50% (4865 reads, 0 writes)
[2026-07-06 00:30:43.644] [info] Core [0] : MatMul active cycle 0 Vector active cycle 0 
[2026-07-06 00:30:43.644] [info] Core [0] : issued tile 1 
[2026-07-06 00:30:43.644] [info] Core [0] : Memory unit idle cycle 7057 Systolic bubble cycle 0 Core idle cycle 0 
[2026-07-06 00:30:43.644] [info] Core [0] : Systolic Array Utilization(%) 0.00 (0.00% PE util), Vector Unit Utilization(%) 0.00, Total cycle: 552000
[2026-07-06 00:30:44.250] [info] HBM2-CH_0: BW utilization 24% (2367 reads, 13 writes)
[2026-07-06 00:30:44.252] [info] Core [0] : MatMul active cycle 24 Vector active cycle 0 
[2026-07-06 00:30:44.252] [info] Core [0] : issued tile 0 
[2026-07-06 00:30:44.252] [info] Core [0] : Memory unit idle cycle 7999 Systolic bubble cycle 0 Core idle cycle 884 
[2026-07-06 00:30:44.252] [info] Core [0] : Systolic Array Utilization(%) 40.03 (0.30% PE util), Vector Unit Utilization(%) 0.00, Total cycle: 560000
[2026-07-06 00:30:44.257] [info] Layer layer0.ffn.fc2 finish at 560816
[2026-07-06 00:30:44.257] [info] Total compute time 20046
[2026-07-06 00:30:44.257] [info] executable layer count 1
[2026-07-06 00:30:44.257] [info] Start layer layer0.ffn.ln
[2026-07-06 00:30:44.258] [info] VECTOR DEBUG: opcode=9 compute_size=0 vec_cycles=5
[2026-07-06 00:30:44.258] [info] VECTOR DEBUG: opcode=10 compute_size=0 vec_cycles=0
[2026-07-06 00:30:44.258] [info] Layer layer0.ffn.ln finish at 560873
[2026-07-06 00:30:44.258] [info] Total compute time 57
[2026-07-06 00:30:44.258] [info] Model[opt-125m] Request: 501 us, Start: 501 us, finish:560 us, Current Cycle:560873
[2026-07-06 00:30:44.258] [info] No total_seq_len!
[2026-07-06 00:30:44.258] [info] Total Memory Usage: 0.09 GB
[2026-07-06 00:30:44.258] [info] Weight Memory Usage: 0.09 GB
[2026-07-06 00:30:44.258] [info] KV Memory Usage: 0.00 GB
[2026-07-06 00:30:44.258] [info] Activation Memory Usage: 0.00 GB
[2026-07-06 00:30:44.258] [info] [GEMM] spad_size: 33554432 accum_size: 4194304
[2026-07-06 00:30:44.258] [info] [GEMM] required_sram_size: 983040 required_accum_size: 131072
[2026-07-06 00:30:44.258] [info] [GEMM] Used gemmini gemm mapping: Total N:1 C:768 M:2304, Outer N:1 C:1 M:5, Inner N:128 C:768 M:512
[2026-07-06 00:30:44.273] [info] [GemmWs] Keys K = 768, N = 1, M = 2304
[2026-07-06 00:30:44.273] [info] [GemmWS]: total 0.003541248 GFLOPs, 0.003549696 GB
[2026-07-06 00:30:44.273] [info] [GemmWS]: Theoretical time(ms): 0.005781263553217286 Compute time: 2.7017577508559043e-05 Memory time: 0.005781263553217286
[2026-07-06 00:30:44.273] [info] [Attention] total_spad_size_per_head: 28288 B
[2026-07-06 00:30:44.273] [info] [Attention] total_acc_size_per_head: 220 B
[2026-07-06 00:30:44.273] [info] [Attention] q_len: 1, seq_len: 110, dk: 64, heads per tile 1
[2026-07-06 00:30:44.273] [info] [Attention] Spad size 16777216
[2026-07-06 00:30:44.273] [info] [Attention] Accum spad size 2097152
[2026-07-06 00:30:44.273] [info] Mapping info Total Loop: N12 C64 M110 S1 R1 Q1 P1 Tile Out Loop: N12 C1 M1 S1 R1 Q1 P1 Tile In Loop: N1 C64 M110 S1 R1 Q1 P1
[2026-07-06 00:30:44.278] [info] [Attention] QK 0.00016896 GFLOPs
[2026-07-06 00:30:44.278] [info] [Attention] total 0.00035112002 GFLOPs, 0.000340992 GB
[2026-07-06 00:30:44.278] [info] [Attention] Theoretical time(ms): 0.00055536156 Compute time: 4.189453e-06 Memory time: 0.00055536156
[2026-07-06 00:30:44.278] [info] [Attention] QK compute 0.0000ms Softmax compute 0.0000ms SV compute 0.0000ms
[2026-07-06 00:30:44.278] [info] [GEMM] spad_size: 33554432 accum_size: 4194304
[2026-07-06 00:30:44.278] [info] [GEMM] required_sram_size: 393216 required_accum_size: 32768
[2026-07-06 00:30:44.278] [info] [GEMM] Used gemmini gemm mapping: Total N:1 C:768 M:768, Outer N:1 C:1 M:6, Inner N:128 C:768 M:128
[2026-07-06 00:30:44.283] [info] [GemmWs] Keys K = 768, N = 1, M = 768
[2026-07-06 00:30:44.283] [info] [GemmWS]: total 0.0011804161 GFLOPs, 0.0011842559 GB
[2026-07-06 00:30:44.283] [info] [GemmWS]: Theoretical time(ms): 0.0019287556369818049 Compute time: 9.0058600576981e-06 Memory time: 0.0019287556369818049
[2026-07-06 00:30:44.283] [info] [SkipLayerNorm] tokens_per_tile: 1
[2026-07-06 00:30:44.283] [info] [GEMM] spad_size: 33554432 accum_size: 4194304
[2026-07-06 00:30:44.283] [info] [GEMM] required_sram_size: 983040 required_accum_size: 131072
[2026-07-06 00:30:44.283] [info] [GEMM] Used gemmini gemm mapping: Total N:1 C:768 M:3072, Outer N:1 C:1 M:6, Inner N:128 C:768 M:512
[2026-07-06 00:30:44.301] [info] [GemmWs] Keys K = 768, N = 1, M = 3072
[2026-07-06 00:30:44.301] [info] [GemmWS]: total 0.0047185924 GFLOPs, 0.004726272 GB
[2026-07-06 00:30:44.301] [info] [GemmWS]: Theoretical time(ms): 0.0076975111369392835 Compute time: 3.6000002978653356e-05 Memory time: 0.0076975111369392835
[2026-07-06 00:30:44.301] [info] [BiasAct] tokens_per_tile: 1
[2026-07-06 00:30:44.301] [info] [GEMM] spad_size: 33554432 accum_size: 4194304
[2026-07-06 00:30:44.301] [info] [GEMM] required_sram_size: 1572864 required_accum_size: 32768
[2026-07-06 00:30:44.301] [info] [GEMM] Used gemmini gemm mapping: Total N:1 C:3072 M:768, Outer N:1 C:1 M:6, Inner N:128 C:3072 M:128
[2026-07-06 00:30:44.325] [info] [GemmWs] Keys K = 3072, N = 1, M = 768
[2026-07-06 00:30:44.325] [info] [GemmWS]: total 0.0047193603 GFLOPs, 0.0047278083 GB
[2026-07-06 00:30:44.325] [info] [GemmWS]: Theoretical time(ms): 0.007700013156863861 Compute time: 3.60058614035097e-05 Memory time: 0.007700013156863861
[2026-07-06 00:30:44.325] [info] [SkipLayerNorm] tokens_per_tile: 1
[2026-07-06 00:30:44.325] [info]  Model initialization time: 0.066680 seconds
[2026-07-06 00:30:44.325] [info] Schedule model: opt-125m at 560875000 us
[2026-07-06 00:30:44.325] [info] MODEL opt-125m Scheduled, Total Request: 1
[2026-07-06 00:30:44.325] [info] executable layer count 1
[2026-07-06 00:30:44.325] [info] Start layer layer0.attn.QKVgen
[2026-07-06 00:30:49.801] [info] HBM2-CH_0: BW utilization 45% (4359 reads, 3 writes)
[2026-07-06 00:30:49.874] [info] Core [0] : MatMul active cycle 0 Vector active cycle 0 
[2026-07-06 00:30:49.874] [info] Core [0] : issued tile 1 
[2026-07-06 00:30:49.874] [info] Core [0] : Memory unit idle cycle 4087 Systolic bubble cycle 0 Core idle cycle 874 
[2026-07-06 00:30:49.874] [info] Core [0] : Systolic Array Utilization(%) 0.00 (0.00% PE util), Vector Unit Utilization(%) 0.00, Total cycle: 568000
[2026-07-06 00:30:50.637] [info] Layer layer0.attn.QKVgen finish at 575543
[2026-07-06 00:30:50.637] [info] Total compute time 14669
[2026-07-06 00:30:50.637] [info] executable layer count 1
[2026-07-06 00:30:50.637] [info] Start layer layer0.attn.KVccat
[2026-07-06 00:30:50.637] [info] Layer layer0.attn.KVccat finish at 575545
[2026-07-06 00:30:50.637] [info] Total compute time 2
[2026-07-06 00:30:50.637] [info] executable layer count 1
[2026-07-06 00:30:50.637] [info] Start layer layer0.attn.Attention.0
[2026-07-06 00:30:50.692] [info] HBM2-CH_0: BW utilization 28% (2744 reads, 9 writes)
[2026-07-06 00:30:50.750] [info] Core [0] : MatMul active cycle 24 Vector active cycle 0 
[2026-07-06 00:30:50.750] [info] Core [0] : issued tile 2 
[2026-07-06 00:30:50.750] [info] Core [0] : Memory unit idle cycle 7885 Systolic bubble cycle 0 Core idle cycle 253 
[2026-07-06 00:30:50.750] [info] Core [0] : Systolic Array Utilization(%) 40.03 (0.30% PE util), Vector Unit Utilization(%) 0.00, Total cycle: 576000
[2026-07-06 00:30:50.764] [info] VECTOR DEBUG: opcode=14 compute_size=221 vec_cycles=1
[2026-07-06 00:30:50.764] [info] VECTOR DEBUG: opcode=14 compute_size=221 vec_cycles=1
[2026-07-06 00:30:50.764] [info] VECTOR DEBUG: opcode=10 compute_size=222 vec_cycles=1
[2026-07-06 00:30:50.764] [info] VECTOR DEBUG: opcode=14 compute_size=221 vec_cycles=1
[2026-07-06 00:30:50.764] [info] VECTOR DEBUG: opcode=10 compute_size=222 vec_cycles=1
[2026-07-06 00:30:50.764] [info] VECTOR DEBUG: opcode=14 compute_size=221 vec_cycles=1
[2026-07-06 00:30:50.764] [info] VECTOR DEBUG: opcode=15 compute_size=444 vec_cycles=1
[2026-07-06 00:30:50.764] [info] VECTOR DEBUG: opcode=10 compute_size=222 vec_cycles=1
[2026-07-06 00:30:50.764] [info] VECTOR DEBUG: opcode=15 compute_size=444 vec_cycles=1
[2026-07-06 00:30:50.764] [info] VECTOR DEBUG: opcode=10 compute_size=222 vec_cycles=1
[2026-07-06 00:30:50.764] [info] VECTOR DEBUG: opcode=14 compute_size=440 vec_cycles=1
[2026-07-06 00:30:50.764] [info] VECTOR DEBUG: opcode=15 compute_size=444 vec_cycles=1
[2026-07-06 00:30:50.764] [info] VECTOR DEBUG: opcode=14 compute_size=440 vec_cycles=1
[2026-07-06 00:30:50.764] [info] VECTOR DEBUG: opcode=15 compute_size=444 vec_cycles=1
[2026-07-06 00:30:50.764] [info] VECTOR DEBUG: opcode=12 compute_size=440 vec_cycles=1
[2026-07-06 00:30:50.764] [info] VECTOR DEBUG: opcode=14 compute_size=440 vec_cycles=1
[2026-07-06 00:30:50.764] [info] VECTOR DEBUG: opcode=12 compute_size=440 vec_cycles=1
[2026-07-06 00:30:50.764] [info] VECTOR DEBUG: opcode=14 compute_size=440 vec_cycles=1
[2026-07-06 00:30:50.764] [info] VECTOR DEBUG: opcode=13 compute_size=4 vec_cycles=1
[2026-07-06 00:30:50.764] [info] VECTOR DEBUG: opcode=12 compute_size=440 vec_cycles=1
[2026-07-06 00:30:50.764] [info] VECTOR DEBUG: opcode=13 compute_size=4 vec_cycles=1
[2026-07-06 00:30:50.764] [info] VECTOR DEBUG: opcode=12 compute_size=440 vec_cycles=1
[2026-07-06 00:30:50.764] [info] VECTOR DEBUG: opcode=11 compute_size=440 vec_cycles=1
[2026-07-06 00:30:50.764] [info] VECTOR DEBUG: opcode=13 compute_size=4 vec_cycles=1
[2026-07-06 00:30:50.764] [info] VECTOR DEBUG: opcode=11 compute_size=440 vec_cycles=1
[2026-07-06 00:30:50.764] [info] VECTOR DEBUG: opcode=13 compute_size=4 vec_cycles=1
[2026-07-06 00:30:50.764] [info] VECTOR DEBUG: opcode=11 compute_size=440 vec_cycles=1
[2026-07-06 00:30:50.764] [info] VECTOR DEBUG: opcode=11 compute_size=440 vec_cycles=1
[2026-07-06 00:30:50.764] [info] VECTOR DEBUG: opcode=13 compute_size=4 vec_cycles=1
[2026-07-06 00:30:50.764] [info] VECTOR DEBUG: opcode=13 compute_size=4 vec_cycles=1
[2026-07-06 00:30:50.764] [info] VECTOR DEBUG: opcode=13 compute_size=4 vec_cycles=1
[2026-07-06 00:30:50.764] [info] VECTOR DEBUG: opcode=13 compute_size=4 vec_cycles=1
[2026-07-06 00:30:50.765] [info] VECTOR DEBUG: opcode=14 compute_size=221 vec_cycles=1
[2026-07-06 00:30:50.765] [info] VECTOR DEBUG: opcode=14 compute_size=221 vec_cycles=1
[2026-07-06 00:30:50.765] [info] VECTOR DEBUG: opcode=10 compute_size=222 vec_cycles=1
[2026-07-06 00:30:50.765] [info] VECTOR DEBUG: opcode=14 compute_size=221 vec_cycles=1
[2026-07-06 00:30:50.765] [info] VECTOR DEBUG: opcode=10 compute_size=222 vec_cycles=1
[2026-07-06 00:30:50.765] [info] VECTOR DEBUG: opcode=14 compute_size=221 vec_cycles=1
[2026-07-06 00:30:50.765] [info] VECTOR DEBUG: opcode=15 compute_size=444 vec_cycles=1
[2026-07-06 00:30:50.765] [info] VECTOR DEBUG: opcode=10 compute_size=222 vec_cycles=1
[2026-07-06 00:30:50.765] [info] VECTOR DEBUG: opcode=15 compute_size=444 vec_cycles=1
[2026-07-06 00:30:50.765] [info] VECTOR DEBUG: opcode=10 compute_size=222 vec_cycles=1
[2026-07-06 00:30:50.765] [info] VECTOR DEBUG: opcode=14 compute_size=440 vec_cycles=1
[2026-07-06 00:30:50.765] [info] VECTOR DEBUG: opcode=15 compute_size=444 vec_cycles=1
[2026-07-06 00:30:50.765] [info] VECTOR DEBUG: opcode=14 compute_size=440 vec_cycles=1
[2026-07-06 00:30:50.765] [info] VECTOR DEBUG: opcode=15 compute_size=444 vec_cycles=1
[2026-07-06 00:30:50.765] [info] VECTOR DEBUG: opcode=12 compute_size=440 vec_cycles=1
[2026-07-06 00:30:50.765] [info] VECTOR DEBUG: opcode=14 compute_size=440 vec_cycles=1
[2026-07-06 00:30:50.765] [info] VECTOR DEBUG: opcode=12 compute_size=440 vec_cycles=1
[2026-07-06 00:30:50.765] [info] VECTOR DEBUG: opcode=14 compute_size=440 vec_cycles=1
[2026-07-06 00:30:50.765] [info] VECTOR DEBUG: opcode=13 compute_size=4 vec_cycles=1
[2026-07-06 00:30:50.765] [info] VECTOR DEBUG: opcode=12 compute_size=440 vec_cycles=1
[2026-07-06 00:30:50.765] [info] VECTOR DEBUG: opcode=13 compute_size=4 vec_cycles=1
[2026-07-06 00:30:50.765] [info] VECTOR DEBUG: opcode=12 compute_size=440 vec_cycles=1
[2026-07-06 00:30:50.765] [info] VECTOR DEBUG: opcode=11 compute_size=440 vec_cycles=1
[2026-07-06 00:30:50.765] [info] VECTOR DEBUG: opcode=13 compute_size=4 vec_cycles=1
[2026-07-06 00:30:50.765] [info] VECTOR DEBUG: opcode=11 compute_size=440 vec_cycles=1
[2026-07-06 00:30:50.765] [info] VECTOR DEBUG: opcode=13 compute_size=4 vec_cycles=1
[2026-07-06 00:30:50.765] [info] VECTOR DEBUG: opcode=11 compute_size=440 vec_cycles=1
[2026-07-06 00:30:50.765] [info] VECTOR DEBUG: opcode=11 compute_size=440 vec_cycles=1
[2026-07-06 00:30:50.765] [info] VECTOR DEBUG: opcode=13 compute_size=4 vec_cycles=1
[2026-07-06 00:30:50.765] [info] VECTOR DEBUG: opcode=13 compute_size=4 vec_cycles=1
[2026-07-06 00:30:50.765] [info] VECTOR DEBUG: opcode=13 compute_size=4 vec_cycles=1
[2026-07-06 00:30:50.765] [info] VECTOR DEBUG: opcode=13 compute_size=4 vec_cycles=1
[2026-07-06 00:30:50.766] [info] VECTOR DEBUG: opcode=11 compute_size=256 vec_cycles=1
[2026-07-06 00:30:50.766] [info] VECTOR DEBUG: opcode=11 compute_size=256 vec_cycles=1
[2026-07-06 00:30:50.766] [info] VECTOR DEBUG: opcode=11 compute_size=256 vec_cycles=1
[2026-07-06 00:30:50.766] [info] VECTOR DEBUG: opcode=11 compute_size=256 vec_cycles=1
[2026-07-06 00:30:50.797] [info] VECTOR DEBUG: opcode=11 compute_size=256 vec_cycles=1
[2026-07-06 00:30:50.797] [info] VECTOR DEBUG: opcode=11 compute_size=256 vec_cycles=1
[2026-07-06 00:30:50.798] [info] VECTOR DEBUG: opcode=11 compute_size=256 vec_cycles=1
[2026-07-06 00:30:50.798] [info] VECTOR DEBUG: opcode=11 compute_size=256 vec_cycles=1
[2026-07-06 00:30:50.832] [info] VECTOR DEBUG: opcode=14 compute_size=221 vec_cycles=1
[2026-07-06 00:30:50.832] [info] VECTOR DEBUG: opcode=10 compute_size=222 vec_cycles=1
[2026-07-06 00:30:50.832] [info] VECTOR DEBUG: opcode=14 compute_size=221 vec_cycles=1
[2026-07-06 00:30:50.832] [info] VECTOR DEBUG: opcode=15 compute_size=444 vec_cycles=1
[2026-07-06 00:30:50.832] [info] VECTOR DEBUG: opcode=10 compute_size=222 vec_cycles=1
[2026-07-06 00:30:50.832] [info] VECTOR DEBUG: opcode=14 compute_size=440 vec_cycles=1
[2026-07-06 00:30:50.832] [info] VECTOR DEBUG: opcode=15 compute_size=444 vec_cycles=1
[2026-07-06 00:30:50.832] [info] VECTOR DEBUG: opcode=12 compute_size=440 vec_cycles=1
[2026-07-06 00:30:50.832] [info] VECTOR DEBUG: opcode=14 compute_size=440 vec_cycles=1
[2026-07-06 00:30:50.832] [info] VECTOR DEBUG: opcode=13 compute_size=4 vec_cycles=1
[2026-07-06 00:30:50.832] [info] VECTOR DEBUG: opcode=12 compute_size=440 vec_cycles=1
[2026-07-06 00:30:50.832] [info] VECTOR DEBUG: opcode=11 compute_size=440 vec_cycles=1
[2026-07-06 00:30:50.832] [info] VECTOR DEBUG: opcode=13 compute_size=4 vec_cycles=1
[2026-07-06 00:30:50.832] [info] VECTOR DEBUG: opcode=11 compute_size=440 vec_cycles=1
[2026-07-06 00:30:50.832] [info] VECTOR DEBUG: opcode=13 compute_size=4 vec_cycles=1
[2026-07-06 00:30:50.832] [info] VECTOR DEBUG: opcode=13 compute_size=4 vec_cycles=1
[2026-07-06 00:30:50.832] [info] VECTOR DEBUG: opcode=14 compute_size=221 vec_cycles=1
[2026-07-06 00:30:50.832] [info] VECTOR DEBUG: opcode=10 compute_size=222 vec_cycles=1
[2026-07-06 00:30:50.832] [info] VECTOR DEBUG: opcode=15 compute_size=444 vec_cycles=1
[2026-07-06 00:30:50.832] [info] VECTOR DEBUG: opcode=14 compute_size=440 vec_cycles=1
[2026-07-06 00:30:50.832] [info] VECTOR DEBUG: opcode=12 compute_size=440 vec_cycles=1
[2026-07-06 00:30:50.832] [info] VECTOR DEBUG: opcode=14 compute_size=221 vec_cycles=1
[2026-07-06 00:30:50.832] [info] VECTOR DEBUG: opcode=13 compute_size=4 vec_cycles=1
[2026-07-06 00:30:50.832] [info] VECTOR DEBUG: opcode=10 compute_size=222 vec_cycles=1
[2026-07-06 00:30:50.832] [info] VECTOR DEBUG: opcode=11 compute_size=440 vec_cycles=1
[2026-07-06 00:30:50.832] [info] VECTOR DEBUG: opcode=15 compute_size=444 vec_cycles=1
[2026-07-06 00:30:50.832] [info] VECTOR DEBUG: opcode=14 compute_size=440 vec_cycles=1
[2026-07-06 00:30:50.832] [info] VECTOR DEBUG: opcode=13 compute_size=4 vec_cycles=1
[2026-07-06 00:30:50.832] [info] VECTOR DEBUG: opcode=12 compute_size=440 vec_cycles=1
[2026-07-06 00:30:50.832] [info] VECTOR DEBUG: opcode=13 compute_size=4 vec_cycles=1
[2026-07-06 00:30:50.832] [info] VECTOR DEBUG: opcode=11 compute_size=440 vec_cycles=1
[2026-07-06 00:30:50.833] [info] VECTOR DEBUG: opcode=13 compute_size=4 vec_cycles=1
[2026-07-06 00:30:50.836] [info] VECTOR DEBUG: opcode=11 compute_size=256 vec_cycles=1
[2026-07-06 00:30:50.836] [info] VECTOR DEBUG: opcode=11 compute_size=256 vec_cycles=1
[2026-07-06 00:30:50.836] [info] VECTOR DEBUG: opcode=11 compute_size=256 vec_cycles=1
[2026-07-06 00:30:50.836] [info] VECTOR DEBUG: opcode=11 compute_size=256 vec_cycles=1
[2026-07-06 00:30:50.836] [info] Layer layer0.attn.Attention.0 finish at 578006
[2026-07-06 00:30:50.836] [info] Total compute time 2461
[2026-07-06 00:30:50.836] [info] executable layer count 1
[2026-07-06 00:30:50.836] [info] Start layer layer0.attn.Atccat
[2026-07-06 00:30:50.836] [info] Layer layer0.attn.Atccat finish at 578007
[2026-07-06 00:30:50.836] [info] Total compute time 1
[2026-07-06 00:30:50.836] [info] executable layer count 1
[2026-07-06 00:30:50.836] [info] Start layer layer0.attn.proj
[2026-07-06 00:30:51.456] [info] Layer layer0.attn.proj finish at 581902
[2026-07-06 00:30:51.456] [info] Total compute time 3895
[2026-07-06 00:30:51.456] [info] executable layer count 1
[2026-07-06 00:30:51.456] [info] Start layer layer0.attn.ln
[2026-07-06 00:30:51.457] [info] VECTOR DEBUG: opcode=9 compute_size=0 vec_cycles=5
[2026-07-06 00:30:51.457] [info] VECTOR DEBUG: opcode=10 compute_size=0 vec_cycles=0
[2026-07-06 00:30:51.457] [info] Layer layer0.attn.ln finish at 581958
[2026-07-06 00:30:51.457] [info] Total compute time 56
[2026-07-06 00:30:51.457] [info] executable layer count 1
[2026-07-06 00:30:51.457] [info] Start layer layer0.ffn.fc1
[2026-07-06 00:30:52.571] [info] HBM2-CH_0: BW utilization 42% (4089 reads, 8 writes)
[2026-07-06 00:30:53.039] [info] Core [0] : MatMul active cycle 12 Vector active cycle 33 
[2026-07-06 00:30:53.039] [info] Core [0] : issued tile 1 
[2026-07-06 00:30:53.039] [info] Core [0] : Memory unit idle cycle 5114 Systolic bubble cycle 273 Core idle cycle 0 
[2026-07-06 00:30:53.039] [info] Core [0] : Systolic Array Utilization(%) 35.51 (0.15% PE util), Vector Unit Utilization(%) 0.41, Total cycle: 584000
[2026-07-06 00:30:56.892] [info] HBM2-CH_0: BW utilization 50% (4838 reads, 0 writes)
[2026-07-06 00:30:56.982] [info] Core [0] : MatMul active cycle 0 Vector active cycle 0 
[2026-07-06 00:30:56.982] [info] Core [0] : issued tile 1 
[2026-07-06 00:30:56.982] [info] Core [0] : Memory unit idle cycle 6100 Systolic bubble cycle 0 Core idle cycle 0 
[2026-07-06 00:30:56.982] [info] Core [0] : Systolic Array Utilization(%) 0.00 (0.00% PE util), Vector Unit Utilization(%) 0.00, Total cycle: 592000
[2026-07-06 00:30:57.963] [info] HBM2-CH_0: BW utilization 32% (3139 reads, 14 writes)
[2026-07-06 00:30:57.965] [info] Core [0] : MatMul active cycle 22 Vector active cycle 0 
[2026-07-06 00:30:57.965] [info] Core [0] : issued tile 1 
[2026-07-06 00:30:57.965] [info] Core [0] : Memory unit idle cycle 7997 Systolic bubble cycle 0 Core idle cycle 0 
[2026-07-06 00:30:57.965] [info] Core [0] : Systolic Array Utilization(%) 37.12 (0.28% PE util), Vector Unit Utilization(%) 0.00, Total cycle: 600000
[2026-07-06 00:30:57.967] [info] Layer layer0.ffn.fc1 finish at 600235
[2026-07-06 00:30:57.967] [info] Total compute time 18277
[2026-07-06 00:30:57.967] [info] executable layer count 1
[2026-07-06 00:30:57.967] [info] Start layer layer0.ffn.act
[2026-07-06 00:30:57.971] [info] VECTOR DEBUG: opcode=10 compute_size=6144 vec_cycles=1
[2026-07-06 00:30:57.971] [info] VECTOR DEBUG: opcode=6 compute_size=6144 vec_cycles=1
[2026-07-06 00:30:57.971] [info] Layer layer0.ffn.act finish at 600318
[2026-07-06 00:30:57.971] [info] Total compute time 83
[2026-07-06 00:30:57.971] [info] executable layer count 1
[2026-07-06 00:30:57.971] [info] Start layer layer0.ffn.fc2
[2026-07-06 00:31:01.896] [info] HBM2-CH_0: BW utilization 48% (4659 reads, 2 writes)
[2026-07-06 00:31:01.998] [info] Core [0] : MatMul active cycle 2 Vector active cycle 0 
[2026-07-06 00:31:01.998] [info] Core [0] : issued tile 2 
[2026-07-06 00:31:01.998] [info] Core [0] : Memory unit idle cycle 319 Systolic bubble cycle 0 Core idle cycle 68 
[2026-07-06 00:31:01.998] [info] Core [0] : Systolic Array Utilization(%) 2.90 (0.03% PE util), Vector Unit Utilization(%) 0.00, Total cycle: 608000
[2026-07-06 00:31:04.108] [info] HBM2-CH_0: BW utilization 48% (4655 reads, 10 writes)
[2026-07-06 00:31:04.110] [info] Core [0] : MatMul active cycle 11 Vector active cycle 0 
[2026-07-06 00:31:04.110] [info] Core [0] : issued tile 2 
[2026-07-06 00:31:04.110] [info] Core [0] : Memory unit idle cycle 4306 Systolic bubble cycle 0 Core idle cycle 0 
[2026-07-06 00:31:04.110] [info] Core [0] : Systolic Array Utilization(%) 20.67 (0.14% PE util), Vector Unit Utilization(%) 0.00, Total cycle: 616000
[2026-07-06 00:31:04.141] [info] Layer layer0.ffn.fc2 finish at 620622
[2026-07-06 00:31:04.141] [info] Total compute time 20304
[2026-07-06 00:31:04.141] [info] executable layer count 1
[2026-07-06 00:31:04.141] [info] Start layer layer0.ffn.ln
[2026-07-06 00:31:04.143] [info] VECTOR DEBUG: opcode=9 compute_size=0 vec_cycles=5
[2026-07-06 00:31:04.143] [info] VECTOR DEBUG: opcode=10 compute_size=0 vec_cycles=0
[2026-07-06 00:31:04.143] [info] Layer layer0.ffn.ln finish at 620679
[2026-07-06 00:31:04.143] [info] Total compute time 57
[2026-07-06 00:31:04.143] [info] Model[opt-125m] Request: 560 us, Start: 560 us, finish:620 us, Current Cycle:620679
[2026-07-06 00:31:04.143] [info] No total_seq_len!
[2026-07-06 00:31:04.143] [info] Total Memory Usage: 0.09 GB
[2026-07-06 00:31:04.143] [info] Weight Memory Usage: 0.09 GB
[2026-07-06 00:31:04.143] [info] KV Memory Usage: 0.00 GB
[2026-07-06 00:31:04.143] [info] Activation Memory Usage: 0.00 GB
[2026-07-06 00:31:04.143] [info] [GEMM] spad_size: 33554432 accum_size: 4194304
[2026-07-06 00:31:04.143] [info] [GEMM] required_sram_size: 983040 required_accum_size: 131072
[2026-07-06 00:31:04.143] [info] [GEMM] Used gemmini gemm mapping: Total N:1 C:768 M:2304, Outer N:1 C:1 M:5, Inner N:128 C:768 M:512
[2026-07-06 00:31:04.162] [info] [GemmWs] Keys K = 768, N = 1, M = 2304
[2026-07-06 00:31:04.162] [info] [GemmWS]: total 0.003541248 GFLOPs, 0.003549696 GB
[2026-07-06 00:31:04.162] [info] [GemmWS]: Theoretical time(ms): 0.005781263553217286 Compute time: 2.7017577508559043e-05 Memory time: 0.005781263553217286
[2026-07-06 00:31:04.162] [info] [Attention] total_spad_size_per_head: 28544 B
[2026-07-06 00:31:04.162] [info] [Attention] total_acc_size_per_head: 222 B
[2026-07-06 00:31:04.162] [info] [Attention] q_len: 1, seq_len: 111, dk: 64, heads per tile 1
[2026-07-06 00:31:04.162] [info] [Attention] Spad size 16777216
[2026-07-06 00:31:04.162] [info] [Attention] Accum spad size 2097152
[2026-07-06 00:31:04.162] [info] Mapping info Total Loop: N12 C64 M111 S1 R1 Q1 P1 Tile Out Loop: N12 C1 M1 S1 R1 Q1 P1 Tile In Loop: N1 C64 M111 S1 R1 Q1 P1
[2026-07-06 00:31:04.168] [info] [Attention] QK 0.000170496 GFLOPs
[2026-07-06 00:31:04.168] [info] [Attention] total 0.000354312 GFLOPs, 0.000344064 GB
[2026-07-06 00:31:04.168] [info] [Attention] Theoretical time(ms): 0.0005603648 Compute time: 4.227539e-06 Memory time: 0.0005603648
[2026-07-06 00:31:04.168] [info] [Attention] QK compute 0.0000ms Softmax compute 0.0000ms SV compute 0.0000ms
[2026-07-06 00:31:04.168] [info] [GEMM] spad_size: 33554432 accum_size: 4194304
[2026-07-06 00:31:04.168] [info] [GEMM] required_sram_size: 393216 required_accum_size: 32768
[2026-07-06 00:31:04.168] [info] [GEMM] Used gemmini gemm mapping: Total N:1 C:768 M:768, Outer N:1 C:1 M:6, Inner N:128 C:768 M:128
[2026-07-06 00:31:04.174] [info] [GemmWs] Keys K = 768, N = 1, M = 768
[2026-07-06 00:31:04.174] [info] [GemmWS]: total 0.0011804161 GFLOPs, 0.0011842559 GB
[2026-07-06 00:31:04.174] [info] [GemmWS]: Theoretical time(ms): 0.0019287556369818049 Compute time: 9.0058600576981e-06 Memory time: 0.0019287556369818049
[2026-07-06 00:31:04.174] [info] [SkipLayerNorm] tokens_per_tile: 1
[2026-07-06 00:31:04.174] [info] [GEMM] spad_size: 33554432 accum_size: 4194304
[2026-07-06 00:31:04.174] [info] [GEMM] required_sram_size: 983040 required_accum_size: 131072
[2026-07-06 00:31:04.174] [info] [GEMM] Used gemmini gemm mapping: Total N:1 C:768 M:3072, Outer N:1 C:1 M:6, Inner N:128 C:768 M:512
[2026-07-06 00:31:04.199] [info] [GemmWs] Keys K = 768, N = 1, M = 3072
[2026-07-06 00:31:04.199] [info] [GemmWS]: total 0.0047185924 GFLOPs, 0.004726272 GB
[2026-07-06 00:31:04.199] [info] [GemmWS]: Theoretical time(ms): 0.0076975111369392835 Compute time: 3.6000002978653356e-05 Memory time: 0.0076975111369392835
[2026-07-06 00:31:04.199] [info] [BiasAct] tokens_per_tile: 1
[2026-07-06 00:31:04.199] [info] [GEMM] spad_size: 33554432 accum_size: 4194304
[2026-07-06 00:31:04.199] [info] [GEMM] required_sram_size: 1572864 required_accum_size: 32768
[2026-07-06 00:31:04.199] [info] [GEMM] Used gemmini gemm mapping: Total N:1 C:3072 M:768, Outer N:1 C:1 M:6, Inner N:128 C:3072 M:128
[2026-07-06 00:31:04.241] [info] [GemmWs] Keys K = 3072, N = 1, M = 768
[2026-07-06 00:31:04.241] [info] [GemmWS]: total 0.0047193603 GFLOPs, 0.0047278083 GB
[2026-07-06 00:31:04.241] [info] [GemmWS]: Theoretical time(ms): 0.007700013156863861 Compute time: 3.60058614035097e-05 Memory time: 0.007700013156863861
[2026-07-06 00:31:04.241] [info] [SkipLayerNorm] tokens_per_tile: 1
[2026-07-06 00:31:04.241] [info]  Model initialization time: 0.098037 seconds
[2026-07-06 00:31:04.241] [info] Schedule model: opt-125m at 620681000 us
[2026-07-06 00:31:04.241] [info] MODEL opt-125m Scheduled, Total Request: 1
[2026-07-06 00:31:04.241] [info] executable layer count 1
[2026-07-06 00:31:04.241] [info] Start layer layer0.attn.QKVgen
[2026-07-06 00:31:07.046] [info] HBM2-CH_0: BW utilization 21% (2076 reads, 4 writes)
[2026-07-06 00:31:07.203] [info] Core [0] : MatMul active cycle 37 Vector active cycle 0 
[2026-07-06 00:31:07.203] [info] Core [0] : issued tile 1 
[2026-07-06 00:31:07.203] [info] Core [0] : Memory unit idle cycle 4679 Systolic bubble cycle 0 Core idle cycle 41 
[2026-07-06 00:31:07.203] [info] Core [0] : Systolic Array Utilization(%) 57.75 (0.46% PE util), Vector Unit Utilization(%) 0.00, Total cycle: 624000
[2026-07-06 00:31:09.498] [info] HBM2-CH_0: BW utilization 50% (4869 reads, 1 writes)
[2026-07-06 00:31:09.500] [info] Core [0] : MatMul active cycle 0 Vector active cycle 0 
[2026-07-06 00:31:09.500] [info] Core [0] : issued tile 1 
[2026-07-06 00:31:09.500] [info] Core [0] : Memory unit idle cycle 7354 Systolic bubble cycle 0 Core idle cycle 0 
[2026-07-06 00:31:09.500] [info] Core [0] : Systolic Array Utilization(%) 2.04 (0.00% PE util), Vector Unit Utilization(%) 0.00, Total cycle: 632000
[2026-07-06 00:31:09.521] [info] Layer layer0.attn.QKVgen finish at 635162
[2026-07-06 00:31:09.521] [info] Total compute time 14482
[2026-07-06 00:31:09.521] [info] executable layer count 1
[2026-07-06 00:31:09.521] [info] Start layer layer0.attn.KVccat
[2026-07-06 00:31:09.521] [info] Layer layer0.attn.KVccat finish at 635163
[2026-07-06 00:31:09.521] [info] Total compute time 1
[2026-07-06 00:31:09.521] [info] executable layer count 1
[2026-07-06 00:31:09.521] [info] Start layer layer0.attn.Attention.0
[2026-07-06 00:31:09.651] [info] VECTOR DEBUG: opcode=14 compute_size=223 vec_cycles=1
[2026-07-06 00:31:09.651] [info] VECTOR DEBUG: opcode=10 compute_size=224 vec_cycles=1
[2026-07-06 00:31:09.651] [info] VECTOR DEBUG: opcode=15 compute_size=448 vec_cycles=1
[2026-07-06 00:31:09.651] [info] VECTOR DEBUG: opcode=14 compute_size=444 vec_cycles=1
[2026-07-06 00:31:09.651] [info] VECTOR DEBUG: opcode=12 compute_size=444 vec_cycles=1
[2026-07-06 00:31:09.651] [info] VECTOR DEBUG: opcode=13 compute_size=4 vec_cycles=1
[2026-07-06 00:31:09.651] [info] VECTOR DEBUG: opcode=11 compute_size=444 vec_cycles=1
[2026-07-06 00:31:09.651] [info] VECTOR DEBUG: opcode=13 compute_size=4 vec_cycles=1
[2026-07-06 00:31:09.652] [info] VECTOR DEBUG: opcode=14 compute_size=223 vec_cycles=1
[2026-07-06 00:31:09.652] [info] VECTOR DEBUG: opcode=10 compute_size=224 vec_cycles=1
[2026-07-06 00:31:09.652] [info] VECTOR DEBUG: opcode=15 compute_size=448 vec_cycles=1
[2026-07-06 00:31:09.652] [info] VECTOR DEBUG: opcode=14 compute_size=223 vec_cycles=1
[2026-07-06 00:31:09.652] [info] VECTOR DEBUG: opcode=14 compute_size=223 vec_cycles=1
[2026-07-06 00:31:09.652] [info] VECTOR DEBUG: opcode=14 compute_size=444 vec_cycles=1
[2026-07-06 00:31:09.652] [info] VECTOR DEBUG: opcode=10 compute_size=224 vec_cycles=1
[2026-07-06 00:31:09.652] [info] VECTOR DEBUG: opcode=10 compute_size=224 vec_cycles=1
[2026-07-06 00:31:09.652] [info] VECTOR DEBUG: opcode=12 compute_size=444 vec_cycles=1
[2026-07-06 00:31:09.652] [info] VECTOR DEBUG: opcode=15 compute_size=448 vec_cycles=1
[2026-07-06 00:31:09.652] [info] VECTOR DEBUG: opcode=15 compute_size=448 vec_cycles=1
[2026-07-06 00:31:09.652] [info] VECTOR DEBUG: opcode=13 compute_size=4 vec_cycles=1
[2026-07-06 00:31:09.652] [info] VECTOR DEBUG: opcode=14 compute_size=444 vec_cycles=1
[2026-07-06 00:31:09.652] [info] VECTOR DEBUG: opcode=14 compute_size=444 vec_cycles=1
[2026-07-06 00:31:09.652] [info] VECTOR DEBUG: opcode=11 compute_size=444 vec_cycles=1
[2026-07-06 00:31:09.652] [info] VECTOR DEBUG: opcode=12 compute_size=444 vec_cycles=1
[2026-07-06 00:31:09.652] [info] VECTOR DEBUG: opcode=12 compute_size=444 vec_cycles=1
[2026-07-06 00:31:09.652] [info] VECTOR DEBUG: opcode=13 compute_size=4 vec_cycles=1
[2026-07-06 00:31:09.652] [info] VECTOR DEBUG: opcode=13 compute_size=4 vec_cycles=1
[2026-07-06 00:31:09.652] [info] VECTOR DEBUG: opcode=13 compute_size=4 vec_cycles=1
[2026-07-06 00:31:09.652] [info] VECTOR DEBUG: opcode=11 compute_size=444 vec_cycles=1
[2026-07-06 00:31:09.652] [info] VECTOR DEBUG: opcode=11 compute_size=444 vec_cycles=1
[2026-07-06 00:31:09.652] [info] VECTOR DEBUG: opcode=13 compute_size=4 vec_cycles=1
[2026-07-06 00:31:09.652] [info] VECTOR DEBUG: opcode=13 compute_size=4 vec_cycles=1
[2026-07-06 00:31:09.652] [info] VECTOR DEBUG: opcode=14 compute_size=223 vec_cycles=1
[2026-07-06 00:31:09.652] [info] VECTOR DEBUG: opcode=10 compute_size=224 vec_cycles=1
[2026-07-06 00:31:09.652] [info] VECTOR DEBUG: opcode=15 compute_size=448 vec_cycles=1
[2026-07-06 00:31:09.652] [info] VECTOR DEBUG: opcode=14 compute_size=444 vec_cycles=1
[2026-07-06 00:31:09.652] [info] VECTOR DEBUG: opcode=12 compute_size=444 vec_cycles=1
[2026-07-06 00:31:09.652] [info] VECTOR DEBUG: opcode=13 compute_size=4 vec_cycles=1
[2026-07-06 00:31:09.652] [info] VECTOR DEBUG: opcode=11 compute_size=444 vec_cycles=1
[2026-07-06 00:31:09.652] [info] VECTOR DEBUG: opcode=13 compute_size=4 vec_cycles=1
[2026-07-06 00:31:09.652] [info] VECTOR DEBUG: opcode=14 compute_size=223 vec_cycles=1
[2026-07-06 00:31:09.652] [info] VECTOR DEBUG: opcode=10 compute_size=224 vec_cycles=1
[2026-07-06 00:31:09.653] [info] VECTOR DEBUG: opcode=15 compute_size=448 vec_cycles=1
[2026-07-06 00:31:09.653] [info] VECTOR DEBUG: opcode=14 compute_size=223 vec_cycles=1
[2026-07-06 00:31:09.653] [info] VECTOR DEBUG: opcode=14 compute_size=223 vec_cycles=1
[2026-07-06 00:31:09.653] [info] VECTOR DEBUG: opcode=14 compute_size=444 vec_cycles=1
[2026-07-06 00:31:09.653] [info] VECTOR DEBUG: opcode=10 compute_size=224 vec_cycles=1
[2026-07-06 00:31:09.653] [info] VECTOR DEBUG: opcode=10 compute_size=224 vec_cycles=1
[2026-07-06 00:31:09.653] [info] VECTOR DEBUG: opcode=12 compute_size=444 vec_cycles=1
[2026-07-06 00:31:09.653] [info] VECTOR DEBUG: opcode=15 compute_size=448 vec_cycles=1
[2026-07-06 00:31:09.653] [info] VECTOR DEBUG: opcode=15 compute_size=448 vec_cycles=1
[2026-07-06 00:31:09.653] [info] VECTOR DEBUG: opcode=13 compute_size=4 vec_cycles=1
[2026-07-06 00:31:09.653] [info] VECTOR DEBUG: opcode=14 compute_size=444 vec_cycles=1
[2026-07-06 00:31:09.653] [info] VECTOR DEBUG: opcode=14 compute_size=444 vec_cycles=1
[2026-07-06 00:31:09.653] [info] VECTOR DEBUG: opcode=11 compute_size=444 vec_cycles=1
[2026-07-06 00:31:09.653] [info] VECTOR DEBUG: opcode=12 compute_size=444 vec_cycles=1
[2026-07-06 00:31:09.653] [info] VECTOR DEBUG: opcode=12 compute_size=444 vec_cycles=1
[2026-07-06 00:31:09.653] [info] VECTOR DEBUG: opcode=13 compute_size=4 vec_cycles=1
[2026-07-06 00:31:09.653] [info] VECTOR DEBUG: opcode=13 compute_size=4 vec_cycles=1
[2026-07-06 00:31:09.653] [info] VECTOR DEBUG: opcode=13 compute_size=4 vec_cycles=1
[2026-07-06 00:31:09.653] [info] VECTOR DEBUG: opcode=11 compute_size=444 vec_cycles=1
[2026-07-06 00:31:09.653] [info] VECTOR DEBUG: opcode=11 compute_size=444 vec_cycles=1
[2026-07-06 00:31:09.653] [info] VECTOR DEBUG: opcode=13 compute_size=4 vec_cycles=1
[2026-07-06 00:31:09.653] [info] VECTOR DEBUG: opcode=13 compute_size=4 vec_cycles=1
[2026-07-06 00:31:09.653] [info] VECTOR DEBUG: opcode=11 compute_size=256 vec_cycles=1
[2026-07-06 00:31:09.656] [info] VECTOR DEBUG: opcode=11 compute_size=256 vec_cycles=1
[2026-07-06 00:31:09.656] [info] VECTOR DEBUG: opcode=11 compute_size=256 vec_cycles=1
[2026-07-06 00:31:09.656] [info] VECTOR DEBUG: opcode=11 compute_size=256 vec_cycles=1
[2026-07-06 00:31:09.679] [info] VECTOR DEBUG: opcode=11 compute_size=256 vec_cycles=1
[2026-07-06 00:31:09.687] [info] VECTOR DEBUG: opcode=11 compute_size=256 vec_cycles=1
[2026-07-06 00:31:09.688] [info] VECTOR DEBUG: opcode=11 compute_size=256 vec_cycles=1
[2026-07-06 00:31:09.688] [info] VECTOR DEBUG: opcode=11 compute_size=256 vec_cycles=1
[2026-07-06 00:31:09.714] [info] VECTOR DEBUG: opcode=14 compute_size=223 vec_cycles=1
[2026-07-06 00:31:09.714] [info] VECTOR DEBUG: opcode=10 compute_size=224 vec_cycles=1
[2026-07-06 00:31:09.714] [info] VECTOR DEBUG: opcode=15 compute_size=448 vec_cycles=1
[2026-07-06 00:31:09.714] [info] VECTOR DEBUG: opcode=14 compute_size=444 vec_cycles=1
[2026-07-06 00:31:09.714] [info] VECTOR DEBUG: opcode=12 compute_size=444 vec_cycles=1
[2026-07-06 00:31:09.714] [info] VECTOR DEBUG: opcode=13 compute_size=4 vec_cycles=1
[2026-07-06 00:31:09.714] [info] VECTOR DEBUG: opcode=11 compute_size=444 vec_cycles=1
[2026-07-06 00:31:09.714] [info] VECTOR DEBUG: opcode=13 compute_size=4 vec_cycles=1
[2026-07-06 00:31:09.715] [info] VECTOR DEBUG: opcode=14 compute_size=223 vec_cycles=1
[2026-07-06 00:31:09.715] [info] VECTOR DEBUG: opcode=10 compute_size=224 vec_cycles=1
[2026-07-06 00:31:09.715] [info] VECTOR DEBUG: opcode=15 compute_size=448 vec_cycles=1
[2026-07-06 00:31:09.715] [info] VECTOR DEBUG: opcode=14 compute_size=444 vec_cycles=1
[2026-07-06 00:31:09.715] [info] VECTOR DEBUG: opcode=12 compute_size=444 vec_cycles=1
[2026-07-06 00:31:09.715] [info] VECTOR DEBUG: opcode=13 compute_size=4 vec_cycles=1
[2026-07-06 00:31:09.715] [info] VECTOR DEBUG: opcode=11 compute_size=444 vec_cycles=1
[2026-07-06 00:31:09.715] [info] VECTOR DEBUG: opcode=13 compute_size=4 vec_cycles=1
[2026-07-06 00:31:09.715] [info] VECTOR DEBUG: opcode=14 compute_size=223 vec_cycles=1
[2026-07-06 00:31:09.715] [info] VECTOR DEBUG: opcode=14 compute_size=223 vec_cycles=1
[2026-07-06 00:31:09.715] [info] VECTOR DEBUG: opcode=10 compute_size=224 vec_cycles=1
[2026-07-06 00:31:09.715] [info] VECTOR DEBUG: opcode=10 compute_size=224 vec_cycles=1
[2026-07-06 00:31:09.715] [info] VECTOR DEBUG: opcode=15 compute_size=448 vec_cycles=1
[2026-07-06 00:31:09.715] [info] VECTOR DEBUG: opcode=15 compute_size=448 vec_cycles=1
[2026-07-06 00:31:09.715] [info] VECTOR DEBUG: opcode=14 compute_size=444 vec_cycles=1
[2026-07-06 00:31:09.715] [info] VECTOR DEBUG: opcode=14 compute_size=444 vec_cycles=1
[2026-07-06 00:31:09.715] [info] VECTOR DEBUG: opcode=12 compute_size=444 vec_cycles=1
[2026-07-06 00:31:09.715] [info] VECTOR DEBUG: opcode=12 compute_size=444 vec_cycles=1
[2026-07-06 00:31:09.715] [info] VECTOR DEBUG: opcode=13 compute_size=4 vec_cycles=1
[2026-07-06 00:31:09.715] [info] VECTOR DEBUG: opcode=13 compute_size=4 vec_cycles=1
[2026-07-06 00:31:09.715] [info] VECTOR DEBUG: opcode=11 compute_size=444 vec_cycles=1
[2026-07-06 00:31:09.715] [info] VECTOR DEBUG: opcode=11 compute_size=444 vec_cycles=1
[2026-07-06 00:31:09.715] [info] VECTOR DEBUG: opcode=13 compute_size=4 vec_cycles=1
[2026-07-06 00:31:09.715] [info] VECTOR DEBUG: opcode=13 compute_size=4 vec_cycles=1
[2026-07-06 00:31:09.717] [info] VECTOR DEBUG: opcode=11 compute_size=256 vec_cycles=1
[2026-07-06 00:31:09.719] [info] VECTOR DEBUG: opcode=11 compute_size=256 vec_cycles=1
[2026-07-06 00:31:09.719] [info] VECTOR DEBUG: opcode=11 compute_size=256 vec_cycles=1
[2026-07-06 00:31:09.719] [info] VECTOR DEBUG: opcode=11 compute_size=256 vec_cycles=1
[2026-07-06 00:31:09.719] [info] Layer layer0.attn.Attention.0 finish at 637592
[2026-07-06 00:31:09.719] [info] Total compute time 2429
[2026-07-06 00:31:09.719] [info] executable layer count 1
[2026-07-06 00:31:09.719] [info] Start layer layer0.attn.Atccat
[2026-07-06 00:31:09.719] [info] Layer layer0.attn.Atccat finish at 637594
[2026-07-06 00:31:09.719] [info] Total compute time 2
[2026-07-06 00:31:09.719] [info] executable layer count 1
[2026-07-06 00:31:09.719] [info] Start layer layer0.attn.proj
[2026-07-06 00:31:10.296] [info] HBM2-CH_0: BW utilization 27% (2580 reads, 12 writes)
[2026-07-06 00:31:10.339] [info] Core [0] : MatMul active cycle 24 Vector active cycle 27 
[2026-07-06 00:31:10.339] [info] Core [0] : issued tile 1 
[2026-07-06 00:31:10.339] [info] Core [0] : Memory unit idle cycle 7437 Systolic bubble cycle 273 Core idle cycle 131 
[2026-07-06 00:31:10.339] [info] Core [0] : Systolic Array Utilization(%) 55.20 (0.30% PE util), Vector Unit Utilization(%) 0.34, Total cycle: 640000
[2026-07-06 00:31:10.384] [info] Layer layer0.attn.proj finish at 641490
[2026-07-06 00:31:10.384] [info] Total compute time 3896
[2026-07-06 00:31:10.384] [info] executable layer count 1
[2026-07-06 00:31:10.384] [info] Start layer layer0.attn.ln
[2026-07-06 00:31:10.386] [info] VECTOR DEBUG: opcode=9 compute_size=0 vec_cycles=5
[2026-07-06 00:31:10.386] [info] VECTOR DEBUG: opcode=10 compute_size=0 vec_cycles=0
[2026-07-06 00:31:10.386] [info] Layer layer0.attn.ln finish at 641549
[2026-07-06 00:31:10.386] [info] Total compute time 59
[2026-07-06 00:31:10.386] [info] executable layer count 1
[2026-07-06 00:31:10.386] [info] Start layer layer0.ffn.fc1
[2026-07-06 00:31:14.054] [info] HBM2-CH_0: BW utilization 45% (4371 reads, 5 writes)
[2026-07-06 00:31:14.168] [info] Core [0] : MatMul active cycle 6 Vector active cycle 0 
[2026-07-06 00:31:14.168] [info] Core [0] : issued tile 2 
[2026-07-06 00:31:14.168] [info] Core [0] : Memory unit idle cycle 1550 Systolic bubble cycle 0 Core idle cycle 820 
[2026-07-06 00:31:14.168] [info] Core [0] : Systolic Array Utilization(%) 8.70 (0.08% PE util), Vector Unit Utilization(%) 0.00, Total cycle: 648000
[2026-07-06 00:31:16.767] [info] HBM2-CH_0: BW utilization 49% (4784 reads, 0 writes)
[2026-07-06 00:31:16.807] [info] Core [0] : MatMul active cycle 17 Vector active cycle 0 
[2026-07-06 00:31:16.807] [info] Core [0] : issued tile 2 
[2026-07-06 00:31:16.807] [info] Core [0] : Memory unit idle cycle 3307 Systolic bubble cycle 0 Core idle cycle 0 
[2026-07-06 00:31:16.807] [info] Core [0] : Systolic Array Utilization(%) 31.30 (0.21% PE util), Vector Unit Utilization(%) 0.00, Total cycle: 656000
[2026-07-06 00:31:16.903] [info] Layer layer0.ffn.fc1 finish at 660075
[2026-07-06 00:31:16.903] [info] Total compute time 18526
[2026-07-06 00:31:16.903] [info] executable layer count 1
[2026-07-06 00:31:16.903] [info] Start layer layer0.ffn.act
[2026-07-06 00:31:16.907] [info] VECTOR DEBUG: opcode=10 compute_size=6144 vec_cycles=1
[2026-07-06 00:31:16.907] [info] VECTOR DEBUG: opcode=6 compute_size=6144 vec_cycles=1
[2026-07-06 00:31:16.907] [info] Layer layer0.ffn.act finish at 660155
[2026-07-06 00:31:16.907] [info] Total compute time 80
[2026-07-06 00:31:16.907] [info] executable layer count 1
[2026-07-06 00:31:16.907] [info] Start layer layer0.ffn.fc2
[2026-07-06 00:31:19.264] [info] HBM2-CH_0: BW utilization 30% (2904 reads, 16 writes)
[2026-07-06 00:31:19.442] [info] Core [0] : MatMul active cycle 31 Vector active cycle 0 
[2026-07-06 00:31:19.442] [info] Core [0] : issued tile 1 
[2026-07-06 00:31:19.442] [info] Core [0] : Memory unit idle cycle 4151 Systolic bubble cycle 0 Core idle cycle 237 
[2026-07-06 00:31:19.442] [info] Core [0] : Systolic Array Utilization(%) 48.75 (0.39% PE util), Vector Unit Utilization(%) 0.00, Total cycle: 664000
[2026-07-06 00:31:22.497] [info] HBM2-CH_0: BW utilization 50% (4811 reads, 0 writes)
[2026-07-06 00:31:22.554] [info] Core [0] : MatMul active cycle 0 Vector active cycle 0 
[2026-07-06 00:31:22.554] [info] Core [0] : issued tile 1 
[2026-07-06 00:31:22.556] [info] Core [0] : Memory unit idle cycle 7856 Systolic bubble cycle 0 Core idle cycle 0 
[2026-07-06 00:31:22.556] [info] Core [0] : Systolic Array Utilization(%) 0.00 (0.00% PE util), Vector Unit Utilization(%) 0.00, Total cycle: 672000
[2026-07-06 00:31:23.050] [info] HBM2-CH_0: BW utilization 21% (2098 reads, 12 writes)
[2026-07-06 00:31:23.052] [info] Core [0] : MatMul active cycle 24 Vector active cycle 0 
[2026-07-06 00:31:23.052] [info] Core [0] : issued tile 0 
[2026-07-06 00:31:23.052] [info] Core [0] : Memory unit idle cycle 7999 Systolic bubble cycle 0 Core idle cycle 1306 
[2026-07-06 00:31:23.052] [info] Core [0] : Systolic Array Utilization(%) 40.03 (0.30% PE util), Vector Unit Utilization(%) 0.00, Total cycle: 680000
[2026-07-06 00:31:23.054] [info] Layer layer0.ffn.fc2 finish at 680370
[2026-07-06 00:31:23.054] [info] Total compute time 20215
[2026-07-06 00:31:23.054] [info] executable layer count 1
[2026-07-06 00:31:23.054] [info] Start layer layer0.ffn.ln
[2026-07-06 00:31:23.055] [info] VECTOR DEBUG: opcode=9 compute_size=0 vec_cycles=5
[2026-07-06 00:31:23.056] [info] VECTOR DEBUG: opcode=10 compute_size=0 vec_cycles=0
[2026-07-06 00:31:23.056] [info] Layer layer0.ffn.ln finish at 680426
[2026-07-06 00:31:23.056] [info] Total compute time 56
[2026-07-06 00:31:23.056] [info] Model[opt-125m] Request: 620 us, Start: 620 us, finish:680 us, Current Cycle:680426
[2026-07-06 00:31:23.056] [info] No total_seq_len!
[2026-07-06 00:31:23.056] [info] Total Memory Usage: 0.09 GB
[2026-07-06 00:31:23.056] [info] Weight Memory Usage: 0.09 GB
[2026-07-06 00:31:23.056] [info] KV Memory Usage: 0.00 GB
[2026-07-06 00:31:23.056] [info] Activation Memory Usage: 0.00 GB
[2026-07-06 00:31:23.056] [info] [GEMM] spad_size: 33554432 accum_size: 4194304
[2026-07-06 00:31:23.056] [info] [GEMM] required_sram_size: 983040 required_accum_size: 131072
[2026-07-06 00:31:23.056] [info] [GEMM] Used gemmini gemm mapping: Total N:1 C:768 M:2304, Outer N:1 C:1 M:5, Inner N:128 C:768 M:512
[2026-07-06 00:31:23.070] [info] [GemmWs] Keys K = 768, N = 1, M = 2304
[2026-07-06 00:31:23.070] [info] [GemmWS]: total 0.003541248 GFLOPs, 0.003549696 GB
[2026-07-06 00:31:23.070] [info] [GemmWS]: Theoretical time(ms): 0.005781263553217286 Compute time: 2.7017577508559043e-05 Memory time: 0.005781263553217286
[2026-07-06 00:31:23.070] [info] [Attention] total_spad_size_per_head: 28800 B
[2026-07-06 00:31:23.070] [info] [Attention] total_acc_size_per_head: 224 B
[2026-07-06 00:31:23.070] [info] [Attention] q_len: 1, seq_len: 112, dk: 64, heads per tile 1
[2026-07-06 00:31:23.070] [info] [Attention] Spad size 16777216
[2026-07-06 00:31:23.070] [info] [Attention] Accum spad size 2097152
[2026-07-06 00:31:23.070] [info] Mapping info Total Loop: N12 C64 M112 S1 R1 Q1 P1 Tile Out Loop: N12 C1 M1 S1 R1 Q1 P1 Tile In Loop: N1 C64 M112 S1 R1 Q1 P1
[2026-07-06 00:31:23.075] [info] [Attention] QK 0.000172032 GFLOPs
[2026-07-06 00:31:23.075] [info] [Attention] total 0.000357504 GFLOPs, 0.000347136 GB
[2026-07-06 00:31:23.075] [info] [Attention] Theoretical time(ms): 0.00056536804 Compute time: 4.2656247e-06 Memory time: 0.00056536804
[2026-07-06 00:31:23.075] [info] [Attention] QK compute 0.0000ms Softmax compute 0.0000ms SV compute 0.0000ms
[2026-07-06 00:31:23.075] [info] [GEMM] spad_size: 33554432 accum_size: 4194304
[2026-07-06 00:31:23.075] [info] [GEMM] required_sram_size: 393216 required_accum_size: 32768
[2026-07-06 00:31:23.075] [info] [GEMM] Used gemmini gemm mapping: Total N:1 C:768 M:768, Outer N:1 C:1 M:6, Inner N:128 C:768 M:128
[2026-07-06 00:31:23.080] [info] [GemmWs] Keys K = 768, N = 1, M = 768
[2026-07-06 00:31:23.080] [info] [GemmWS]: total 0.0011804161 GFLOPs, 0.0011842559 GB
[2026-07-06 00:31:23.080] [info] [GemmWS]: Theoretical time(ms): 0.0019287556369818049 Compute time: 9.0058600576981e-06 Memory time: 0.0019287556369818049
[2026-07-06 00:31:23.080] [info] [SkipLayerNorm] tokens_per_tile: 1
[2026-07-06 00:31:23.080] [info] [GEMM] spad_size: 33554432 accum_size: 4194304
[2026-07-06 00:31:23.080] [info] [GEMM] required_sram_size: 983040 required_accum_size: 131072
[2026-07-06 00:31:23.080] [info] [GEMM] Used gemmini gemm mapping: Total N:1 C:768 M:3072, Outer N:1 C:1 M:6, Inner N:128 C:768 M:512
[2026-07-06 00:31:23.099] [info] [GemmWs] Keys K = 768, N = 1, M = 3072
[2026-07-06 00:31:23.099] [info] [GemmWS]: total 0.0047185924 GFLOPs, 0.004726272 GB
[2026-07-06 00:31:23.099] [info] [GemmWS]: Theoretical time(ms): 0.0076975111369392835 Compute time: 3.6000002978653356e-05 Memory time: 0.0076975111369392835
[2026-07-06 00:31:23.099] [info] [BiasAct] tokens_per_tile: 1
[2026-07-06 00:31:23.099] [info] [GEMM] spad_size: 33554432 accum_size: 4194304
[2026-07-06 00:31:23.099] [info] [GEMM] required_sram_size: 1572864 required_accum_size: 32768
[2026-07-06 00:31:23.099] [info] [GEMM] Used gemmini gemm mapping: Total N:1 C:3072 M:768, Outer N:1 C:1 M:6, Inner N:128 C:3072 M:128
[2026-07-06 00:31:23.124] [info] [GemmWs] Keys K = 3072, N = 1, M = 768
[2026-07-06 00:31:23.124] [info] [GemmWS]: total 0.0047193603 GFLOPs, 0.0047278083 GB
[2026-07-06 00:31:23.124] [info] [GemmWS]: Theoretical time(ms): 0.007700013156863861 Compute time: 3.60058614035097e-05 Memory time: 0.007700013156863861
[2026-07-06 00:31:23.124] [info] [SkipLayerNorm] tokens_per_tile: 1
[2026-07-06 00:31:23.124] [info]  Model initialization time: 0.068764 seconds
[2026-07-06 00:31:23.124] [info] Schedule model: opt-125m at 680428000 us
[2026-07-06 00:31:23.124] [info] MODEL opt-125m Scheduled, Total Request: 1
[2026-07-06 00:31:23.124] [info] executable layer count 1
[2026-07-06 00:31:23.124] [info] Start layer layer0.attn.QKVgen
[2026-07-06 00:31:26.664] [info] HBM2-CH_0: BW utilization 47% (4577 reads, 3 writes)
[2026-07-06 00:31:26.750] [info] Core [0] : MatMul active cycle 0 Vector active cycle 0 
[2026-07-06 00:31:26.750] [info] Core [0] : issued tile 1 
[2026-07-06 00:31:26.750] [info] Core [0] : Memory unit idle cycle 4098 Systolic bubble cycle 0 Core idle cycle 427 
[2026-07-06 00:31:26.750] [info] Core [0] : Systolic Array Utilization(%) 0.00 (0.00% PE util), Vector Unit Utilization(%) 0.00, Total cycle: 688000
[2026-07-06 00:31:27.356] [info] Layer layer0.attn.QKVgen finish at 694910
[2026-07-06 00:31:27.356] [info] Total compute time 14483
[2026-07-06 00:31:27.356] [info] executable layer count 1
[2026-07-06 00:31:27.356] [info] Start layer layer0.attn.KVccat
[2026-07-06 00:31:27.356] [info] Layer layer0.attn.KVccat finish at 694912
[2026-07-06 00:31:27.356] [info] Total compute time 2
[2026-07-06 00:31:27.356] [info] executable layer count 1
[2026-07-06 00:31:27.356] [info] Start layer layer0.attn.Attention.0
[2026-07-06 00:31:27.480] [info] VECTOR DEBUG: opcode=14 compute_size=225 vec_cycles=1
[2026-07-06 00:31:27.480] [info] VECTOR DEBUG: opcode=14 compute_size=225 vec_cycles=1
[2026-07-06 00:31:27.480] [info] VECTOR DEBUG: opcode=10 compute_size=226 vec_cycles=1
[2026-07-06 00:31:27.480] [info] HBM2-CH_0: BW utilization 29% (2814 reads, 9 writes)
[2026-07-06 00:31:27.480] [info] VECTOR DEBUG: opcode=10 compute_size=226 vec_cycles=1
[2026-07-06 00:31:27.480] [info] VECTOR DEBUG: opcode=14 compute_size=225 vec_cycles=1
[2026-07-06 00:31:27.480] [info] VECTOR DEBUG: opcode=15 compute_size=452 vec_cycles=1
[2026-07-06 00:31:27.480] [info] VECTOR DEBUG: opcode=15 compute_size=452 vec_cycles=1
[2026-07-06 00:31:27.480] [info] VECTOR DEBUG: opcode=10 compute_size=226 vec_cycles=1
[2026-07-06 00:31:27.480] [info] VECTOR DEBUG: opcode=14 compute_size=448 vec_cycles=1
[2026-07-06 00:31:27.480] [info] VECTOR DEBUG: opcode=14 compute_size=448 vec_cycles=1
[2026-07-06 00:31:27.480] [info] VECTOR DEBUG: opcode=15 compute_size=452 vec_cycles=1
[2026-07-06 00:31:27.480] [info] VECTOR DEBUG: opcode=12 compute_size=448 vec_cycles=1
[2026-07-06 00:31:27.480] [info] VECTOR DEBUG: opcode=12 compute_size=448 vec_cycles=1
[2026-07-06 00:31:27.480] [info] VECTOR DEBUG: opcode=14 compute_size=448 vec_cycles=1
[2026-07-06 00:31:27.480] [info] VECTOR DEBUG: opcode=13 compute_size=4 vec_cycles=1
[2026-07-06 00:31:27.480] [info] VECTOR DEBUG: opcode=13 compute_size=4 vec_cycles=1
[2026-07-06 00:31:27.480] [info] VECTOR DEBUG: opcode=12 compute_size=448 vec_cycles=1
[2026-07-06 00:31:27.480] [info] VECTOR DEBUG: opcode=11 compute_size=448 vec_cycles=1
[2026-07-06 00:31:27.480] [info] VECTOR DEBUG: opcode=11 compute_size=448 vec_cycles=1
[2026-07-06 00:31:27.480] [info] VECTOR DEBUG: opcode=13 compute_size=4 vec_cycles=1
[2026-07-06 00:31:27.480] [info] VECTOR DEBUG: opcode=13 compute_size=4 vec_cycles=1
[2026-07-06 00:31:27.480] [info] VECTOR DEBUG: opcode=11 compute_size=448 vec_cycles=1
[2026-07-06 00:31:27.480] [info] VECTOR DEBUG: opcode=13 compute_size=4 vec_cycles=1
[2026-07-06 00:31:27.480] [info] VECTOR DEBUG: opcode=13 compute_size=4 vec_cycles=1
[2026-07-06 00:31:27.480] [info] VECTOR DEBUG: opcode=14 compute_size=225 vec_cycles=1
[2026-07-06 00:31:27.480] [info] VECTOR DEBUG: opcode=10 compute_size=226 vec_cycles=1
[2026-07-06 00:31:27.480] [info] VECTOR DEBUG: opcode=15 compute_size=452 vec_cycles=1
[2026-07-06 00:31:27.480] [info] VECTOR DEBUG: opcode=14 compute_size=448 vec_cycles=1
[2026-07-06 00:31:27.480] [info] VECTOR DEBUG: opcode=12 compute_size=448 vec_cycles=1
[2026-07-06 00:31:27.480] [info] VECTOR DEBUG: opcode=13 compute_size=4 vec_cycles=1
[2026-07-06 00:31:27.480] [info] VECTOR DEBUG: opcode=11 compute_size=448 vec_cycles=1
[2026-07-06 00:31:27.481] [info] VECTOR DEBUG: opcode=13 compute_size=4 vec_cycles=1
[2026-07-06 00:31:27.481] [info] VECTOR DEBUG: opcode=14 compute_size=225 vec_cycles=1
[2026-07-06 00:31:27.481] [info] VECTOR DEBUG: opcode=14 compute_size=225 vec_cycles=1
[2026-07-06 00:31:27.481] [info] VECTOR DEBUG: opcode=10 compute_size=226 vec_cycles=1
[2026-07-06 00:31:27.481] [info] VECTOR DEBUG: opcode=10 compute_size=226 vec_cycles=1
[2026-07-06 00:31:27.481] [info] VECTOR DEBUG: opcode=14 compute_size=225 vec_cycles=1
[2026-07-06 00:31:27.481] [info] VECTOR DEBUG: opcode=15 compute_size=452 vec_cycles=1
[2026-07-06 00:31:27.481] [info] VECTOR DEBUG: opcode=15 compute_size=452 vec_cycles=1
[2026-07-06 00:31:27.481] [info] VECTOR DEBUG: opcode=10 compute_size=226 vec_cycles=1
[2026-07-06 00:31:27.481] [info] VECTOR DEBUG: opcode=14 compute_size=448 vec_cycles=1
[2026-07-06 00:31:27.481] [info] VECTOR DEBUG: opcode=14 compute_size=448 vec_cycles=1
[2026-07-06 00:31:27.481] [info] VECTOR DEBUG: opcode=15 compute_size=452 vec_cycles=1
[2026-07-06 00:31:27.481] [info] VECTOR DEBUG: opcode=12 compute_size=448 vec_cycles=1
[2026-07-06 00:31:27.481] [info] VECTOR DEBUG: opcode=12 compute_size=448 vec_cycles=1
[2026-07-06 00:31:27.481] [info] VECTOR DEBUG: opcode=14 compute_size=448 vec_cycles=1
[2026-07-06 00:31:27.481] [info] VECTOR DEBUG: opcode=13 compute_size=4 vec_cycles=1
[2026-07-06 00:31:27.481] [info] VECTOR DEBUG: opcode=13 compute_size=4 vec_cycles=1
[2026-07-06 00:31:27.481] [info] VECTOR DEBUG: opcode=12 compute_size=448 vec_cycles=1
[2026-07-06 00:31:27.481] [info] VECTOR DEBUG: opcode=11 compute_size=448 vec_cycles=1
[2026-07-06 00:31:27.481] [info] VECTOR DEBUG: opcode=11 compute_size=448 vec_cycles=1
[2026-07-06 00:31:27.481] [info] VECTOR DEBUG: opcode=13 compute_size=4 vec_cycles=1
[2026-07-06 00:31:27.481] [info] VECTOR DEBUG: opcode=13 compute_size=4 vec_cycles=1
[2026-07-06 00:31:27.481] [info] VECTOR DEBUG: opcode=11 compute_size=448 vec_cycles=1
[2026-07-06 00:31:27.481] [info] VECTOR DEBUG: opcode=13 compute_size=4 vec_cycles=1
[2026-07-06 00:31:27.481] [info] VECTOR DEBUG: opcode=13 compute_size=4 vec_cycles=1
[2026-07-06 00:31:27.481] [info] VECTOR DEBUG: opcode=14 compute_size=225 vec_cycles=1
[2026-07-06 00:31:27.481] [info] VECTOR DEBUG: opcode=10 compute_size=226 vec_cycles=1
[2026-07-06 00:31:27.481] [info] VECTOR DEBUG: opcode=15 compute_size=452 vec_cycles=1
[2026-07-06 00:31:27.481] [info] VECTOR DEBUG: opcode=14 compute_size=448 vec_cycles=1
[2026-07-06 00:31:27.481] [info] VECTOR DEBUG: opcode=12 compute_size=448 vec_cycles=1
[2026-07-06 00:31:27.481] [info] VECTOR DEBUG: opcode=13 compute_size=4 vec_cycles=1
[2026-07-06 00:31:27.481] [info] VECTOR DEBUG: opcode=11 compute_size=448 vec_cycles=1
[2026-07-06 00:31:27.481] [info] VECTOR DEBUG: opcode=13 compute_size=4 vec_cycles=1
[2026-07-06 00:31:27.482] [info] VECTOR DEBUG: opcode=11 compute_size=256 vec_cycles=1
[2026-07-06 00:31:27.482] [info] VECTOR DEBUG: opcode=11 compute_size=256 vec_cycles=1
[2026-07-06 00:31:27.482] [info] VECTOR DEBUG: opcode=11 compute_size=256 vec_cycles=1
[2026-07-06 00:31:27.482] [info] Core [0] : MatMul active cycle 24 Vector active cycle 16 
[2026-07-06 00:31:27.482] [info] Core [0] : issued tile 2 
[2026-07-06 00:31:27.482] [info] Core [0] : Memory unit idle cycle 7883 Systolic bubble cycle 273 Core idle cycle 146 
[2026-07-06 00:31:27.482] [info] Core [0] : Systolic Array Utilization(%) 46.47 (0.30% PE util), Vector Unit Utilization(%) 0.20, Total cycle: 696000
[2026-07-06 00:31:27.485] [info] VECTOR DEBUG: opcode=11 compute_size=256 vec_cycles=1
[2026-07-06 00:31:27.509] [info] VECTOR DEBUG: opcode=11 compute_size=256 vec_cycles=1
[2026-07-06 00:31:27.509] [info] VECTOR DEBUG: opcode=11 compute_size=256 vec_cycles=1
[2026-07-06 00:31:27.510] [info] VECTOR DEBUG: opcode=11 compute_size=256 vec_cycles=1
[2026-07-06 00:31:27.515] [info] VECTOR DEBUG: opcode=11 compute_size=256 vec_cycles=1
[2026-07-06 00:31:27.541] [info] VECTOR DEBUG: opcode=14 compute_size=225 vec_cycles=1
[2026-07-06 00:31:27.541] [info] VECTOR DEBUG: opcode=10 compute_size=226 vec_cycles=1
[2026-07-06 00:31:27.541] [info] VECTOR DEBUG: opcode=15 compute_size=452 vec_cycles=1
[2026-07-06 00:31:27.541] [info] VECTOR DEBUG: opcode=14 compute_size=448 vec_cycles=1
[2026-07-06 00:31:27.542] [info] VECTOR DEBUG: opcode=12 compute_size=448 vec_cycles=1
[2026-07-06 00:31:27.542] [info] VECTOR DEBUG: opcode=13 compute_size=4 vec_cycles=1
[2026-07-06 00:31:27.542] [info] VECTOR DEBUG: opcode=11 compute_size=448 vec_cycles=1
[2026-07-06 00:31:27.542] [info] VECTOR DEBUG: opcode=13 compute_size=4 vec_cycles=1
[2026-07-06 00:31:27.542] [info] VECTOR DEBUG: opcode=14 compute_size=225 vec_cycles=1
[2026-07-06 00:31:27.542] [info] VECTOR DEBUG: opcode=10 compute_size=226 vec_cycles=1
[2026-07-06 00:31:27.542] [info] VECTOR DEBUG: opcode=15 compute_size=452 vec_cycles=1
[2026-07-06 00:31:27.542] [info] VECTOR DEBUG: opcode=14 compute_size=448 vec_cycles=1
[2026-07-06 00:31:27.542] [info] VECTOR DEBUG: opcode=12 compute_size=448 vec_cycles=1
[2026-07-06 00:31:27.542] [info] VECTOR DEBUG: opcode=13 compute_size=4 vec_cycles=1
[2026-07-06 00:31:27.542] [info] VECTOR DEBUG: opcode=11 compute_size=448 vec_cycles=1
[2026-07-06 00:31:27.542] [info] VECTOR DEBUG: opcode=14 compute_size=225 vec_cycles=1
[2026-07-06 00:31:27.542] [info] VECTOR DEBUG: opcode=13 compute_size=4 vec_cycles=1
[2026-07-06 00:31:27.542] [info] VECTOR DEBUG: opcode=10 compute_size=226 vec_cycles=1
[2026-07-06 00:31:27.542] [info] VECTOR DEBUG: opcode=15 compute_size=452 vec_cycles=1
[2026-07-06 00:31:27.542] [info] VECTOR DEBUG: opcode=14 compute_size=448 vec_cycles=1
[2026-07-06 00:31:27.542] [info] VECTOR DEBUG: opcode=12 compute_size=448 vec_cycles=1
[2026-07-06 00:31:27.542] [info] VECTOR DEBUG: opcode=13 compute_size=4 vec_cycles=1
[2026-07-06 00:31:27.542] [info] VECTOR DEBUG: opcode=11 compute_size=448 vec_cycles=1
[2026-07-06 00:31:27.542] [info] VECTOR DEBUG: opcode=13 compute_size=4 vec_cycles=1
[2026-07-06 00:31:27.542] [info] VECTOR DEBUG: opcode=14 compute_size=225 vec_cycles=1
[2026-07-06 00:31:27.542] [info] VECTOR DEBUG: opcode=10 compute_size=226 vec_cycles=1
[2026-07-06 00:31:27.542] [info] VECTOR DEBUG: opcode=15 compute_size=452 vec_cycles=1
[2026-07-06 00:31:27.542] [info] VECTOR DEBUG: opcode=14 compute_size=448 vec_cycles=1
[2026-07-06 00:31:27.542] [info] VECTOR DEBUG: opcode=12 compute_size=448 vec_cycles=1
[2026-07-06 00:31:27.542] [info] VECTOR DEBUG: opcode=13 compute_size=4 vec_cycles=1
[2026-07-06 00:31:27.542] [info] VECTOR DEBUG: opcode=11 compute_size=448 vec_cycles=1
[2026-07-06 00:31:27.542] [info] VECTOR DEBUG: opcode=13 compute_size=4 vec_cycles=1
[2026-07-06 00:31:27.545] [info] VECTOR DEBUG: opcode=11 compute_size=256 vec_cycles=1
[2026-07-06 00:31:27.545] [info] VECTOR DEBUG: opcode=11 compute_size=256 vec_cycles=1
[2026-07-06 00:31:27.545] [info] VECTOR DEBUG: opcode=11 compute_size=256 vec_cycles=1
[2026-07-06 00:31:27.546] [info] VECTOR DEBUG: opcode=11 compute_size=256 vec_cycles=1
[2026-07-06 00:31:27.546] [info] Layer layer0.attn.Attention.0 finish at 697384
[2026-07-06 00:31:27.546] [info] Total compute time 2472
[2026-07-06 00:31:27.546] [info] executable layer count 1
[2026-07-06 00:31:27.546] [info] Start layer layer0.attn.Atccat
[2026-07-06 00:31:27.546] [info] Layer layer0.attn.Atccat finish at 697385
[2026-07-06 00:31:27.546] [info] Total compute time 1
[2026-07-06 00:31:27.546] [info] executable layer count 1
[2026-07-06 00:31:27.546] [info] Start layer layer0.attn.proj
[2026-07-06 00:31:28.141] [info] Layer layer0.attn.proj finish at 701225
[2026-07-06 00:31:28.141] [info] Total compute time 3840
[2026-07-06 00:31:28.141] [info] executable layer count 1
[2026-07-06 00:31:28.141] [info] Start layer layer0.attn.ln
[2026-07-06 00:31:28.142] [info] VECTOR DEBUG: opcode=9 compute_size=0 vec_cycles=5
[2026-07-06 00:31:28.142] [info] VECTOR DEBUG: opcode=10 compute_size=0 vec_cycles=0
[2026-07-06 00:31:28.142] [info] Layer layer0.attn.ln finish at 701282
[2026-07-06 00:31:28.142] [info] Total compute time 57
[2026-07-06 00:31:28.142] [info] executable layer count 1
[2026-07-06 00:31:28.142] [info] Start layer layer0.ffn.fc1
[2026-07-06 00:31:29.852] [info] HBM2-CH_0: BW utilization 44% (4243 reads, 9 writes)
[2026-07-06 00:31:30.043] [info] Core [0] : MatMul active cycle 12 Vector active cycle 11 
[2026-07-06 00:31:30.043] [info] Core [0] : issued tile 1 
[2026-07-06 00:31:30.043] [info] Core [0] : Memory unit idle cycle 4446 Systolic bubble cycle 0 Core idle cycle 62 
[2026-07-06 00:31:30.043] [info] Core [0] : Systolic Array Utilization(%) 29.06 (0.15% PE util), Vector Unit Utilization(%) 0.14, Total cycle: 704000
[2026-07-06 00:31:33.541] [info] HBM2-CH_0: BW utilization 50% (4840 reads, 0 writes)
[2026-07-06 00:31:33.648] [info] Core [0] : MatMul active cycle 0 Vector active cycle 0 
[2026-07-06 00:31:33.648] [info] Core [0] : issued tile 1 
[2026-07-06 00:31:33.648] [info] Core [0] : Memory unit idle cycle 6711 Systolic bubble cycle 0 Core idle cycle 0 
[2026-07-06 00:31:33.648] [info] Core [0] : Systolic Array Utilization(%) 0.00 (0.00% PE util), Vector Unit Utilization(%) 0.00, Total cycle: 712000
[2026-07-06 00:31:34.360] [info] Layer layer0.ffn.fc1 finish at 719372
[2026-07-06 00:31:34.360] [info] Total compute time 18090
[2026-07-06 00:31:34.360] [info] executable layer count 1
[2026-07-06 00:31:34.360] [info] Start layer layer0.ffn.act
[2026-07-06 00:31:34.364] [info] VECTOR DEBUG: opcode=10 compute_size=6144 vec_cycles=1
[2026-07-06 00:31:34.364] [info] VECTOR DEBUG: opcode=6 compute_size=6144 vec_cycles=1
[2026-07-06 00:31:34.364] [info] Layer layer0.ffn.act finish at 719473
[2026-07-06 00:31:34.364] [info] Total compute time 101
[2026-07-06 00:31:34.364] [info] executable layer count 1
[2026-07-06 00:31:34.364] [info] Start layer layer0.ffn.fc2
[2026-07-06 00:31:34.430] [info] HBM2-CH_0: BW utilization 29% (2852 reads, 12 writes)
[2026-07-06 00:31:34.517] [info] Core [0] : MatMul active cycle 24 Vector active cycle 0 
[2026-07-06 00:31:34.517] [info] Core [0] : issued tile 2 
[2026-07-06 00:31:34.517] [info] Core [0] : Memory unit idle cycle 7471 Systolic bubble cycle 0 Core idle cycle 85 
[2026-07-06 00:31:34.517] [info] Core [0] : Systolic Array Utilization(%) 40.03 (0.30% PE util), Vector Unit Utilization(%) 0.00, Total cycle: 720000
[2026-07-06 00:31:38.705] [info] HBM2-CH_0: BW utilization 52% (5021 reads, 0 writes)
[2026-07-06 00:31:38.820] [info] Core [0] : MatMul active cycle 0 Vector active cycle 0 
[2026-07-06 00:31:38.820] [info] Core [0] : issued tile 2 
[2026-07-06 00:31:38.820] [info] Core [0] : Memory unit idle cycle 0 Systolic bubble cycle 0 Core idle cycle 0 
[2026-07-06 00:31:38.820] [info] Core [0] : Systolic Array Utilization(%) 0.00 (0.00% PE util), Vector Unit Utilization(%) 0.00, Total cycle: 728000
[2026-07-06 00:31:40.441] [info] HBM2-CH_0: BW utilization 43% (4146 reads, 12 writes)
[2026-07-06 00:31:40.443] [info] Core [0] : MatMul active cycle 18 Vector active cycle 0 
[2026-07-06 00:31:40.443] [info] Core [0] : issued tile 2 
[2026-07-06 00:31:40.443] [info] Core [0] : Memory unit idle cycle 5337 Systolic bubble cycle 0 Core idle cycle 0 
[2026-07-06 00:31:40.443] [info] Core [0] : Systolic Array Utilization(%) 31.50 (0.22% PE util), Vector Unit Utilization(%) 0.00, Total cycle: 736000
[2026-07-06 00:31:40.468] [info] Layer layer0.ffn.fc2 finish at 739800
[2026-07-06 00:31:40.468] [info] Total compute time 20327
[2026-07-06 00:31:40.468] [info] executable layer count 1
[2026-07-06 00:31:40.468] [info] Start layer layer0.ffn.ln
[2026-07-06 00:31:40.470] [info] VECTOR DEBUG: opcode=9 compute_size=0 vec_cycles=5
[2026-07-06 00:31:40.470] [info] VECTOR DEBUG: opcode=10 compute_size=0 vec_cycles=0
[2026-07-06 00:31:40.470] [info] Layer layer0.ffn.ln finish at 739858
[2026-07-06 00:31:40.470] [info] Total compute time 58
[2026-07-06 00:31:40.470] [info] Model[opt-125m] Request: 680 us, Start: 680 us, finish:739 us, Current Cycle:739858
[2026-07-06 00:31:40.470] [info] No total_seq_len!
[2026-07-06 00:31:40.470] [info] Total Memory Usage: 0.09 GB
[2026-07-06 00:31:40.470] [info] Weight Memory Usage: 0.09 GB
[2026-07-06 00:31:40.470] [info] KV Memory Usage: 0.00 GB
[2026-07-06 00:31:40.470] [info] Activation Memory Usage: 0.00 GB
[2026-07-06 00:31:40.470] [info] [GEMM] spad_size: 33554432 accum_size: 4194304
[2026-07-06 00:31:40.470] [info] [GEMM] required_sram_size: 983040 required_accum_size: 131072
[2026-07-06 00:31:40.470] [info] [GEMM] Used gemmini gemm mapping: Total N:1 C:768 M:2304, Outer N:1 C:1 M:5, Inner N:128 C:768 M:512
[2026-07-06 00:31:40.484] [info] [GemmWs] Keys K = 768, N = 1, M = 2304
[2026-07-06 00:31:40.484] [info] [GemmWS]: total 0.003541248 GFLOPs, 0.003549696 GB
[2026-07-06 00:31:40.484] [info] [GemmWS]: Theoretical time(ms): 0.005781263553217286 Compute time: 2.7017577508559043e-05 Memory time: 0.005781263553217286
[2026-07-06 00:31:40.484] [info] [Attention] total_spad_size_per_head: 29056 B
[2026-07-06 00:31:40.484] [info] [Attention] total_acc_size_per_head: 226 B
[2026-07-06 00:31:40.484] [info] [Attention] q_len: 1, seq_len: 113, dk: 64, heads per tile 1
[2026-07-06 00:31:40.484] [info] [Attention] Spad size 16777216
[2026-07-06 00:31:40.484] [info] [Attention] Accum spad size 2097152
[2026-07-06 00:31:40.484] [info] Mapping info Total Loop: N12 C64 M113 S1 R1 Q1 P1 Tile Out Loop: N12 C1 M1 S1 R1 Q1 P1 Tile In Loop: N1 C64 M113 S1 R1 Q1 P1
[2026-07-06 00:31:40.489] [info] [Attention] QK 0.000173568 GFLOPs
[2026-07-06 00:31:40.489] [info] [Attention] total 0.000360696 GFLOPs, 0.000350208 GB
[2026-07-06 00:31:40.489] [info] [Attention] Theoretical time(ms): 0.0005703713 Compute time: 4.3037107e-06 Memory time: 0.0005703713
[2026-07-06 00:31:40.489] [info] [Attention] QK compute 0.0000ms Softmax compute 0.0000ms SV compute 0.0000ms
[2026-07-06 00:31:40.489] [info] [GEMM] spad_size: 33554432 accum_size: 4194304
[2026-07-06 00:31:40.489] [info] [GEMM] required_sram_size: 393216 required_accum_size: 32768
[2026-07-06 00:31:40.489] [info] [GEMM] Used gemmini gemm mapping: Total N:1 C:768 M:768, Outer N:1 C:1 M:6, Inner N:128 C:768 M:128
[2026-07-06 00:31:40.494] [info] [GemmWs] Keys K = 768, N = 1, M = 768
[2026-07-06 00:31:40.494] [info] [GemmWS]: total 0.0011804161 GFLOPs, 0.0011842559 GB
[2026-07-06 00:31:40.494] [info] [GemmWS]: Theoretical time(ms): 0.0019287556369818049 Compute time: 9.0058600576981e-06 Memory time: 0.0019287556369818049
[2026-07-06 00:31:40.494] [info] [SkipLayerNorm] tokens_per_tile: 1
[2026-07-06 00:31:40.494] [info] [GEMM] spad_size: 33554432 accum_size: 4194304
[2026-07-06 00:31:40.494] [info] [GEMM] required_sram_size: 983040 required_accum_size: 131072
[2026-07-06 00:31:40.494] [info] [GEMM] Used gemmini gemm mapping: Total N:1 C:768 M:3072, Outer N:1 C:1 M:6, Inner N:128 C:768 M:512
[2026-07-06 00:31:40.514] [info] [GemmWs] Keys K = 768, N = 1, M = 3072
[2026-07-06 00:31:40.514] [info] [GemmWS]: total 0.0047185924 GFLOPs, 0.004726272 GB
[2026-07-06 00:31:40.514] [info] [GemmWS]: Theoretical time(ms): 0.0076975111369392835 Compute time: 3.6000002978653356e-05 Memory time: 0.0076975111369392835
[2026-07-06 00:31:40.514] [info] [BiasAct] tokens_per_tile: 1
[2026-07-06 00:31:40.514] [info] [GEMM] spad_size: 33554432 accum_size: 4194304
[2026-07-06 00:31:40.514] [info] [GEMM] required_sram_size: 1572864 required_accum_size: 32768
[2026-07-06 00:31:40.514] [info] [GEMM] Used gemmini gemm mapping: Total N:1 C:3072 M:768, Outer N:1 C:1 M:6, Inner N:128 C:3072 M:128
[2026-07-06 00:31:40.541] [info] [GemmWs] Keys K = 3072, N = 1, M = 768
[2026-07-06 00:31:40.541] [info] [GemmWS]: total 0.0047193603 GFLOPs, 0.0047278083 GB
[2026-07-06 00:31:40.541] [info] [GemmWS]: Theoretical time(ms): 0.007700013156863861 Compute time: 3.60058614035097e-05 Memory time: 0.007700013156863861
[2026-07-06 00:31:40.541] [info] [SkipLayerNorm] tokens_per_tile: 1
[2026-07-06 00:31:40.541] [info]  Model initialization time: 0.071611 seconds
[2026-07-06 00:31:40.541] [info] Schedule model: opt-125m at 739860000 us
[2026-07-06 00:31:40.541] [info] MODEL opt-125m Scheduled, Total Request: 1
[2026-07-06 00:31:40.541] [info] executable layer count 1
[2026-07-06 00:31:40.541] [info] Start layer layer0.attn.QKVgen
[2026-07-06 00:31:42.906] [info] HBM2-CH_0: BW utilization 26% (2564 reads, 5 writes)
[2026-07-06 00:31:43.038] [info] Core [0] : MatMul active cycle 30 Vector active cycle 6 
[2026-07-06 00:31:43.038] [info] Core [0] : issued tile 1 
[2026-07-06 00:31:43.038] [info] Core [0] : Memory unit idle cycle 4047 Systolic bubble cycle 0 Core idle cycle 28 
[2026-07-06 00:31:43.038] [info] Core [0] : Systolic Array Utilization(%) 46.92 (0.38% PE util), Vector Unit Utilization(%) 0.08, Total cycle: 744000
[2026-07-06 00:31:44.716] [info] HBM2-CH_0: BW utilization 45% (4377 reads, 2 writes)
[2026-07-06 00:31:44.718] [info] Core [0] : MatMul active cycle 7 Vector active cycle 0 
[2026-07-06 00:31:44.718] [info] Core [0] : issued tile 1 
[2026-07-06 00:31:44.718] [info] Core [0] : Memory unit idle cycle 7999 Systolic bubble cycle 0 Core idle cycle 0 
[2026-07-06 00:31:44.718] [info] Core [0] : Systolic Array Utilization(%) 13.09 (0.09% PE util), Vector Unit Utilization(%) 0.00, Total cycle: 752000
[2026-07-06 00:31:44.734] [info] Layer layer0.attn.QKVgen finish at 754279
[2026-07-06 00:31:44.734] [info] Total compute time 14420
[2026-07-06 00:31:44.734] [info] executable layer count 1
[2026-07-06 00:31:44.734] [info] Start layer layer0.attn.KVccat
[2026-07-06 00:31:44.734] [info] Layer layer0.attn.KVccat finish at 754280
[2026-07-06 00:31:44.734] [info] Total compute time 1
[2026-07-06 00:31:44.734] [info] executable layer count 1
[2026-07-06 00:31:44.734] [info] Start layer layer0.attn.Attention.0
[2026-07-06 00:31:44.859] [info] VECTOR DEBUG: opcode=14 compute_size=227 vec_cycles=1
[2026-07-06 00:31:44.859] [info] VECTOR DEBUG: opcode=10 compute_size=228 vec_cycles=1
[2026-07-06 00:31:44.859] [info] VECTOR DEBUG: opcode=15 compute_size=456 vec_cycles=1
[2026-07-06 00:31:44.859] [info] VECTOR DEBUG: opcode=14 compute_size=227 vec_cycles=1
[2026-07-06 00:31:44.859] [info] VECTOR DEBUG: opcode=14 compute_size=452 vec_cycles=1
[2026-07-06 00:31:44.859] [info] VECTOR DEBUG: opcode=10 compute_size=228 vec_cycles=1
[2026-07-06 00:31:44.859] [info] VECTOR DEBUG: opcode=12 compute_size=452 vec_cycles=1
[2026-07-06 00:31:44.859] [info] VECTOR DEBUG: opcode=15 compute_size=456 vec_cycles=1
[2026-07-06 00:31:44.859] [info] VECTOR DEBUG: opcode=13 compute_size=4 vec_cycles=1
[2026-07-06 00:31:44.859] [info] VECTOR DEBUG: opcode=14 compute_size=452 vec_cycles=1
[2026-07-06 00:31:44.859] [info] VECTOR DEBUG: opcode=11 compute_size=452 vec_cycles=1
[2026-07-06 00:31:44.859] [info] VECTOR DEBUG: opcode=12 compute_size=452 vec_cycles=1
[2026-07-06 00:31:44.859] [info] VECTOR DEBUG: opcode=13 compute_size=4 vec_cycles=1
[2026-07-06 00:31:44.859] [info] VECTOR DEBUG: opcode=13 compute_size=4 vec_cycles=1
[2026-07-06 00:31:44.859] [info] VECTOR DEBUG: opcode=11 compute_size=452 vec_cycles=1
[2026-07-06 00:31:44.859] [info] VECTOR DEBUG: opcode=13 compute_size=4 vec_cycles=1
[2026-07-06 00:31:44.859] [info] VECTOR DEBUG: opcode=14 compute_size=227 vec_cycles=1
[2026-07-06 00:31:44.859] [info] VECTOR DEBUG: opcode=10 compute_size=228 vec_cycles=1
[2026-07-06 00:31:44.859] [info] VECTOR DEBUG: opcode=15 compute_size=456 vec_cycles=1
[2026-07-06 00:31:44.859] [info] VECTOR DEBUG: opcode=14 compute_size=452 vec_cycles=1
[2026-07-06 00:31:44.859] [info] VECTOR DEBUG: opcode=12 compute_size=452 vec_cycles=1
[2026-07-06 00:31:44.859] [info] VECTOR DEBUG: opcode=13 compute_size=4 vec_cycles=1
[2026-07-06 00:31:44.859] [info] VECTOR DEBUG: opcode=11 compute_size=452 vec_cycles=1
[2026-07-06 00:31:44.859] [info] VECTOR DEBUG: opcode=13 compute_size=4 vec_cycles=1
[2026-07-06 00:31:44.859] [info] VECTOR DEBUG: opcode=14 compute_size=227 vec_cycles=1
[2026-07-06 00:31:44.859] [info] VECTOR DEBUG: opcode=10 compute_size=228 vec_cycles=1
[2026-07-06 00:31:44.859] [info] VECTOR DEBUG: opcode=15 compute_size=456 vec_cycles=1
[2026-07-06 00:31:44.859] [info] VECTOR DEBUG: opcode=14 compute_size=452 vec_cycles=1
[2026-07-06 00:31:44.859] [info] VECTOR DEBUG: opcode=12 compute_size=452 vec_cycles=1
[2026-07-06 00:31:44.859] [info] VECTOR DEBUG: opcode=13 compute_size=4 vec_cycles=1
[2026-07-06 00:31:44.859] [info] VECTOR DEBUG: opcode=11 compute_size=452 vec_cycles=1
[2026-07-06 00:31:44.859] [info] VECTOR DEBUG: opcode=13 compute_size=4 vec_cycles=1
[2026-07-06 00:31:44.860] [info] VECTOR DEBUG: opcode=14 compute_size=227 vec_cycles=1
[2026-07-06 00:31:44.860] [info] VECTOR DEBUG: opcode=10 compute_size=228 vec_cycles=1
[2026-07-06 00:31:44.860] [info] VECTOR DEBUG: opcode=15 compute_size=456 vec_cycles=1
[2026-07-06 00:31:44.860] [info] VECTOR DEBUG: opcode=14 compute_size=227 vec_cycles=1
[2026-07-06 00:31:44.860] [info] VECTOR DEBUG: opcode=14 compute_size=452 vec_cycles=1
[2026-07-06 00:31:44.860] [info] VECTOR DEBUG: opcode=10 compute_size=228 vec_cycles=1
[2026-07-06 00:31:44.860] [info] VECTOR DEBUG: opcode=12 compute_size=452 vec_cycles=1
[2026-07-06 00:31:44.860] [info] VECTOR DEBUG: opcode=15 compute_size=456 vec_cycles=1
[2026-07-06 00:31:44.860] [info] VECTOR DEBUG: opcode=13 compute_size=4 vec_cycles=1
[2026-07-06 00:31:44.860] [info] VECTOR DEBUG: opcode=14 compute_size=452 vec_cycles=1
[2026-07-06 00:31:44.860] [info] VECTOR DEBUG: opcode=11 compute_size=452 vec_cycles=1
[2026-07-06 00:31:44.860] [info] VECTOR DEBUG: opcode=12 compute_size=452 vec_cycles=1
[2026-07-06 00:31:44.860] [info] VECTOR DEBUG: opcode=13 compute_size=4 vec_cycles=1
[2026-07-06 00:31:44.860] [info] VECTOR DEBUG: opcode=13 compute_size=4 vec_cycles=1
[2026-07-06 00:31:44.860] [info] VECTOR DEBUG: opcode=11 compute_size=452 vec_cycles=1
[2026-07-06 00:31:44.860] [info] VECTOR DEBUG: opcode=13 compute_size=4 vec_cycles=1
[2026-07-06 00:31:44.860] [info] VECTOR DEBUG: opcode=14 compute_size=227 vec_cycles=1
[2026-07-06 00:31:44.860] [info] VECTOR DEBUG: opcode=10 compute_size=228 vec_cycles=1
[2026-07-06 00:31:44.860] [info] VECTOR DEBUG: opcode=15 compute_size=456 vec_cycles=1
[2026-07-06 00:31:44.860] [info] VECTOR DEBUG: opcode=14 compute_size=452 vec_cycles=1
[2026-07-06 00:31:44.860] [info] VECTOR DEBUG: opcode=12 compute_size=452 vec_cycles=1
[2026-07-06 00:31:44.860] [info] VECTOR DEBUG: opcode=13 compute_size=4 vec_cycles=1
[2026-07-06 00:31:44.860] [info] VECTOR DEBUG: opcode=11 compute_size=452 vec_cycles=1
[2026-07-06 00:31:44.860] [info] VECTOR DEBUG: opcode=13 compute_size=4 vec_cycles=1
[2026-07-06 00:31:44.860] [info] VECTOR DEBUG: opcode=14 compute_size=227 vec_cycles=1
[2026-07-06 00:31:44.860] [info] VECTOR DEBUG: opcode=10 compute_size=228 vec_cycles=1
[2026-07-06 00:31:44.860] [info] VECTOR DEBUG: opcode=15 compute_size=456 vec_cycles=1
[2026-07-06 00:31:44.860] [info] VECTOR DEBUG: opcode=14 compute_size=452 vec_cycles=1
[2026-07-06 00:31:44.860] [info] VECTOR DEBUG: opcode=12 compute_size=452 vec_cycles=1
[2026-07-06 00:31:44.860] [info] VECTOR DEBUG: opcode=13 compute_size=4 vec_cycles=1
[2026-07-06 00:31:44.860] [info] VECTOR DEBUG: opcode=11 compute_size=452 vec_cycles=1
[2026-07-06 00:31:44.860] [info] VECTOR DEBUG: opcode=13 compute_size=4 vec_cycles=1
[2026-07-06 00:31:44.861] [info] VECTOR DEBUG: opcode=11 compute_size=256 vec_cycles=1
[2026-07-06 00:31:44.861] [info] VECTOR DEBUG: opcode=11 compute_size=256 vec_cycles=1
[2026-07-06 00:31:44.862] [info] VECTOR DEBUG: opcode=11 compute_size=256 vec_cycles=1
[2026-07-06 00:31:44.869] [info] VECTOR DEBUG: opcode=11 compute_size=256 vec_cycles=1
[2026-07-06 00:31:44.885] [info] VECTOR DEBUG: opcode=11 compute_size=256 vec_cycles=1
[2026-07-06 00:31:44.887] [info] VECTOR DEBUG: opcode=11 compute_size=256 vec_cycles=1
[2026-07-06 00:31:44.891] [info] VECTOR DEBUG: opcode=11 compute_size=256 vec_cycles=1
[2026-07-06 00:31:44.899] [info] VECTOR DEBUG: opcode=11 compute_size=256 vec_cycles=1
[2026-07-06 00:31:44.918] [info] VECTOR DEBUG: opcode=14 compute_size=227 vec_cycles=1
[2026-07-06 00:31:44.918] [info] VECTOR DEBUG: opcode=10 compute_size=228 vec_cycles=1
[2026-07-06 00:31:44.918] [info] VECTOR DEBUG: opcode=15 compute_size=456 vec_cycles=1
[2026-07-06 00:31:44.918] [info] VECTOR DEBUG: opcode=14 compute_size=452 vec_cycles=1
[2026-07-06 00:31:44.918] [info] VECTOR DEBUG: opcode=12 compute_size=452 vec_cycles=1
[2026-07-06 00:31:44.918] [info] VECTOR DEBUG: opcode=13 compute_size=4 vec_cycles=1
[2026-07-06 00:31:44.918] [info] VECTOR DEBUG: opcode=11 compute_size=452 vec_cycles=1
[2026-07-06 00:31:44.918] [info] VECTOR DEBUG: opcode=13 compute_size=4 vec_cycles=1
[2026-07-06 00:31:44.919] [info] VECTOR DEBUG: opcode=14 compute_size=227 vec_cycles=1
[2026-07-06 00:31:44.919] [info] VECTOR DEBUG: opcode=10 compute_size=228 vec_cycles=1
[2026-07-06 00:31:44.919] [info] VECTOR DEBUG: opcode=15 compute_size=456 vec_cycles=1
[2026-07-06 00:31:44.919] [info] VECTOR DEBUG: opcode=14 compute_size=452 vec_cycles=1
[2026-07-06 00:31:44.919] [info] VECTOR DEBUG: opcode=12 compute_size=452 vec_cycles=1
[2026-07-06 00:31:44.919] [info] VECTOR DEBUG: opcode=13 compute_size=4 vec_cycles=1
[2026-07-06 00:31:44.919] [info] VECTOR DEBUG: opcode=14 compute_size=227 vec_cycles=1
[2026-07-06 00:31:44.919] [info] VECTOR DEBUG: opcode=11 compute_size=452 vec_cycles=1
[2026-07-06 00:31:44.919] [info] VECTOR DEBUG: opcode=10 compute_size=228 vec_cycles=1
[2026-07-06 00:31:44.919] [info] VECTOR DEBUG: opcode=13 compute_size=4 vec_cycles=1
[2026-07-06 00:31:44.919] [info] VECTOR DEBUG: opcode=15 compute_size=456 vec_cycles=1
[2026-07-06 00:31:44.919] [info] VECTOR DEBUG: opcode=14 compute_size=452 vec_cycles=1
[2026-07-06 00:31:44.919] [info] VECTOR DEBUG: opcode=12 compute_size=452 vec_cycles=1
[2026-07-06 00:31:44.919] [info] VECTOR DEBUG: opcode=13 compute_size=4 vec_cycles=1
[2026-07-06 00:31:44.919] [info] VECTOR DEBUG: opcode=11 compute_size=452 vec_cycles=1
[2026-07-06 00:31:44.919] [info] VECTOR DEBUG: opcode=13 compute_size=4 vec_cycles=1
[2026-07-06 00:31:44.919] [info] VECTOR DEBUG: opcode=14 compute_size=227 vec_cycles=1
[2026-07-06 00:31:44.919] [info] VECTOR DEBUG: opcode=10 compute_size=228 vec_cycles=1
[2026-07-06 00:31:44.919] [info] VECTOR DEBUG: opcode=15 compute_size=456 vec_cycles=1
[2026-07-06 00:31:44.919] [info] VECTOR DEBUG: opcode=14 compute_size=452 vec_cycles=1
[2026-07-06 00:31:44.919] [info] VECTOR DEBUG: opcode=12 compute_size=452 vec_cycles=1
[2026-07-06 00:31:44.919] [info] VECTOR DEBUG: opcode=13 compute_size=4 vec_cycles=1
[2026-07-06 00:31:44.919] [info] VECTOR DEBUG: opcode=11 compute_size=452 vec_cycles=1
[2026-07-06 00:31:44.919] [info] VECTOR DEBUG: opcode=13 compute_size=4 vec_cycles=1
[2026-07-06 00:31:44.922] [info] VECTOR DEBUG: opcode=11 compute_size=256 vec_cycles=1
[2026-07-06 00:31:44.922] [info] VECTOR DEBUG: opcode=11 compute_size=256 vec_cycles=1
[2026-07-06 00:31:44.922] [info] VECTOR DEBUG: opcode=11 compute_size=256 vec_cycles=1
[2026-07-06 00:31:44.923] [info] VECTOR DEBUG: opcode=11 compute_size=256 vec_cycles=1
[2026-07-06 00:31:44.923] [info] Layer layer0.attn.Attention.0 finish at 756722
[2026-07-06 00:31:44.923] [info] Total compute time 2442
[2026-07-06 00:31:44.923] [info] executable layer count 1
[2026-07-06 00:31:44.923] [info] Start layer layer0.attn.Atccat
[2026-07-06 00:31:44.923] [info] Layer layer0.attn.Atccat finish at 756723
[2026-07-06 00:31:44.923] [info] Total compute time 1
[2026-07-06 00:31:44.923] [info] executable layer count 1
[2026-07-06 00:31:44.923] [info] Start layer layer0.attn.proj
[2026-07-06 00:31:45.509] [info] HBM2-CH_0: BW utilization 31% (3017 reads, 11 writes)
[2026-07-06 00:31:45.512] [info] Core [0] : MatMul active cycle 23 Vector active cycle 27 
[2026-07-06 00:31:45.512] [info] Core [0] : issued tile 0 
[2026-07-06 00:31:45.512] [info] Core [0] : Memory unit idle cycle 7434 Systolic bubble cycle 273 Core idle cycle 379 
[2026-07-06 00:31:45.512] [info] Core [0] : Systolic Array Utilization(%) 52.85 (0.29% PE util), Vector Unit Utilization(%) 0.34, Total cycle: 760000
[2026-07-06 00:31:45.515] [info] Layer layer0.attn.proj finish at 760593
[2026-07-06 00:31:45.516] [info] Total compute time 3870
[2026-07-06 00:31:45.516] [info] executable layer count 1
[2026-07-06 00:31:45.516] [info] Start layer layer0.attn.ln
[2026-07-06 00:31:45.517] [info] VECTOR DEBUG: opcode=9 compute_size=0 vec_cycles=5
[2026-07-06 00:31:45.517] [info] VECTOR DEBUG: opcode=10 compute_size=0 vec_cycles=0
[2026-07-06 00:31:45.517] [info] Layer layer0.attn.ln finish at 760649
[2026-07-06 00:31:45.517] [info] Total compute time 56
[2026-07-06 00:31:45.517] [info] executable layer count 1
[2026-07-06 00:31:45.517] [info] Start layer layer0.ffn.fc1
[2026-07-06 00:31:49.298] [info] HBM2-CH_0: BW utilization 46% (4451 reads, 5 writes)
[2026-07-06 00:31:49.424] [info] Core [0] : MatMul active cycle 0 Vector active cycle 0 
[2026-07-06 00:31:49.424] [info] Core [0] : issued tile 2 
[2026-07-06 00:31:49.424] [info] Core [0] : Memory unit idle cycle 651 Systolic bubble cycle 0 Core idle cycle 650 
[2026-07-06 00:31:49.424] [info] Core [0] : Systolic Array Utilization(%) 0.00 (0.00% PE util), Vector Unit Utilization(%) 0.00, Total cycle: 768000
[2026-07-06 00:31:51.505] [info] HBM2-CH_0: BW utilization 49% (4773 reads, 0 writes)
[2026-07-06 00:31:51.511] [info] Core [0] : MatMul active cycle 24 Vector active cycle 0 
[2026-07-06 00:31:51.511] [info] Core [0] : issued tile 1 
[2026-07-06 00:31:51.511] [info] Core [0] : Memory unit idle cycle 4153 Systolic bubble cycle 0 Core idle cycle 0 
[2026-07-06 00:31:51.511] [info] Core [0] : Systolic Array Utilization(%) 43.10 (0.30% PE util), Vector Unit Utilization(%) 0.00, Total cycle: 776000
[2026-07-06 00:31:51.533] [info] Layer layer0.ffn.fc1 finish at 779238
[2026-07-06 00:31:51.533] [info] Total compute time 18589
[2026-07-06 00:31:51.534] [info] executable layer count 1
[2026-07-06 00:31:51.534] [info] Start layer layer0.ffn.act
[2026-07-06 00:31:51.537] [info] VECTOR DEBUG: opcode=10 compute_size=6144 vec_cycles=1
[2026-07-06 00:31:51.537] [info] VECTOR DEBUG: opcode=6 compute_size=6144 vec_cycles=1
[2026-07-06 00:31:51.537] [info] Layer layer0.ffn.act finish at 779319
[2026-07-06 00:31:51.537] [info] Total compute time 81
[2026-07-06 00:31:51.537] [info] executable layer count 1
[2026-07-06 00:31:51.537] [info] Start layer layer0.ffn.fc2
[2026-07-06 00:31:54.214] [info] HBM2-CH_0: BW utilization 30% (2878 reads, 15 writes)
[2026-07-06 00:31:54.355] [info] Core [0] : MatMul active cycle 24 Vector active cycle 2 
[2026-07-06 00:31:54.355] [info] Core [0] : issued tile 1 
[2026-07-06 00:31:54.355] [info] Core [0] : Memory unit idle cycle 3765 Systolic bubble cycle 0 Core idle cycle 264 
[2026-07-06 00:31:54.355] [info] Core [0] : Systolic Array Utilization(%) 36.95 (0.30% PE util), Vector Unit Utilization(%) 0.03, Total cycle: 784000
[2026-07-06 00:31:57.221] [info] HBM2-CH_0: BW utilization 50% (4806 reads, 0 writes)
[2026-07-06 00:31:57.282] [info] Core [0] : MatMul active cycle 0 Vector active cycle 0 
[2026-07-06 00:31:57.282] [info] Core [0] : issued tile 1 
[2026-07-06 00:31:57.282] [info] Core [0] : Memory unit idle cycle 8000 Systolic bubble cycle 0 Core idle cycle 0 
[2026-07-06 00:31:57.282] [info] Core [0] : Systolic Array Utilization(%) 0.00 (0.00% PE util), Vector Unit Utilization(%) 0.00, Total cycle: 792000
[2026-07-06 00:31:57.661] [info] Layer layer0.ffn.fc2 finish at 799635
[2026-07-06 00:31:57.661] [info] Total compute time 20316
[2026-07-06 00:31:57.661] [info] executable layer count 1
[2026-07-06 00:31:57.661] [info] Start layer layer0.ffn.ln
[2026-07-06 00:31:57.662] [info] HBM2-CH_0: BW utilization 17% (1659 reads, 13 writes)
[2026-07-06 00:31:57.662] [info] VECTOR DEBUG: opcode=9 compute_size=0 vec_cycles=5
[2026-07-06 00:31:57.663] [info] VECTOR DEBUG: opcode=10 compute_size=0 vec_cycles=0
[2026-07-06 00:31:57.663] [info] Layer layer0.ffn.ln finish at 799694
[2026-07-06 00:31:57.663] [info] Total compute time 59
[2026-07-06 00:31:57.663] [info] Model[opt-125m] Request: 739 us, Start: 739 us, finish:799 us, Current Cycle:799694
[2026-07-06 00:31:57.663] [info] No total_seq_len!
[2026-07-06 00:31:57.663] [info] Total Memory Usage: 0.09 GB
[2026-07-06 00:31:57.663] [info] Weight Memory Usage: 0.09 GB
[2026-07-06 00:31:57.663] [info] KV Memory Usage: 0.00 GB
[2026-07-06 00:31:57.663] [info] Activation Memory Usage: 0.00 GB
[2026-07-06 00:31:57.663] [info] [GEMM] spad_size: 33554432 accum_size: 4194304
[2026-07-06 00:31:57.663] [info] [GEMM] required_sram_size: 983040 required_accum_size: 131072
[2026-07-06 00:31:57.663] [info] [GEMM] Used gemmini gemm mapping: Total N:1 C:768 M:2304, Outer N:1 C:1 M:5, Inner N:128 C:768 M:512
[2026-07-06 00:31:57.679] [info] [GemmWs] Keys K = 768, N = 1, M = 2304
[2026-07-06 00:31:57.679] [info] [GemmWS]: total 0.003541248 GFLOPs, 0.003549696 GB
[2026-07-06 00:31:57.679] [info] [GemmWS]: Theoretical time(ms): 0.005781263553217286 Compute time: 2.7017577508559043e-05 Memory time: 0.005781263553217286
[2026-07-06 00:31:57.679] [info] [Attention] total_spad_size_per_head: 29312 B
[2026-07-06 00:31:57.679] [info] [Attention] total_acc_size_per_head: 228 B
[2026-07-06 00:31:57.679] [info] [Attention] q_len: 1, seq_len: 114, dk: 64, heads per tile 1
[2026-07-06 00:31:57.679] [info] [Attention] Spad size 16777216
[2026-07-06 00:31:57.679] [info] [Attention] Accum spad size 2097152
[2026-07-06 00:31:57.679] [info] Mapping info Total Loop: N12 C64 M114 S1 R1 Q1 P1 Tile Out Loop: N12 C1 M1 S1 R1 Q1 P1 Tile In Loop: N1 C64 M114 S1 R1 Q1 P1
[2026-07-06 00:31:57.684] [info] [Attention] QK 0.000175104 GFLOPs
[2026-07-06 00:31:57.684] [info] [Attention] total 0.000363888 GFLOPs, 0.00035328 GB
[2026-07-06 00:31:57.684] [info] [Attention] Theoretical time(ms): 0.0005753746 Compute time: 4.3417967e-06 Memory time: 0.0005753746
[2026-07-06 00:31:57.684] [info] [Attention] QK compute 0.0000ms Softmax compute 0.0000ms SV compute 0.0000ms
[2026-07-06 00:31:57.684] [info] [GEMM] spad_size: 33554432 accum_size: 4194304
[2026-07-06 00:31:57.684] [info] [GEMM] required_sram_size: 393216 required_accum_size: 32768
[2026-07-06 00:31:57.684] [info] [GEMM] Used gemmini gemm mapping: Total N:1 C:768 M:768, Outer N:1 C:1 M:6, Inner N:128 C:768 M:128
[2026-07-06 00:31:57.690] [info] [GemmWs] Keys K = 768, N = 1, M = 768
[2026-07-06 00:31:57.690] [info] [GemmWS]: total 0.0011804161 GFLOPs, 0.0011842559 GB
[2026-07-06 00:31:57.690] [info] [GemmWS]: Theoretical time(ms): 0.0019287556369818049 Compute time: 9.0058600576981e-06 Memory time: 0.0019287556369818049
[2026-07-06 00:31:57.690] [info] [SkipLayerNorm] tokens_per_tile: 1
[2026-07-06 00:31:57.690] [info] [GEMM] spad_size: 33554432 accum_size: 4194304
[2026-07-06 00:31:57.690] [info] [GEMM] required_sram_size: 983040 required_accum_size: 131072
[2026-07-06 00:31:57.690] [info] [GEMM] Used gemmini gemm mapping: Total N:1 C:768 M:3072, Outer N:1 C:1 M:6, Inner N:128 C:768 M:512
[2026-07-06 00:31:57.710] [info] [GemmWs] Keys K = 768, N = 1, M = 3072
[2026-07-06 00:31:57.710] [info] [GemmWS]: total 0.0047185924 GFLOPs, 0.004726272 GB
[2026-07-06 00:31:57.710] [info] [GemmWS]: Theoretical time(ms): 0.0076975111369392835 Compute time: 3.6000002978653356e-05 Memory time: 0.0076975111369392835
[2026-07-06 00:31:57.710] [info] [BiasAct] tokens_per_tile: 1
[2026-07-06 00:31:57.711] [info] [GEMM] spad_size: 33554432 accum_size: 4194304
[2026-07-06 00:31:57.711] [info] [GEMM] required_sram_size: 1572864 required_accum_size: 32768
[2026-07-06 00:31:57.711] [info] [GEMM] Used gemmini gemm mapping: Total N:1 C:3072 M:768, Outer N:1 C:1 M:6, Inner N:128 C:3072 M:128
[2026-07-06 00:31:57.735] [info] [GemmWs] Keys K = 3072, N = 1, M = 768
[2026-07-06 00:31:57.735] [info] [GemmWS]: total 0.0047193603 GFLOPs, 0.0047278083 GB
[2026-07-06 00:31:57.735] [info] [GemmWS]: Theoretical time(ms): 0.007700013156863861 Compute time: 3.60058614035097e-05 Memory time: 0.007700013156863861
[2026-07-06 00:31:57.735] [info] [SkipLayerNorm] tokens_per_tile: 1
[2026-07-06 00:31:57.735] [info]  Model initialization time: 0.072619 seconds
[2026-07-06 00:31:57.735] [info] Schedule model: opt-125m at 799696000 us
[2026-07-06 00:31:57.735] [info] MODEL opt-125m Scheduled, Total Request: 1
[2026-07-06 00:31:57.735] [info] executable layer count 1
[2026-07-06 00:31:57.735] [info] Start layer layer0.attn.QKVgen
[2026-07-06 00:31:57.832] [info] Core [0] : MatMul active cycle 24 Vector active cycle 0 
[2026-07-06 00:31:57.832] [info] Core [0] : issued tile 1 
[2026-07-06 00:31:57.832] [info] Core [0] : Memory unit idle cycle 7695 Systolic bubble cycle 0 Core idle cycle 1721 
[2026-07-06 00:31:57.832] [info] Core [0] : Systolic Array Utilization(%) 40.03 (0.30% PE util), Vector Unit Utilization(%) 0.00, Total cycle: 800000
[2026-07-06 00:32:01.613] [info] HBM2-CH_0: BW utilization 52% (5000 reads, 3 writes)
[2026-07-06 00:32:01.704] [info] Core [0] : MatMul active cycle 0 Vector active cycle 0 
[2026-07-06 00:32:01.704] [info] Core [0] : issued tile 1 
[2026-07-06 00:32:01.704] [info] Core [0] : Memory unit idle cycle 4361 Systolic bubble cycle 0 Core idle cycle 0 
[2026-07-06 00:32:01.704] [info] Core [0] : Systolic Array Utilization(%) 0.00 (0.00% PE util), Vector Unit Utilization(%) 0.00, Total cycle: 808000
[2026-07-06 00:32:02.136] [info] Layer layer0.attn.QKVgen finish at 814983
[2026-07-06 00:32:02.137] [info] Total compute time 15288
[2026-07-06 00:32:02.137] [info] executable layer count 1
[2026-07-06 00:32:02.137] [info] Start layer layer0.attn.KVccat
[2026-07-06 00:32:02.137] [info] Layer layer0.attn.KVccat finish at 814985
[2026-07-06 00:32:02.137] [info] Total compute time 2
[2026-07-06 00:32:02.137] [info] executable layer count 1
[2026-07-06 00:32:02.137] [info] Start layer layer0.attn.Attention.0
[2026-07-06 00:32:02.270] [info] HBM2-CH_0: BW utilization 25% (2393 reads, 9 writes)
[2026-07-06 00:32:02.270] [info] VECTOR DEBUG: opcode=14 compute_size=229 vec_cycles=1
[2026-07-06 00:32:02.270] [info] VECTOR DEBUG: opcode=14 compute_size=229 vec_cycles=1
[2026-07-06 00:32:02.270] [info] VECTOR DEBUG: opcode=10 compute_size=230 vec_cycles=1
[2026-07-06 00:32:02.270] [info] VECTOR DEBUG: opcode=10 compute_size=230 vec_cycles=1
[2026-07-06 00:32:02.270] [info] VECTOR DEBUG: opcode=15 compute_size=460 vec_cycles=1
[2026-07-06 00:32:02.270] [info] VECTOR DEBUG: opcode=15 compute_size=460 vec_cycles=1
[2026-07-06 00:32:02.270] [info] VECTOR DEBUG: opcode=14 compute_size=456 vec_cycles=1
[2026-07-06 00:32:02.270] [info] VECTOR DEBUG: opcode=14 compute_size=456 vec_cycles=1
[2026-07-06 00:32:02.270] [info] VECTOR DEBUG: opcode=12 compute_size=456 vec_cycles=1
[2026-07-06 00:32:02.271] [info] VECTOR DEBUG: opcode=12 compute_size=456 vec_cycles=1
[2026-07-06 00:32:02.271] [info] VECTOR DEBUG: opcode=13 compute_size=4 vec_cycles=1
[2026-07-06 00:32:02.271] [info] VECTOR DEBUG: opcode=13 compute_size=4 vec_cycles=1
[2026-07-06 00:32:02.271] [info] VECTOR DEBUG: opcode=11 compute_size=456 vec_cycles=1
[2026-07-06 00:32:02.271] [info] VECTOR DEBUG: opcode=11 compute_size=456 vec_cycles=1
[2026-07-06 00:32:02.271] [info] VECTOR DEBUG: opcode=13 compute_size=4 vec_cycles=1
[2026-07-06 00:32:02.271] [info] VECTOR DEBUG: opcode=14 compute_size=229 vec_cycles=1
[2026-07-06 00:32:02.271] [info] VECTOR DEBUG: opcode=13 compute_size=4 vec_cycles=1
[2026-07-06 00:32:02.271] [info] VECTOR DEBUG: opcode=14 compute_size=229 vec_cycles=1
[2026-07-06 00:32:02.271] [info] VECTOR DEBUG: opcode=10 compute_size=230 vec_cycles=1
[2026-07-06 00:32:02.271] [info] VECTOR DEBUG: opcode=10 compute_size=230 vec_cycles=1
[2026-07-06 00:32:02.271] [info] VECTOR DEBUG: opcode=15 compute_size=460 vec_cycles=1
[2026-07-06 00:32:02.271] [info] VECTOR DEBUG: opcode=15 compute_size=460 vec_cycles=1
[2026-07-06 00:32:02.271] [info] VECTOR DEBUG: opcode=14 compute_size=456 vec_cycles=1
[2026-07-06 00:32:02.271] [info] VECTOR DEBUG: opcode=14 compute_size=456 vec_cycles=1
[2026-07-06 00:32:02.271] [info] VECTOR DEBUG: opcode=12 compute_size=456 vec_cycles=1
[2026-07-06 00:32:02.271] [info] VECTOR DEBUG: opcode=12 compute_size=456 vec_cycles=1
[2026-07-06 00:32:02.271] [info] VECTOR DEBUG: opcode=13 compute_size=4 vec_cycles=1
[2026-07-06 00:32:02.271] [info] VECTOR DEBUG: opcode=13 compute_size=4 vec_cycles=1
[2026-07-06 00:32:02.271] [info] VECTOR DEBUG: opcode=11 compute_size=456 vec_cycles=1
[2026-07-06 00:32:02.271] [info] VECTOR DEBUG: opcode=11 compute_size=456 vec_cycles=1
[2026-07-06 00:32:02.271] [info] VECTOR DEBUG: opcode=13 compute_size=4 vec_cycles=1
[2026-07-06 00:32:02.271] [info] VECTOR DEBUG: opcode=13 compute_size=4 vec_cycles=1
[2026-07-06 00:32:02.271] [info] VECTOR DEBUG: opcode=14 compute_size=229 vec_cycles=1
[2026-07-06 00:32:02.271] [info] VECTOR DEBUG: opcode=14 compute_size=229 vec_cycles=1
[2026-07-06 00:32:02.271] [info] VECTOR DEBUG: opcode=10 compute_size=230 vec_cycles=1
[2026-07-06 00:32:02.271] [info] VECTOR DEBUG: opcode=10 compute_size=230 vec_cycles=1
[2026-07-06 00:32:02.271] [info] VECTOR DEBUG: opcode=15 compute_size=460 vec_cycles=1
[2026-07-06 00:32:02.271] [info] VECTOR DEBUG: opcode=15 compute_size=460 vec_cycles=1
[2026-07-06 00:32:02.271] [info] VECTOR DEBUG: opcode=14 compute_size=456 vec_cycles=1
[2026-07-06 00:32:02.271] [info] VECTOR DEBUG: opcode=14 compute_size=456 vec_cycles=1
[2026-07-06 00:32:02.271] [info] VECTOR DEBUG: opcode=12 compute_size=456 vec_cycles=1
[2026-07-06 00:32:02.271] [info] VECTOR DEBUG: opcode=12 compute_size=456 vec_cycles=1
[2026-07-06 00:32:02.271] [info] VECTOR DEBUG: opcode=13 compute_size=4 vec_cycles=1
[2026-07-06 00:32:02.271] [info] VECTOR DEBUG: opcode=13 compute_size=4 vec_cycles=1
[2026-07-06 00:32:02.271] [info] VECTOR DEBUG: opcode=11 compute_size=456 vec_cycles=1
[2026-07-06 00:32:02.271] [info] VECTOR DEBUG: opcode=11 compute_size=456 vec_cycles=1
[2026-07-06 00:32:02.271] [info] VECTOR DEBUG: opcode=13 compute_size=4 vec_cycles=1
[2026-07-06 00:32:02.271] [info] VECTOR DEBUG: opcode=14 compute_size=229 vec_cycles=1
[2026-07-06 00:32:02.271] [info] VECTOR DEBUG: opcode=13 compute_size=4 vec_cycles=1
[2026-07-06 00:32:02.272] [info] VECTOR DEBUG: opcode=14 compute_size=229 vec_cycles=1
[2026-07-06 00:32:02.272] [info] VECTOR DEBUG: opcode=10 compute_size=230 vec_cycles=1
[2026-07-06 00:32:02.272] [info] VECTOR DEBUG: opcode=10 compute_size=230 vec_cycles=1
[2026-07-06 00:32:02.272] [info] VECTOR DEBUG: opcode=15 compute_size=460 vec_cycles=1
[2026-07-06 00:32:02.272] [info] VECTOR DEBUG: opcode=15 compute_size=460 vec_cycles=1
[2026-07-06 00:32:02.272] [info] VECTOR DEBUG: opcode=14 compute_size=456 vec_cycles=1
[2026-07-06 00:32:02.272] [info] VECTOR DEBUG: opcode=14 compute_size=456 vec_cycles=1
[2026-07-06 00:32:02.272] [info] VECTOR DEBUG: opcode=12 compute_size=456 vec_cycles=1
[2026-07-06 00:32:02.272] [info] VECTOR DEBUG: opcode=12 compute_size=456 vec_cycles=1
[2026-07-06 00:32:02.272] [info] VECTOR DEBUG: opcode=13 compute_size=4 vec_cycles=1
[2026-07-06 00:32:02.272] [info] VECTOR DEBUG: opcode=13 compute_size=4 vec_cycles=1
[2026-07-06 00:32:02.272] [info] VECTOR DEBUG: opcode=11 compute_size=456 vec_cycles=1
[2026-07-06 00:32:02.272] [info] VECTOR DEBUG: opcode=11 compute_size=456 vec_cycles=1
[2026-07-06 00:32:02.272] [info] VECTOR DEBUG: opcode=13 compute_size=4 vec_cycles=1
[2026-07-06 00:32:02.272] [info] VECTOR DEBUG: opcode=13 compute_size=4 vec_cycles=1
[2026-07-06 00:32:02.272] [info] Core [0] : MatMul active cycle 24 Vector active cycle 16 
[2026-07-06 00:32:02.272] [info] Core [0] : issued tile 2 
[2026-07-06 00:32:02.272] [info] Core [0] : Memory unit idle cycle 7881 Systolic bubble cycle 273 Core idle cycle 883 
[2026-07-06 00:32:02.272] [info] Core [0] : Systolic Array Utilization(%) 45.85 (0.30% PE util), Vector Unit Utilization(%) 0.20, Total cycle: 816000
[2026-07-06 00:32:02.272] [info] VECTOR DEBUG: opcode=11 compute_size=256 vec_cycles=1
[2026-07-06 00:32:02.272] [info] VECTOR DEBUG: opcode=11 compute_size=256 vec_cycles=1
[2026-07-06 00:32:02.273] [info] VECTOR DEBUG: opcode=11 compute_size=256 vec_cycles=1
[2026-07-06 00:32:02.274] [info] VECTOR DEBUG: opcode=11 compute_size=256 vec_cycles=1
[2026-07-06 00:32:02.301] [info] VECTOR DEBUG: opcode=11 compute_size=256 vec_cycles=1
[2026-07-06 00:32:02.301] [info] VECTOR DEBUG: opcode=11 compute_size=256 vec_cycles=1
[2026-07-06 00:32:02.304] [info] VECTOR DEBUG: opcode=11 compute_size=256 vec_cycles=1
[2026-07-06 00:32:02.305] [info] VECTOR DEBUG: opcode=11 compute_size=256 vec_cycles=1
[2026-07-06 00:32:02.334] [info] VECTOR DEBUG: opcode=14 compute_size=229 vec_cycles=1
[2026-07-06 00:32:02.334] [info] VECTOR DEBUG: opcode=10 compute_size=230 vec_cycles=1
[2026-07-06 00:32:02.334] [info] VECTOR DEBUG: opcode=15 compute_size=460 vec_cycles=1
[2026-07-06 00:32:02.334] [info] VECTOR DEBUG: opcode=14 compute_size=456 vec_cycles=1
[2026-07-06 00:32:02.334] [info] VECTOR DEBUG: opcode=12 compute_size=456 vec_cycles=1
[2026-07-06 00:32:02.334] [info] VECTOR DEBUG: opcode=13 compute_size=4 vec_cycles=1
[2026-07-06 00:32:02.334] [info] VECTOR DEBUG: opcode=11 compute_size=456 vec_cycles=1
[2026-07-06 00:32:02.334] [info] VECTOR DEBUG: opcode=13 compute_size=4 vec_cycles=1
[2026-07-06 00:32:02.334] [info] VECTOR DEBUG: opcode=14 compute_size=229 vec_cycles=1
[2026-07-06 00:32:02.334] [info] VECTOR DEBUG: opcode=10 compute_size=230 vec_cycles=1
[2026-07-06 00:32:02.334] [info] VECTOR DEBUG: opcode=15 compute_size=460 vec_cycles=1
[2026-07-06 00:32:02.334] [info] VECTOR DEBUG: opcode=14 compute_size=456 vec_cycles=1
[2026-07-06 00:32:02.334] [info] VECTOR DEBUG: opcode=12 compute_size=456 vec_cycles=1
[2026-07-06 00:32:02.334] [info] VECTOR DEBUG: opcode=13 compute_size=4 vec_cycles=1
[2026-07-06 00:32:02.335] [info] VECTOR DEBUG: opcode=11 compute_size=456 vec_cycles=1
[2026-07-06 00:32:02.335] [info] VECTOR DEBUG: opcode=13 compute_size=4 vec_cycles=1
[2026-07-06 00:32:02.335] [info] VECTOR DEBUG: opcode=14 compute_size=229 vec_cycles=1
[2026-07-06 00:32:02.335] [info] VECTOR DEBUG: opcode=10 compute_size=230 vec_cycles=1
[2026-07-06 00:32:02.335] [info] VECTOR DEBUG: opcode=14 compute_size=229 vec_cycles=1
[2026-07-06 00:32:02.335] [info] VECTOR DEBUG: opcode=15 compute_size=460 vec_cycles=1
[2026-07-06 00:32:02.335] [info] VECTOR DEBUG: opcode=10 compute_size=230 vec_cycles=1
[2026-07-06 00:32:02.335] [info] VECTOR DEBUG: opcode=14 compute_size=456 vec_cycles=1
[2026-07-06 00:32:02.335] [info] VECTOR DEBUG: opcode=15 compute_size=460 vec_cycles=1
[2026-07-06 00:32:02.335] [info] VECTOR DEBUG: opcode=12 compute_size=456 vec_cycles=1
[2026-07-06 00:32:02.335] [info] VECTOR DEBUG: opcode=14 compute_size=456 vec_cycles=1
[2026-07-06 00:32:02.335] [info] VECTOR DEBUG: opcode=13 compute_size=4 vec_cycles=1
[2026-07-06 00:32:02.335] [info] VECTOR DEBUG: opcode=12 compute_size=456 vec_cycles=1
[2026-07-06 00:32:02.335] [info] VECTOR DEBUG: opcode=11 compute_size=456 vec_cycles=1
[2026-07-06 00:32:02.335] [info] VECTOR DEBUG: opcode=13 compute_size=4 vec_cycles=1
[2026-07-06 00:32:02.335] [info] VECTOR DEBUG: opcode=13 compute_size=4 vec_cycles=1
[2026-07-06 00:32:02.335] [info] VECTOR DEBUG: opcode=11 compute_size=456 vec_cycles=1
[2026-07-06 00:32:02.335] [info] VECTOR DEBUG: opcode=13 compute_size=4 vec_cycles=1
[2026-07-06 00:32:02.338] [info] VECTOR DEBUG: opcode=11 compute_size=256 vec_cycles=1
[2026-07-06 00:32:02.338] [info] VECTOR DEBUG: opcode=11 compute_size=256 vec_cycles=1
[2026-07-06 00:32:02.338] [info] VECTOR DEBUG: opcode=11 compute_size=256 vec_cycles=1
[2026-07-06 00:32:02.338] [info] VECTOR DEBUG: opcode=11 compute_size=256 vec_cycles=1
[2026-07-06 00:32:02.338] [info] Layer layer0.attn.Attention.0 finish at 817440
[2026-07-06 00:32:02.338] [info] Total compute time 2455
[2026-07-06 00:32:02.338] [info] executable layer count 1
[2026-07-06 00:32:02.338] [info] Start layer layer0.attn.Atccat
[2026-07-06 00:32:02.338] [info] Layer layer0.attn.Atccat finish at 817441
[2026-07-06 00:32:02.338] [info] Total compute time 1
[2026-07-06 00:32:02.338] [info] executable layer count 1
[2026-07-06 00:32:02.338] [info] Start layer layer0.attn.proj
[2026-07-06 00:32:02.936] [info] Layer layer0.attn.proj finish at 821357
[2026-07-06 00:32:02.936] [info] Total compute time 3916
[2026-07-06 00:32:02.936] [info] executable layer count 1
[2026-07-06 00:32:02.936] [info] Start layer layer0.attn.ln
[2026-07-06 00:32:02.937] [info] VECTOR DEBUG: opcode=9 compute_size=0 vec_cycles=5
[2026-07-06 00:32:02.937] [info] VECTOR DEBUG: opcode=10 compute_size=0 vec_cycles=0
[2026-07-06 00:32:02.937] [info] Layer layer0.attn.ln finish at 821414
[2026-07-06 00:32:02.937] [info] Total compute time 57
[2026-07-06 00:32:02.937] [info] executable layer count 1
[2026-07-06 00:32:02.937] [info] Start layer layer0.ffn.fc1
[2026-07-06 00:32:04.222] [info] HBM2-CH_0: BW utilization 43% (4144 reads, 9 writes)
[2026-07-06 00:32:04.440] [info] Core [0] : MatMul active cycle 12 Vector active cycle 17 
[2026-07-06 00:32:04.440] [info] Core [0] : issued tile 1 
[2026-07-06 00:32:04.440] [info] Core [0] : Memory unit idle cycle 4568 Systolic bubble cycle 0 Core idle cycle 55 
[2026-07-06 00:32:04.440] [info] Core [0] : Systolic Array Utilization(%) 29.69 (0.15% PE util), Vector Unit Utilization(%) 0.21, Total cycle: 824000
[2026-07-06 00:32:07.886] [info] HBM2-CH_0: BW utilization 49% (4785 reads, 0 writes)
[2026-07-06 00:32:08.012] [info] Core [0] : MatMul active cycle 0 Vector active cycle 0 
[2026-07-06 00:32:08.013] [info] Core [0] : issued tile 1 
[2026-07-06 00:32:08.013] [info] Core [0] : Memory unit idle cycle 6613 Systolic bubble cycle 0 Core idle cycle 0 
[2026-07-06 00:32:08.013] [info] Core [0] : Systolic Array Utilization(%) 0.00 (0.00% PE util), Vector Unit Utilization(%) 0.00, Total cycle: 832000
[2026-07-06 00:32:08.837] [info] HBM2-CH_0: BW utilization 29% (2865 reads, 13 writes)
[2026-07-06 00:32:08.838] [info] Layer layer0.ffn.fc1 finish at 839897
[2026-07-06 00:32:08.838] [info] Total compute time 18483
[2026-07-06 00:32:08.838] [info] executable layer count 1
[2026-07-06 00:32:08.838] [info] Start layer layer0.ffn.act
[2026-07-06 00:32:08.842] [info] VECTOR DEBUG: opcode=10 compute_size=6144 vec_cycles=1
[2026-07-06 00:32:08.842] [info] VECTOR DEBUG: opcode=6 compute_size=6144 vec_cycles=1
[2026-07-06 00:32:08.842] [info] Layer layer0.ffn.act finish at 839979
[2026-07-06 00:32:08.842] [info] Total compute time 82
[2026-07-06 00:32:08.842] [info] executable layer count 1
[2026-07-06 00:32:08.842] [info] Start layer layer0.ffn.fc2
[2026-07-06 00:32:08.851] [info] Core [0] : MatMul active cycle 24 Vector active cycle 0 
[2026-07-06 00:32:08.851] [info] Core [0] : issued tile 2 
[2026-07-06 00:32:08.851] [info] Core [0] : Memory unit idle cycle 7977 Systolic bubble cycle 0 Core idle cycle 117 
[2026-07-06 00:32:08.851] [info] Core [0] : Systolic Array Utilization(%) 40.03 (0.30% PE util), Vector Unit Utilization(%) 0.00, Total cycle: 840000
[2026-07-06 00:32:13.702] [info] HBM2-CH_0: BW utilization 50% (4891 reads, 2 writes)
[2026-07-06 00:32:13.850] [info] Core [0] : MatMul active cycle 0 Vector active cycle 0 
[2026-07-06 00:32:13.850] [info] Core [0] : issued tile 2 
[2026-07-06 00:32:13.850] [info] Core [0] : Memory unit idle cycle 0 Systolic bubble cycle 0 Core idle cycle 0 
[2026-07-06 00:32:13.850] [info] Core [0] : Systolic Array Utilization(%) 0.00 (0.00% PE util), Vector Unit Utilization(%) 0.00, Total cycle: 848000
[2026-07-06 00:32:16.207] [info] HBM2-CH_0: BW utilization 46% (4424 reads, 11 writes)
[2026-07-06 00:32:16.209] [info] Core [0] : MatMul active cycle 17 Vector active cycle 0 
[2026-07-06 00:32:16.209] [info] Core [0] : issued tile 2 
[2026-07-06 00:32:16.209] [info] Core [0] : Memory unit idle cycle 4902 Systolic bubble cycle 0 Core idle cycle 0 
[2026-07-06 00:32:16.209] [info] Core [0] : Systolic Array Utilization(%) 30.35 (0.21% PE util), Vector Unit Utilization(%) 0.00, Total cycle: 856000
[2026-07-06 00:32:16.235] [info] Layer layer0.ffn.fc2 finish at 859848
[2026-07-06 00:32:16.235] [info] Total compute time 19869
[2026-07-06 00:32:16.235] [info] executable layer count 1
[2026-07-06 00:32:16.235] [info] Start layer layer0.ffn.ln
[2026-07-06 00:32:16.237] [info] VECTOR DEBUG: opcode=9 compute_size=0 vec_cycles=5
[2026-07-06 00:32:16.237] [info] VECTOR DEBUG: opcode=10 compute_size=0 vec_cycles=0
[2026-07-06 00:32:16.237] [info] Layer layer0.ffn.ln finish at 859905
[2026-07-06 00:32:16.237] [info] Total compute time 57
[2026-07-06 00:32:16.237] [info] Model[opt-125m] Request: 799 us, Start: 799 us, finish:859 us, Current Cycle:859905
[2026-07-06 00:32:16.237] [info] No total_seq_len!
[2026-07-06 00:32:16.238] [info] Total Memory Usage: 0.09 GB
[2026-07-06 00:32:16.238] [info] Weight Memory Usage: 0.09 GB
[2026-07-06 00:32:16.238] [info] KV Memory Usage: 0.00 GB
[2026-07-06 00:32:16.238] [info] Activation Memory Usage: 0.00 GB
[2026-07-06 00:32:16.238] [info] [GEMM] spad_size: 33554432 accum_size: 4194304
[2026-07-06 00:32:16.238] [info] [GEMM] required_sram_size: 983040 required_accum_size: 131072
[2026-07-06 00:32:16.238] [info] [GEMM] Used gemmini gemm mapping: Total N:1 C:768 M:2304, Outer N:1 C:1 M:5, Inner N:128 C:768 M:512
[2026-07-06 00:32:16.253] [info] [GemmWs] Keys K = 768, N = 1, M = 2304
[2026-07-06 00:32:16.253] [info] [GemmWS]: total 0.003541248 GFLOPs, 0.003549696 GB
[2026-07-06 00:32:16.253] [info] [GemmWS]: Theoretical time(ms): 0.005781263553217286 Compute time: 2.7017577508559043e-05 Memory time: 0.005781263553217286
[2026-07-06 00:32:16.253] [info] [Attention] total_spad_size_per_head: 29568 B
[2026-07-06 00:32:16.253] [info] [Attention] total_acc_size_per_head: 230 B
[2026-07-06 00:32:16.253] [info] [Attention] q_len: 1, seq_len: 115, dk: 64, heads per tile 1
[2026-07-06 00:32:16.253] [info] [Attention] Spad size 16777216
[2026-07-06 00:32:16.253] [info] [Attention] Accum spad size 2097152
[2026-07-06 00:32:16.253] [info] Mapping info Total Loop: N12 C64 M115 S1 R1 Q1 P1 Tile Out Loop: N12 C1 M1 S1 R1 Q1 P1 Tile In Loop: N1 C64 M115 S1 R1 Q1 P1
[2026-07-06 00:32:16.258] [info] [Attention] QK 0.00017664 GFLOPs
[2026-07-06 00:32:16.258] [info] [Attention] total 0.00036707998 GFLOPs, 0.000356352 GB
[2026-07-06 00:32:16.258] [info] [Attention] Theoretical time(ms): 0.0005803778 Compute time: 4.3798827e-06 Memory time: 0.0005803778
[2026-07-06 00:32:16.258] [info] [Attention] QK compute 0.0000ms Softmax compute 0.0000ms SV compute 0.0000ms
[2026-07-06 00:32:16.258] [info] [GEMM] spad_size: 33554432 accum_size: 4194304
[2026-07-06 00:32:16.258] [info] [GEMM] required_sram_size: 393216 required_accum_size: 32768
[2026-07-06 00:32:16.258] [info] [GEMM] Used gemmini gemm mapping: Total N:1 C:768 M:768, Outer N:1 C:1 M:6, Inner N:128 C:768 M:128
[2026-07-06 00:32:16.263] [info] [GemmWs] Keys K = 768, N = 1, M = 768
[2026-07-06 00:32:16.263] [info] [GemmWS]: total 0.0011804161 GFLOPs, 0.0011842559 GB
[2026-07-06 00:32:16.263] [info] [GemmWS]: Theoretical time(ms): 0.0019287556369818049 Compute time: 9.0058600576981e-06 Memory time: 0.0019287556369818049
[2026-07-06 00:32:16.263] [info] [SkipLayerNorm] tokens_per_tile: 1
[2026-07-06 00:32:16.263] [info] [GEMM] spad_size: 33554432 accum_size: 4194304
[2026-07-06 00:32:16.263] [info] [GEMM] required_sram_size: 983040 required_accum_size: 131072
[2026-07-06 00:32:16.263] [info] [GEMM] Used gemmini gemm mapping: Total N:1 C:768 M:3072, Outer N:1 C:1 M:6, Inner N:128 C:768 M:512
[2026-07-06 00:32:16.282] [info] [GemmWs] Keys K = 768, N = 1, M = 3072
[2026-07-06 00:32:16.282] [info] [GemmWS]: total 0.0047185924 GFLOPs, 0.004726272 GB
[2026-07-06 00:32:16.282] [info] [GemmWS]: Theoretical time(ms): 0.0076975111369392835 Compute time: 3.6000002978653356e-05 Memory time: 0.0076975111369392835
[2026-07-06 00:32:16.282] [info] [BiasAct] tokens_per_tile: 1
[2026-07-06 00:32:16.282] [info] [GEMM] spad_size: 33554432 accum_size: 4194304
[2026-07-06 00:32:16.282] [info] [GEMM] required_sram_size: 1572864 required_accum_size: 32768
[2026-07-06 00:32:16.282] [info] [GEMM] Used gemmini gemm mapping: Total N:1 C:3072 M:768, Outer N:1 C:1 M:6, Inner N:128 C:3072 M:128
[2026-07-06 00:32:16.325] [info] [GemmWs] Keys K = 3072, N = 1, M = 768
[2026-07-06 00:32:16.325] [info] [GemmWS]: total 0.0047193603 GFLOPs, 0.0047278083 GB
[2026-07-06 00:32:16.325] [info] [GemmWS]: Theoretical time(ms): 0.007700013156863861 Compute time: 3.60058614035097e-05 Memory time: 0.007700013156863861
[2026-07-06 00:32:16.325] [info] [SkipLayerNorm] tokens_per_tile: 1
[2026-07-06 00:32:16.325] [info]  Model initialization time: 0.087247 seconds
[2026-07-06 00:32:16.325] [info] Schedule model: opt-125m at 859907000 us
[2026-07-06 00:32:16.325] [info] MODEL opt-125m Scheduled, Total Request: 1
[2026-07-06 00:32:16.325] [info] executable layer count 1
[2026-07-06 00:32:16.325] [info] Start layer layer0.attn.QKVgen
[2026-07-06 00:32:19.254] [info] HBM2-CH_0: BW utilization 26% (2499 reads, 4 writes)
[2026-07-06 00:32:19.539] [info] Core [0] : MatMul active cycle 31 Vector active cycle 0 
[2026-07-06 00:32:19.539] [info] Core [0] : issued tile 1 
[2026-07-06 00:32:19.539] [info] Core [0] : Memory unit idle cycle 3917 Systolic bubble cycle 0 Core idle cycle 41 
[2026-07-06 00:32:19.539] [info] Core [0] : Systolic Array Utilization(%) 48.08 (0.39% PE util), Vector Unit Utilization(%) 0.00, Total cycle: 864000
[2026-07-06 00:32:21.534] [info] HBM2-CH_0: BW utilization 46% (4441 reads, 2 writes)
[2026-07-06 00:32:21.537] [info] Core [0] : MatMul active cycle 6 Vector active cycle 0 
[2026-07-06 00:32:21.537] [info] Core [0] : issued tile 1 
[2026-07-06 00:32:21.537] [info] Core [0] : Memory unit idle cycle 7999 Systolic bubble cycle 0 Core idle cycle 0 
[2026-07-06 00:32:21.537] [info] Core [0] : Systolic Array Utilization(%) 12.32 (0.08% PE util), Vector Unit Utilization(%) 0.00, Total cycle: 872000
[2026-07-06 00:32:21.553] [info] Layer layer0.attn.QKVgen finish at 874351
[2026-07-06 00:32:21.553] [info] Total compute time 14445
[2026-07-06 00:32:21.553] [info] executable layer count 1
[2026-07-06 00:32:21.553] [info] Start layer layer0.attn.KVccat
[2026-07-06 00:32:21.553] [info] Layer layer0.attn.KVccat finish at 874352
[2026-07-06 00:32:21.553] [info] Total compute time 1
[2026-07-06 00:32:21.553] [info] executable layer count 1
[2026-07-06 00:32:21.553] [info] Start layer layer0.attn.Attention.0
[2026-07-06 00:32:21.706] [info] VECTOR DEBUG: opcode=14 compute_size=231 vec_cycles=1
[2026-07-06 00:32:21.706] [info] VECTOR DEBUG: opcode=14 compute_size=231 vec_cycles=1
[2026-07-06 00:32:21.706] [info] VECTOR DEBUG: opcode=10 compute_size=232 vec_cycles=1
[2026-07-06 00:32:21.706] [info] VECTOR DEBUG: opcode=10 compute_size=232 vec_cycles=1
[2026-07-06 00:32:21.706] [info] VECTOR DEBUG: opcode=15 compute_size=464 vec_cycles=1
[2026-07-06 00:32:21.706] [info] VECTOR DEBUG: opcode=15 compute_size=464 vec_cycles=1
[2026-07-06 00:32:21.706] [info] VECTOR DEBUG: opcode=14 compute_size=460 vec_cycles=1
[2026-07-06 00:32:21.706] [info] VECTOR DEBUG: opcode=14 compute_size=231 vec_cycles=1
[2026-07-06 00:32:21.706] [info] VECTOR DEBUG: opcode=14 compute_size=460 vec_cycles=1
[2026-07-06 00:32:21.706] [info] VECTOR DEBUG: opcode=12 compute_size=460 vec_cycles=1
[2026-07-06 00:32:21.706] [info] VECTOR DEBUG: opcode=14 compute_size=231 vec_cycles=1
[2026-07-06 00:32:21.706] [info] VECTOR DEBUG: opcode=10 compute_size=232 vec_cycles=1
[2026-07-06 00:32:21.706] [info] VECTOR DEBUG: opcode=12 compute_size=460 vec_cycles=1
[2026-07-06 00:32:21.706] [info] VECTOR DEBUG: opcode=13 compute_size=4 vec_cycles=1
[2026-07-06 00:32:21.706] [info] VECTOR DEBUG: opcode=10 compute_size=232 vec_cycles=1
[2026-07-06 00:32:21.706] [info] VECTOR DEBUG: opcode=15 compute_size=464 vec_cycles=1
[2026-07-06 00:32:21.706] [info] VECTOR DEBUG: opcode=13 compute_size=4 vec_cycles=1
[2026-07-06 00:32:21.706] [info] VECTOR DEBUG: opcode=11 compute_size=460 vec_cycles=1
[2026-07-06 00:32:21.706] [info] VECTOR DEBUG: opcode=15 compute_size=464 vec_cycles=1
[2026-07-06 00:32:21.706] [info] VECTOR DEBUG: opcode=14 compute_size=460 vec_cycles=1
[2026-07-06 00:32:21.706] [info] VECTOR DEBUG: opcode=11 compute_size=460 vec_cycles=1
[2026-07-06 00:32:21.706] [info] VECTOR DEBUG: opcode=14 compute_size=460 vec_cycles=1
[2026-07-06 00:32:21.706] [info] VECTOR DEBUG: opcode=12 compute_size=460 vec_cycles=1
[2026-07-06 00:32:21.706] [info] VECTOR DEBUG: opcode=13 compute_size=4 vec_cycles=1
[2026-07-06 00:32:21.706] [info] VECTOR DEBUG: opcode=12 compute_size=460 vec_cycles=1
[2026-07-06 00:32:21.706] [info] VECTOR DEBUG: opcode=13 compute_size=4 vec_cycles=1
[2026-07-06 00:32:21.706] [info] VECTOR DEBUG: opcode=13 compute_size=4 vec_cycles=1
[2026-07-06 00:32:21.706] [info] VECTOR DEBUG: opcode=13 compute_size=4 vec_cycles=1
[2026-07-06 00:32:21.706] [info] VECTOR DEBUG: opcode=11 compute_size=460 vec_cycles=1
[2026-07-06 00:32:21.706] [info] VECTOR DEBUG: opcode=11 compute_size=460 vec_cycles=1
[2026-07-06 00:32:21.706] [info] VECTOR DEBUG: opcode=13 compute_size=4 vec_cycles=1
[2026-07-06 00:32:21.706] [info] VECTOR DEBUG: opcode=13 compute_size=4 vec_cycles=1
[2026-07-06 00:32:21.707] [info] VECTOR DEBUG: opcode=14 compute_size=231 vec_cycles=1
[2026-07-06 00:32:21.707] [info] VECTOR DEBUG: opcode=14 compute_size=231 vec_cycles=1
[2026-07-06 00:32:21.707] [info] VECTOR DEBUG: opcode=10 compute_size=232 vec_cycles=1
[2026-07-06 00:32:21.707] [info] VECTOR DEBUG: opcode=10 compute_size=232 vec_cycles=1
[2026-07-06 00:32:21.707] [info] VECTOR DEBUG: opcode=15 compute_size=464 vec_cycles=1
[2026-07-06 00:32:21.707] [info] VECTOR DEBUG: opcode=15 compute_size=464 vec_cycles=1
[2026-07-06 00:32:21.707] [info] VECTOR DEBUG: opcode=14 compute_size=460 vec_cycles=1
[2026-07-06 00:32:21.707] [info] VECTOR DEBUG: opcode=14 compute_size=231 vec_cycles=1
[2026-07-06 00:32:21.707] [info] VECTOR DEBUG: opcode=14 compute_size=460 vec_cycles=1
[2026-07-06 00:32:21.707] [info] VECTOR DEBUG: opcode=12 compute_size=460 vec_cycles=1
[2026-07-06 00:32:21.707] [info] VECTOR DEBUG: opcode=14 compute_size=231 vec_cycles=1
[2026-07-06 00:32:21.707] [info] VECTOR DEBUG: opcode=10 compute_size=232 vec_cycles=1
[2026-07-06 00:32:21.707] [info] VECTOR DEBUG: opcode=12 compute_size=460 vec_cycles=1
[2026-07-06 00:32:21.707] [info] VECTOR DEBUG: opcode=13 compute_size=4 vec_cycles=1
[2026-07-06 00:32:21.707] [info] VECTOR DEBUG: opcode=10 compute_size=232 vec_cycles=1
[2026-07-06 00:32:21.707] [info] VECTOR DEBUG: opcode=15 compute_size=464 vec_cycles=1
[2026-07-06 00:32:21.707] [info] VECTOR DEBUG: opcode=13 compute_size=4 vec_cycles=1
[2026-07-06 00:32:21.707] [info] VECTOR DEBUG: opcode=11 compute_size=460 vec_cycles=1
[2026-07-06 00:32:21.707] [info] VECTOR DEBUG: opcode=15 compute_size=464 vec_cycles=1
[2026-07-06 00:32:21.707] [info] VECTOR DEBUG: opcode=14 compute_size=460 vec_cycles=1
[2026-07-06 00:32:21.707] [info] VECTOR DEBUG: opcode=11 compute_size=460 vec_cycles=1
[2026-07-06 00:32:21.707] [info] VECTOR DEBUG: opcode=14 compute_size=460 vec_cycles=1
[2026-07-06 00:32:21.707] [info] VECTOR DEBUG: opcode=12 compute_size=460 vec_cycles=1
[2026-07-06 00:32:21.707] [info] VECTOR DEBUG: opcode=13 compute_size=4 vec_cycles=1
[2026-07-06 00:32:21.707] [info] VECTOR DEBUG: opcode=12 compute_size=460 vec_cycles=1
[2026-07-06 00:32:21.707] [info] VECTOR DEBUG: opcode=13 compute_size=4 vec_cycles=1
[2026-07-06 00:32:21.707] [info] VECTOR DEBUG: opcode=13 compute_size=4 vec_cycles=1
[2026-07-06 00:32:21.707] [info] VECTOR DEBUG: opcode=13 compute_size=4 vec_cycles=1
[2026-07-06 00:32:21.707] [info] VECTOR DEBUG: opcode=11 compute_size=460 vec_cycles=1
[2026-07-06 00:32:21.707] [info] VECTOR DEBUG: opcode=11 compute_size=460 vec_cycles=1
[2026-07-06 00:32:21.707] [info] VECTOR DEBUG: opcode=13 compute_size=4 vec_cycles=1
[2026-07-06 00:32:21.707] [info] VECTOR DEBUG: opcode=13 compute_size=4 vec_cycles=1
[2026-07-06 00:32:21.708] [info] VECTOR DEBUG: opcode=11 compute_size=256 vec_cycles=1
[2026-07-06 00:32:21.708] [info] VECTOR DEBUG: opcode=11 compute_size=256 vec_cycles=1
[2026-07-06 00:32:21.708] [info] VECTOR DEBUG: opcode=11 compute_size=256 vec_cycles=1
[2026-07-06 00:32:21.708] [info] VECTOR DEBUG: opcode=11 compute_size=256 vec_cycles=1
[2026-07-06 00:32:21.737] [info] VECTOR DEBUG: opcode=11 compute_size=256 vec_cycles=1
[2026-07-06 00:32:21.737] [info] VECTOR DEBUG: opcode=11 compute_size=256 vec_cycles=1
[2026-07-06 00:32:21.739] [info] VECTOR DEBUG: opcode=11 compute_size=256 vec_cycles=1
[2026-07-06 00:32:21.739] [info] VECTOR DEBUG: opcode=11 compute_size=256 vec_cycles=1
[2026-07-06 00:32:21.771] [info] VECTOR DEBUG: opcode=14 compute_size=231 vec_cycles=1
[2026-07-06 00:32:21.771] [info] VECTOR DEBUG: opcode=10 compute_size=232 vec_cycles=1
[2026-07-06 00:32:21.771] [info] VECTOR DEBUG: opcode=15 compute_size=464 vec_cycles=1
[2026-07-06 00:32:21.771] [info] VECTOR DEBUG: opcode=14 compute_size=460 vec_cycles=1
[2026-07-06 00:32:21.771] [info] VECTOR DEBUG: opcode=12 compute_size=460 vec_cycles=1
[2026-07-06 00:32:21.771] [info] VECTOR DEBUG: opcode=13 compute_size=4 vec_cycles=1
[2026-07-06 00:32:21.771] [info] VECTOR DEBUG: opcode=14 compute_size=231 vec_cycles=1
[2026-07-06 00:32:21.771] [info] VECTOR DEBUG: opcode=11 compute_size=460 vec_cycles=1
[2026-07-06 00:32:21.771] [info] VECTOR DEBUG: opcode=10 compute_size=232 vec_cycles=1
[2026-07-06 00:32:21.771] [info] VECTOR DEBUG: opcode=13 compute_size=4 vec_cycles=1
[2026-07-06 00:32:21.771] [info] VECTOR DEBUG: opcode=15 compute_size=464 vec_cycles=1
[2026-07-06 00:32:21.771] [info] VECTOR DEBUG: opcode=14 compute_size=460 vec_cycles=1
[2026-07-06 00:32:21.771] [info] VECTOR DEBUG: opcode=12 compute_size=460 vec_cycles=1
[2026-07-06 00:32:21.771] [info] VECTOR DEBUG: opcode=13 compute_size=4 vec_cycles=1
[2026-07-06 00:32:21.771] [info] VECTOR DEBUG: opcode=11 compute_size=460 vec_cycles=1
[2026-07-06 00:32:21.771] [info] VECTOR DEBUG: opcode=13 compute_size=4 vec_cycles=1
[2026-07-06 00:32:21.771] [info] VECTOR DEBUG: opcode=14 compute_size=231 vec_cycles=1
[2026-07-06 00:32:21.771] [info] VECTOR DEBUG: opcode=10 compute_size=232 vec_cycles=1
[2026-07-06 00:32:21.771] [info] VECTOR DEBUG: opcode=15 compute_size=464 vec_cycles=1
[2026-07-06 00:32:21.771] [info] VECTOR DEBUG: opcode=14 compute_size=460 vec_cycles=1
[2026-07-06 00:32:21.771] [info] VECTOR DEBUG: opcode=12 compute_size=460 vec_cycles=1
[2026-07-06 00:32:21.771] [info] VECTOR DEBUG: opcode=13 compute_size=4 vec_cycles=1
[2026-07-06 00:32:21.771] [info] VECTOR DEBUG: opcode=11 compute_size=460 vec_cycles=1
[2026-07-06 00:32:21.771] [info] VECTOR DEBUG: opcode=14 compute_size=231 vec_cycles=1
[2026-07-06 00:32:21.771] [info] VECTOR DEBUG: opcode=13 compute_size=4 vec_cycles=1
[2026-07-06 00:32:21.771] [info] VECTOR DEBUG: opcode=10 compute_size=232 vec_cycles=1
[2026-07-06 00:32:21.771] [info] VECTOR DEBUG: opcode=15 compute_size=464 vec_cycles=1
[2026-07-06 00:32:21.771] [info] VECTOR DEBUG: opcode=14 compute_size=460 vec_cycles=1
[2026-07-06 00:32:21.771] [info] VECTOR DEBUG: opcode=12 compute_size=460 vec_cycles=1
[2026-07-06 00:32:21.771] [info] VECTOR DEBUG: opcode=13 compute_size=4 vec_cycles=1
[2026-07-06 00:32:21.771] [info] VECTOR DEBUG: opcode=11 compute_size=460 vec_cycles=1
[2026-07-06 00:32:21.771] [info] VECTOR DEBUG: opcode=13 compute_size=4 vec_cycles=1
[2026-07-06 00:32:21.774] [info] VECTOR DEBUG: opcode=11 compute_size=256 vec_cycles=1
[2026-07-06 00:32:21.774] [info] VECTOR DEBUG: opcode=11 compute_size=256 vec_cycles=1
[2026-07-06 00:32:21.775] [info] VECTOR DEBUG: opcode=11 compute_size=256 vec_cycles=1
[2026-07-06 00:32:21.775] [info] VECTOR DEBUG: opcode=11 compute_size=256 vec_cycles=1
[2026-07-06 00:32:21.775] [info] Layer layer0.attn.Attention.0 finish at 876831
[2026-07-06 00:32:21.775] [info] Total compute time 2479
[2026-07-06 00:32:21.775] [info] executable layer count 1
[2026-07-06 00:32:21.775] [info] Start layer layer0.attn.Atccat
[2026-07-06 00:32:21.775] [info] Layer layer0.attn.Atccat finish at 876833
[2026-07-06 00:32:21.775] [info] Total compute time 2
[2026-07-06 00:32:21.775] [info] executable layer count 1
[2026-07-06 00:32:21.775] [info] Start layer layer0.attn.proj
[2026-07-06 00:32:22.424] [info] HBM2-CH_0: BW utilization 31% (3012 reads, 11 writes)
[2026-07-06 00:32:22.427] [info] Core [0] : MatMul active cycle 24 Vector active cycle 27 
[2026-07-06 00:32:22.427] [info] Core [0] : issued tile 0 
[2026-07-06 00:32:22.427] [info] Core [0] : Memory unit idle cycle 7431 Systolic bubble cycle 273 Core idle cycle 264 
[2026-07-06 00:32:22.427] [info] Core [0] : Systolic Array Utilization(%) 53.61 (0.30% PE util), Vector Unit Utilization(%) 0.34, Total cycle: 880000
[2026-07-06 00:32:22.432] [info] Layer layer0.attn.proj finish at 880696
[2026-07-06 00:32:22.432] [info] Total compute time 3863
[2026-07-06 00:32:22.432] [info] executable layer count 1
[2026-07-06 00:32:22.432] [info] Start layer layer0.attn.ln
[2026-07-06 00:32:22.433] [info] VECTOR DEBUG: opcode=9 compute_size=0 vec_cycles=5
[2026-07-06 00:32:22.433] [info] VECTOR DEBUG: opcode=10 compute_size=0 vec_cycles=0
[2026-07-06 00:32:22.433] [info] Layer layer0.attn.ln finish at 880754
[2026-07-06 00:32:22.433] [info] Total compute time 58
[2026-07-06 00:32:22.433] [info] executable layer count 1
[2026-07-06 00:32:22.433] [info] Start layer layer0.ffn.fc1
[2026-07-06 00:32:26.620] [info] HBM2-CH_0: BW utilization 45% (4402 reads, 4 writes)
[2026-07-06 00:32:26.773] [info] Core [0] : MatMul active cycle 0 Vector active cycle 0 
[2026-07-06 00:32:26.773] [info] Core [0] : issued tile 2 
[2026-07-06 00:32:26.773] [info] Core [0] : Memory unit idle cycle 756 Systolic bubble cycle 0 Core idle cycle 755 
[2026-07-06 00:32:26.773] [info] Core [0] : Systolic Array Utilization(%) 0.00 (0.00% PE util), Vector Unit Utilization(%) 0.00, Total cycle: 888000
[2026-07-06 00:32:29.177] [info] HBM2-CH_0: BW utilization 49% (4790 reads, 0 writes)
[2026-07-06 00:32:29.185] [info] Core [0] : MatMul active cycle 23 Vector active cycle 0 
[2026-07-06 00:32:29.185] [info] Core [0] : issued tile 2 
[2026-07-06 00:32:29.185] [info] Core [0] : Memory unit idle cycle 4112 Systolic bubble cycle 274 Core idle cycle 0 
[2026-07-06 00:32:29.185] [info] Core [0] : Systolic Array Utilization(%) 40.44 (0.29% PE util), Vector Unit Utilization(%) 0.00, Total cycle: 896000
[2026-07-06 00:32:29.207] [info] Layer layer0.ffn.fc1 finish at 899189
[2026-07-06 00:32:29.207] [info] Total compute time 18435
[2026-07-06 00:32:29.207] [info] executable layer count 1
[2026-07-06 00:32:29.207] [info] Start layer layer0.ffn.act
[2026-07-06 00:32:29.210] [info] VECTOR DEBUG: opcode=10 compute_size=6144 vec_cycles=1
[2026-07-06 00:32:29.210] [info] VECTOR DEBUG: opcode=6 compute_size=6144 vec_cycles=1
[2026-07-06 00:32:29.211] [info] Layer layer0.ffn.act finish at 899267
[2026-07-06 00:32:29.211] [info] Total compute time 78
[2026-07-06 00:32:29.211] [info] executable layer count 1
[2026-07-06 00:32:29.211] [info] Start layer layer0.ffn.fc2
[2026-07-06 00:32:32.090] [info] HBM2-CH_0: BW utilization 30% (2946 reads, 14 writes)
[2026-07-06 00:32:32.262] [info] Core [0] : MatMul active cycle 25 Vector active cycle 0 
[2026-07-06 00:32:32.262] [info] Core [0] : issued tile 1 
[2026-07-06 00:32:32.262] [info] Core [0] : Memory unit idle cycle 3985 Systolic bubble cycle 0 Core idle cycle 62 
[2026-07-06 00:32:32.262] [info] Core [0] : Systolic Array Utilization(%) 39.84 (0.31% PE util), Vector Unit Utilization(%) 0.00, Total cycle: 904000
[2026-07-06 00:32:35.621] [info] HBM2-CH_0: BW utilization 50% (4837 reads, 0 writes)
[2026-07-06 00:32:35.694] [info] Core [0] : MatMul active cycle 0 Vector active cycle 0 
[2026-07-06 00:32:35.694] [info] Core [0] : issued tile 1 
[2026-07-06 00:32:35.694] [info] Core [0] : Memory unit idle cycle 8000 Systolic bubble cycle 0 Core idle cycle 0 
[2026-07-06 00:32:35.694] [info] Core [0] : Systolic Array Utilization(%) 0.00 (0.00% PE util), Vector Unit Utilization(%) 0.00, Total cycle: 912000
[2026-07-06 00:32:36.084] [info] Layer layer0.ffn.fc2 finish at 919563
[2026-07-06 00:32:36.084] [info] Total compute time 20296
[2026-07-06 00:32:36.084] [info] executable layer count 1
[2026-07-06 00:32:36.084] [info] Start layer layer0.ffn.ln
[2026-07-06 00:32:36.085] [info] VECTOR DEBUG: opcode=9 compute_size=0 vec_cycles=5
[2026-07-06 00:32:36.085] [info] VECTOR DEBUG: opcode=10 compute_size=0 vec_cycles=0
[2026-07-06 00:32:36.085] [info] Layer layer0.ffn.ln finish at 919625
[2026-07-06 00:32:36.085] [info] Total compute time 62
[2026-07-06 00:32:36.085] [info] Model[opt-125m] Request: 859 us, Start: 859 us, finish:919 us, Current Cycle:919625
[2026-07-06 00:32:36.085] [info] Request 0 completed in 919625 cycles
[2026-07-06 00:32:36.085] [info] No total_seq_len!
[2026-07-06 00:32:36.086] [info] HBM2-CH_0: BW utilization 16% (1586 reads, 14 writes)
[2026-07-06 00:32:36.086] [info] Simulation Finished at 919647 cycle 919 us
[2026-07-06 00:32:36.086] [info] Core [0] : MatMul active cycle 11904 Vector active cycle 1162 
[2026-07-06 00:32:36.086] [info] Core [0] : Memory unit idle cycle 607516 Systolic bubble cycle 4518 Core idle cycle 28313 
[2026-07-06 00:32:36.086] [info] Core [0] : Systolic Array Utilization(%) 24.92 (1.29% PE util), Vector Unit Utilization(%) 0.13, Total cycle: 919647
[2026-07-06 00:32:36.086] [info] Core [0] : Systolic Inst Issue Count : 1662
[2026-07-06 00:32:36.086] [info] Core [0] : Systolic PRELOAD Issue Count : 1662
[2026-07-06 00:32:36.086] [info] SA idle = 12854
[2026-07-06 00:32:36.086] [info] SA idle = 1090
[2026-07-06 00:32:36.086] [info] SA idle = 354
[2026-07-06 00:32:36.086] [info] SA idle = 563
[2026-07-06 00:32:36.086] [info] SA idle = 482
[2026-07-06 00:32:36.086] [info] SA idle = 3849
[2026-07-06 00:32:36.086] [info] SA idle = 15769
[2026-07-06 00:32:36.086] [info] SA idle = 598
[2026-07-06 00:32:36.086] [info] SA idle = 281
[2026-07-06 00:32:36.086] [info] SA idle = 26537
[2026-07-06 00:32:36.086] [info] SA idle = 14855
[2026-07-06 00:32:36.086] [info] SA idle = 819
[2026-07-06 00:32:36.086] [info] SA idle = 405
[2026-07-06 00:32:36.086] [info] SA idle = 270
[2026-07-06 00:32:36.086] [info] SA idle = 2410
[2026-07-06 00:32:36.086] [info] SA idle = 14900
[2026-07-06 00:32:36.086] [info] SA idle = 14174
[2026-07-06 00:32:36.086] [info] SA idle = 11310
[2026-07-06 00:32:36.086] [info] SA idle = 696
[2026-07-06 00:32:36.086] [info] SA idle = 376
[2026-07-06 00:32:36.086] [info] SA idle = 270
[2026-07-06 00:32:36.086] [info] SA idle = 2252
[2026-07-06 00:32:36.086] [info] SA idle = 12429
[2026-07-06 00:32:36.086] [info] SA idle = 536
[2026-07-06 00:32:36.086] [info] SA idle = 15738
[2026-07-06 00:32:36.086] [info] SA idle = 12859
[2026-07-06 00:32:36.086] [info] SA idle = 688
[2026-07-06 00:32:36.086] [info] SA idle = 377
[2026-07-06 00:32:36.086] [info] SA idle = 270
[2026-07-06 00:32:36.086] [info] SA idle = 2243
[2026-07-06 00:32:36.086] [info] SA idle = 15023
[2026-07-06 00:32:36.086] [info] SA idle = 14326
[2026-07-06 00:32:36.086] [info] SA idle = 11256
[2026-07-06 00:32:36.086] [info] SA idle = 653
[2026-07-06 00:32:36.086] [info] SA idle = 421
[2026-07-06 00:32:36.086] [info] SA idle = 270
[2026-07-06 00:32:36.086] [info] SA idle = 2158
[2026-07-06 00:32:36.086] [info] SA idle = 12127
[2026-07-06 00:32:36.086] [info] SA idle = 482
[2026-07-06 00:32:36.086] [info] SA idle = 277
[2026-07-06 00:32:36.086] [info] SA idle = 15561
[2026-07-06 00:32:36.086] [info] SA idle = 12967
[2026-07-06 00:32:36.086] [info] SA idle = 685
[2026-07-06 00:32:36.086] [info] SA idle = 436
[2026-07-06 00:32:36.086] [info] SA idle = 270
[2026-07-06 00:32:36.086] [info] SA idle = 2167
[2026-07-06 00:32:36.086] [info] SA idle = 15449
[2026-07-06 00:32:36.086] [info] SA idle = 14342
[2026-07-06 00:32:36.086] [info] SA idle = 11178
[2026-07-06 00:32:36.086] [info] SA idle = 627
[2026-07-06 00:32:36.086] [info] SA idle = 439
[2026-07-06 00:32:36.086] [info] SA idle = 270
[2026-07-06 00:32:36.086] [info] SA idle = 2157
[2026-07-06 00:32:36.086] [info] SA idle = 12100
[2026-07-06 00:32:36.086] [info] SA idle = 839
[2026-07-06 00:32:36.086] [info] SA idle = 15459
[2026-07-06 00:32:36.086] [info] SA idle = 12960
[2026-07-06 00:32:36.086] [info] SA idle = 634
[2026-07-06 00:32:36.086] [info] SA idle = 426
[2026-07-06 00:32:36.086] [info] SA idle = 270
[2026-07-06 00:32:36.086] [info] SA idle = 2142
[2026-07-06 00:32:36.086] [info] SA idle = 15074
[2026-07-06 00:32:36.086] [info] SA idle = 14215
[2026-07-06 00:32:36.086] [info] SA idle = 11351
[2026-07-06 00:32:36.086] [info] SA idle = 742
[2026-07-06 00:32:36.086] [info] SA idle = 387
[2026-07-06 00:32:36.086] [info] SA idle = 270
[2026-07-06 00:32:36.086] [info] SA idle = 2091
[2026-07-06 00:32:36.086] [info] SA idle = 12303
[2026-07-06 00:32:36.086] [info] SA idle = 789
[2026-07-06 00:32:36.086] [info] SA idle = 15270
[2026-07-06 00:32:36.086] [info] SA idle = 12975
[2026-07-06 00:32:36.086] [info] SA idle = 822
[2026-07-06 00:32:36.086] [info] SA idle = 461
[2026-07-06 00:32:36.086] [info] SA idle = 270
[2026-07-06 00:32:36.086] [info] SA idle = 2232
[2026-07-06 00:32:36.086] [info] SA idle = 15130
[2026-07-06 00:32:36.086] [info] SA idle = 14114
[2026-07-06 00:32:36.087] [info] SA idle = 11217
[2026-07-06 00:32:36.087] [info] SA idle = 671
[2026-07-06 00:32:36.087] [info] SA idle = 393
[2026-07-06 00:32:36.087] [info] SA idle = 270
[2026-07-06 00:32:36.087] [info] SA idle = 2250
[2026-07-06 00:32:36.087] [info] SA idle = 12151
[2026-07-06 00:32:36.087] [info] SA idle = 649
[2026-07-06 00:32:36.087] [info] SA idle = 15573
[2026-07-06 00:32:36.087] [info] SA idle = 12870
[2026-07-06 00:32:36.087] [info] SA idle = 737
[2026-07-06 00:32:36.087] [info] SA idle = 451
[2026-07-06 00:32:36.087] [info] SA idle = 270
[2026-07-06 00:32:36.087] [info] SA idle = 2156
[2026-07-06 00:32:36.087] [info] SA idle = 14966
[2026-07-06 00:32:36.087] [info] SA idle = 14110
[2026-07-06 00:32:36.087] [info] SA idle = 11199
[2026-07-06 00:32:36.087] [info] SA idle = 661
[2026-07-06 00:32:36.087] [info] SA idle = 432
[2026-07-06 00:32:36.087] [info] SA idle = 270
[2026-07-06 00:32:36.087] [info] SA idle = 2113
[2026-07-06 00:32:36.087] [info] SA idle = 12592
[2026-07-06 00:32:36.087] [info] SA idle = 256
[2026-07-06 00:32:36.087] [info] SA idle = 15797
[2026-07-06 00:32:36.087] [info] SA idle = 12927
[2026-07-06 00:32:36.087] [info] SA idle = 1450
[2026-07-06 00:32:36.087] [info] SA idle = 387
[2026-07-06 00:32:36.087] [info] SA idle = 270
[2026-07-06 00:32:36.087] [info] SA idle = 2323
[2026-07-06 00:32:36.087] [info] SA idle = 15287
[2026-07-06 00:32:36.087] [info] SA idle = 13728
[2026-07-06 00:32:36.087] [info] SA idle = 11168
[2026-07-06 00:32:36.087] [info] SA idle = 691
[2026-07-06 00:32:36.087] [info] SA idle = 416
[2026-07-06 00:32:36.087] [info] SA idle = 270
[2026-07-06 00:32:36.087] [info] SA idle = 2213
[2026-07-06 00:32:36.087] [info] SA idle = 12177
[2026-07-06 00:32:36.087] [info] SA idle = 709
[2026-07-06 00:32:36.087] [info] SA idle = 15450
[2026-07-06 00:32:36.087] [info] SA idle = 1808
[2026-07-06 00:32:36.087] [info] Vector idle = 17597
[2026-07-06 00:32:36.087] [info] Vector idle = 1
[2026-07-06 00:32:36.087] [info] Vector idle = 1
[2026-07-06 00:32:36.087] [info] Vector idle = 1
[2026-07-06 00:32:36.087] [info] Vector idle = 1
[2026-07-06 00:32:36.087] [info] Vector idle = 1
[2026-07-06 00:32:36.087] [info] Vector idle = 1
[2026-07-06 00:32:36.087] [info] Vector idle = 2
[2026-07-06 00:32:36.087] [info] Vector idle = 1
[2026-07-06 00:32:36.087] [info] Vector idle = 1
[2026-07-06 00:32:36.087] [info] Vector idle = 1
[2026-07-06 00:32:36.087] [info] Vector idle = 1
[2026-07-06 00:32:36.087] [info] Vector idle = 1
[2026-07-06 00:32:36.087] [info] Vector idle = 1
[2026-07-06 00:32:36.087] [info] Vector idle = 1
[2026-07-06 00:32:36.087] [info] Vector idle = 2
[2026-07-06 00:32:36.087] [info] Vector idle = 379
[2026-07-06 00:32:36.087] [info] Vector idle = 124
[2026-07-06 00:32:36.087] [info] Vector idle = 913
[2026-07-06 00:32:36.087] [info] Vector idle = 1
[2026-07-06 00:32:36.087] [info] Vector idle = 1
[2026-07-06 00:32:36.087] [info] Vector idle = 1
[2026-07-06 00:32:36.087] [info] Vector idle = 1
[2026-07-06 00:32:36.087] [info] Vector idle = 1
[2026-07-06 00:32:36.087] [info] Vector idle = 1
[2026-07-06 00:32:36.087] [info] Vector idle = 2
[2026-07-06 00:32:36.087] [info] Vector idle = 608
[2026-07-06 00:32:36.087] [info] Vector idle = 6874
[2026-07-06 00:32:36.087] [info] Vector idle = 202
[2026-07-06 00:32:36.087] [info] Vector idle = 320
[2026-07-06 00:32:36.087] [info] Vector idle = 71
[2026-07-06 00:32:36.087] [info] Vector idle = 22440
[2026-07-06 00:32:36.087] [info] Vector idle = 1
[2026-07-06 00:32:36.087] [info] Vector idle = 1358
[2026-07-06 00:32:36.087] [info] Vector idle = 1
[2026-07-06 00:32:36.087] [info] Vector idle = 30108
[2026-07-06 00:32:36.087] [info] Vector idle = 273
[2026-07-06 00:32:36.087] [info] Vector idle = 147
[2026-07-06 00:32:36.087] [info] Vector idle = 94
[2026-07-06 00:32:36.087] [info] Vector idle = 15491
[2026-07-06 00:32:36.087] [info] Vector idle = 1
[2026-07-06 00:32:36.087] [info] Vector idle = 1
[2026-07-06 00:32:36.087] [info] Vector idle = 1
[2026-07-06 00:32:36.087] [info] Vector idle = 1
[2026-07-06 00:32:36.087] [info] Vector idle = 1
[2026-07-06 00:32:36.087] [info] Vector idle = 1
[2026-07-06 00:32:36.087] [info] Vector idle = 2
[2026-07-06 00:32:36.087] [info] Vector idle = 112
[2026-07-06 00:32:36.087] [info] Vector idle = 1
[2026-07-06 00:32:36.087] [info] Vector idle = 1
[2026-07-06 00:32:36.087] [info] Vector idle = 1
[2026-07-06 00:32:36.087] [info] Vector idle = 1
[2026-07-06 00:32:36.087] [info] Vector idle = 1
[2026-07-06 00:32:36.087] [info] Vector idle = 1
[2026-07-06 00:32:36.087] [info] Vector idle = 2
[2026-07-06 00:32:36.087] [info] Vector idle = 129
[2026-07-06 00:32:36.087] [info] Vector idle = 127
[2026-07-06 00:32:36.087] [info] Vector idle = 662
[2026-07-06 00:32:36.087] [info] Vector idle = 1
[2026-07-06 00:32:36.087] [info] Vector idle = 1
[2026-07-06 00:32:36.087] [info] Vector idle = 1
[2026-07-06 00:32:36.087] [info] Vector idle = 1
[2026-07-06 00:32:36.087] [info] Vector idle = 1
[2026-07-06 00:32:36.087] [info] Vector idle = 1
[2026-07-06 00:32:36.087] [info] Vector idle = 2
[2026-07-06 00:32:36.087] [info] Vector idle = 512
[2026-07-06 00:32:36.087] [info] Vector idle = 4123
[2026-07-06 00:32:36.087] [info] Vector idle = 1
[2026-07-06 00:32:36.087] [info] Vector idle = 53961
[2026-07-06 00:32:36.087] [info] Vector idle = 1
[2026-07-06 00:32:36.087] [info] Vector idle = 1
[2026-07-06 00:32:36.087] [info] Vector idle = 1
[2026-07-06 00:32:36.087] [info] Vector idle = 1
[2026-07-06 00:32:36.087] [info] Vector idle = 1
[2026-07-06 00:32:36.087] [info] Vector idle = 1
[2026-07-06 00:32:36.087] [info] Vector idle = 2
[2026-07-06 00:32:36.087] [info] Vector idle = 112
[2026-07-06 00:32:36.087] [info] Vector idle = 1
[2026-07-06 00:32:36.087] [info] Vector idle = 1
[2026-07-06 00:32:36.087] [info] Vector idle = 1
[2026-07-06 00:32:36.087] [info] Vector idle = 1
[2026-07-06 00:32:36.087] [info] Vector idle = 1
[2026-07-06 00:32:36.087] [info] Vector idle = 1
[2026-07-06 00:32:36.087] [info] Vector idle = 2
[2026-07-06 00:32:36.087] [info] Vector idle = 129
[2026-07-06 00:32:36.087] [info] Vector idle = 127
[2026-07-06 00:32:36.087] [info] Vector idle = 633
[2026-07-06 00:32:36.087] [info] Vector idle = 1
[2026-07-06 00:32:36.087] [info] Vector idle = 1
[2026-07-06 00:32:36.087] [info] Vector idle = 1
[2026-07-06 00:32:36.087] [info] Vector idle = 1
[2026-07-06 00:32:36.087] [info] Vector idle = 1
[2026-07-06 00:32:36.087] [info] Vector idle = 1
[2026-07-06 00:32:36.087] [info] Vector idle = 2
[2026-07-06 00:32:36.087] [info] Vector idle = 512
[2026-07-06 00:32:36.087] [info] Vector idle = 58465
[2026-07-06 00:32:36.087] [info] Vector idle = 1
[2026-07-06 00:32:36.087] [info] Vector idle = 1
[2026-07-06 00:32:36.087] [info] Vector idle = 1
[2026-07-06 00:32:36.087] [info] Vector idle = 1
[2026-07-06 00:32:36.087] [info] Vector idle = 1
[2026-07-06 00:32:36.087] [info] Vector idle = 1
[2026-07-06 00:32:36.087] [info] Vector idle = 2
[2026-07-06 00:32:36.087] [info] Vector idle = 112
[2026-07-06 00:32:36.087] [info] Vector idle = 1
[2026-07-06 00:32:36.087] [info] Vector idle = 1
[2026-07-06 00:32:36.087] [info] Vector idle = 1
[2026-07-06 00:32:36.087] [info] Vector idle = 1
[2026-07-06 00:32:36.087] [info] Vector idle = 1
[2026-07-06 00:32:36.087] [info] Vector idle = 1
[2026-07-06 00:32:36.087] [info] Vector idle = 2
[2026-07-06 00:32:36.087] [info] Vector idle = 129
[2026-07-06 00:32:36.087] [info] Vector idle = 127
[2026-07-06 00:32:36.087] [info] Vector idle = 634
[2026-07-06 00:32:36.087] [info] Vector idle = 1
[2026-07-06 00:32:36.087] [info] Vector idle = 1
[2026-07-06 00:32:36.087] [info] Vector idle = 1
[2026-07-06 00:32:36.087] [info] Vector idle = 1
[2026-07-06 00:32:36.087] [info] Vector idle = 1
[2026-07-06 00:32:36.087] [info] Vector idle = 1
[2026-07-06 00:32:36.087] [info] Vector idle = 2
[2026-07-06 00:32:36.087] [info] Vector idle = 512
[2026-07-06 00:32:36.087] [info] Vector idle = 42782
[2026-07-06 00:32:36.087] [info] Vector idle = 1
[2026-07-06 00:32:36.087] [info] Vector idle = 15313
[2026-07-06 00:32:36.087] [info] Vector idle = 1
[2026-07-06 00:32:36.087] [info] Vector idle = 1
[2026-07-06 00:32:36.087] [info] Vector idle = 1
[2026-07-06 00:32:36.087] [info] Vector idle = 1
[2026-07-06 00:32:36.087] [info] Vector idle = 1
[2026-07-06 00:32:36.087] [info] Vector idle = 1
[2026-07-06 00:32:36.087] [info] Vector idle = 2
[2026-07-06 00:32:36.087] [info] Vector idle = 112
[2026-07-06 00:32:36.087] [info] Vector idle = 1
[2026-07-06 00:32:36.087] [info] Vector idle = 1
[2026-07-06 00:32:36.087] [info] Vector idle = 1
[2026-07-06 00:32:36.087] [info] Vector idle = 1
[2026-07-06 00:32:36.087] [info] Vector idle = 1
[2026-07-06 00:32:36.087] [info] Vector idle = 1
[2026-07-06 00:32:36.087] [info] Vector idle = 2
[2026-07-06 00:32:36.087] [info] Vector idle = 129
[2026-07-06 00:32:36.087] [info] Vector idle = 127
[2026-07-06 00:32:36.087] [info] Vector idle = 678
[2026-07-06 00:32:36.087] [info] Vector idle = 1
[2026-07-06 00:32:36.087] [info] Vector idle = 1
[2026-07-06 00:32:36.087] [info] Vector idle = 1
[2026-07-06 00:32:36.087] [info] Vector idle = 1
[2026-07-06 00:32:36.087] [info] Vector idle = 1
[2026-07-06 00:32:36.087] [info] Vector idle = 1
[2026-07-06 00:32:36.087] [info] Vector idle = 2
[2026-07-06 00:32:36.087] [info] Vector idle = 512
[2026-07-06 00:32:36.087] [info] Vector idle = 22551
[2026-07-06 00:32:36.087] [info] Vector idle = 1
[2026-07-06 00:32:36.087] [info] Vector idle = 35796
[2026-07-06 00:32:36.087] [info] Vector idle = 1
[2026-07-06 00:32:36.087] [info] Vector idle = 1
[2026-07-06 00:32:36.087] [info] Vector idle = 1
[2026-07-06 00:32:36.087] [info] Vector idle = 1
[2026-07-06 00:32:36.087] [info] Vector idle = 1
[2026-07-06 00:32:36.087] [info] Vector idle = 1
[2026-07-06 00:32:36.087] [info] Vector idle = 2
[2026-07-06 00:32:36.087] [info] Vector idle = 112
[2026-07-06 00:32:36.087] [info] Vector idle = 1
[2026-07-06 00:32:36.087] [info] Vector idle = 1
[2026-07-06 00:32:36.087] [info] Vector idle = 1
[2026-07-06 00:32:36.087] [info] Vector idle = 1
[2026-07-06 00:32:36.087] [info] Vector idle = 1
[2026-07-06 00:32:36.087] [info] Vector idle = 1
[2026-07-06 00:32:36.087] [info] Vector idle = 2
[2026-07-06 00:32:36.087] [info] Vector idle = 129
[2026-07-06 00:32:36.087] [info] Vector idle = 127
[2026-07-06 00:32:36.087] [info] Vector idle = 693
[2026-07-06 00:32:36.087] [info] Vector idle = 1
[2026-07-06 00:32:36.087] [info] Vector idle = 1
[2026-07-06 00:32:36.087] [info] Vector idle = 1
[2026-07-06 00:32:36.087] [info] Vector idle = 1
[2026-07-06 00:32:36.087] [info] Vector idle = 1
[2026-07-06 00:32:36.087] [info] Vector idle = 1
[2026-07-06 00:32:36.087] [info] Vector idle = 2
[2026-07-06 00:32:36.087] [info] Vector idle = 512
[2026-07-06 00:32:36.087] [info] Vector idle = 4000
[2026-07-06 00:32:36.087] [info] Vector idle = 1
[2026-07-06 00:32:36.087] [info] Vector idle = 54357
[2026-07-06 00:32:36.087] [info] Vector idle = 1
[2026-07-06 00:32:36.087] [info] Vector idle = 1
[2026-07-06 00:32:36.087] [info] Vector idle = 1
[2026-07-06 00:32:36.087] [info] Vector idle = 1
[2026-07-06 00:32:36.087] [info] Vector idle = 1
[2026-07-06 00:32:36.087] [info] Vector idle = 1
[2026-07-06 00:32:36.087] [info] Vector idle = 2
[2026-07-06 00:32:36.087] [info] Vector idle = 112
[2026-07-06 00:32:36.087] [info] Vector idle = 1
[2026-07-06 00:32:36.087] [info] Vector idle = 1
[2026-07-06 00:32:36.087] [info] Vector idle = 1
[2026-07-06 00:32:36.087] [info] Vector idle = 1
[2026-07-06 00:32:36.087] [info] Vector idle = 1
[2026-07-06 00:32:36.087] [info] Vector idle = 1
[2026-07-06 00:32:36.087] [info] Vector idle = 2
[2026-07-06 00:32:36.087] [info] Vector idle = 129
[2026-07-06 00:32:36.087] [info] Vector idle = 127
[2026-07-06 00:32:36.087] [info] Vector idle = 696
[2026-07-06 00:32:36.087] [info] Vector idle = 1
[2026-07-06 00:32:36.087] [info] Vector idle = 1
[2026-07-06 00:32:36.087] [info] Vector idle = 1
[2026-07-06 00:32:36.087] [info] Vector idle = 1
[2026-07-06 00:32:36.087] [info] Vector idle = 1
[2026-07-06 00:32:36.087] [info] Vector idle = 1
[2026-07-06 00:32:36.087] [info] Vector idle = 2
[2026-07-06 00:32:36.087] [info] Vector idle = 512
[2026-07-06 00:32:36.087] [info] Vector idle = 58112
[2026-07-06 00:32:36.087] [info] Vector idle = 1
[2026-07-06 00:32:36.087] [info] Vector idle = 1
[2026-07-06 00:32:36.087] [info] Vector idle = 1
[2026-07-06 00:32:36.087] [info] Vector idle = 1
[2026-07-06 00:32:36.087] [info] Vector idle = 1
[2026-07-06 00:32:36.087] [info] Vector idle = 1
[2026-07-06 00:32:36.087] [info] Vector idle = 2
[2026-07-06 00:32:36.087] [info] Vector idle = 112
[2026-07-06 00:32:36.087] [info] Vector idle = 1
[2026-07-06 00:32:36.087] [info] Vector idle = 1
[2026-07-06 00:32:36.087] [info] Vector idle = 1
[2026-07-06 00:32:36.087] [info] Vector idle = 1
[2026-07-06 00:32:36.087] [info] Vector idle = 1
[2026-07-06 00:32:36.087] [info] Vector idle = 1
[2026-07-06 00:32:36.087] [info] Vector idle = 2
[2026-07-06 00:32:36.087] [info] Vector idle = 129
[2026-07-06 00:32:36.087] [info] Vector idle = 127
[2026-07-06 00:32:36.087] [info] Vector idle = 683
[2026-07-06 00:32:36.087] [info] Vector idle = 1
[2026-07-06 00:32:36.087] [info] Vector idle = 1
[2026-07-06 00:32:36.087] [info] Vector idle = 1
[2026-07-06 00:32:36.087] [info] Vector idle = 1
[2026-07-06 00:32:36.087] [info] Vector idle = 1
[2026-07-06 00:32:36.087] [info] Vector idle = 1
[2026-07-06 00:32:36.087] [info] Vector idle = 2
[2026-07-06 00:32:36.087] [info] Vector idle = 512
[2026-07-06 00:32:36.087] [info] Vector idle = 42620
[2026-07-06 00:32:36.087] [info] Vector idle = 1
[2026-07-06 00:32:36.087] [info] Vector idle = 15498
[2026-07-06 00:32:36.087] [info] Vector idle = 1
[2026-07-06 00:32:36.087] [info] Vector idle = 1
[2026-07-06 00:32:36.087] [info] Vector idle = 1
[2026-07-06 00:32:36.087] [info] Vector idle = 1
[2026-07-06 00:32:36.087] [info] Vector idle = 1
[2026-07-06 00:32:36.087] [info] Vector idle = 1
[2026-07-06 00:32:36.087] [info] Vector idle = 2
[2026-07-06 00:32:36.087] [info] Vector idle = 112
[2026-07-06 00:32:36.087] [info] Vector idle = 1
[2026-07-06 00:32:36.087] [info] Vector idle = 1
[2026-07-06 00:32:36.087] [info] Vector idle = 1
[2026-07-06 00:32:36.087] [info] Vector idle = 1
[2026-07-06 00:32:36.087] [info] Vector idle = 1
[2026-07-06 00:32:36.087] [info] Vector idle = 1
[2026-07-06 00:32:36.087] [info] Vector idle = 2
[2026-07-06 00:32:36.087] [info] Vector idle = 129
[2026-07-06 00:32:36.087] [info] Vector idle = 127
[2026-07-06 00:32:36.087] [info] Vector idle = 644
[2026-07-06 00:32:36.087] [info] Vector idle = 1
[2026-07-06 00:32:36.087] [info] Vector idle = 1
[2026-07-06 00:32:36.087] [info] Vector idle = 1
[2026-07-06 00:32:36.087] [info] Vector idle = 1
[2026-07-06 00:32:36.087] [info] Vector idle = 1
[2026-07-06 00:32:36.087] [info] Vector idle = 1
[2026-07-06 00:32:36.087] [info] Vector idle = 2
[2026-07-06 00:32:36.087] [info] Vector idle = 512
[2026-07-06 00:32:36.087] [info] Vector idle = 22623
[2026-07-06 00:32:36.087] [info] Vector idle = 1
[2026-07-06 00:32:36.087] [info] Vector idle = 35587
[2026-07-06 00:32:36.087] [info] Vector idle = 1
[2026-07-06 00:32:36.087] [info] Vector idle = 1
[2026-07-06 00:32:36.087] [info] Vector idle = 1
[2026-07-06 00:32:36.087] [info] Vector idle = 1
[2026-07-06 00:32:36.087] [info] Vector idle = 1
[2026-07-06 00:32:36.087] [info] Vector idle = 1
[2026-07-06 00:32:36.087] [info] Vector idle = 2
[2026-07-06 00:32:36.087] [info] Vector idle = 112
[2026-07-06 00:32:36.088] [info] Vector idle = 1
[2026-07-06 00:32:36.088] [info] Vector idle = 1
[2026-07-06 00:32:36.088] [info] Vector idle = 1
[2026-07-06 00:32:36.088] [info] Vector idle = 1
[2026-07-06 00:32:36.088] [info] Vector idle = 1
[2026-07-06 00:32:36.088] [info] Vector idle = 1
[2026-07-06 00:32:36.088] [info] Vector idle = 2
[2026-07-06 00:32:36.088] [info] Vector idle = 129
[2026-07-06 00:32:36.088] [info] Vector idle = 127
[2026-07-06 00:32:36.088] [info] Vector idle = 718
[2026-07-06 00:32:36.088] [info] Vector idle = 1
[2026-07-06 00:32:36.088] [info] Vector idle = 1
[2026-07-06 00:32:36.088] [info] Vector idle = 1
[2026-07-06 00:32:36.088] [info] Vector idle = 1
[2026-07-06 00:32:36.088] [info] Vector idle = 1
[2026-07-06 00:32:36.088] [info] Vector idle = 1
[2026-07-06 00:32:36.088] [info] Vector idle = 2
[2026-07-06 00:32:36.088] [info] Vector idle = 512
[2026-07-06 00:32:36.088] [info] Vector idle = 3945
[2026-07-06 00:32:36.088] [info] Vector idle = 1
[2026-07-06 00:32:36.088] [info] Vector idle = 54013
[2026-07-06 00:32:36.088] [info] Vector idle = 1
[2026-07-06 00:32:36.088] [info] Vector idle = 1
[2026-07-06 00:32:36.088] [info] Vector idle = 1
[2026-07-06 00:32:36.088] [info] Vector idle = 1
[2026-07-06 00:32:36.088] [info] Vector idle = 1
[2026-07-06 00:32:36.088] [info] Vector idle = 1
[2026-07-06 00:32:36.088] [info] Vector idle = 2
[2026-07-06 00:32:36.088] [info] Vector idle = 112
[2026-07-06 00:32:36.088] [info] Vector idle = 1
[2026-07-06 00:32:36.088] [info] Vector idle = 1
[2026-07-06 00:32:36.088] [info] Vector idle = 1
[2026-07-06 00:32:36.088] [info] Vector idle = 1
[2026-07-06 00:32:36.088] [info] Vector idle = 1
[2026-07-06 00:32:36.088] [info] Vector idle = 1
[2026-07-06 00:32:36.088] [info] Vector idle = 2
[2026-07-06 00:32:36.088] [info] Vector idle = 129
[2026-07-06 00:32:36.088] [info] Vector idle = 127
[2026-07-06 00:32:36.088] [info] Vector idle = 650
[2026-07-06 00:32:36.088] [info] Vector idle = 1
[2026-07-06 00:32:36.088] [info] Vector idle = 1
[2026-07-06 00:32:36.088] [info] Vector idle = 1
[2026-07-06 00:32:36.088] [info] Vector idle = 1
[2026-07-06 00:32:36.088] [info] Vector idle = 1
[2026-07-06 00:32:36.088] [info] Vector idle = 1
[2026-07-06 00:32:36.088] [info] Vector idle = 2
[2026-07-06 00:32:36.088] [info] Vector idle = 512
[2026-07-06 00:32:36.088] [info] Vector idle = 58193
[2026-07-06 00:32:36.088] [info] Vector idle = 1
[2026-07-06 00:32:36.088] [info] Vector idle = 1
[2026-07-06 00:32:36.088] [info] Vector idle = 1
[2026-07-06 00:32:36.088] [info] Vector idle = 1
[2026-07-06 00:32:36.088] [info] Vector idle = 1
[2026-07-06 00:32:36.088] [info] Vector idle = 1
[2026-07-06 00:32:36.088] [info] Vector idle = 2
[2026-07-06 00:32:36.088] [info] Vector idle = 112
[2026-07-06 00:32:36.088] [info] Vector idle = 1
[2026-07-06 00:32:36.088] [info] Vector idle = 1
[2026-07-06 00:32:36.088] [info] Vector idle = 1
[2026-07-06 00:32:36.088] [info] Vector idle = 1
[2026-07-06 00:32:36.088] [info] Vector idle = 1
[2026-07-06 00:32:36.088] [info] Vector idle = 1
[2026-07-06 00:32:36.088] [info] Vector idle = 2
[2026-07-06 00:32:36.088] [info] Vector idle = 129
[2026-07-06 00:32:36.088] [info] Vector idle = 127
[2026-07-06 00:32:36.088] [info] Vector idle = 708
[2026-07-06 00:32:36.088] [info] Vector idle = 1
[2026-07-06 00:32:36.088] [info] Vector idle = 1
[2026-07-06 00:32:36.088] [info] Vector idle = 1
[2026-07-06 00:32:36.088] [info] Vector idle = 1
[2026-07-06 00:32:36.088] [info] Vector idle = 1
[2026-07-06 00:32:36.088] [info] Vector idle = 1
[2026-07-06 00:32:36.088] [info] Vector idle = 2
[2026-07-06 00:32:36.088] [info] Vector idle = 512
[2026-07-06 00:32:36.088] [info] Vector idle = 42467
[2026-07-06 00:32:36.088] [info] Vector idle = 1
[2026-07-06 00:32:36.088] [info] Vector idle = 15219
[2026-07-06 00:32:36.088] [info] Vector idle = 1
[2026-07-06 00:32:36.088] [info] Vector idle = 1
[2026-07-06 00:32:36.088] [info] Vector idle = 1
[2026-07-06 00:32:36.088] [info] Vector idle = 1
[2026-07-06 00:32:36.088] [info] Vector idle = 1
[2026-07-06 00:32:36.088] [info] Vector idle = 1
[2026-07-06 00:32:36.088] [info] Vector idle = 2
[2026-07-06 00:32:36.088] [info] Vector idle = 112
[2026-07-06 00:32:36.088] [info] Vector idle = 1
[2026-07-06 00:32:36.088] [info] Vector idle = 1
[2026-07-06 00:32:36.088] [info] Vector idle = 1
[2026-07-06 00:32:36.088] [info] Vector idle = 1
[2026-07-06 00:32:36.088] [info] Vector idle = 1
[2026-07-06 00:32:36.088] [info] Vector idle = 1
[2026-07-06 00:32:36.088] [info] Vector idle = 2
[2026-07-06 00:32:36.088] [info] Vector idle = 129
[2026-07-06 00:32:36.088] [info] Vector idle = 127
[2026-07-06 00:32:36.088] [info] Vector idle = 689
[2026-07-06 00:32:36.088] [info] Vector idle = 1
[2026-07-06 00:32:36.088] [info] Vector idle = 1
[2026-07-06 00:32:36.088] [info] Vector idle = 1
[2026-07-06 00:32:36.088] [info] Vector idle = 1
[2026-07-06 00:32:36.088] [info] Vector idle = 1
[2026-07-06 00:32:36.088] [info] Vector idle = 1
[2026-07-06 00:32:36.088] [info] Vector idle = 2
[2026-07-06 00:32:36.088] [info] Vector idle = 512
[2026-07-06 00:32:36.088] [info] Vector idle = 22619
[2026-07-06 00:32:36.088] [info] Vector idle = 1
[2026-07-06 00:32:36.088] [info] Vector idle = 36476
[2026-07-06 00:32:36.088] [info] Vector idle = 1
[2026-07-06 00:32:36.088] [info] Vector idle = 1
[2026-07-06 00:32:36.088] [info] Vector idle = 1
[2026-07-06 00:32:36.088] [info] Vector idle = 1
[2026-07-06 00:32:36.088] [info] Vector idle = 1
[2026-07-06 00:32:36.088] [info] Vector idle = 1
[2026-07-06 00:32:36.088] [info] Vector idle = 2
[2026-07-06 00:32:36.088] [info] Vector idle = 112
[2026-07-06 00:32:36.088] [info] Vector idle = 1
[2026-07-06 00:32:36.088] [info] Vector idle = 1
[2026-07-06 00:32:36.088] [info] Vector idle = 1
[2026-07-06 00:32:36.088] [info] Vector idle = 1
[2026-07-06 00:32:36.088] [info] Vector idle = 1
[2026-07-06 00:32:36.088] [info] Vector idle = 1
[2026-07-06 00:32:36.088] [info] Vector idle = 2
[2026-07-06 00:32:36.088] [info] Vector idle = 129
[2026-07-06 00:32:36.088] [info] Vector idle = 127
[2026-07-06 00:32:36.088] [info] Vector idle = 644
[2026-07-06 00:32:36.088] [info] Vector idle = 1
[2026-07-06 00:32:36.088] [info] Vector idle = 1
[2026-07-06 00:32:36.088] [info] Vector idle = 1
[2026-07-06 00:32:36.088] [info] Vector idle = 1
[2026-07-06 00:32:36.088] [info] Vector idle = 1
[2026-07-06 00:32:36.088] [info] Vector idle = 1
[2026-07-06 00:32:36.088] [info] Vector idle = 2
[2026-07-06 00:32:36.088] [info] Vector idle = 512
[2026-07-06 00:32:36.088] [info] Vector idle = 4037
[2026-07-06 00:32:36.088] [info] Vector idle = 1
[2026-07-06 00:32:36.088] [info] Vector idle = 53754
[2026-07-06 00:32:36.088] [info] Vector idle = 1
[2026-07-06 00:32:36.088] [info] Vector idle = 1
[2026-07-06 00:32:36.088] [info] Vector idle = 1
[2026-07-06 00:32:36.088] [info] Vector idle = 1
[2026-07-06 00:32:36.088] [info] Vector idle = 1
[2026-07-06 00:32:36.088] [info] Vector idle = 1
[2026-07-06 00:32:36.088] [info] Vector idle = 2
[2026-07-06 00:32:36.088] [info] Vector idle = 112
[2026-07-06 00:32:36.088] [info] Vector idle = 1
[2026-07-06 00:32:36.088] [info] Vector idle = 1
[2026-07-06 00:32:36.088] [info] Vector idle = 1
[2026-07-06 00:32:36.088] [info] Vector idle = 1
[2026-07-06 00:32:36.088] [info] Vector idle = 1
[2026-07-06 00:32:36.088] [info] Vector idle = 1
[2026-07-06 00:32:36.088] [info] Vector idle = 2
[2026-07-06 00:32:36.088] [info] Vector idle = 129
[2026-07-06 00:32:36.088] [info] Vector idle = 127
[2026-07-06 00:32:36.088] [info] Vector idle = 673
[2026-07-06 00:32:36.088] [info] Vector idle = 1
[2026-07-06 00:32:36.088] [info] Vector idle = 1
[2026-07-06 00:32:36.088] [info] Vector idle = 1
[2026-07-06 00:32:36.088] [info] Vector idle = 1
[2026-07-06 00:32:36.088] [info] Vector idle = 1
[2026-07-06 00:32:36.088] [info] Vector idle = 1
[2026-07-06 00:32:36.088] [info] Vector idle = 2
[2026-07-06 00:32:36.088] [info] Vector idle = 512
[2026-07-06 00:32:36.088] [info] Vector idle = 42877
[2026-07-06 00:32:36.088] [info] Core [0] : Vector Inst Issue Count : 437
[2026-07-06 00:32:36.088] [info] Core [0] : Vector Active Cycles : 0
[2026-07-06 00:32:36.088] [info] Core [0] : Total Core Cycles : 919647
[2026-07-06 00:32:36.088] [info] Core [1] : MatMul active cycle 13788 Vector active cycle 1158 
[2026-07-06 00:32:36.088] [info] Core [1] : Memory unit idle cycle 570819 Systolic bubble cycle 4504 Core idle cycle 23873 
[2026-07-06 00:32:36.088] [info] Core [1] : Systolic Array Utilization(%) 26.27 (1.50% PE util), Vector Unit Utilization(%) 0.13, Total cycle: 919647
[2026-07-06 00:32:36.088] [info] Core [1] : Systolic Inst Issue Count : 1764
[2026-07-06 00:32:36.088] [info] Core [1] : Systolic PRELOAD Issue Count : 1764
[2026-07-06 00:32:36.088] [info] SA idle = 11746
[2026-07-06 00:32:36.088] [info] SA idle = 870
[2026-07-06 00:32:36.088] [info] SA idle = 354
[2026-07-06 00:32:36.088] [info] SA idle = 592
[2026-07-06 00:32:36.088] [info] SA idle = 482
[2026-07-06 00:32:36.088] [info] SA idle = 3740
[2026-07-06 00:32:36.088] [info] SA idle = 523
[2026-07-06 00:32:36.088] [info] SA idle = 18941
[2026-07-06 00:32:36.088] [info] SA idle = 25971
[2026-07-06 00:32:36.088] [info] SA idle = 12132
[2026-07-06 00:32:36.088] [info] SA idle = 797
[2026-07-06 00:32:36.088] [info] SA idle = 411
[2026-07-06 00:32:36.088] [info] SA idle = 270
[2026-07-06 00:32:36.088] [info] SA idle = 2154
[2026-07-06 00:32:36.088] [info] SA idle = 12329
[2026-07-06 00:32:36.088] [info] SA idle = 505
[2026-07-06 00:32:36.088] [info] SA idle = 15536
[2026-07-06 00:32:36.088] [info] SA idle = 11498
[2026-07-06 00:32:36.088] [info] SA idle = 599
[2026-07-06 00:32:36.088] [info] SA idle = 406
[2026-07-06 00:32:36.088] [info] SA idle = 270
[2026-07-06 00:32:36.088] [info] SA idle = 2272
[2026-07-06 00:32:36.088] [info] SA idle = 15367
[2026-07-06 00:32:36.088] [info] SA idle = 14276
[2026-07-06 00:32:36.088] [info] SA idle = 11141
[2026-07-06 00:32:36.088] [info] SA idle = 729
[2026-07-06 00:32:36.088] [info] SA idle = 373
[2026-07-06 00:32:36.088] [info] SA idle = 270
[2026-07-06 00:32:36.088] [info] SA idle = 2159
[2026-07-06 00:32:36.088] [info] SA idle = 12711
[2026-07-06 00:32:36.088] [info] SA idle = 15821
[2026-07-06 00:32:36.088] [info] SA idle = 11506
[2026-07-06 00:32:36.088] [info] SA idle = 537
[2026-07-06 00:32:36.088] [info] SA idle = 303
[2026-07-06 00:32:36.088] [info] SA idle = 270
[2026-07-06 00:32:36.088] [info] SA idle = 2388
[2026-07-06 00:32:36.088] [info] SA idle = 15173
[2026-07-06 00:32:36.088] [info] SA idle = 14386
[2026-07-06 00:32:36.088] [info] SA idle = 11294
[2026-07-06 00:32:36.088] [info] SA idle = 632
[2026-07-06 00:32:36.088] [info] SA idle = 419
[2026-07-06 00:32:36.088] [info] SA idle = 270
[2026-07-06 00:32:36.088] [info] SA idle = 2200
[2026-07-06 00:32:36.088] [info] SA idle = 12806
[2026-07-06 00:32:36.088] [info] SA idle = 465
[2026-07-06 00:32:36.088] [info] SA idle = 15500
[2026-07-06 00:32:36.088] [info] SA idle = 11358
[2026-07-06 00:32:36.088] [info] SA idle = 551
[2026-07-06 00:32:36.088] [info] SA idle = 413
[2026-07-06 00:32:36.088] [info] SA idle = 270
[2026-07-06 00:32:36.088] [info] SA idle = 2237
[2026-07-06 00:32:36.088] [info] SA idle = 14629
[2026-07-06 00:32:36.088] [info] SA idle = 14776
[2026-07-06 00:32:36.088] [info] SA idle = 11196
[2026-07-06 00:32:36.088] [info] SA idle = 713
[2026-07-06 00:32:36.088] [info] SA idle = 435
[2026-07-06 00:32:36.088] [info] SA idle = 270
[2026-07-06 00:32:36.088] [info] SA idle = 2167
[2026-07-06 00:32:36.088] [info] SA idle = 12763
[2026-07-06 00:32:36.088] [info] SA idle = 15468
[2026-07-06 00:32:36.088] [info] SA idle = 11609
[2026-07-06 00:32:36.088] [info] SA idle = 576
[2026-07-06 00:32:36.088] [info] SA idle = 255
[2026-07-06 00:32:36.088] [info] SA idle = 270
[2026-07-06 00:32:36.088] [info] SA idle = 2406
[2026-07-06 00:32:36.088] [info] SA idle = 15507
[2026-07-06 00:32:36.088] [info] SA idle = 13822
[2026-07-06 00:32:36.088] [info] SA idle = 11278
[2026-07-06 00:32:36.088] [info] SA idle = 834
[2026-07-06 00:32:36.088] [info] SA idle = 434
[2026-07-06 00:32:36.088] [info] SA idle = 270
[2026-07-06 00:32:36.088] [info] SA idle = 2205
[2026-07-06 00:32:36.088] [info] SA idle = 12067
[2026-07-06 00:32:36.088] [info] SA idle = 608
[2026-07-06 00:32:36.088] [info] SA idle = 15210
[2026-07-06 00:32:36.088] [info] SA idle = 11851
[2026-07-06 00:32:36.088] [info] SA idle = 555
[2026-07-06 00:32:36.088] [info] SA idle = 428
[2026-07-06 00:32:36.088] [info] SA idle = 270
[2026-07-06 00:32:36.088] [info] SA idle = 2146
[2026-07-06 00:32:36.088] [info] SA idle = 15455
[2026-07-06 00:32:36.088] [info] SA idle = 14010
[2026-07-06 00:32:36.088] [info] SA idle = 11209
[2026-07-06 00:32:36.088] [info] SA idle = 708
[2026-07-06 00:32:36.088] [info] SA idle = 441
[2026-07-06 00:32:36.088] [info] SA idle = 270
[2026-07-06 00:32:36.088] [info] SA idle = 2220
[2026-07-06 00:32:36.088] [info] SA idle = 12234
[2026-07-06 00:32:36.088] [info] SA idle = 15782
[2026-07-06 00:32:36.088] [info] SA idle = 11466
[2026-07-06 00:32:36.088] [info] SA idle = 556
[2026-07-06 00:32:36.088] [info] SA idle = 403
[2026-07-06 00:32:36.088] [info] SA idle = 270
[2026-07-06 00:32:36.088] [info] SA idle = 2244
[2026-07-06 00:32:36.088] [info] SA idle = 15438
[2026-07-06 00:32:36.088] [info] SA idle = 14119
[2026-07-06 00:32:36.088] [info] SA idle = 11239
[2026-07-06 00:32:36.088] [info] SA idle = 1468
[2026-07-06 00:32:36.088] [info] SA idle = 415
[2026-07-06 00:32:36.088] [info] SA idle = 270
[2026-07-06 00:32:36.088] [info] SA idle = 2209
[2026-07-06 00:32:36.088] [info] SA idle = 12003
[2026-07-06 00:32:36.088] [info] SA idle = 332
[2026-07-06 00:32:36.088] [info] SA idle = 479
[2026-07-06 00:32:36.088] [info] SA idle = 15115
[2026-07-06 00:32:36.088] [info] SA idle = 11446
[2026-07-06 00:32:36.088] [info] SA idle = 563
[2026-07-06 00:32:36.088] [info] SA idle = 470
[2026-07-06 00:32:36.088] [info] SA idle = 270
[2026-07-06 00:32:36.088] [info] SA idle = 2156
[2026-07-06 00:32:36.088] [info] SA idle = 15333
[2026-07-06 00:32:36.088] [info] SA idle = 14073
[2026-07-06 00:32:36.088] [info] SA idle = 116
[2026-07-06 00:32:36.088] [info] Vector idle = 17805
[2026-07-06 00:32:36.088] [info] Vector idle = 1
[2026-07-06 00:32:36.088] [info] Vector idle = 1
[2026-07-06 00:32:36.088] [info] Vector idle = 1
[2026-07-06 00:32:36.088] [info] Vector idle = 1
[2026-07-06 00:32:36.088] [info] Vector idle = 1
[2026-07-06 00:32:36.088] [info] Vector idle = 1
[2026-07-06 00:32:36.088] [info] Vector idle = 2
[2026-07-06 00:32:36.088] [info] Vector idle = 1
[2026-07-06 00:32:36.088] [info] Vector idle = 1
[2026-07-06 00:32:36.088] [info] Vector idle = 1
[2026-07-06 00:32:36.088] [info] Vector idle = 1
[2026-07-06 00:32:36.088] [info] Vector idle = 1
[2026-07-06 00:32:36.088] [info] Vector idle = 1
[2026-07-06 00:32:36.088] [info] Vector idle = 1
[2026-07-06 00:32:36.088] [info] Vector idle = 2
[2026-07-06 00:32:36.088] [info] Vector idle = 379
[2026-07-06 00:32:36.088] [info] Vector idle = 124
[2026-07-06 00:32:36.088] [info] Vector idle = 942
[2026-07-06 00:32:36.088] [info] Vector idle = 1
[2026-07-06 00:32:36.088] [info] Vector idle = 1
[2026-07-06 00:32:36.088] [info] Vector idle = 1
[2026-07-06 00:32:36.088] [info] Vector idle = 1
[2026-07-06 00:32:36.088] [info] Vector idle = 1
[2026-07-06 00:32:36.088] [info] Vector idle = 1
[2026-07-06 00:32:36.088] [info] Vector idle = 2
[2026-07-06 00:32:36.088] [info] Vector idle = 608
[2026-07-06 00:32:36.088] [info] Vector idle = 6842
[2026-07-06 00:32:36.088] [info] Vector idle = 229
[2026-07-06 00:32:36.088] [info] Vector idle = 150
[2026-07-06 00:32:36.088] [info] Vector idle = 4
[2026-07-06 00:32:36.088] [info] Vector idle = 22559
[2026-07-06 00:32:36.089] [info] Vector idle = 1
[2026-07-06 00:32:36.089] [info] Vector idle = 1242
[2026-07-06 00:32:36.089] [info] Vector idle = 1
[2026-07-06 00:32:36.089] [info] Vector idle = 30383
[2026-07-06 00:32:36.089] [info] Vector idle = 248
[2026-07-06 00:32:36.089] [info] Vector idle = 129
[2026-07-06 00:32:36.089] [info] Vector idle = 1
[2026-07-06 00:32:36.089] [info] Vector idle = 15369
[2026-07-06 00:32:36.089] [info] Vector idle = 1
[2026-07-06 00:32:36.089] [info] Vector idle = 1
[2026-07-06 00:32:36.089] [info] Vector idle = 1
[2026-07-06 00:32:36.089] [info] Vector idle = 1
[2026-07-06 00:32:36.089] [info] Vector idle = 1
[2026-07-06 00:32:36.089] [info] Vector idle = 1
[2026-07-06 00:32:36.089] [info] Vector idle = 2
[2026-07-06 00:32:36.089] [info] Vector idle = 112
[2026-07-06 00:32:36.089] [info] Vector idle = 1
[2026-07-06 00:32:36.089] [info] Vector idle = 1
[2026-07-06 00:32:36.089] [info] Vector idle = 1
[2026-07-06 00:32:36.089] [info] Vector idle = 1
[2026-07-06 00:32:36.089] [info] Vector idle = 1
[2026-07-06 00:32:36.089] [info] Vector idle = 1
[2026-07-06 00:32:36.089] [info] Vector idle = 2
[2026-07-06 00:32:36.089] [info] Vector idle = 129
[2026-07-06 00:32:36.089] [info] Vector idle = 127
[2026-07-06 00:32:36.089] [info] Vector idle = 668
[2026-07-06 00:32:36.089] [info] Vector idle = 1
[2026-07-06 00:32:36.089] [info] Vector idle = 1
[2026-07-06 00:32:36.089] [info] Vector idle = 1
[2026-07-06 00:32:36.089] [info] Vector idle = 1
[2026-07-06 00:32:36.089] [info] Vector idle = 1
[2026-07-06 00:32:36.089] [info] Vector idle = 1
[2026-07-06 00:32:36.089] [info] Vector idle = 2
[2026-07-06 00:32:36.089] [info] Vector idle = 512
[2026-07-06 00:32:36.089] [info] Vector idle = 22368
[2026-07-06 00:32:36.089] [info] Vector idle = 1
[2026-07-06 00:32:36.089] [info] Vector idle = 35749
[2026-07-06 00:32:36.089] [info] Vector idle = 1
[2026-07-06 00:32:36.089] [info] Vector idle = 1
[2026-07-06 00:32:36.089] [info] Vector idle = 1
[2026-07-06 00:32:36.089] [info] Vector idle = 1
[2026-07-06 00:32:36.089] [info] Vector idle = 1
[2026-07-06 00:32:36.089] [info] Vector idle = 1
[2026-07-06 00:32:36.089] [info] Vector idle = 2
[2026-07-06 00:32:36.089] [info] Vector idle = 112
[2026-07-06 00:32:36.089] [info] Vector idle = 1
[2026-07-06 00:32:36.089] [info] Vector idle = 1
[2026-07-06 00:32:36.089] [info] Vector idle = 1
[2026-07-06 00:32:36.089] [info] Vector idle = 1
[2026-07-06 00:32:36.089] [info] Vector idle = 1
[2026-07-06 00:32:36.089] [info] Vector idle = 1
[2026-07-06 00:32:36.089] [info] Vector idle = 2
[2026-07-06 00:32:36.089] [info] Vector idle = 129
[2026-07-06 00:32:36.089] [info] Vector idle = 127
[2026-07-06 00:32:36.089] [info] Vector idle = 663
[2026-07-06 00:32:36.089] [info] Vector idle = 1
[2026-07-06 00:32:36.089] [info] Vector idle = 1
[2026-07-06 00:32:36.089] [info] Vector idle = 1
[2026-07-06 00:32:36.089] [info] Vector idle = 1
[2026-07-06 00:32:36.089] [info] Vector idle = 1
[2026-07-06 00:32:36.089] [info] Vector idle = 1
[2026-07-06 00:32:36.089] [info] Vector idle = 2
[2026-07-06 00:32:36.089] [info] Vector idle = 512
[2026-07-06 00:32:36.089] [info] Vector idle = 4012
[2026-07-06 00:32:36.089] [info] Vector idle = 1
[2026-07-06 00:32:36.089] [info] Vector idle = 54367
[2026-07-06 00:32:36.089] [info] Vector idle = 1
[2026-07-06 00:32:36.089] [info] Vector idle = 1
[2026-07-06 00:32:36.089] [info] Vector idle = 1
[2026-07-06 00:32:36.089] [info] Vector idle = 1
[2026-07-06 00:32:36.089] [info] Vector idle = 1
[2026-07-06 00:32:36.089] [info] Vector idle = 1
[2026-07-06 00:32:36.089] [info] Vector idle = 2
[2026-07-06 00:32:36.089] [info] Vector idle = 112
[2026-07-06 00:32:36.089] [info] Vector idle = 1
[2026-07-06 00:32:36.089] [info] Vector idle = 1
[2026-07-06 00:32:36.089] [info] Vector idle = 1
[2026-07-06 00:32:36.089] [info] Vector idle = 1
[2026-07-06 00:32:36.089] [info] Vector idle = 1
[2026-07-06 00:32:36.089] [info] Vector idle = 1
[2026-07-06 00:32:36.089] [info] Vector idle = 2
[2026-07-06 00:32:36.089] [info] Vector idle = 129
[2026-07-06 00:32:36.089] [info] Vector idle = 127
[2026-07-06 00:32:36.089] [info] Vector idle = 630
[2026-07-06 00:32:36.089] [info] Vector idle = 1
[2026-07-06 00:32:36.089] [info] Vector idle = 1
[2026-07-06 00:32:36.089] [info] Vector idle = 1
[2026-07-06 00:32:36.089] [info] Vector idle = 1
[2026-07-06 00:32:36.089] [info] Vector idle = 1
[2026-07-06 00:32:36.089] [info] Vector idle = 1
[2026-07-06 00:32:36.089] [info] Vector idle = 2
[2026-07-06 00:32:36.089] [info] Vector idle = 512
[2026-07-06 00:32:36.089] [info] Vector idle = 58103
[2026-07-06 00:32:36.089] [info] Vector idle = 1
[2026-07-06 00:32:36.089] [info] Vector idle = 1
[2026-07-06 00:32:36.089] [info] Vector idle = 1
[2026-07-06 00:32:36.089] [info] Vector idle = 1
[2026-07-06 00:32:36.089] [info] Vector idle = 1
[2026-07-06 00:32:36.089] [info] Vector idle = 1
[2026-07-06 00:32:36.089] [info] Vector idle = 2
[2026-07-06 00:32:36.089] [info] Vector idle = 112
[2026-07-06 00:32:36.089] [info] Vector idle = 1
[2026-07-06 00:32:36.089] [info] Vector idle = 1
[2026-07-06 00:32:36.089] [info] Vector idle = 1
[2026-07-06 00:32:36.089] [info] Vector idle = 1
[2026-07-06 00:32:36.089] [info] Vector idle = 1
[2026-07-06 00:32:36.089] [info] Vector idle = 1
[2026-07-06 00:32:36.089] [info] Vector idle = 2
[2026-07-06 00:32:36.089] [info] Vector idle = 129
[2026-07-06 00:32:36.089] [info] Vector idle = 127
[2026-07-06 00:32:36.089] [info] Vector idle = 560
[2026-07-06 00:32:36.089] [info] Vector idle = 1
[2026-07-06 00:32:36.089] [info] Vector idle = 1
[2026-07-06 00:32:36.089] [info] Vector idle = 1
[2026-07-06 00:32:36.089] [info] Vector idle = 1
[2026-07-06 00:32:36.089] [info] Vector idle = 1
[2026-07-06 00:32:36.089] [info] Vector idle = 1
[2026-07-06 00:32:36.089] [info] Vector idle = 2
[2026-07-06 00:32:36.089] [info] Vector idle = 512
[2026-07-06 00:32:36.089] [info] Vector idle = 43137
[2026-07-06 00:32:36.089] [info] Vector idle = 1
[2026-07-06 00:32:36.089] [info] Vector idle = 15330
[2026-07-06 00:32:36.089] [info] Vector idle = 1
[2026-07-06 00:32:36.089] [info] Vector idle = 1
[2026-07-06 00:32:36.089] [info] Vector idle = 1
[2026-07-06 00:32:36.089] [info] Vector idle = 1
[2026-07-06 00:32:36.089] [info] Vector idle = 1
[2026-07-06 00:32:36.089] [info] Vector idle = 1
[2026-07-06 00:32:36.089] [info] Vector idle = 2
[2026-07-06 00:32:36.089] [info] Vector idle = 112
[2026-07-06 00:32:36.089] [info] Vector idle = 1
[2026-07-06 00:32:36.089] [info] Vector idle = 1
[2026-07-06 00:32:36.089] [info] Vector idle = 1
[2026-07-06 00:32:36.089] [info] Vector idle = 1
[2026-07-06 00:32:36.089] [info] Vector idle = 1
[2026-07-06 00:32:36.089] [info] Vector idle = 1
[2026-07-06 00:32:36.089] [info] Vector idle = 2
[2026-07-06 00:32:36.089] [info] Vector idle = 129
[2026-07-06 00:32:36.089] [info] Vector idle = 127
[2026-07-06 00:32:36.089] [info] Vector idle = 676
[2026-07-06 00:32:36.089] [info] Vector idle = 1
[2026-07-06 00:32:36.089] [info] Vector idle = 1
[2026-07-06 00:32:36.089] [info] Vector idle = 1
[2026-07-06 00:32:36.089] [info] Vector idle = 1
[2026-07-06 00:32:36.089] [info] Vector idle = 1
[2026-07-06 00:32:36.089] [info] Vector idle = 1
[2026-07-06 00:32:36.089] [info] Vector idle = 2
[2026-07-06 00:32:36.089] [info] Vector idle = 512
[2026-07-06 00:32:36.089] [info] Vector idle = 22853
[2026-07-06 00:32:36.089] [info] Vector idle = 1
[2026-07-06 00:32:36.089] [info] Vector idle = 35523
[2026-07-06 00:32:36.089] [info] Vector idle = 1
[2026-07-06 00:32:36.089] [info] Vector idle = 1
[2026-07-06 00:32:36.089] [info] Vector idle = 1
[2026-07-06 00:32:36.089] [info] Vector idle = 1
[2026-07-06 00:32:36.089] [info] Vector idle = 1
[2026-07-06 00:32:36.089] [info] Vector idle = 1
[2026-07-06 00:32:36.089] [info] Vector idle = 2
[2026-07-06 00:32:36.089] [info] Vector idle = 112
[2026-07-06 00:32:36.089] [info] Vector idle = 1
[2026-07-06 00:32:36.089] [info] Vector idle = 1
[2026-07-06 00:32:36.089] [info] Vector idle = 1
[2026-07-06 00:32:36.089] [info] Vector idle = 1
[2026-07-06 00:32:36.089] [info] Vector idle = 1
[2026-07-06 00:32:36.089] [info] Vector idle = 1
[2026-07-06 00:32:36.089] [info] Vector idle = 2
[2026-07-06 00:32:36.089] [info] Vector idle = 129
[2026-07-06 00:32:36.089] [info] Vector idle = 127
[2026-07-06 00:32:36.089] [info] Vector idle = 670
[2026-07-06 00:32:36.089] [info] Vector idle = 1
[2026-07-06 00:32:36.089] [info] Vector idle = 1
[2026-07-06 00:32:36.089] [info] Vector idle = 1
[2026-07-06 00:32:36.089] [info] Vector idle = 1
[2026-07-06 00:32:36.089] [info] Vector idle = 1
[2026-07-06 00:32:36.089] [info] Vector idle = 1
[2026-07-06 00:32:36.089] [info] Vector idle = 2
[2026-07-06 00:32:36.089] [info] Vector idle = 512
[2026-07-06 00:32:36.089] [info] Vector idle = 3950
[2026-07-06 00:32:36.089] [info] Vector idle = 1
[2026-07-06 00:32:36.089] [info] Vector idle = 54195
[2026-07-06 00:32:36.089] [info] Vector idle = 1
[2026-07-06 00:32:36.089] [info] Vector idle = 1
[2026-07-06 00:32:36.089] [info] Vector idle = 1
[2026-07-06 00:32:36.089] [info] Vector idle = 1
[2026-07-06 00:32:36.089] [info] Vector idle = 1
[2026-07-06 00:32:36.089] [info] Vector idle = 1
[2026-07-06 00:32:36.089] [info] Vector idle = 2
[2026-07-06 00:32:36.089] [info] Vector idle = 112
[2026-07-06 00:32:36.089] [info] Vector idle = 1
[2026-07-06 00:32:36.089] [info] Vector idle = 1
[2026-07-06 00:32:36.089] [info] Vector idle = 1
[2026-07-06 00:32:36.089] [info] Vector idle = 1
[2026-07-06 00:32:36.089] [info] Vector idle = 1
[2026-07-06 00:32:36.089] [info] Vector idle = 1
[2026-07-06 00:32:36.089] [info] Vector idle = 2
[2026-07-06 00:32:36.089] [info] Vector idle = 129
[2026-07-06 00:32:36.089] [info] Vector idle = 127
[2026-07-06 00:32:36.089] [info] Vector idle = 692
[2026-07-06 00:32:36.089] [info] Vector idle = 1
[2026-07-06 00:32:36.089] [info] Vector idle = 1
[2026-07-06 00:32:36.089] [info] Vector idle = 1
[2026-07-06 00:32:36.089] [info] Vector idle = 1
[2026-07-06 00:32:36.089] [info] Vector idle = 1
[2026-07-06 00:32:36.089] [info] Vector idle = 1
[2026-07-06 00:32:36.089] [info] Vector idle = 2
[2026-07-06 00:32:36.089] [info] Vector idle = 512
[2026-07-06 00:32:36.089] [info] Vector idle = 58005
[2026-07-06 00:32:36.089] [info] Vector idle = 1
[2026-07-06 00:32:36.089] [info] Vector idle = 1
[2026-07-06 00:32:36.089] [info] Vector idle = 1
[2026-07-06 00:32:36.089] [info] Vector idle = 1
[2026-07-06 00:32:36.089] [info] Vector idle = 1
[2026-07-06 00:32:36.089] [info] Vector idle = 1
[2026-07-06 00:32:36.089] [info] Vector idle = 2
[2026-07-06 00:32:36.089] [info] Vector idle = 112
[2026-07-06 00:32:36.089] [info] Vector idle = 1
[2026-07-06 00:32:36.089] [info] Vector idle = 1
[2026-07-06 00:32:36.089] [info] Vector idle = 1
[2026-07-06 00:32:36.089] [info] Vector idle = 1
[2026-07-06 00:32:36.089] [info] Vector idle = 1
[2026-07-06 00:32:36.089] [info] Vector idle = 1
[2026-07-06 00:32:36.089] [info] Vector idle = 2
[2026-07-06 00:32:36.089] [info] Vector idle = 129
[2026-07-06 00:32:36.089] [info] Vector idle = 127
[2026-07-06 00:32:36.089] [info] Vector idle = 512
[2026-07-06 00:32:36.089] [info] Vector idle = 1
[2026-07-06 00:32:36.089] [info] Vector idle = 1
[2026-07-06 00:32:36.089] [info] Vector idle = 1
[2026-07-06 00:32:36.089] [info] Vector idle = 1
[2026-07-06 00:32:36.089] [info] Vector idle = 1
[2026-07-06 00:32:36.089] [info] Vector idle = 1
[2026-07-06 00:32:36.089] [info] Vector idle = 2
[2026-07-06 00:32:36.089] [info] Vector idle = 512
[2026-07-06 00:32:36.089] [info] Vector idle = 42955
[2026-07-06 00:32:36.089] [info] Vector idle = 1
[2026-07-06 00:32:36.089] [info] Vector idle = 15486
[2026-07-06 00:32:36.089] [info] Vector idle = 1
[2026-07-06 00:32:36.089] [info] Vector idle = 1
[2026-07-06 00:32:36.089] [info] Vector idle = 1
[2026-07-06 00:32:36.089] [info] Vector idle = 1
[2026-07-06 00:32:36.089] [info] Vector idle = 1
[2026-07-06 00:32:36.089] [info] Vector idle = 1
[2026-07-06 00:32:36.089] [info] Vector idle = 2
[2026-07-06 00:32:36.089] [info] Vector idle = 112
[2026-07-06 00:32:36.089] [info] Vector idle = 1
[2026-07-06 00:32:36.089] [info] Vector idle = 1
[2026-07-06 00:32:36.089] [info] Vector idle = 1
[2026-07-06 00:32:36.089] [info] Vector idle = 1
[2026-07-06 00:32:36.089] [info] Vector idle = 1
[2026-07-06 00:32:36.089] [info] Vector idle = 1
[2026-07-06 00:32:36.089] [info] Vector idle = 2
[2026-07-06 00:32:36.089] [info] Vector idle = 129
[2026-07-06 00:32:36.089] [info] Vector idle = 127
[2026-07-06 00:32:36.089] [info] Vector idle = 691
[2026-07-06 00:32:36.089] [info] Vector idle = 1
[2026-07-06 00:32:36.089] [info] Vector idle = 1
[2026-07-06 00:32:36.089] [info] Vector idle = 1
[2026-07-06 00:32:36.089] [info] Vector idle = 1
[2026-07-06 00:32:36.089] [info] Vector idle = 1
[2026-07-06 00:32:36.089] [info] Vector idle = 1
[2026-07-06 00:32:36.089] [info] Vector idle = 2
[2026-07-06 00:32:36.089] [info] Vector idle = 512
[2026-07-06 00:32:36.089] [info] Vector idle = 22334
[2026-07-06 00:32:36.089] [info] Vector idle = 1
[2026-07-06 00:32:36.089] [info] Vector idle = 35658
[2026-07-06 00:32:36.089] [info] Vector idle = 1
[2026-07-06 00:32:36.089] [info] Vector idle = 1
[2026-07-06 00:32:36.089] [info] Vector idle = 1
[2026-07-06 00:32:36.089] [info] Vector idle = 1
[2026-07-06 00:32:36.089] [info] Vector idle = 1
[2026-07-06 00:32:36.089] [info] Vector idle = 1
[2026-07-06 00:32:36.089] [info] Vector idle = 2
[2026-07-06 00:32:36.089] [info] Vector idle = 112
[2026-07-06 00:32:36.089] [info] Vector idle = 1
[2026-07-06 00:32:36.089] [info] Vector idle = 1
[2026-07-06 00:32:36.089] [info] Vector idle = 1
[2026-07-06 00:32:36.089] [info] Vector idle = 1
[2026-07-06 00:32:36.089] [info] Vector idle = 1
[2026-07-06 00:32:36.089] [info] Vector idle = 1
[2026-07-06 00:32:36.089] [info] Vector idle = 2
[2026-07-06 00:32:36.089] [info] Vector idle = 129
[2026-07-06 00:32:36.089] [info] Vector idle = 127
[2026-07-06 00:32:36.089] [info] Vector idle = 685
[2026-07-06 00:32:36.089] [info] Vector idle = 1
[2026-07-06 00:32:36.089] [info] Vector idle = 1
[2026-07-06 00:32:36.089] [info] Vector idle = 1
[2026-07-06 00:32:36.089] [info] Vector idle = 1
[2026-07-06 00:32:36.089] [info] Vector idle = 1
[2026-07-06 00:32:36.089] [info] Vector idle = 1
[2026-07-06 00:32:36.089] [info] Vector idle = 2
[2026-07-06 00:32:36.089] [info] Vector idle = 512
[2026-07-06 00:32:36.089] [info] Vector idle = 3950
[2026-07-06 00:32:36.089] [info] Vector idle = 1
[2026-07-06 00:32:36.089] [info] Vector idle = 54172
[2026-07-06 00:32:36.089] [info] Vector idle = 1
[2026-07-06 00:32:36.089] [info] Vector idle = 1
[2026-07-06 00:32:36.089] [info] Vector idle = 1
[2026-07-06 00:32:36.089] [info] Vector idle = 1
[2026-07-06 00:32:36.089] [info] Vector idle = 1
[2026-07-06 00:32:36.089] [info] Vector idle = 1
[2026-07-06 00:32:36.089] [info] Vector idle = 2
[2026-07-06 00:32:36.089] [info] Vector idle = 112
[2026-07-06 00:32:36.089] [info] Vector idle = 1
[2026-07-06 00:32:36.089] [info] Vector idle = 1
[2026-07-06 00:32:36.089] [info] Vector idle = 1
[2026-07-06 00:32:36.089] [info] Vector idle = 1
[2026-07-06 00:32:36.089] [info] Vector idle = 1
[2026-07-06 00:32:36.089] [info] Vector idle = 1
[2026-07-06 00:32:36.089] [info] Vector idle = 2
[2026-07-06 00:32:36.089] [info] Vector idle = 129
[2026-07-06 00:32:36.089] [info] Vector idle = 127
[2026-07-06 00:32:36.089] [info] Vector idle = 698
[2026-07-06 00:32:36.089] [info] Vector idle = 1
[2026-07-06 00:32:36.089] [info] Vector idle = 1
[2026-07-06 00:32:36.089] [info] Vector idle = 1
[2026-07-06 00:32:36.089] [info] Vector idle = 1
[2026-07-06 00:32:36.089] [info] Vector idle = 1
[2026-07-06 00:32:36.089] [info] Vector idle = 1
[2026-07-06 00:32:36.089] [info] Vector idle = 2
[2026-07-06 00:32:36.089] [info] Vector idle = 512
[2026-07-06 00:32:36.089] [info] Vector idle = 57744
[2026-07-06 00:32:36.089] [info] Vector idle = 1
[2026-07-06 00:32:36.089] [info] Vector idle = 1
[2026-07-06 00:32:36.089] [info] Vector idle = 1
[2026-07-06 00:32:36.089] [info] Vector idle = 1
[2026-07-06 00:32:36.089] [info] Vector idle = 1
[2026-07-06 00:32:36.089] [info] Vector idle = 1
[2026-07-06 00:32:36.089] [info] Vector idle = 2
[2026-07-06 00:32:36.089] [info] Vector idle = 112
[2026-07-06 00:32:36.089] [info] Vector idle = 1
[2026-07-06 00:32:36.089] [info] Vector idle = 1
[2026-07-06 00:32:36.089] [info] Vector idle = 1
[2026-07-06 00:32:36.089] [info] Vector idle = 1
[2026-07-06 00:32:36.089] [info] Vector idle = 1
[2026-07-06 00:32:36.089] [info] Vector idle = 1
[2026-07-06 00:32:36.089] [info] Vector idle = 2
[2026-07-06 00:32:36.089] [info] Vector idle = 129
[2026-07-06 00:32:36.089] [info] Vector idle = 127
[2026-07-06 00:32:36.089] [info] Vector idle = 660
[2026-07-06 00:32:36.089] [info] Vector idle = 1
[2026-07-06 00:32:36.089] [info] Vector idle = 1
[2026-07-06 00:32:36.089] [info] Vector idle = 1
[2026-07-06 00:32:36.089] [info] Vector idle = 1
[2026-07-06 00:32:36.089] [info] Vector idle = 1
[2026-07-06 00:32:36.089] [info] Vector idle = 1
[2026-07-06 00:32:36.089] [info] Vector idle = 2
[2026-07-06 00:32:36.089] [info] Vector idle = 512
[2026-07-06 00:32:36.089] [info] Vector idle = 43002
[2026-07-06 00:32:36.089] [info] Vector idle = 1
[2026-07-06 00:32:36.089] [info] Vector idle = 16100
[2026-07-06 00:32:36.089] [info] Vector idle = 1
[2026-07-06 00:32:36.089] [info] Vector idle = 1
[2026-07-06 00:32:36.089] [info] Vector idle = 1
[2026-07-06 00:32:36.089] [info] Vector idle = 1
[2026-07-06 00:32:36.089] [info] Vector idle = 1
[2026-07-06 00:32:36.089] [info] Vector idle = 1
[2026-07-06 00:32:36.089] [info] Vector idle = 2
[2026-07-06 00:32:36.089] [info] Vector idle = 112
[2026-07-06 00:32:36.089] [info] Vector idle = 1
[2026-07-06 00:32:36.089] [info] Vector idle = 1
[2026-07-06 00:32:36.089] [info] Vector idle = 1
[2026-07-06 00:32:36.089] [info] Vector idle = 1
[2026-07-06 00:32:36.089] [info] Vector idle = 1
[2026-07-06 00:32:36.089] [info] Vector idle = 1
[2026-07-06 00:32:36.089] [info] Vector idle = 2
[2026-07-06 00:32:36.089] [info] Vector idle = 129
[2026-07-06 00:32:36.089] [info] Vector idle = 127
[2026-07-06 00:32:36.089] [info] Vector idle = 672
[2026-07-06 00:32:36.089] [info] Vector idle = 1
[2026-07-06 00:32:36.089] [info] Vector idle = 1
[2026-07-06 00:32:36.089] [info] Vector idle = 1
[2026-07-06 00:32:36.089] [info] Vector idle = 1
[2026-07-06 00:32:36.089] [info] Vector idle = 1
[2026-07-06 00:32:36.089] [info] Vector idle = 1
[2026-07-06 00:32:36.089] [info] Vector idle = 2
[2026-07-06 00:32:36.089] [info] Vector idle = 512
[2026-07-06 00:32:36.089] [info] Vector idle = 22579
[2026-07-06 00:32:36.089] [info] Vector idle = 1
[2026-07-06 00:32:36.089] [info] Vector idle = 35194
[2026-07-06 00:32:36.089] [info] Vector idle = 1
[2026-07-06 00:32:36.089] [info] Vector idle = 1
[2026-07-06 00:32:36.089] [info] Vector idle = 1
[2026-07-06 00:32:36.089] [info] Vector idle = 1
[2026-07-06 00:32:36.089] [info] Vector idle = 1
[2026-07-06 00:32:36.089] [info] Vector idle = 1
[2026-07-06 00:32:36.089] [info] Vector idle = 2
[2026-07-06 00:32:36.089] [info] Vector idle = 112
[2026-07-06 00:32:36.089] [info] Vector idle = 1
[2026-07-06 00:32:36.089] [info] Vector idle = 1
[2026-07-06 00:32:36.089] [info] Vector idle = 1
[2026-07-06 00:32:36.089] [info] Vector idle = 1
[2026-07-06 00:32:36.089] [info] Vector idle = 1
[2026-07-06 00:32:36.089] [info] Vector idle = 1
[2026-07-06 00:32:36.089] [info] Vector idle = 2
[2026-07-06 00:32:36.089] [info] Vector idle = 129
[2026-07-06 00:32:36.089] [info] Vector idle = 127
[2026-07-06 00:32:36.089] [info] Vector idle = 727
[2026-07-06 00:32:36.089] [info] Vector idle = 1
[2026-07-06 00:32:36.089] [info] Vector idle = 1
[2026-07-06 00:32:36.089] [info] Vector idle = 1
[2026-07-06 00:32:36.089] [info] Vector idle = 1
[2026-07-06 00:32:36.089] [info] Vector idle = 1
[2026-07-06 00:32:36.089] [info] Vector idle = 1
[2026-07-06 00:32:36.089] [info] Vector idle = 2
[2026-07-06 00:32:36.089] [info] Vector idle = 512
[2026-07-06 00:32:36.089] [info] Vector idle = 3916
[2026-07-06 00:32:36.089] [info] Vector idle = 1
[2026-07-06 00:32:36.089] [info] Vector idle = 38895
[2026-07-06 00:32:36.089] [info] Core [1] : Vector Inst Issue Count : 439
[2026-07-06 00:32:36.089] [info] Core [1] : Vector Active Cycles : 0
[2026-07-06 00:32:36.089] [info] Core [1] : Total Core Cycles : 919647
[2026-07-06 00:32:36.089] [info] Core [2] : MatMul active cycle 12504 Vector active cycle 1164 
[2026-07-06 00:32:36.089] [info] Core [2] : Memory unit idle cycle 606015 Systolic bubble cycle 4707 Core idle cycle 25074 
[2026-07-06 00:32:36.089] [info] Core [2] : Systolic Array Utilization(%) 24.92 (1.36% PE util), Vector Unit Utilization(%) 0.13, Total cycle: 919647
[2026-07-06 00:32:36.089] [info] Core [2] : Systolic Inst Issue Count : 1668
[2026-07-06 00:32:36.089] [info] Core [2] : Systolic PRELOAD Issue Count : 1668
[2026-07-06 00:32:36.089] [info] SA idle = 12917
[2026-07-06 00:32:36.089] [info] SA idle = 1057
[2026-07-06 00:32:36.089] [info] SA idle = 354
[2026-07-06 00:32:36.089] [info] SA idle = 698
[2026-07-06 00:32:36.089] [info] SA idle = 482
[2026-07-06 00:32:36.089] [info] SA idle = 3820
[2026-07-06 00:32:36.089] [info] SA idle = 504
[2026-07-06 00:32:36.089] [info] SA idle = 18986
[2026-07-06 00:32:36.089] [info] SA idle = 25913
[2026-07-06 00:32:36.089] [info] SA idle = 12152
[2026-07-06 00:32:36.090] [info] SA idle = 784
[2026-07-06 00:32:36.090] [info] SA idle = 411
[2026-07-06 00:32:36.090] [info] SA idle = 270
[2026-07-06 00:32:36.090] [info] SA idle = 2175
[2026-07-06 00:32:36.090] [info] SA idle = 11986
[2026-07-06 00:32:36.090] [info] SA idle = 479
[2026-07-06 00:32:36.090] [info] SA idle = 15831
[2026-07-06 00:32:36.090] [info] SA idle = 12915
[2026-07-06 00:32:36.090] [info] SA idle = 730
[2026-07-06 00:32:36.090] [info] SA idle = 409
[2026-07-06 00:32:36.090] [info] SA idle = 270
[2026-07-06 00:32:36.090] [info] SA idle = 2321
[2026-07-06 00:32:36.090] [info] SA idle = 15304
[2026-07-06 00:32:36.090] [info] SA idle = 14299
[2026-07-06 00:32:36.090] [info] SA idle = 11211
[2026-07-06 00:32:36.090] [info] SA idle = 698
[2026-07-06 00:32:36.090] [info] SA idle = 362
[2026-07-06 00:32:36.090] [info] SA idle = 270
[2026-07-06 00:32:36.090] [info] SA idle = 2157
[2026-07-06 00:32:36.090] [info] SA idle = 12912
[2026-07-06 00:32:36.090] [info] SA idle = 15586
[2026-07-06 00:32:36.090] [info] SA idle = 12987
[2026-07-06 00:32:36.090] [info] SA idle = 646
[2026-07-06 00:32:36.090] [info] SA idle = 416
[2026-07-06 00:32:36.090] [info] SA idle = 270
[2026-07-06 00:32:36.090] [info] SA idle = 2245
[2026-07-06 00:32:36.090] [info] SA idle = 15170
[2026-07-06 00:32:36.090] [info] SA idle = 14384
[2026-07-06 00:32:36.090] [info] SA idle = 11324
[2026-07-06 00:32:36.090] [info] SA idle = 617
[2026-07-06 00:32:36.090] [info] SA idle = 404
[2026-07-06 00:32:36.090] [info] SA idle = 270
[2026-07-06 00:32:36.090] [info] SA idle = 2242
[2026-07-06 00:32:36.090] [info] SA idle = 12739
[2026-07-06 00:32:36.090] [info] SA idle = 469
[2026-07-06 00:32:36.090] [info] SA idle = 15494
[2026-07-06 00:32:36.090] [info] SA idle = 12812
[2026-07-06 00:32:36.090] [info] SA idle = 670
[2026-07-06 00:32:36.090] [info] SA idle = 434
[2026-07-06 00:32:36.090] [info] SA idle = 270
[2026-07-06 00:32:36.090] [info] SA idle = 2151
[2026-07-06 00:32:36.090] [info] SA idle = 14710
[2026-07-06 00:32:36.090] [info] SA idle = 14728
[2026-07-06 00:32:36.090] [info] SA idle = 11237
[2026-07-06 00:32:36.090] [info] SA idle = 688
[2026-07-06 00:32:36.090] [info] SA idle = 428
[2026-07-06 00:32:36.090] [info] SA idle = 270
[2026-07-06 00:32:36.090] [info] SA idle = 2194
[2026-07-06 00:32:36.090] [info] SA idle = 12460
[2026-07-06 00:32:36.090] [info] SA idle = 15792
[2026-07-06 00:32:36.090] [info] SA idle = 13095
[2026-07-06 00:32:36.090] [info] SA idle = 754
[2026-07-06 00:32:36.090] [info] SA idle = 384
[2026-07-06 00:32:36.090] [info] SA idle = 270
[2026-07-06 00:32:36.090] [info] SA idle = 2221
[2026-07-06 00:32:36.090] [info] SA idle = 15411
[2026-07-06 00:32:36.090] [info] SA idle = 13898
[2026-07-06 00:32:36.090] [info] SA idle = 11169
[2026-07-06 00:32:36.090] [info] SA idle = 910
[2026-07-06 00:32:36.090] [info] SA idle = 434
[2026-07-06 00:32:36.090] [info] SA idle = 270
[2026-07-06 00:32:36.090] [info] SA idle = 2166
[2026-07-06 00:32:36.090] [info] SA idle = 11902
[2026-07-06 00:32:36.090] [info] SA idle = 624
[2026-07-06 00:32:36.090] [info] SA idle = 15370
[2026-07-06 00:32:36.090] [info] SA idle = 13287
[2026-07-06 00:32:36.090] [info] SA idle = 659
[2026-07-06 00:32:36.090] [info] SA idle = 428
[2026-07-06 00:32:36.090] [info] SA idle = 270
[2026-07-06 00:32:36.090] [info] SA idle = 2234
[2026-07-06 00:32:36.090] [info] SA idle = 15346
[2026-07-06 00:32:36.090] [info] SA idle = 14058
[2026-07-06 00:32:36.090] [info] SA idle = 11201
[2026-07-06 00:32:36.090] [info] SA idle = 690
[2026-07-06 00:32:36.090] [info] SA idle = 406
[2026-07-06 00:32:36.090] [info] SA idle = 270
[2026-07-06 00:32:36.090] [info] SA idle = 2241
[2026-07-06 00:32:36.090] [info] SA idle = 12349
[2026-07-06 00:32:36.090] [info] SA idle = 15728
[2026-07-06 00:32:36.090] [info] SA idle = 12901
[2026-07-06 00:32:36.090] [info] SA idle = 703
[2026-07-06 00:32:36.090] [info] SA idle = 404
[2026-07-06 00:32:36.090] [info] SA idle = 270
[2026-07-06 00:32:36.090] [info] SA idle = 2156
[2026-07-06 00:32:36.090] [info] SA idle = 15468
[2026-07-06 00:32:36.090] [info] SA idle = 14149
[2026-07-06 00:32:36.090] [info] SA idle = 11245
[2026-07-06 00:32:36.090] [info] SA idle = 1470
[2026-07-06 00:32:36.090] [info] SA idle = 441
[2026-07-06 00:32:36.090] [info] SA idle = 270
[2026-07-06 00:32:36.090] [info] SA idle = 2123
[2026-07-06 00:32:36.090] [info] SA idle = 12333
[2026-07-06 00:32:36.090] [info] SA idle = 555
[2026-07-06 00:32:36.090] [info] SA idle = 15217
[2026-07-06 00:32:36.090] [info] SA idle = 12834
[2026-07-06 00:32:36.090] [info] SA idle = 701
[2026-07-06 00:32:36.090] [info] SA idle = 429
[2026-07-06 00:32:36.090] [info] SA idle = 270
[2026-07-06 00:32:36.090] [info] SA idle = 2249
[2026-07-06 00:32:36.090] [info] SA idle = 15267
[2026-07-06 00:32:36.090] [info] SA idle = 14124
[2026-07-06 00:32:36.090] [info] SA idle = 86
[2026-07-06 00:32:36.090] [info] Vector idle = 17627
[2026-07-06 00:32:36.090] [info] Vector idle = 1
[2026-07-06 00:32:36.090] [info] Vector idle = 1
[2026-07-06 00:32:36.090] [info] Vector idle = 1
[2026-07-06 00:32:36.090] [info] Vector idle = 1
[2026-07-06 00:32:36.090] [info] Vector idle = 1
[2026-07-06 00:32:36.090] [info] Vector idle = 1
[2026-07-06 00:32:36.090] [info] Vector idle = 2
[2026-07-06 00:32:36.090] [info] Vector idle = 1
[2026-07-06 00:32:36.090] [info] Vector idle = 1
[2026-07-06 00:32:36.090] [info] Vector idle = 1
[2026-07-06 00:32:36.090] [info] Vector idle = 1
[2026-07-06 00:32:36.090] [info] Vector idle = 1
[2026-07-06 00:32:36.090] [info] Vector idle = 1
[2026-07-06 00:32:36.090] [info] Vector idle = 1
[2026-07-06 00:32:36.090] [info] Vector idle = 2
[2026-07-06 00:32:36.090] [info] Vector idle = 379
[2026-07-06 00:32:36.090] [info] Vector idle = 124
[2026-07-06 00:32:36.090] [info] Vector idle = 1048
[2026-07-06 00:32:36.090] [info] Vector idle = 1
[2026-07-06 00:32:36.090] [info] Vector idle = 1
[2026-07-06 00:32:36.090] [info] Vector idle = 1
[2026-07-06 00:32:36.090] [info] Vector idle = 1
[2026-07-06 00:32:36.090] [info] Vector idle = 1
[2026-07-06 00:32:36.090] [info] Vector idle = 1
[2026-07-06 00:32:36.090] [info] Vector idle = 2
[2026-07-06 00:32:36.090] [info] Vector idle = 608
[2026-07-06 00:32:36.090] [info] Vector idle = 6952
[2026-07-06 00:32:36.090] [info] Vector idle = 316
[2026-07-06 00:32:36.090] [info] Vector idle = 22
[2026-07-06 00:32:36.090] [info] Vector idle = 25
[2026-07-06 00:32:36.090] [info] Vector idle = 22835
[2026-07-06 00:32:36.090] [info] Vector idle = 1
[2026-07-06 00:32:36.090] [info] Vector idle = 986
[2026-07-06 00:32:36.090] [info] Vector idle = 1
[2026-07-06 00:32:36.090] [info] Vector idle = 30286
[2026-07-06 00:32:36.090] [info] Vector idle = 255
[2026-07-06 00:32:36.090] [info] Vector idle = 157
[2026-07-06 00:32:36.090] [info] Vector idle = 62
[2026-07-06 00:32:36.090] [info] Vector idle = 15309
[2026-07-06 00:32:36.090] [info] Vector idle = 1
[2026-07-06 00:32:36.090] [info] Vector idle = 1
[2026-07-06 00:32:36.090] [info] Vector idle = 1
[2026-07-06 00:32:36.090] [info] Vector idle = 1
[2026-07-06 00:32:36.090] [info] Vector idle = 1
[2026-07-06 00:32:36.090] [info] Vector idle = 1
[2026-07-06 00:32:36.090] [info] Vector idle = 2
[2026-07-06 00:32:36.090] [info] Vector idle = 112
[2026-07-06 00:32:36.090] [info] Vector idle = 1
[2026-07-06 00:32:36.090] [info] Vector idle = 1
[2026-07-06 00:32:36.090] [info] Vector idle = 1
[2026-07-06 00:32:36.090] [info] Vector idle = 1
[2026-07-06 00:32:36.090] [info] Vector idle = 1
[2026-07-06 00:32:36.090] [info] Vector idle = 1
[2026-07-06 00:32:36.090] [info] Vector idle = 2
[2026-07-06 00:32:36.090] [info] Vector idle = 129
[2026-07-06 00:32:36.090] [info] Vector idle = 127
[2026-07-06 00:32:36.090] [info] Vector idle = 668
[2026-07-06 00:32:36.090] [info] Vector idle = 1
[2026-07-06 00:32:36.090] [info] Vector idle = 1
[2026-07-06 00:32:36.090] [info] Vector idle = 1
[2026-07-06 00:32:36.090] [info] Vector idle = 1
[2026-07-06 00:32:36.090] [info] Vector idle = 1
[2026-07-06 00:32:36.090] [info] Vector idle = 1
[2026-07-06 00:32:36.090] [info] Vector idle = 2
[2026-07-06 00:32:36.090] [info] Vector idle = 512
[2026-07-06 00:32:36.090] [info] Vector idle = 42765
[2026-07-06 00:32:36.090] [info] Vector idle = 1
[2026-07-06 00:32:36.090] [info] Vector idle = 15338
[2026-07-06 00:32:36.090] [info] Vector idle = 1
[2026-07-06 00:32:36.090] [info] Vector idle = 1
[2026-07-06 00:32:36.090] [info] Vector idle = 1
[2026-07-06 00:32:36.090] [info] Vector idle = 1
[2026-07-06 00:32:36.090] [info] Vector idle = 1
[2026-07-06 00:32:36.090] [info] Vector idle = 1
[2026-07-06 00:32:36.090] [info] Vector idle = 2
[2026-07-06 00:32:36.090] [info] Vector idle = 112
[2026-07-06 00:32:36.090] [info] Vector idle = 1
[2026-07-06 00:32:36.090] [info] Vector idle = 1
[2026-07-06 00:32:36.090] [info] Vector idle = 1
[2026-07-06 00:32:36.090] [info] Vector idle = 1
[2026-07-06 00:32:36.090] [info] Vector idle = 1
[2026-07-06 00:32:36.090] [info] Vector idle = 1
[2026-07-06 00:32:36.090] [info] Vector idle = 2
[2026-07-06 00:32:36.090] [info] Vector idle = 129
[2026-07-06 00:32:36.090] [info] Vector idle = 127
[2026-07-06 00:32:36.090] [info] Vector idle = 666
[2026-07-06 00:32:36.090] [info] Vector idle = 1
[2026-07-06 00:32:36.090] [info] Vector idle = 1
[2026-07-06 00:32:36.090] [info] Vector idle = 1
[2026-07-06 00:32:36.090] [info] Vector idle = 1
[2026-07-06 00:32:36.090] [info] Vector idle = 1
[2026-07-06 00:32:36.090] [info] Vector idle = 1
[2026-07-06 00:32:36.090] [info] Vector idle = 2
[2026-07-06 00:32:36.090] [info] Vector idle = 512
[2026-07-06 00:32:36.090] [info] Vector idle = 22690
[2026-07-06 00:32:36.090] [info] Vector idle = 1
[2026-07-06 00:32:36.090] [info] Vector idle = 35741
[2026-07-06 00:32:36.090] [info] Vector idle = 1
[2026-07-06 00:32:36.090] [info] Vector idle = 1
[2026-07-06 00:32:36.090] [info] Vector idle = 1
[2026-07-06 00:32:36.090] [info] Vector idle = 1
[2026-07-06 00:32:36.090] [info] Vector idle = 1
[2026-07-06 00:32:36.090] [info] Vector idle = 1
[2026-07-06 00:32:36.090] [info] Vector idle = 2
[2026-07-06 00:32:36.090] [info] Vector idle = 112
[2026-07-06 00:32:36.090] [info] Vector idle = 1
[2026-07-06 00:32:36.090] [info] Vector idle = 1
[2026-07-06 00:32:36.090] [info] Vector idle = 1
[2026-07-06 00:32:36.090] [info] Vector idle = 1
[2026-07-06 00:32:36.090] [info] Vector idle = 1
[2026-07-06 00:32:36.090] [info] Vector idle = 1
[2026-07-06 00:32:36.090] [info] Vector idle = 2
[2026-07-06 00:32:36.090] [info] Vector idle = 129
[2026-07-06 00:32:36.090] [info] Vector idle = 127
[2026-07-06 00:32:36.090] [info] Vector idle = 619
[2026-07-06 00:32:36.090] [info] Vector idle = 1
[2026-07-06 00:32:36.090] [info] Vector idle = 1
[2026-07-06 00:32:36.090] [info] Vector idle = 1
[2026-07-06 00:32:36.090] [info] Vector idle = 1
[2026-07-06 00:32:36.090] [info] Vector idle = 1
[2026-07-06 00:32:36.090] [info] Vector idle = 1
[2026-07-06 00:32:36.090] [info] Vector idle = 2
[2026-07-06 00:32:36.090] [info] Vector idle = 512
[2026-07-06 00:32:36.090] [info] Vector idle = 3952
[2026-07-06 00:32:36.090] [info] Vector idle = 1
[2026-07-06 00:32:36.090] [info] Vector idle = 54162
[2026-07-06 00:32:36.090] [info] Vector idle = 1
[2026-07-06 00:32:36.090] [info] Vector idle = 1
[2026-07-06 00:32:36.090] [info] Vector idle = 1
[2026-07-06 00:32:36.090] [info] Vector idle = 1
[2026-07-06 00:32:36.090] [info] Vector idle = 1
[2026-07-06 00:32:36.090] [info] Vector idle = 1
[2026-07-06 00:32:36.090] [info] Vector idle = 2
[2026-07-06 00:32:36.090] [info] Vector idle = 112
[2026-07-06 00:32:36.090] [info] Vector idle = 1
[2026-07-06 00:32:36.090] [info] Vector idle = 1
[2026-07-06 00:32:36.090] [info] Vector idle = 1
[2026-07-06 00:32:36.090] [info] Vector idle = 1
[2026-07-06 00:32:36.090] [info] Vector idle = 1
[2026-07-06 00:32:36.090] [info] Vector idle = 1
[2026-07-06 00:32:36.090] [info] Vector idle = 2
[2026-07-06 00:32:36.090] [info] Vector idle = 129
[2026-07-06 00:32:36.090] [info] Vector idle = 127
[2026-07-06 00:32:36.090] [info] Vector idle = 673
[2026-07-06 00:32:36.090] [info] Vector idle = 1
[2026-07-06 00:32:36.090] [info] Vector idle = 1
[2026-07-06 00:32:36.090] [info] Vector idle = 1
[2026-07-06 00:32:36.090] [info] Vector idle = 1
[2026-07-06 00:32:36.090] [info] Vector idle = 1
[2026-07-06 00:32:36.090] [info] Vector idle = 1
[2026-07-06 00:32:36.090] [info] Vector idle = 2
[2026-07-06 00:32:36.090] [info] Vector idle = 512
[2026-07-06 00:32:36.090] [info] Vector idle = 58341
[2026-07-06 00:32:36.090] [info] Vector idle = 1
[2026-07-06 00:32:36.090] [info] Vector idle = 1
[2026-07-06 00:32:36.090] [info] Vector idle = 1
[2026-07-06 00:32:36.090] [info] Vector idle = 1
[2026-07-06 00:32:36.090] [info] Vector idle = 1
[2026-07-06 00:32:36.090] [info] Vector idle = 1
[2026-07-06 00:32:36.090] [info] Vector idle = 2
[2026-07-06 00:32:36.090] [info] Vector idle = 112
[2026-07-06 00:32:36.090] [info] Vector idle = 1
[2026-07-06 00:32:36.090] [info] Vector idle = 1
[2026-07-06 00:32:36.090] [info] Vector idle = 1
[2026-07-06 00:32:36.090] [info] Vector idle = 1
[2026-07-06 00:32:36.090] [info] Vector idle = 1
[2026-07-06 00:32:36.090] [info] Vector idle = 1
[2026-07-06 00:32:36.090] [info] Vector idle = 2
[2026-07-06 00:32:36.090] [info] Vector idle = 129
[2026-07-06 00:32:36.090] [info] Vector idle = 127
[2026-07-06 00:32:36.090] [info] Vector idle = 661
[2026-07-06 00:32:36.090] [info] Vector idle = 1
[2026-07-06 00:32:36.090] [info] Vector idle = 1
[2026-07-06 00:32:36.090] [info] Vector idle = 1
[2026-07-06 00:32:36.090] [info] Vector idle = 1
[2026-07-06 00:32:36.090] [info] Vector idle = 1
[2026-07-06 00:32:36.090] [info] Vector idle = 1
[2026-07-06 00:32:36.090] [info] Vector idle = 2
[2026-07-06 00:32:36.090] [info] Vector idle = 512
[2026-07-06 00:32:36.090] [info] Vector idle = 43171
[2026-07-06 00:32:36.090] [info] Vector idle = 1
[2026-07-06 00:32:36.090] [info] Vector idle = 15211
[2026-07-06 00:32:36.090] [info] Vector idle = 1
[2026-07-06 00:32:36.090] [info] Vector idle = 1
[2026-07-06 00:32:36.090] [info] Vector idle = 1
[2026-07-06 00:32:36.090] [info] Vector idle = 1
[2026-07-06 00:32:36.090] [info] Vector idle = 1
[2026-07-06 00:32:36.090] [info] Vector idle = 1
[2026-07-06 00:32:36.090] [info] Vector idle = 2
[2026-07-06 00:32:36.090] [info] Vector idle = 112
[2026-07-06 00:32:36.090] [info] Vector idle = 1
[2026-07-06 00:32:36.090] [info] Vector idle = 1
[2026-07-06 00:32:36.090] [info] Vector idle = 1
[2026-07-06 00:32:36.090] [info] Vector idle = 1
[2026-07-06 00:32:36.090] [info] Vector idle = 1
[2026-07-06 00:32:36.090] [info] Vector idle = 1
[2026-07-06 00:32:36.090] [info] Vector idle = 2
[2026-07-06 00:32:36.090] [info] Vector idle = 129
[2026-07-06 00:32:36.090] [info] Vector idle = 127
[2026-07-06 00:32:36.090] [info] Vector idle = 691
[2026-07-06 00:32:36.090] [info] Vector idle = 1
[2026-07-06 00:32:36.090] [info] Vector idle = 1
[2026-07-06 00:32:36.090] [info] Vector idle = 1
[2026-07-06 00:32:36.090] [info] Vector idle = 1
[2026-07-06 00:32:36.090] [info] Vector idle = 1
[2026-07-06 00:32:36.090] [info] Vector idle = 1
[2026-07-06 00:32:36.090] [info] Vector idle = 2
[2026-07-06 00:32:36.090] [info] Vector idle = 512
[2026-07-06 00:32:36.090] [info] Vector idle = 22474
[2026-07-06 00:32:36.090] [info] Vector idle = 1
[2026-07-06 00:32:36.090] [info] Vector idle = 35638
[2026-07-06 00:32:36.090] [info] Vector idle = 1
[2026-07-06 00:32:36.090] [info] Vector idle = 1
[2026-07-06 00:32:36.090] [info] Vector idle = 1
[2026-07-06 00:32:36.090] [info] Vector idle = 1
[2026-07-06 00:32:36.090] [info] Vector idle = 1
[2026-07-06 00:32:36.090] [info] Vector idle = 1
[2026-07-06 00:32:36.090] [info] Vector idle = 2
[2026-07-06 00:32:36.090] [info] Vector idle = 112
[2026-07-06 00:32:36.090] [info] Vector idle = 1
[2026-07-06 00:32:36.090] [info] Vector idle = 1
[2026-07-06 00:32:36.090] [info] Vector idle = 1
[2026-07-06 00:32:36.090] [info] Vector idle = 1
[2026-07-06 00:32:36.090] [info] Vector idle = 1
[2026-07-06 00:32:36.090] [info] Vector idle = 1
[2026-07-06 00:32:36.090] [info] Vector idle = 2
[2026-07-06 00:32:36.090] [info] Vector idle = 129
[2026-07-06 00:32:36.090] [info] Vector idle = 127
[2026-07-06 00:32:36.090] [info] Vector idle = 685
[2026-07-06 00:32:36.090] [info] Vector idle = 1
[2026-07-06 00:32:36.090] [info] Vector idle = 1
[2026-07-06 00:32:36.090] [info] Vector idle = 1
[2026-07-06 00:32:36.090] [info] Vector idle = 1
[2026-07-06 00:32:36.090] [info] Vector idle = 1
[2026-07-06 00:32:36.090] [info] Vector idle = 1
[2026-07-06 00:32:36.090] [info] Vector idle = 2
[2026-07-06 00:32:36.090] [info] Vector idle = 512
[2026-07-06 00:32:36.090] [info] Vector idle = 3996
[2026-07-06 00:32:36.090] [info] Vector idle = 1
[2026-07-06 00:32:36.090] [info] Vector idle = 54125
[2026-07-06 00:32:36.090] [info] Vector idle = 1
[2026-07-06 00:32:36.090] [info] Vector idle = 1
[2026-07-06 00:32:36.090] [info] Vector idle = 1
[2026-07-06 00:32:36.090] [info] Vector idle = 1
[2026-07-06 00:32:36.090] [info] Vector idle = 1
[2026-07-06 00:32:36.090] [info] Vector idle = 1
[2026-07-06 00:32:36.090] [info] Vector idle = 2
[2026-07-06 00:32:36.090] [info] Vector idle = 112
[2026-07-06 00:32:36.090] [info] Vector idle = 1
[2026-07-06 00:32:36.090] [info] Vector idle = 1
[2026-07-06 00:32:36.090] [info] Vector idle = 1
[2026-07-06 00:32:36.090] [info] Vector idle = 1
[2026-07-06 00:32:36.090] [info] Vector idle = 1
[2026-07-06 00:32:36.090] [info] Vector idle = 1
[2026-07-06 00:32:36.090] [info] Vector idle = 2
[2026-07-06 00:32:36.090] [info] Vector idle = 129
[2026-07-06 00:32:36.090] [info] Vector idle = 127
[2026-07-06 00:32:36.090] [info] Vector idle = 641
[2026-07-06 00:32:36.090] [info] Vector idle = 1
[2026-07-06 00:32:36.090] [info] Vector idle = 1
[2026-07-06 00:32:36.090] [info] Vector idle = 1
[2026-07-06 00:32:36.090] [info] Vector idle = 1
[2026-07-06 00:32:36.090] [info] Vector idle = 1
[2026-07-06 00:32:36.090] [info] Vector idle = 1
[2026-07-06 00:32:36.090] [info] Vector idle = 2
[2026-07-06 00:32:36.090] [info] Vector idle = 512
[2026-07-06 00:32:36.090] [info] Vector idle = 58210
[2026-07-06 00:32:36.090] [info] Vector idle = 1
[2026-07-06 00:32:36.090] [info] Vector idle = 1
[2026-07-06 00:32:36.090] [info] Vector idle = 1
[2026-07-06 00:32:36.090] [info] Vector idle = 1
[2026-07-06 00:32:36.090] [info] Vector idle = 1
[2026-07-06 00:32:36.090] [info] Vector idle = 1
[2026-07-06 00:32:36.090] [info] Vector idle = 2
[2026-07-06 00:32:36.090] [info] Vector idle = 112
[2026-07-06 00:32:36.090] [info] Vector idle = 1
[2026-07-06 00:32:36.090] [info] Vector idle = 1
[2026-07-06 00:32:36.090] [info] Vector idle = 1
[2026-07-06 00:32:36.090] [info] Vector idle = 1
[2026-07-06 00:32:36.090] [info] Vector idle = 1
[2026-07-06 00:32:36.090] [info] Vector idle = 1
[2026-07-06 00:32:36.090] [info] Vector idle = 2
[2026-07-06 00:32:36.090] [info] Vector idle = 129
[2026-07-06 00:32:36.090] [info] Vector idle = 127
[2026-07-06 00:32:36.090] [info] Vector idle = 691
[2026-07-06 00:32:36.090] [info] Vector idle = 1
[2026-07-06 00:32:36.090] [info] Vector idle = 1
[2026-07-06 00:32:36.090] [info] Vector idle = 1
[2026-07-06 00:32:36.090] [info] Vector idle = 1
[2026-07-06 00:32:36.090] [info] Vector idle = 1
[2026-07-06 00:32:36.090] [info] Vector idle = 1
[2026-07-06 00:32:36.090] [info] Vector idle = 2
[2026-07-06 00:32:36.090] [info] Vector idle = 512
[2026-07-06 00:32:36.090] [info] Vector idle = 42694
[2026-07-06 00:32:36.090] [info] Vector idle = 1
[2026-07-06 00:32:36.090] [info] Vector idle = 15297
[2026-07-06 00:32:36.090] [info] Vector idle = 1
[2026-07-06 00:32:36.090] [info] Vector idle = 1
[2026-07-06 00:32:36.090] [info] Vector idle = 1
[2026-07-06 00:32:36.090] [info] Vector idle = 1
[2026-07-06 00:32:36.090] [info] Vector idle = 1
[2026-07-06 00:32:36.090] [info] Vector idle = 1
[2026-07-06 00:32:36.090] [info] Vector idle = 2
[2026-07-06 00:32:36.090] [info] Vector idle = 112
[2026-07-06 00:32:36.090] [info] Vector idle = 1
[2026-07-06 00:32:36.090] [info] Vector idle = 1
[2026-07-06 00:32:36.090] [info] Vector idle = 1
[2026-07-06 00:32:36.090] [info] Vector idle = 1
[2026-07-06 00:32:36.090] [info] Vector idle = 1
[2026-07-06 00:32:36.090] [info] Vector idle = 1
[2026-07-06 00:32:36.090] [info] Vector idle = 2
[2026-07-06 00:32:36.090] [info] Vector idle = 129
[2026-07-06 00:32:36.090] [info] Vector idle = 127
[2026-07-06 00:32:36.090] [info] Vector idle = 685
[2026-07-06 00:32:36.090] [info] Vector idle = 1
[2026-07-06 00:32:36.090] [info] Vector idle = 1
[2026-07-06 00:32:36.090] [info] Vector idle = 1
[2026-07-06 00:32:36.090] [info] Vector idle = 1
[2026-07-06 00:32:36.090] [info] Vector idle = 1
[2026-07-06 00:32:36.090] [info] Vector idle = 1
[2026-07-06 00:32:36.090] [info] Vector idle = 2
[2026-07-06 00:32:36.090] [info] Vector idle = 512
[2026-07-06 00:32:36.090] [info] Vector idle = 22560
[2026-07-06 00:32:36.090] [info] Vector idle = 1
[2026-07-06 00:32:36.090] [info] Vector idle = 35567
[2026-07-06 00:32:36.090] [info] Vector idle = 1
[2026-07-06 00:32:36.090] [info] Vector idle = 1
[2026-07-06 00:32:36.090] [info] Vector idle = 1
[2026-07-06 00:32:36.090] [info] Vector idle = 1
[2026-07-06 00:32:36.090] [info] Vector idle = 1
[2026-07-06 00:32:36.090] [info] Vector idle = 1
[2026-07-06 00:32:36.090] [info] Vector idle = 2
[2026-07-06 00:32:36.090] [info] Vector idle = 112
[2026-07-06 00:32:36.090] [info] Vector idle = 1
[2026-07-06 00:32:36.090] [info] Vector idle = 1
[2026-07-06 00:32:36.090] [info] Vector idle = 1
[2026-07-06 00:32:36.090] [info] Vector idle = 1
[2026-07-06 00:32:36.090] [info] Vector idle = 1
[2026-07-06 00:32:36.090] [info] Vector idle = 1
[2026-07-06 00:32:36.090] [info] Vector idle = 2
[2026-07-06 00:32:36.090] [info] Vector idle = 129
[2026-07-06 00:32:36.090] [info] Vector idle = 127
[2026-07-06 00:32:36.090] [info] Vector idle = 663
[2026-07-06 00:32:36.090] [info] Vector idle = 1
[2026-07-06 00:32:36.090] [info] Vector idle = 1
[2026-07-06 00:32:36.090] [info] Vector idle = 1
[2026-07-06 00:32:36.090] [info] Vector idle = 1
[2026-07-06 00:32:36.090] [info] Vector idle = 1
[2026-07-06 00:32:36.090] [info] Vector idle = 1
[2026-07-06 00:32:36.090] [info] Vector idle = 2
[2026-07-06 00:32:36.090] [info] Vector idle = 512
[2026-07-06 00:32:36.090] [info] Vector idle = 3959
[2026-07-06 00:32:36.090] [info] Vector idle = 1
[2026-07-06 00:32:36.090] [info] Vector idle = 53848
[2026-07-06 00:32:36.090] [info] Vector idle = 1
[2026-07-06 00:32:36.090] [info] Vector idle = 1
[2026-07-06 00:32:36.090] [info] Vector idle = 1
[2026-07-06 00:32:36.090] [info] Vector idle = 1
[2026-07-06 00:32:36.090] [info] Vector idle = 1
[2026-07-06 00:32:36.090] [info] Vector idle = 1
[2026-07-06 00:32:36.090] [info] Vector idle = 2
[2026-07-06 00:32:36.090] [info] Vector idle = 112
[2026-07-06 00:32:36.090] [info] Vector idle = 1
[2026-07-06 00:32:36.090] [info] Vector idle = 1
[2026-07-06 00:32:36.090] [info] Vector idle = 1
[2026-07-06 00:32:36.090] [info] Vector idle = 1
[2026-07-06 00:32:36.090] [info] Vector idle = 1
[2026-07-06 00:32:36.090] [info] Vector idle = 1
[2026-07-06 00:32:36.090] [info] Vector idle = 2
[2026-07-06 00:32:36.090] [info] Vector idle = 129
[2026-07-06 00:32:36.090] [info] Vector idle = 127
[2026-07-06 00:32:36.090] [info] Vector idle = 661
[2026-07-06 00:32:36.090] [info] Vector idle = 1
[2026-07-06 00:32:36.090] [info] Vector idle = 1
[2026-07-06 00:32:36.090] [info] Vector idle = 1
[2026-07-06 00:32:36.090] [info] Vector idle = 1
[2026-07-06 00:32:36.090] [info] Vector idle = 1
[2026-07-06 00:32:36.090] [info] Vector idle = 1
[2026-07-06 00:32:36.090] [info] Vector idle = 2
[2026-07-06 00:32:36.090] [info] Vector idle = 512
[2026-07-06 00:32:36.090] [info] Vector idle = 59089
[2026-07-06 00:32:36.090] [info] Vector idle = 1
[2026-07-06 00:32:36.090] [info] Vector idle = 1
[2026-07-06 00:32:36.090] [info] Vector idle = 1
[2026-07-06 00:32:36.090] [info] Vector idle = 1
[2026-07-06 00:32:36.090] [info] Vector idle = 1
[2026-07-06 00:32:36.090] [info] Vector idle = 1
[2026-07-06 00:32:36.090] [info] Vector idle = 2
[2026-07-06 00:32:36.090] [info] Vector idle = 112
[2026-07-06 00:32:36.090] [info] Vector idle = 1
[2026-07-06 00:32:36.090] [info] Vector idle = 1
[2026-07-06 00:32:36.090] [info] Vector idle = 1
[2026-07-06 00:32:36.090] [info] Vector idle = 1
[2026-07-06 00:32:36.090] [info] Vector idle = 1
[2026-07-06 00:32:36.090] [info] Vector idle = 1
[2026-07-06 00:32:36.090] [info] Vector idle = 2
[2026-07-06 00:32:36.090] [info] Vector idle = 129
[2026-07-06 00:32:36.090] [info] Vector idle = 127
[2026-07-06 00:32:36.090] [info] Vector idle = 698
[2026-07-06 00:32:36.090] [info] Vector idle = 1
[2026-07-06 00:32:36.090] [info] Vector idle = 1
[2026-07-06 00:32:36.090] [info] Vector idle = 1
[2026-07-06 00:32:36.090] [info] Vector idle = 1
[2026-07-06 00:32:36.090] [info] Vector idle = 1
[2026-07-06 00:32:36.090] [info] Vector idle = 1
[2026-07-06 00:32:36.090] [info] Vector idle = 2
[2026-07-06 00:32:36.090] [info] Vector idle = 512
[2026-07-06 00:32:36.090] [info] Vector idle = 42458
[2026-07-06 00:32:36.090] [info] Vector idle = 1
[2026-07-06 00:32:36.090] [info] Vector idle = 15261
[2026-07-06 00:32:36.090] [info] Vector idle = 1
[2026-07-06 00:32:36.090] [info] Vector idle = 1
[2026-07-06 00:32:36.090] [info] Vector idle = 1
[2026-07-06 00:32:36.090] [info] Vector idle = 1
[2026-07-06 00:32:36.090] [info] Vector idle = 1
[2026-07-06 00:32:36.090] [info] Vector idle = 1
[2026-07-06 00:32:36.090] [info] Vector idle = 2
[2026-07-06 00:32:36.091] [info] Vector idle = 112
[2026-07-06 00:32:36.091] [info] Vector idle = 1
[2026-07-06 00:32:36.091] [info] Vector idle = 1
[2026-07-06 00:32:36.091] [info] Vector idle = 1
[2026-07-06 00:32:36.091] [info] Vector idle = 1
[2026-07-06 00:32:36.091] [info] Vector idle = 1
[2026-07-06 00:32:36.091] [info] Vector idle = 1
[2026-07-06 00:32:36.091] [info] Vector idle = 2
[2026-07-06 00:32:36.091] [info] Vector idle = 129
[2026-07-06 00:32:36.091] [info] Vector idle = 127
[2026-07-06 00:32:36.091] [info] Vector idle = 686
[2026-07-06 00:32:36.091] [info] Vector idle = 1
[2026-07-06 00:32:36.091] [info] Vector idle = 1
[2026-07-06 00:32:36.091] [info] Vector idle = 1
[2026-07-06 00:32:36.091] [info] Vector idle = 1
[2026-07-06 00:32:36.091] [info] Vector idle = 1
[2026-07-06 00:32:36.091] [info] Vector idle = 1
[2026-07-06 00:32:36.091] [info] Vector idle = 2
[2026-07-06 00:32:36.091] [info] Vector idle = 512
[2026-07-06 00:32:36.091] [info] Vector idle = 22481
[2026-07-06 00:32:36.091] [info] Vector idle = 1
[2026-07-06 00:32:36.091] [info] Vector idle = 20382
[2026-07-06 00:32:36.091] [info] Core [2] : Vector Inst Issue Count : 439
[2026-07-06 00:32:36.091] [info] Core [2] : Vector Active Cycles : 0
[2026-07-06 00:32:36.091] [info] Core [2] : Total Core Cycles : 919647
[2026-07-06 00:32:36.091] [info] Core [3] : MatMul active cycle 11988 Vector active cycle 1162 
[2026-07-06 00:32:36.091] [info] Core [3] : Memory unit idle cycle 579871 Systolic bubble cycle 5159 Core idle cycle 25939 
[2026-07-06 00:32:36.091] [info] Core [3] : Systolic Array Utilization(%) 26.15 (1.30% PE util), Vector Unit Utilization(%) 0.13, Total cycle: 919647
[2026-07-06 00:32:36.091] [info] Core [3] : Systolic Inst Issue Count : 1746
[2026-07-06 00:32:36.091] [info] Core [3] : Systolic PRELOAD Issue Count : 1746
[2026-07-06 00:32:36.091] [info] SA idle = 12930
[2026-07-06 00:32:36.091] [info] SA idle = 1027
[2026-07-06 00:32:36.091] [info] SA idle = 354
[2026-07-06 00:32:36.091] [info] SA idle = 667
[2026-07-06 00:32:36.091] [info] SA idle = 482
[2026-07-06 00:32:36.091] [info] SA idle = 3999
[2026-07-06 00:32:36.091] [info] SA idle = 15498
[2026-07-06 00:32:36.091] [info] SA idle = 639
[2026-07-06 00:32:36.091] [info] SA idle = 560
[2026-07-06 00:32:36.091] [info] SA idle = 26321
[2026-07-06 00:32:36.091] [info] SA idle = 13559
[2026-07-06 00:32:36.091] [info] SA idle = 560
[2026-07-06 00:32:36.091] [info] SA idle = 410
[2026-07-06 00:32:36.091] [info] SA idle = 270
[2026-07-06 00:32:36.091] [info] SA idle = 2197
[2026-07-06 00:32:36.091] [info] SA idle = 15114
[2026-07-06 00:32:36.091] [info] SA idle = 14249
[2026-07-06 00:32:36.091] [info] SA idle = 11228
[2026-07-06 00:32:36.091] [info] SA idle = 686
[2026-07-06 00:32:36.091] [info] SA idle = 331
[2026-07-06 00:32:36.091] [info] SA idle = 270
[2026-07-06 00:32:36.091] [info] SA idle = 2252
[2026-07-06 00:32:36.091] [info] SA idle = 12172
[2026-07-06 00:32:36.091] [info] SA idle = 352
[2026-07-06 00:32:36.091] [info] SA idle = 507
[2026-07-06 00:32:36.091] [info] SA idle = 15582
[2026-07-06 00:32:36.091] [info] SA idle = 11458
[2026-07-06 00:32:36.091] [info] SA idle = 488
[2026-07-06 00:32:36.091] [info] SA idle = 266
[2026-07-06 00:32:36.091] [info] SA idle = 270
[2026-07-06 00:32:36.091] [info] SA idle = 2364
[2026-07-06 00:32:36.091] [info] SA idle = 15071
[2026-07-06 00:32:36.091] [info] SA idle = 14341
[2026-07-06 00:32:36.091] [info] SA idle = 11352
[2026-07-06 00:32:36.091] [info] SA idle = 568
[2026-07-06 00:32:36.091] [info] SA idle = 435
[2026-07-06 00:32:36.091] [info] SA idle = 270
[2026-07-06 00:32:36.091] [info] SA idle = 2168
[2026-07-06 00:32:36.091] [info] SA idle = 12007
[2026-07-06 00:32:36.091] [info] SA idle = 440
[2026-07-06 00:32:36.091] [info] SA idle = 15979
[2026-07-06 00:32:36.091] [info] SA idle = 11541
[2026-07-06 00:32:36.091] [info] SA idle = 562
[2026-07-06 00:32:36.091] [info] SA idle = 428
[2026-07-06 00:32:36.091] [info] SA idle = 270
[2026-07-06 00:32:36.091] [info] SA idle = 2283
[2026-07-06 00:32:36.091] [info] SA idle = 15357
[2026-07-06 00:32:36.091] [info] SA idle = 14311
[2026-07-06 00:32:36.091] [info] SA idle = 11146
[2026-07-06 00:32:36.091] [info] SA idle = 658
[2026-07-06 00:32:36.091] [info] SA idle = 417
[2026-07-06 00:32:36.091] [info] SA idle = 270
[2026-07-06 00:32:36.091] [info] SA idle = 2206
[2026-07-06 00:32:36.091] [info] SA idle = 11986
[2026-07-06 00:32:36.091] [info] SA idle = 803
[2026-07-06 00:32:36.091] [info] SA idle = 15591
[2026-07-06 00:32:36.091] [info] SA idle = 11510
[2026-07-06 00:32:36.091] [info] SA idle = 560
[2026-07-06 00:32:36.091] [info] SA idle = 425
[2026-07-06 00:32:36.091] [info] SA idle = 270
[2026-07-06 00:32:36.091] [info] SA idle = 2268
[2026-07-06 00:32:36.091] [info] SA idle = 14944
[2026-07-06 00:32:36.091] [info] SA idle = 14185
[2026-07-06 00:32:36.091] [info] SA idle = 11345
[2026-07-06 00:32:36.091] [info] SA idle = 757
[2026-07-06 00:32:36.091] [info] SA idle = 398
[2026-07-06 00:32:36.091] [info] SA idle = 270
[2026-07-06 00:32:36.091] [info] SA idle = 2208
[2026-07-06 00:32:36.091] [info] SA idle = 12318
[2026-07-06 00:32:36.091] [info] SA idle = 685
[2026-07-06 00:32:36.091] [info] SA idle = 15233
[2026-07-06 00:32:36.091] [info] SA idle = 11714
[2026-07-06 00:32:36.091] [info] SA idle = 556
[2026-07-06 00:32:36.091] [info] SA idle = 451
[2026-07-06 00:32:36.091] [info] SA idle = 270
[2026-07-06 00:32:36.091] [info] SA idle = 2152
[2026-07-06 00:32:36.091] [info] SA idle = 15220
[2026-07-06 00:32:36.091] [info] SA idle = 13788
[2026-07-06 00:32:36.091] [info] SA idle = 11558
[2026-07-06 00:32:36.091] [info] SA idle = 622
[2026-07-06 00:32:36.091] [info] SA idle = 256
[2026-07-06 00:32:36.091] [info] SA idle = 270
[2026-07-06 00:32:36.091] [info] SA idle = 2451
[2026-07-06 00:32:36.091] [info] SA idle = 12057
[2026-07-06 00:32:36.091] [info] SA idle = 348
[2026-07-06 00:32:36.091] [info] SA idle = 407
[2026-07-06 00:32:36.091] [info] SA idle = 15376
[2026-07-06 00:32:36.091] [info] SA idle = 11519
[2026-07-06 00:32:36.091] [info] SA idle = 555
[2026-07-06 00:32:36.091] [info] SA idle = 423
[2026-07-06 00:32:36.091] [info] SA idle = 270
[2026-07-06 00:32:36.091] [info] SA idle = 2226
[2026-07-06 00:32:36.091] [info] SA idle = 14935
[2026-07-06 00:32:36.091] [info] SA idle = 14164
[2026-07-06 00:32:36.091] [info] SA idle = 11206
[2026-07-06 00:32:36.091] [info] SA idle = 604
[2026-07-06 00:32:36.091] [info] SA idle = 348
[2026-07-06 00:32:36.091] [info] SA idle = 270
[2026-07-06 00:32:36.091] [info] SA idle = 2248
[2026-07-06 00:32:36.091] [info] SA idle = 12156
[2026-07-06 00:32:36.091] [info] SA idle = 441
[2026-07-06 00:32:36.091] [info] SA idle = 276
[2026-07-06 00:32:36.091] [info] SA idle = 15541
[2026-07-06 00:32:36.091] [info] SA idle = 12264
[2026-07-06 00:32:36.091] [info] SA idle = 567
[2026-07-06 00:32:36.091] [info] SA idle = 439
[2026-07-06 00:32:36.091] [info] SA idle = 270
[2026-07-06 00:32:36.091] [info] SA idle = 2209
[2026-07-06 00:32:36.091] [info] SA idle = 15386
[2026-07-06 00:32:36.091] [info] SA idle = 13645
[2026-07-06 00:32:36.091] [info] SA idle = 11231
[2026-07-06 00:32:36.091] [info] SA idle = 666
[2026-07-06 00:32:36.091] [info] SA idle = 455
[2026-07-06 00:32:36.091] [info] SA idle = 270
[2026-07-06 00:32:36.091] [info] SA idle = 2305
[2026-07-06 00:32:36.091] [info] SA idle = 11816
[2026-07-06 00:32:36.091] [info] SA idle = 312
[2026-07-06 00:32:36.091] [info] SA idle = 501
[2026-07-06 00:32:36.091] [info] SA idle = 15465
[2026-07-06 00:32:36.091] [info] SA idle = 1801
[2026-07-06 00:32:36.091] [info] Vector idle = 17610
[2026-07-06 00:32:36.091] [info] Vector idle = 1
[2026-07-06 00:32:36.091] [info] Vector idle = 1
[2026-07-06 00:32:36.091] [info] Vector idle = 1
[2026-07-06 00:32:36.091] [info] Vector idle = 1
[2026-07-06 00:32:36.091] [info] Vector idle = 1
[2026-07-06 00:32:36.091] [info] Vector idle = 1
[2026-07-06 00:32:36.091] [info] Vector idle = 2
[2026-07-06 00:32:36.091] [info] Vector idle = 1
[2026-07-06 00:32:36.091] [info] Vector idle = 1
[2026-07-06 00:32:36.091] [info] Vector idle = 1
[2026-07-06 00:32:36.091] [info] Vector idle = 1
[2026-07-06 00:32:36.091] [info] Vector idle = 1
[2026-07-06 00:32:36.091] [info] Vector idle = 1
[2026-07-06 00:32:36.091] [info] Vector idle = 1
[2026-07-06 00:32:36.091] [info] Vector idle = 2
[2026-07-06 00:32:36.091] [info] Vector idle = 379
[2026-07-06 00:32:36.091] [info] Vector idle = 124
[2026-07-06 00:32:36.091] [info] Vector idle = 1017
[2026-07-06 00:32:36.091] [info] Vector idle = 1
[2026-07-06 00:32:36.091] [info] Vector idle = 1
[2026-07-06 00:32:36.091] [info] Vector idle = 1
[2026-07-06 00:32:36.091] [info] Vector idle = 1
[2026-07-06 00:32:36.091] [info] Vector idle = 1
[2026-07-06 00:32:36.091] [info] Vector idle = 1
[2026-07-06 00:32:36.091] [info] Vector idle = 2
[2026-07-06 00:32:36.091] [info] Vector idle = 608
[2026-07-06 00:32:36.091] [info] Vector idle = 6761
[2026-07-06 00:32:36.091] [info] Vector idle = 176
[2026-07-06 00:32:36.091] [info] Vector idle = 403
[2026-07-06 00:32:36.091] [info] Vector idle = 2
[2026-07-06 00:32:36.091] [info] Vector idle = 22752
[2026-07-06 00:32:36.091] [info] Vector idle = 1
[2026-07-06 00:32:36.091] [info] Vector idle = 1082
[2026-07-06 00:32:36.091] [info] Vector idle = 1
[2026-07-06 00:32:36.091] [info] Vector idle = 30028
[2026-07-06 00:32:36.091] [info] Vector idle = 252
[2026-07-06 00:32:36.091] [info] Vector idle = 240
[2026-07-06 00:32:36.091] [info] Vector idle = 65
[2026-07-06 00:32:36.091] [info] Vector idle = 15507
[2026-07-06 00:32:36.091] [info] Vector idle = 1
[2026-07-06 00:32:36.091] [info] Vector idle = 1
[2026-07-06 00:32:36.091] [info] Vector idle = 1
[2026-07-06 00:32:36.091] [info] Vector idle = 1
[2026-07-06 00:32:36.091] [info] Vector idle = 1
[2026-07-06 00:32:36.091] [info] Vector idle = 1
[2026-07-06 00:32:36.091] [info] Vector idle = 2
[2026-07-06 00:32:36.091] [info] Vector idle = 112
[2026-07-06 00:32:36.091] [info] Vector idle = 1
[2026-07-06 00:32:36.091] [info] Vector idle = 1
[2026-07-06 00:32:36.091] [info] Vector idle = 1
[2026-07-06 00:32:36.091] [info] Vector idle = 1
[2026-07-06 00:32:36.091] [info] Vector idle = 1
[2026-07-06 00:32:36.091] [info] Vector idle = 1
[2026-07-06 00:32:36.091] [info] Vector idle = 2
[2026-07-06 00:32:36.091] [info] Vector idle = 129
[2026-07-06 00:32:36.091] [info] Vector idle = 127
[2026-07-06 00:32:36.091] [info] Vector idle = 667
[2026-07-06 00:32:36.091] [info] Vector idle = 1
[2026-07-06 00:32:36.091] [info] Vector idle = 1
[2026-07-06 00:32:36.091] [info] Vector idle = 1
[2026-07-06 00:32:36.091] [info] Vector idle = 1
[2026-07-06 00:32:36.091] [info] Vector idle = 1
[2026-07-06 00:32:36.091] [info] Vector idle = 1
[2026-07-06 00:32:36.091] [info] Vector idle = 2
[2026-07-06 00:32:36.091] [info] Vector idle = 512
[2026-07-06 00:32:36.091] [info] Vector idle = 58075
[2026-07-06 00:32:36.091] [info] Vector idle = 1
[2026-07-06 00:32:36.091] [info] Vector idle = 1
[2026-07-06 00:32:36.091] [info] Vector idle = 1
[2026-07-06 00:32:36.091] [info] Vector idle = 1
[2026-07-06 00:32:36.091] [info] Vector idle = 1
[2026-07-06 00:32:36.091] [info] Vector idle = 1
[2026-07-06 00:32:36.091] [info] Vector idle = 2
[2026-07-06 00:32:36.091] [info] Vector idle = 112
[2026-07-06 00:32:36.091] [info] Vector idle = 1
[2026-07-06 00:32:36.091] [info] Vector idle = 1
[2026-07-06 00:32:36.091] [info] Vector idle = 1
[2026-07-06 00:32:36.091] [info] Vector idle = 1
[2026-07-06 00:32:36.091] [info] Vector idle = 1
[2026-07-06 00:32:36.091] [info] Vector idle = 1
[2026-07-06 00:32:36.091] [info] Vector idle = 2
[2026-07-06 00:32:36.091] [info] Vector idle = 129
[2026-07-06 00:32:36.091] [info] Vector idle = 127
[2026-07-06 00:32:36.091] [info] Vector idle = 588
[2026-07-06 00:32:36.091] [info] Vector idle = 1
[2026-07-06 00:32:36.091] [info] Vector idle = 1
[2026-07-06 00:32:36.091] [info] Vector idle = 1
[2026-07-06 00:32:36.091] [info] Vector idle = 1
[2026-07-06 00:32:36.091] [info] Vector idle = 1
[2026-07-06 00:32:36.091] [info] Vector idle = 1
[2026-07-06 00:32:36.091] [info] Vector idle = 2
[2026-07-06 00:32:36.091] [info] Vector idle = 512
[2026-07-06 00:32:36.091] [info] Vector idle = 43229
[2026-07-06 00:32:36.091] [info] Vector idle = 1
[2026-07-06 00:32:36.091] [info] Vector idle = 15204
[2026-07-06 00:32:36.091] [info] Vector idle = 1
[2026-07-06 00:32:36.091] [info] Vector idle = 1
[2026-07-06 00:32:36.091] [info] Vector idle = 1
[2026-07-06 00:32:36.091] [info] Vector idle = 1
[2026-07-06 00:32:36.091] [info] Vector idle = 1
[2026-07-06 00:32:36.091] [info] Vector idle = 1
[2026-07-06 00:32:36.091] [info] Vector idle = 2
[2026-07-06 00:32:36.091] [info] Vector idle = 112
[2026-07-06 00:32:36.091] [info] Vector idle = 1
[2026-07-06 00:32:36.091] [info] Vector idle = 1
[2026-07-06 00:32:36.091] [info] Vector idle = 1
[2026-07-06 00:32:36.091] [info] Vector idle = 1
[2026-07-06 00:32:36.091] [info] Vector idle = 1
[2026-07-06 00:32:36.091] [info] Vector idle = 1
[2026-07-06 00:32:36.091] [info] Vector idle = 2
[2026-07-06 00:32:36.091] [info] Vector idle = 129
[2026-07-06 00:32:36.091] [info] Vector idle = 127
[2026-07-06 00:32:36.091] [info] Vector idle = 523
[2026-07-06 00:32:36.091] [info] Vector idle = 1
[2026-07-06 00:32:36.091] [info] Vector idle = 1
[2026-07-06 00:32:36.091] [info] Vector idle = 1
[2026-07-06 00:32:36.091] [info] Vector idle = 1
[2026-07-06 00:32:36.091] [info] Vector idle = 1
[2026-07-06 00:32:36.091] [info] Vector idle = 1
[2026-07-06 00:32:36.091] [info] Vector idle = 2
[2026-07-06 00:32:36.091] [info] Vector idle = 512
[2026-07-06 00:32:36.091] [info] Vector idle = 22524
[2026-07-06 00:32:36.091] [info] Vector idle = 1
[2026-07-06 00:32:36.091] [info] Vector idle = 35770
[2026-07-06 00:32:36.091] [info] Vector idle = 1
[2026-07-06 00:32:36.091] [info] Vector idle = 1
[2026-07-06 00:32:36.091] [info] Vector idle = 1
[2026-07-06 00:32:36.091] [info] Vector idle = 1
[2026-07-06 00:32:36.091] [info] Vector idle = 1
[2026-07-06 00:32:36.091] [info] Vector idle = 1
[2026-07-06 00:32:36.091] [info] Vector idle = 2
[2026-07-06 00:32:36.091] [info] Vector idle = 112
[2026-07-06 00:32:36.091] [info] Vector idle = 1
[2026-07-06 00:32:36.091] [info] Vector idle = 1
[2026-07-06 00:32:36.091] [info] Vector idle = 1
[2026-07-06 00:32:36.091] [info] Vector idle = 1
[2026-07-06 00:32:36.091] [info] Vector idle = 1
[2026-07-06 00:32:36.091] [info] Vector idle = 1
[2026-07-06 00:32:36.091] [info] Vector idle = 2
[2026-07-06 00:32:36.091] [info] Vector idle = 129
[2026-07-06 00:32:36.091] [info] Vector idle = 127
[2026-07-06 00:32:36.091] [info] Vector idle = 692
[2026-07-06 00:32:36.091] [info] Vector idle = 1
[2026-07-06 00:32:36.091] [info] Vector idle = 1
[2026-07-06 00:32:36.091] [info] Vector idle = 1
[2026-07-06 00:32:36.091] [info] Vector idle = 1
[2026-07-06 00:32:36.091] [info] Vector idle = 1
[2026-07-06 00:32:36.091] [info] Vector idle = 1
[2026-07-06 00:32:36.091] [info] Vector idle = 2
[2026-07-06 00:32:36.091] [info] Vector idle = 512
[2026-07-06 00:32:36.091] [info] Vector idle = 3954
[2026-07-06 00:32:36.091] [info] Vector idle = 1
[2026-07-06 00:32:36.091] [info] Vector idle = 54376
[2026-07-06 00:32:36.091] [info] Vector idle = 1
[2026-07-06 00:32:36.091] [info] Vector idle = 1
[2026-07-06 00:32:36.091] [info] Vector idle = 1
[2026-07-06 00:32:36.091] [info] Vector idle = 1
[2026-07-06 00:32:36.091] [info] Vector idle = 1
[2026-07-06 00:32:36.091] [info] Vector idle = 1
[2026-07-06 00:32:36.091] [info] Vector idle = 2
[2026-07-06 00:32:36.091] [info] Vector idle = 112
[2026-07-06 00:32:36.091] [info] Vector idle = 1
[2026-07-06 00:32:36.091] [info] Vector idle = 1
[2026-07-06 00:32:36.091] [info] Vector idle = 1
[2026-07-06 00:32:36.091] [info] Vector idle = 1
[2026-07-06 00:32:36.091] [info] Vector idle = 1
[2026-07-06 00:32:36.091] [info] Vector idle = 1
[2026-07-06 00:32:36.091] [info] Vector idle = 2
[2026-07-06 00:32:36.091] [info] Vector idle = 129
[2026-07-06 00:32:36.091] [info] Vector idle = 127
[2026-07-06 00:32:36.091] [info] Vector idle = 685
[2026-07-06 00:32:36.091] [info] Vector idle = 1
[2026-07-06 00:32:36.091] [info] Vector idle = 1
[2026-07-06 00:32:36.091] [info] Vector idle = 1
[2026-07-06 00:32:36.091] [info] Vector idle = 1
[2026-07-06 00:32:36.091] [info] Vector idle = 1
[2026-07-06 00:32:36.091] [info] Vector idle = 1
[2026-07-06 00:32:36.091] [info] Vector idle = 2
[2026-07-06 00:32:36.091] [info] Vector idle = 512
[2026-07-06 00:32:36.091] [info] Vector idle = 58356
[2026-07-06 00:32:36.091] [info] Vector idle = 1
[2026-07-06 00:32:36.091] [info] Vector idle = 1
[2026-07-06 00:32:36.091] [info] Vector idle = 1
[2026-07-06 00:32:36.091] [info] Vector idle = 1
[2026-07-06 00:32:36.091] [info] Vector idle = 1
[2026-07-06 00:32:36.091] [info] Vector idle = 1
[2026-07-06 00:32:36.091] [info] Vector idle = 2
[2026-07-06 00:32:36.091] [info] Vector idle = 112
[2026-07-06 00:32:36.091] [info] Vector idle = 1
[2026-07-06 00:32:36.091] [info] Vector idle = 1
[2026-07-06 00:32:36.091] [info] Vector idle = 1
[2026-07-06 00:32:36.091] [info] Vector idle = 1
[2026-07-06 00:32:36.091] [info] Vector idle = 1
[2026-07-06 00:32:36.091] [info] Vector idle = 1
[2026-07-06 00:32:36.091] [info] Vector idle = 2
[2026-07-06 00:32:36.091] [info] Vector idle = 129
[2026-07-06 00:32:36.091] [info] Vector idle = 127
[2026-07-06 00:32:36.091] [info] Vector idle = 674
[2026-07-06 00:32:36.091] [info] Vector idle = 1
[2026-07-06 00:32:36.091] [info] Vector idle = 1
[2026-07-06 00:32:36.091] [info] Vector idle = 1
[2026-07-06 00:32:36.091] [info] Vector idle = 1
[2026-07-06 00:32:36.091] [info] Vector idle = 1
[2026-07-06 00:32:36.091] [info] Vector idle = 1
[2026-07-06 00:32:36.091] [info] Vector idle = 2
[2026-07-06 00:32:36.091] [info] Vector idle = 512
[2026-07-06 00:32:36.091] [info] Vector idle = 42830
[2026-07-06 00:32:36.091] [info] Vector idle = 1
[2026-07-06 00:32:36.091] [info] Vector idle = 15318
[2026-07-06 00:32:36.091] [info] Vector idle = 1
[2026-07-06 00:32:36.091] [info] Vector idle = 1
[2026-07-06 00:32:36.091] [info] Vector idle = 1
[2026-07-06 00:32:36.091] [info] Vector idle = 1
[2026-07-06 00:32:36.091] [info] Vector idle = 1
[2026-07-06 00:32:36.091] [info] Vector idle = 1
[2026-07-06 00:32:36.091] [info] Vector idle = 2
[2026-07-06 00:32:36.091] [info] Vector idle = 112
[2026-07-06 00:32:36.091] [info] Vector idle = 1
[2026-07-06 00:32:36.091] [info] Vector idle = 1
[2026-07-06 00:32:36.091] [info] Vector idle = 1
[2026-07-06 00:32:36.091] [info] Vector idle = 1
[2026-07-06 00:32:36.091] [info] Vector idle = 1
[2026-07-06 00:32:36.091] [info] Vector idle = 1
[2026-07-06 00:32:36.091] [info] Vector idle = 2
[2026-07-06 00:32:36.091] [info] Vector idle = 129
[2026-07-06 00:32:36.091] [info] Vector idle = 127
[2026-07-06 00:32:36.091] [info] Vector idle = 682
[2026-07-06 00:32:36.091] [info] Vector idle = 1
[2026-07-06 00:32:36.091] [info] Vector idle = 1
[2026-07-06 00:32:36.091] [info] Vector idle = 1
[2026-07-06 00:32:36.091] [info] Vector idle = 1
[2026-07-06 00:32:36.091] [info] Vector idle = 1
[2026-07-06 00:32:36.091] [info] Vector idle = 1
[2026-07-06 00:32:36.091] [info] Vector idle = 2
[2026-07-06 00:32:36.091] [info] Vector idle = 512
[2026-07-06 00:32:36.091] [info] Vector idle = 22238
[2026-07-06 00:32:36.091] [info] Vector idle = 1
[2026-07-06 00:32:36.091] [info] Vector idle = 35859
[2026-07-06 00:32:36.091] [info] Vector idle = 1
[2026-07-06 00:32:36.091] [info] Vector idle = 1
[2026-07-06 00:32:36.091] [info] Vector idle = 1
[2026-07-06 00:32:36.091] [info] Vector idle = 1
[2026-07-06 00:32:36.091] [info] Vector idle = 1
[2026-07-06 00:32:36.091] [info] Vector idle = 1
[2026-07-06 00:32:36.091] [info] Vector idle = 2
[2026-07-06 00:32:36.091] [info] Vector idle = 112
[2026-07-06 00:32:36.091] [info] Vector idle = 1
[2026-07-06 00:32:36.091] [info] Vector idle = 1
[2026-07-06 00:32:36.091] [info] Vector idle = 1
[2026-07-06 00:32:36.091] [info] Vector idle = 1
[2026-07-06 00:32:36.091] [info] Vector idle = 1
[2026-07-06 00:32:36.091] [info] Vector idle = 1
[2026-07-06 00:32:36.091] [info] Vector idle = 2
[2026-07-06 00:32:36.091] [info] Vector idle = 129
[2026-07-06 00:32:36.091] [info] Vector idle = 127
[2026-07-06 00:32:36.091] [info] Vector idle = 655
[2026-07-06 00:32:36.091] [info] Vector idle = 1
[2026-07-06 00:32:36.091] [info] Vector idle = 1
[2026-07-06 00:32:36.091] [info] Vector idle = 1
[2026-07-06 00:32:36.091] [info] Vector idle = 1
[2026-07-06 00:32:36.091] [info] Vector idle = 1
[2026-07-06 00:32:36.091] [info] Vector idle = 1
[2026-07-06 00:32:36.091] [info] Vector idle = 2
[2026-07-06 00:32:36.091] [info] Vector idle = 512
[2026-07-06 00:32:36.091] [info] Vector idle = 3935
[2026-07-06 00:32:36.091] [info] Vector idle = 1
[2026-07-06 00:32:36.091] [info] Vector idle = 54271
[2026-07-06 00:32:36.091] [info] Vector idle = 1
[2026-07-06 00:32:36.091] [info] Vector idle = 1
[2026-07-06 00:32:36.091] [info] Vector idle = 1
[2026-07-06 00:32:36.091] [info] Vector idle = 1
[2026-07-06 00:32:36.091] [info] Vector idle = 1
[2026-07-06 00:32:36.091] [info] Vector idle = 1
[2026-07-06 00:32:36.091] [info] Vector idle = 2
[2026-07-06 00:32:36.091] [info] Vector idle = 112
[2026-07-06 00:32:36.091] [info] Vector idle = 1
[2026-07-06 00:32:36.091] [info] Vector idle = 1
[2026-07-06 00:32:36.091] [info] Vector idle = 1
[2026-07-06 00:32:36.091] [info] Vector idle = 1
[2026-07-06 00:32:36.091] [info] Vector idle = 1
[2026-07-06 00:32:36.091] [info] Vector idle = 1
[2026-07-06 00:32:36.091] [info] Vector idle = 2
[2026-07-06 00:32:36.091] [info] Vector idle = 129
[2026-07-06 00:32:36.091] [info] Vector idle = 127
[2026-07-06 00:32:36.091] [info] Vector idle = 708
[2026-07-06 00:32:36.091] [info] Vector idle = 1
[2026-07-06 00:32:36.091] [info] Vector idle = 1
[2026-07-06 00:32:36.091] [info] Vector idle = 1
[2026-07-06 00:32:36.091] [info] Vector idle = 1
[2026-07-06 00:32:36.091] [info] Vector idle = 1
[2026-07-06 00:32:36.091] [info] Vector idle = 1
[2026-07-06 00:32:36.091] [info] Vector idle = 2
[2026-07-06 00:32:36.091] [info] Vector idle = 512
[2026-07-06 00:32:36.091] [info] Vector idle = 57941
[2026-07-06 00:32:36.091] [info] Vector idle = 1
[2026-07-06 00:32:36.091] [info] Vector idle = 1
[2026-07-06 00:32:36.091] [info] Vector idle = 1
[2026-07-06 00:32:36.091] [info] Vector idle = 1
[2026-07-06 00:32:36.091] [info] Vector idle = 1
[2026-07-06 00:32:36.091] [info] Vector idle = 1
[2026-07-06 00:32:36.091] [info] Vector idle = 2
[2026-07-06 00:32:36.091] [info] Vector idle = 112
[2026-07-06 00:32:36.091] [info] Vector idle = 1
[2026-07-06 00:32:36.091] [info] Vector idle = 1
[2026-07-06 00:32:36.091] [info] Vector idle = 1
[2026-07-06 00:32:36.091] [info] Vector idle = 1
[2026-07-06 00:32:36.091] [info] Vector idle = 1
[2026-07-06 00:32:36.091] [info] Vector idle = 1
[2026-07-06 00:32:36.091] [info] Vector idle = 2
[2026-07-06 00:32:36.091] [info] Vector idle = 129
[2026-07-06 00:32:36.091] [info] Vector idle = 128
[2026-07-06 00:32:36.091] [info] Vector idle = 512
[2026-07-06 00:32:36.091] [info] Vector idle = 1
[2026-07-06 00:32:36.091] [info] Vector idle = 1
[2026-07-06 00:32:36.091] [info] Vector idle = 1
[2026-07-06 00:32:36.091] [info] Vector idle = 1
[2026-07-06 00:32:36.091] [info] Vector idle = 1
[2026-07-06 00:32:36.091] [info] Vector idle = 1
[2026-07-06 00:32:36.091] [info] Vector idle = 2
[2026-07-06 00:32:36.091] [info] Vector idle = 512
[2026-07-06 00:32:36.091] [info] Vector idle = 43037
[2026-07-06 00:32:36.091] [info] Vector idle = 1
[2026-07-06 00:32:36.091] [info] Vector idle = 15298
[2026-07-06 00:32:36.091] [info] Vector idle = 1
[2026-07-06 00:32:36.091] [info] Vector idle = 1
[2026-07-06 00:32:36.091] [info] Vector idle = 1
[2026-07-06 00:32:36.091] [info] Vector idle = 1
[2026-07-06 00:32:36.091] [info] Vector idle = 1
[2026-07-06 00:32:36.091] [info] Vector idle = 1
[2026-07-06 00:32:36.091] [info] Vector idle = 2
[2026-07-06 00:32:36.091] [info] Vector idle = 112
[2026-07-06 00:32:36.091] [info] Vector idle = 1
[2026-07-06 00:32:36.091] [info] Vector idle = 1
[2026-07-06 00:32:36.091] [info] Vector idle = 1
[2026-07-06 00:32:36.091] [info] Vector idle = 1
[2026-07-06 00:32:36.091] [info] Vector idle = 1
[2026-07-06 00:32:36.091] [info] Vector idle = 1
[2026-07-06 00:32:36.091] [info] Vector idle = 2
[2026-07-06 00:32:36.091] [info] Vector idle = 129
[2026-07-06 00:32:36.091] [info] Vector idle = 127
[2026-07-06 00:32:36.091] [info] Vector idle = 680
[2026-07-06 00:32:36.091] [info] Vector idle = 1
[2026-07-06 00:32:36.091] [info] Vector idle = 1
[2026-07-06 00:32:36.091] [info] Vector idle = 1
[2026-07-06 00:32:36.091] [info] Vector idle = 1
[2026-07-06 00:32:36.091] [info] Vector idle = 1
[2026-07-06 00:32:36.091] [info] Vector idle = 1
[2026-07-06 00:32:36.091] [info] Vector idle = 2
[2026-07-06 00:32:36.091] [info] Vector idle = 512
[2026-07-06 00:32:36.091] [info] Vector idle = 22135
[2026-07-06 00:32:36.091] [info] Vector idle = 1
[2026-07-06 00:32:36.091] [info] Vector idle = 35598
[2026-07-06 00:32:36.091] [info] Vector idle = 1
[2026-07-06 00:32:36.091] [info] Vector idle = 1
[2026-07-06 00:32:36.091] [info] Vector idle = 1
[2026-07-06 00:32:36.091] [info] Vector idle = 1
[2026-07-06 00:32:36.091] [info] Vector idle = 1
[2026-07-06 00:32:36.091] [info] Vector idle = 1
[2026-07-06 00:32:36.091] [info] Vector idle = 2
[2026-07-06 00:32:36.091] [info] Vector idle = 112
[2026-07-06 00:32:36.091] [info] Vector idle = 1
[2026-07-06 00:32:36.091] [info] Vector idle = 1
[2026-07-06 00:32:36.091] [info] Vector idle = 1
[2026-07-06 00:32:36.091] [info] Vector idle = 1
[2026-07-06 00:32:36.091] [info] Vector idle = 1
[2026-07-06 00:32:36.091] [info] Vector idle = 1
[2026-07-06 00:32:36.091] [info] Vector idle = 2
[2026-07-06 00:32:36.091] [info] Vector idle = 129
[2026-07-06 00:32:36.091] [info] Vector idle = 127
[2026-07-06 00:32:36.091] [info] Vector idle = 605
[2026-07-06 00:32:36.092] [info] Vector idle = 1
[2026-07-06 00:32:36.092] [info] Vector idle = 1
[2026-07-06 00:32:36.092] [info] Vector idle = 1
[2026-07-06 00:32:36.092] [info] Vector idle = 1
[2026-07-06 00:32:36.092] [info] Vector idle = 1
[2026-07-06 00:32:36.092] [info] Vector idle = 1
[2026-07-06 00:32:36.092] [info] Vector idle = 2
[2026-07-06 00:32:36.092] [info] Vector idle = 512
[2026-07-06 00:32:36.092] [info] Vector idle = 4035
[2026-07-06 00:32:36.092] [info] Vector idle = 1
[2026-07-06 00:32:36.092] [info] Vector idle = 55160
[2026-07-06 00:32:36.092] [info] Vector idle = 1
[2026-07-06 00:32:36.092] [info] Vector idle = 1
[2026-07-06 00:32:36.092] [info] Vector idle = 1
[2026-07-06 00:32:36.092] [info] Vector idle = 1
[2026-07-06 00:32:36.092] [info] Vector idle = 1
[2026-07-06 00:32:36.092] [info] Vector idle = 1
[2026-07-06 00:32:36.092] [info] Vector idle = 2
[2026-07-06 00:32:36.092] [info] Vector idle = 112
[2026-07-06 00:32:36.092] [info] Vector idle = 1
[2026-07-06 00:32:36.092] [info] Vector idle = 1
[2026-07-06 00:32:36.092] [info] Vector idle = 1
[2026-07-06 00:32:36.092] [info] Vector idle = 1
[2026-07-06 00:32:36.092] [info] Vector idle = 1
[2026-07-06 00:32:36.092] [info] Vector idle = 1
[2026-07-06 00:32:36.092] [info] Vector idle = 2
[2026-07-06 00:32:36.092] [info] Vector idle = 129
[2026-07-06 00:32:36.092] [info] Vector idle = 127
[2026-07-06 00:32:36.092] [info] Vector idle = 696
[2026-07-06 00:32:36.092] [info] Vector idle = 1
[2026-07-06 00:32:36.092] [info] Vector idle = 1
[2026-07-06 00:32:36.092] [info] Vector idle = 1
[2026-07-06 00:32:36.092] [info] Vector idle = 1
[2026-07-06 00:32:36.092] [info] Vector idle = 1
[2026-07-06 00:32:36.092] [info] Vector idle = 1
[2026-07-06 00:32:36.092] [info] Vector idle = 2
[2026-07-06 00:32:36.092] [info] Vector idle = 512
[2026-07-06 00:32:36.092] [info] Vector idle = 57738
[2026-07-06 00:32:36.092] [info] Vector idle = 1
[2026-07-06 00:32:36.092] [info] Vector idle = 1
[2026-07-06 00:32:36.092] [info] Vector idle = 1
[2026-07-06 00:32:36.092] [info] Vector idle = 1
[2026-07-06 00:32:36.092] [info] Vector idle = 1
[2026-07-06 00:32:36.092] [info] Vector idle = 1
[2026-07-06 00:32:36.092] [info] Vector idle = 2
[2026-07-06 00:32:36.092] [info] Vector idle = 112
[2026-07-06 00:32:36.092] [info] Vector idle = 1
[2026-07-06 00:32:36.092] [info] Vector idle = 1
[2026-07-06 00:32:36.092] [info] Vector idle = 1
[2026-07-06 00:32:36.092] [info] Vector idle = 1
[2026-07-06 00:32:36.092] [info] Vector idle = 1
[2026-07-06 00:32:36.092] [info] Vector idle = 1
[2026-07-06 00:32:36.092] [info] Vector idle = 2
[2026-07-06 00:32:36.092] [info] Vector idle = 129
[2026-07-06 00:32:36.092] [info] Vector idle = 127
[2026-07-06 00:32:36.092] [info] Vector idle = 712
[2026-07-06 00:32:36.092] [info] Vector idle = 1
[2026-07-06 00:32:36.092] [info] Vector idle = 1
[2026-07-06 00:32:36.092] [info] Vector idle = 1
[2026-07-06 00:32:36.092] [info] Vector idle = 1
[2026-07-06 00:32:36.092] [info] Vector idle = 1
[2026-07-06 00:32:36.092] [info] Vector idle = 1
[2026-07-06 00:32:36.092] [info] Vector idle = 2
[2026-07-06 00:32:36.092] [info] Vector idle = 512
[2026-07-06 00:32:36.092] [info] Vector idle = 42801
[2026-07-06 00:32:36.092] [info] Vector idle = 1
[2026-07-06 00:32:36.092] [info] Vector idle = 24
[2026-07-06 00:32:36.092] [info] Core [3] : Vector Inst Issue Count : 437
[2026-07-06 00:32:36.092] [info] Core [3] : Vector Active Cycles : 0
[2026-07-06 00:32:36.092] [info] Core [3] : Total Core Cycles : 919647
Class 0:
Packet latency average = 1279.25
	minimum = 7
	maximum = 22238
Network latency average = 914.144
	minimum = 7
	maximum = 22238
Slowest packet = 990461
Flit latency average = 914.144
	minimum = 7
	maximum = 22238
Slowest flit = 990461
Fragmentation average = 0
	minimum = 0
	maximum = 0
Injected packet rate average = 0.194638
	minimum = 0.114508 (at node 8)
	maximum = 0.48663 (at node 64)
Accepted packet rate average = 0.194638
	minimum = 0.117565 (at node 1)
	maximum = 0.48663 (at node 64)
Injected flit rate average = 0.194638
	minimum = 0.114508 (at node 8)
	maximum = 0.48663 (at node 64)
Accepted flit rate average= 0.194638
	minimum = 0.117565 (at node 1)
	maximum = 0.48663 (at node 64)
Injected packet length average = 1
Accepted packet length average = 1
Total in-flight flits = 0 (0 measured)
NoC total cycles = 919647
NoC idle = 4
NoC idle = 570
NoC idle = 171
NoC idle = 6
NoC idle = 2
NoC idle = 5
NoC idle = 105
NoC idle = 1
NoC idle = 178
NoC idle = 14
NoC idle = 114
NoC idle = 178
NoC idle = 127
NoC idle = 196
NoC idle = 2
NoC idle = 125
NoC idle = 942
NoC idle = 1196
NoC idle = 66
NoC idle = 19
NoC idle = 1230
NoC idle = 1
NoC idle = 5
NoC idle = 1
NoC idle = 1
NoC idle = 787
NoC idle = 7
NoC idle = 119
NoC idle = 237
NoC idle = 11
NoC idle = 98
NoC idle = 2
NoC idle = 231
NoC idle = 13
NoC idle = 97
NoC idle = 3
NoC idle = 233
NoC idle = 1
NoC idle = 1
NoC idle = 3
NoC idle = 98
NoC idle = 2
NoC idle = 1
NoC idle = 4
NoC idle = 3171
NoC idle = 197
NoC idle = 2579
NoC idle = 381
NoC idle = 6
NoC idle = 490
NoC idle = 21
NoC idle = 1
NoC idle = 2
NoC idle = 1
NoC idle = 223
NoC idle = 21
NoC idle = 475
NoC idle = 6
NoC idle = 15
NoC idle = 1
NoC idle = 17
NoC idle = 210
NoC idle = 6
NoC idle = 490
NoC idle = 6
NoC idle = 15
NoC idle = 1
NoC idle = 2
NoC idle = 1
NoC idle = 223
NoC idle = 6
NoC idle = 490
NoC idle = 6
NoC idle = 15
NoC idle = 1
NoC idle = 2
NoC idle = 1
NoC idle = 223
NoC idle = 1
NoC idle = 510
NoC idle = 1027
NoC idle = 4
NoC idle = 363
NoC idle = 1
NoC idle = 17
NoC idle = 1
NoC idle = 9
NoC idle = 6
NoC idle = 189
NoC idle = 6
NoC idle = 555
NoC idle = 6
NoC idle = 189
NoC idle = 11
NoC idle = 2
NoC idle = 15
NoC idle = 1
NoC idle = 3
NoC idle = 1
NoC idle = 2
NoC idle = 2
NoC idle = 2
NoC idle = 1
NoC idle = 15
NoC idle = 3
NoC idle = 317
NoC idle = 6
NoC idle = 422
NoC idle = 6
NoC idle = 195
NoC idle = 6
NoC idle = 1
NoC idle = 6
NoC idle = 102
NoC idle = 6
NoC idle = 422
NoC idle = 6
NoC idle = 195
NoC idle = 6
NoC idle = 1
NoC idle = 6
NoC idle = 102
NoC idle = 6
NoC idle = 422
NoC idle = 6
NoC idle = 195
NoC idle = 6
NoC idle = 1
NoC idle = 6
NoC idle = 102
NoC idle = 6
NoC idle = 422
NoC idle = 6
NoC idle = 195
NoC idle = 6
NoC idle = 1
NoC idle = 6
NoC idle = 102
NoC idle = 2
NoC idle = 1
NoC idle = 11
NoC idle = 6
NoC idle = 7
NoC idle = 6
NoC idle = 2
NoC idle = 1
NoC idle = 18
NoC idle = 1959
NoC idle = 21
NoC idle = 61
NoC idle = 21
NoC idle = 1335
NoC idle = 6
NoC idle = 27
NoC idle = 6
NoC idle = 1571
NoC idle = 6
NoC idle = 76
NoC idle = 12
NoC idle = 6
NoC idle = 15
NoC idle = 3
NoC idle = 14
NoC idle = 3
NoC idle = 380
NoC idle = 21
NoC idle = 583
NoC idle = 14
NoC idle = 3
NoC idle = 3
NoC idle = 123
NoC idle = 6
NoC idle = 12
NoC idle = 583
NoC idle = 6
NoC idle = 5
NoC idle = 3
NoC idle = 3
NoC idle = 123
NoC idle = 6
NoC idle = 598
NoC idle = 6
NoC idle = 5
NoC idle = 3
NoC idle = 3
NoC idle = 123
NoC idle = 6
NoC idle = 598
NoC idle = 6
NoC idle = 5
NoC idle = 3
NoC idle = 3
NoC idle = 123
NoC idle = 532
NoC idle = 928
NoC idle = 6
NoC idle = 37
NoC idle = 6
NoC idle = 38
NoC idle = 6
NoC idle = 12
NoC idle = 1
NoC idle = 321
NoC idle = 6
NoC idle = 12
NoC idle = 22
NoC idle = 6
NoC idle = 12
NoC idle = 67
NoC idle = 6
NoC idle = 13
NoC idle = 6
NoC idle = 731
NoC idle = 21
NoC idle = 13
NoC idle = 6
NoC idle = 15
NoC idle = 3
NoC idle = 1
NoC idle = 206
NoC idle = 21
NoC idle = 120
NoC idle = 6
NoC idle = 609
NoC idle = 6
NoC idle = 12
NoC idle = 6
NoC idle = 26
NoC idle = 6
NoC idle = 73
NoC idle = 6
NoC idle = 609
NoC idle = 6
NoC idle = 12
NoC idle = 6
NoC idle = 26
NoC idle = 6
NoC idle = 73
NoC idle = 6
NoC idle = 609
NoC idle = 6
NoC idle = 12
NoC idle = 6
NoC idle = 26
NoC idle = 6
NoC idle = 73
NoC idle = 6
NoC idle = 609
NoC idle = 6
NoC idle = 12
NoC idle = 6
NoC idle = 26
NoC idle = 6
NoC idle = 73
NoC idle = 3
NoC idle = 11
NoC idle = 3
NoC idle = 1
NoC idle = 3
NoC idle = 14
NoC idle = 4
NoC idle = 2008
NoC idle = 12
NoC idle = 6
NoC idle = 12
NoC idle = 1364
NoC idle = 6
NoC idle = 6
NoC idle = 1645
NoC idle = 6
NoC idle = 3
NoC idle = 10
NoC idle = 3
NoC idle = 15
NoC idle = 1
NoC idle = 1
NoC idle = 15
NoC idle = 11
NoC idle = 325
NoC idle = 21
NoC idle = 569
NoC idle = 6
NoC idle = 12
NoC idle = 19
NoC idle = 6
NoC idle = 6
NoC idle = 3
NoC idle = 99
NoC idle = 6
NoC idle = 584
NoC idle = 6
NoC idle = 34
NoC idle = 6
NoC idle = 6
NoC idle = 105
NoC idle = 6
NoC idle = 584
NoC idle = 6
NoC idle = 34
NoC idle = 6
NoC idle = 6
NoC idle = 105
NoC idle = 6
NoC idle = 584
NoC idle = 6
NoC idle = 34
NoC idle = 6
NoC idle = 6
NoC idle = 105
NoC idle = 1
NoC idle = 469
NoC idle = 851
NoC idle = 6
NoC idle = 164
NoC idle = 6
NoC idle = 1
NoC idle = 1
NoC idle = 354
NoC idle = 6
NoC idle = 6
NoC idle = 6
NoC idle = 6
NoC idle = 52
NoC idle = 6
NoC idle = 692
NoC idle = 6
NoC idle = 52
NoC idle = 11
NoC idle = 2
NoC idle = 15
NoC idle = 1
NoC idle = 1
NoC idle = 3
NoC idle = 1
NoC idle = 2
NoC idle = 8
NoC idle = 1
NoC idle = 22
NoC idle = 18
NoC idle = 6
NoC idle = 185
NoC idle = 6
NoC idle = 544
NoC idle = 6
NoC idle = 73
NoC idle = 6
NoC idle = 4
NoC idle = 6
NoC idle = 99
NoC idle = 6
NoC idle = 544
NoC idle = 6
NoC idle = 73
NoC idle = 6
NoC idle = 4
NoC idle = 6
NoC idle = 99
NoC idle = 6
NoC idle = 544
NoC idle = 6
NoC idle = 73
NoC idle = 6
NoC idle = 4
NoC idle = 6
NoC idle = 99
NoC idle = 6
NoC idle = 544
NoC idle = 6
NoC idle = 73
NoC idle = 6
NoC idle = 4
NoC idle = 6
NoC idle = 99
NoC idle = 8
NoC idle = 11
NoC idle = 2
NoC idle = 2038
NoC idle = 5
NoC idle = 1359
NoC idle = 6
NoC idle = 11
NoC idle = 6
NoC idle = 1665
NoC idle = 13
NoC idle = 2
NoC idle = 15
NoC idle = 1
NoC idle = 4
NoC idle = 1
NoC idle = 327
NoC idle = 6
NoC idle = 12
NoC idle = 633
NoC idle = 6
NoC idle = 18
NoC idle = 6
NoC idle = 53
NoC idle = 6
NoC idle = 1
NoC idle = 6
NoC idle = 648
NoC idle = 6
NoC idle = 18
NoC idle = 6
NoC idle = 53
NoC idle = 6
NoC idle = 1
NoC idle = 6
NoC idle = 648
NoC idle = 6
NoC idle = 18
NoC idle = 6
NoC idle = 53
NoC idle = 6
NoC idle = 1
NoC idle = 6
NoC idle = 648
NoC idle = 6
NoC idle = 18
NoC idle = 6
NoC idle = 53
NoC idle = 6
NoC idle = 1
NoC idle = 504
NoC idle = 4
NoC idle = 3
NoC idle = 901
NoC idle = 6
NoC idle = 114
NoC idle = 6
NoC idle = 6
NoC idle = 3
NoC idle = 2
NoC idle = 339
NoC idle = 6
NoC idle = 12
NoC idle = 7
NoC idle = 6
NoC idle = 12
NoC idle = 43
NoC idle = 5
NoC idle = 755
NoC idle = 10
NoC idle = 15
NoC idle = 6
NoC idle = 11
NoC idle = 4
NoC idle = 341
NoC idle = 6
NoC idle = 362
NoC idle = 6
NoC idle = 207
NoC idle = 4
NoC idle = 161
NoC idle = 6
NoC idle = 362
NoC idle = 6
NoC idle = 207
NoC idle = 4
NoC idle = 161
NoC idle = 6
NoC idle = 362
NoC idle = 6
NoC idle = 207
NoC idle = 4
NoC idle = 161
NoC idle = 6
NoC idle = 362
NoC idle = 6
NoC idle = 207
NoC idle = 4
NoC idle = 161
NoC idle = 11
NoC idle = 1
NoC idle = 2065
NoC idle = 1
NoC idle = 2
NoC idle = 1
NoC idle = 1336
NoC idle = 6
NoC idle = 12
NoC idle = 6
NoC idle = 1684
NoC idle = 1
NoC idle = 10
NoC idle = 2
NoC idle = 15
NoC idle = 2
NoC idle = 1
NoC idle = 2
NoC idle = 1
NoC idle = 3
NoC idle = 4
NoC idle = 362
NoC idle = 6
NoC idle = 12
NoC idle = 607
NoC idle = 6
NoC idle = 39
NoC idle = 6
NoC idle = 14
NoC idle = 6
NoC idle = 45
NoC idle = 6
NoC idle = 622
NoC idle = 6
NoC idle = 39
NoC idle = 6
NoC idle = 14
NoC idle = 6
NoC idle = 45
NoC idle = 6
NoC idle = 622
NoC idle = 6
NoC idle = 39
NoC idle = 6
NoC idle = 14
NoC idle = 6
NoC idle = 45
NoC idle = 6
NoC idle = 622
NoC idle = 6
NoC idle = 39
NoC idle = 6
NoC idle = 14
NoC idle = 6
NoC idle = 45
NoC idle = 1
NoC idle = 528
NoC idle = 1025
NoC idle = 1
NoC idle = 2
NoC idle = 1
NoC idle = 7
NoC idle = 350
NoC idle = 6
NoC idle = 2
NoC idle = 6
NoC idle = 26
NoC idle = 6
NoC idle = 55
NoC idle = 6
NoC idle = 637
NoC idle = 6
NoC idle = 107
NoC idle = 12
NoC idle = 1
NoC idle = 15
NoC idle = 2
NoC idle = 498
NoC idle = 6
NoC idle = 13
NoC idle = 6
NoC idle = 486
NoC idle = 6
NoC idle = 15
NoC idle = 6
NoC idle = 206
NoC idle = 6
NoC idle = 13
NoC idle = 6
NoC idle = 486
NoC idle = 6
NoC idle = 15
NoC idle = 6
NoC idle = 206
NoC idle = 6
NoC idle = 13
NoC idle = 6
NoC idle = 486
NoC idle = 6
NoC idle = 15
NoC idle = 6
NoC idle = 206
NoC idle = 6
NoC idle = 13
NoC idle = 6
NoC idle = 486
NoC idle = 6
NoC idle = 15
NoC idle = 6
NoC idle = 206
NoC idle = 6
NoC idle = 13
NoC idle = 11
NoC idle = 3
NoC idle = 2019
NoC idle = 1
NoC idle = 2
NoC idle = 1
NoC idle = 1385
NoC idle = 6
NoC idle = 19
NoC idle = 6
NoC idle = 1628
NoC idle = 1
NoC idle = 11
NoC idle = 3
NoC idle = 15
NoC idle = 1
NoC idle = 3
NoC idle = 365
NoC idle = 6
NoC idle = 12
NoC idle = 628
NoC idle = 2
NoC idle = 1
NoC idle = 2
NoC idle = 24
NoC idle = 6
NoC idle = 60
NoC idle = 6
NoC idle = 643
NoC idle = 2
NoC idle = 1
NoC idle = 2
NoC idle = 24
NoC idle = 6
NoC idle = 60
NoC idle = 6
NoC idle = 643
NoC idle = 2
NoC idle = 1
NoC idle = 2
NoC idle = 24
NoC idle = 6
NoC idle = 60
NoC idle = 6
NoC idle = 643
NoC idle = 2
NoC idle = 1
NoC idle = 2
NoC idle = 24
NoC idle = 6
NoC idle = 60
NoC idle = 2
NoC idle = 500
NoC idle = 1016
NoC idle = 3
NoC idle = 12
NoC idle = 357
NoC idle = 6
NoC idle = 6
NoC idle = 10
NoC idle = 6
NoC idle = 16
NoC idle = 6
NoC idle = 697
NoC idle = 6
NoC idle = 47
NoC idle = 11
NoC idle = 2
NoC idle = 15
NoC idle = 1
NoC idle = 10
NoC idle = 6
NoC idle = 116
NoC idle = 6
NoC idle = 628
NoC idle = 6
NoC idle = 116
NoC idle = 6
NoC idle = 62
NoC idle = 6
NoC idle = 10
NoC idle = 6
NoC idle = 532
NoC idle = 21
NoC idle = 101
NoC idle = 6
NoC idle = 62
NoC idle = 6
NoC idle = 10
NoC idle = 6
NoC idle = 532
NoC idle = 6
NoC idle = 12
NoC idle = 101
NoC idle = 6
NoC idle = 62
NoC idle = 6
NoC idle = 10
NoC idle = 6
NoC idle = 532
NoC idle = 6
NoC idle = 116
NoC idle = 6
NoC idle = 62
NoC idle = 6
NoC idle = 10
NoC idle = 6
NoC idle = 532
NoC idle = 6
NoC idle = 116
NoC idle = 1
NoC idle = 11
NoC idle = 2045
NoC idle = 6
NoC idle = 14
NoC idle = 6
NoC idle = 1365
NoC idle = 1
NoC idle = 2
NoC idle = 1
NoC idle = 1653
NoC idle = 6
NoC idle = 14
NoC idle = 8
NoC idle = 1
NoC idle = 15
NoC idle = 3
NoC idle = 419
NoC idle = 6
NoC idle = 12
NoC idle = 582
NoC idle = 6
NoC idle = 3
NoC idle = 6
NoC idle = 42
NoC idle = 6
NoC idle = 78
NoC idle = 6
NoC idle = 597
NoC idle = 6
NoC idle = 3
NoC idle = 6
NoC idle = 42
NoC idle = 6
NoC idle = 78
NoC idle = 6
NoC idle = 597
NoC idle = 6
NoC idle = 3
NoC idle = 6
NoC idle = 42
NoC idle = 6
NoC idle = 78
NoC idle = 6
NoC idle = 597
NoC idle = 6
NoC idle = 3
NoC idle = 6
NoC idle = 42
NoC idle = 6
NoC idle = 78
NoC idle = 1
NoC idle = 6
NoC idle = 10
NoC idle = 475
NoC idle = 1
NoC idle = 1025
NoC idle = 4
NoC idle = 1
NoC idle = 1
NoC idle = 330
NoC idle = 6
NoC idle = 32
NoC idle = 6
NoC idle = 6
NoC idle = 75
NoC idle = 6
NoC idle = 615
NoC idle = 6
NoC idle = 129
NoC idle = 12
NoC idle = 3
NoC idle = 15
NoC idle = 1
NoC idle = 10
NoC idle = 294
NoC idle = 6
NoC idle = 410
NoC idle = 6
NoC idle = 12
NoC idle = 229
NoC idle = 6
NoC idle = 6
NoC idle = 67
NoC idle = 6
NoC idle = 410
NoC idle = 6
NoC idle = 244
NoC idle = 6
NoC idle = 6
NoC idle = 67
NoC idle = 6
NoC idle = 12
NoC idle = 395
NoC idle = 6
NoC idle = 244
NoC idle = 6
NoC idle = 6
NoC idle = 67
NoC idle = 6
NoC idle = 410
NoC idle = 6
NoC idle = 244
NoC idle = 6
NoC idle = 6
NoC idle = 67
NoC idle = 4
NoC idle = 11
NoC idle = 2088
NoC idle = 6
NoC idle = 7
NoC idle = 6
NoC idle = 1309
NoC idle = 6
NoC idle = 10
NoC idle = 6
NoC idle = 1698
NoC idle = 6
NoC idle = 7
NoC idle = 11
NoC idle = 2
NoC idle = 15
NoC idle = 3
NoC idle = 375
NoC idle = 21
NoC idle = 651
NoC idle = 6
NoC idle = 6
NoC idle = 4
NoC idle = 4
NoC idle = 53
NoC idle = 6
NoC idle = 666
NoC idle = 6
NoC idle = 6
NoC idle = 4
NoC idle = 4
NoC idle = 53
NoC idle = 6
NoC idle = 666
NoC idle = 6
NoC idle = 6
NoC idle = 4
NoC idle = 4
NoC idle = 53
NoC idle = 6
NoC idle = 666
NoC idle = 6
NoC idle = 6
NoC idle = 4
NoC idle = 4
NoC idle = 53
NoC idle = 512
NoC idle = 5
NoC idle = 5
NoC idle = 4
NoC idle = 776
NoC idle = 21
NoC idle = 206
NoC idle = 276
NoC idle = 6
NoC idle = 70
NoC idle = 6
NoC idle = 24
NoC idle = 6
NoC idle = 2
NoC idle = 6
NoC idle = 706
NoC idle = 6
NoC idle = 38
NoC idle = 11
NoC idle = 2
NoC idle = 15
NoC idle = 4
NoC idle = 2
NoC idle = 5
NoC idle = 2
NoC idle = 204
NoC idle = 6
NoC idle = 17
NoC idle = 6
NoC idle = 727
NoC idle = 14
NoC idle = 4
NoC idle = 6
NoC idle = 22
NoC idle = 6
NoC idle = 693
NoC idle = 6
NoC idle = 5
NoC idle = 4
NoC idle = 6
NoC idle = 22
NoC idle = 6
NoC idle = 693
NoC idle = 6
NoC idle = 5
NoC idle = 6
NoC idle = 6
NoC idle = 22
NoC idle = 6
NoC idle = 693
NoC idle = 6
NoC idle = 5
NoC idle = 6
NoC idle = 6
NoC idle = 22
NoC idle = 8
NoC idle = 11
NoC idle = 2
NoC idle = 9
NoC idle = 2044
NoC idle = 6
NoC idle = 18
NoC idle = 6
NoC idle = 1335
NoC idle = 5
NoC idle = 5
NoC idle = 1675
NoC idle = 6
NoC idle = 18
NoC idle = 12
NoC idle = 4
NoC idle = 15
NoC idle = 1
NoC idle = 4
NoC idle = 2
NoC idle = 3
NoC idle = 3
NoC idle = 574
NoC idle = 21
NoC idle = 385
NoC idle = 6
NoC idle = 67
NoC idle = 6
NoC idle = 6
NoC idle = 255
NoC idle = 6
NoC idle = 12
NoC idle = 385
NoC idle = 6
NoC idle = 67
NoC idle = 6
NoC idle = 6
NoC idle = 255
NoC idle = 6
NoC idle = 400
NoC idle = 6
NoC idle = 67
NoC idle = 6
NoC idle = 6
NoC idle = 255
NoC idle = 6
NoC idle = 400
NoC idle = 6
NoC idle = 67
NoC idle = 6
NoC idle = 6
NoC idle = 255
NoC idle = 1
NoC idle = 498
NoC idle = 1
NoC idle = 1023
NoC idle = 3
NoC idle = 4
NoC idle = 6
NoC idle = 337
NoC idle = 2
NoC idle = 1
NoC idle = 2
NoC idle = 25
NoC idle = 6
NoC idle = 40
NoC idle = 6
NoC idle = 667
NoC idle = 6
NoC idle = 77
NoC idle = 11
NoC idle = 15
NoC idle = 7
NoC idle = 73
NoC idle = 6
NoC idle = 152
NoC idle = 6
NoC idle = 592
NoC idle = 6
NoC idle = 12
NoC idle = 137
NoC idle = 21
NoC idle = 46
NoC idle = 5
NoC idle = 518
NoC idle = 6
NoC idle = 152
NoC idle = 6
NoC idle = 61
NoC idle = 5
NoC idle = 518
NoC idle = 6
NoC idle = 152
NoC idle = 6
NoC idle = 61
NoC idle = 5
NoC idle = 518
NoC idle = 6
NoC idle = 152
NoC idle = 6
NoC idle = 61
NoC idle = 11
NoC idle = 4
NoC idle = 1
NoC idle = 1
NoC idle = 8
NoC idle = 2085
NoC idle = 6
NoC idle = 313
NoC idle = 6
NoC idle = 1007
NoC idle = 1
NoC idle = 2
NoC idle = 1
NoC idle = 1712
NoC idle = 6
NoC idle = 313
NoC idle = 11
NoC idle = 15
NoC idle = 380
NoC idle = 21
NoC idle = 620
NoC idle = 6
NoC idle = 4
NoC idle = 5
NoC idle = 92
NoC idle = 21
NoC idle = 620
NoC idle = 6
NoC idle = 4
NoC idle = 5
NoC idle = 92
NoC idle = 21
NoC idle = 620
NoC idle = 6
NoC idle = 4
NoC idle = 5
NoC idle = 92
NoC idle = 6
NoC idle = 635
NoC idle = 6
NoC idle = 4
NoC idle = 5
NoC idle = 92
NoC idle = 449
NoC idle = 825
NoC idle = 6
NoC idle = 158
NoC idle = 6
NoC idle = 28
NoC idle = 1
NoC idle = 3
NoC idle = 333
NoC idle = 6
NoC idle = 12
NoC idle = 37
NoC idle = 6
NoC idle = 12
NoC idle = 4
NoC idle = 4
NoC idle = 661
NoC idle = 6
NoC idle = 76
NoC idle = 11
NoC idle = 2
NoC idle = 15
NoC idle = 1
NoC idle = 143
NoC idle = 6
NoC idle = 161
NoC idle = 6
NoC idle = 583
NoC idle = 21
NoC idle = 109
NoC idle = 18
NoC idle = 3
NoC idle = 4
NoC idle = 6
NoC idle = 583
NoC idle = 6
NoC idle = 124
NoC idle = 6
NoC idle = 9
NoC idle = 6
NoC idle = 4
NoC idle = 6
NoC idle = 583
NoC idle = 6
NoC idle = 124
NoC idle = 6
NoC idle = 9
NoC idle = 6
NoC idle = 4
NoC idle = 6
NoC idle = 583
NoC idle = 6
NoC idle = 124
NoC idle = 6
NoC idle = 9
NoC idle = 6
NoC idle = 4
NoC idle = 8
NoC idle = 11
NoC idle = 3
NoC idle = 2
NoC idle = 5
NoC idle = 2047
NoC idle = 6
NoC idle = 15
NoC idle = 6
NoC idle = 1343
NoC idle = 6
NoC idle = 12
NoC idle = 6
NoC idle = 1654
NoC idle = 6
NoC idle = 15
NoC idle = 11
NoC idle = 2
NoC idle = 15
NoC idle = 1
NoC idle = 1
NoC idle = 3
NoC idle = 375
NoC idle = 21
NoC idle = 580
NoC idle = 2
NoC idle = 6
NoC idle = 7
NoC idle = 6
NoC idle = 125
NoC idle = 6
NoC idle = 595
NoC idle = 2
NoC idle = 6
NoC idle = 7
NoC idle = 6
NoC idle = 125
NoC idle = 6
NoC idle = 595
NoC idle = 2
NoC idle = 1
NoC idle = 2
NoC idle = 7
NoC idle = 6
NoC idle = 125
NoC idle = 6
NoC idle = 595
NoC idle = 2
NoC idle = 1
NoC idle = 2
NoC idle = 7
NoC idle = 6
NoC idle = 125
NoC idle = 1
NoC idle = 500
NoC idle = 982
NoC idle = 6
NoC idle = 7
NoC idle = 6
NoC idle = 3
NoC idle = 6
NoC idle = 22
NoC idle = 345
NoC idle = 14
NoC idle = 1
NoC idle = 1
NoC idle = 12
NoC idle = 718
NoC idle = 6
NoC idle = 9
NoC idle = 12
NoC idle = 2
NoC idle = 15
NoC idle = 1
NoC idle = 1
NoC idle = 2
NoC idle = 692
NoC idle = 20
NoC idle = 18
NoC idle = 6
NoC idle = 215
NoC idle = 6
NoC idle = 6
NoC idle = 475
NoC idle = 6
NoC idle = 32
NoC idle = 6
NoC idle = 215
NoC idle = 6
NoC idle = 6
NoC idle = 475
NoC idle = 6
NoC idle = 32
NoC idle = 6
NoC idle = 215
NoC idle = 6
NoC idle = 6
NoC idle = 475
NoC idle = 6
NoC idle = 32
NoC idle = 6
NoC idle = 215
NoC idle = 6
NoC idle = 3
NoC idle = 11
NoC idle = 11
NoC idle = 1
NoC idle = 5
NoC idle = 4
NoC idle = 2021
NoC idle = 21
NoC idle = 17
NoC idle = 21
NoC idle = 1310
NoC idle = 6
NoC idle = 6
NoC idle = 1669
NoC idle = 6
NoC idle = 32
NoC idle = 12
NoC idle = 3
NoC idle = 15
NoC idle = 2
NoC idle = 5
NoC idle = 12
NoC idle = 342
NoC idle = 21
NoC idle = 619
NoC idle = 6
NoC idle = 6
NoC idle = 12
NoC idle = 13
NoC idle = 6
NoC idle = 59
NoC idle = 6
NoC idle = 12
NoC idle = 619
NoC idle = 6
NoC idle = 6
NoC idle = 28
NoC idle = 6
NoC idle = 59
NoC idle = 6
NoC idle = 634
NoC idle = 6
NoC idle = 6
NoC idle = 28
NoC idle = 6
NoC idle = 59
NoC idle = 6
NoC idle = 634
NoC idle = 6
NoC idle = 6
NoC idle = 28
NoC idle = 6
NoC idle = 59
NoC idle = 469
NoC idle = 924
NoC idle = 6
NoC idle = 66
NoC idle = 6
NoC idle = 6
NoC idle = 13
NoC idle = 13
NoC idle = 209
NoC idle = 21
NoC idle = 18
NoC idle = 20
NoC idle = 5
NoC idle = 12
NoC idle = 24
NoC idle = 6
NoC idle = 12
NoC idle = 690
NoC idle = 6
NoC idle = 39
NoC idle = 11
NoC idle = 4
NoC idle = 15
NoC idle = 1
NoC idle = 2
NoC idle = 3
NoC idle = 10
NoC idle = 15
NoC idle = 6
NoC idle = 756
NoC idle = 6
NoC idle = 242
NoC idle = 6
NoC idle = 9
NoC idle = 2
NoC idle = 1
NoC idle = 2
NoC idle = 476
NoC idle = 6
NoC idle = 242
NoC idle = 6
NoC idle = 9
NoC idle = 2
NoC idle = 1
NoC idle = 2
NoC idle = 476
NoC idle = 6
NoC idle = 242
NoC idle = 6
NoC idle = 9
NoC idle = 2
NoC idle = 1
NoC idle = 2
NoC idle = 476
NoC idle = 6
NoC idle = 242
NoC idle = 6
NoC idle = 9
NoC idle = 2
NoC idle = 5
NoC idle = 11
NoC idle = 5
NoC idle = 2017
NoC idle = 6
NoC idle = 12
NoC idle = 6
NoC idle = 1367
NoC idle = 6
NoC idle = 12
NoC idle = 6
NoC idle = 1633
NoC idle = 6
NoC idle = 10
NoC idle = 3
NoC idle = 15
NoC idle = 1
NoC idle = 2
NoC idle = 1
NoC idle = 399
NoC idle = 21
NoC idle = 593
NoC idle = 6
NoC idle = 3
NoC idle = 1
NoC idle = 2
NoC idle = 12
NoC idle = 102
NoC idle = 21
NoC idle = 593
NoC idle = 6
NoC idle = 3
NoC idle = 1
NoC idle = 2
NoC idle = 1
NoC idle = 117
NoC idle = 6
NoC idle = 608
NoC idle = 6
NoC idle = 3
NoC idle = 1
NoC idle = 2
NoC idle = 1
NoC idle = 117
NoC idle = 6
NoC idle = 608
NoC idle = 6
NoC idle = 3
NoC idle = 1
NoC idle = 2
NoC idle = 1
NoC idle = 117
NoC idle = 6
NoC idle = 756
NoC idle = 1
NoC idle = 482
NoC idle = 971
NoC idle = 6
NoC idle = 15
NoC idle = 6
NoC idle = 27
NoC idle = 1
NoC idle = 319
NoC idle = 6
NoC idle = 12
NoC idle = 16
NoC idle = 6
NoC idle = 27
NoC idle = 6
NoC idle = 36
NoC idle = 6
NoC idle = 708
NoC idle = 6
NoC idle = 36
NoC idle = 12
NoC idle = 5
NoC idle = 15
NoC idle = 2
NoC idle = 6
NoC idle = 2
NoC idle = 2
NoC idle = 14
NoC idle = 146
NoC idle = 21
NoC idle = 72
NoC idle = 6
NoC idle = 657
NoC idle = 6
NoC idle = 83
NoC idle = 1
NoC idle = 2
NoC idle = 1
NoC idle = 35
NoC idle = 6
NoC idle = 610
NoC idle = 6
NoC idle = 83
NoC idle = 1
NoC idle = 2
NoC idle = 1
NoC idle = 35
NoC idle = 6
NoC idle = 610
NoC idle = 6
NoC idle = 83
NoC idle = 1
NoC idle = 2
NoC idle = 1
NoC idle = 35
NoC idle = 6
NoC idle = 610
NoC idle = 6
NoC idle = 83
NoC idle = 1
NoC idle = 2
NoC idle = 1
NoC idle = 35
NoC idle = 11
NoC idle = 2017
NoC idle = 6
NoC idle = 20
NoC idle = 21
NoC idle = 1364
NoC idle = 3
NoC idle = 1634
NoC idle = 6
NoC idle = 20
NoC idle = 11
NoC idle = 3
NoC idle = 15
NoC idle = 2
NoC idle = 7
NoC idle = 6
NoC idle = 332
NoC idle = 21
NoC idle = 596
NoC idle = 6
NoC idle = 6
NoC idle = 9
NoC idle = 4
NoC idle = 6
NoC idle = 90
NoC idle = 6
NoC idle = 611
NoC idle = 6
NoC idle = 6
NoC idle = 19
NoC idle = 6
NoC idle = 90
NoC idle = 6
NoC idle = 611
NoC idle = 6
NoC idle = 6
NoC idle = 19
NoC idle = 6
NoC idle = 90
NoC idle = 6
NoC idle = 611
NoC idle = 6
NoC idle = 6
NoC idle = 19
NoC idle = 6
NoC idle = 90
NoC idle = 479
NoC idle = 2
NoC idle = 3
NoC idle = 992
NoC idle = 6
NoC idle = 6
NoC idle = 22
NoC idle = 6
NoC idle = 2
NoC idle = 1
NoC idle = 346
NoC idle = 4
NoC idle = 33
NoC idle = 6
NoC idle = 78
NoC idle = 6
NoC idle = 621
NoC idle = 6
NoC idle = 33
NoC idle = 12
NoC idle = 3
NoC idle = 15
NoC idle = 4
NoC idle = 6
NoC idle = 3
NoC idle = 6
NoC idle = 13
NoC idle = 219
NoC idle = 5
NoC idle = 5
NoC idle = 732
NoC idle = 6
NoC idle = 4
NoC idle = 2
NoC idle = 2
NoC idle = 732
NoC idle = 6
NoC idle = 4
NoC idle = 2
NoC idle = 2
NoC idle = 732
NoC idle = 6
NoC idle = 4
NoC idle = 2
NoC idle = 2
NoC idle = 732
NoC idle = 6
NoC idle = 4
NoC idle = 2
NoC idle = 1
NoC idle = 11
NoC idle = 2038
NoC idle = 6
NoC idle = 18
NoC idle = 6
NoC idle = 1338
NoC idle = 4
NoC idle = 4
NoC idle = 1673
NoC idle = 6
NoC idle = 18
NoC idle = 8
NoC idle = 15
NoC idle = 1
NoC idle = 3
Frontend:
  impl: GEM5

[2026-07-06 00:32:36.095] [info] Row hits: 269687, Row misses: 1348, Row conflicts: 175433
[2026-07-06 00:32:36.095] [info] Controller idle = 11
[2026-07-06 00:32:36.095] [info] Controller idle = 93
[2026-07-06 00:32:36.095] [info] Controller idle = 770
[2026-07-06 00:32:36.095] [info] Controller idle = 226
[2026-07-06 00:32:36.095] [info] Controller idle = 140
[2026-07-06 00:32:36.095] [info] Controller idle = 280
[2026-07-06 00:32:36.095] [info] Controller idle = 194
[2026-07-06 00:32:36.095] [info] Controller idle = 235
[2026-07-06 00:32:36.095] [info] Controller idle = 177
[2026-07-06 00:32:36.095] [info] Controller idle = 259
[2026-07-06 00:32:36.095] [info] Controller idle = 179
[2026-07-06 00:32:36.095] [info] Controller idle = 1145
[2026-07-06 00:32:36.095] [info] Controller idle = 1466
[2026-07-06 00:32:36.095] [info] Controller idle = 105
[2026-07-06 00:32:36.095] [info] Controller idle = 4
[2026-07-06 00:32:36.095] [info] Controller idle = 5
[2026-07-06 00:32:36.095] [info] Controller idle = 8
[2026-07-06 00:32:36.095] [info] Controller idle = 4
[2026-07-06 00:32:36.095] [info] Controller idle = 2
[2026-07-06 00:32:36.095] [info] Controller idle = 18
[2026-07-06 00:32:36.095] [info] Controller idle = 2
[2026-07-06 00:32:36.095] [info] Controller idle = 17
[2026-07-06 00:32:36.095] [info] Controller idle = 56
[2026-07-06 00:32:36.095] [info] Controller idle = 1502
[2026-07-06 00:32:36.095] [info] Controller idle = 2
[2026-07-06 00:32:36.095] [info] Controller idle = 1
[2026-07-06 00:32:36.095] [info] Controller idle = 8
[2026-07-06 00:32:36.095] [info] Controller idle = 7
[2026-07-06 00:32:36.095] [info] Controller idle = 1
[2026-07-06 00:32:36.095] [info] Controller idle = 1
[2026-07-06 00:32:36.095] [info] Controller idle = 1
[2026-07-06 00:32:36.095] [info] Controller idle = 188
[2026-07-06 00:32:36.095] [info] Controller idle = 970
[2026-07-06 00:32:36.095] [info] Controller idle = 1
[2026-07-06 00:32:36.095] [info] Controller idle = 1
[2026-07-06 00:32:36.095] [info] Controller idle = 159
[2026-07-06 00:32:36.095] [info] Controller idle = 328
[2026-07-06 00:32:36.095] [info] Controller idle = 180
[2026-07-06 00:32:36.095] [info] Controller idle = 319
[2026-07-06 00:32:36.095] [info] Controller idle = 155
[2026-07-06 00:32:36.095] [info] Controller idle = 309
[2026-07-06 00:32:36.095] [info] Controller idle = 175
[2026-07-06 00:32:36.095] [info] Controller idle = 45
[2026-07-06 00:32:36.095] [info] Controller idle = 4278
[2026-07-06 00:32:36.095] [info] Controller idle = 256
[2026-07-06 00:32:36.095] [info] Controller idle = 1
[2026-07-06 00:32:36.095] [info] Controller idle = 5
[2026-07-06 00:32:36.095] [info] Controller idle = 2
[2026-07-06 00:32:36.095] [info] Controller idle = 7
[2026-07-06 00:32:36.095] [info] Controller idle = 2
[2026-07-06 00:32:36.095] [info] Controller idle = 11
[2026-07-06 00:32:36.095] [info] Controller idle = 7
[2026-07-06 00:32:36.095] [info] Controller idle = 1
[2026-07-06 00:32:36.095] [info] Controller idle = 1
[2026-07-06 00:32:36.095] [info] Controller idle = 2
[2026-07-06 00:32:36.095] [info] Controller idle = 29
[2026-07-06 00:32:36.095] [info] Controller idle = 1
[2026-07-06 00:32:36.095] [info] Controller idle = 2
[2026-07-06 00:32:36.095] [info] Controller idle = 1
[2026-07-06 00:32:36.095] [info] Controller idle = 12
[2026-07-06 00:32:36.095] [info] Controller idle = 5
[2026-07-06 00:32:36.095] [info] Controller idle = 1
[2026-07-06 00:32:36.095] [info] Controller idle = 3133
[2026-07-06 00:32:36.095] [info] Controller idle = 14
[2026-07-06 00:32:36.095] [info] Controller idle = 1
[2026-07-06 00:32:36.095] [info] Controller idle = 5
[2026-07-06 00:32:36.095] [info] Controller idle = 1509
[2026-07-06 00:32:36.095] [info] Controller idle = 2753
[2026-07-06 00:32:36.095] [info] Controller idle = 654
[2026-07-06 00:32:36.095] [info] Controller idle = 1275
[2026-07-06 00:32:36.095] [info] Controller idle = 3
[2026-07-06 00:32:36.095] [info] Controller idle = 460
[2026-07-06 00:32:36.095] [info] Controller idle = 1196
[2026-07-06 00:32:36.095] [info] Controller idle = 33
[2026-07-06 00:32:36.095] [info] Controller idle = 4291
[2026-07-06 00:32:36.095] [info] Controller idle = 35
[2026-07-06 00:32:36.095] [info] Controller idle = 2620
[2026-07-06 00:32:36.095] [info] Controller idle = 3780
[2026-07-06 00:32:36.095] [info] Controller idle = 34
[2026-07-06 00:32:36.095] [info] Controller idle = 533
[2026-07-06 00:32:36.095] [info] Controller idle = 714
[2026-07-06 00:32:36.095] [info] Controller idle = 2942
[2026-07-06 00:32:36.095] [info] Controller idle = 660
[2026-07-06 00:32:36.095] [info] Controller idle = 1307
[2026-07-06 00:32:36.095] [info] Controller idle = 489
[2026-07-06 00:32:36.095] [info] Controller idle = 1047
[2026-07-06 00:32:36.095] [info] Controller idle = 34
[2026-07-06 00:32:36.095] [info] Controller idle = 1
[2026-07-06 00:32:36.095] [info] Controller idle = 4332
[2026-07-06 00:32:36.095] [info] Controller idle = 28
[2026-07-06 00:32:36.095] [info] Controller idle = 2
[2026-07-06 00:32:36.095] [info] Controller idle = 2700
[2026-07-06 00:32:36.095] [info] Controller idle = 3673
[2026-07-06 00:32:36.095] [info] Controller idle = 33
[2026-07-06 00:32:36.095] [info] Controller idle = 1284
[2026-07-06 00:32:36.095] [info] Controller idle = 2904
[2026-07-06 00:32:36.095] [info] Controller idle = 583
[2026-07-06 00:32:36.095] [info] Controller idle = 1289
[2026-07-06 00:32:36.095] [info] Controller idle = 1491
[2026-07-06 00:32:36.095] [info] Controller idle = 33
[2026-07-06 00:32:36.095] [info] Controller idle = 4314
[2026-07-06 00:32:36.095] [info] Controller idle = 46
[2026-07-06 00:32:36.095] [info] Controller idle = 6201
[2026-07-06 00:32:36.095] [info] Controller idle = 34
[2026-07-06 00:32:36.095] [info] Controller idle = 4262
[2026-07-06 00:32:36.095] [info] Controller idle = 651
[2026-07-06 00:32:36.095] [info] Controller idle = 1281
[2026-07-06 00:32:36.095] [info] Controller idle = 446
[2026-07-06 00:32:36.095] [info] Controller idle = 1033
[2026-07-06 00:32:36.095] [info] Controller idle = 39
[2026-07-06 00:32:36.095] [info] Controller idle = 4402
[2026-07-06 00:32:36.095] [info] Controller idle = 31
[2026-07-06 00:32:36.095] [info] Controller idle = 6189
[2026-07-06 00:32:36.095] [info] Controller idle = 35
[2026-07-06 00:32:36.095] [info] Controller idle = 4270
[2026-07-06 00:32:36.095] [info] Controller idle = 659
[2026-07-06 00:32:36.095] [info] Controller idle = 1280
[2026-07-06 00:32:36.095] [info] Controller idle = 1524
[2026-07-06 00:32:36.095] [info] Controller idle = 33
[2026-07-06 00:32:36.095] [info] Controller idle = 1
[2026-07-06 00:32:36.095] [info] Controller idle = 4333
[2026-07-06 00:32:36.095] [info] Controller idle = 34
[2026-07-06 00:32:36.095] [info] Controller idle = 6134
[2026-07-06 00:32:36.095] [info] Controller idle = 34
[2026-07-06 00:32:36.095] [info] Controller idle = 585
[2026-07-06 00:32:36.095] [info] Controller idle = 3673
[2026-07-06 00:32:36.095] [info] Controller idle = 634
[2026-07-06 00:32:36.095] [info] Controller idle = 1275
[2026-07-06 00:32:36.095] [info] Controller idle = 1459
[2026-07-06 00:32:36.095] [info] Controller idle = 33
[2026-07-06 00:32:36.095] [info] Controller idle = 1
[2026-07-06 00:32:36.095] [info] Controller idle = 1882
[2026-07-06 00:32:36.095] [info] Controller idle = 2904
[2026-07-06 00:32:36.095] [info] Controller idle = 29
[2026-07-06 00:32:36.095] [info] Controller idle = 1
[2026-07-06 00:32:36.095] [info] Controller idle = 6458
[2026-07-06 00:32:36.095] [info] Controller idle = 34
[2026-07-06 00:32:36.095] [info] Controller idle = 1
[2026-07-06 00:32:36.095] [info] Controller idle = 621
[2026-07-06 00:32:36.095] [info] Controller idle = 3675
[2026-07-06 00:32:36.095] [info] Controller idle = 645
[2026-07-06 00:32:36.095] [info] Controller idle = 1283
[2026-07-06 00:32:36.095] [info] Controller idle = 1538
[2026-07-06 00:32:36.095] [info] Controller idle = 35
[2026-07-06 00:32:36.095] [info] Controller idle = 2247
[2026-07-06 00:32:36.095] [info] Controller idle = 1828
[2026-07-06 00:32:36.095] [info] Controller idle = 37
[2026-07-06 00:32:36.095] [info] Controller idle = 6285
[2026-07-06 00:32:36.095] [info] Controller idle = 33
[2026-07-06 00:32:36.095] [info] Controller idle = 4193
[2026-07-06 00:32:36.095] [info] Controller idle = 658
[2026-07-06 00:32:36.095] [info] Controller idle = 1299
[2026-07-06 00:32:36.095] [info] Controller idle = 1460
[2026-07-06 00:32:36.095] [info] Controller idle = 33
[2026-07-06 00:32:36.095] [info] Controller idle = 1348
[2026-07-06 00:32:36.095] [info] Controller idle = 2827
[2026-07-06 00:32:36.095] [info] Controller idle = 33
[2026-07-06 00:32:36.095] [info] Controller idle = 6358
[2026-07-06 00:32:36.095] [info] Controller idle = 33
[2026-07-06 00:32:36.095] [info] Controller idle = 4449
[2026-07-06 00:32:36.095] [info] Controller idle = 628
[2026-07-06 00:32:36.095] [info] Controller idle = 1329
[2026-07-06 00:32:36.095] [info] Controller idle = 13
[2026-07-06 00:32:36.095] [info] Controller idle = 1463
[2026-07-06 00:32:36.095] [info] Controller idle = 33
[2026-07-06 00:32:36.095] [info] Controller idle = 4110
[2026-07-06 00:32:36.095] [info] Controller idle = 34
[2026-07-06 00:32:36.095] [info] Controller idle = 6875
[2026-07-06 00:32:36.095] [info] Controller idle = 34
[2026-07-06 00:32:36.095] [info] Controller idle = 540
[2026-07-06 00:32:36.095] [info] Controller idle = 904
[2026-07-06 00:32:36.095] [info] Controller idle = 1701
[2026-07-06 00:32:36.095] [info] Controller idle = 1050
[2026-07-06 00:32:36.095] [info] Controller idle = 602
[2026-07-06 00:32:36.095] [info] Controller idle = 1299
[2026-07-06 00:32:36.095] [info] Controller idle = 516
[2026-07-06 00:32:36.095] [info] Controller idle = 937
[2026-07-06 00:32:36.095] [info] Controller idle = 33
[2026-07-06 00:32:36.095] [info] Controller idle = 1122
[2026-07-06 00:32:36.095] [info] Controller idle = 2959
[2026-07-06 00:32:36.095] [info] Controller idle = 33
[2026-07-06 00:32:36.095] [info] Controller idle = 6194
[2026-07-06 00:32:36.095] [info] Controller idle = 33
[2026-07-06 00:32:36.095] [info] Controller idle = 2139
[2026-07-06 00:32:36.095] [info] Controller idle = 2024
[2026-07-06 00:32:36.095] [info] Controller idle = 627
[2026-07-06 00:32:36.095] [info] Controller idle = 1321
[2026-07-06 00:32:36.095] [info] Controller idle = 7
[2026-07-06 00:32:36.095] [info] Controller idle = 475
[2026-07-06 00:32:36.095] [info] Controller idle = 905
[2026-07-06 00:32:36.095] [info] Controller idle = 33
[2026-07-06 00:32:36.095] [info] Controller idle = 4031
[2026-07-06 00:32:36.095] [info] Controller idle = 57
[2026-07-06 00:32:36.095] [info] Controller idle = 2440
[2026-07-06 00:32:36.095] [info] Controller idle = 3727
[2026-07-06 00:32:36.095] [info] Controller idle = 34
[2026-07-06 00:32:36.095] [info] Controller idle = 1214
[2026-07-06 00:32:36.095] [info] Controller idle = 2885
[2026-07-06 00:32:36.095] [info] Controller idle = 598
[2026-07-06 00:32:36.095] [info] Controller idle = 1300
[2026-07-06 00:32:36.095] [info] Controller idle = 13
[2026-07-06 00:32:36.095] [info] Controller idle = 288
[2026-07-06 00:32:36.095] [info] Controller idle = 1049
[2026-07-06 00:32:36.095] [info] Controller idle = 33
[2026-07-06 00:32:36.095] [info] Controller idle = 4202
[2026-07-06 00:32:36.095] [info] Controller idle = 34
[2026-07-06 00:32:36.095] [info] Controller idle = 2446
[2026-07-06 00:32:36.095] [info] Controller idle = 3673
[2026-07-06 00:32:36.095] [info] Controller idle = 34
[2026-07-06 00:32:36.095] [info] Controller idle = 615
[2026-07-06 00:32:36.095] [info] Controller idle = 726
[2026-07-06 00:32:36.095] [info] Controller idle = 3851
[2026-07-06 00:32:36.095] [info] Controller idle = 640
[2026-07-06 00:32:36.095] [info] Controller idle = 1296
[2026-07-06 00:32:36.095] [info] Controller idle = 1516
[2026-07-06 00:32:36.095] [info] Controller idle = 34
[2026-07-06 00:32:36.095] [info] Controller idle = 1
[2026-07-06 00:32:36.095] [info] Controller idle = 270
[2026-07-06 00:32:36.095] [info] Controller idle = 3849
[2026-07-06 00:32:36.095] [info] Controller idle = 34
[2026-07-06 00:32:36.095] [info] Controller idle = 6533
[2026-07-06 00:32:36.095] [info] Controller idle = 34
[2026-07-06 00:32:36.095] [info] Controller idle = 427
[2026-07-06 00:32:36.095] [info] Controller idle = 3674
[2026-07-06 00:32:36.095] [info] Controller idle = 648
[2026-07-06 00:32:36.095] [info] Controller idle = 1298
[2026-07-06 00:32:36.095] [info] Controller idle = 18
[2026-07-06 00:32:36.095] [info] Controller idle = 1419
[2026-07-06 00:32:36.095] [info] Controller idle = 34
[2026-07-06 00:32:36.095] [info] Controller idle = 4095
[2026-07-06 00:32:36.095] [info] Controller idle = 27
[2026-07-06 00:32:36.095] [info] Controller idle = 6265
[2026-07-06 00:32:36.095] [info] Controller idle = 53
MemorySystem:
  impl: GenericDRAM
  total_num_other_requests: 0
  total_num_write_requests: 5477
  total_num_read_requests: 442051
  memory_system_cycles: 1104017

  DRAM:
    impl: HBM2
    dram_commands: 799994
  AddrMapper:
    impl: RoBaRaCoCh
  Controller:
    impl: Generic
    id: Channel 0
    Scheduler:
      impl: FRFCFS
    RefreshManager:
      impl: AllBank



[2026-07-06 00:32:36.095] [info] HBM2-CH_0: avg BW utilization 40% (442051 reads, 5477 writes)
Frontend:
  impl: GEM5

[2026-07-06 00:32:36.095] [info] Row hits: 269359, Row misses: 1296, Row conflicts: 175623
[2026-07-06 00:32:36.095] [info] Controller idle = 11
[2026-07-06 00:32:36.095] [info] Controller idle = 15
[2026-07-06 00:32:36.095] [info] Controller idle = 707
[2026-07-06 00:32:36.095] [info] Controller idle = 291
[2026-07-06 00:32:36.095] [info] Controller idle = 207
[2026-07-06 00:32:36.095] [info] Controller idle = 243
[2026-07-06 00:32:36.095] [info] Controller idle = 180
[2026-07-06 00:32:36.095] [info] Controller idle = 280
[2026-07-06 00:32:36.095] [info] Controller idle = 180
[2026-07-06 00:32:36.095] [info] Controller idle = 249
[2026-07-06 00:32:36.095] [info] Controller idle = 164
[2026-07-06 00:32:36.095] [info] Controller idle = 1190
[2026-07-06 00:32:36.095] [info] Controller idle = 1470
[2026-07-06 00:32:36.095] [info] Controller idle = 8
[2026-07-06 00:32:36.095] [info] Controller idle = 7
[2026-07-06 00:32:36.095] [info] Controller idle = 4
[2026-07-06 00:32:36.095] [info] Controller idle = 95
[2026-07-06 00:32:36.095] [info] Controller idle = 2
[2026-07-06 00:32:36.095] [info] Controller idle = 3
[2026-07-06 00:32:36.095] [info] Controller idle = 6
[2026-07-06 00:32:36.095] [info] Controller idle = 52
[2026-07-06 00:32:36.095] [info] Controller idle = 1
[2026-07-06 00:32:36.095] [info] Controller idle = 1
[2026-07-06 00:32:36.095] [info] Controller idle = 1
[2026-07-06 00:32:36.095] [info] Controller idle = 53
[2026-07-06 00:32:36.095] [info] Controller idle = 1
[2026-07-06 00:32:36.095] [info] Controller idle = 1503
[2026-07-06 00:32:36.095] [info] Controller idle = 1
[2026-07-06 00:32:36.095] [info] Controller idle = 4
[2026-07-06 00:32:36.095] [info] Controller idle = 2
[2026-07-06 00:32:36.095] [info] Controller idle = 192
[2026-07-06 00:32:36.095] [info] Controller idle = 965
[2026-07-06 00:32:36.095] [info] Controller idle = 192
[2026-07-06 00:32:36.095] [info] Controller idle = 319
[2026-07-06 00:32:36.095] [info] Controller idle = 150
[2026-07-06 00:32:36.095] [info] Controller idle = 317
[2026-07-06 00:32:36.095] [info] Controller idle = 183
[2026-07-06 00:32:36.095] [info] Controller idle = 325
[2026-07-06 00:32:36.095] [info] Controller idle = 132
[2026-07-06 00:32:36.095] [info] Controller idle = 49
[2026-07-06 00:32:36.095] [info] Controller idle = 4141
[2026-07-06 00:32:36.095] [info] Controller idle = 264
[2026-07-06 00:32:36.095] [info] Controller idle = 2
[2026-07-06 00:32:36.095] [info] Controller idle = 1
[2026-07-06 00:32:36.095] [info] Controller idle = 4
[2026-07-06 00:32:36.095] [info] Controller idle = 3
[2026-07-06 00:32:36.095] [info] Controller idle = 9
[2026-07-06 00:32:36.095] [info] Controller idle = 1
[2026-07-06 00:32:36.095] [info] Controller idle = 1
[2026-07-06 00:32:36.095] [info] Controller idle = 1
[2026-07-06 00:32:36.095] [info] Controller idle = 17
[2026-07-06 00:32:36.095] [info] Controller idle = 1
[2026-07-06 00:32:36.095] [info] Controller idle = 9
[2026-07-06 00:32:36.095] [info] Controller idle = 3
[2026-07-06 00:32:36.095] [info] Controller idle = 2
[2026-07-06 00:32:36.095] [info] Controller idle = 1
[2026-07-06 00:32:36.095] [info] Controller idle = 1
[2026-07-06 00:32:36.095] [info] Controller idle = 3
[2026-07-06 00:32:36.095] [info] Controller idle = 4
[2026-07-06 00:32:36.095] [info] Controller idle = 8
[2026-07-06 00:32:36.095] [info] Controller idle = 3119
[2026-07-06 00:32:36.095] [info] Controller idle = 5
[2026-07-06 00:32:36.095] [info] Controller idle = 1
[2026-07-06 00:32:36.095] [info] Controller idle = 4
[2026-07-06 00:32:36.095] [info] Controller idle = 2
[2026-07-06 00:32:36.095] [info] Controller idle = 1
[2026-07-06 00:32:36.095] [info] Controller idle = 1140
[2026-07-06 00:32:36.095] [info] Controller idle = 936
[2026-07-06 00:32:36.095] [info] Controller idle = 2116
[2026-07-06 00:32:36.095] [info] Controller idle = 674
[2026-07-06 00:32:36.095] [info] Controller idle = 1283
[2026-07-06 00:32:36.095] [info] Controller idle = 462
[2026-07-06 00:32:36.095] [info] Controller idle = 1191
[2026-07-06 00:32:36.095] [info] Controller idle = 33
[2026-07-06 00:32:36.095] [info] Controller idle = 4086
[2026-07-06 00:32:36.095] [info] Controller idle = 34
[2026-07-06 00:32:36.095] [info] Controller idle = 2706
[2026-07-06 00:32:36.095] [info] Controller idle = 3674
[2026-07-06 00:32:36.095] [info] Controller idle = 34
[2026-07-06 00:32:36.095] [info] Controller idle = 1523
[2026-07-06 00:32:36.095] [info] Controller idle = 2752
[2026-07-06 00:32:36.095] [info] Controller idle = 664
[2026-07-06 00:32:36.095] [info] Controller idle = 1298
[2026-07-06 00:32:36.095] [info] Controller idle = 1501
[2026-07-06 00:32:36.095] [info] Controller idle = 15
[2026-07-06 00:32:36.095] [info] Controller idle = 34
[2026-07-06 00:32:36.095] [info] Controller idle = 1
[2026-07-06 00:32:36.095] [info] Controller idle = 262
[2026-07-06 00:32:36.095] [info] Controller idle = 3850
[2026-07-06 00:32:36.095] [info] Controller idle = 29
[2026-07-06 00:32:36.095] [info] Controller idle = 1
[2026-07-06 00:32:36.095] [info] Controller idle = 2677
[2026-07-06 00:32:36.095] [info] Controller idle = 3691
[2026-07-06 00:32:36.095] [info] Controller idle = 37
[2026-07-06 00:32:36.095] [info] Controller idle = 1
[2026-07-06 00:32:36.095] [info] Controller idle = 629
[2026-07-06 00:32:36.095] [info] Controller idle = 698
[2026-07-06 00:32:36.095] [info] Controller idle = 2959
[2026-07-06 00:32:36.095] [info] Controller idle = 588
[2026-07-06 00:32:36.095] [info] Controller idle = 1308
[2026-07-06 00:32:36.095] [info] Controller idle = 1492
[2026-07-06 00:32:36.095] [info] Controller idle = 33
[2026-07-06 00:32:36.095] [info] Controller idle = 4165
[2026-07-06 00:32:36.095] [info] Controller idle = 52
[2026-07-06 00:32:36.095] [info] Controller idle = 6260
[2026-07-06 00:32:36.096] [info] Controller idle = 34
[2026-07-06 00:32:36.096] [info] Controller idle = 542
[2026-07-06 00:32:36.096] [info] Controller idle = 3673
[2026-07-06 00:32:36.096] [info] Controller idle = 642
[2026-07-06 00:32:36.096] [info] Controller idle = 1306
[2026-07-06 00:32:36.096] [info] Controller idle = 7
[2026-07-06 00:32:36.096] [info] Controller idle = 1482
[2026-07-06 00:32:36.096] [info] Controller idle = 33
[2026-07-06 00:32:36.096] [info] Controller idle = 1
[2026-07-06 00:32:36.096] [info] Controller idle = 4334
[2026-07-06 00:32:36.096] [info] Controller idle = 32
[2026-07-06 00:32:36.096] [info] Controller idle = 6326
[2026-07-06 00:32:36.096] [info] Controller idle = 35
[2026-07-06 00:32:36.096] [info] Controller idle = 568
[2026-07-06 00:32:36.096] [info] Controller idle = 3675
[2026-07-06 00:32:36.096] [info] Controller idle = 659
[2026-07-06 00:32:36.096] [info] Controller idle = 1300
[2026-07-06 00:32:36.096] [info] Controller idle = 1
[2026-07-06 00:32:36.096] [info] Controller idle = 1511
[2026-07-06 00:32:36.096] [info] Controller idle = 33
[2026-07-06 00:32:36.096] [info] Controller idle = 1
[2026-07-06 00:32:36.096] [info] Controller idle = 4426
[2026-07-06 00:32:36.096] [info] Controller idle = 30
[2026-07-06 00:32:36.096] [info] Controller idle = 6236
[2026-07-06 00:32:36.096] [info] Controller idle = 34
[2026-07-06 00:32:36.096] [info] Controller idle = 4241
[2026-07-06 00:32:36.096] [info] Controller idle = 662
[2026-07-06 00:32:36.096] [info] Controller idle = 1293
[2026-07-06 00:32:36.096] [info] Controller idle = 1459
[2026-07-06 00:32:36.096] [info] Controller idle = 33
[2026-07-06 00:32:36.096] [info] Controller idle = 1
[2026-07-06 00:32:36.096] [info] Controller idle = 2836
[2026-07-06 00:32:36.096] [info] Controller idle = 1982
[2026-07-06 00:32:36.096] [info] Controller idle = 35
[2026-07-06 00:32:36.096] [info] Controller idle = 6229
[2026-07-06 00:32:36.096] [info] Controller idle = 38
[2026-07-06 00:32:36.096] [info] Controller idle = 4332
[2026-07-06 00:32:36.096] [info] Controller idle = 632
[2026-07-06 00:32:36.096] [info] Controller idle = 1271
[2026-07-06 00:32:36.096] [info] Controller idle = 24
[2026-07-06 00:32:36.096] [info] Controller idle = 1505
[2026-07-06 00:32:36.096] [info] Controller idle = 35
[2026-07-06 00:32:36.096] [info] Controller idle = 1079
[2026-07-06 00:32:36.096] [info] Controller idle = 3165
[2026-07-06 00:32:36.096] [info] Controller idle = 36
[2026-07-06 00:32:36.096] [info] Controller idle = 6391
[2026-07-06 00:32:36.096] [info] Controller idle = 33
[2026-07-06 00:32:36.096] [info] Controller idle = 476
[2026-07-06 00:32:36.096] [info] Controller idle = 3674
[2026-07-06 00:32:36.096] [info] Controller idle = 666
[2026-07-06 00:32:36.096] [info] Controller idle = 1289
[2026-07-06 00:32:36.096] [info] Controller idle = 4
[2026-07-06 00:32:36.096] [info] Controller idle = 1439
[2026-07-06 00:32:36.096] [info] Controller idle = 34
[2026-07-06 00:32:36.096] [info] Controller idle = 1
[2026-07-06 00:32:36.096] [info] Controller idle = 4132
[2026-07-06 00:32:36.096] [info] Controller idle = 35
[2026-07-06 00:32:36.096] [info] Controller idle = 6341
[2026-07-06 00:32:36.096] [info] Controller idle = 33
[2026-07-06 00:32:36.096] [info] Controller idle = 754
[2026-07-06 00:32:36.096] [info] Controller idle = 904
[2026-07-06 00:32:36.096] [info] Controller idle = 2753
[2026-07-06 00:32:36.096] [info] Controller idle = 657
[2026-07-06 00:32:36.096] [info] Controller idle = 1279
[2026-07-06 00:32:36.096] [info] Controller idle = 1456
[2026-07-06 00:32:36.096] [info] Controller idle = 33
[2026-07-06 00:32:36.096] [info] Controller idle = 1246
[2026-07-06 00:32:36.096] [info] Controller idle = 2837
[2026-07-06 00:32:36.096] [info] Controller idle = 3
[2026-07-06 00:32:36.096] [info] Controller idle = 31
[2026-07-06 00:32:36.096] [info] Controller idle = 6598
[2026-07-06 00:32:36.096] [info] Controller idle = 34
[2026-07-06 00:32:36.096] [info] Controller idle = 2319
[2026-07-06 00:32:36.096] [info] Controller idle = 1701
[2026-07-06 00:32:36.096] [info] Controller idle = 128
[2026-07-06 00:32:36.096] [info] Controller idle = 623
[2026-07-06 00:32:36.096] [info] Controller idle = 1296
[2026-07-06 00:32:36.096] [info] Controller idle = 1448
[2026-07-06 00:32:36.096] [info] Controller idle = 38
[2026-07-06 00:32:36.096] [info] Controller idle = 1292
[2026-07-06 00:32:36.096] [info] Controller idle = 2795
[2026-07-06 00:32:36.096] [info] Controller idle = 31
[2026-07-06 00:32:36.096] [info] Controller idle = 6259
[2026-07-06 00:32:36.096] [info] Controller idle = 33
[2026-07-06 00:32:36.096] [info] Controller idle = 494
[2026-07-06 00:32:36.096] [info] Controller idle = 710
[2026-07-06 00:32:36.096] [info] Controller idle = 2946
[2026-07-06 00:32:36.096] [info] Controller idle = 629
[2026-07-06 00:32:36.096] [info] Controller idle = 1310
[2026-07-06 00:32:36.096] [info] Controller idle = 453
[2026-07-06 00:32:36.096] [info] Controller idle = 933
[2026-07-06 00:32:36.096] [info] Controller idle = 33
[2026-07-06 00:32:36.096] [info] Controller idle = 879
[2026-07-06 00:32:36.096] [info] Controller idle = 3088
[2026-07-06 00:32:36.096] [info] Controller idle = 28
[2026-07-06 00:32:36.096] [info] Controller idle = 2614
[2026-07-06 00:32:36.096] [info] Controller idle = 3674
[2026-07-06 00:32:36.096] [info] Controller idle = 34
[2026-07-06 00:32:36.096] [info] Controller idle = 620
[2026-07-06 00:32:36.096] [info] Controller idle = 904
[2026-07-06 00:32:36.096] [info] Controller idle = 2752
[2026-07-06 00:32:36.096] [info] Controller idle = 598
[2026-07-06 00:32:36.096] [info] Controller idle = 1286
[2026-07-06 00:32:36.096] [info] Controller idle = 6
[2026-07-06 00:32:36.096] [info] Controller idle = 37
[2026-07-06 00:32:36.096] [info] Controller idle = 319
[2026-07-06 00:32:36.096] [info] Controller idle = 995
[2026-07-06 00:32:36.096] [info] Controller idle = 33
[2026-07-06 00:32:36.096] [info] Controller idle = 4116
[2026-07-06 00:32:36.096] [info] Controller idle = 36
[2026-07-06 00:32:36.096] [info] Controller idle = 2518
[2026-07-06 00:32:36.096] [info] Controller idle = 3684
[2026-07-06 00:32:36.096] [info] Controller idle = 40
[2026-07-06 00:32:36.096] [info] Controller idle = 1348
[2026-07-06 00:32:36.096] [info] Controller idle = 137
[2026-07-06 00:32:36.096] [info] Controller idle = 3675
[2026-07-06 00:32:36.096] [info] Controller idle = 622
[2026-07-06 00:32:36.096] [info] Controller idle = 1284
[2026-07-06 00:32:36.096] [info] Controller idle = 6
[2026-07-06 00:32:36.096] [info] Controller idle = 1495
[2026-07-06 00:32:36.096] [info] Controller idle = 34
[2026-07-06 00:32:36.096] [info] Controller idle = 1
[2026-07-06 00:32:36.096] [info] Controller idle = 4123
[2026-07-06 00:32:36.096] [info] Controller idle = 31
[2026-07-06 00:32:36.096] [info] Controller idle = 2828
[2026-07-06 00:32:36.096] [info] Controller idle = 3672
[2026-07-06 00:32:36.096] [info] Controller idle = 34
[2026-07-06 00:32:36.096] [info] Controller idle = 1327
[2026-07-06 00:32:36.096] [info] Controller idle = 2912
[2026-07-06 00:32:36.096] [info] Controller idle = 624
[2026-07-06 00:32:36.096] [info] Controller idle = 1281
[2026-07-06 00:32:36.096] [info] Controller idle = 11
[2026-07-06 00:32:36.096] [info] Controller idle = 1432
[2026-07-06 00:32:36.096] [info] Controller idle = 34
[2026-07-06 00:32:36.096] [info] Controller idle = 4175
[2026-07-06 00:32:36.096] [info] Controller idle = 33
[2026-07-06 00:32:36.096] [info] Controller idle = 6311
[2026-07-06 00:32:36.096] [info] Controller idle = 42
[2026-07-06 00:32:36.096] [info] Controller idle = 12
MemorySystem:
  impl: GenericDRAM
  total_num_other_requests: 0
  total_num_write_requests: 5467
  total_num_read_requests: 442007
  memory_system_cycles: 1104017

  DRAM:
    impl: HBM2
    dram_commands: 800080
  AddrMapper:
    impl: RoBaRaCoCh
  Controller:
    impl: Generic
    id: Channel 0
    Scheduler:
      impl: FRFCFS
    RefreshManager:
      impl: AllBank



Frontend:
  impl: GEM5

[2026-07-06 00:32:36.096] [info] Row hits: 269349, Row misses: 1352, Row conflicts: 175598
[2026-07-06 00:32:36.096] [info] Controller idle = 11
[2026-07-06 00:32:36.096] [info] Controller idle = 80
[2026-07-06 00:32:36.096] [info] Controller idle = 703
[2026-07-06 00:32:36.096] [info] Controller idle = 292
[2026-07-06 00:32:36.096] [info] Controller idle = 198
[2026-07-06 00:32:36.096] [info] Controller idle = 237
[2026-07-06 00:32:36.096] [info] Controller idle = 178
[2026-07-06 00:32:36.096] [info] Controller idle = 279
[2026-07-06 00:32:36.096] [info] Controller idle = 169
[2026-07-06 00:32:36.096] [info] Controller idle = 252
[2026-07-06 00:32:36.096] [info] Controller idle = 179
[2026-07-06 00:32:36.096] [info] Controller idle = 1227
[2026-07-06 00:32:36.096] [info] Controller idle = 1457
[2026-07-06 00:32:36.096] [info] Controller idle = 1
[2026-07-06 00:32:36.096] [info] Controller idle = 9
[2026-07-06 00:32:36.096] [info] Controller idle = 100
[2026-07-06 00:32:36.096] [info] Controller idle = 2
[2026-07-06 00:32:36.096] [info] Controller idle = 1
[2026-07-06 00:32:36.096] [info] Controller idle = 2
[2026-07-06 00:32:36.096] [info] Controller idle = 27
[2026-07-06 00:32:36.096] [info] Controller idle = 20
[2026-07-06 00:32:36.096] [info] Controller idle = 10
[2026-07-06 00:32:36.096] [info] Controller idle = 1
[2026-07-06 00:32:36.096] [info] Controller idle = 16
[2026-07-06 00:32:36.096] [info] Controller idle = 1
[2026-07-06 00:32:36.096] [info] Controller idle = 46
[2026-07-06 00:32:36.096] [info] Controller idle = 1509
[2026-07-06 00:32:36.096] [info] Controller idle = 1
[2026-07-06 00:32:36.096] [info] Controller idle = 966
[2026-07-06 00:32:36.096] [info] Controller idle = 202
[2026-07-06 00:32:36.096] [info] Controller idle = 312
[2026-07-06 00:32:36.096] [info] Controller idle = 149
[2026-07-06 00:32:36.096] [info] Controller idle = 319
[2026-07-06 00:32:36.096] [info] Controller idle = 167
[2026-07-06 00:32:36.096] [info] Controller idle = 322
[2026-07-06 00:32:36.096] [info] Controller idle = 159
[2026-07-06 00:32:36.096] [info] Controller idle = 68
[2026-07-06 00:32:36.096] [info] Controller idle = 4024
[2026-07-06 00:32:36.096] [info] Controller idle = 269
[2026-07-06 00:32:36.096] [info] Controller idle = 5
[2026-07-06 00:32:36.096] [info] Controller idle = 10
[2026-07-06 00:32:36.096] [info] Controller idle = 2
[2026-07-06 00:32:36.096] [info] Controller idle = 3
[2026-07-06 00:32:36.096] [info] Controller idle = 3
[2026-07-06 00:32:36.096] [info] Controller idle = 1
[2026-07-06 00:32:36.096] [info] Controller idle = 9
[2026-07-06 00:32:36.096] [info] Controller idle = 1
[2026-07-06 00:32:36.096] [info] Controller idle = 1
[2026-07-06 00:32:36.096] [info] Controller idle = 1
[2026-07-06 00:32:36.096] [info] Controller idle = 3140
[2026-07-06 00:32:36.096] [info] Controller idle = 3
[2026-07-06 00:32:36.096] [info] Controller idle = 5
[2026-07-06 00:32:36.096] [info] Controller idle = 2
[2026-07-06 00:32:36.096] [info] Controller idle = 2
[2026-07-06 00:32:36.096] [info] Controller idle = 1156
[2026-07-06 00:32:36.096] [info] Controller idle = 936
[2026-07-06 00:32:36.096] [info] Controller idle = 2116
[2026-07-06 00:32:36.096] [info] Controller idle = 655
[2026-07-06 00:32:36.096] [info] Controller idle = 1278
[2026-07-06 00:32:36.096] [info] Controller idle = 485
[2026-07-06 00:32:36.096] [info] Controller idle = 1191
[2026-07-06 00:32:36.096] [info] Controller idle = 33
[2026-07-06 00:32:36.096] [info] Controller idle = 4344
[2026-07-06 00:32:36.096] [info] Controller idle = 37
[2026-07-06 00:32:36.096] [info] Controller idle = 2923
[2026-07-06 00:32:36.096] [info] Controller idle = 3674
[2026-07-06 00:32:36.096] [info] Controller idle = 34
[2026-07-06 00:32:36.096] [info] Controller idle = 1448
[2026-07-06 00:32:36.096] [info] Controller idle = 2752
[2026-07-06 00:32:36.096] [info] Controller idle = 663
[2026-07-06 00:32:36.096] [info] Controller idle = 1311
[2026-07-06 00:32:36.096] [info] Controller idle = 11
[2026-07-06 00:32:36.096] [info] Controller idle = 403
[2026-07-06 00:32:36.096] [info] Controller idle = 1076
[2026-07-06 00:32:36.096] [info] Controller idle = 15
[2026-07-06 00:32:36.096] [info] Controller idle = 34
[2026-07-06 00:32:36.096] [info] Controller idle = 1
[2026-07-06 00:32:36.096] [info] Controller idle = 343
[2026-07-06 00:32:36.096] [info] Controller idle = 3850
[2026-07-06 00:32:36.096] [info] Controller idle = 29
[2026-07-06 00:32:36.096] [info] Controller idle = 1
[2026-07-06 00:32:36.096] [info] Controller idle = 2601
[2026-07-06 00:32:36.096] [info] Controller idle = 3691
[2026-07-06 00:32:36.096] [info] Controller idle = 37
[2026-07-06 00:32:36.096] [info] Controller idle = 1
[2026-07-06 00:32:36.096] [info] Controller idle = 458
[2026-07-06 00:32:36.096] [info] Controller idle = 698
[2026-07-06 00:32:36.096] [info] Controller idle = 2959
[2026-07-06 00:32:36.096] [info] Controller idle = 589
[2026-07-06 00:32:36.096] [info] Controller idle = 1304
[2026-07-06 00:32:36.096] [info] Controller idle = 1492
[2026-07-06 00:32:36.096] [info] Controller idle = 33
[2026-07-06 00:32:36.096] [info] Controller idle = 4098
[2026-07-06 00:32:36.096] [info] Controller idle = 52
[2026-07-06 00:32:36.096] [info] Controller idle = 6201
[2026-07-06 00:32:36.096] [info] Controller idle = 34
[2026-07-06 00:32:36.096] [info] Controller idle = 416
[2026-07-06 00:32:36.096] [info] Controller idle = 3673
[2026-07-06 00:32:36.096] [info] Controller idle = 651
[2026-07-06 00:32:36.096] [info] Controller idle = 1296
[2026-07-06 00:32:36.096] [info] Controller idle = 488
[2026-07-06 00:32:36.096] [info] Controller idle = 992
[2026-07-06 00:32:36.096] [info] Controller idle = 33
[2026-07-06 00:32:36.096] [info] Controller idle = 1
[2026-07-06 00:32:36.096] [info] Controller idle = 4183
[2026-07-06 00:32:36.096] [info] Controller idle = 32
[2026-07-06 00:32:36.096] [info] Controller idle = 6536
[2026-07-06 00:32:36.096] [info] Controller idle = 35
[2026-07-06 00:32:36.096] [info] Controller idle = 4286
[2026-07-06 00:32:36.096] [info] Controller idle = 657
[2026-07-06 00:32:36.096] [info] Controller idle = 1296
[2026-07-06 00:32:36.096] [info] Controller idle = 12
[2026-07-06 00:32:36.096] [info] Controller idle = 1506
[2026-07-06 00:32:36.096] [info] Controller idle = 33
[2026-07-06 00:32:36.096] [info] Controller idle = 1
[2026-07-06 00:32:36.096] [info] Controller idle = 4632
[2026-07-06 00:32:36.096] [info] Controller idle = 38
[2026-07-06 00:32:36.096] [info] Controller idle = 6244
[2026-07-06 00:32:36.096] [info] Controller idle = 34
[2026-07-06 00:32:36.096] [info] Controller idle = 4214
[2026-07-06 00:32:36.096] [info] Controller idle = 663
[2026-07-06 00:32:36.096] [info] Controller idle = 1302
[2026-07-06 00:32:36.096] [info] Controller idle = 1445
[2026-07-06 00:32:36.096] [info] Controller idle = 33
[2026-07-06 00:32:36.096] [info] Controller idle = 1
[2026-07-06 00:32:36.096] [info] Controller idle = 3019
[2026-07-06 00:32:36.096] [info] Controller idle = 1982
[2026-07-06 00:32:36.096] [info] Controller idle = 31
[2026-07-06 00:32:36.096] [info] Controller idle = 6459
[2026-07-06 00:32:36.096] [info] Controller idle = 38
[2026-07-06 00:32:36.096] [info] Controller idle = 4213
[2026-07-06 00:32:36.096] [info] Controller idle = 634
[2026-07-06 00:32:36.096] [info] Controller idle = 1281
[2026-07-06 00:32:36.096] [info] Controller idle = 1541
[2026-07-06 00:32:36.096] [info] Controller idle = 35
[2026-07-06 00:32:36.096] [info] Controller idle = 1120
[2026-07-06 00:32:36.096] [info] Controller idle = 3165
[2026-07-06 00:32:36.096] [info] Controller idle = 36
[2026-07-06 00:32:36.096] [info] Controller idle = 6234
[2026-07-06 00:32:36.096] [info] Controller idle = 33
[2026-07-06 00:32:36.096] [info] Controller idle = 513
[2026-07-06 00:32:36.096] [info] Controller idle = 3674
[2026-07-06 00:32:36.096] [info] Controller idle = 659
[2026-07-06 00:32:36.096] [info] Controller idle = 1239
[2026-07-06 00:32:36.096] [info] Controller idle = 16
[2026-07-06 00:32:36.096] [info] Controller idle = 1428
[2026-07-06 00:32:36.096] [info] Controller idle = 34
[2026-07-06 00:32:36.096] [info] Controller idle = 1
[2026-07-06 00:32:36.096] [info] Controller idle = 2154
[2026-07-06 00:32:36.096] [info] Controller idle = 1905
[2026-07-06 00:32:36.096] [info] Controller idle = 34
[2026-07-06 00:32:36.096] [info] Controller idle = 6382
[2026-07-06 00:32:36.096] [info] Controller idle = 33
[2026-07-06 00:32:36.096] [info] Controller idle = 776
[2026-07-06 00:32:36.096] [info] Controller idle = 904
[2026-07-06 00:32:36.096] [info] Controller idle = 2753
[2026-07-06 00:32:36.096] [info] Controller idle = 646
[2026-07-06 00:32:36.096] [info] Controller idle = 1305
[2026-07-06 00:32:36.096] [info] Controller idle = 1473
[2026-07-06 00:32:36.096] [info] Controller idle = 33
[2026-07-06 00:32:36.096] [info] Controller idle = 1238
[2026-07-06 00:32:36.096] [info] Controller idle = 2837
[2026-07-06 00:32:36.096] [info] Controller idle = 3
[2026-07-06 00:32:36.096] [info] Controller idle = 35
[2026-07-06 00:32:36.096] [info] Controller idle = 6945
[2026-07-06 00:32:36.096] [info] Controller idle = 34
[2026-07-06 00:32:36.096] [info] Controller idle = 2338
[2026-07-06 00:32:36.096] [info] Controller idle = 1701
[2026-07-06 00:32:36.096] [info] Controller idle = 128
[2026-07-06 00:32:36.096] [info] Controller idle = 602
[2026-07-06 00:32:36.096] [info] Controller idle = 1308
[2026-07-06 00:32:36.096] [info] Controller idle = 453
[2026-07-06 00:32:36.096] [info] Controller idle = 1014
[2026-07-06 00:32:36.096] [info] Controller idle = 38
[2026-07-06 00:32:36.096] [info] Controller idle = 1274
[2026-07-06 00:32:36.096] [info] Controller idle = 2795
[2026-07-06 00:32:36.096] [info] Controller idle = 30
[2026-07-06 00:32:36.096] [info] Controller idle = 6255
[2026-07-06 00:32:36.096] [info] Controller idle = 33
[2026-07-06 00:32:36.096] [info] Controller idle = 482
[2026-07-06 00:32:36.096] [info] Controller idle = 710
[2026-07-06 00:32:36.096] [info] Controller idle = 2946
[2026-07-06 00:32:36.096] [info] Controller idle = 632
[2026-07-06 00:32:36.096] [info] Controller idle = 1304
[2026-07-06 00:32:36.096] [info] Controller idle = 452
[2026-07-06 00:32:36.096] [info] Controller idle = 933
[2026-07-06 00:32:36.096] [info] Controller idle = 33
[2026-07-06 00:32:36.096] [info] Controller idle = 889
[2026-07-06 00:32:36.096] [info] Controller idle = 3088
[2026-07-06 00:32:36.096] [info] Controller idle = 30
[2026-07-06 00:32:36.096] [info] Controller idle = 2611
[2026-07-06 00:32:36.096] [info] Controller idle = 3674
[2026-07-06 00:32:36.096] [info] Controller idle = 34
[2026-07-06 00:32:36.096] [info] Controller idle = 504
[2026-07-06 00:32:36.096] [info] Controller idle = 904
[2026-07-06 00:32:36.096] [info] Controller idle = 2752
[2026-07-06 00:32:36.096] [info] Controller idle = 604
[2026-07-06 00:32:36.096] [info] Controller idle = 1295
[2026-07-06 00:32:36.096] [info] Controller idle = 8
[2026-07-06 00:32:36.096] [info] Controller idle = 4
[2026-07-06 00:32:36.096] [info] Controller idle = 355
[2026-07-06 00:32:36.096] [info] Controller idle = 10
[2026-07-06 00:32:36.096] [info] Controller idle = 967
[2026-07-06 00:32:36.096] [info] Controller idle = 33
[2026-07-06 00:32:36.096] [info] Controller idle = 4303
[2026-07-06 00:32:36.096] [info] Controller idle = 32
[2026-07-06 00:32:36.096] [info] Controller idle = 2730
[2026-07-06 00:32:36.096] [info] Controller idle = 3684
[2026-07-06 00:32:36.096] [info] Controller idle = 40
[2026-07-06 00:32:36.096] [info] Controller idle = 1352
[2026-07-06 00:32:36.096] [info] Controller idle = 137
[2026-07-06 00:32:36.096] [info] Controller idle = 3675
[2026-07-06 00:32:36.096] [info] Controller idle = 624
[2026-07-06 00:32:36.096] [info] Controller idle = 1299
[2026-07-06 00:32:36.096] [info] Controller idle = 397
[2026-07-06 00:32:36.096] [info] Controller idle = 1062
[2026-07-06 00:32:36.096] [info] Controller idle = 34
[2026-07-06 00:32:36.096] [info] Controller idle = 1
[2026-07-06 00:32:36.096] [info] Controller idle = 4056
[2026-07-06 00:32:36.096] [info] Controller idle = 31
[2026-07-06 00:32:36.096] [info] Controller idle = 2584
[2026-07-06 00:32:36.096] [info] Controller idle = 3672
[2026-07-06 00:32:36.096] [info] Controller idle = 34
[2026-07-06 00:32:36.096] [info] Controller idle = 4239
[2026-07-06 00:32:36.096] [info] Controller idle = 621
[2026-07-06 00:32:36.096] [info] Controller idle = 1315
[2026-07-06 00:32:36.096] [info] Controller idle = 33
[2026-07-06 00:32:36.096] [info] Controller idle = 1412
[2026-07-06 00:32:36.096] [info] Controller idle = 34
[2026-07-06 00:32:36.096] [info] Controller idle = 3978
[2026-07-06 00:32:36.096] [info] Controller idle = 30
[2026-07-06 00:32:36.096] [info] Controller idle = 6189
[2026-07-06 00:32:36.096] [info] Controller idle = 42
[2026-07-06 00:32:36.096] [info] Controller idle = 12
MemorySystem:
  impl: GenericDRAM
  total_num_other_requests: 0
  total_num_write_requests: 5467
  total_num_read_requests: 442007
  memory_system_cycles: 1104017

  DRAM:
    impl: HBM2
    dram_commands: 800159
  AddrMapper:
    impl: RoBaRaCoCh
  Controller:
    impl: Generic
    id: Channel 0
    Scheduler:
      impl: FRFCFS
    RefreshManager:
      impl: AllBank



Frontend:
  impl: GEM5

[2026-07-06 00:32:36.096] [info] Row hits: 270023, Row misses: 1376, Row conflicts: 174938
[2026-07-06 00:32:36.096] [info] Controller idle = 11
[2026-07-06 00:32:36.096] [info] Controller idle = 154
[2026-07-06 00:32:36.096] [info] Controller idle = 762
[2026-07-06 00:32:36.096] [info] Controller idle = 220
[2026-07-06 00:32:36.096] [info] Controller idle = 169
[2026-07-06 00:32:36.096] [info] Controller idle = 280
[2026-07-06 00:32:36.096] [info] Controller idle = 189
[2026-07-06 00:32:36.096] [info] Controller idle = 239
[2026-07-06 00:32:36.096] [info] Controller idle = 206
[2026-07-06 00:32:36.096] [info] Controller idle = 258
[2026-07-06 00:32:36.096] [info] Controller idle = 180
[2026-07-06 00:32:36.096] [info] Controller idle = 1209
[2026-07-06 00:32:36.096] [info] Controller idle = 1471
[2026-07-06 00:32:36.096] [info] Controller idle = 1
[2026-07-06 00:32:36.096] [info] Controller idle = 1
[2026-07-06 00:32:36.096] [info] Controller idle = 104
[2026-07-06 00:32:36.096] [info] Controller idle = 1
[2026-07-06 00:32:36.096] [info] Controller idle = 2
[2026-07-06 00:32:36.096] [info] Controller idle = 7
[2026-07-06 00:32:36.096] [info] Controller idle = 1
[2026-07-06 00:32:36.096] [info] Controller idle = 5
[2026-07-06 00:32:36.096] [info] Controller idle = 3
[2026-07-06 00:32:36.096] [info] Controller idle = 18
[2026-07-06 00:32:36.096] [info] Controller idle = 4
[2026-07-06 00:32:36.096] [info] Controller idle = 2
[2026-07-06 00:32:36.096] [info] Controller idle = 8
[2026-07-06 00:32:36.096] [info] Controller idle = 1
[2026-07-06 00:32:36.096] [info] Controller idle = 60
[2026-07-06 00:32:36.096] [info] Controller idle = 7
[2026-07-06 00:32:36.096] [info] Controller idle = 1520
[2026-07-06 00:32:36.096] [info] Controller idle = 3
[2026-07-06 00:32:36.096] [info] Controller idle = 8
[2026-07-06 00:32:36.096] [info] Controller idle = 288
[2026-07-06 00:32:36.096] [info] Controller idle = 975
[2026-07-06 00:32:36.096] [info] Controller idle = 180
[2026-07-06 00:32:36.096] [info] Controller idle = 325
[2026-07-06 00:32:36.096] [info] Controller idle = 172
[2026-07-06 00:32:36.096] [info] Controller idle = 313
[2026-07-06 00:32:36.096] [info] Controller idle = 136
[2026-07-06 00:32:36.096] [info] Controller idle = 318
[2026-07-06 00:32:36.096] [info] Controller idle = 168
[2026-07-06 00:32:36.096] [info] Controller idle = 121
[2026-07-06 00:32:36.096] [info] Controller idle = 4192
[2026-07-06 00:32:36.096] [info] Controller idle = 1
[2026-07-06 00:32:36.096] [info] Controller idle = 258
[2026-07-06 00:32:36.096] [info] Controller idle = 6
[2026-07-06 00:32:36.096] [info] Controller idle = 1
[2026-07-06 00:32:36.096] [info] Controller idle = 3
[2026-07-06 00:32:36.096] [info] Controller idle = 2
[2026-07-06 00:32:36.096] [info] Controller idle = 8
[2026-07-06 00:32:36.096] [info] Controller idle = 4
[2026-07-06 00:32:36.096] [info] Controller idle = 1
[2026-07-06 00:32:36.096] [info] Controller idle = 5
[2026-07-06 00:32:36.096] [info] Controller idle = 1
[2026-07-06 00:32:36.096] [info] Controller idle = 2
[2026-07-06 00:32:36.096] [info] Controller idle = 1
[2026-07-06 00:32:36.096] [info] Controller idle = 1
[2026-07-06 00:32:36.096] [info] Controller idle = 10
[2026-07-06 00:32:36.096] [info] Controller idle = 4
[2026-07-06 00:32:36.096] [info] Controller idle = 3150
[2026-07-06 00:32:36.096] [info] Controller idle = 14
[2026-07-06 00:32:36.096] [info] Controller idle = 2
[2026-07-06 00:32:36.096] [info] Controller idle = 1552
[2026-07-06 00:32:36.096] [info] Controller idle = 2753
[2026-07-06 00:32:36.096] [info] Controller idle = 629
[2026-07-06 00:32:36.096] [info] Controller idle = 1281
[2026-07-06 00:32:36.096] [info] Controller idle = 480
[2026-07-06 00:32:36.097] [info] Controller idle = 1196
[2026-07-06 00:32:36.097] [info] Controller idle = 33
[2026-07-06 00:32:36.097] [info] Controller idle = 4271
[2026-07-06 00:32:36.097] [info] Controller idle = 35
[2026-07-06 00:32:36.097] [info] Controller idle = 2366
[2026-07-06 00:32:36.097] [info] Controller idle = 3780
[2026-07-06 00:32:36.097] [info] Controller idle = 34
[2026-07-06 00:32:36.097] [info] Controller idle = 470
[2026-07-06 00:32:36.097] [info] Controller idle = 714
[2026-07-06 00:32:36.097] [info] Controller idle = 2942
[2026-07-06 00:32:36.097] [info] Controller idle = 661
[2026-07-06 00:32:36.097] [info] Controller idle = 1281
[2026-07-06 00:32:36.097] [info] Controller idle = 9
[2026-07-06 00:32:36.097] [info] Controller idle = 469
[2026-07-06 00:32:36.097] [info] Controller idle = 1047
[2026-07-06 00:32:36.097] [info] Controller idle = 34
[2026-07-06 00:32:36.097] [info] Controller idle = 1
[2026-07-06 00:32:36.097] [info] Controller idle = 4216
[2026-07-06 00:32:36.097] [info] Controller idle = 28
[2026-07-06 00:32:36.097] [info] Controller idle = 2
[2026-07-06 00:32:36.097] [info] Controller idle = 2647
[2026-07-06 00:32:36.097] [info] Controller idle = 3673
[2026-07-06 00:32:36.097] [info] Controller idle = 33
[2026-07-06 00:32:36.097] [info] Controller idle = 1371
[2026-07-06 00:32:36.097] [info] Controller idle = 2904
[2026-07-06 00:32:36.097] [info] Controller idle = 586
[2026-07-06 00:32:36.097] [info] Controller idle = 1302
[2026-07-06 00:32:36.097] [info] Controller idle = 1499
[2026-07-06 00:32:36.097] [info] Controller idle = 33
[2026-07-06 00:32:36.097] [info] Controller idle = 4330
[2026-07-06 00:32:36.097] [info] Controller idle = 46
[2026-07-06 00:32:36.097] [info] Controller idle = 6180
[2026-07-06 00:32:36.097] [info] Controller idle = 34
[2026-07-06 00:32:36.097] [info] Controller idle = 4120
[2026-07-06 00:32:36.097] [info] Controller idle = 644
[2026-07-06 00:32:36.097] [info] Controller idle = 1301
[2026-07-06 00:32:36.097] [info] Controller idle = 443
[2026-07-06 00:32:36.097] [info] Controller idle = 1033
[2026-07-06 00:32:36.097] [info] Controller idle = 39
[2026-07-06 00:32:36.097] [info] Controller idle = 4225
[2026-07-06 00:32:36.097] [info] Controller idle = 31
[2026-07-06 00:32:36.097] [info] Controller idle = 6271
[2026-07-06 00:32:36.097] [info] Controller idle = 35
[2026-07-06 00:32:36.097] [info] Controller idle = 4280
[2026-07-06 00:32:36.097] [info] Controller idle = 650
[2026-07-06 00:32:36.097] [info] Controller idle = 1299
[2026-07-06 00:32:36.097] [info] Controller idle = 1516
[2026-07-06 00:32:36.097] [info] Controller idle = 33
[2026-07-06 00:32:36.097] [info] Controller idle = 1
[2026-07-06 00:32:36.097] [info] Controller idle = 4432
[2026-07-06 00:32:36.097] [info] Controller idle = 37
[2026-07-06 00:32:36.097] [info] Controller idle = 6328
[2026-07-06 00:32:36.097] [info] Controller idle = 34
[2026-07-06 00:32:36.097] [info] Controller idle = 4144
[2026-07-06 00:32:36.097] [info] Controller idle = 662
[2026-07-06 00:32:36.097] [info] Controller idle = 1294
[2026-07-06 00:32:36.097] [info] Controller idle = 1445
[2026-07-06 00:32:36.097] [info] Controller idle = 33
[2026-07-06 00:32:36.097] [info] Controller idle = 1
[2026-07-06 00:32:36.097] [info] Controller idle = 2080
[2026-07-06 00:32:36.097] [info] Controller idle = 2904
[2026-07-06 00:32:36.097] [info] Controller idle = 29
[2026-07-06 00:32:36.097] [info] Controller idle = 1
[2026-07-06 00:32:36.097] [info] Controller idle = 6265
[2026-07-06 00:32:36.097] [info] Controller idle = 34
[2026-07-06 00:32:36.097] [info] Controller idle = 558
[2026-07-06 00:32:36.097] [info] Controller idle = 3675
[2026-07-06 00:32:36.097] [info] Controller idle = 610
[2026-07-06 00:32:36.097] [info] Controller idle = 1311
[2026-07-06 00:32:36.097] [info] Controller idle = 1552
[2026-07-06 00:32:36.097] [info] Controller idle = 35
[2026-07-06 00:32:36.097] [info] Controller idle = 2368
[2026-07-06 00:32:36.097] [info] Controller idle = 1828
[2026-07-06 00:32:36.097] [info] Controller idle = 33
[2026-07-06 00:32:36.097] [info] Controller idle = 6419
[2026-07-06 00:32:36.097] [info] Controller idle = 33
[2026-07-06 00:32:36.097] [info] Controller idle = 4342
[2026-07-06 00:32:36.097] [info] Controller idle = 658
[2026-07-06 00:32:36.097] [info] Controller idle = 1227
[2026-07-06 00:32:36.097] [info] Controller idle = 3
[2026-07-06 00:32:36.097] [info] Controller idle = 1453
[2026-07-06 00:32:36.097] [info] Controller idle = 33
[2026-07-06 00:32:36.097] [info] Controller idle = 1824
[2026-07-06 00:32:36.097] [info] Controller idle = 2827
[2026-07-06 00:32:36.097] [info] Controller idle = 33
[2026-07-06 00:32:36.097] [info] Controller idle = 6379
[2026-07-06 00:32:36.097] [info] Controller idle = 33
[2026-07-06 00:32:36.097] [info] Controller idle = 4539
[2026-07-06 00:32:36.097] [info] Controller idle = 645
[2026-07-06 00:32:36.097] [info] Controller idle = 1302
[2026-07-06 00:32:36.097] [info] Controller idle = 1477
[2026-07-06 00:32:36.097] [info] Controller idle = 33
[2026-07-06 00:32:36.097] [info] Controller idle = 1321
[2026-07-06 00:32:36.097] [info] Controller idle = 3037
[2026-07-06 00:32:36.097] [info] Controller idle = 29
[2026-07-06 00:32:36.097] [info] Controller idle = 6828
[2026-07-06 00:32:36.097] [info] Controller idle = 34
[2026-07-06 00:32:36.097] [info] Controller idle = 471
[2026-07-06 00:32:36.097] [info] Controller idle = 904
[2026-07-06 00:32:36.097] [info] Controller idle = 1701
[2026-07-06 00:32:36.097] [info] Controller idle = 1050
[2026-07-06 00:32:36.097] [info] Controller idle = 599
[2026-07-06 00:32:36.097] [info] Controller idle = 1281
[2026-07-06 00:32:36.097] [info] Controller idle = 7
[2026-07-06 00:32:36.097] [info] Controller idle = 512
[2026-07-06 00:32:36.097] [info] Controller idle = 937
[2026-07-06 00:32:36.097] [info] Controller idle = 33
[2026-07-06 00:32:36.097] [info] Controller idle = 1114
[2026-07-06 00:32:36.097] [info] Controller idle = 2959
[2026-07-06 00:32:36.097] [info] Controller idle = 33
[2026-07-06 00:32:36.097] [info] Controller idle = 6536
[2026-07-06 00:32:36.097] [info] Controller idle = 33
[2026-07-06 00:32:36.097] [info] Controller idle = 2196
[2026-07-06 00:32:36.097] [info] Controller idle = 2024
[2026-07-06 00:32:36.097] [info] Controller idle = 658
[2026-07-06 00:32:36.097] [info] Controller idle = 1329
[2026-07-06 00:32:36.097] [info] Controller idle = 7
[2026-07-06 00:32:36.097] [info] Controller idle = 472
[2026-07-06 00:32:36.097] [info] Controller idle = 905
[2026-07-06 00:32:36.097] [info] Controller idle = 33
[2026-07-06 00:32:36.097] [info] Controller idle = 3978
[2026-07-06 00:32:36.097] [info] Controller idle = 51
[2026-07-06 00:32:36.097] [info] Controller idle = 2611
[2026-07-06 00:32:36.097] [info] Controller idle = 3727
[2026-07-06 00:32:36.097] [info] Controller idle = 34
[2026-07-06 00:32:36.097] [info] Controller idle = 1365
[2026-07-06 00:32:36.097] [info] Controller idle = 2885
[2026-07-06 00:32:36.097] [info] Controller idle = 604
[2026-07-06 00:32:36.097] [info] Controller idle = 1298
[2026-07-06 00:32:36.097] [info] Controller idle = 12
[2026-07-06 00:32:36.097] [info] Controller idle = 306
[2026-07-06 00:32:36.097] [info] Controller idle = 1049
[2026-07-06 00:32:36.097] [info] Controller idle = 33
[2026-07-06 00:32:36.097] [info] Controller idle = 4144
[2026-07-06 00:32:36.097] [info] Controller idle = 34
[2026-07-06 00:32:36.097] [info] Controller idle = 2592
[2026-07-06 00:32:36.097] [info] Controller idle = 3673
[2026-07-06 00:32:36.097] [info] Controller idle = 34
[2026-07-06 00:32:36.097] [info] Controller idle = 520
[2026-07-06 00:32:36.097] [info] Controller idle = 726
[2026-07-06 00:32:36.097] [info] Controller idle = 3851
[2026-07-06 00:32:36.097] [info] Controller idle = 622
[2026-07-06 00:32:36.097] [info] Controller idle = 1287
[2026-07-06 00:32:36.097] [info] Controller idle = 1
[2026-07-06 00:32:36.097] [info] Controller idle = 1490
[2026-07-06 00:32:36.097] [info] Controller idle = 34
[2026-07-06 00:32:36.097] [info] Controller idle = 1
[2026-07-06 00:32:36.097] [info] Controller idle = 304
[2026-07-06 00:32:36.097] [info] Controller idle = 3849
[2026-07-06 00:32:36.097] [info] Controller idle = 32
[2026-07-06 00:32:36.097] [info] Controller idle = 6325
[2026-07-06 00:32:36.097] [info] Controller idle = 34
[2026-07-06 00:32:36.097] [info] Controller idle = 480
[2026-07-06 00:32:36.097] [info] Controller idle = 3674
[2026-07-06 00:32:36.097] [info] Controller idle = 634
[2026-07-06 00:32:36.097] [info] Controller idle = 1358
[2026-07-06 00:32:36.097] [info] Controller idle = 2
[2026-07-06 00:32:36.097] [info] Controller idle = 1429
[2026-07-06 00:32:36.097] [info] Controller idle = 34
[2026-07-06 00:32:36.097] [info] Controller idle = 4087
[2026-07-06 00:32:36.097] [info] Controller idle = 27
[2026-07-06 00:32:36.097] [info] Controller idle = 6285
[2026-07-06 00:32:36.097] [info] Controller idle = 40
[2026-07-06 00:32:36.097] [info] Controller idle = 10
MemorySystem:
  impl: GenericDRAM
  total_num_other_requests: 0
  total_num_write_requests: 5477
  total_num_read_requests: 442051
  memory_system_cycles: 1104017

  DRAM:
    impl: HBM2
    dram_commands: 798927
  AddrMapper:
    impl: RoBaRaCoCh
  Controller:
    impl: Generic
    id: Channel 0
    Scheduler:
      impl: FRFCFS
    RefreshManager:
      impl: AllBank



Frontend:
  impl: GEM5

[2026-07-06 00:32:36.097] [info] Row hits: 269751, Row misses: 1312, Row conflicts: 175208
[2026-07-06 00:32:36.097] [info] Controller idle = 11
[2026-07-06 00:32:36.097] [info] Controller idle = 95
[2026-07-06 00:32:36.097] [info] Controller idle = 709
[2026-07-06 00:32:36.097] [info] Controller idle = 287
[2026-07-06 00:32:36.097] [info] Controller idle = 191
[2026-07-06 00:32:36.097] [info] Controller idle = 236
[2026-07-06 00:32:36.097] [info] Controller idle = 175
[2026-07-06 00:32:36.097] [info] Controller idle = 281
[2026-07-06 00:32:36.097] [info] Controller idle = 169
[2026-07-06 00:32:36.097] [info] Controller idle = 251
[2026-07-06 00:32:36.097] [info] Controller idle = 185
[2026-07-06 00:32:36.097] [info] Controller idle = 1236
[2026-07-06 00:32:36.097] [info] Controller idle = 1473
[2026-07-06 00:32:36.097] [info] Controller idle = 8
[2026-07-06 00:32:36.097] [info] Controller idle = 2
[2026-07-06 00:32:36.097] [info] Controller idle = 4
[2026-07-06 00:32:36.097] [info] Controller idle = 101
[2026-07-06 00:32:36.097] [info] Controller idle = 2
[2026-07-06 00:32:36.097] [info] Controller idle = 11
[2026-07-06 00:32:36.097] [info] Controller idle = 1
[2026-07-06 00:32:36.097] [info] Controller idle = 2
[2026-07-06 00:32:36.097] [info] Controller idle = 6
[2026-07-06 00:32:36.097] [info] Controller idle = 1
[2026-07-06 00:32:36.097] [info] Controller idle = 27
[2026-07-06 00:32:36.097] [info] Controller idle = 2
[2026-07-06 00:32:36.097] [info] Controller idle = 2
[2026-07-06 00:32:36.097] [info] Controller idle = 4
[2026-07-06 00:32:36.097] [info] Controller idle = 3
[2026-07-06 00:32:36.097] [info] Controller idle = 60
[2026-07-06 00:32:36.097] [info] Controller idle = 1508
[2026-07-06 00:32:36.097] [info] Controller idle = 1
[2026-07-06 00:32:36.097] [info] Controller idle = 1
[2026-07-06 00:32:36.097] [info] Controller idle = 5
[2026-07-06 00:32:36.097] [info] Controller idle = 257
[2026-07-06 00:32:36.097] [info] Controller idle = 972
[2026-07-06 00:32:36.097] [info] Controller idle = 3
[2026-07-06 00:32:36.097] [info] Controller idle = 6
[2026-07-06 00:32:36.097] [info] Controller idle = 187
[2026-07-06 00:32:36.097] [info] Controller idle = 308
[2026-07-06 00:32:36.097] [info] Controller idle = 164
[2026-07-06 00:32:36.097] [info] Controller idle = 319
[2026-07-06 00:32:36.097] [info] Controller idle = 177
[2026-07-06 00:32:36.097] [info] Controller idle = 295
[2026-07-06 00:32:36.097] [info] Controller idle = 135
[2026-07-06 00:32:36.097] [info] Controller idle = 49
[2026-07-06 00:32:36.097] [info] Controller idle = 3990
[2026-07-06 00:32:36.097] [info] Controller idle = 262
[2026-07-06 00:32:36.097] [info] Controller idle = 3
[2026-07-06 00:32:36.097] [info] Controller idle = 1
[2026-07-06 00:32:36.097] [info] Controller idle = 6
[2026-07-06 00:32:36.097] [info] Controller idle = 1
[2026-07-06 00:32:36.097] [info] Controller idle = 6
[2026-07-06 00:32:36.097] [info] Controller idle = 1
[2026-07-06 00:32:36.097] [info] Controller idle = 2
[2026-07-06 00:32:36.097] [info] Controller idle = 1
[2026-07-06 00:32:36.097] [info] Controller idle = 1
[2026-07-06 00:32:36.097] [info] Controller idle = 5
[2026-07-06 00:32:36.097] [info] Controller idle = 7
[2026-07-06 00:32:36.097] [info] Controller idle = 4
[2026-07-06 00:32:36.097] [info] Controller idle = 4
[2026-07-06 00:32:36.097] [info] Controller idle = 4
[2026-07-06 00:32:36.097] [info] Controller idle = 7
[2026-07-06 00:32:36.097] [info] Controller idle = 1
[2026-07-06 00:32:36.097] [info] Controller idle = 3
[2026-07-06 00:32:36.097] [info] Controller idle = 1
[2026-07-06 00:32:36.097] [info] Controller idle = 3
[2026-07-06 00:32:36.097] [info] Controller idle = 7
[2026-07-06 00:32:36.097] [info] Controller idle = 3
[2026-07-06 00:32:36.097] [info] Controller idle = 3124
[2026-07-06 00:32:36.097] [info] Controller idle = 11
[2026-07-06 00:32:36.097] [info] Controller idle = 1426
[2026-07-06 00:32:36.097] [info] Controller idle = 936
[2026-07-06 00:32:36.097] [info] Controller idle = 2116
[2026-07-06 00:32:36.097] [info] Controller idle = 653
[2026-07-06 00:32:36.097] [info] Controller idle = 1296
[2026-07-06 00:32:36.097] [info] Controller idle = 476
[2026-07-06 00:32:36.097] [info] Controller idle = 1191
[2026-07-06 00:32:36.097] [info] Controller idle = 33
[2026-07-06 00:32:36.097] [info] Controller idle = 4337
[2026-07-06 00:32:36.097] [info] Controller idle = 32
[2026-07-06 00:32:36.097] [info] Controller idle = 2652
[2026-07-06 00:32:36.097] [info] Controller idle = 3674
[2026-07-06 00:32:36.097] [info] Controller idle = 34
[2026-07-06 00:32:36.097] [info] Controller idle = 1459
[2026-07-06 00:32:36.097] [info] Controller idle = 2752
[2026-07-06 00:32:36.097] [info] Controller idle = 662
[2026-07-06 00:32:36.097] [info] Controller idle = 1299
[2026-07-06 00:32:36.097] [info] Controller idle = 1515
[2026-07-06 00:32:36.097] [info] Controller idle = 15
[2026-07-06 00:32:36.097] [info] Controller idle = 34
[2026-07-06 00:32:36.097] [info] Controller idle = 1
[2026-07-06 00:32:36.097] [info] Controller idle = 375
[2026-07-06 00:32:36.097] [info] Controller idle = 3850
[2026-07-06 00:32:36.097] [info] Controller idle = 29
[2026-07-06 00:32:36.097] [info] Controller idle = 1
[2026-07-06 00:32:36.097] [info] Controller idle = 2532
[2026-07-06 00:32:36.097] [info] Controller idle = 3691
[2026-07-06 00:32:36.097] [info] Controller idle = 37
[2026-07-06 00:32:36.097] [info] Controller idle = 1
[2026-07-06 00:32:36.097] [info] Controller idle = 477
[2026-07-06 00:32:36.097] [info] Controller idle = 698
[2026-07-06 00:32:36.097] [info] Controller idle = 2959
[2026-07-06 00:32:36.097] [info] Controller idle = 586
[2026-07-06 00:32:36.097] [info] Controller idle = 1285
[2026-07-06 00:32:36.097] [info] Controller idle = 1503
[2026-07-06 00:32:36.097] [info] Controller idle = 33
[2026-07-06 00:32:36.097] [info] Controller idle = 3964
[2026-07-06 00:32:36.097] [info] Controller idle = 51
[2026-07-06 00:32:36.097] [info] Controller idle = 6339
[2026-07-06 00:32:36.097] [info] Controller idle = 34
[2026-07-06 00:32:36.097] [info] Controller idle = 4125
[2026-07-06 00:32:36.097] [info] Controller idle = 644
[2026-07-06 00:32:36.097] [info] Controller idle = 1321
[2026-07-06 00:32:36.097] [info] Controller idle = 1502
[2026-07-06 00:32:36.097] [info] Controller idle = 33
[2026-07-06 00:32:36.097] [info] Controller idle = 1
[2026-07-06 00:32:36.097] [info] Controller idle = 4202
[2026-07-06 00:32:36.097] [info] Controller idle = 32
[2026-07-06 00:32:36.097] [info] Controller idle = 6289
[2026-07-06 00:32:36.097] [info] Controller idle = 35
[2026-07-06 00:32:36.097] [info] Controller idle = 4268
[2026-07-06 00:32:36.097] [info] Controller idle = 662
[2026-07-06 00:32:36.097] [info] Controller idle = 1314
[2026-07-06 00:32:36.097] [info] Controller idle = 1531
[2026-07-06 00:32:36.097] [info] Controller idle = 33
[2026-07-06 00:32:36.097] [info] Controller idle = 1
[2026-07-06 00:32:36.097] [info] Controller idle = 4691
[2026-07-06 00:32:36.097] [info] Controller idle = 36
[2026-07-06 00:32:36.097] [info] Controller idle = 6254
[2026-07-06 00:32:36.097] [info] Controller idle = 34
[2026-07-06 00:32:36.097] [info] Controller idle = 4160
[2026-07-06 00:32:36.097] [info] Controller idle = 619
[2026-07-06 00:32:36.097] [info] Controller idle = 1298
[2026-07-06 00:32:36.097] [info] Controller idle = 1448
[2026-07-06 00:32:36.097] [info] Controller idle = 33
[2026-07-06 00:32:36.097] [info] Controller idle = 1
[2026-07-06 00:32:36.097] [info] Controller idle = 4866
[2026-07-06 00:32:36.097] [info] Controller idle = 31
[2026-07-06 00:32:36.097] [info] Controller idle = 6211
[2026-07-06 00:32:36.097] [info] Controller idle = 38
[2026-07-06 00:32:36.097] [info] Controller idle = 4220
[2026-07-06 00:32:36.097] [info] Controller idle = 656
[2026-07-06 00:32:36.097] [info] Controller idle = 1304
[2026-07-06 00:32:36.097] [info] Controller idle = 1525
[2026-07-06 00:32:36.097] [info] Controller idle = 35
[2026-07-06 00:32:36.097] [info] Controller idle = 1130
[2026-07-06 00:32:36.097] [info] Controller idle = 3165
[2026-07-06 00:32:36.097] [info] Controller idle = 40
[2026-07-06 00:32:36.097] [info] Controller idle = 6315
[2026-07-06 00:32:36.097] [info] Controller idle = 33
[2026-07-06 00:32:36.097] [info] Controller idle = 515
[2026-07-06 00:32:36.097] [info] Controller idle = 3674
[2026-07-06 00:32:36.097] [info] Controller idle = 636
[2026-07-06 00:32:36.097] [info] Controller idle = 1295
[2026-07-06 00:32:36.097] [info] Controller idle = 3
[2026-07-06 00:32:36.097] [info] Controller idle = 4
[2026-07-06 00:32:36.097] [info] Controller idle = 1443
[2026-07-06 00:32:36.097] [info] Controller idle = 34
[2026-07-06 00:32:36.097] [info] Controller idle = 1
[2026-07-06 00:32:36.097] [info] Controller idle = 2393
[2026-07-06 00:32:36.097] [info] Controller idle = 1905
[2026-07-06 00:32:36.097] [info] Controller idle = 34
[2026-07-06 00:32:36.097] [info] Controller idle = 6590
[2026-07-06 00:32:36.097] [info] Controller idle = 33
[2026-07-06 00:32:36.097] [info] Controller idle = 810
[2026-07-06 00:32:36.097] [info] Controller idle = 904
[2026-07-06 00:32:36.097] [info] Controller idle = 2753
[2026-07-06 00:32:36.097] [info] Controller idle = 626
[2026-07-06 00:32:36.097] [info] Controller idle = 1313
[2026-07-06 00:32:36.097] [info] Controller idle = 1471
[2026-07-06 00:32:36.097] [info] Controller idle = 33
[2026-07-06 00:32:36.097] [info] Controller idle = 1243
[2026-07-06 00:32:36.097] [info] Controller idle = 2837
[2026-07-06 00:32:36.097] [info] Controller idle = 3
[2026-07-06 00:32:36.097] [info] Controller idle = 30
[2026-07-06 00:32:36.097] [info] Controller idle = 6690
[2026-07-06 00:32:36.097] [info] Controller idle = 34
[2026-07-06 00:32:36.097] [info] Controller idle = 2375
[2026-07-06 00:32:36.097] [info] Controller idle = 1701
[2026-07-06 00:32:36.097] [info] Controller idle = 128
[2026-07-06 00:32:36.097] [info] Controller idle = 600
[2026-07-06 00:32:36.097] [info] Controller idle = 1307
[2026-07-06 00:32:36.097] [info] Controller idle = 1452
[2026-07-06 00:32:36.097] [info] Controller idle = 38
[2026-07-06 00:32:36.097] [info] Controller idle = 1342
[2026-07-06 00:32:36.097] [info] Controller idle = 2795
[2026-07-06 00:32:36.097] [info] Controller idle = 31
[2026-07-06 00:32:36.097] [info] Controller idle = 6218
[2026-07-06 00:32:36.097] [info] Controller idle = 33
[2026-07-06 00:32:36.097] [info] Controller idle = 595
[2026-07-06 00:32:36.097] [info] Controller idle = 710
[2026-07-06 00:32:36.097] [info] Controller idle = 2946
[2026-07-06 00:32:36.097] [info] Controller idle = 623
[2026-07-06 00:32:36.097] [info] Controller idle = 1313
[2026-07-06 00:32:36.097] [info] Controller idle = 450
[2026-07-06 00:32:36.097] [info] Controller idle = 933
[2026-07-06 00:32:36.097] [info] Controller idle = 33
[2026-07-06 00:32:36.097] [info] Controller idle = 926
[2026-07-06 00:32:36.097] [info] Controller idle = 3088
[2026-07-06 00:32:36.097] [info] Controller idle = 48
[2026-07-06 00:32:36.097] [info] Controller idle = 2617
[2026-07-06 00:32:36.097] [info] Controller idle = 3674
[2026-07-06 00:32:36.097] [info] Controller idle = 34
[2026-07-06 00:32:36.097] [info] Controller idle = 573
[2026-07-06 00:32:36.097] [info] Controller idle = 904
[2026-07-06 00:32:36.097] [info] Controller idle = 2752
[2026-07-06 00:32:36.097] [info] Controller idle = 580
[2026-07-06 00:32:36.097] [info] Controller idle = 1302
[2026-07-06 00:32:36.097] [info] Controller idle = 11
[2026-07-06 00:32:36.097] [info] Controller idle = 344
[2026-07-06 00:32:36.097] [info] Controller idle = 995
[2026-07-06 00:32:36.097] [info] Controller idle = 33
[2026-07-06 00:32:36.097] [info] Controller idle = 4061
[2026-07-06 00:32:36.097] [info] Controller idle = 36
[2026-07-06 00:32:36.097] [info] Controller idle = 2833
[2026-07-06 00:32:36.097] [info] Controller idle = 3684
[2026-07-06 00:32:36.097] [info] Controller idle = 40
[2026-07-06 00:32:36.097] [info] Controller idle = 1367
[2026-07-06 00:32:36.097] [info] Controller idle = 137
[2026-07-06 00:32:36.097] [info] Controller idle = 3675
[2026-07-06 00:32:36.097] [info] Controller idle = 619
[2026-07-06 00:32:36.097] [info] Controller idle = 1295
[2026-07-06 00:32:36.097] [info] Controller idle = 1497
[2026-07-06 00:32:36.097] [info] Controller idle = 34
[2026-07-06 00:32:36.097] [info] Controller idle = 1
[2026-07-06 00:32:36.097] [info] Controller idle = 4172
[2026-07-06 00:32:36.097] [info] Controller idle = 31
[2026-07-06 00:32:36.097] [info] Controller idle = 2690
[2026-07-06 00:32:36.097] [info] Controller idle = 3672
[2026-07-06 00:32:36.097] [info] Controller idle = 34
[2026-07-06 00:32:36.097] [info] Controller idle = 1227
[2026-07-06 00:32:36.097] [info] Controller idle = 2912
[2026-07-06 00:32:36.097] [info] Controller idle = 628
[2026-07-06 00:32:36.097] [info] Controller idle = 1319
[2026-07-06 00:32:36.097] [info] Controller idle = 1434
[2026-07-06 00:32:36.097] [info] Controller idle = 34
[2026-07-06 00:32:36.097] [info] Controller idle = 4112
[2026-07-06 00:32:36.097] [info] Controller idle = 33
[2026-07-06 00:32:36.097] [info] Controller idle = 6294
[2026-07-06 00:32:36.097] [info] Controller idle = 42
[2026-07-06 00:32:36.097] [info] Controller idle = 12
MemorySystem:
  impl: GenericDRAM
  total_num_other_requests: 0
  total_num_write_requests: 5467
  total_num_read_requests: 442007
  memory_system_cycles: 1104017

  DRAM:
    impl: HBM2
    dram_commands: 799275
  AddrMapper:
    impl: RoBaRaCoCh
  Controller:
    impl: Generic
    id: Channel 0
    Scheduler:
      impl: FRFCFS
    RefreshManager:
      impl: AllBank



Frontend:
  impl: GEM5

[2026-07-06 00:32:36.097] [info] Row hits: 269942, Row misses: 1441, Row conflicts: 175070
[2026-07-06 00:32:36.097] [info] Controller idle = 11
[2026-07-06 00:32:36.097] [info] Controller idle = 281
[2026-07-06 00:32:36.097] [info] Controller idle = 764
[2026-07-06 00:32:36.097] [info] Controller idle = 223
[2026-07-06 00:32:36.097] [info] Controller idle = 150
[2026-07-06 00:32:36.097] [info] Controller idle = 280
[2026-07-06 00:32:36.097] [info] Controller idle = 195
[2026-07-06 00:32:36.097] [info] Controller idle = 237
[2026-07-06 00:32:36.097] [info] Controller idle = 174
[2026-07-06 00:32:36.097] [info] Controller idle = 250
[2026-07-06 00:32:36.097] [info] Controller idle = 195
[2026-07-06 00:32:36.097] [info] Controller idle = 1179
[2026-07-06 00:32:36.097] [info] Controller idle = 1472
[2026-07-06 00:32:36.097] [info] Controller idle = 2
[2026-07-06 00:32:36.097] [info] Controller idle = 117
[2026-07-06 00:32:36.097] [info] Controller idle = 20
[2026-07-06 00:32:36.097] [info] Controller idle = 2
[2026-07-06 00:32:36.097] [info] Controller idle = 1
[2026-07-06 00:32:36.097] [info] Controller idle = 16
[2026-07-06 00:32:36.097] [info] Controller idle = 5
[2026-07-06 00:32:36.097] [info] Controller idle = 1
[2026-07-06 00:32:36.097] [info] Controller idle = 19
[2026-07-06 00:32:36.097] [info] Controller idle = 51
[2026-07-06 00:32:36.097] [info] Controller idle = 1509
[2026-07-06 00:32:36.097] [info] Controller idle = 2
[2026-07-06 00:32:36.097] [info] Controller idle = 1
[2026-07-06 00:32:36.097] [info] Controller idle = 14
[2026-07-06 00:32:36.097] [info] Controller idle = 1
[2026-07-06 00:32:36.097] [info] Controller idle = 2
[2026-07-06 00:32:36.097] [info] Controller idle = 1
[2026-07-06 00:32:36.097] [info] Controller idle = 3
[2026-07-06 00:32:36.098] [info] Controller idle = 118
[2026-07-06 00:32:36.098] [info] Controller idle = 976
[2026-07-06 00:32:36.098] [info] Controller idle = 171
[2026-07-06 00:32:36.098] [info] Controller idle = 313
[2026-07-06 00:32:36.098] [info] Controller idle = 187
[2026-07-06 00:32:36.098] [info] Controller idle = 319
[2026-07-06 00:32:36.098] [info] Controller idle = 157
[2026-07-06 00:32:36.098] [info] Controller idle = 324
[2026-07-06 00:32:36.098] [info] Controller idle = 182
[2026-07-06 00:32:36.098] [info] Controller idle = 4212
[2026-07-06 00:32:36.098] [info] Controller idle = 253
[2026-07-06 00:32:36.098] [info] Controller idle = 23
[2026-07-06 00:32:36.098] [info] Controller idle = 11
[2026-07-06 00:32:36.098] [info] Controller idle = 2
[2026-07-06 00:32:36.098] [info] Controller idle = 2
[2026-07-06 00:32:36.098] [info] Controller idle = 7
[2026-07-06 00:32:36.098] [info] Controller idle = 2
[2026-07-06 00:32:36.098] [info] Controller idle = 1
[2026-07-06 00:32:36.098] [info] Controller idle = 4
[2026-07-06 00:32:36.098] [info] Controller idle = 1
[2026-07-06 00:32:36.098] [info] Controller idle = 4
[2026-07-06 00:32:36.098] [info] Controller idle = 1
[2026-07-06 00:32:36.098] [info] Controller idle = 8
[2026-07-06 00:32:36.098] [info] Controller idle = 16
[2026-07-06 00:32:36.098] [info] Controller idle = 3143
[2026-07-06 00:32:36.098] [info] Controller idle = 5
[2026-07-06 00:32:36.098] [info] Controller idle = 4
[2026-07-06 00:32:36.098] [info] Controller idle = 4
[2026-07-06 00:32:36.098] [info] Controller idle = 2
[2026-07-06 00:32:36.098] [info] Controller idle = 1503
[2026-07-06 00:32:36.098] [info] Controller idle = 2753
[2026-07-06 00:32:36.098] [info] Controller idle = 652
[2026-07-06 00:32:36.098] [info] Controller idle = 1279
[2026-07-06 00:32:36.098] [info] Controller idle = 465
[2026-07-06 00:32:36.098] [info] Controller idle = 1196
[2026-07-06 00:32:36.098] [info] Controller idle = 33
[2026-07-06 00:32:36.098] [info] Controller idle = 4319
[2026-07-06 00:32:36.098] [info] Controller idle = 34
[2026-07-06 00:32:36.098] [info] Controller idle = 2595
[2026-07-06 00:32:36.098] [info] Controller idle = 3780
[2026-07-06 00:32:36.098] [info] Controller idle = 34
[2026-07-06 00:32:36.098] [info] Controller idle = 517
[2026-07-06 00:32:36.098] [info] Controller idle = 714
[2026-07-06 00:32:36.098] [info] Controller idle = 2942
[2026-07-06 00:32:36.098] [info] Controller idle = 657
[2026-07-06 00:32:36.098] [info] Controller idle = 1297
[2026-07-06 00:32:36.098] [info] Controller idle = 472
[2026-07-06 00:32:36.098] [info] Controller idle = 1047
[2026-07-06 00:32:36.098] [info] Controller idle = 34
[2026-07-06 00:32:36.098] [info] Controller idle = 1
[2026-07-06 00:32:36.098] [info] Controller idle = 4177
[2026-07-06 00:32:36.098] [info] Controller idle = 28
[2026-07-06 00:32:36.098] [info] Controller idle = 2
[2026-07-06 00:32:36.098] [info] Controller idle = 2443
[2026-07-06 00:32:36.098] [info] Controller idle = 3673
[2026-07-06 00:32:36.098] [info] Controller idle = 33
[2026-07-06 00:32:36.098] [info] Controller idle = 1231
[2026-07-06 00:32:36.098] [info] Controller idle = 2904
[2026-07-06 00:32:36.098] [info] Controller idle = 589
[2026-07-06 00:32:36.098] [info] Controller idle = 1280
[2026-07-06 00:32:36.098] [info] Controller idle = 1492
[2026-07-06 00:32:36.098] [info] Controller idle = 33
[2026-07-06 00:32:36.098] [info] Controller idle = 4061
[2026-07-06 00:32:36.098] [info] Controller idle = 46
[2026-07-06 00:32:36.098] [info] Controller idle = 6374
[2026-07-06 00:32:36.098] [info] Controller idle = 34
[2026-07-06 00:32:36.098] [info] Controller idle = 4324
[2026-07-06 00:32:36.098] [info] Controller idle = 638
[2026-07-06 00:32:36.098] [info] Controller idle = 1288
[2026-07-06 00:32:36.098] [info] Controller idle = 1493
[2026-07-06 00:32:36.098] [info] Controller idle = 39
[2026-07-06 00:32:36.098] [info] Controller idle = 4291
[2026-07-06 00:32:36.098] [info] Controller idle = 31
[2026-07-06 00:32:36.098] [info] Controller idle = 6240
[2026-07-06 00:32:36.098] [info] Controller idle = 35
[2026-07-06 00:32:36.098] [info] Controller idle = 4162
[2026-07-06 00:32:36.098] [info] Controller idle = 653
[2026-07-06 00:32:36.098] [info] Controller idle = 1295
[2026-07-06 00:32:36.098] [info] Controller idle = 1522
[2026-07-06 00:32:36.098] [info] Controller idle = 33
[2026-07-06 00:32:36.098] [info] Controller idle = 1
[2026-07-06 00:32:36.098] [info] Controller idle = 4430
[2026-07-06 00:32:36.098] [info] Controller idle = 38
[2026-07-06 00:32:36.098] [info] Controller idle = 6247
[2026-07-06 00:32:36.098] [info] Controller idle = 34
[2026-07-06 00:32:36.098] [info] Controller idle = 593
[2026-07-06 00:32:36.098] [info] Controller idle = 3673
[2026-07-06 00:32:36.098] [info] Controller idle = 615
[2026-07-06 00:32:36.098] [info] Controller idle = 1314
[2026-07-06 00:32:36.098] [info] Controller idle = 1444
[2026-07-06 00:32:36.098] [info] Controller idle = 33
[2026-07-06 00:32:36.098] [info] Controller idle = 1
[2026-07-06 00:32:36.098] [info] Controller idle = 2181
[2026-07-06 00:32:36.098] [info] Controller idle = 2904
[2026-07-06 00:32:36.098] [info] Controller idle = 35
[2026-07-06 00:32:36.098] [info] Controller idle = 6270
[2026-07-06 00:32:36.098] [info] Controller idle = 34
[2026-07-06 00:32:36.098] [info] Controller idle = 4287
[2026-07-06 00:32:36.098] [info] Controller idle = 626
[2026-07-06 00:32:36.098] [info] Controller idle = 1299
[2026-07-06 00:32:36.098] [info] Controller idle = 1523
[2026-07-06 00:32:36.098] [info] Controller idle = 35
[2026-07-06 00:32:36.098] [info] Controller idle = 2234
[2026-07-06 00:32:36.098] [info] Controller idle = 1828
[2026-07-06 00:32:36.098] [info] Controller idle = 35
[2026-07-06 00:32:36.098] [info] Controller idle = 6339
[2026-07-06 00:32:36.098] [info] Controller idle = 33
[2026-07-06 00:32:36.098] [info] Controller idle = 4216
[2026-07-06 00:32:36.098] [info] Controller idle = 658
[2026-07-06 00:32:36.098] [info] Controller idle = 1299
[2026-07-06 00:32:36.098] [info] Controller idle = 1463
[2026-07-06 00:32:36.098] [info] Controller idle = 33
[2026-07-06 00:32:36.098] [info] Controller idle = 1553
[2026-07-06 00:32:36.098] [info] Controller idle = 2827
[2026-07-06 00:32:36.098] [info] Controller idle = 33
[2026-07-06 00:32:36.098] [info] Controller idle = 6294
[2026-07-06 00:32:36.098] [info] Controller idle = 33
[2026-07-06 00:32:36.098] [info] Controller idle = 4553
[2026-07-06 00:32:36.098] [info] Controller idle = 636
[2026-07-06 00:32:36.098] [info] Controller idle = 1290
[2026-07-06 00:32:36.098] [info] Controller idle = 1482
[2026-07-06 00:32:36.098] [info] Controller idle = 33
[2026-07-06 00:32:36.098] [info] Controller idle = 1094
[2026-07-06 00:32:36.098] [info] Controller idle = 3037
[2026-07-06 00:32:36.098] [info] Controller idle = 35
[2026-07-06 00:32:36.098] [info] Controller idle = 6968
[2026-07-06 00:32:36.098] [info] Controller idle = 34
[2026-07-06 00:32:36.098] [info] Controller idle = 536
[2026-07-06 00:32:36.098] [info] Controller idle = 904
[2026-07-06 00:32:36.098] [info] Controller idle = 1701
[2026-07-06 00:32:36.098] [info] Controller idle = 1050
[2026-07-06 00:32:36.098] [info] Controller idle = 591
[2026-07-06 00:32:36.098] [info] Controller idle = 1291
[2026-07-06 00:32:36.098] [info] Controller idle = 1481
[2026-07-06 00:32:36.098] [info] Controller idle = 33
[2026-07-06 00:32:36.098] [info] Controller idle = 1164
[2026-07-06 00:32:36.098] [info] Controller idle = 2959
[2026-07-06 00:32:36.098] [info] Controller idle = 33
[2026-07-06 00:32:36.098] [info] Controller idle = 6411
[2026-07-06 00:32:36.098] [info] Controller idle = 33
[2026-07-06 00:32:36.098] [info] Controller idle = 2229
[2026-07-06 00:32:36.098] [info] Controller idle = 2024
[2026-07-06 00:32:36.098] [info] Controller idle = 624
[2026-07-06 00:32:36.098] [info] Controller idle = 1287
[2026-07-06 00:32:36.098] [info] Controller idle = 496
[2026-07-06 00:32:36.098] [info] Controller idle = 905
[2026-07-06 00:32:36.098] [info] Controller idle = 33
[2026-07-06 00:32:36.098] [info] Controller idle = 4124
[2026-07-06 00:32:36.098] [info] Controller idle = 52
[2026-07-06 00:32:36.098] [info] Controller idle = 2546
[2026-07-06 00:32:36.098] [info] Controller idle = 3727
[2026-07-06 00:32:36.098] [info] Controller idle = 34
[2026-07-06 00:32:36.098] [info] Controller idle = 1280
[2026-07-06 00:32:36.098] [info] Controller idle = 2885
[2026-07-06 00:32:36.098] [info] Controller idle = 620
[2026-07-06 00:32:36.098] [info] Controller idle = 1273
[2026-07-06 00:32:36.098] [info] Controller idle = 342
[2026-07-06 00:32:36.098] [info] Controller idle = 125
[2026-07-06 00:32:36.098] [info] Controller idle = 906
[2026-07-06 00:32:36.098] [info] Controller idle = 33
[2026-07-06 00:32:36.098] [info] Controller idle = 4216
[2026-07-06 00:32:36.098] [info] Controller idle = 34
[2026-07-06 00:32:36.098] [info] Controller idle = 2569
[2026-07-06 00:32:36.098] [info] Controller idle = 3673
[2026-07-06 00:32:36.098] [info] Controller idle = 34
[2026-07-06 00:32:36.098] [info] Controller idle = 1
[2026-07-06 00:32:36.098] [info] Controller idle = 1
[2026-07-06 00:32:36.098] [info] Controller idle = 555
[2026-07-06 00:32:36.098] [info] Controller idle = 4597
[2026-07-06 00:32:36.098] [info] Controller idle = 639
[2026-07-06 00:32:36.098] [info] Controller idle = 1269
[2026-07-06 00:32:36.098] [info] Controller idle = 2
[2026-07-06 00:32:36.098] [info] Controller idle = 1489
[2026-07-06 00:32:36.098] [info] Controller idle = 34
[2026-07-06 00:32:36.098] [info] Controller idle = 1
[2026-07-06 00:32:36.098] [info] Controller idle = 327
[2026-07-06 00:32:36.098] [info] Controller idle = 3849
[2026-07-06 00:32:36.098] [info] Controller idle = 34
[2026-07-06 00:32:36.098] [info] Controller idle = 6258
[2026-07-06 00:32:36.098] [info] Controller idle = 34
[2026-07-06 00:32:36.098] [info] Controller idle = 500
[2026-07-06 00:32:36.098] [info] Controller idle = 730
[2026-07-06 00:32:36.098] [info] Controller idle = 2926
[2026-07-06 00:32:36.098] [info] Controller idle = 627
[2026-07-06 00:32:36.098] [info] Controller idle = 1331
[2026-07-06 00:32:36.098] [info] Controller idle = 13
[2026-07-06 00:32:36.098] [info] Controller idle = 1423
[2026-07-06 00:32:36.098] [info] Controller idle = 34
[2026-07-06 00:32:36.098] [info] Controller idle = 4170
[2026-07-06 00:32:36.098] [info] Controller idle = 27
[2026-07-06 00:32:36.098] [info] Controller idle = 6506
[2026-07-06 00:32:36.098] [info] Controller idle = 39
[2026-07-06 00:32:36.098] [info] Controller idle = 10
MemorySystem:
  impl: GenericDRAM
  total_num_other_requests: 0
  total_num_write_requests: 5477
  total_num_read_requests: 442051
  memory_system_cycles: 1104017

  DRAM:
    impl: HBM2
    dram_commands: 799439
  AddrMapper:
    impl: RoBaRaCoCh
  Controller:
    impl: Generic
    id: Channel 0
    Scheduler:
      impl: FRFCFS
    RefreshManager:
      impl: AllBank



Frontend:
  impl: GEM5

[2026-07-06 00:32:36.098] [info] Row hits: 269833, Row misses: 1345, Row conflicts: 175186
[2026-07-06 00:32:36.098] [info] Controller idle = 11
[2026-07-06 00:32:36.098] [info] Controller idle = 32
[2026-07-06 00:32:36.098] [info] Controller idle = 766
[2026-07-06 00:32:36.098] [info] Controller idle = 222
[2026-07-06 00:32:36.098] [info] Controller idle = 186
[2026-07-06 00:32:36.098] [info] Controller idle = 274
[2026-07-06 00:32:36.098] [info] Controller idle = 190
[2026-07-06 00:32:36.098] [info] Controller idle = 241
[2026-07-06 00:32:36.098] [info] Controller idle = 171
[2026-07-06 00:32:36.098] [info] Controller idle = 264
[2026-07-06 00:32:36.098] [info] Controller idle = 182
[2026-07-06 00:32:36.098] [info] Controller idle = 1210
[2026-07-06 00:32:36.098] [info] Controller idle = 1505
[2026-07-06 00:32:36.098] [info] Controller idle = 136
[2026-07-06 00:32:36.098] [info] Controller idle = 1
[2026-07-06 00:32:36.098] [info] Controller idle = 6
[2026-07-06 00:32:36.098] [info] Controller idle = 12
[2026-07-06 00:32:36.098] [info] Controller idle = 2
[2026-07-06 00:32:36.098] [info] Controller idle = 17
[2026-07-06 00:32:36.098] [info] Controller idle = 1
[2026-07-06 00:32:36.098] [info] Controller idle = 5
[2026-07-06 00:32:36.098] [info] Controller idle = 10
[2026-07-06 00:32:36.098] [info] Controller idle = 58
[2026-07-06 00:32:36.098] [info] Controller idle = 1496
[2026-07-06 00:32:36.098] [info] Controller idle = 2
[2026-07-06 00:32:36.098] [info] Controller idle = 1
[2026-07-06 00:32:36.098] [info] Controller idle = 3
[2026-07-06 00:32:36.098] [info] Controller idle = 3
[2026-07-06 00:32:36.098] [info] Controller idle = 5
[2026-07-06 00:32:36.098] [info] Controller idle = 3
[2026-07-06 00:32:36.098] [info] Controller idle = 301
[2026-07-06 00:32:36.098] [info] Controller idle = 969
[2026-07-06 00:32:36.098] [info] Controller idle = 176
[2026-07-06 00:32:36.098] [info] Controller idle = 308
[2026-07-06 00:32:36.098] [info] Controller idle = 166
[2026-07-06 00:32:36.098] [info] Controller idle = 319
[2026-07-06 00:32:36.098] [info] Controller idle = 160
[2026-07-06 00:32:36.098] [info] Controller idle = 314
[2026-07-06 00:32:36.098] [info] Controller idle = 177
[2026-07-06 00:32:36.098] [info] Controller idle = 102
[2026-07-06 00:32:36.098] [info] Controller idle = 4352
[2026-07-06 00:32:36.098] [info] Controller idle = 1
[2026-07-06 00:32:36.098] [info] Controller idle = 264
[2026-07-06 00:32:36.098] [info] Controller idle = 2
[2026-07-06 00:32:36.098] [info] Controller idle = 1
[2026-07-06 00:32:36.098] [info] Controller idle = 4
[2026-07-06 00:32:36.098] [info] Controller idle = 5
[2026-07-06 00:32:36.098] [info] Controller idle = 7
[2026-07-06 00:32:36.098] [info] Controller idle = 14
[2026-07-06 00:32:36.098] [info] Controller idle = 4
[2026-07-06 00:32:36.098] [info] Controller idle = 2
[2026-07-06 00:32:36.098] [info] Controller idle = 6
[2026-07-06 00:32:36.098] [info] Controller idle = 2
[2026-07-06 00:32:36.098] [info] Controller idle = 1
[2026-07-06 00:32:36.098] [info] Controller idle = 1
[2026-07-06 00:32:36.098] [info] Controller idle = 6
[2026-07-06 00:32:36.098] [info] Controller idle = 1
[2026-07-06 00:32:36.098] [info] Controller idle = 6
[2026-07-06 00:32:36.098] [info] Controller idle = 1
[2026-07-06 00:32:36.098] [info] Controller idle = 10
[2026-07-06 00:32:36.098] [info] Controller idle = 3132
[2026-07-06 00:32:36.098] [info] Controller idle = 3
[2026-07-06 00:32:36.098] [info] Controller idle = 4
[2026-07-06 00:32:36.098] [info] Controller idle = 1
[2026-07-06 00:32:36.098] [info] Controller idle = 3
[2026-07-06 00:32:36.098] [info] Controller idle = 2
[2026-07-06 00:32:36.098] [info] Controller idle = 3
[2026-07-06 00:32:36.098] [info] Controller idle = 6
[2026-07-06 00:32:36.098] [info] Controller idle = 2
[2026-07-06 00:32:36.098] [info] Controller idle = 1433
[2026-07-06 00:32:36.098] [info] Controller idle = 2753
[2026-07-06 00:32:36.098] [info] Controller idle = 650
[2026-07-06 00:32:36.098] [info] Controller idle = 1292
[2026-07-06 00:32:36.098] [info] Controller idle = 5
[2026-07-06 00:32:36.098] [info] Controller idle = 462
[2026-07-06 00:32:36.098] [info] Controller idle = 1196
[2026-07-06 00:32:36.098] [info] Controller idle = 33
[2026-07-06 00:32:36.098] [info] Controller idle = 4252
[2026-07-06 00:32:36.098] [info] Controller idle = 31
[2026-07-06 00:32:36.098] [info] Controller idle = 2602
[2026-07-06 00:32:36.098] [info] Controller idle = 3780
[2026-07-06 00:32:36.098] [info] Controller idle = 34
[2026-07-06 00:32:36.098] [info] Controller idle = 574
[2026-07-06 00:32:36.098] [info] Controller idle = 714
[2026-07-06 00:32:36.098] [info] Controller idle = 2942
[2026-07-06 00:32:36.098] [info] Controller idle = 663
[2026-07-06 00:32:36.098] [info] Controller idle = 1295
[2026-07-06 00:32:36.098] [info] Controller idle = 496
[2026-07-06 00:32:36.098] [info] Controller idle = 1047
[2026-07-06 00:32:36.098] [info] Controller idle = 34
[2026-07-06 00:32:36.098] [info] Controller idle = 1
[2026-07-06 00:32:36.098] [info] Controller idle = 4196
[2026-07-06 00:32:36.098] [info] Controller idle = 28
[2026-07-06 00:32:36.098] [info] Controller idle = 2
[2026-07-06 00:32:36.098] [info] Controller idle = 2587
[2026-07-06 00:32:36.098] [info] Controller idle = 3673
[2026-07-06 00:32:36.098] [info] Controller idle = 33
[2026-07-06 00:32:36.098] [info] Controller idle = 1247
[2026-07-06 00:32:36.098] [info] Controller idle = 2904
[2026-07-06 00:32:36.098] [info] Controller idle = 580
[2026-07-06 00:32:36.098] [info] Controller idle = 1281
[2026-07-06 00:32:36.098] [info] Controller idle = 2
[2026-07-06 00:32:36.098] [info] Controller idle = 1503
[2026-07-06 00:32:36.098] [info] Controller idle = 33
[2026-07-06 00:32:36.098] [info] Controller idle = 4287
[2026-07-06 00:32:36.098] [info] Controller idle = 46
[2026-07-06 00:32:36.098] [info] Controller idle = 6258
[2026-07-06 00:32:36.098] [info] Controller idle = 34
[2026-07-06 00:32:36.098] [info] Controller idle = 4296
[2026-07-06 00:32:36.098] [info] Controller idle = 669
[2026-07-06 00:32:36.098] [info] Controller idle = 1297
[2026-07-06 00:32:36.098] [info] Controller idle = 443
[2026-07-06 00:32:36.098] [info] Controller idle = 1033
[2026-07-06 00:32:36.098] [info] Controller idle = 39
[2026-07-06 00:32:36.098] [info] Controller idle = 4180
[2026-07-06 00:32:36.098] [info] Controller idle = 31
[2026-07-06 00:32:36.098] [info] Controller idle = 6421
[2026-07-06 00:32:36.098] [info] Controller idle = 35
[2026-07-06 00:32:36.098] [info] Controller idle = 4247
[2026-07-06 00:32:36.098] [info] Controller idle = 662
[2026-07-06 00:32:36.098] [info] Controller idle = 1311
[2026-07-06 00:32:36.098] [info] Controller idle = 1519
[2026-07-06 00:32:36.098] [info] Controller idle = 33
[2026-07-06 00:32:36.098] [info] Controller idle = 1
[2026-07-06 00:32:36.098] [info] Controller idle = 4524
[2026-07-06 00:32:36.098] [info] Controller idle = 36
[2026-07-06 00:32:36.098] [info] Controller idle = 6321
[2026-07-06 00:32:36.098] [info] Controller idle = 34
[2026-07-06 00:32:36.098] [info] Controller idle = 461
[2026-07-06 00:32:36.098] [info] Controller idle = 3673
[2026-07-06 00:32:36.098] [info] Controller idle = 634
[2026-07-06 00:32:36.098] [info] Controller idle = 1298
[2026-07-06 00:32:36.098] [info] Controller idle = 7
[2026-07-06 00:32:36.098] [info] Controller idle = 1438
[2026-07-06 00:32:36.098] [info] Controller idle = 33
[2026-07-06 00:32:36.098] [info] Controller idle = 1
[2026-07-06 00:32:36.098] [info] Controller idle = 2412
[2026-07-06 00:32:36.098] [info] Controller idle = 2904
[2026-07-06 00:32:36.098] [info] Controller idle = 29
[2026-07-06 00:32:36.098] [info] Controller idle = 6261
[2026-07-06 00:32:36.098] [info] Controller idle = 36
[2026-07-06 00:32:36.098] [info] Controller idle = 597
[2026-07-06 00:32:36.098] [info] Controller idle = 3675
[2026-07-06 00:32:36.098] [info] Controller idle = 650
[2026-07-06 00:32:36.098] [info] Controller idle = 1293
[2026-07-06 00:32:36.098] [info] Controller idle = 17
[2026-07-06 00:32:36.098] [info] Controller idle = 1509
[2026-07-06 00:32:36.098] [info] Controller idle = 35
[2026-07-06 00:32:36.098] [info] Controller idle = 2387
[2026-07-06 00:32:36.098] [info] Controller idle = 1828
[2026-07-06 00:32:36.098] [info] Controller idle = 33
[2026-07-06 00:32:36.098] [info] Controller idle = 6405
[2026-07-06 00:32:36.098] [info] Controller idle = 33
[2026-07-06 00:32:36.098] [info] Controller idle = 4364
[2026-07-06 00:32:36.098] [info] Controller idle = 661
[2026-07-06 00:32:36.098] [info] Controller idle = 1275
[2026-07-06 00:32:36.098] [info] Controller idle = 1
[2026-07-06 00:32:36.098] [info] Controller idle = 11
[2026-07-06 00:32:36.098] [info] Controller idle = 1435
[2026-07-06 00:32:36.098] [info] Controller idle = 33
[2026-07-06 00:32:36.098] [info] Controller idle = 1193
[2026-07-06 00:32:36.098] [info] Controller idle = 2827
[2026-07-06 00:32:36.098] [info] Controller idle = 29
[2026-07-06 00:32:36.098] [info] Controller idle = 6274
[2026-07-06 00:32:36.098] [info] Controller idle = 33
[2026-07-06 00:32:36.098] [info] Controller idle = 4504
[2026-07-06 00:32:36.098] [info] Controller idle = 665
[2026-07-06 00:32:36.098] [info] Controller idle = 1316
[2026-07-06 00:32:36.098] [info] Controller idle = 6
[2026-07-06 00:32:36.098] [info] Controller idle = 1459
[2026-07-06 00:32:36.098] [info] Controller idle = 33
[2026-07-06 00:32:36.098] [info] Controller idle = 1024
[2026-07-06 00:32:36.098] [info] Controller idle = 3037
[2026-07-06 00:32:36.098] [info] Controller idle = 36
[2026-07-06 00:32:36.098] [info] Controller idle = 6702
[2026-07-06 00:32:36.098] [info] Controller idle = 34
[2026-07-06 00:32:36.098] [info] Controller idle = 485
[2026-07-06 00:32:36.098] [info] Controller idle = 904
[2026-07-06 00:32:36.098] [info] Controller idle = 1701
[2026-07-06 00:32:36.098] [info] Controller idle = 1050
[2026-07-06 00:32:36.098] [info] Controller idle = 595
[2026-07-06 00:32:36.098] [info] Controller idle = 1281
[2026-07-06 00:32:36.098] [info] Controller idle = 504
[2026-07-06 00:32:36.098] [info] Controller idle = 937
[2026-07-06 00:32:36.098] [info] Controller idle = 33
[2026-07-06 00:32:36.098] [info] Controller idle = 1154
[2026-07-06 00:32:36.098] [info] Controller idle = 2959
[2026-07-06 00:32:36.098] [info] Controller idle = 29
[2026-07-06 00:32:36.098] [info] Controller idle = 6284
[2026-07-06 00:32:36.098] [info] Controller idle = 33
[2026-07-06 00:32:36.098] [info] Controller idle = 2121
[2026-07-06 00:32:36.098] [info] Controller idle = 2024
[2026-07-06 00:32:36.098] [info] Controller idle = 639
[2026-07-06 00:32:36.098] [info] Controller idle = 1303
[2026-07-06 00:32:36.098] [info] Controller idle = 476
[2026-07-06 00:32:36.098] [info] Controller idle = 905
[2026-07-06 00:32:36.098] [info] Controller idle = 33
[2026-07-06 00:32:36.098] [info] Controller idle = 4025
[2026-07-06 00:32:36.098] [info] Controller idle = 52
[2026-07-06 00:32:36.098] [info] Controller idle = 2786
[2026-07-06 00:32:36.098] [info] Controller idle = 3727
[2026-07-06 00:32:36.098] [info] Controller idle = 34
[2026-07-06 00:32:36.098] [info] Controller idle = 1320
[2026-07-06 00:32:36.098] [info] Controller idle = 2885
[2026-07-06 00:32:36.098] [info] Controller idle = 616
[2026-07-06 00:32:36.098] [info] Controller idle = 1272
[2026-07-06 00:32:36.098] [info] Controller idle = 323
[2026-07-06 00:32:36.098] [info] Controller idle = 125
[2026-07-06 00:32:36.098] [info] Controller idle = 906
[2026-07-06 00:32:36.098] [info] Controller idle = 33
[2026-07-06 00:32:36.098] [info] Controller idle = 4203
[2026-07-06 00:32:36.098] [info] Controller idle = 33
[2026-07-06 00:32:36.098] [info] Controller idle = 2454
[2026-07-06 00:32:36.098] [info] Controller idle = 3673
[2026-07-06 00:32:36.098] [info] Controller idle = 34
[2026-07-06 00:32:36.098] [info] Controller idle = 1
[2026-07-06 00:32:36.098] [info] Controller idle = 1
[2026-07-06 00:32:36.098] [info] Controller idle = 493
[2026-07-06 00:32:36.098] [info] Controller idle = 4597
[2026-07-06 00:32:36.098] [info] Controller idle = 617
[2026-07-06 00:32:36.098] [info] Controller idle = 1303
[2026-07-06 00:32:36.098] [info] Controller idle = 1509
[2026-07-06 00:32:36.098] [info] Controller idle = 34
[2026-07-06 00:32:36.098] [info] Controller idle = 1
[2026-07-06 00:32:36.098] [info] Controller idle = 300
[2026-07-06 00:32:36.098] [info] Controller idle = 3849
[2026-07-06 00:32:36.098] [info] Controller idle = 30
[2026-07-06 00:32:36.098] [info] Controller idle = 6185
[2026-07-06 00:32:36.098] [info] Controller idle = 34
[2026-07-06 00:32:36.098] [info] Controller idle = 454
[2026-07-06 00:32:36.098] [info] Controller idle = 730
[2026-07-06 00:32:36.098] [info] Controller idle = 2926
[2026-07-06 00:32:36.098] [info] Controller idle = 604
[2026-07-06 00:32:36.098] [info] Controller idle = 1319
[2026-07-06 00:32:36.098] [info] Controller idle = 1437
[2026-07-06 00:32:36.098] [info] Controller idle = 34
[2026-07-06 00:32:36.098] [info] Controller idle = 4158
[2026-07-06 00:32:36.098] [info] Controller idle = 27
[2026-07-06 00:32:36.098] [info] Controller idle = 6319
[2026-07-06 00:32:36.098] [info] Controller idle = 38
[2026-07-06 00:32:36.098] [info] Controller idle = 11
MemorySystem:
  impl: GenericDRAM
  total_num_other_requests: 0
  total_num_write_requests: 5477
  total_num_read_requests: 442051
  memory_system_cycles: 1104017

  DRAM:
    impl: HBM2
    dram_commands: 799384
  AddrMapper:
    impl: RoBaRaCoCh
  Controller:
    impl: Generic
    id: Channel 0
    Scheduler:
      impl: FRFCFS
    RefreshManager:
      impl: AllBank



Frontend:
  impl: GEM5

[2026-07-06 00:32:36.098] [info] Row hits: 269468, Row misses: 1339, Row conflicts: 175488
[2026-07-06 00:32:36.098] [info] Controller idle = 11
[2026-07-06 00:32:36.098] [info] Controller idle = 31
[2026-07-06 00:32:36.098] [info] Controller idle = 702
[2026-07-06 00:32:36.099] [info] Controller idle = 287
[2026-07-06 00:32:36.099] [info] Controller idle = 210
[2026-07-06 00:32:36.099] [info] Controller idle = 240
[2026-07-06 00:32:36.099] [info] Controller idle = 181
[2026-07-06 00:32:36.099] [info] Controller idle = 275
[2026-07-06 00:32:36.099] [info] Controller idle = 182
[2026-07-06 00:32:36.099] [info] Controller idle = 256
[2026-07-06 00:32:36.099] [info] Controller idle = 164
[2026-07-06 00:32:36.099] [info] Controller idle = 1226
[2026-07-06 00:32:36.099] [info] Controller idle = 1484
[2026-07-06 00:32:36.099] [info] Controller idle = 6
[2026-07-06 00:32:36.099] [info] Controller idle = 3
[2026-07-06 00:32:36.099] [info] Controller idle = 9
[2026-07-06 00:32:36.099] [info] Controller idle = 95
[2026-07-06 00:32:36.099] [info] Controller idle = 2
[2026-07-06 00:32:36.099] [info] Controller idle = 6
[2026-07-06 00:32:36.099] [info] Controller idle = 3
[2026-07-06 00:32:36.099] [info] Controller idle = 2
[2026-07-06 00:32:36.099] [info] Controller idle = 5
[2026-07-06 00:32:36.099] [info] Controller idle = 11
[2026-07-06 00:32:36.099] [info] Controller idle = 18
[2026-07-06 00:32:36.099] [info] Controller idle = 1
[2026-07-06 00:32:36.099] [info] Controller idle = 1
[2026-07-06 00:32:36.099] [info] Controller idle = 11
[2026-07-06 00:32:36.099] [info] Controller idle = 11
[2026-07-06 00:32:36.099] [info] Controller idle = 1
[2026-07-06 00:32:36.099] [info] Controller idle = 46
[2026-07-06 00:32:36.099] [info] Controller idle = 1515
[2026-07-06 00:32:36.099] [info] Controller idle = 12
[2026-07-06 00:32:36.099] [info] Controller idle = 2
[2026-07-06 00:32:36.099] [info] Controller idle = 1
[2026-07-06 00:32:36.099] [info] Controller idle = 291
[2026-07-06 00:32:36.099] [info] Controller idle = 972
[2026-07-06 00:32:36.099] [info] Controller idle = 195
[2026-07-06 00:32:36.099] [info] Controller idle = 306
[2026-07-06 00:32:36.099] [info] Controller idle = 150
[2026-07-06 00:32:36.099] [info] Controller idle = 313
[2026-07-06 00:32:36.099] [info] Controller idle = 182
[2026-07-06 00:32:36.099] [info] Controller idle = 314
[2026-07-06 00:32:36.099] [info] Controller idle = 155
[2026-07-06 00:32:36.099] [info] Controller idle = 42
[2026-07-06 00:32:36.099] [info] Controller idle = 4026
[2026-07-06 00:32:36.099] [info] Controller idle = 265
[2026-07-06 00:32:36.099] [info] Controller idle = 1
[2026-07-06 00:32:36.099] [info] Controller idle = 9
[2026-07-06 00:32:36.099] [info] Controller idle = 6
[2026-07-06 00:32:36.099] [info] Controller idle = 1
[2026-07-06 00:32:36.099] [info] Controller idle = 4
[2026-07-06 00:32:36.099] [info] Controller idle = 2
[2026-07-06 00:32:36.099] [info] Controller idle = 8
[2026-07-06 00:32:36.099] [info] Controller idle = 3
[2026-07-06 00:32:36.099] [info] Controller idle = 10
[2026-07-06 00:32:36.099] [info] Controller idle = 3
[2026-07-06 00:32:36.099] [info] Controller idle = 3
[2026-07-06 00:32:36.099] [info] Controller idle = 12
[2026-07-06 00:32:36.099] [info] Controller idle = 1
[2026-07-06 00:32:36.099] [info] Controller idle = 5
[2026-07-06 00:32:36.099] [info] Controller idle = 3141
[2026-07-06 00:32:36.099] [info] Controller idle = 8
[2026-07-06 00:32:36.099] [info] Controller idle = 2
[2026-07-06 00:32:36.099] [info] Controller idle = 2
[2026-07-06 00:32:36.099] [info] Controller idle = 1158
[2026-07-06 00:32:36.099] [info] Controller idle = 936
[2026-07-06 00:32:36.099] [info] Controller idle = 2116
[2026-07-06 00:32:36.099] [info] Controller idle = 656
[2026-07-06 00:32:36.099] [info] Controller idle = 1272
[2026-07-06 00:32:36.099] [info] Controller idle = 491
[2026-07-06 00:32:36.099] [info] Controller idle = 1191
[2026-07-06 00:32:36.099] [info] Controller idle = 33
[2026-07-06 00:32:36.099] [info] Controller idle = 4272
[2026-07-06 00:32:36.099] [info] Controller idle = 30
[2026-07-06 00:32:36.099] [info] Controller idle = 2694
[2026-07-06 00:32:36.099] [info] Controller idle = 3674
[2026-07-06 00:32:36.099] [info] Controller idle = 34
[2026-07-06 00:32:36.099] [info] Controller idle = 1527
[2026-07-06 00:32:36.099] [info] Controller idle = 2752
[2026-07-06 00:32:36.099] [info] Controller idle = 665
[2026-07-06 00:32:36.099] [info] Controller idle = 1310
[2026-07-06 00:32:36.099] [info] Controller idle = 1526
[2026-07-06 00:32:36.099] [info] Controller idle = 15
[2026-07-06 00:32:36.099] [info] Controller idle = 34
[2026-07-06 00:32:36.099] [info] Controller idle = 1
[2026-07-06 00:32:36.099] [info] Controller idle = 373
[2026-07-06 00:32:36.099] [info] Controller idle = 3850
[2026-07-06 00:32:36.099] [info] Controller idle = 29
[2026-07-06 00:32:36.099] [info] Controller idle = 1
[2026-07-06 00:32:36.099] [info] Controller idle = 2622
[2026-07-06 00:32:36.099] [info] Controller idle = 3691
[2026-07-06 00:32:36.099] [info] Controller idle = 37
[2026-07-06 00:32:36.099] [info] Controller idle = 1
[2026-07-06 00:32:36.099] [info] Controller idle = 570
[2026-07-06 00:32:36.099] [info] Controller idle = 698
[2026-07-06 00:32:36.099] [info] Controller idle = 2959
[2026-07-06 00:32:36.099] [info] Controller idle = 589
[2026-07-06 00:32:36.099] [info] Controller idle = 1308
[2026-07-06 00:32:36.099] [info] Controller idle = 1478
[2026-07-06 00:32:36.099] [info] Controller idle = 33
[2026-07-06 00:32:36.099] [info] Controller idle = 4101
[2026-07-06 00:32:36.099] [info] Controller idle = 28
[2026-07-06 00:32:36.099] [info] Controller idle = 6256
[2026-07-06 00:32:36.099] [info] Controller idle = 34
[2026-07-06 00:32:36.099] [info] Controller idle = 4256
[2026-07-06 00:32:36.099] [info] Controller idle = 645
[2026-07-06 00:32:36.099] [info] Controller idle = 1302
[2026-07-06 00:32:36.099] [info] Controller idle = 18
[2026-07-06 00:32:36.099] [info] Controller idle = 1475
[2026-07-06 00:32:36.099] [info] Controller idle = 36
[2026-07-06 00:32:36.099] [info] Controller idle = 4114
[2026-07-06 00:32:36.099] [info] Controller idle = 32
[2026-07-06 00:32:36.099] [info] Controller idle = 6277
[2026-07-06 00:32:36.099] [info] Controller idle = 35
[2026-07-06 00:32:36.099] [info] Controller idle = 4245
[2026-07-06 00:32:36.099] [info] Controller idle = 660
[2026-07-06 00:32:36.099] [info] Controller idle = 1283
[2026-07-06 00:32:36.099] [info] Controller idle = 1
[2026-07-06 00:32:36.099] [info] Controller idle = 4
[2026-07-06 00:32:36.099] [info] Controller idle = 1502
[2026-07-06 00:32:36.099] [info] Controller idle = 33
[2026-07-06 00:32:36.099] [info] Controller idle = 1
[2026-07-06 00:32:36.099] [info] Controller idle = 4352
[2026-07-06 00:32:36.099] [info] Controller idle = 38
[2026-07-06 00:32:36.099] [info] Controller idle = 6158
[2026-07-06 00:32:36.099] [info] Controller idle = 34
[2026-07-06 00:32:36.099] [info] Controller idle = 4189
[2026-07-06 00:32:36.099] [info] Controller idle = 665
[2026-07-06 00:32:36.099] [info] Controller idle = 1293
[2026-07-06 00:32:36.099] [info] Controller idle = 1448
[2026-07-06 00:32:36.099] [info] Controller idle = 33
[2026-07-06 00:32:36.099] [info] Controller idle = 1
[2026-07-06 00:32:36.099] [info] Controller idle = 3070
[2026-07-06 00:32:36.099] [info] Controller idle = 1982
[2026-07-06 00:32:36.099] [info] Controller idle = 31
[2026-07-06 00:32:36.099] [info] Controller idle = 6433
[2026-07-06 00:32:36.099] [info] Controller idle = 38
[2026-07-06 00:32:36.099] [info] Controller idle = 4239
[2026-07-06 00:32:36.099] [info] Controller idle = 656
[2026-07-06 00:32:36.099] [info] Controller idle = 1310
[2026-07-06 00:32:36.099] [info] Controller idle = 1543
[2026-07-06 00:32:36.099] [info] Controller idle = 35
[2026-07-06 00:32:36.099] [info] Controller idle = 970
[2026-07-06 00:32:36.099] [info] Controller idle = 3165
[2026-07-06 00:32:36.099] [info] Controller idle = 37
[2026-07-06 00:32:36.099] [info] Controller idle = 6283
[2026-07-06 00:32:36.099] [info] Controller idle = 33
[2026-07-06 00:32:36.099] [info] Controller idle = 466
[2026-07-06 00:32:36.099] [info] Controller idle = 3674
[2026-07-06 00:32:36.099] [info] Controller idle = 637
[2026-07-06 00:32:36.099] [info] Controller idle = 1282
[2026-07-06 00:32:36.099] [info] Controller idle = 1464
[2026-07-06 00:32:36.099] [info] Controller idle = 34
[2026-07-06 00:32:36.099] [info] Controller idle = 1
[2026-07-06 00:32:36.099] [info] Controller idle = 2276
[2026-07-06 00:32:36.099] [info] Controller idle = 1905
[2026-07-06 00:32:36.099] [info] Controller idle = 34
[2026-07-06 00:32:36.099] [info] Controller idle = 6198
[2026-07-06 00:32:36.099] [info] Controller idle = 33
[2026-07-06 00:32:36.099] [info] Controller idle = 703
[2026-07-06 00:32:36.099] [info] Controller idle = 3675
[2026-07-06 00:32:36.099] [info] Controller idle = 646
[2026-07-06 00:32:36.099] [info] Controller idle = 1321
[2026-07-06 00:32:36.099] [info] Controller idle = 1474
[2026-07-06 00:32:36.099] [info] Controller idle = 33
[2026-07-06 00:32:36.099] [info] Controller idle = 1468
[2026-07-06 00:32:36.099] [info] Controller idle = 2837
[2026-07-06 00:32:36.099] [info] Controller idle = 3
[2026-07-06 00:32:36.099] [info] Controller idle = 32
[2026-07-06 00:32:36.099] [info] Controller idle = 6882
[2026-07-06 00:32:36.099] [info] Controller idle = 34
[2026-07-06 00:32:36.099] [info] Controller idle = 2409
[2026-07-06 00:32:36.099] [info] Controller idle = 1701
[2026-07-06 00:32:36.099] [info] Controller idle = 128
[2026-07-06 00:32:36.099] [info] Controller idle = 592
[2026-07-06 00:32:36.099] [info] Controller idle = 1306
[2026-07-06 00:32:36.099] [info] Controller idle = 1488
[2026-07-06 00:32:36.099] [info] Controller idle = 38
[2026-07-06 00:32:36.099] [info] Controller idle = 1355
[2026-07-06 00:32:36.099] [info] Controller idle = 2795
[2026-07-06 00:32:36.099] [info] Controller idle = 30
[2026-07-06 00:32:36.099] [info] Controller idle = 6416
[2026-07-06 00:32:36.099] [info] Controller idle = 33
[2026-07-06 00:32:36.099] [info] Controller idle = 487
[2026-07-06 00:32:36.099] [info] Controller idle = 710
[2026-07-06 00:32:36.099] [info] Controller idle = 2946
[2026-07-06 00:32:36.099] [info] Controller idle = 631
[2026-07-06 00:32:36.099] [info] Controller idle = 1315
[2026-07-06 00:32:36.099] [info] Controller idle = 14
[2026-07-06 00:32:36.099] [info] Controller idle = 432
[2026-07-06 00:32:36.099] [info] Controller idle = 933
[2026-07-06 00:32:36.099] [info] Controller idle = 33
[2026-07-06 00:32:36.099] [info] Controller idle = 918
[2026-07-06 00:32:36.099] [info] Controller idle = 3088
[2026-07-06 00:32:36.099] [info] Controller idle = 48
[2026-07-06 00:32:36.099] [info] Controller idle = 2599
[2026-07-06 00:32:36.099] [info] Controller idle = 3674
[2026-07-06 00:32:36.099] [info] Controller idle = 34
[2026-07-06 00:32:36.099] [info] Controller idle = 576
[2026-07-06 00:32:36.099] [info] Controller idle = 904
[2026-07-06 00:32:36.099] [info] Controller idle = 2752
[2026-07-06 00:32:36.099] [info] Controller idle = 603
[2026-07-06 00:32:36.099] [info] Controller idle = 1319
[2026-07-06 00:32:36.099] [info] Controller idle = 1
[2026-07-06 00:32:36.099] [info] Controller idle = 1
[2026-07-06 00:32:36.099] [info] Controller idle = 378
[2026-07-06 00:32:36.099] [info] Controller idle = 10
[2026-07-06 00:32:36.099] [info] Controller idle = 967
[2026-07-06 00:32:36.099] [info] Controller idle = 33
[2026-07-06 00:32:36.099] [info] Controller idle = 4503
[2026-07-06 00:32:36.099] [info] Controller idle = 36
[2026-07-06 00:32:36.099] [info] Controller idle = 2458
[2026-07-06 00:32:36.099] [info] Controller idle = 3684
[2026-07-06 00:32:36.099] [info] Controller idle = 40
[2026-07-06 00:32:36.099] [info] Controller idle = 1371
[2026-07-06 00:32:36.099] [info] Controller idle = 137
[2026-07-06 00:32:36.099] [info] Controller idle = 3675
[2026-07-06 00:32:36.099] [info] Controller idle = 629
[2026-07-06 00:32:36.099] [info] Controller idle = 1272
[2026-07-06 00:32:36.099] [info] Controller idle = 1511
[2026-07-06 00:32:36.099] [info] Controller idle = 34
[2026-07-06 00:32:36.099] [info] Controller idle = 1
[2026-07-06 00:32:36.099] [info] Controller idle = 4136
[2026-07-06 00:32:36.099] [info] Controller idle = 31
[2026-07-06 00:32:36.099] [info] Controller idle = 2615
[2026-07-06 00:32:36.099] [info] Controller idle = 3672
[2026-07-06 00:32:36.099] [info] Controller idle = 34
[2026-07-06 00:32:36.099] [info] Controller idle = 1213
[2026-07-06 00:32:36.099] [info] Controller idle = 2912
[2026-07-06 00:32:36.099] [info] Controller idle = 634
[2026-07-06 00:32:36.099] [info] Controller idle = 1315
[2026-07-06 00:32:36.099] [info] Controller idle = 1
[2026-07-06 00:32:36.099] [info] Controller idle = 4
[2026-07-06 00:32:36.099] [info] Controller idle = 1426
[2026-07-06 00:32:36.099] [info] Controller idle = 34
[2026-07-06 00:32:36.099] [info] Controller idle = 4099
[2026-07-06 00:32:36.099] [info] Controller idle = 33
[2026-07-06 00:32:36.099] [info] Controller idle = 6246
[2026-07-06 00:32:36.099] [info] Controller idle = 42
[2026-07-06 00:32:36.099] [info] Controller idle = 12
MemorySystem:
  impl: GenericDRAM
  total_num_other_requests: 0
  total_num_write_requests: 5467
  total_num_read_requests: 442007
  memory_system_cycles: 1104017

  DRAM:
    impl: HBM2
    dram_commands: 799907
  AddrMapper:
    impl: RoBaRaCoCh
  Controller:
    impl: Generic
    id: Channel 0
    Scheduler:
      impl: FRFCFS
    RefreshManager:
      impl: AllBank



Frontend:
  impl: GEM5

[2026-07-06 00:32:36.099] [info] Row hits: 269832, Row misses: 1354, Row conflicts: 175165
[2026-07-06 00:32:36.099] [info] Controller idle = 11
[2026-07-06 00:32:36.099] [info] Controller idle = 117
[2026-07-06 00:32:36.099] [info] Controller idle = 706
[2026-07-06 00:32:36.099] [info] Controller idle = 270
[2026-07-06 00:32:36.099] [info] Controller idle = 201
[2026-07-06 00:32:36.099] [info] Controller idle = 228
[2026-07-06 00:32:36.099] [info] Controller idle = 171
[2026-07-06 00:32:36.099] [info] Controller idle = 284
[2026-07-06 00:32:36.099] [info] Controller idle = 175
[2026-07-06 00:32:36.099] [info] Controller idle = 261
[2026-07-06 00:32:36.099] [info] Controller idle = 186
[2026-07-06 00:32:36.099] [info] Controller idle = 1202
[2026-07-06 00:32:36.099] [info] Controller idle = 1470
[2026-07-06 00:32:36.099] [info] Controller idle = 1
[2026-07-06 00:32:36.099] [info] Controller idle = 1
[2026-07-06 00:32:36.099] [info] Controller idle = 5
[2026-07-06 00:32:36.099] [info] Controller idle = 6
[2026-07-06 00:32:36.099] [info] Controller idle = 9
[2026-07-06 00:32:36.099] [info] Controller idle = 112
[2026-07-06 00:32:36.099] [info] Controller idle = 6
[2026-07-06 00:32:36.099] [info] Controller idle = 2
[2026-07-06 00:32:36.099] [info] Controller idle = 14
[2026-07-06 00:32:36.099] [info] Controller idle = 22
[2026-07-06 00:32:36.099] [info] Controller idle = 17
[2026-07-06 00:32:36.099] [info] Controller idle = 62
[2026-07-06 00:32:36.099] [info] Controller idle = 1
[2026-07-06 00:32:36.099] [info] Controller idle = 1531
[2026-07-06 00:32:36.099] [info] Controller idle = 11
[2026-07-06 00:32:36.099] [info] Controller idle = 1
[2026-07-06 00:32:36.099] [info] Controller idle = 2
[2026-07-06 00:32:36.099] [info] Controller idle = 7
[2026-07-06 00:32:36.099] [info] Controller idle = 1
[2026-07-06 00:32:36.099] [info] Controller idle = 44
[2026-07-06 00:32:36.099] [info] Controller idle = 315
[2026-07-06 00:32:36.099] [info] Controller idle = 960
[2026-07-06 00:32:36.099] [info] Controller idle = 9
[2026-07-06 00:32:36.099] [info] Controller idle = 1
[2026-07-06 00:32:36.099] [info] Controller idle = 195
[2026-07-06 00:32:36.099] [info] Controller idle = 302
[2026-07-06 00:32:36.099] [info] Controller idle = 162
[2026-07-06 00:32:36.099] [info] Controller idle = 296
[2026-07-06 00:32:36.099] [info] Controller idle = 174
[2026-07-06 00:32:36.099] [info] Controller idle = 306
[2026-07-06 00:32:36.099] [info] Controller idle = 148
[2026-07-06 00:32:36.099] [info] Controller idle = 3853
[2026-07-06 00:32:36.099] [info] Controller idle = 265
[2026-07-06 00:32:36.099] [info] Controller idle = 1
[2026-07-06 00:32:36.099] [info] Controller idle = 1
[2026-07-06 00:32:36.099] [info] Controller idle = 26
[2026-07-06 00:32:36.099] [info] Controller idle = 10
[2026-07-06 00:32:36.099] [info] Controller idle = 8
[2026-07-06 00:32:36.099] [info] Controller idle = 4
[2026-07-06 00:32:36.099] [info] Controller idle = 5
[2026-07-06 00:32:36.099] [info] Controller idle = 3
[2026-07-06 00:32:36.099] [info] Controller idle = 2
[2026-07-06 00:32:36.099] [info] Controller idle = 2
[2026-07-06 00:32:36.099] [info] Controller idle = 10
[2026-07-06 00:32:36.099] [info] Controller idle = 4
[2026-07-06 00:32:36.099] [info] Controller idle = 3128
[2026-07-06 00:32:36.099] [info] Controller idle = 2
[2026-07-06 00:32:36.099] [info] Controller idle = 1
[2026-07-06 00:32:36.099] [info] Controller idle = 3
[2026-07-06 00:32:36.099] [info] Controller idle = 9
[2026-07-06 00:32:36.099] [info] Controller idle = 1131
[2026-07-06 00:32:36.099] [info] Controller idle = 936
[2026-07-06 00:32:36.099] [info] Controller idle = 2116
[2026-07-06 00:32:36.099] [info] Controller idle = 657
[2026-07-06 00:32:36.099] [info] Controller idle = 1281
[2026-07-06 00:32:36.099] [info] Controller idle = 473
[2026-07-06 00:32:36.099] [info] Controller idle = 1191
[2026-07-06 00:32:36.099] [info] Controller idle = 33
[2026-07-06 00:32:36.099] [info] Controller idle = 4198
[2026-07-06 00:32:36.099] [info] Controller idle = 36
[2026-07-06 00:32:36.099] [info] Controller idle = 2771
[2026-07-06 00:32:36.099] [info] Controller idle = 3674
[2026-07-06 00:32:36.099] [info] Controller idle = 34
[2026-07-06 00:32:36.099] [info] Controller idle = 1445
[2026-07-06 00:32:36.099] [info] Controller idle = 2752
[2026-07-06 00:32:36.099] [info] Controller idle = 663
[2026-07-06 00:32:36.099] [info] Controller idle = 1311
[2026-07-06 00:32:36.099] [info] Controller idle = 1514
[2026-07-06 00:32:36.099] [info] Controller idle = 15
[2026-07-06 00:32:36.099] [info] Controller idle = 34
[2026-07-06 00:32:36.099] [info] Controller idle = 1
[2026-07-06 00:32:36.099] [info] Controller idle = 529
[2026-07-06 00:32:36.099] [info] Controller idle = 3850
[2026-07-06 00:32:36.099] [info] Controller idle = 29
[2026-07-06 00:32:36.099] [info] Controller idle = 1
[2026-07-06 00:32:36.099] [info] Controller idle = 2607
[2026-07-06 00:32:36.099] [info] Controller idle = 3691
[2026-07-06 00:32:36.099] [info] Controller idle = 37
[2026-07-06 00:32:36.099] [info] Controller idle = 1
[2026-07-06 00:32:36.099] [info] Controller idle = 521
[2026-07-06 00:32:36.099] [info] Controller idle = 698
[2026-07-06 00:32:36.099] [info] Controller idle = 2959
[2026-07-06 00:32:36.099] [info] Controller idle = 592
[2026-07-06 00:32:36.099] [info] Controller idle = 1291
[2026-07-06 00:32:36.099] [info] Controller idle = 1499
[2026-07-06 00:32:36.099] [info] Controller idle = 33
[2026-07-06 00:32:36.099] [info] Controller idle = 4059
[2026-07-06 00:32:36.099] [info] Controller idle = 54
[2026-07-06 00:32:36.099] [info] Controller idle = 6790
[2026-07-06 00:32:36.099] [info] Controller idle = 34
[2026-07-06 00:32:36.099] [info] Controller idle = 573
[2026-07-06 00:32:36.099] [info] Controller idle = 3673
[2026-07-06 00:32:36.099] [info] Controller idle = 650
[2026-07-06 00:32:36.099] [info] Controller idle = 1306
[2026-07-06 00:32:36.099] [info] Controller idle = 1483
[2026-07-06 00:32:36.099] [info] Controller idle = 33
[2026-07-06 00:32:36.099] [info] Controller idle = 3
[2026-07-06 00:32:36.099] [info] Controller idle = 4280
[2026-07-06 00:32:36.099] [info] Controller idle = 32
[2026-07-06 00:32:36.099] [info] Controller idle = 6444
[2026-07-06 00:32:36.099] [info] Controller idle = 35
[2026-07-06 00:32:36.099] [info] Controller idle = 449
[2026-07-06 00:32:36.099] [info] Controller idle = 3675
[2026-07-06 00:32:36.099] [info] Controller idle = 662
[2026-07-06 00:32:36.099] [info] Controller idle = 1283
[2026-07-06 00:32:36.099] [info] Controller idle = 3
[2026-07-06 00:32:36.099] [info] Controller idle = 1524
[2026-07-06 00:32:36.099] [info] Controller idle = 33
[2026-07-06 00:32:36.099] [info] Controller idle = 1
[2026-07-06 00:32:36.099] [info] Controller idle = 4362
[2026-07-06 00:32:36.099] [info] Controller idle = 34
[2026-07-06 00:32:36.099] [info] Controller idle = 6177
[2026-07-06 00:32:36.099] [info] Controller idle = 34
[2026-07-06 00:32:36.099] [info] Controller idle = 4374
[2026-07-06 00:32:36.099] [info] Controller idle = 658
[2026-07-06 00:32:36.099] [info] Controller idle = 1319
[2026-07-06 00:32:36.099] [info] Controller idle = 1450
[2026-07-06 00:32:36.099] [info] Controller idle = 33
[2026-07-06 00:32:36.099] [info] Controller idle = 1
[2026-07-06 00:32:36.099] [info] Controller idle = 4870
[2026-07-06 00:32:36.099] [info] Controller idle = 31
[2026-07-06 00:32:36.099] [info] Controller idle = 1
[2026-07-06 00:32:36.099] [info] Controller idle = 6320
[2026-07-06 00:32:36.099] [info] Controller idle = 38
[2026-07-06 00:32:36.099] [info] Controller idle = 4276
[2026-07-06 00:32:36.099] [info] Controller idle = 623
[2026-07-06 00:32:36.099] [info] Controller idle = 1271
[2026-07-06 00:32:36.099] [info] Controller idle = 1
[2026-07-06 00:32:36.099] [info] Controller idle = 1527
[2026-07-06 00:32:36.099] [info] Controller idle = 35
[2026-07-06 00:32:36.099] [info] Controller idle = 1020
[2026-07-06 00:32:36.099] [info] Controller idle = 3165
[2026-07-06 00:32:36.099] [info] Controller idle = 37
[2026-07-06 00:32:36.099] [info] Controller idle = 6239
[2026-07-06 00:32:36.099] [info] Controller idle = 33
[2026-07-06 00:32:36.099] [info] Controller idle = 535
[2026-07-06 00:32:36.099] [info] Controller idle = 3674
[2026-07-06 00:32:36.099] [info] Controller idle = 635
[2026-07-06 00:32:36.099] [info] Controller idle = 1001
[2026-07-06 00:32:36.099] [info] Controller idle = 268
[2026-07-06 00:32:36.099] [info] Controller idle = 21
[2026-07-06 00:32:36.099] [info] Controller idle = 1432
[2026-07-06 00:32:36.099] [info] Controller idle = 34
[2026-07-06 00:32:36.099] [info] Controller idle = 1
[2026-07-06 00:32:36.099] [info] Controller idle = 4026
[2026-07-06 00:32:36.099] [info] Controller idle = 31
[2026-07-06 00:32:36.099] [info] Controller idle = 6453
[2026-07-06 00:32:36.099] [info] Controller idle = 33
[2026-07-06 00:32:36.099] [info] Controller idle = 806
[2026-07-06 00:32:36.099] [info] Controller idle = 904
[2026-07-06 00:32:36.099] [info] Controller idle = 2753
[2026-07-06 00:32:36.099] [info] Controller idle = 648
[2026-07-06 00:32:36.099] [info] Controller idle = 1316
[2026-07-06 00:32:36.099] [info] Controller idle = 1475
[2026-07-06 00:32:36.099] [info] Controller idle = 33
[2026-07-06 00:32:36.099] [info] Controller idle = 1287
[2026-07-06 00:32:36.099] [info] Controller idle = 2837
[2026-07-06 00:32:36.099] [info] Controller idle = 3
[2026-07-06 00:32:36.099] [info] Controller idle = 34
[2026-07-06 00:32:36.099] [info] Controller idle = 6598
[2026-07-06 00:32:36.099] [info] Controller idle = 34
[2026-07-06 00:32:36.099] [info] Controller idle = 2348
[2026-07-06 00:32:36.099] [info] Controller idle = 1701
[2026-07-06 00:32:36.099] [info] Controller idle = 128
[2026-07-06 00:32:36.099] [info] Controller idle = 603
[2026-07-06 00:32:36.099] [info] Controller idle = 1265
[2026-07-06 00:32:36.099] [info] Controller idle = 430
[2026-07-06 00:32:36.099] [info] Controller idle = 1014
[2026-07-06 00:32:36.099] [info] Controller idle = 38
[2026-07-06 00:32:36.099] [info] Controller idle = 1486
[2026-07-06 00:32:36.099] [info] Controller idle = 2795
[2026-07-06 00:32:36.099] [info] Controller idle = 30
[2026-07-06 00:32:36.099] [info] Controller idle = 6494
[2026-07-06 00:32:36.099] [info] Controller idle = 33
[2026-07-06 00:32:36.099] [info] Controller idle = 550
[2026-07-06 00:32:36.099] [info] Controller idle = 710
[2026-07-06 00:32:36.099] [info] Controller idle = 2946
[2026-07-06 00:32:36.099] [info] Controller idle = 647
[2026-07-06 00:32:36.099] [info] Controller idle = 1320
[2026-07-06 00:32:36.099] [info] Controller idle = 3
[2026-07-06 00:32:36.099] [info] Controller idle = 428
[2026-07-06 00:32:36.099] [info] Controller idle = 933
[2026-07-06 00:32:36.099] [info] Controller idle = 33
[2026-07-06 00:32:36.099] [info] Controller idle = 845
[2026-07-06 00:32:36.099] [info] Controller idle = 3088
[2026-07-06 00:32:36.099] [info] Controller idle = 47
[2026-07-06 00:32:36.099] [info] Controller idle = 2737
[2026-07-06 00:32:36.099] [info] Controller idle = 3674
[2026-07-06 00:32:36.099] [info] Controller idle = 34
[2026-07-06 00:32:36.099] [info] Controller idle = 462
[2026-07-06 00:32:36.099] [info] Controller idle = 904
[2026-07-06 00:32:36.099] [info] Controller idle = 2752
[2026-07-06 00:32:36.099] [info] Controller idle = 609
[2026-07-06 00:32:36.099] [info] Controller idle = 1286
[2026-07-06 00:32:36.099] [info] Controller idle = 3
[2026-07-06 00:32:36.099] [info] Controller idle = 19
[2026-07-06 00:32:36.099] [info] Controller idle = 341
[2026-07-06 00:32:36.099] [info] Controller idle = 995
[2026-07-06 00:32:36.099] [info] Controller idle = 33
[2026-07-06 00:32:36.099] [info] Controller idle = 4140
[2026-07-06 00:32:36.099] [info] Controller idle = 32
[2026-07-06 00:32:36.099] [info] Controller idle = 2510
[2026-07-06 00:32:36.099] [info] Controller idle = 3684
[2026-07-06 00:32:36.099] [info] Controller idle = 40
[2026-07-06 00:32:36.099] [info] Controller idle = 1418
[2026-07-06 00:32:36.099] [info] Controller idle = 137
[2026-07-06 00:32:36.099] [info] Controller idle = 3675
[2026-07-06 00:32:36.099] [info] Controller idle = 619
[2026-07-06 00:32:36.099] [info] Controller idle = 1294
[2026-07-06 00:32:36.099] [info] Controller idle = 1494
[2026-07-06 00:32:36.099] [info] Controller idle = 34
[2026-07-06 00:32:36.099] [info] Controller idle = 1
[2026-07-06 00:32:36.099] [info] Controller idle = 4167
[2026-07-06 00:32:36.100] [info] Controller idle = 35
[2026-07-06 00:32:36.100] [info] Controller idle = 2802
[2026-07-06 00:32:36.100] [info] Controller idle = 3672
[2026-07-06 00:32:36.100] [info] Controller idle = 34
[2026-07-06 00:32:36.100] [info] Controller idle = 1231
[2026-07-06 00:32:36.100] [info] Controller idle = 2912
[2026-07-06 00:32:36.100] [info] Controller idle = 631
[2026-07-06 00:32:36.100] [info] Controller idle = 1326
[2026-07-06 00:32:36.100] [info] Controller idle = 1426
[2026-07-06 00:32:36.100] [info] Controller idle = 34
[2026-07-06 00:32:36.100] [info] Controller idle = 4109
[2026-07-06 00:32:36.100] [info] Controller idle = 30
[2026-07-06 00:32:36.100] [info] Controller idle = 6296
[2026-07-06 00:32:36.100] [info] Controller idle = 42
[2026-07-06 00:32:36.100] [info] Controller idle = 12
MemorySystem:
  impl: GenericDRAM
  total_num_other_requests: 0
  total_num_write_requests: 5467
  total_num_read_requests: 442043
  memory_system_cycles: 1104017

  DRAM:
    impl: HBM2
    dram_commands: 799355
  AddrMapper:
    impl: RoBaRaCoCh
  Controller:
    impl: Generic
    id: Channel 0
    Scheduler:
      impl: FRFCFS
    RefreshManager:
      impl: AllBank



Frontend:
  impl: GEM5

[2026-07-06 00:32:36.100] [info] Row hits: 269943, Row misses: 1334, Row conflicts: 175105
[2026-07-06 00:32:36.100] [info] Controller idle = 11
[2026-07-06 00:32:36.100] [info] Controller idle = 126
[2026-07-06 00:32:36.100] [info] Controller idle = 768
[2026-07-06 00:32:36.100] [info] Controller idle = 228
[2026-07-06 00:32:36.100] [info] Controller idle = 156
[2026-07-06 00:32:36.100] [info] Controller idle = 277
[2026-07-06 00:32:36.100] [info] Controller idle = 191
[2026-07-06 00:32:36.100] [info] Controller idle = 238
[2026-07-06 00:32:36.100] [info] Controller idle = 199
[2026-07-06 00:32:36.100] [info] Controller idle = 258
[2026-07-06 00:32:36.100] [info] Controller idle = 194
[2026-07-06 00:32:36.100] [info] Controller idle = 1145
[2026-07-06 00:32:36.100] [info] Controller idle = 1475
[2026-07-06 00:32:36.100] [info] Controller idle = 1
[2026-07-06 00:32:36.100] [info] Controller idle = 1
[2026-07-06 00:32:36.100] [info] Controller idle = 1
[2026-07-06 00:32:36.100] [info] Controller idle = 118
[2026-07-06 00:32:36.100] [info] Controller idle = 20
[2026-07-06 00:32:36.100] [info] Controller idle = 18
[2026-07-06 00:32:36.100] [info] Controller idle = 10
[2026-07-06 00:32:36.100] [info] Controller idle = 3
[2026-07-06 00:32:36.100] [info] Controller idle = 10
[2026-07-06 00:32:36.100] [info] Controller idle = 1
[2026-07-06 00:32:36.100] [info] Controller idle = 3
[2026-07-06 00:32:36.100] [info] Controller idle = 47
[2026-07-06 00:32:36.100] [info] Controller idle = 2
[2026-07-06 00:32:36.100] [info] Controller idle = 1
[2026-07-06 00:32:36.100] [info] Controller idle = 1511
[2026-07-06 00:32:36.100] [info] Controller idle = 2
[2026-07-06 00:32:36.100] [info] Controller idle = 1
[2026-07-06 00:32:36.100] [info] Controller idle = 4
[2026-07-06 00:32:36.100] [info] Controller idle = 1
[2026-07-06 00:32:36.100] [info] Controller idle = 1
[2026-07-06 00:32:36.100] [info] Controller idle = 2
[2026-07-06 00:32:36.100] [info] Controller idle = 5
[2026-07-06 00:32:36.100] [info] Controller idle = 1
[2026-07-06 00:32:36.100] [info] Controller idle = 312
[2026-07-06 00:32:36.100] [info] Controller idle = 961
[2026-07-06 00:32:36.100] [info] Controller idle = 176
[2026-07-06 00:32:36.100] [info] Controller idle = 325
[2026-07-06 00:32:36.100] [info] Controller idle = 181
[2026-07-06 00:32:36.100] [info] Controller idle = 308
[2026-07-06 00:32:36.100] [info] Controller idle = 159
[2026-07-06 00:32:36.100] [info] Controller idle = 330
[2026-07-06 00:32:36.100] [info] Controller idle = 175
[2026-07-06 00:32:36.100] [info] Controller idle = 37
[2026-07-06 00:32:36.100] [info] Controller idle = 4063
[2026-07-06 00:32:36.100] [info] Controller idle = 1
[2026-07-06 00:32:36.100] [info] Controller idle = 257
[2026-07-06 00:32:36.100] [info] Controller idle = 1
[2026-07-06 00:32:36.100] [info] Controller idle = 1
[2026-07-06 00:32:36.100] [info] Controller idle = 16
[2026-07-06 00:32:36.100] [info] Controller idle = 5
[2026-07-06 00:32:36.100] [info] Controller idle = 5
[2026-07-06 00:32:36.100] [info] Controller idle = 1
[2026-07-06 00:32:36.100] [info] Controller idle = 2
[2026-07-06 00:32:36.100] [info] Controller idle = 1
[2026-07-06 00:32:36.100] [info] Controller idle = 2
[2026-07-06 00:32:36.100] [info] Controller idle = 3
[2026-07-06 00:32:36.100] [info] Controller idle = 1
[2026-07-06 00:32:36.100] [info] Controller idle = 1
[2026-07-06 00:32:36.100] [info] Controller idle = 14
[2026-07-06 00:32:36.100] [info] Controller idle = 1
[2026-07-06 00:32:36.100] [info] Controller idle = 7
[2026-07-06 00:32:36.100] [info] Controller idle = 6
[2026-07-06 00:32:36.100] [info] Controller idle = 3135
[2026-07-06 00:32:36.100] [info] Controller idle = 3
[2026-07-06 00:32:36.100] [info] Controller idle = 10
[2026-07-06 00:32:36.100] [info] Controller idle = 5
[2026-07-06 00:32:36.100] [info] Controller idle = 1500
[2026-07-06 00:32:36.100] [info] Controller idle = 2753
[2026-07-06 00:32:36.100] [info] Controller idle = 641
[2026-07-06 00:32:36.100] [info] Controller idle = 1310
[2026-07-06 00:32:36.100] [info] Controller idle = 6
[2026-07-06 00:32:36.100] [info] Controller idle = 458
[2026-07-06 00:32:36.100] [info] Controller idle = 1196
[2026-07-06 00:32:36.100] [info] Controller idle = 33
[2026-07-06 00:32:36.100] [info] Controller idle = 4213
[2026-07-06 00:32:36.100] [info] Controller idle = 29
[2026-07-06 00:32:36.100] [info] Controller idle = 2585
[2026-07-06 00:32:36.100] [info] Controller idle = 3780
[2026-07-06 00:32:36.100] [info] Controller idle = 34
[2026-07-06 00:32:36.100] [info] Controller idle = 521
[2026-07-06 00:32:36.100] [info] Controller idle = 714
[2026-07-06 00:32:36.100] [info] Controller idle = 2942
[2026-07-06 00:32:36.100] [info] Controller idle = 662
[2026-07-06 00:32:36.100] [info] Controller idle = 1300
[2026-07-06 00:32:36.100] [info] Controller idle = 9
[2026-07-06 00:32:36.100] [info] Controller idle = 1524
[2026-07-06 00:32:36.100] [info] Controller idle = 34
[2026-07-06 00:32:36.100] [info] Controller idle = 1
[2026-07-06 00:32:36.100] [info] Controller idle = 4240
[2026-07-06 00:32:36.100] [info] Controller idle = 28
[2026-07-06 00:32:36.100] [info] Controller idle = 2
[2026-07-06 00:32:36.100] [info] Controller idle = 2572
[2026-07-06 00:32:36.100] [info] Controller idle = 3673
[2026-07-06 00:32:36.100] [info] Controller idle = 33
[2026-07-06 00:32:36.100] [info] Controller idle = 1372
[2026-07-06 00:32:36.100] [info] Controller idle = 2904
[2026-07-06 00:32:36.100] [info] Controller idle = 582
[2026-07-06 00:32:36.100] [info] Controller idle = 1287
[2026-07-06 00:32:36.100] [info] Controller idle = 1495
[2026-07-06 00:32:36.100] [info] Controller idle = 33
[2026-07-06 00:32:36.100] [info] Controller idle = 4142
[2026-07-06 00:32:36.100] [info] Controller idle = 46
[2026-07-06 00:32:36.100] [info] Controller idle = 6318
[2026-07-06 00:32:36.100] [info] Controller idle = 34
[2026-07-06 00:32:36.100] [info] Controller idle = 4167
[2026-07-06 00:32:36.100] [info] Controller idle = 649
[2026-07-06 00:32:36.100] [info] Controller idle = 1326
[2026-07-06 00:32:36.100] [info] Controller idle = 432
[2026-07-06 00:32:36.100] [info] Controller idle = 1033
[2026-07-06 00:32:36.100] [info] Controller idle = 39
[2026-07-06 00:32:36.100] [info] Controller idle = 4499
[2026-07-06 00:32:36.100] [info] Controller idle = 31
[2026-07-06 00:32:36.100] [info] Controller idle = 6318
[2026-07-06 00:32:36.100] [info] Controller idle = 36
[2026-07-06 00:32:36.100] [info] Controller idle = 4314
[2026-07-06 00:32:36.100] [info] Controller idle = 661
[2026-07-06 00:32:36.100] [info] Controller idle = 1290
[2026-07-06 00:32:36.100] [info] Controller idle = 8
[2026-07-06 00:32:36.100] [info] Controller idle = 1510
[2026-07-06 00:32:36.100] [info] Controller idle = 33
[2026-07-06 00:32:36.100] [info] Controller idle = 1
[2026-07-06 00:32:36.100] [info] Controller idle = 4337
[2026-07-06 00:32:36.100] [info] Controller idle = 36
[2026-07-06 00:32:36.100] [info] Controller idle = 6317
[2026-07-06 00:32:36.100] [info] Controller idle = 34
[2026-07-06 00:32:36.100] [info] Controller idle = 558
[2026-07-06 00:32:36.100] [info] Controller idle = 3673
[2026-07-06 00:32:36.100] [info] Controller idle = 659
[2026-07-06 00:32:36.100] [info] Controller idle = 1294
[2026-07-06 00:32:36.100] [info] Controller idle = 2
[2026-07-06 00:32:36.100] [info] Controller idle = 1448
[2026-07-06 00:32:36.100] [info] Controller idle = 33
[2026-07-06 00:32:36.100] [info] Controller idle = 1
[2026-07-06 00:32:36.100] [info] Controller idle = 2079
[2026-07-06 00:32:36.100] [info] Controller idle = 2904
[2026-07-06 00:32:36.100] [info] Controller idle = 31
[2026-07-06 00:32:36.100] [info] Controller idle = 6302
[2026-07-06 00:32:36.100] [info] Controller idle = 36
[2026-07-06 00:32:36.100] [info] Controller idle = 583
[2026-07-06 00:32:36.100] [info] Controller idle = 3675
[2026-07-06 00:32:36.100] [info] Controller idle = 647
[2026-07-06 00:32:36.100] [info] Controller idle = 1281
[2026-07-06 00:32:36.100] [info] Controller idle = 1549
[2026-07-06 00:32:36.100] [info] Controller idle = 35
[2026-07-06 00:32:36.100] [info] Controller idle = 2610
[2026-07-06 00:32:36.100] [info] Controller idle = 1828
[2026-07-06 00:32:36.100] [info] Controller idle = 33
[2026-07-06 00:32:36.100] [info] Controller idle = 6369
[2026-07-06 00:32:36.100] [info] Controller idle = 33
[2026-07-06 00:32:36.100] [info] Controller idle = 4198
[2026-07-06 00:32:36.100] [info] Controller idle = 653
[2026-07-06 00:32:36.100] [info] Controller idle = 1262
[2026-07-06 00:32:36.100] [info] Controller idle = 1461
[2026-07-06 00:32:36.100] [info] Controller idle = 33
[2026-07-06 00:32:36.100] [info] Controller idle = 1303
[2026-07-06 00:32:36.100] [info] Controller idle = 2827
[2026-07-06 00:32:36.100] [info] Controller idle = 33
[2026-07-06 00:32:36.100] [info] Controller idle = 6496
[2026-07-06 00:32:36.100] [info] Controller idle = 33
[2026-07-06 00:32:36.100] [info] Controller idle = 4414
[2026-07-06 00:32:36.100] [info] Controller idle = 624
[2026-07-06 00:32:36.100] [info] Controller idle = 1309
[2026-07-06 00:32:36.100] [info] Controller idle = 1484
[2026-07-06 00:32:36.100] [info] Controller idle = 33
[2026-07-06 00:32:36.100] [info] Controller idle = 1165
[2026-07-06 00:32:36.100] [info] Controller idle = 3037
[2026-07-06 00:32:36.100] [info] Controller idle = 35
[2026-07-06 00:32:36.100] [info] Controller idle = 6962
[2026-07-06 00:32:36.100] [info] Controller idle = 34
[2026-07-06 00:32:36.100] [info] Controller idle = 571
[2026-07-06 00:32:36.100] [info] Controller idle = 904
[2026-07-06 00:32:36.100] [info] Controller idle = 1701
[2026-07-06 00:32:36.100] [info] Controller idle = 1050
[2026-07-06 00:32:36.100] [info] Controller idle = 556
[2026-07-06 00:32:36.100] [info] Controller idle = 1285
[2026-07-06 00:32:36.100] [info] Controller idle = 530
[2026-07-06 00:32:36.100] [info] Controller idle = 937
[2026-07-06 00:32:36.100] [info] Controller idle = 33
[2026-07-06 00:32:36.100] [info] Controller idle = 1108
[2026-07-06 00:32:36.100] [info] Controller idle = 2959
[2026-07-06 00:32:36.100] [info] Controller idle = 33
[2026-07-06 00:32:36.100] [info] Controller idle = 6469
[2026-07-06 00:32:36.100] [info] Controller idle = 33
[2026-07-06 00:32:36.100] [info] Controller idle = 2115
[2026-07-06 00:32:36.100] [info] Controller idle = 2024
[2026-07-06 00:32:36.100] [info] Controller idle = 623
[2026-07-06 00:32:36.100] [info] Controller idle = 1343
[2026-07-06 00:32:36.100] [info] Controller idle = 478
[2026-07-06 00:32:36.100] [info] Controller idle = 905
[2026-07-06 00:32:36.100] [info] Controller idle = 33
[2026-07-06 00:32:36.100] [info] Controller idle = 4369
[2026-07-06 00:32:36.100] [info] Controller idle = 52
[2026-07-06 00:32:36.100] [info] Controller idle = 2483
[2026-07-06 00:32:36.100] [info] Controller idle = 3727
[2026-07-06 00:32:36.100] [info] Controller idle = 34
[2026-07-06 00:32:36.100] [info] Controller idle = 4160
[2026-07-06 00:32:36.100] [info] Controller idle = 618
[2026-07-06 00:32:36.100] [info] Controller idle = 1295
[2026-07-06 00:32:36.100] [info] Controller idle = 301
[2026-07-06 00:32:36.100] [info] Controller idle = 1049
[2026-07-06 00:32:36.100] [info] Controller idle = 33
[2026-07-06 00:32:36.100] [info] Controller idle = 4183
[2026-07-06 00:32:36.100] [info] Controller idle = 34
[2026-07-06 00:32:36.100] [info] Controller idle = 2561
[2026-07-06 00:32:36.100] [info] Controller idle = 3673
[2026-07-06 00:32:36.100] [info] Controller idle = 34
[2026-07-06 00:32:36.100] [info] Controller idle = 723
[2026-07-06 00:32:36.100] [info] Controller idle = 726
[2026-07-06 00:32:36.100] [info] Controller idle = 3851
[2026-07-06 00:32:36.100] [info] Controller idle = 618
[2026-07-06 00:32:36.100] [info] Controller idle = 1292
[2026-07-06 00:32:36.100] [info] Controller idle = 1490
[2026-07-06 00:32:36.100] [info] Controller idle = 34
[2026-07-06 00:32:36.100] [info] Controller idle = 1
[2026-07-06 00:32:36.100] [info] Controller idle = 258
[2026-07-06 00:32:36.100] [info] Controller idle = 3849
[2026-07-06 00:32:36.100] [info] Controller idle = 32
[2026-07-06 00:32:36.100] [info] Controller idle = 6194
[2026-07-06 00:32:36.100] [info] Controller idle = 34
[2026-07-06 00:32:36.100] [info] Controller idle = 554
[2026-07-06 00:32:36.100] [info] Controller idle = 3674
[2026-07-06 00:32:36.100] [info] Controller idle = 604
[2026-07-06 00:32:36.100] [info] Controller idle = 1308
[2026-07-06 00:32:36.100] [info] Controller idle = 1432
[2026-07-06 00:32:36.100] [info] Controller idle = 34
[2026-07-06 00:32:36.100] [info] Controller idle = 4076
[2026-07-06 00:32:36.100] [info] Controller idle = 27
[2026-07-06 00:32:36.100] [info] Controller idle = 6220
[2026-07-06 00:32:36.100] [info] Controller idle = 42
[2026-07-06 00:32:36.100] [info] Controller idle = 10
MemorySystem:
  impl: GenericDRAM
  total_num_other_requests: 0
  total_num_write_requests: 5477
  total_num_read_requests: 441991
  memory_system_cycles: 1104017

  DRAM:
    impl: HBM2
    dram_commands: 799220
  AddrMapper:
    impl: RoBaRaCoCh
  Controller:
    impl: Generic
    id: Channel 0
    Scheduler:
      impl: FRFCFS
    RefreshManager:
      impl: AllBank



Frontend:
  impl: GEM5

[2026-07-06 00:32:36.100] [info] Row hits: 270382, Row misses: 1370, Row conflicts: 174653
[2026-07-06 00:32:36.100] [info] Controller idle = 11
[2026-07-06 00:32:36.100] [info] Controller idle = 15
[2026-07-06 00:32:36.100] [info] Controller idle = 777
[2026-07-06 00:32:36.100] [info] Controller idle = 224
[2026-07-06 00:32:36.100] [info] Controller idle = 166
[2026-07-06 00:32:36.100] [info] Controller idle = 287
[2026-07-06 00:32:36.100] [info] Controller idle = 178
[2026-07-06 00:32:36.100] [info] Controller idle = 230
[2026-07-06 00:32:36.100] [info] Controller idle = 196
[2026-07-06 00:32:36.100] [info] Controller idle = 264
[2026-07-06 00:32:36.100] [info] Controller idle = 183
[2026-07-06 00:32:36.100] [info] Controller idle = 1192
[2026-07-06 00:32:36.100] [info] Controller idle = 1495
[2026-07-06 00:32:36.100] [info] Controller idle = 2
[2026-07-06 00:32:36.100] [info] Controller idle = 109
[2026-07-06 00:32:36.100] [info] Controller idle = 15
[2026-07-06 00:32:36.100] [info] Controller idle = 3
[2026-07-06 00:32:36.100] [info] Controller idle = 1
[2026-07-06 00:32:36.100] [info] Controller idle = 2
[2026-07-06 00:32:36.100] [info] Controller idle = 22
[2026-07-06 00:32:36.100] [info] Controller idle = 12
[2026-07-06 00:32:36.100] [info] Controller idle = 2
[2026-07-06 00:32:36.100] [info] Controller idle = 1
[2026-07-06 00:32:36.100] [info] Controller idle = 1
[2026-07-06 00:32:36.100] [info] Controller idle = 8
[2026-07-06 00:32:36.100] [info] Controller idle = 7
[2026-07-06 00:32:36.100] [info] Controller idle = 1
[2026-07-06 00:32:36.100] [info] Controller idle = 42
[2026-07-06 00:32:36.100] [info] Controller idle = 2
[2026-07-06 00:32:36.100] [info] Controller idle = 1
[2026-07-06 00:32:36.100] [info] Controller idle = 1520
[2026-07-06 00:32:36.100] [info] Controller idle = 2
[2026-07-06 00:32:36.100] [info] Controller idle = 5
[2026-07-06 00:32:36.100] [info] Controller idle = 4
[2026-07-06 00:32:36.100] [info] Controller idle = 3
[2026-07-06 00:32:36.100] [info] Controller idle = 4
[2026-07-06 00:32:36.100] [info] Controller idle = 1
[2026-07-06 00:32:36.100] [info] Controller idle = 9
[2026-07-06 00:32:36.100] [info] Controller idle = 1
[2026-07-06 00:32:36.100] [info] Controller idle = 90
[2026-07-06 00:32:36.100] [info] Controller idle = 964
[2026-07-06 00:32:36.100] [info] Controller idle = 1
[2026-07-06 00:32:36.100] [info] Controller idle = 173
[2026-07-06 00:32:36.100] [info] Controller idle = 318
[2026-07-06 00:32:36.100] [info] Controller idle = 182
[2026-07-06 00:32:36.100] [info] Controller idle = 296
[2026-07-06 00:32:36.100] [info] Controller idle = 161
[2026-07-06 00:32:36.100] [info] Controller idle = 295
[2026-07-06 00:32:36.100] [info] Controller idle = 173
[2026-07-06 00:32:36.100] [info] Controller idle = 44
[2026-07-06 00:32:36.100] [info] Controller idle = 4408
[2026-07-06 00:32:36.100] [info] Controller idle = 4
[2026-07-06 00:32:36.100] [info] Controller idle = 258
[2026-07-06 00:32:36.100] [info] Controller idle = 3
[2026-07-06 00:32:36.100] [info] Controller idle = 1
[2026-07-06 00:32:36.100] [info] Controller idle = 15
[2026-07-06 00:32:36.100] [info] Controller idle = 3
[2026-07-06 00:32:36.100] [info] Controller idle = 1
[2026-07-06 00:32:36.100] [info] Controller idle = 3
[2026-07-06 00:32:36.100] [info] Controller idle = 3
[2026-07-06 00:32:36.100] [info] Controller idle = 1
[2026-07-06 00:32:36.100] [info] Controller idle = 3
[2026-07-06 00:32:36.100] [info] Controller idle = 1
[2026-07-06 00:32:36.100] [info] Controller idle = 1
[2026-07-06 00:32:36.100] [info] Controller idle = 1
[2026-07-06 00:32:36.100] [info] Controller idle = 1
[2026-07-06 00:32:36.100] [info] Controller idle = 5
[2026-07-06 00:32:36.100] [info] Controller idle = 17
[2026-07-06 00:32:36.100] [info] Controller idle = 5
[2026-07-06 00:32:36.100] [info] Controller idle = 3129
[2026-07-06 00:32:36.100] [info] Controller idle = 7
[2026-07-06 00:32:36.100] [info] Controller idle = 1
[2026-07-06 00:32:36.100] [info] Controller idle = 8
[2026-07-06 00:32:36.100] [info] Controller idle = 1478
[2026-07-06 00:32:36.100] [info] Controller idle = 2753
[2026-07-06 00:32:36.100] [info] Controller idle = 654
[2026-07-06 00:32:36.100] [info] Controller idle = 1289
[2026-07-06 00:32:36.100] [info] Controller idle = 2
[2026-07-06 00:32:36.100] [info] Controller idle = 475
[2026-07-06 00:32:36.100] [info] Controller idle = 1196
[2026-07-06 00:32:36.100] [info] Controller idle = 33
[2026-07-06 00:32:36.100] [info] Controller idle = 4306
[2026-07-06 00:32:36.100] [info] Controller idle = 29
[2026-07-06 00:32:36.100] [info] Controller idle = 2525
[2026-07-06 00:32:36.100] [info] Controller idle = 3780
[2026-07-06 00:32:36.100] [info] Controller idle = 34
[2026-07-06 00:32:36.100] [info] Controller idle = 594
[2026-07-06 00:32:36.100] [info] Controller idle = 714
[2026-07-06 00:32:36.100] [info] Controller idle = 2942
[2026-07-06 00:32:36.100] [info] Controller idle = 656
[2026-07-06 00:32:36.100] [info] Controller idle = 1329
[2026-07-06 00:32:36.100] [info] Controller idle = 1549
[2026-07-06 00:32:36.100] [info] Controller idle = 34
[2026-07-06 00:32:36.100] [info] Controller idle = 1
[2026-07-06 00:32:36.100] [info] Controller idle = 4283
[2026-07-06 00:32:36.100] [info] Controller idle = 28
[2026-07-06 00:32:36.100] [info] Controller idle = 2
[2026-07-06 00:32:36.100] [info] Controller idle = 2747
[2026-07-06 00:32:36.100] [info] Controller idle = 3673
[2026-07-06 00:32:36.100] [info] Controller idle = 33
[2026-07-06 00:32:36.100] [info] Controller idle = 1333
[2026-07-06 00:32:36.100] [info] Controller idle = 2904
[2026-07-06 00:32:36.100] [info] Controller idle = 582
[2026-07-06 00:32:36.100] [info] Controller idle = 1306
[2026-07-06 00:32:36.100] [info] Controller idle = 7
[2026-07-06 00:32:36.100] [info] Controller idle = 1485
[2026-07-06 00:32:36.100] [info] Controller idle = 33
[2026-07-06 00:32:36.100] [info] Controller idle = 4233
[2026-07-06 00:32:36.100] [info] Controller idle = 46
[2026-07-06 00:32:36.100] [info] Controller idle = 6245
[2026-07-06 00:32:36.100] [info] Controller idle = 34
[2026-07-06 00:32:36.100] [info] Controller idle = 4305
[2026-07-06 00:32:36.100] [info] Controller idle = 648
[2026-07-06 00:32:36.100] [info] Controller idle = 1306
[2026-07-06 00:32:36.100] [info] Controller idle = 1501
[2026-07-06 00:32:36.100] [info] Controller idle = 39
[2026-07-06 00:32:36.100] [info] Controller idle = 4179
[2026-07-06 00:32:36.100] [info] Controller idle = 29
[2026-07-06 00:32:36.100] [info] Controller idle = 6306
[2026-07-06 00:32:36.100] [info] Controller idle = 36
[2026-07-06 00:32:36.100] [info] Controller idle = 4273
[2026-07-06 00:32:36.100] [info] Controller idle = 678
[2026-07-06 00:32:36.100] [info] Controller idle = 1284
[2026-07-06 00:32:36.100] [info] Controller idle = 1
[2026-07-06 00:32:36.100] [info] Controller idle = 8
[2026-07-06 00:32:36.100] [info] Controller idle = 1505
[2026-07-06 00:32:36.100] [info] Controller idle = 33
[2026-07-06 00:32:36.100] [info] Controller idle = 1
[2026-07-06 00:32:36.100] [info] Controller idle = 4570
[2026-07-06 00:32:36.100] [info] Controller idle = 32
[2026-07-06 00:32:36.100] [info] Controller idle = 6188
[2026-07-06 00:32:36.100] [info] Controller idle = 34
[2026-07-06 00:32:36.100] [info] Controller idle = 4193
[2026-07-06 00:32:36.100] [info] Controller idle = 661
[2026-07-06 00:32:36.100] [info] Controller idle = 1295
[2026-07-06 00:32:36.100] [info] Controller idle = 1440
[2026-07-06 00:32:36.100] [info] Controller idle = 33
[2026-07-06 00:32:36.100] [info] Controller idle = 1
[2026-07-06 00:32:36.100] [info] Controller idle = 2185
[2026-07-06 00:32:36.100] [info] Controller idle = 2904
[2026-07-06 00:32:36.100] [info] Controller idle = 29
[2026-07-06 00:32:36.100] [info] Controller idle = 1
[2026-07-06 00:32:36.100] [info] Controller idle = 3
[2026-07-06 00:32:36.100] [info] Controller idle = 1
[2026-07-06 00:32:36.100] [info] Controller idle = 6226
[2026-07-06 00:32:36.100] [info] Controller idle = 34
[2026-07-06 00:32:36.100] [info] Controller idle = 626
[2026-07-06 00:32:36.100] [info] Controller idle = 3675
[2026-07-06 00:32:36.100] [info] Controller idle = 648
[2026-07-06 00:32:36.100] [info] Controller idle = 1286
[2026-07-06 00:32:36.100] [info] Controller idle = 7
[2026-07-06 00:32:36.100] [info] Controller idle = 1520
[2026-07-06 00:32:36.100] [info] Controller idle = 35
[2026-07-06 00:32:36.100] [info] Controller idle = 2494
[2026-07-06 00:32:36.100] [info] Controller idle = 1828
[2026-07-06 00:32:36.100] [info] Controller idle = 35
[2026-07-06 00:32:36.100] [info] Controller idle = 6299
[2026-07-06 00:32:36.100] [info] Controller idle = 33
[2026-07-06 00:32:36.100] [info] Controller idle = 4231
[2026-07-06 00:32:36.100] [info] Controller idle = 673
[2026-07-06 00:32:36.100] [info] Controller idle = 1242
[2026-07-06 00:32:36.100] [info] Controller idle = 1450
[2026-07-06 00:32:36.100] [info] Controller idle = 33
[2026-07-06 00:32:36.100] [info] Controller idle = 1537
[2026-07-06 00:32:36.100] [info] Controller idle = 2827
[2026-07-06 00:32:36.100] [info] Controller idle = 33
[2026-07-06 00:32:36.100] [info] Controller idle = 6224
[2026-07-06 00:32:36.100] [info] Controller idle = 33
[2026-07-06 00:32:36.100] [info] Controller idle = 4475
[2026-07-06 00:32:36.100] [info] Controller idle = 644
[2026-07-06 00:32:36.100] [info] Controller idle = 1293
[2026-07-06 00:32:36.100] [info] Controller idle = 1470
[2026-07-06 00:32:36.100] [info] Controller idle = 33
[2026-07-06 00:32:36.100] [info] Controller idle = 1043
[2026-07-06 00:32:36.100] [info] Controller idle = 3037
[2026-07-06 00:32:36.100] [info] Controller idle = 30
[2026-07-06 00:32:36.100] [info] Controller idle = 7003
[2026-07-06 00:32:36.100] [info] Controller idle = 34
[2026-07-06 00:32:36.100] [info] Controller idle = 543
[2026-07-06 00:32:36.100] [info] Controller idle = 904
[2026-07-06 00:32:36.100] [info] Controller idle = 1701
[2026-07-06 00:32:36.100] [info] Controller idle = 1050
[2026-07-06 00:32:36.101] [info] Controller idle = 614
[2026-07-06 00:32:36.101] [info] Controller idle = 1281
[2026-07-06 00:32:36.101] [info] Controller idle = 14
[2026-07-06 00:32:36.101] [info] Controller idle = 1446
[2026-07-06 00:32:36.101] [info] Controller idle = 33
[2026-07-06 00:32:36.101] [info] Controller idle = 1
[2026-07-06 00:32:36.101] [info] Controller idle = 1127
[2026-07-06 00:32:36.101] [info] Controller idle = 2959
[2026-07-06 00:32:36.101] [info] Controller idle = 29
[2026-07-06 00:32:36.101] [info] Controller idle = 6365
[2026-07-06 00:32:36.101] [info] Controller idle = 33
[2026-07-06 00:32:36.101] [info] Controller idle = 2158
[2026-07-06 00:32:36.101] [info] Controller idle = 2024
[2026-07-06 00:32:36.101] [info] Controller idle = 632
[2026-07-06 00:32:36.101] [info] Controller idle = 1325
[2026-07-06 00:32:36.101] [info] Controller idle = 5
[2026-07-06 00:32:36.101] [info] Controller idle = 476
[2026-07-06 00:32:36.101] [info] Controller idle = 905
[2026-07-06 00:32:36.101] [info] Controller idle = 33
[2026-07-06 00:32:36.101] [info] Controller idle = 4097
[2026-07-06 00:32:36.101] [info] Controller idle = 52
[2026-07-06 00:32:36.101] [info] Controller idle = 2793
[2026-07-06 00:32:36.101] [info] Controller idle = 3727
[2026-07-06 00:32:36.101] [info] Controller idle = 34
[2026-07-06 00:32:36.101] [info] Controller idle = 1403
[2026-07-06 00:32:36.101] [info] Controller idle = 2885
[2026-07-06 00:32:36.101] [info] Controller idle = 614
[2026-07-06 00:32:36.101] [info] Controller idle = 1301
[2026-07-06 00:32:36.101] [info] Controller idle = 12
[2026-07-06 00:32:36.101] [info] Controller idle = 2
[2026-07-06 00:32:36.101] [info] Controller idle = 5
[2026-07-06 00:32:36.101] [info] Controller idle = 294
[2026-07-06 00:32:36.101] [info] Controller idle = 125
[2026-07-06 00:32:36.101] [info] Controller idle = 906
[2026-07-06 00:32:36.101] [info] Controller idle = 33
[2026-07-06 00:32:36.101] [info] Controller idle = 4177
[2026-07-06 00:32:36.101] [info] Controller idle = 29
[2026-07-06 00:32:36.101] [info] Controller idle = 2593
[2026-07-06 00:32:36.101] [info] Controller idle = 3673
[2026-07-06 00:32:36.101] [info] Controller idle = 34
[2026-07-06 00:32:36.101] [info] Controller idle = 610
[2026-07-06 00:32:36.101] [info] Controller idle = 4597
[2026-07-06 00:32:36.101] [info] Controller idle = 621
[2026-07-06 00:32:36.101] [info] Controller idle = 1298
[2026-07-06 00:32:36.101] [info] Controller idle = 14
[2026-07-06 00:32:36.101] [info] Controller idle = 1479
[2026-07-06 00:32:36.101] [info] Controller idle = 34
[2026-07-06 00:32:36.101] [info] Controller idle = 1
[2026-07-06 00:32:36.101] [info] Controller idle = 356
[2026-07-06 00:32:36.101] [info] Controller idle = 3849
[2026-07-06 00:32:36.101] [info] Controller idle = 28
[2026-07-06 00:32:36.101] [info] Controller idle = 6255
[2026-07-06 00:32:36.101] [info] Controller idle = 34
[2026-07-06 00:32:36.101] [info] Controller idle = 484
[2026-07-06 00:32:36.101] [info] Controller idle = 730
[2026-07-06 00:32:36.101] [info] Controller idle = 2926
[2026-07-06 00:32:36.101] [info] Controller idle = 624
[2026-07-06 00:32:36.101] [info] Controller idle = 1317
[2026-07-06 00:32:36.101] [info] Controller idle = 2
[2026-07-06 00:32:36.101] [info] Controller idle = 1416
[2026-07-06 00:32:36.101] [info] Controller idle = 34
[2026-07-06 00:32:36.101] [info] Controller idle = 4238
[2026-07-06 00:32:36.101] [info] Controller idle = 27
[2026-07-06 00:32:36.101] [info] Controller idle = 6404
[2026-07-06 00:32:36.101] [info] Controller idle = 39
[2026-07-06 00:32:36.101] [info] Controller idle = 11
MemorySystem:
  impl: GenericDRAM
  total_num_other_requests: 0
  total_num_write_requests: 5477
  total_num_read_requests: 441991
  memory_system_cycles: 1104017

  DRAM:
    impl: HBM2
    dram_commands: 798417
  AddrMapper:
    impl: RoBaRaCoCh
  Controller:
    impl: Generic
    id: Channel 0
    Scheduler:
      impl: FRFCFS
    RefreshManager:
      impl: AllBank



Frontend:
  impl: GEM5

[2026-07-06 00:32:36.101] [info] Row hits: 269854, Row misses: 1332, Row conflicts: 175260
[2026-07-06 00:32:36.101] [info] Controller idle = 11
[2026-07-06 00:32:36.101] [info] Controller idle = 92
[2026-07-06 00:32:36.101] [info] Controller idle = 700
[2026-07-06 00:32:36.101] [info] Controller idle = 286
[2026-07-06 00:32:36.101] [info] Controller idle = 198
[2026-07-06 00:32:36.101] [info] Controller idle = 234
[2026-07-06 00:32:36.101] [info] Controller idle = 171
[2026-07-06 00:32:36.101] [info] Controller idle = 277
[2026-07-06 00:32:36.101] [info] Controller idle = 170
[2026-07-06 00:32:36.101] [info] Controller idle = 250
[2026-07-06 00:32:36.101] [info] Controller idle = 193
[2026-07-06 00:32:36.101] [info] Controller idle = 1226
[2026-07-06 00:32:36.101] [info] Controller idle = 1454
[2026-07-06 00:32:36.101] [info] Controller idle = 125
[2026-07-06 00:32:36.101] [info] Controller idle = 4
[2026-07-06 00:32:36.101] [info] Controller idle = 8
[2026-07-06 00:32:36.101] [info] Controller idle = 1
[2026-07-06 00:32:36.101] [info] Controller idle = 1
[2026-07-06 00:32:36.101] [info] Controller idle = 28
[2026-07-06 00:32:36.101] [info] Controller idle = 5
[2026-07-06 00:32:36.101] [info] Controller idle = 12
[2026-07-06 00:32:36.101] [info] Controller idle = 4
[2026-07-06 00:32:36.101] [info] Controller idle = 57
[2026-07-06 00:32:36.101] [info] Controller idle = 1
[2026-07-06 00:32:36.101] [info] Controller idle = 1497
[2026-07-06 00:32:36.101] [info] Controller idle = 15
[2026-07-06 00:32:36.101] [info] Controller idle = 63
[2026-07-06 00:32:36.101] [info] Controller idle = 966
[2026-07-06 00:32:36.101] [info] Controller idle = 197
[2026-07-06 00:32:36.101] [info] Controller idle = 300
[2026-07-06 00:32:36.101] [info] Controller idle = 156
[2026-07-06 00:32:36.101] [info] Controller idle = 309
[2026-07-06 00:32:36.101] [info] Controller idle = 178
[2026-07-06 00:32:36.101] [info] Controller idle = 322
[2026-07-06 00:32:36.101] [info] Controller idle = 148
[2026-07-06 00:32:36.101] [info] Controller idle = 15
[2026-07-06 00:32:36.101] [info] Controller idle = 3969
[2026-07-06 00:32:36.101] [info] Controller idle = 267
[2026-07-06 00:32:36.101] [info] Controller idle = 1
[2026-07-06 00:32:36.101] [info] Controller idle = 1
[2026-07-06 00:32:36.101] [info] Controller idle = 10
[2026-07-06 00:32:36.101] [info] Controller idle = 10
[2026-07-06 00:32:36.101] [info] Controller idle = 6
[2026-07-06 00:32:36.101] [info] Controller idle = 1
[2026-07-06 00:32:36.101] [info] Controller idle = 2
[2026-07-06 00:32:36.101] [info] Controller idle = 5
[2026-07-06 00:32:36.101] [info] Controller idle = 2
[2026-07-06 00:32:36.101] [info] Controller idle = 11
[2026-07-06 00:32:36.101] [info] Controller idle = 1
[2026-07-06 00:32:36.101] [info] Controller idle = 2
[2026-07-06 00:32:36.101] [info] Controller idle = 3
[2026-07-06 00:32:36.101] [info] Controller idle = 3
[2026-07-06 00:32:36.101] [info] Controller idle = 5
[2026-07-06 00:32:36.101] [info] Controller idle = 5
[2026-07-06 00:32:36.101] [info] Controller idle = 8
[2026-07-06 00:32:36.101] [info] Controller idle = 1
[2026-07-06 00:32:36.101] [info] Controller idle = 3120
[2026-07-06 00:32:36.101] [info] Controller idle = 6
[2026-07-06 00:32:36.101] [info] Controller idle = 4
[2026-07-06 00:32:36.101] [info] Controller idle = 1206
[2026-07-06 00:32:36.101] [info] Controller idle = 936
[2026-07-06 00:32:36.101] [info] Controller idle = 2116
[2026-07-06 00:32:36.101] [info] Controller idle = 656
[2026-07-06 00:32:36.101] [info] Controller idle = 1304
[2026-07-06 00:32:36.101] [info] Controller idle = 475
[2026-07-06 00:32:36.101] [info] Controller idle = 1191
[2026-07-06 00:32:36.101] [info] Controller idle = 33
[2026-07-06 00:32:36.101] [info] Controller idle = 4247
[2026-07-06 00:32:36.101] [info] Controller idle = 34
[2026-07-06 00:32:36.101] [info] Controller idle = 2905
[2026-07-06 00:32:36.101] [info] Controller idle = 3674
[2026-07-06 00:32:36.101] [info] Controller idle = 34
[2026-07-06 00:32:36.101] [info] Controller idle = 4273
[2026-07-06 00:32:36.101] [info] Controller idle = 663
[2026-07-06 00:32:36.101] [info] Controller idle = 1290
[2026-07-06 00:32:36.101] [info] Controller idle = 1508
[2026-07-06 00:32:36.101] [info] Controller idle = 15
[2026-07-06 00:32:36.101] [info] Controller idle = 34
[2026-07-06 00:32:36.101] [info] Controller idle = 1
[2026-07-06 00:32:36.101] [info] Controller idle = 288
[2026-07-06 00:32:36.101] [info] Controller idle = 3850
[2026-07-06 00:32:36.101] [info] Controller idle = 33
[2026-07-06 00:32:36.101] [info] Controller idle = 1
[2026-07-06 00:32:36.101] [info] Controller idle = 2528
[2026-07-06 00:32:36.101] [info] Controller idle = 3691
[2026-07-06 00:32:36.101] [info] Controller idle = 37
[2026-07-06 00:32:36.101] [info] Controller idle = 1
[2026-07-06 00:32:36.101] [info] Controller idle = 584
[2026-07-06 00:32:36.101] [info] Controller idle = 698
[2026-07-06 00:32:36.101] [info] Controller idle = 2959
[2026-07-06 00:32:36.101] [info] Controller idle = 590
[2026-07-06 00:32:36.101] [info] Controller idle = 1291
[2026-07-06 00:32:36.101] [info] Controller idle = 1498
[2026-07-06 00:32:36.101] [info] Controller idle = 33
[2026-07-06 00:32:36.101] [info] Controller idle = 4389
[2026-07-06 00:32:36.101] [info] Controller idle = 32
[2026-07-06 00:32:36.101] [info] Controller idle = 6188
[2026-07-06 00:32:36.101] [info] Controller idle = 34
[2026-07-06 00:32:36.101] [info] Controller idle = 4231
[2026-07-06 00:32:36.101] [info] Controller idle = 652
[2026-07-06 00:32:36.101] [info] Controller idle = 1310
[2026-07-06 00:32:36.101] [info] Controller idle = 466
[2026-07-06 00:32:36.101] [info] Controller idle = 992
[2026-07-06 00:32:36.101] [info] Controller idle = 33
[2026-07-06 00:32:36.101] [info] Controller idle = 4
[2026-07-06 00:32:36.101] [info] Controller idle = 4253
[2026-07-06 00:32:36.101] [info] Controller idle = 36
[2026-07-06 00:32:36.101] [info] Controller idle = 6290
[2026-07-06 00:32:36.101] [info] Controller idle = 35
[2026-07-06 00:32:36.101] [info] Controller idle = 555
[2026-07-06 00:32:36.101] [info] Controller idle = 3675
[2026-07-06 00:32:36.101] [info] Controller idle = 658
[2026-07-06 00:32:36.101] [info] Controller idle = 1305
[2026-07-06 00:32:36.101] [info] Controller idle = 1532
[2026-07-06 00:32:36.101] [info] Controller idle = 33
[2026-07-06 00:32:36.101] [info] Controller idle = 1
[2026-07-06 00:32:36.101] [info] Controller idle = 4574
[2026-07-06 00:32:36.101] [info] Controller idle = 42
[2026-07-06 00:32:36.101] [info] Controller idle = 6308
[2026-07-06 00:32:36.101] [info] Controller idle = 34
[2026-07-06 00:32:36.101] [info] Controller idle = 4223
[2026-07-06 00:32:36.101] [info] Controller idle = 630
[2026-07-06 00:32:36.101] [info] Controller idle = 1287
[2026-07-06 00:32:36.101] [info] Controller idle = 1439
[2026-07-06 00:32:36.101] [info] Controller idle = 33
[2026-07-06 00:32:36.101] [info] Controller idle = 1
[2026-07-06 00:32:36.101] [info] Controller idle = 3068
[2026-07-06 00:32:36.101] [info] Controller idle = 1982
[2026-07-06 00:32:36.101] [info] Controller idle = 35
[2026-07-06 00:32:36.101] [info] Controller idle = 6191
[2026-07-06 00:32:36.101] [info] Controller idle = 38
[2026-07-06 00:32:36.101] [info] Controller idle = 4240
[2026-07-06 00:32:36.101] [info] Controller idle = 633
[2026-07-06 00:32:36.101] [info] Controller idle = 1293
[2026-07-06 00:32:36.101] [info] Controller idle = 1531
[2026-07-06 00:32:36.101] [info] Controller idle = 35
[2026-07-06 00:32:36.101] [info] Controller idle = 1019
[2026-07-06 00:32:36.101] [info] Controller idle = 3165
[2026-07-06 00:32:36.101] [info] Controller idle = 35
[2026-07-06 00:32:36.101] [info] Controller idle = 6356
[2026-07-06 00:32:36.101] [info] Controller idle = 33
[2026-07-06 00:32:36.101] [info] Controller idle = 516
[2026-07-06 00:32:36.101] [info] Controller idle = 3674
[2026-07-06 00:32:36.101] [info] Controller idle = 636
[2026-07-06 00:32:36.101] [info] Controller idle = 995
[2026-07-06 00:32:36.101] [info] Controller idle = 268
[2026-07-06 00:32:36.101] [info] Controller idle = 5
[2026-07-06 00:32:36.101] [info] Controller idle = 1446
[2026-07-06 00:32:36.101] [info] Controller idle = 34
[2026-07-06 00:32:36.101] [info] Controller idle = 1
[2026-07-06 00:32:36.101] [info] Controller idle = 2272
[2026-07-06 00:32:36.101] [info] Controller idle = 1905
[2026-07-06 00:32:36.101] [info] Controller idle = 35
[2026-07-06 00:32:36.101] [info] Controller idle = 6510
[2026-07-06 00:32:36.101] [info] Controller idle = 33
[2026-07-06 00:32:36.101] [info] Controller idle = 779
[2026-07-06 00:32:36.101] [info] Controller idle = 904
[2026-07-06 00:32:36.101] [info] Controller idle = 2753
[2026-07-06 00:32:36.101] [info] Controller idle = 664
[2026-07-06 00:32:36.101] [info] Controller idle = 1318
[2026-07-06 00:32:36.101] [info] Controller idle = 3
[2026-07-06 00:32:36.101] [info] Controller idle = 1471
[2026-07-06 00:32:36.101] [info] Controller idle = 33
[2026-07-06 00:32:36.101] [info] Controller idle = 1272
[2026-07-06 00:32:36.101] [info] Controller idle = 2837
[2026-07-06 00:32:36.101] [info] Controller idle = 3
[2026-07-06 00:32:36.101] [info] Controller idle = 32
[2026-07-06 00:32:36.101] [info] Controller idle = 6987
[2026-07-06 00:32:36.101] [info] Controller idle = 34
[2026-07-06 00:32:36.101] [info] Controller idle = 2324
[2026-07-06 00:32:36.101] [info] Controller idle = 1701
[2026-07-06 00:32:36.101] [info] Controller idle = 128
[2026-07-06 00:32:36.101] [info] Controller idle = 581
[2026-07-06 00:32:36.101] [info] Controller idle = 1298
[2026-07-06 00:32:36.101] [info] Controller idle = 450
[2026-07-06 00:32:36.101] [info] Controller idle = 1014
[2026-07-06 00:32:36.101] [info] Controller idle = 38
[2026-07-06 00:32:36.101] [info] Controller idle = 1273
[2026-07-06 00:32:36.101] [info] Controller idle = 2795
[2026-07-06 00:32:36.101] [info] Controller idle = 31
[2026-07-06 00:32:36.101] [info] Controller idle = 6414
[2026-07-06 00:32:36.101] [info] Controller idle = 33
[2026-07-06 00:32:36.101] [info] Controller idle = 557
[2026-07-06 00:32:36.101] [info] Controller idle = 710
[2026-07-06 00:32:36.101] [info] Controller idle = 2946
[2026-07-06 00:32:36.101] [info] Controller idle = 622
[2026-07-06 00:32:36.101] [info] Controller idle = 1285
[2026-07-06 00:32:36.101] [info] Controller idle = 3
[2026-07-06 00:32:36.101] [info] Controller idle = 439
[2026-07-06 00:32:36.101] [info] Controller idle = 933
[2026-07-06 00:32:36.101] [info] Controller idle = 33
[2026-07-06 00:32:36.101] [info] Controller idle = 875
[2026-07-06 00:32:36.101] [info] Controller idle = 3088
[2026-07-06 00:32:36.101] [info] Controller idle = 47
[2026-07-06 00:32:36.101] [info] Controller idle = 2629
[2026-07-06 00:32:36.101] [info] Controller idle = 3674
[2026-07-06 00:32:36.101] [info] Controller idle = 34
[2026-07-06 00:32:36.101] [info] Controller idle = 474
[2026-07-06 00:32:36.101] [info] Controller idle = 3674
[2026-07-06 00:32:36.101] [info] Controller idle = 615
[2026-07-06 00:32:36.101] [info] Controller idle = 1265
[2026-07-06 00:32:36.101] [info] Controller idle = 389
[2026-07-06 00:32:36.101] [info] Controller idle = 995
[2026-07-06 00:32:36.101] [info] Controller idle = 33
[2026-07-06 00:32:36.101] [info] Controller idle = 4231
[2026-07-06 00:32:36.101] [info] Controller idle = 36
[2026-07-06 00:32:36.101] [info] Controller idle = 2545
[2026-07-06 00:32:36.101] [info] Controller idle = 3684
[2026-07-06 00:32:36.101] [info] Controller idle = 40
[2026-07-06 00:32:36.101] [info] Controller idle = 1454
[2026-07-06 00:32:36.101] [info] Controller idle = 3675
[2026-07-06 00:32:36.101] [info] Controller idle = 596
[2026-07-06 00:32:36.101] [info] Controller idle = 1300
[2026-07-06 00:32:36.101] [info] Controller idle = 1
[2026-07-06 00:32:36.101] [info] Controller idle = 1488
[2026-07-06 00:32:36.101] [info] Controller idle = 34
[2026-07-06 00:32:36.101] [info] Controller idle = 1
[2026-07-06 00:32:36.101] [info] Controller idle = 4196
[2026-07-06 00:32:36.101] [info] Controller idle = 31
[2026-07-06 00:32:36.101] [info] Controller idle = 2656
[2026-07-06 00:32:36.101] [info] Controller idle = 3672
[2026-07-06 00:32:36.101] [info] Controller idle = 34
[2026-07-06 00:32:36.101] [info] Controller idle = 1330
[2026-07-06 00:32:36.101] [info] Controller idle = 2912
[2026-07-06 00:32:36.101] [info] Controller idle = 627
[2026-07-06 00:32:36.101] [info] Controller idle = 1325
[2026-07-06 00:32:36.101] [info] Controller idle = 5
[2026-07-06 00:32:36.101] [info] Controller idle = 1423
[2026-07-06 00:32:36.101] [info] Controller idle = 34
[2026-07-06 00:32:36.101] [info] Controller idle = 4189
[2026-07-06 00:32:36.101] [info] Controller idle = 30
[2026-07-06 00:32:36.101] [info] Controller idle = 6216
[2026-07-06 00:32:36.101] [info] Controller idle = 55
MemorySystem:
  impl: GenericDRAM
  total_num_other_requests: 0
  total_num_write_requests: 5467
  total_num_read_requests: 442043
  memory_system_cycles: 1104017

  DRAM:
    impl: HBM2
    dram_commands: 799594
  AddrMapper:
    impl: RoBaRaCoCh
  Controller:
    impl: Generic
    id: Channel 0
    Scheduler:
      impl: FRFCFS
    RefreshManager:
      impl: AllBank



Frontend:
  impl: GEM5

[2026-07-06 00:32:36.101] [info] Row hits: 269658, Row misses: 1306, Row conflicts: 175517
[2026-07-06 00:32:36.101] [info] Controller idle = 11
[2026-07-06 00:32:36.101] [info] Controller idle = 73
[2026-07-06 00:32:36.101] [info] Controller idle = 772
[2026-07-06 00:32:36.101] [info] Controller idle = 222
[2026-07-06 00:32:36.101] [info] Controller idle = 182
[2026-07-06 00:32:36.101] [info] Controller idle = 280
[2026-07-06 00:32:36.101] [info] Controller idle = 188
[2026-07-06 00:32:36.101] [info] Controller idle = 230
[2026-07-06 00:32:36.101] [info] Controller idle = 188
[2026-07-06 00:32:36.101] [info] Controller idle = 264
[2026-07-06 00:32:36.101] [info] Controller idle = 184
[2026-07-06 00:32:36.101] [info] Controller idle = 1202
[2026-07-06 00:32:36.101] [info] Controller idle = 1459
[2026-07-06 00:32:36.101] [info] Controller idle = 1
[2026-07-06 00:32:36.101] [info] Controller idle = 2
[2026-07-06 00:32:36.101] [info] Controller idle = 1
[2026-07-06 00:32:36.101] [info] Controller idle = 117
[2026-07-06 00:32:36.101] [info] Controller idle = 2
[2026-07-06 00:32:36.101] [info] Controller idle = 1
[2026-07-06 00:32:36.101] [info] Controller idle = 5
[2026-07-06 00:32:36.101] [info] Controller idle = 8
[2026-07-06 00:32:36.101] [info] Controller idle = 29
[2026-07-06 00:32:36.101] [info] Controller idle = 9
[2026-07-06 00:32:36.101] [info] Controller idle = 6
[2026-07-06 00:32:36.101] [info] Controller idle = 3
[2026-07-06 00:32:36.101] [info] Controller idle = 53
[2026-07-06 00:32:36.101] [info] Controller idle = 2
[2026-07-06 00:32:36.101] [info] Controller idle = 1
[2026-07-06 00:32:36.101] [info] Controller idle = 1
[2026-07-06 00:32:36.101] [info] Controller idle = 3
[2026-07-06 00:32:36.101] [info] Controller idle = 1
[2026-07-06 00:32:36.101] [info] Controller idle = 3
[2026-07-06 00:32:36.101] [info] Controller idle = 5
[2026-07-06 00:32:36.101] [info] Controller idle = 1514
[2026-07-06 00:32:36.101] [info] Controller idle = 2
[2026-07-06 00:32:36.101] [info] Controller idle = 2
[2026-07-06 00:32:36.101] [info] Controller idle = 9
[2026-07-06 00:32:36.101] [info] Controller idle = 2
[2026-07-06 00:32:36.101] [info] Controller idle = 54
[2026-07-06 00:32:36.101] [info] Controller idle = 976
[2026-07-06 00:32:36.101] [info] Controller idle = 157
[2026-07-06 00:32:36.101] [info] Controller idle = 331
[2026-07-06 00:32:36.101] [info] Controller idle = 176
[2026-07-06 00:32:36.101] [info] Controller idle = 292
[2026-07-06 00:32:36.101] [info] Controller idle = 133
[2026-07-06 00:32:36.101] [info] Controller idle = 318
[2026-07-06 00:32:36.101] [info] Controller idle = 178
[2026-07-06 00:32:36.101] [info] Controller idle = 103
[2026-07-06 00:32:36.101] [info] Controller idle = 3822
[2026-07-06 00:32:36.101] [info] Controller idle = 265
[2026-07-06 00:32:36.101] [info] Controller idle = 11
[2026-07-06 00:32:36.101] [info] Controller idle = 5
[2026-07-06 00:32:36.101] [info] Controller idle = 10
[2026-07-06 00:32:36.101] [info] Controller idle = 1
[2026-07-06 00:32:36.101] [info] Controller idle = 2
[2026-07-06 00:32:36.101] [info] Controller idle = 1
[2026-07-06 00:32:36.101] [info] Controller idle = 2
[2026-07-06 00:32:36.101] [info] Controller idle = 1
[2026-07-06 00:32:36.101] [info] Controller idle = 18
[2026-07-06 00:32:36.101] [info] Controller idle = 3130
[2026-07-06 00:32:36.101] [info] Controller idle = 2
[2026-07-06 00:32:36.101] [info] Controller idle = 4
[2026-07-06 00:32:36.101] [info] Controller idle = 1
[2026-07-06 00:32:36.101] [info] Controller idle = 4
[2026-07-06 00:32:36.101] [info] Controller idle = 1
[2026-07-06 00:32:36.101] [info] Controller idle = 1416
[2026-07-06 00:32:36.101] [info] Controller idle = 2753
[2026-07-06 00:32:36.101] [info] Controller idle = 654
[2026-07-06 00:32:36.101] [info] Controller idle = 1294
[2026-07-06 00:32:36.101] [info] Controller idle = 464
[2026-07-06 00:32:36.101] [info] Controller idle = 1196
[2026-07-06 00:32:36.101] [info] Controller idle = 33
[2026-07-06 00:32:36.101] [info] Controller idle = 1
[2026-07-06 00:32:36.101] [info] Controller idle = 4518
[2026-07-06 00:32:36.101] [info] Controller idle = 29
[2026-07-06 00:32:36.101] [info] Controller idle = 2529
[2026-07-06 00:32:36.101] [info] Controller idle = 3780
[2026-07-06 00:32:36.101] [info] Controller idle = 34
[2026-07-06 00:32:36.101] [info] Controller idle = 512
[2026-07-06 00:32:36.101] [info] Controller idle = 714
[2026-07-06 00:32:36.101] [info] Controller idle = 2942
[2026-07-06 00:32:36.101] [info] Controller idle = 663
[2026-07-06 00:32:36.101] [info] Controller idle = 1286
[2026-07-06 00:32:36.101] [info] Controller idle = 3
[2026-07-06 00:32:36.101] [info] Controller idle = 8
[2026-07-06 00:32:36.101] [info] Controller idle = 1538
[2026-07-06 00:32:36.101] [info] Controller idle = 34
[2026-07-06 00:32:36.101] [info] Controller idle = 1
[2026-07-06 00:32:36.101] [info] Controller idle = 4132
[2026-07-06 00:32:36.101] [info] Controller idle = 28
[2026-07-06 00:32:36.101] [info] Controller idle = 2
[2026-07-06 00:32:36.101] [info] Controller idle = 2672
[2026-07-06 00:32:36.101] [info] Controller idle = 3673
[2026-07-06 00:32:36.101] [info] Controller idle = 33
[2026-07-06 00:32:36.101] [info] Controller idle = 1304
[2026-07-06 00:32:36.101] [info] Controller idle = 2904
[2026-07-06 00:32:36.101] [info] Controller idle = 585
[2026-07-06 00:32:36.101] [info] Controller idle = 1267
[2026-07-06 00:32:36.101] [info] Controller idle = 1488
[2026-07-06 00:32:36.101] [info] Controller idle = 33
[2026-07-06 00:32:36.101] [info] Controller idle = 4181
[2026-07-06 00:32:36.101] [info] Controller idle = 45
[2026-07-06 00:32:36.101] [info] Controller idle = 6152
[2026-07-06 00:32:36.101] [info] Controller idle = 34
[2026-07-06 00:32:36.101] [info] Controller idle = 4098
[2026-07-06 00:32:36.101] [info] Controller idle = 622
[2026-07-06 00:32:36.101] [info] Controller idle = 1334
[2026-07-06 00:32:36.101] [info] Controller idle = 1498
[2026-07-06 00:32:36.101] [info] Controller idle = 39
[2026-07-06 00:32:36.101] [info] Controller idle = 4227
[2026-07-06 00:32:36.101] [info] Controller idle = 31
[2026-07-06 00:32:36.101] [info] Controller idle = 6227
[2026-07-06 00:32:36.101] [info] Controller idle = 36
[2026-07-06 00:32:36.101] [info] Controller idle = 4246
[2026-07-06 00:32:36.101] [info] Controller idle = 659
[2026-07-06 00:32:36.101] [info] Controller idle = 1289
[2026-07-06 00:32:36.101] [info] Controller idle = 1523
[2026-07-06 00:32:36.101] [info] Controller idle = 33
[2026-07-06 00:32:36.101] [info] Controller idle = 1
[2026-07-06 00:32:36.101] [info] Controller idle = 4420
[2026-07-06 00:32:36.101] [info] Controller idle = 36
[2026-07-06 00:32:36.101] [info] Controller idle = 6190
[2026-07-06 00:32:36.101] [info] Controller idle = 34
[2026-07-06 00:32:36.101] [info] Controller idle = 477
[2026-07-06 00:32:36.101] [info] Controller idle = 3673
[2026-07-06 00:32:36.101] [info] Controller idle = 621
[2026-07-06 00:32:36.101] [info] Controller idle = 1280
[2026-07-06 00:32:36.101] [info] Controller idle = 3
[2026-07-06 00:32:36.101] [info] Controller idle = 1442
[2026-07-06 00:32:36.101] [info] Controller idle = 33
[2026-07-06 00:32:36.101] [info] Controller idle = 1
[2026-07-06 00:32:36.101] [info] Controller idle = 1
[2026-07-06 00:32:36.101] [info] Controller idle = 2212
[2026-07-06 00:32:36.101] [info] Controller idle = 2904
[2026-07-06 00:32:36.101] [info] Controller idle = 29
[2026-07-06 00:32:36.101] [info] Controller idle = 6269
[2026-07-06 00:32:36.101] [info] Controller idle = 34
[2026-07-06 00:32:36.101] [info] Controller idle = 1
[2026-07-06 00:32:36.102] [info] Controller idle = 608
[2026-07-06 00:32:36.102] [info] Controller idle = 3675
[2026-07-06 00:32:36.102] [info] Controller idle = 634
[2026-07-06 00:32:36.102] [info] Controller idle = 1284
[2026-07-06 00:32:36.102] [info] Controller idle = 1527
[2026-07-06 00:32:36.102] [info] Controller idle = 35
[2026-07-06 00:32:36.102] [info] Controller idle = 4092
[2026-07-06 00:32:36.102] [info] Controller idle = 29
[2026-07-06 00:32:36.102] [info] Controller idle = 6383
[2026-07-06 00:32:36.102] [info] Controller idle = 33
[2026-07-06 00:32:36.102] [info] Controller idle = 4259
[2026-07-06 00:32:36.102] [info] Controller idle = 657
[2026-07-06 00:32:36.102] [info] Controller idle = 1256
[2026-07-06 00:32:36.102] [info] Controller idle = 3
[2026-07-06 00:32:36.102] [info] Controller idle = 1465
[2026-07-06 00:32:36.102] [info] Controller idle = 33
[2026-07-06 00:32:36.102] [info] Controller idle = 1245
[2026-07-06 00:32:36.102] [info] Controller idle = 2827
[2026-07-06 00:32:36.102] [info] Controller idle = 33
[2026-07-06 00:32:36.102] [info] Controller idle = 6246
[2026-07-06 00:32:36.102] [info] Controller idle = 33
[2026-07-06 00:32:36.102] [info] Controller idle = 4448
[2026-07-06 00:32:36.102] [info] Controller idle = 635
[2026-07-06 00:32:36.102] [info] Controller idle = 1298
[2026-07-06 00:32:36.102] [info] Controller idle = 1479
[2026-07-06 00:32:36.102] [info] Controller idle = 33
[2026-07-06 00:32:36.102] [info] Controller idle = 1071
[2026-07-06 00:32:36.102] [info] Controller idle = 3037
[2026-07-06 00:32:36.102] [info] Controller idle = 34
[2026-07-06 00:32:36.102] [info] Controller idle = 6975
[2026-07-06 00:32:36.102] [info] Controller idle = 34
[2026-07-06 00:32:36.102] [info] Controller idle = 488
[2026-07-06 00:32:36.102] [info] Controller idle = 904
[2026-07-06 00:32:36.102] [info] Controller idle = 1701
[2026-07-06 00:32:36.102] [info] Controller idle = 1050
[2026-07-06 00:32:36.102] [info] Controller idle = 601
[2026-07-06 00:32:36.102] [info] Controller idle = 1283
[2026-07-06 00:32:36.102] [info] Controller idle = 507
[2026-07-06 00:32:36.102] [info] Controller idle = 937
[2026-07-06 00:32:36.102] [info] Controller idle = 33
[2026-07-06 00:32:36.102] [info] Controller idle = 1181
[2026-07-06 00:32:36.102] [info] Controller idle = 2959
[2026-07-06 00:32:36.102] [info] Controller idle = 33
[2026-07-06 00:32:36.102] [info] Controller idle = 6331
[2026-07-06 00:32:36.102] [info] Controller idle = 33
[2026-07-06 00:32:36.102] [info] Controller idle = 2164
[2026-07-06 00:32:36.102] [info] Controller idle = 2024
[2026-07-06 00:32:36.102] [info] Controller idle = 620
[2026-07-06 00:32:36.102] [info] Controller idle = 1331
[2026-07-06 00:32:36.102] [info] Controller idle = 2
[2026-07-06 00:32:36.102] [info] Controller idle = 483
[2026-07-06 00:32:36.102] [info] Controller idle = 905
[2026-07-06 00:32:36.102] [info] Controller idle = 33
[2026-07-06 00:32:36.102] [info] Controller idle = 4414
[2026-07-06 00:32:36.102] [info] Controller idle = 52
[2026-07-06 00:32:36.102] [info] Controller idle = 2765
[2026-07-06 00:32:36.102] [info] Controller idle = 3727
[2026-07-06 00:32:36.102] [info] Controller idle = 34
[2026-07-06 00:32:36.102] [info] Controller idle = 1343
[2026-07-06 00:32:36.102] [info] Controller idle = 2885
[2026-07-06 00:32:36.102] [info] Controller idle = 593
[2026-07-06 00:32:36.102] [info] Controller idle = 1294
[2026-07-06 00:32:36.102] [info] Controller idle = 326
[2026-07-06 00:32:36.102] [info] Controller idle = 1049
[2026-07-06 00:32:36.102] [info] Controller idle = 33
[2026-07-06 00:32:36.102] [info] Controller idle = 4126
[2026-07-06 00:32:36.102] [info] Controller idle = 34
[2026-07-06 00:32:36.102] [info] Controller idle = 3
[2026-07-06 00:32:36.102] [info] Controller idle = 1
[2026-07-06 00:32:36.102] [info] Controller idle = 2541
[2026-07-06 00:32:36.102] [info] Controller idle = 3673
[2026-07-06 00:32:36.102] [info] Controller idle = 34
[2026-07-06 00:32:36.102] [info] Controller idle = 646
[2026-07-06 00:32:36.102] [info] Controller idle = 4597
[2026-07-06 00:32:36.102] [info] Controller idle = 611
[2026-07-06 00:32:36.102] [info] Controller idle = 1293
[2026-07-06 00:32:36.102] [info] Controller idle = 2
[2026-07-06 00:32:36.102] [info] Controller idle = 1497
[2026-07-06 00:32:36.102] [info] Controller idle = 34
[2026-07-06 00:32:36.102] [info] Controller idle = 1
[2026-07-06 00:32:36.102] [info] Controller idle = 290
[2026-07-06 00:32:36.102] [info] Controller idle = 3849
[2026-07-06 00:32:36.102] [info] Controller idle = 28
[2026-07-06 00:32:36.102] [info] Controller idle = 6193
[2026-07-06 00:32:36.102] [info] Controller idle = 34
[2026-07-06 00:32:36.102] [info] Controller idle = 494
[2026-07-06 00:32:36.102] [info] Controller idle = 3674
[2026-07-06 00:32:36.102] [info] Controller idle = 615
[2026-07-06 00:32:36.102] [info] Controller idle = 1296
[2026-07-06 00:32:36.102] [info] Controller idle = 1453
[2026-07-06 00:32:36.102] [info] Controller idle = 34
[2026-07-06 00:32:36.102] [info] Controller idle = 4236
[2026-07-06 00:32:36.102] [info] Controller idle = 27
[2026-07-06 00:32:36.102] [info] Controller idle = 6208
[2026-07-06 00:32:36.102] [info] Controller idle = 37
[2026-07-06 00:32:36.102] [info] Controller idle = 10
MemorySystem:
  impl: GenericDRAM
  total_num_other_requests: 0
  total_num_write_requests: 5477
  total_num_read_requests: 441991
  memory_system_cycles: 1104017

  DRAM:
    impl: HBM2
    dram_commands: 800093
  AddrMapper:
    impl: RoBaRaCoCh
  Controller:
    impl: Generic
    id: Channel 0
    Scheduler:
      impl: FRFCFS
    RefreshManager:
      impl: AllBank



Frontend:
  impl: GEM5

[2026-07-06 00:32:36.102] [info] Row hits: 269585, Row misses: 1381, Row conflicts: 175543
[2026-07-06 00:32:36.102] [info] Controller idle = 11
[2026-07-06 00:32:36.102] [info] Controller idle = 700
[2026-07-06 00:32:36.102] [info] Controller idle = 286
[2026-07-06 00:32:36.102] [info] Controller idle = 202
[2026-07-06 00:32:36.102] [info] Controller idle = 238
[2026-07-06 00:32:36.102] [info] Controller idle = 179
[2026-07-06 00:32:36.102] [info] Controller idle = 282
[2026-07-06 00:32:36.102] [info] Controller idle = 190
[2026-07-06 00:32:36.102] [info] Controller idle = 254
[2026-07-06 00:32:36.102] [info] Controller idle = 172
[2026-07-06 00:32:36.102] [info] Controller idle = 1210
[2026-07-06 00:32:36.102] [info] Controller idle = 1489
[2026-07-06 00:32:36.102] [info] Controller idle = 2
[2026-07-06 00:32:36.102] [info] Controller idle = 3
[2026-07-06 00:32:36.102] [info] Controller idle = 117
[2026-07-06 00:32:36.102] [info] Controller idle = 4
[2026-07-06 00:32:36.102] [info] Controller idle = 1
[2026-07-06 00:32:36.102] [info] Controller idle = 2
[2026-07-06 00:32:36.102] [info] Controller idle = 3
[2026-07-06 00:32:36.102] [info] Controller idle = 4
[2026-07-06 00:32:36.102] [info] Controller idle = 23
[2026-07-06 00:32:36.102] [info] Controller idle = 81
[2026-07-06 00:32:36.102] [info] Controller idle = 1
[2026-07-06 00:32:36.102] [info] Controller idle = 1507
[2026-07-06 00:32:36.102] [info] Controller idle = 2
[2026-07-06 00:32:36.102] [info] Controller idle = 2
[2026-07-06 00:32:36.102] [info] Controller idle = 15
[2026-07-06 00:32:36.102] [info] Controller idle = 1
[2026-07-06 00:32:36.102] [info] Controller idle = 1
[2026-07-06 00:32:36.102] [info] Controller idle = 14
[2026-07-06 00:32:36.102] [info] Controller idle = 275
[2026-07-06 00:32:36.102] [info] Controller idle = 959
[2026-07-06 00:32:36.102] [info] Controller idle = 4
[2026-07-06 00:32:36.102] [info] Controller idle = 189
[2026-07-06 00:32:36.102] [info] Controller idle = 311
[2026-07-06 00:32:36.102] [info] Controller idle = 132
[2026-07-06 00:32:36.102] [info] Controller idle = 302
[2026-07-06 00:32:36.102] [info] Controller idle = 181
[2026-07-06 00:32:36.102] [info] Controller idle = 306
[2026-07-06 00:32:36.102] [info] Controller idle = 136
[2026-07-06 00:32:36.102] [info] Controller idle = 41
[2026-07-06 00:32:36.102] [info] Controller idle = 3927
[2026-07-06 00:32:36.102] [info] Controller idle = 261
[2026-07-06 00:32:36.102] [info] Controller idle = 8
[2026-07-06 00:32:36.102] [info] Controller idle = 4
[2026-07-06 00:32:36.102] [info] Controller idle = 1
[2026-07-06 00:32:36.102] [info] Controller idle = 6
[2026-07-06 00:32:36.102] [info] Controller idle = 3
[2026-07-06 00:32:36.102] [info] Controller idle = 5
[2026-07-06 00:32:36.102] [info] Controller idle = 4
[2026-07-06 00:32:36.102] [info] Controller idle = 6
[2026-07-06 00:32:36.102] [info] Controller idle = 3
[2026-07-06 00:32:36.102] [info] Controller idle = 2
[2026-07-06 00:32:36.102] [info] Controller idle = 4
[2026-07-06 00:32:36.102] [info] Controller idle = 17
[2026-07-06 00:32:36.102] [info] Controller idle = 1
[2026-07-06 00:32:36.102] [info] Controller idle = 1
[2026-07-06 00:32:36.102] [info] Controller idle = 3
[2026-07-06 00:32:36.102] [info] Controller idle = 9
[2026-07-06 00:32:36.102] [info] Controller idle = 1
[2026-07-06 00:32:36.102] [info] Controller idle = 2
[2026-07-06 00:32:36.102] [info] Controller idle = 3129
[2026-07-06 00:32:36.102] [info] Controller idle = 1
[2026-07-06 00:32:36.102] [info] Controller idle = 11
[2026-07-06 00:32:36.102] [info] Controller idle = 3
[2026-07-06 00:32:36.102] [info] Controller idle = 1077
[2026-07-06 00:32:36.102] [info] Controller idle = 936
[2026-07-06 00:32:36.102] [info] Controller idle = 2116
[2026-07-06 00:32:36.102] [info] Controller idle = 652
[2026-07-06 00:32:36.102] [info] Controller idle = 1275
[2026-07-06 00:32:36.102] [info] Controller idle = 6
[2026-07-06 00:32:36.102] [info] Controller idle = 12
[2026-07-06 00:32:36.102] [info] Controller idle = 454
[2026-07-06 00:32:36.102] [info] Controller idle = 1191
[2026-07-06 00:32:36.102] [info] Controller idle = 33
[2026-07-06 00:32:36.102] [info] Controller idle = 4191
[2026-07-06 00:32:36.102] [info] Controller idle = 34
[2026-07-06 00:32:36.102] [info] Controller idle = 2808
[2026-07-06 00:32:36.102] [info] Controller idle = 3674
[2026-07-06 00:32:36.102] [info] Controller idle = 34
[2026-07-06 00:32:36.102] [info] Controller idle = 1422
[2026-07-06 00:32:36.102] [info] Controller idle = 2752
[2026-07-06 00:32:36.102] [info] Controller idle = 664
[2026-07-06 00:32:36.102] [info] Controller idle = 1285
[2026-07-06 00:32:36.102] [info] Controller idle = 1513
[2026-07-06 00:32:36.102] [info] Controller idle = 15
[2026-07-06 00:32:36.102] [info] Controller idle = 34
[2026-07-06 00:32:36.102] [info] Controller idle = 1
[2026-07-06 00:32:36.102] [info] Controller idle = 338
[2026-07-06 00:32:36.102] [info] Controller idle = 3850
[2026-07-06 00:32:36.102] [info] Controller idle = 29
[2026-07-06 00:32:36.102] [info] Controller idle = 1
[2026-07-06 00:32:36.102] [info] Controller idle = 2640
[2026-07-06 00:32:36.102] [info] Controller idle = 3691
[2026-07-06 00:32:36.102] [info] Controller idle = 37
[2026-07-06 00:32:36.102] [info] Controller idle = 1
[2026-07-06 00:32:36.102] [info] Controller idle = 733
[2026-07-06 00:32:36.102] [info] Controller idle = 698
[2026-07-06 00:32:36.102] [info] Controller idle = 2959
[2026-07-06 00:32:36.102] [info] Controller idle = 609
[2026-07-06 00:32:36.102] [info] Controller idle = 1292
[2026-07-06 00:32:36.102] [info] Controller idle = 1497
[2026-07-06 00:32:36.102] [info] Controller idle = 33
[2026-07-06 00:32:36.102] [info] Controller idle = 4061
[2026-07-06 00:32:36.102] [info] Controller idle = 52
[2026-07-06 00:32:36.102] [info] Controller idle = 6258
[2026-07-06 00:32:36.102] [info] Controller idle = 34
[2026-07-06 00:32:36.102] [info] Controller idle = 4165
[2026-07-06 00:32:36.102] [info] Controller idle = 672
[2026-07-06 00:32:36.102] [info] Controller idle = 1298
[2026-07-06 00:32:36.102] [info] Controller idle = 480
[2026-07-06 00:32:36.102] [info] Controller idle = 992
[2026-07-06 00:32:36.102] [info] Controller idle = 36
[2026-07-06 00:32:36.102] [info] Controller idle = 4460
[2026-07-06 00:32:36.102] [info] Controller idle = 32
[2026-07-06 00:32:36.102] [info] Controller idle = 6355
[2026-07-06 00:32:36.102] [info] Controller idle = 35
[2026-07-06 00:32:36.102] [info] Controller idle = 4152
[2026-07-06 00:32:36.102] [info] Controller idle = 663
[2026-07-06 00:32:36.102] [info] Controller idle = 1307
[2026-07-06 00:32:36.102] [info] Controller idle = 1
[2026-07-06 00:32:36.102] [info] Controller idle = 1511
[2026-07-06 00:32:36.102] [info] Controller idle = 33
[2026-07-06 00:32:36.102] [info] Controller idle = 1
[2026-07-06 00:32:36.102] [info] Controller idle = 4424
[2026-07-06 00:32:36.102] [info] Controller idle = 38
[2026-07-06 00:32:36.102] [info] Controller idle = 6179
[2026-07-06 00:32:36.102] [info] Controller idle = 34
[2026-07-06 00:32:36.102] [info] Controller idle = 4217
[2026-07-06 00:32:36.102] [info] Controller idle = 659
[2026-07-06 00:32:36.102] [info] Controller idle = 1275
[2026-07-06 00:32:36.102] [info] Controller idle = 3
[2026-07-06 00:32:36.102] [info] Controller idle = 1445
[2026-07-06 00:32:36.102] [info] Controller idle = 33
[2026-07-06 00:32:36.102] [info] Controller idle = 1
[2026-07-06 00:32:36.102] [info] Controller idle = 2779
[2026-07-06 00:32:36.102] [info] Controller idle = 1982
[2026-07-06 00:32:36.102] [info] Controller idle = 31
[2026-07-06 00:32:36.102] [info] Controller idle = 6291
[2026-07-06 00:32:36.102] [info] Controller idle = 38
[2026-07-06 00:32:36.102] [info] Controller idle = 4338
[2026-07-06 00:32:36.102] [info] Controller idle = 587
[2026-07-06 00:32:36.102] [info] Controller idle = 1313
[2026-07-06 00:32:36.102] [info] Controller idle = 4
[2026-07-06 00:32:36.102] [info] Controller idle = 1510
[2026-07-06 00:32:36.102] [info] Controller idle = 35
[2026-07-06 00:32:36.102] [info] Controller idle = 939
[2026-07-06 00:32:36.102] [info] Controller idle = 3165
[2026-07-06 00:32:36.102] [info] Controller idle = 35
[2026-07-06 00:32:36.102] [info] Controller idle = 6262
[2026-07-06 00:32:36.102] [info] Controller idle = 33
[2026-07-06 00:32:36.102] [info] Controller idle = 556
[2026-07-06 00:32:36.102] [info] Controller idle = 3674
[2026-07-06 00:32:36.102] [info] Controller idle = 639
[2026-07-06 00:32:36.102] [info] Controller idle = 998
[2026-07-06 00:32:36.102] [info] Controller idle = 268
[2026-07-06 00:32:36.102] [info] Controller idle = 1440
[2026-07-06 00:32:36.102] [info] Controller idle = 34
[2026-07-06 00:32:36.102] [info] Controller idle = 1
[2026-07-06 00:32:36.102] [info] Controller idle = 2164
[2026-07-06 00:32:36.102] [info] Controller idle = 1905
[2026-07-06 00:32:36.102] [info] Controller idle = 34
[2026-07-06 00:32:36.102] [info] Controller idle = 6264
[2026-07-06 00:32:36.102] [info] Controller idle = 33
[2026-07-06 00:32:36.102] [info] Controller idle = 741
[2026-07-06 00:32:36.102] [info] Controller idle = 904
[2026-07-06 00:32:36.102] [info] Controller idle = 2753
[2026-07-06 00:32:36.102] [info] Controller idle = 620
[2026-07-06 00:32:36.102] [info] Controller idle = 1319
[2026-07-06 00:32:36.102] [info] Controller idle = 1477
[2026-07-06 00:32:36.102] [info] Controller idle = 33
[2026-07-06 00:32:36.102] [info] Controller idle = 1355
[2026-07-06 00:32:36.102] [info] Controller idle = 2837
[2026-07-06 00:32:36.102] [info] Controller idle = 3
[2026-07-06 00:32:36.102] [info] Controller idle = 34
[2026-07-06 00:32:36.102] [info] Controller idle = 7212
[2026-07-06 00:32:36.102] [info] Controller idle = 34
[2026-07-06 00:32:36.102] [info] Controller idle = 2407
[2026-07-06 00:32:36.102] [info] Controller idle = 1701
[2026-07-06 00:32:36.102] [info] Controller idle = 128
[2026-07-06 00:32:36.102] [info] Controller idle = 560
[2026-07-06 00:32:36.102] [info] Controller idle = 1275
[2026-07-06 00:32:36.102] [info] Controller idle = 1446
[2026-07-06 00:32:36.102] [info] Controller idle = 38
[2026-07-06 00:32:36.102] [info] Controller idle = 1376
[2026-07-06 00:32:36.102] [info] Controller idle = 2795
[2026-07-06 00:32:36.102] [info] Controller idle = 31
[2026-07-06 00:32:36.102] [info] Controller idle = 6333
[2026-07-06 00:32:36.102] [info] Controller idle = 33
[2026-07-06 00:32:36.102] [info] Controller idle = 513
[2026-07-06 00:32:36.102] [info] Controller idle = 710
[2026-07-06 00:32:36.102] [info] Controller idle = 2946
[2026-07-06 00:32:36.102] [info] Controller idle = 617
[2026-07-06 00:32:36.102] [info] Controller idle = 1311
[2026-07-06 00:32:36.102] [info] Controller idle = 431
[2026-07-06 00:32:36.102] [info] Controller idle = 933
[2026-07-06 00:32:36.102] [info] Controller idle = 33
[2026-07-06 00:32:36.102] [info] Controller idle = 918
[2026-07-06 00:32:36.102] [info] Controller idle = 3088
[2026-07-06 00:32:36.102] [info] Controller idle = 47
[2026-07-06 00:32:36.102] [info] Controller idle = 2780
[2026-07-06 00:32:36.102] [info] Controller idle = 3674
[2026-07-06 00:32:36.102] [info] Controller idle = 34
[2026-07-06 00:32:36.102] [info] Controller idle = 539
[2026-07-06 00:32:36.102] [info] Controller idle = 904
[2026-07-06 00:32:36.102] [info] Controller idle = 2752
[2026-07-06 00:32:36.102] [info] Controller idle = 625
[2026-07-06 00:32:36.102] [info] Controller idle = 1297
[2026-07-06 00:32:36.102] [info] Controller idle = 359
[2026-07-06 00:32:36.102] [info] Controller idle = 10
[2026-07-06 00:32:36.102] [info] Controller idle = 967
[2026-07-06 00:32:36.102] [info] Controller idle = 33
[2026-07-06 00:32:36.102] [info] Controller idle = 4309
[2026-07-06 00:32:36.102] [info] Controller idle = 36
[2026-07-06 00:32:36.102] [info] Controller idle = 2555
[2026-07-06 00:32:36.102] [info] Controller idle = 3684
[2026-07-06 00:32:36.102] [info] Controller idle = 40
[2026-07-06 00:32:36.102] [info] Controller idle = 1417
[2026-07-06 00:32:36.102] [info] Controller idle = 3675
[2026-07-06 00:32:36.102] [info] Controller idle = 621
[2026-07-06 00:32:36.102] [info] Controller idle = 1280
[2026-07-06 00:32:36.102] [info] Controller idle = 1532
[2026-07-06 00:32:36.102] [info] Controller idle = 34
[2026-07-06 00:32:36.102] [info] Controller idle = 1
[2026-07-06 00:32:36.102] [info] Controller idle = 4203
[2026-07-06 00:32:36.102] [info] Controller idle = 31
[2026-07-06 00:32:36.102] [info] Controller idle = 2479
[2026-07-06 00:32:36.102] [info] Controller idle = 3672
[2026-07-06 00:32:36.102] [info] Controller idle = 34
[2026-07-06 00:32:36.102] [info] Controller idle = 4105
[2026-07-06 00:32:36.102] [info] Controller idle = 622
[2026-07-06 00:32:36.102] [info] Controller idle = 1331
[2026-07-06 00:32:36.102] [info] Controller idle = 1421
[2026-07-06 00:32:36.102] [info] Controller idle = 34
[2026-07-06 00:32:36.102] [info] Controller idle = 4165
[2026-07-06 00:32:36.102] [info] Controller idle = 30
[2026-07-06 00:32:36.102] [info] Controller idle = 6252
[2026-07-06 00:32:36.102] [info] Controller idle = 55
MemorySystem:
  impl: GenericDRAM
  total_num_other_requests: 0
  total_num_write_requests: 5467
  total_num_read_requests: 442043
  memory_system_cycles: 1104017

  DRAM:
    impl: HBM2
    dram_commands: 800321
  AddrMapper:
    impl: RoBaRaCoCh
  Controller:
    impl: Generic
    id: Channel 0
    Scheduler:
      impl: FRFCFS
    RefreshManager:
      impl: AllBank



Frontend:
  impl: GEM5

[2026-07-06 00:32:36.102] [info] Row hits: 270363, Row misses: 1323, Row conflicts: 174806
[2026-07-06 00:32:36.102] [info] Controller idle = 11
[2026-07-06 00:32:36.102] [info] Controller idle = 75
[2026-07-06 00:32:36.102] [info] Controller idle = 706
[2026-07-06 00:32:36.102] [info] Controller idle = 288
[2026-07-06 00:32:36.102] [info] Controller idle = 199
[2026-07-06 00:32:36.102] [info] Controller idle = 239
[2026-07-06 00:32:36.102] [info] Controller idle = 151
[2026-07-06 00:32:36.102] [info] Controller idle = 279
[2026-07-06 00:32:36.102] [info] Controller idle = 166
[2026-07-06 00:32:36.102] [info] Controller idle = 256
[2026-07-06 00:32:36.102] [info] Controller idle = 177
[2026-07-06 00:32:36.102] [info] Controller idle = 1175
[2026-07-06 00:32:36.102] [info] Controller idle = 1511
[2026-07-06 00:32:36.102] [info] Controller idle = 5
[2026-07-06 00:32:36.102] [info] Controller idle = 4
[2026-07-06 00:32:36.102] [info] Controller idle = 21
[2026-07-06 00:32:36.102] [info] Controller idle = 112
[2026-07-06 00:32:36.102] [info] Controller idle = 2
[2026-07-06 00:32:36.102] [info] Controller idle = 7
[2026-07-06 00:32:36.102] [info] Controller idle = 2
[2026-07-06 00:32:36.102] [info] Controller idle = 2
[2026-07-06 00:32:36.102] [info] Controller idle = 32
[2026-07-06 00:32:36.102] [info] Controller idle = 8
[2026-07-06 00:32:36.102] [info] Controller idle = 3
[2026-07-06 00:32:36.102] [info] Controller idle = 1
[2026-07-06 00:32:36.102] [info] Controller idle = 47
[2026-07-06 00:32:36.102] [info] Controller idle = 1502
[2026-07-06 00:32:36.102] [info] Controller idle = 1
[2026-07-06 00:32:36.102] [info] Controller idle = 3
[2026-07-06 00:32:36.102] [info] Controller idle = 11
[2026-07-06 00:32:36.102] [info] Controller idle = 1
[2026-07-06 00:32:36.102] [info] Controller idle = 11
[2026-07-06 00:32:36.102] [info] Controller idle = 1
[2026-07-06 00:32:36.102] [info] Controller idle = 262
[2026-07-06 00:32:36.102] [info] Controller idle = 974
[2026-07-06 00:32:36.102] [info] Controller idle = 187
[2026-07-06 00:32:36.102] [info] Controller idle = 317
[2026-07-06 00:32:36.102] [info] Controller idle = 163
[2026-07-06 00:32:36.102] [info] Controller idle = 311
[2026-07-06 00:32:36.102] [info] Controller idle = 181
[2026-07-06 00:32:36.102] [info] Controller idle = 334
[2026-07-06 00:32:36.102] [info] Controller idle = 149
[2026-07-06 00:32:36.102] [info] Controller idle = 101
[2026-07-06 00:32:36.102] [info] Controller idle = 4004
[2026-07-06 00:32:36.102] [info] Controller idle = 257
[2026-07-06 00:32:36.102] [info] Controller idle = 1
[2026-07-06 00:32:36.102] [info] Controller idle = 1
[2026-07-06 00:32:36.102] [info] Controller idle = 1
[2026-07-06 00:32:36.102] [info] Controller idle = 1
[2026-07-06 00:32:36.102] [info] Controller idle = 10
[2026-07-06 00:32:36.102] [info] Controller idle = 1
[2026-07-06 00:32:36.102] [info] Controller idle = 3
[2026-07-06 00:32:36.102] [info] Controller idle = 5
[2026-07-06 00:32:36.102] [info] Controller idle = 12
[2026-07-06 00:32:36.102] [info] Controller idle = 1
[2026-07-06 00:32:36.102] [info] Controller idle = 3
[2026-07-06 00:32:36.102] [info] Controller idle = 10
[2026-07-06 00:32:36.102] [info] Controller idle = 1
[2026-07-06 00:32:36.102] [info] Controller idle = 2
[2026-07-06 00:32:36.102] [info] Controller idle = 1
[2026-07-06 00:32:36.102] [info] Controller idle = 1
[2026-07-06 00:32:36.102] [info] Controller idle = 8
[2026-07-06 00:32:36.102] [info] Controller idle = 1
[2026-07-06 00:32:36.102] [info] Controller idle = 5
[2026-07-06 00:32:36.102] [info] Controller idle = 3126
[2026-07-06 00:32:36.102] [info] Controller idle = 9
[2026-07-06 00:32:36.102] [info] Controller idle = 15
[2026-07-06 00:32:36.102] [info] Controller idle = 1108
[2026-07-06 00:32:36.102] [info] Controller idle = 936
[2026-07-06 00:32:36.102] [info] Controller idle = 2116
[2026-07-06 00:32:36.102] [info] Controller idle = 655
[2026-07-06 00:32:36.102] [info] Controller idle = 1291
[2026-07-06 00:32:36.102] [info] Controller idle = 485
[2026-07-06 00:32:36.102] [info] Controller idle = 1191
[2026-07-06 00:32:36.102] [info] Controller idle = 33
[2026-07-06 00:32:36.102] [info] Controller idle = 4456
[2026-07-06 00:32:36.102] [info] Controller idle = 37
[2026-07-06 00:32:36.102] [info] Controller idle = 2604
[2026-07-06 00:32:36.102] [info] Controller idle = 3674
[2026-07-06 00:32:36.102] [info] Controller idle = 34
[2026-07-06 00:32:36.103] [info] Controller idle = 1535
[2026-07-06 00:32:36.103] [info] Controller idle = 2752
[2026-07-06 00:32:36.103] [info] Controller idle = 661
[2026-07-06 00:32:36.103] [info] Controller idle = 1303
[2026-07-06 00:32:36.103] [info] Controller idle = 417
[2026-07-06 00:32:36.103] [info] Controller idle = 1076
[2026-07-06 00:32:36.103] [info] Controller idle = 15
[2026-07-06 00:32:36.103] [info] Controller idle = 34
[2026-07-06 00:32:36.103] [info] Controller idle = 1
[2026-07-06 00:32:36.103] [info] Controller idle = 315
[2026-07-06 00:32:36.103] [info] Controller idle = 3850
[2026-07-06 00:32:36.103] [info] Controller idle = 29
[2026-07-06 00:32:36.103] [info] Controller idle = 1
[2026-07-06 00:32:36.103] [info] Controller idle = 2808
[2026-07-06 00:32:36.103] [info] Controller idle = 3691
[2026-07-06 00:32:36.103] [info] Controller idle = 37
[2026-07-06 00:32:36.103] [info] Controller idle = 1
[2026-07-06 00:32:36.103] [info] Controller idle = 527
[2026-07-06 00:32:36.103] [info] Controller idle = 3675
[2026-07-06 00:32:36.103] [info] Controller idle = 584
[2026-07-06 00:32:36.103] [info] Controller idle = 1306
[2026-07-06 00:32:36.103] [info] Controller idle = 1475
[2026-07-06 00:32:36.103] [info] Controller idle = 33
[2026-07-06 00:32:36.103] [info] Controller idle = 4091
[2026-07-06 00:32:36.103] [info] Controller idle = 52
[2026-07-06 00:32:36.103] [info] Controller idle = 6210
[2026-07-06 00:32:36.103] [info] Controller idle = 34
[2026-07-06 00:32:36.103] [info] Controller idle = 570
[2026-07-06 00:32:36.103] [info] Controller idle = 3673
[2026-07-06 00:32:36.103] [info] Controller idle = 650
[2026-07-06 00:32:36.103] [info] Controller idle = 1312
[2026-07-06 00:32:36.103] [info] Controller idle = 1472
[2026-07-06 00:32:36.103] [info] Controller idle = 33
[2026-07-06 00:32:36.103] [info] Controller idle = 1
[2026-07-06 00:32:36.103] [info] Controller idle = 4384
[2026-07-06 00:32:36.103] [info] Controller idle = 32
[2026-07-06 00:32:36.103] [info] Controller idle = 6248
[2026-07-06 00:32:36.103] [info] Controller idle = 35
[2026-07-06 00:32:36.103] [info] Controller idle = 4279
[2026-07-06 00:32:36.103] [info] Controller idle = 663
[2026-07-06 00:32:36.103] [info] Controller idle = 1295
[2026-07-06 00:32:36.103] [info] Controller idle = 1
[2026-07-06 00:32:36.103] [info] Controller idle = 2
[2026-07-06 00:32:36.103] [info] Controller idle = 1517
[2026-07-06 00:32:36.103] [info] Controller idle = 33
[2026-07-06 00:32:36.103] [info] Controller idle = 1
[2026-07-06 00:32:36.103] [info] Controller idle = 4353
[2026-07-06 00:32:36.103] [info] Controller idle = 36
[2026-07-06 00:32:36.103] [info] Controller idle = 6253
[2026-07-06 00:32:36.103] [info] Controller idle = 34
[2026-07-06 00:32:36.103] [info] Controller idle = 4240
[2026-07-06 00:32:36.103] [info] Controller idle = 659
[2026-07-06 00:32:36.103] [info] Controller idle = 1308
[2026-07-06 00:32:36.103] [info] Controller idle = 1458
[2026-07-06 00:32:36.103] [info] Controller idle = 33
[2026-07-06 00:32:36.103] [info] Controller idle = 1
[2026-07-06 00:32:36.103] [info] Controller idle = 3007
[2026-07-06 00:32:36.103] [info] Controller idle = 1982
[2026-07-06 00:32:36.103] [info] Controller idle = 31
[2026-07-06 00:32:36.103] [info] Controller idle = 6463
[2026-07-06 00:32:36.103] [info] Controller idle = 38
[2026-07-06 00:32:36.103] [info] Controller idle = 4272
[2026-07-06 00:32:36.103] [info] Controller idle = 658
[2026-07-06 00:32:36.103] [info] Controller idle = 1296
[2026-07-06 00:32:36.103] [info] Controller idle = 17
[2026-07-06 00:32:36.103] [info] Controller idle = 1513
[2026-07-06 00:32:36.103] [info] Controller idle = 35
[2026-07-06 00:32:36.103] [info] Controller idle = 4057
[2026-07-06 00:32:36.103] [info] Controller idle = 40
[2026-07-06 00:32:36.103] [info] Controller idle = 6257
[2026-07-06 00:32:36.103] [info] Controller idle = 33
[2026-07-06 00:32:36.103] [info] Controller idle = 582
[2026-07-06 00:32:36.103] [info] Controller idle = 3674
[2026-07-06 00:32:36.103] [info] Controller idle = 632
[2026-07-06 00:32:36.103] [info] Controller idle = 994
[2026-07-06 00:32:36.103] [info] Controller idle = 268
[2026-07-06 00:32:36.103] [info] Controller idle = 1459
[2026-07-06 00:32:36.103] [info] Controller idle = 34
[2026-07-06 00:32:36.103] [info] Controller idle = 1
[2026-07-06 00:32:36.103] [info] Controller idle = 2352
[2026-07-06 00:32:36.103] [info] Controller idle = 1905
[2026-07-06 00:32:36.103] [info] Controller idle = 34
[2026-07-06 00:32:36.103] [info] Controller idle = 6327
[2026-07-06 00:32:36.103] [info] Controller idle = 33
[2026-07-06 00:32:36.103] [info] Controller idle = 784
[2026-07-06 00:32:36.103] [info] Controller idle = 904
[2026-07-06 00:32:36.103] [info] Controller idle = 2753
[2026-07-06 00:32:36.103] [info] Controller idle = 644
[2026-07-06 00:32:36.103] [info] Controller idle = 1309
[2026-07-06 00:32:36.103] [info] Controller idle = 1466
[2026-07-06 00:32:36.103] [info] Controller idle = 33
[2026-07-06 00:32:36.103] [info] Controller idle = 1302
[2026-07-06 00:32:36.103] [info] Controller idle = 2837
[2026-07-06 00:32:36.103] [info] Controller idle = 3
[2026-07-06 00:32:36.103] [info] Controller idle = 36
[2026-07-06 00:32:36.103] [info] Controller idle = 7183
[2026-07-06 00:32:36.103] [info] Controller idle = 34
[2026-07-06 00:32:36.103] [info] Controller idle = 2348
[2026-07-06 00:32:36.103] [info] Controller idle = 1701
[2026-07-06 00:32:36.103] [info] Controller idle = 128
[2026-07-06 00:32:36.103] [info] Controller idle = 591
[2026-07-06 00:32:36.103] [info] Controller idle = 1294
[2026-07-06 00:32:36.103] [info] Controller idle = 1466
[2026-07-06 00:32:36.103] [info] Controller idle = 38
[2026-07-06 00:32:36.103] [info] Controller idle = 1380
[2026-07-06 00:32:36.103] [info] Controller idle = 2795
[2026-07-06 00:32:36.103] [info] Controller idle = 31
[2026-07-06 00:32:36.103] [info] Controller idle = 6362
[2026-07-06 00:32:36.103] [info] Controller idle = 33
[2026-07-06 00:32:36.103] [info] Controller idle = 546
[2026-07-06 00:32:36.103] [info] Controller idle = 710
[2026-07-06 00:32:36.103] [info] Controller idle = 2946
[2026-07-06 00:32:36.103] [info] Controller idle = 630
[2026-07-06 00:32:36.103] [info] Controller idle = 1278
[2026-07-06 00:32:36.103] [info] Controller idle = 11
[2026-07-06 00:32:36.103] [info] Controller idle = 435
[2026-07-06 00:32:36.103] [info] Controller idle = 933
[2026-07-06 00:32:36.103] [info] Controller idle = 33
[2026-07-06 00:32:36.103] [info] Controller idle = 898
[2026-07-06 00:32:36.103] [info] Controller idle = 3088
[2026-07-06 00:32:36.103] [info] Controller idle = 48
[2026-07-06 00:32:36.103] [info] Controller idle = 2555
[2026-07-06 00:32:36.103] [info] Controller idle = 3674
[2026-07-06 00:32:36.103] [info] Controller idle = 34
[2026-07-06 00:32:36.103] [info] Controller idle = 571
[2026-07-06 00:32:36.103] [info] Controller idle = 904
[2026-07-06 00:32:36.103] [info] Controller idle = 2752
[2026-07-06 00:32:36.103] [info] Controller idle = 618
[2026-07-06 00:32:36.103] [info] Controller idle = 1295
[2026-07-06 00:32:36.103] [info] Controller idle = 392
[2026-07-06 00:32:36.103] [info] Controller idle = 995
[2026-07-06 00:32:36.103] [info] Controller idle = 33
[2026-07-06 00:32:36.103] [info] Controller idle = 4124
[2026-07-06 00:32:36.103] [info] Controller idle = 36
[2026-07-06 00:32:36.103] [info] Controller idle = 2529
[2026-07-06 00:32:36.103] [info] Controller idle = 3684
[2026-07-06 00:32:36.103] [info] Controller idle = 40
[2026-07-06 00:32:36.103] [info] Controller idle = 1317
[2026-07-06 00:32:36.103] [info] Controller idle = 137
[2026-07-06 00:32:36.103] [info] Controller idle = 3675
[2026-07-06 00:32:36.103] [info] Controller idle = 623
[2026-07-06 00:32:36.103] [info] Controller idle = 1298
[2026-07-06 00:32:36.103] [info] Controller idle = 5
[2026-07-06 00:32:36.103] [info] Controller idle = 7
[2026-07-06 00:32:36.103] [info] Controller idle = 1485
[2026-07-06 00:32:36.103] [info] Controller idle = 34
[2026-07-06 00:32:36.103] [info] Controller idle = 1
[2026-07-06 00:32:36.103] [info] Controller idle = 4249
[2026-07-06 00:32:36.103] [info] Controller idle = 31
[2026-07-06 00:32:36.103] [info] Controller idle = 2533
[2026-07-06 00:32:36.103] [info] Controller idle = 3672
[2026-07-06 00:32:36.103] [info] Controller idle = 34
[2026-07-06 00:32:36.103] [info] Controller idle = 4187
[2026-07-06 00:32:36.103] [info] Controller idle = 618
[2026-07-06 00:32:36.103] [info] Controller idle = 1350
[2026-07-06 00:32:36.103] [info] Controller idle = 3
[2026-07-06 00:32:36.103] [info] Controller idle = 1447
[2026-07-06 00:32:36.103] [info] Controller idle = 34
[2026-07-06 00:32:36.103] [info] Controller idle = 4345
[2026-07-06 00:32:36.103] [info] Controller idle = 33
[2026-07-06 00:32:36.103] [info] Controller idle = 6505
[2026-07-06 00:32:36.103] [info] Controller idle = 42
[2026-07-06 00:32:36.103] [info] Controller idle = 12
MemorySystem:
  impl: GenericDRAM
  total_num_other_requests: 0
  total_num_write_requests: 5467
  total_num_read_requests: 442043
  memory_system_cycles: 1104017

  DRAM:
    impl: HBM2
    dram_commands: 798712
  AddrMapper:
    impl: RoBaRaCoCh
  Controller:
    impl: Generic
    id: Channel 0
    Scheduler:
      impl: FRFCFS
    RefreshManager:
      impl: AllBank



Frontend:
  impl: GEM5

[2026-07-06 00:32:36.103] [info] Row hits: 270068, Row misses: 1356, Row conflicts: 175005
[2026-07-06 00:32:36.103] [info] Controller idle = 11
[2026-07-06 00:32:36.103] [info] Controller idle = 153
[2026-07-06 00:32:36.103] [info] Controller idle = 772
[2026-07-06 00:32:36.103] [info] Controller idle = 235
[2026-07-06 00:32:36.103] [info] Controller idle = 179
[2026-07-06 00:32:36.103] [info] Controller idle = 279
[2026-07-06 00:32:36.103] [info] Controller idle = 203
[2026-07-06 00:32:36.103] [info] Controller idle = 228
[2026-07-06 00:32:36.103] [info] Controller idle = 182
[2026-07-06 00:32:36.103] [info] Controller idle = 267
[2026-07-06 00:32:36.103] [info] Controller idle = 173
[2026-07-06 00:32:36.103] [info] Controller idle = 1150
[2026-07-06 00:32:36.103] [info] Controller idle = 1484
[2026-07-06 00:32:36.103] [info] Controller idle = 122
[2026-07-06 00:32:36.103] [info] Controller idle = 4
[2026-07-06 00:32:36.103] [info] Controller idle = 3
[2026-07-06 00:32:36.103] [info] Controller idle = 1
[2026-07-06 00:32:36.103] [info] Controller idle = 6
[2026-07-06 00:32:36.103] [info] Controller idle = 15
[2026-07-06 00:32:36.103] [info] Controller idle = 8
[2026-07-06 00:32:36.103] [info] Controller idle = 6
[2026-07-06 00:32:36.103] [info] Controller idle = 5
[2026-07-06 00:32:36.103] [info] Controller idle = 9
[2026-07-06 00:32:36.103] [info] Controller idle = 1
[2026-07-06 00:32:36.103] [info] Controller idle = 1
[2026-07-06 00:32:36.103] [info] Controller idle = 39
[2026-07-06 00:32:36.103] [info] Controller idle = 2
[2026-07-06 00:32:36.103] [info] Controller idle = 1527
[2026-07-06 00:32:36.103] [info] Controller idle = 2
[2026-07-06 00:32:36.103] [info] Controller idle = 1
[2026-07-06 00:32:36.103] [info] Controller idle = 9
[2026-07-06 00:32:36.103] [info] Controller idle = 1
[2026-07-06 00:32:36.103] [info] Controller idle = 3
[2026-07-06 00:32:36.103] [info] Controller idle = 3
[2026-07-06 00:32:36.103] [info] Controller idle = 6
[2026-07-06 00:32:36.103] [info] Controller idle = 172
[2026-07-06 00:32:36.103] [info] Controller idle = 971
[2026-07-06 00:32:36.103] [info] Controller idle = 181
[2026-07-06 00:32:36.103] [info] Controller idle = 323
[2026-07-06 00:32:36.103] [info] Controller idle = 180
[2026-07-06 00:32:36.103] [info] Controller idle = 315
[2026-07-06 00:32:36.103] [info] Controller idle = 131
[2026-07-06 00:32:36.103] [info] Controller idle = 322
[2026-07-06 00:32:36.103] [info] Controller idle = 169
[2026-07-06 00:32:36.103] [info] Controller idle = 71
[2026-07-06 00:32:36.103] [info] Controller idle = 3963
[2026-07-06 00:32:36.103] [info] Controller idle = 258
[2026-07-06 00:32:36.103] [info] Controller idle = 8
[2026-07-06 00:32:36.103] [info] Controller idle = 3
[2026-07-06 00:32:36.103] [info] Controller idle = 4
[2026-07-06 00:32:36.103] [info] Controller idle = 2
[2026-07-06 00:32:36.103] [info] Controller idle = 2
[2026-07-06 00:32:36.103] [info] Controller idle = 3
[2026-07-06 00:32:36.103] [info] Controller idle = 4
[2026-07-06 00:32:36.103] [info] Controller idle = 2
[2026-07-06 00:32:36.103] [info] Controller idle = 1
[2026-07-06 00:32:36.103] [info] Controller idle = 3
[2026-07-06 00:32:36.103] [info] Controller idle = 5
[2026-07-06 00:32:36.103] [info] Controller idle = 1
[2026-07-06 00:32:36.103] [info] Controller idle = 5
[2026-07-06 00:32:36.103] [info] Controller idle = 2
[2026-07-06 00:32:36.103] [info] Controller idle = 3160
[2026-07-06 00:32:36.103] [info] Controller idle = 5
[2026-07-06 00:32:36.103] [info] Controller idle = 3
[2026-07-06 00:32:36.103] [info] Controller idle = 14
[2026-07-06 00:32:36.103] [info] Controller idle = 1542
[2026-07-06 00:32:36.103] [info] Controller idle = 2753
[2026-07-06 00:32:36.103] [info] Controller idle = 652
[2026-07-06 00:32:36.103] [info] Controller idle = 1289
[2026-07-06 00:32:36.103] [info] Controller idle = 464
[2026-07-06 00:32:36.103] [info] Controller idle = 1196
[2026-07-06 00:32:36.103] [info] Controller idle = 33
[2026-07-06 00:32:36.103] [info] Controller idle = 1
[2026-07-06 00:32:36.103] [info] Controller idle = 4203
[2026-07-06 00:32:36.103] [info] Controller idle = 37
[2026-07-06 00:32:36.103] [info] Controller idle = 2866
[2026-07-06 00:32:36.103] [info] Controller idle = 3780
[2026-07-06 00:32:36.103] [info] Controller idle = 34
[2026-07-06 00:32:36.103] [info] Controller idle = 633
[2026-07-06 00:32:36.103] [info] Controller idle = 714
[2026-07-06 00:32:36.103] [info] Controller idle = 2942
[2026-07-06 00:32:36.103] [info] Controller idle = 660
[2026-07-06 00:32:36.103] [info] Controller idle = 1304
[2026-07-06 00:32:36.103] [info] Controller idle = 1538
[2026-07-06 00:32:36.103] [info] Controller idle = 34
[2026-07-06 00:32:36.103] [info] Controller idle = 1
[2026-07-06 00:32:36.103] [info] Controller idle = 4185
[2026-07-06 00:32:36.103] [info] Controller idle = 28
[2026-07-06 00:32:36.103] [info] Controller idle = 2
[2026-07-06 00:32:36.103] [info] Controller idle = 2580
[2026-07-06 00:32:36.103] [info] Controller idle = 3673
[2026-07-06 00:32:36.103] [info] Controller idle = 33
[2026-07-06 00:32:36.103] [info] Controller idle = 1175
[2026-07-06 00:32:36.103] [info] Controller idle = 2904
[2026-07-06 00:32:36.103] [info] Controller idle = 588
[2026-07-06 00:32:36.103] [info] Controller idle = 1284
[2026-07-06 00:32:36.103] [info] Controller idle = 1486
[2026-07-06 00:32:36.103] [info] Controller idle = 33
[2026-07-06 00:32:36.103] [info] Controller idle = 4150
[2026-07-06 00:32:36.103] [info] Controller idle = 45
[2026-07-06 00:32:36.103] [info] Controller idle = 6230
[2026-07-06 00:32:36.103] [info] Controller idle = 34
[2026-07-06 00:32:36.103] [info] Controller idle = 4133
[2026-07-06 00:32:36.103] [info] Controller idle = 648
[2026-07-06 00:32:36.103] [info] Controller idle = 1327
[2026-07-06 00:32:36.103] [info] Controller idle = 4
[2026-07-06 00:32:36.103] [info] Controller idle = 443
[2026-07-06 00:32:36.103] [info] Controller idle = 1033
[2026-07-06 00:32:36.103] [info] Controller idle = 39
[2026-07-06 00:32:36.103] [info] Controller idle = 4357
[2026-07-06 00:32:36.103] [info] Controller idle = 31
[2026-07-06 00:32:36.103] [info] Controller idle = 6198
[2026-07-06 00:32:36.103] [info] Controller idle = 35
[2026-07-06 00:32:36.103] [info] Controller idle = 4255
[2026-07-06 00:32:36.103] [info] Controller idle = 658
[2026-07-06 00:32:36.103] [info] Controller idle = 1293
[2026-07-06 00:32:36.103] [info] Controller idle = 1530
[2026-07-06 00:32:36.103] [info] Controller idle = 33
[2026-07-06 00:32:36.103] [info] Controller idle = 1
[2026-07-06 00:32:36.103] [info] Controller idle = 4386
[2026-07-06 00:32:36.103] [info] Controller idle = 36
[2026-07-06 00:32:36.103] [info] Controller idle = 6536
[2026-07-06 00:32:36.103] [info] Controller idle = 34
[2026-07-06 00:32:36.103] [info] Controller idle = 4224
[2026-07-06 00:32:36.103] [info] Controller idle = 635
[2026-07-06 00:32:36.103] [info] Controller idle = 1318
[2026-07-06 00:32:36.103] [info] Controller idle = 1450
[2026-07-06 00:32:36.103] [info] Controller idle = 33
[2026-07-06 00:32:36.103] [info] Controller idle = 1
[2026-07-06 00:32:36.103] [info] Controller idle = 1
[2026-07-06 00:32:36.103] [info] Controller idle = 2142
[2026-07-06 00:32:36.103] [info] Controller idle = 2904
[2026-07-06 00:32:36.103] [info] Controller idle = 29
[2026-07-06 00:32:36.103] [info] Controller idle = 6363
[2026-07-06 00:32:36.103] [info] Controller idle = 34
[2026-07-06 00:32:36.103] [info] Controller idle = 1
[2026-07-06 00:32:36.103] [info] Controller idle = 517
[2026-07-06 00:32:36.103] [info] Controller idle = 3675
[2026-07-06 00:32:36.103] [info] Controller idle = 657
[2026-07-06 00:32:36.103] [info] Controller idle = 1282
[2026-07-06 00:32:36.103] [info] Controller idle = 6
[2026-07-06 00:32:36.103] [info] Controller idle = 1534
[2026-07-06 00:32:36.103] [info] Controller idle = 35
[2026-07-06 00:32:36.103] [info] Controller idle = 2471
[2026-07-06 00:32:36.103] [info] Controller idle = 1828
[2026-07-06 00:32:36.103] [info] Controller idle = 35
[2026-07-06 00:32:36.103] [info] Controller idle = 6386
[2026-07-06 00:32:36.103] [info] Controller idle = 33
[2026-07-06 00:32:36.103] [info] Controller idle = 4161
[2026-07-06 00:32:36.103] [info] Controller idle = 657
[2026-07-06 00:32:36.103] [info] Controller idle = 1281
[2026-07-06 00:32:36.103] [info] Controller idle = 1470
[2026-07-06 00:32:36.103] [info] Controller idle = 33
[2026-07-06 00:32:36.103] [info] Controller idle = 1407
[2026-07-06 00:32:36.103] [info] Controller idle = 2827
[2026-07-06 00:32:36.103] [info] Controller idle = 29
[2026-07-06 00:32:36.103] [info] Controller idle = 6324
[2026-07-06 00:32:36.103] [info] Controller idle = 33
[2026-07-06 00:32:36.103] [info] Controller idle = 4482
[2026-07-06 00:32:36.103] [info] Controller idle = 636
[2026-07-06 00:32:36.103] [info] Controller idle = 1310
[2026-07-06 00:32:36.103] [info] Controller idle = 1478
[2026-07-06 00:32:36.103] [info] Controller idle = 33
[2026-07-06 00:32:36.103] [info] Controller idle = 4129
[2026-07-06 00:32:36.103] [info] Controller idle = 30
[2026-07-06 00:32:36.103] [info] Controller idle = 6664
[2026-07-06 00:32:36.103] [info] Controller idle = 34
[2026-07-06 00:32:36.103] [info] Controller idle = 555
[2026-07-06 00:32:36.103] [info] Controller idle = 904
[2026-07-06 00:32:36.103] [info] Controller idle = 1701
[2026-07-06 00:32:36.103] [info] Controller idle = 1050
[2026-07-06 00:32:36.103] [info] Controller idle = 594
[2026-07-06 00:32:36.103] [info] Controller idle = 1302
[2026-07-06 00:32:36.103] [info] Controller idle = 526
[2026-07-06 00:32:36.103] [info] Controller idle = 937
[2026-07-06 00:32:36.103] [info] Controller idle = 33
[2026-07-06 00:32:36.103] [info] Controller idle = 1
[2026-07-06 00:32:36.103] [info] Controller idle = 1155
[2026-07-06 00:32:36.103] [info] Controller idle = 2959
[2026-07-06 00:32:36.103] [info] Controller idle = 29
[2026-07-06 00:32:36.103] [info] Controller idle = 6308
[2026-07-06 00:32:36.103] [info] Controller idle = 33
[2026-07-06 00:32:36.103] [info] Controller idle = 2359
[2026-07-06 00:32:36.103] [info] Controller idle = 2024
[2026-07-06 00:32:36.103] [info] Controller idle = 636
[2026-07-06 00:32:36.103] [info] Controller idle = 1279
[2026-07-06 00:32:36.103] [info] Controller idle = 478
[2026-07-06 00:32:36.103] [info] Controller idle = 905
[2026-07-06 00:32:36.103] [info] Controller idle = 33
[2026-07-06 00:32:36.103] [info] Controller idle = 4108
[2026-07-06 00:32:36.103] [info] Controller idle = 58
[2026-07-06 00:32:36.103] [info] Controller idle = 2705
[2026-07-06 00:32:36.103] [info] Controller idle = 3727
[2026-07-06 00:32:36.103] [info] Controller idle = 34
[2026-07-06 00:32:36.103] [info] Controller idle = 4213
[2026-07-06 00:32:36.103] [info] Controller idle = 626
[2026-07-06 00:32:36.103] [info] Controller idle = 1294
[2026-07-06 00:32:36.103] [info] Controller idle = 268
[2026-07-06 00:32:36.103] [info] Controller idle = 1049
[2026-07-06 00:32:36.103] [info] Controller idle = 33
[2026-07-06 00:32:36.103] [info] Controller idle = 4206
[2026-07-06 00:32:36.103] [info] Controller idle = 33
[2026-07-06 00:32:36.103] [info] Controller idle = 3
[2026-07-06 00:32:36.103] [info] Controller idle = 2473
[2026-07-06 00:32:36.103] [info] Controller idle = 3673
[2026-07-06 00:32:36.103] [info] Controller idle = 34
[2026-07-06 00:32:36.103] [info] Controller idle = 496
[2026-07-06 00:32:36.103] [info] Controller idle = 726
[2026-07-06 00:32:36.103] [info] Controller idle = 3851
[2026-07-06 00:32:36.103] [info] Controller idle = 615
[2026-07-06 00:32:36.103] [info] Controller idle = 1297
[2026-07-06 00:32:36.103] [info] Controller idle = 13
[2026-07-06 00:32:36.103] [info] Controller idle = 1497
[2026-07-06 00:32:36.103] [info] Controller idle = 34
[2026-07-06 00:32:36.103] [info] Controller idle = 1
[2026-07-06 00:32:36.103] [info] Controller idle = 446
[2026-07-06 00:32:36.103] [info] Controller idle = 3849
[2026-07-06 00:32:36.103] [info] Controller idle = 30
[2026-07-06 00:32:36.103] [info] Controller idle = 6164
[2026-07-06 00:32:36.103] [info] Controller idle = 34
[2026-07-06 00:32:36.103] [info] Controller idle = 506
[2026-07-06 00:32:36.103] [info] Controller idle = 3674
[2026-07-06 00:32:36.103] [info] Controller idle = 593
[2026-07-06 00:32:36.103] [info] Controller idle = 1320
[2026-07-06 00:32:36.103] [info] Controller idle = 1459
[2026-07-06 00:32:36.103] [info] Controller idle = 34
[2026-07-06 00:32:36.103] [info] Controller idle = 4284
[2026-07-06 00:32:36.103] [info] Controller idle = 27
[2026-07-06 00:32:36.103] [info] Controller idle = 6223
[2026-07-06 00:32:36.103] [info] Controller idle = 35
[2026-07-06 00:32:36.103] [info] Controller idle = 10
MemorySystem:
  impl: GenericDRAM
  total_num_other_requests: 0
  total_num_write_requests: 5477
  total_num_read_requests: 441991
  memory_system_cycles: 1104017

  DRAM:
    impl: HBM2
    dram_commands: 799113
  AddrMapper:
    impl: RoBaRaCoCh
  Controller:
    impl: Generic
    id: Channel 0
    Scheduler:
      impl: FRFCFS
    RefreshManager:
      impl: AllBank



[2026-07-06 00:32:36.104] [info] Simulation time: 307.694127 seconds
[2026-07-06 00:32:36.104] [info] Total tile: 621, simulated tile per seconds(TPS): 2.019125
