[2026-06-29 17:08:58.879] [info] CPU 0: Partition 0
[2026-06-29 17:08:58.879] [info] CPU 1: Partition 0
[2026-06-29 17:08:58.879] [info] CPU 2: Partition 0
[2026-06-29 17:08:58.879] [info] CPU 3: Partition 0
[2026-06-29 17:08:58.879] [info] Running in default mode
[2026-06-29 17:08:58.879] [info] Simulator Configuration:
[2026-06-29 17:08:58.879] [info] [Core 0] Systolic Array Throughput: 131072 GFLOPS, Spad size: 32768 KB, Accumulator size: 4096 KB
[2026-06-29 17:08:58.879] [info] [Core 1] Systolic Array Throughput: 131072 GFLOPS, Spad size: 32768 KB, Accumulator size: 4096 KB
[2026-06-29 17:08:58.879] [info] [Core 2] Systolic Array Throughput: 131072 GFLOPS, Spad size: 32768 KB, Accumulator size: 4096 KB
[2026-06-29 17:08:58.879] [info] [Core 3] Systolic Array Throughput: 131072 GFLOPS, Spad size: 32768 KB, Accumulator size: 4096 KB
[2026-06-29 17:08:58.879] [info] DRAM Bandwidth 614 GB/s
[2026-06-29 17:08:58.879] [info] Ramulator2 config: /workspace/ONNXim/configs/../configs/ramulator2_configs/HBM2.yaml
[2026-06-29 17:08:58.890] [info] Initialize Booksim2
[2026-06-29 17:08:58.890] [info] Config path : /workspace/ONNXim/configs/../configs/booksim2_configs/fly_c64_m16.icnt
[2026-06-29 17:08:58.894] [info] No mapping file path : /workspace/ONNXim/models/resnet18/resnet18.mapping
[2026-06-29 17:08:58.894] [info] Register model: resnet18
[2026-06-29 17:08:58.894] [info] Model Name
[2026-06-29 17:08:58.966] [info] ======Start Simulation=====
[2026-06-29 17:08:59.010] [info] [Conv] Used gemmini convolution mapping: [T] N1 C3 M64 P112 Q112 S7 R7 - [O] N1 C1 M1 P4 Q1 S1 R1 - [I] N1 C3 M64 P36 Q112 S7 R7
[2026-06-29 17:08:59.102] [info] [Conv] Used gemmini convolution mapping: [T] N1 C64 M64 P56 Q56 S3 R3 - [O] N1 C1 M1 P1 Q1 S1 R1 - [I] N1 C64 M64 P56 Q56 S3 R3
[2026-06-29 17:08:59.254] [info] [Conv] Used gemmini convolution mapping: [T] N1 C64 M128 P28 Q28 S3 R3 - [O] N1 C1 M1 P1 Q1 S1 R1 - [I] N1 C64 M128 P28 Q28 S3 R3
[2026-06-29 17:08:59.269] [info] [Conv] Used gemmini convolution mapping: [T] N1 C64 M128 P28 Q28 S1 R1 - [O] N1 C1 M1 P1 Q1 S1 R1 - [I] N1 C64 M128 P28 Q28 S1 R1
[2026-06-29 17:08:59.280] [info] [Conv] Used gemmini convolution mapping: [T] N1 C128 M128 P28 Q28 S3 R3 - [O] N1 C1 M1 P1 Q1 S1 R1 - [I] N1 C128 M128 P28 Q28 S3 R3
[2026-06-29 17:08:59.346] [info] [Conv] Used gemmini convolution mapping: [T] N1 C128 M256 P14 Q14 S3 R3 - [O] N1 C1 M1 P1 Q1 S1 R1 - [I] N1 C128 M256 P14 Q14 S3 R3
[2026-06-29 17:08:59.366] [info] [Conv] Used gemmini convolution mapping: [T] N1 C128 M256 P14 Q14 S1 R1 - [O] N1 C1 M1 P1 Q1 S1 R1 - [I] N1 C128 M256 P14 Q14 S1 R1
[2026-06-29 17:08:59.372] [info] [Conv] Used gemmini convolution mapping: [T] N1 C256 M256 P14 Q14 S3 R3 - [O] N1 C1 M1 P1 Q1 S1 R1 - [I] N1 C256 M256 P14 Q14 S3 R3
[2026-06-29 17:08:59.484] [info] [Conv] Used gemmini convolution mapping: [T] N1 C256 M512 P7 Q7 S3 R3 - [O] N1 C1 M1 P1 Q1 S1 R1 - [I] N1 C256 M512 P7 Q7 S3 R3
[2026-06-29 17:08:59.548] [info] [Conv] Used gemmini convolution mapping: [T] N1 C256 M512 P7 Q7 S1 R1 - [O] N1 C1 M1 P1 Q1 S1 R1 - [I] N1 C256 M512 P7 Q7 S1 R1
[2026-06-29 17:08:59.557] [info] [Conv] Used gemmini convolution mapping: [T] N1 C512 M512 P7 Q7 S3 R3 - [O] N1 C1 M1 P1 Q1 S1 R1 - [I] N1 C512 M512 P7 Q7 S3 R3
[2026-06-29 17:08:59.877] [info] [GEMM] spad_size: 33554432 accum_size: 4194304
[2026-06-29 17:08:59.877] [info] [GEMM] required_sram_size: 393216 required_accum_size: 65536
[2026-06-29 17:08:59.877] [info] [GEMM] Used gemmini gemm mapping: Total N:1 C:512 M:1000, Outer N:1 C:1 M:4, Inner N:128 C:512 M:256
[2026-06-29 17:08:59.882] [info] [GemmWs] Keys K = 512, N = 1, M = 1000
[2026-06-29 17:08:59.882] [info] [GemmWS]: total 0.001025 GFLOPs, 0.001029024 GB
[2026-06-29 17:08:59.882] [info] [GemmWS]: Theoretical time(ms): 0.0016759348682171549 Compute time: 7.820129432900558e-06 Memory time: 0.0016759348682171549
[2026-06-29 17:08:59.882] [info] /workspace/ONNXim/models/resnet18/resnet18.onnx Model initialization time: 0.915963 seconds
[2026-06-29 17:08:59.882] [info] Schedule model: resnet18 at 1000 us
[2026-06-29 17:08:59.882] [info] MODEL resnet18 Scheduled, Total Request: 1
[2026-06-29 17:08:59.882] [info] executable layer count 1
[2026-06-29 17:08:59.882] [info] Start layer Conv_0
[2026-06-29 17:08:59.882] [info] HBM2-CH_0: BW utilization 0% (0 reads, 0 writes)
[2026-06-29 17:09:00.051] [info] HBM2-CH_0: BW utilization 4% (435 reads, 0 writes)
[2026-06-29 17:09:00.051] [info] Core [0] : MatMul active cycle 75 Vector active cycle 0 
[2026-06-29 17:09:00.052] [info] Core [0] : issued tile 1 
[2026-06-29 17:09:00.052] [info] Core [0] : Memory unit idle cycle 7884 Systolic bubble cycle 0 Core idle cycle 0 
[2026-06-29 17:09:00.052] [info] Core [0] : Systolic Array Utilization(%) 90.19 (0.94% PE util), Vector Unit Utilization(%) 0.00, Total cycle: 8000
[2026-06-29 17:09:00.113] [info] HBM2-CH_0: BW utilization 0% (0 reads, 0 writes)
[2026-06-29 17:09:00.113] [info] Core [0] : MatMul active cycle 90 Vector active cycle 0 
[2026-06-29 17:09:00.113] [info] Core [0] : issued tile 1 
[2026-06-29 17:09:00.113] [info] Core [0] : Memory unit idle cycle 8000 Systolic bubble cycle 0 Core idle cycle 0 
[2026-06-29 17:09:00.113] [info] Core [0] : Systolic Array Utilization(%) 100.00 (1.12% PE util), Vector Unit Utilization(%) 0.00, Total cycle: 16000
[2026-06-29 17:09:00.197] [info] HBM2-CH_0: BW utilization 1% (0 reads, 112 writes)
[2026-06-29 17:09:00.197] [info] Core [0] : MatMul active cycle 80 Vector active cycle 0 
[2026-06-29 17:09:00.197] [info] Core [0] : issued tile 0 
[2026-06-29 17:09:00.197] [info] Core [0] : Memory unit idle cycle 7888 Systolic bubble cycle 0 Core idle cycle 646 
[2026-06-29 17:09:00.197] [info] Core [0] : Systolic Array Utilization(%) 87.39 (1.00% PE util), Vector Unit Utilization(%) 0.00, Total cycle: 24000
[2026-06-29 17:09:00.252] [info] HBM2-CH_0: BW utilization 0% (0 reads, 0 writes)
[2026-06-29 17:09:00.252] [info] Core [0] : MatMul active cycle 0 Vector active cycle 0 
[2026-06-29 17:09:00.252] [info] Core [0] : issued tile 0 
[2026-06-29 17:09:00.252] [info] Core [0] : Memory unit idle cycle 8000 Systolic bubble cycle 0 Core idle cycle 8000 
[2026-06-29 17:09:00.252] [info] Core [0] : Systolic Array Utilization(%) 0.00 (0.00% PE util), Vector Unit Utilization(%) 0.00, Total cycle: 32000
[2026-06-29 17:09:00.306] [info] HBM2-CH_0: BW utilization 0% (0 reads, 0 writes)
[2026-06-29 17:09:00.306] [info] Core [0] : MatMul active cycle 0 Vector active cycle 0 
[2026-06-29 17:09:00.306] [info] Core [0] : issued tile 0 
[2026-06-29 17:09:00.306] [info] Core [0] : Memory unit idle cycle 8000 Systolic bubble cycle 0 Core idle cycle 8000 
[2026-06-29 17:09:00.306] [info] Core [0] : Systolic Array Utilization(%) 0.00 (0.00% PE util), Vector Unit Utilization(%) 0.00, Total cycle: 40000
[2026-06-29 17:09:00.361] [info] HBM2-CH_0: BW utilization 0% (0 reads, 0 writes)
[2026-06-29 17:09:00.361] [info] Core [0] : MatMul active cycle 0 Vector active cycle 0 
[2026-06-29 17:09:00.361] [info] Core [0] : issued tile 0 
[2026-06-29 17:09:00.361] [info] Core [0] : Memory unit idle cycle 8000 Systolic bubble cycle 0 Core idle cycle 8000 
[2026-06-29 17:09:00.361] [info] Core [0] : Systolic Array Utilization(%) 0.00 (0.00% PE util), Vector Unit Utilization(%) 0.00, Total cycle: 48000
[2026-06-29 17:09:00.415] [info] HBM2-CH_0: BW utilization 0% (0 reads, 0 writes)
[2026-06-29 17:09:00.415] [info] Core [0] : MatMul active cycle 0 Vector active cycle 0 
[2026-06-29 17:09:00.415] [info] Core [0] : issued tile 0 
[2026-06-29 17:09:00.415] [info] Core [0] : Memory unit idle cycle 8000 Systolic bubble cycle 0 Core idle cycle 8000 
[2026-06-29 17:09:00.415] [info] Core [0] : Systolic Array Utilization(%) 0.00 (0.00% PE util), Vector Unit Utilization(%) 0.00, Total cycle: 56000
[2026-06-29 17:09:00.472] [info] HBM2-CH_0: BW utilization 0% (0 reads, 0 writes)
[2026-06-29 17:09:00.472] [info] Core [0] : MatMul active cycle 0 Vector active cycle 0 
[2026-06-29 17:09:00.472] [info] Core [0] : issued tile 0 
[2026-06-29 17:09:00.472] [info] Core [0] : Memory unit idle cycle 8000 Systolic bubble cycle 0 Core idle cycle 8000 
[2026-06-29 17:09:00.472] [info] Core [0] : Systolic Array Utilization(%) 0.00 (0.00% PE util), Vector Unit Utilization(%) 0.00, Total cycle: 64000
[2026-06-29 17:09:00.526] [info] HBM2-CH_0: BW utilization 0% (0 reads, 0 writes)
[2026-06-29 17:09:00.526] [info] Core [0] : MatMul active cycle 0 Vector active cycle 0 
[2026-06-29 17:09:00.526] [info] Core [0] : issued tile 0 
[2026-06-29 17:09:00.526] [info] Core [0] : Memory unit idle cycle 8000 Systolic bubble cycle 0 Core idle cycle 8000 
[2026-06-29 17:09:00.526] [info] Core [0] : Systolic Array Utilization(%) 0.00 (0.00% PE util), Vector Unit Utilization(%) 0.00, Total cycle: 72000
[2026-06-29 17:09:00.580] [info] HBM2-CH_0: BW utilization 0% (0 reads, 0 writes)
[2026-06-29 17:09:00.581] [info] Core [0] : MatMul active cycle 0 Vector active cycle 0 
[2026-06-29 17:09:00.581] [info] Core [0] : issued tile 0 
[2026-06-29 17:09:00.581] [info] Core [0] : Memory unit idle cycle 8000 Systolic bubble cycle 0 Core idle cycle 8000 
[2026-06-29 17:09:00.581] [info] Core [0] : Systolic Array Utilization(%) 0.00 (0.00% PE util), Vector Unit Utilization(%) 0.00, Total cycle: 80000
[2026-06-29 17:09:00.636] [info] HBM2-CH_0: BW utilization 0% (0 reads, 0 writes)
[2026-06-29 17:09:00.636] [info] Core [0] : MatMul active cycle 0 Vector active cycle 0 
[2026-06-29 17:09:00.636] [info] Core [0] : issued tile 0 
[2026-06-29 17:09:00.636] [info] Core [0] : Memory unit idle cycle 8000 Systolic bubble cycle 0 Core idle cycle 8000 
[2026-06-29 17:09:00.636] [info] Core [0] : Systolic Array Utilization(%) 0.00 (0.00% PE util), Vector Unit Utilization(%) 0.00, Total cycle: 88000
[2026-06-29 17:09:00.697] [info] HBM2-CH_0: BW utilization 0% (0 reads, 0 writes)
[2026-06-29 17:09:00.697] [info] Core [0] : MatMul active cycle 0 Vector active cycle 0 
[2026-06-29 17:09:00.697] [info] Core [0] : issued tile 0 
[2026-06-29 17:09:00.697] [info] Core [0] : Memory unit idle cycle 8000 Systolic bubble cycle 0 Core idle cycle 8000 
[2026-06-29 17:09:00.697] [info] Core [0] : Systolic Array Utilization(%) 0.00 (0.00% PE util), Vector Unit Utilization(%) 0.00, Total cycle: 96000
[2026-06-29 17:09:00.758] [info] HBM2-CH_0: BW utilization 0% (0 reads, 0 writes)
[2026-06-29 17:09:00.758] [info] Core [0] : MatMul active cycle 0 Vector active cycle 0 
[2026-06-29 17:09:00.758] [info] Core [0] : issued tile 0 
[2026-06-29 17:09:00.758] [info] Core [0] : Memory unit idle cycle 8000 Systolic bubble cycle 0 Core idle cycle 8000 
[2026-06-29 17:09:00.758] [info] Core [0] : Systolic Array Utilization(%) 0.00 (0.00% PE util), Vector Unit Utilization(%) 0.00, Total cycle: 104000
[2026-06-29 17:09:00.819] [info] HBM2-CH_0: BW utilization 0% (0 reads, 0 writes)
[2026-06-29 17:09:00.819] [info] Core [0] : MatMul active cycle 0 Vector active cycle 0 
[2026-06-29 17:09:00.819] [info] Core [0] : issued tile 0 
[2026-06-29 17:09:00.819] [info] Core [0] : Memory unit idle cycle 8000 Systolic bubble cycle 0 Core idle cycle 8000 
[2026-06-29 17:09:00.819] [info] Core [0] : Systolic Array Utilization(%) 0.00 (0.00% PE util), Vector Unit Utilization(%) 0.00, Total cycle: 112000
[2026-06-29 17:09:00.873] [info] HBM2-CH_0: BW utilization 0% (0 reads, 0 writes)
[2026-06-29 17:09:00.873] [info] Core [0] : MatMul active cycle 0 Vector active cycle 0 
[2026-06-29 17:09:00.873] [info] Core [0] : issued tile 0 
[2026-06-29 17:09:00.873] [info] Core [0] : Memory unit idle cycle 8000 Systolic bubble cycle 0 Core idle cycle 8000 
[2026-06-29 17:09:00.873] [info] Core [0] : Systolic Array Utilization(%) 0.00 (0.00% PE util), Vector Unit Utilization(%) 0.00, Total cycle: 120000
[2026-06-29 17:09:00.929] [info] HBM2-CH_0: BW utilization 0% (0 reads, 0 writes)
[2026-06-29 17:09:00.930] [info] Core [0] : MatMul active cycle 0 Vector active cycle 0 
[2026-06-29 17:09:00.930] [info] Core [0] : issued tile 0 
[2026-06-29 17:09:00.930] [info] Core [0] : Memory unit idle cycle 8000 Systolic bubble cycle 0 Core idle cycle 8000 
[2026-06-29 17:09:00.930] [info] Core [0] : Systolic Array Utilization(%) 0.00 (0.00% PE util), Vector Unit Utilization(%) 0.00, Total cycle: 128000
[2026-06-29 17:09:00.988] [info] HBM2-CH_0: BW utilization 0% (0 reads, 0 writes)
[2026-06-29 17:09:00.989] [info] Core [0] : MatMul active cycle 0 Vector active cycle 0 
[2026-06-29 17:09:00.989] [info] Core [0] : issued tile 0 
[2026-06-29 17:09:00.989] [info] Core [0] : Memory unit idle cycle 8000 Systolic bubble cycle 0 Core idle cycle 8000 
[2026-06-29 17:09:00.989] [info] Core [0] : Systolic Array Utilization(%) 0.00 (0.00% PE util), Vector Unit Utilization(%) 0.00, Total cycle: 136000
[2026-06-29 17:09:01.050] [info] HBM2-CH_0: BW utilization 0% (0 reads, 0 writes)
[2026-06-29 17:09:01.051] [info] Core [0] : MatMul active cycle 0 Vector active cycle 0 
[2026-06-29 17:09:01.051] [info] Core [0] : issued tile 0 
[2026-06-29 17:09:01.051] [info] Core [0] : Memory unit idle cycle 8000 Systolic bubble cycle 0 Core idle cycle 8000 
[2026-06-29 17:09:01.051] [info] Core [0] : Systolic Array Utilization(%) 0.00 (0.00% PE util), Vector Unit Utilization(%) 0.00, Total cycle: 144000
[2026-06-29 17:09:01.111] [info] HBM2-CH_0: BW utilization 0% (0 reads, 0 writes)
[2026-06-29 17:09:01.112] [info] Core [0] : MatMul active cycle 0 Vector active cycle 0 
[2026-06-29 17:09:01.112] [info] Core [0] : issued tile 0 
[2026-06-29 17:09:01.112] [info] Core [0] : Memory unit idle cycle 8000 Systolic bubble cycle 0 Core idle cycle 8000 
[2026-06-29 17:09:01.112] [info] Core [0] : Systolic Array Utilization(%) 0.00 (0.00% PE util), Vector Unit Utilization(%) 0.00, Total cycle: 152000
[2026-06-29 17:09:01.175] [info] HBM2-CH_0: BW utilization 0% (0 reads, 0 writes)
[2026-06-29 17:09:01.175] [info] Core [0] : MatMul active cycle 0 Vector active cycle 0 
[2026-06-29 17:09:01.175] [info] Core [0] : issued tile 0 
[2026-06-29 17:09:01.175] [info] Core [0] : Memory unit idle cycle 8000 Systolic bubble cycle 0 Core idle cycle 8000 
[2026-06-29 17:09:01.175] [info] Core [0] : Systolic Array Utilization(%) 0.00 (0.00% PE util), Vector Unit Utilization(%) 0.00, Total cycle: 160000
[2026-06-29 17:09:01.229] [info] HBM2-CH_0: BW utilization 0% (0 reads, 0 writes)
[2026-06-29 17:09:01.229] [info] Core [0] : MatMul active cycle 0 Vector active cycle 0 
[2026-06-29 17:09:01.230] [info] Core [0] : issued tile 0 
[2026-06-29 17:09:01.230] [info] Core [0] : Memory unit idle cycle 8000 Systolic bubble cycle 0 Core idle cycle 8000 
[2026-06-29 17:09:01.230] [info] Core [0] : Systolic Array Utilization(%) 0.00 (0.00% PE util), Vector Unit Utilization(%) 0.00, Total cycle: 168000
[2026-06-29 17:09:01.286] [info] HBM2-CH_0: BW utilization 0% (0 reads, 0 writes)
[2026-06-29 17:09:01.287] [info] Core [0] : MatMul active cycle 0 Vector active cycle 0 
[2026-06-29 17:09:01.287] [info] Core [0] : issued tile 0 
[2026-06-29 17:09:01.287] [info] Core [0] : Memory unit idle cycle 8000 Systolic bubble cycle 0 Core idle cycle 8000 
[2026-06-29 17:09:01.287] [info] Core [0] : Systolic Array Utilization(%) 0.00 (0.00% PE util), Vector Unit Utilization(%) 0.00, Total cycle: 176000
[2026-06-29 17:09:01.341] [info] HBM2-CH_0: BW utilization 0% (0 reads, 0 writes)
[2026-06-29 17:09:01.342] [info] Core [0] : MatMul active cycle 0 Vector active cycle 0 
[2026-06-29 17:09:01.342] [info] Core [0] : issued tile 0 
[2026-06-29 17:09:01.342] [info] Core [0] : Memory unit idle cycle 8000 Systolic bubble cycle 0 Core idle cycle 8000 
[2026-06-29 17:09:01.342] [info] Core [0] : Systolic Array Utilization(%) 0.00 (0.00% PE util), Vector Unit Utilization(%) 0.00, Total cycle: 184000
[2026-06-29 17:09:01.400] [info] HBM2-CH_0: BW utilization 0% (0 reads, 0 writes)
[2026-06-29 17:09:01.400] [info] Core [0] : MatMul active cycle 0 Vector active cycle 0 
[2026-06-29 17:09:01.400] [info] Core [0] : issued tile 0 
[2026-06-29 17:09:01.400] [info] Core [0] : Memory unit idle cycle 8000 Systolic bubble cycle 0 Core idle cycle 8000 
[2026-06-29 17:09:01.400] [info] Core [0] : Systolic Array Utilization(%) 0.00 (0.00% PE util), Vector Unit Utilization(%) 0.00, Total cycle: 192000
[2026-06-29 17:09:01.451] [info] Layer Conv_0 finish at 198608
[2026-06-29 17:09:01.451] [info] Total compute time 198608
[2026-06-29 17:09:01.451] [info] executable layer count 1
[2026-06-29 17:09:01.451] [info] Start layer MaxPool_2
[2026-06-29 17:09:01.451] [info] Layer MaxPool_2 finish at 198610
[2026-06-29 17:09:01.451] [info] Total compute time 2
[2026-06-29 17:09:01.451] [info] executable layer count 1
[2026-06-29 17:09:01.451] [info] Start layer Conv_3
[2026-06-29 17:09:02.045] [info] HBM2-CH_0: BW utilization 12% (0 reads, 1153 writes)
[2026-06-29 17:09:02.071] [info] Core [0] : MatMul active cycle 0 Vector active cycle 0 
[2026-06-29 17:09:02.071] [info] Core [0] : issued tile 0 
[2026-06-29 17:09:02.071] [info] Core [0] : Memory unit idle cycle 8000 Systolic bubble cycle 0 Core idle cycle 8000 
[2026-06-29 17:09:02.071] [info] Core [0] : Systolic Array Utilization(%) 0.00 (0.00% PE util), Vector Unit Utilization(%) 0.00, Total cycle: 200000
[2026-06-29 17:09:03.534] [info] HBM2-CH_0: BW utilization 27% (784 reads, 1871 writes)
[2026-06-29 17:09:03.535] [info] Core [0] : MatMul active cycle 0 Vector active cycle 0 
[2026-06-29 17:09:03.535] [info] Core [0] : issued tile 0 
[2026-06-29 17:09:03.535] [info] Core [0] : Memory unit idle cycle 8000 Systolic bubble cycle 0 Core idle cycle 8000 
[2026-06-29 17:09:03.535] [info] Core [0] : Systolic Array Utilization(%) 0.00 (0.00% PE util), Vector Unit Utilization(%) 0.00, Total cycle: 208000
[2026-06-29 17:09:03.597] [info] HBM2-CH_0: BW utilization 0% (0 reads, 0 writes)
[2026-06-29 17:09:03.598] [info] Core [0] : MatMul active cycle 0 Vector active cycle 0 
[2026-06-29 17:09:03.598] [info] Core [0] : issued tile 0 
[2026-06-29 17:09:03.598] [info] Core [0] : Memory unit idle cycle 8000 Systolic bubble cycle 0 Core idle cycle 8000 
[2026-06-29 17:09:03.598] [info] Core [0] : Systolic Array Utilization(%) 0.00 (0.00% PE util), Vector Unit Utilization(%) 0.00, Total cycle: 216000
[2026-06-29 17:09:03.663] [info] HBM2-CH_0: BW utilization 0% (0 reads, 0 writes)
[2026-06-29 17:09:03.664] [info] Core [0] : MatMul active cycle 0 Vector active cycle 0 
[2026-06-29 17:09:03.664] [info] Core [0] : issued tile 0 
[2026-06-29 17:09:03.664] [info] Core [0] : Memory unit idle cycle 8000 Systolic bubble cycle 0 Core idle cycle 8000 
[2026-06-29 17:09:03.664] [info] Core [0] : Systolic Array Utilization(%) 0.00 (0.00% PE util), Vector Unit Utilization(%) 0.00, Total cycle: 224000
[2026-06-29 17:09:03.725] [info] HBM2-CH_0: BW utilization 0% (0 reads, 0 writes)
[2026-06-29 17:09:03.727] [info] Layer Conv_3 finish at 231958
[2026-06-29 17:09:03.727] [info] Total compute time 33348
[2026-06-29 17:09:03.727] [info] executable layer count 1
[2026-06-29 17:09:03.727] [info] Start layer Conv_5
[2026-06-29 17:09:03.738] [info] Core [0] : MatMul active cycle 0 Vector active cycle 0 
[2026-06-29 17:09:03.738] [info] Core [0] : issued tile 1 
[2026-06-29 17:09:03.738] [info] Core [0] : Memory unit idle cycle 7960 Systolic bubble cycle 0 Core idle cycle 7959 
[2026-06-29 17:09:03.738] [info] Core [0] : Systolic Array Utilization(%) 0.00 (0.00% PE util), Vector Unit Utilization(%) 0.00, Total cycle: 232000
[2026-06-29 17:09:04.257] [info] HBM2-CH_0: BW utilization 16% (787 reads, 784 writes)
[2026-06-29 17:09:04.258] [info] Core [0] : MatMul active cycle 784 Vector active cycle 0 
[2026-06-29 17:09:04.258] [info] Core [0] : issued tile 1 
[2026-06-29 17:09:04.258] [info] Core [0] : Memory unit idle cycle 7253 Systolic bubble cycle 0 Core idle cycle 0 
[2026-06-29 17:09:04.258] [info] Core [0] : Systolic Array Utilization(%) 72.88 (9.80% PE util), Vector Unit Utilization(%) 0.00, Total cycle: 240000
[2026-06-29 17:09:04.313] [info] HBM2-CH_0: BW utilization 0% (0 reads, 0 writes)
[2026-06-29 17:09:04.314] [info] Core [0] : MatMul active cycle 2352 Vector active cycle 0 
[2026-06-29 17:09:04.314] [info] Core [0] : issued tile 1 
[2026-06-29 17:09:04.314] [info] Core [0] : Memory unit idle cycle 8000 Systolic bubble cycle 0 Core idle cycle 0 
[2026-06-29 17:09:04.314] [info] Core [0] : Systolic Array Utilization(%) 100.00 (29.40% PE util), Vector Unit Utilization(%) 0.00, Total cycle: 248000
[2026-06-29 17:09:04.369] [info] HBM2-CH_0: BW utilization 0% (0 reads, 0 writes)
[2026-06-29 17:09:04.370] [info] Core [0] : MatMul active cycle 1568 Vector active cycle 0 
[2026-06-29 17:09:04.370] [info] Core [0] : issued tile 1 
[2026-06-29 17:09:04.370] [info] Core [0] : Memory unit idle cycle 8000 Systolic bubble cycle 0 Core idle cycle 0 
[2026-06-29 17:09:04.370] [info] Core [0] : Systolic Array Utilization(%) 100.00 (19.60% PE util), Vector Unit Utilization(%) 0.00, Total cycle: 256000
[2026-06-29 17:09:04.421] [info] Layer Conv_5 finish at 262650
[2026-06-29 17:09:04.421] [info] Total compute time 30692
[2026-06-29 17:09:04.421] [info] executable layer count 1
[2026-06-29 17:09:04.421] [info] Start layer Conv_8
[2026-06-29 17:09:04.723] [info] HBM2-CH_0: BW utilization 10% (508 reads, 500 writes)
[2026-06-29 17:09:04.743] [info] Core [0] : MatMul active cycle 2352 Vector active cycle 0 
[2026-06-29 17:09:04.743] [info] Core [0] : issued tile 0 
[2026-06-29 17:09:04.743] [info] Core [0] : Memory unit idle cycle 7216 Systolic bubble cycle 0 Core idle cycle 0 
[2026-06-29 17:09:04.743] [info] Core [0] : Systolic Array Utilization(%) 83.10 (29.40% PE util), Vector Unit Utilization(%) 0.00, Total cycle: 264000
[2026-06-29 17:09:04.892] [info] HBM2-CH_0: BW utilization 5% (277 reads, 283 writes)
[2026-06-29 17:09:04.892] [info] Core [0] : MatMul active cycle 0 Vector active cycle 0 
[2026-06-29 17:09:04.892] [info] Core [0] : issued tile 0 
[2026-06-29 17:09:04.892] [info] Core [0] : Memory unit idle cycle 8000 Systolic bubble cycle 0 Core idle cycle 7376 
[2026-06-29 17:09:04.892] [info] Core [0] : Systolic Array Utilization(%) 0.00 (0.00% PE util), Vector Unit Utilization(%) 0.00, Total cycle: 272000
[2026-06-29 17:09:04.949] [info] HBM2-CH_0: BW utilization 0% (0 reads, 0 writes)
[2026-06-29 17:09:04.950] [info] Core [0] : MatMul active cycle 0 Vector active cycle 0 
[2026-06-29 17:09:04.950] [info] Core [0] : issued tile 0 
[2026-06-29 17:09:04.950] [info] Core [0] : Memory unit idle cycle 8000 Systolic bubble cycle 0 Core idle cycle 8000 
[2026-06-29 17:09:04.950] [info] Core [0] : Systolic Array Utilization(%) 0.00 (0.00% PE util), Vector Unit Utilization(%) 0.00, Total cycle: 280000
[2026-06-29 17:09:05.008] [info] HBM2-CH_0: BW utilization 0% (0 reads, 0 writes)
[2026-06-29 17:09:05.009] [info] Core [0] : MatMul active cycle 0 Vector active cycle 0 
[2026-06-29 17:09:05.009] [info] Core [0] : issued tile 0 
[2026-06-29 17:09:05.009] [info] Core [0] : Memory unit idle cycle 8000 Systolic bubble cycle 0 Core idle cycle 8000 
[2026-06-29 17:09:05.009] [info] Core [0] : Systolic Array Utilization(%) 0.00 (0.00% PE util), Vector Unit Utilization(%) 0.00, Total cycle: 288000
[2026-06-29 17:09:05.053] [info] Layer Conv_8 finish at 293351
[2026-06-29 17:09:05.053] [info] Total compute time 30701
[2026-06-29 17:09:05.053] [info] executable layer count 1
[2026-06-29 17:09:05.053] [info] Start layer Conv_10
[2026-06-29 17:09:05.525] [info] HBM2-CH_0: BW utilization 16% (786 reads, 784 writes)
[2026-06-29 17:09:05.525] [info] Core [0] : MatMul active cycle 0 Vector active cycle 0 
[2026-06-29 17:09:05.525] [info] Core [0] : issued tile 0 
[2026-06-29 17:09:05.525] [info] Core [0] : Memory unit idle cycle 8000 Systolic bubble cycle 0 Core idle cycle 8000 
[2026-06-29 17:09:05.525] [info] Core [0] : Systolic Array Utilization(%) 0.00 (0.00% PE util), Vector Unit Utilization(%) 0.00, Total cycle: 296000
[2026-06-29 17:09:05.580] [info] HBM2-CH_0: BW utilization 0% (0 reads, 0 writes)
[2026-06-29 17:09:05.580] [info] Core [0] : MatMul active cycle 0 Vector active cycle 0 
[2026-06-29 17:09:05.580] [info] Core [0] : issued tile 0 
[2026-06-29 17:09:05.580] [info] Core [0] : Memory unit idle cycle 8000 Systolic bubble cycle 0 Core idle cycle 8000 
[2026-06-29 17:09:05.580] [info] Core [0] : Systolic Array Utilization(%) 0.00 (0.00% PE util), Vector Unit Utilization(%) 0.00, Total cycle: 304000
[2026-06-29 17:09:05.634] [info] HBM2-CH_0: BW utilization 0% (0 reads, 0 writes)
[2026-06-29 17:09:05.635] [info] Core [0] : MatMul active cycle 0 Vector active cycle 0 
[2026-06-29 17:09:05.635] [info] Core [0] : issued tile 0 
[2026-06-29 17:09:05.635] [info] Core [0] : Memory unit idle cycle 8000 Systolic bubble cycle 0 Core idle cycle 8000 
[2026-06-29 17:09:05.635] [info] Core [0] : Systolic Array Utilization(%) 0.00 (0.00% PE util), Vector Unit Utilization(%) 0.00, Total cycle: 312000
[2026-06-29 17:09:05.690] [info] HBM2-CH_0: BW utilization 0% (0 reads, 0 writes)
[2026-06-29 17:09:05.691] [info] Core [0] : MatMul active cycle 0 Vector active cycle 0 
[2026-06-29 17:09:05.691] [info] Core [0] : issued tile 0 
[2026-06-29 17:09:05.691] [info] Core [0] : Memory unit idle cycle 8000 Systolic bubble cycle 0 Core idle cycle 8000 
[2026-06-29 17:09:05.691] [info] Core [0] : Systolic Array Utilization(%) 0.00 (0.00% PE util), Vector Unit Utilization(%) 0.00, Total cycle: 320000
[2026-06-29 17:09:05.723] [info] Layer Conv_10 finish at 324051
[2026-06-29 17:09:05.723] [info] Total compute time 30700
[2026-06-29 17:09:05.723] [info] executable layer count 2
[2026-06-29 17:09:05.723] [info] Start layer Conv_13
[2026-06-29 17:09:06.001] [info] HBM2-CH_0: BW utilization 10% (195 reads, 785 writes)
[2026-06-29 17:09:06.001] [info] Core [0] : MatMul active cycle 0 Vector active cycle 0 
[2026-06-29 17:09:06.002] [info] Core [0] : issued tile 0 
[2026-06-29 17:09:06.002] [info] Core [0] : Memory unit idle cycle 8000 Systolic bubble cycle 0 Core idle cycle 8000 
[2026-06-29 17:09:06.002] [info] Core [0] : Systolic Array Utilization(%) 0.00 (0.00% PE util), Vector Unit Utilization(%) 0.00, Total cycle: 328000
[2026-06-29 17:09:06.034] [info] Layer Conv_13 finish at 332348
[2026-06-29 17:09:06.034] [info] Total compute time 8297
[2026-06-29 17:09:06.034] [info] executable layer count 1
[2026-06-29 17:09:06.034] [info] Start layer Conv_16
[2026-06-29 17:09:06.213] [info] Layer Conv_16 finish at 334309
[2026-06-29 17:09:06.213] [info] Total compute time 1961
[2026-06-29 17:09:06.213] [info] executable layer count 1
[2026-06-29 17:09:06.213] [info] Start layer Conv_15
[2026-06-29 17:09:06.465] [info] HBM2-CH_0: BW utilization 14% (593 reads, 784 writes)
[2026-06-29 17:09:06.466] [info] Core [0] : MatMul active cycle 392 Vector active cycle 0 
[2026-06-29 17:09:06.466] [info] Core [0] : issued tile 0 
[2026-06-29 17:09:06.466] [info] Core [0] : Memory unit idle cycle 7411 Systolic bubble cycle 0 Core idle cycle 5002 
[2026-06-29 17:09:06.466] [info] Core [0] : Systolic Array Utilization(%) 12.98 (4.90% PE util), Vector Unit Utilization(%) 0.00, Total cycle: 336000
[2026-06-29 17:09:06.522] [info] Layer Conv_15 finish at 342904
[2026-06-29 17:09:06.522] [info] Total compute time 8595
[2026-06-29 17:09:06.522] [info] executable layer count 1
[2026-06-29 17:09:06.522] [info] Start layer Conv_19
[2026-06-29 17:09:06.750] [info] HBM2-CH_0: BW utilization 7% (385 reads, 374 writes)
[2026-06-29 17:09:06.754] [info] Core [0] : MatMul active cycle 0 Vector active cycle 0 
[2026-06-29 17:09:06.754] [info] Core [0] : issued tile 0 
[2026-06-29 17:09:06.754] [info] Core [0] : Memory unit idle cycle 8000 Systolic bubble cycle 0 Core idle cycle 8000 
[2026-06-29 17:09:06.754] [info] Core [0] : Systolic Array Utilization(%) 0.00 (0.00% PE util), Vector Unit Utilization(%) 0.00, Total cycle: 344000
[2026-06-29 17:09:06.805] [info] Layer Conv_19 finish at 351490
[2026-06-29 17:09:06.805] [info] Total compute time 8586
[2026-06-29 17:09:06.805] [info] executable layer count 1
[2026-06-29 17:09:06.805] [info] Start layer Conv_21
[2026-06-29 17:09:06.876] [info] HBM2-CH_0: BW utilization 3% (163 reads, 150 writes)
[2026-06-29 17:09:06.905] [info] Core [0] : MatMul active cycle 0 Vector active cycle 0 
[2026-06-29 17:09:06.905] [info] Core [0] : issued tile 0 
[2026-06-29 17:09:06.905] [info] Core [0] : Memory unit idle cycle 8000 Systolic bubble cycle 0 Core idle cycle 8000 
[2026-06-29 17:09:06.905] [info] Core [0] : Systolic Array Utilization(%) 0.00 (0.00% PE util), Vector Unit Utilization(%) 0.00, Total cycle: 352000
[2026-06-29 17:09:07.039] [info] HBM2-CH_0: BW utilization 5% (243 reads, 259 writes)
[2026-06-29 17:09:07.040] [info] Core [0] : MatMul active cycle 0 Vector active cycle 0 
[2026-06-29 17:09:07.041] [info] Core [0] : issued tile 0 
[2026-06-29 17:09:07.041] [info] Core [0] : Memory unit idle cycle 8000 Systolic bubble cycle 0 Core idle cycle 8000 
[2026-06-29 17:09:07.041] [info] Core [0] : Systolic Array Utilization(%) 0.00 (0.00% PE util), Vector Unit Utilization(%) 0.00, Total cycle: 360000
[2026-06-29 17:09:07.042] [info] Layer Conv_21 finish at 360059
[2026-06-29 17:09:07.042] [info] Total compute time 8569
[2026-06-29 17:09:07.042] [info] executable layer count 2
[2026-06-29 17:09:07.042] [info] Start layer Conv_24
[2026-06-29 17:09:07.216] [info] Layer Conv_24 finish at 364472
[2026-06-29 17:09:07.216] [info] Total compute time 4413
[2026-06-29 17:09:07.216] [info] executable layer count 1
[2026-06-29 17:09:07.216] [info] Start layer Conv_27
[2026-06-29 17:09:07.293] [info] Layer Conv_27 finish at 365673
[2026-06-29 17:09:07.293] [info] Total compute time 1201
[2026-06-29 17:09:07.293] [info] executable layer count 1
[2026-06-29 17:09:07.293] [info] Start layer Conv_26
[2026-06-29 17:09:07.371] [info] HBM2-CH_0: BW utilization 12% (429 reads, 784 writes)
[2026-06-29 17:09:07.372] [info] Core [0] : MatMul active cycle 3528 Vector active cycle 0 
[2026-06-29 17:09:07.372] [info] Core [0] : issued tile 0 
[2026-06-29 17:09:07.372] [info] Core [0] : Memory unit idle cycle 7697 Systolic bubble cycle 0 Core idle cycle 3286 
[2026-06-29 17:09:07.372] [info] Core [0] : Systolic Array Utilization(%) 47.28 (44.10% PE util), Vector Unit Utilization(%) 0.00, Total cycle: 368000
[2026-06-29 17:09:07.435] [info] Layer Conv_26 finish at 373687
[2026-06-29 17:09:07.435] [info] Total compute time 8014
[2026-06-29 17:09:07.435] [info] executable layer count 1
[2026-06-29 17:09:07.435] [info] Start layer Conv_30
[2026-06-29 17:09:07.552] [info] HBM2-CH_0: BW utilization 4% (214 reads, 195 writes)
[2026-06-29 17:09:07.553] [info] Core [0] : MatMul active cycle 0 Vector active cycle 0 
[2026-06-29 17:09:07.553] [info] Core [0] : issued tile 0 
[2026-06-29 17:09:07.553] [info] Core [0] : Memory unit idle cycle 8000 Systolic bubble cycle 0 Core idle cycle 8000 
[2026-06-29 17:09:07.553] [info] Core [0] : Systolic Array Utilization(%) 0.00 (0.00% PE util), Vector Unit Utilization(%) 0.00, Total cycle: 376000
[2026-06-29 17:09:07.615] [info] Layer Conv_30 finish at 381707
[2026-06-29 17:09:07.615] [info] Total compute time 8020
[2026-06-29 17:09:07.615] [info] executable layer count 1
[2026-06-29 17:09:07.615] [info] Start layer Conv_32
[2026-06-29 17:09:07.693] [info] HBM2-CH_0: BW utilization 4% (214 reads, 196 writes)
[2026-06-29 17:09:07.694] [info] Core [0] : MatMul active cycle 1176 Vector active cycle 0 
[2026-06-29 17:09:07.694] [info] Core [0] : issued tile 1 
[2026-06-29 17:09:07.694] [info] Core [0] : Memory unit idle cycle 7786 Systolic bubble cycle 0 Core idle cycle 5708 
[2026-06-29 17:09:07.694] [info] Core [0] : Systolic Array Utilization(%) 19.36 (14.70% PE util), Vector Unit Utilization(%) 0.00, Total cycle: 384000
[2026-06-29 17:09:07.765] [info] Layer Conv_32 finish at 389763
[2026-06-29 17:09:07.765] [info] Total compute time 8056
[2026-06-29 17:09:07.765] [info] executable layer count 2
[2026-06-29 17:09:07.765] [info] Start layer Conv_35
[2026-06-29 17:09:07.815] [info] HBM2-CH_0: BW utilization 2% (84 reads, 195 writes)
[2026-06-29 17:09:07.816] [info] Core [0] : MatMul active cycle 5880 Vector active cycle 0 
[2026-06-29 17:09:07.816] [info] Core [0] : issued tile 0 
[2026-06-29 17:09:07.816] [info] Core [0] : Memory unit idle cycle 7804 Systolic bubble cycle 0 Core idle cycle 1949 
[2026-06-29 17:09:07.816] [info] Core [0] : Systolic Array Utilization(%) 72.01 (73.50% PE util), Vector Unit Utilization(%) 0.00, Total cycle: 392000
[2026-06-29 17:09:07.889] [info] Layer Conv_35 finish at 399644
[2026-06-29 17:09:07.889] [info] Total compute time 9881
[2026-06-29 17:09:07.889] [info] executable layer count 1
[2026-06-29 17:09:07.889] [info] Start layer Conv_38
[2026-06-29 17:09:07.904] [info] HBM2-CH_0: BW utilization 1% (53 reads, 98 writes)
[2026-06-29 17:09:07.905] [info] Core [0] : MatMul active cycle 0 Vector active cycle 0 
[2026-06-29 17:09:07.905] [info] Core [0] : issued tile 0 
[2026-06-29 17:09:07.905] [info] Core [0] : Memory unit idle cycle 8000 Systolic bubble cycle 0 Core idle cycle 8000 
[2026-06-29 17:09:07.905] [info] Core [0] : Systolic Array Utilization(%) 0.00 (0.00% PE util), Vector Unit Utilization(%) 0.00, Total cycle: 400000
[2026-06-29 17:09:07.927] [info] Layer Conv_38 finish at 401240
[2026-06-29 17:09:07.928] [info] Total compute time 1596
[2026-06-29 17:09:07.928] [info] executable layer count 1
[2026-06-29 17:09:07.928] [info] Start layer Conv_37
[2026-06-29 17:09:08.016] [info] HBM2-CH_0: BW utilization 3% (170 reads, 122 writes)
[2026-06-29 17:09:08.017] [info] Core [0] : MatMul active cycle 0 Vector active cycle 0 
[2026-06-29 17:09:08.017] [info] Core [0] : issued tile 0 
[2026-06-29 17:09:08.017] [info] Core [0] : Memory unit idle cycle 8000 Systolic bubble cycle 0 Core idle cycle 8000 
[2026-06-29 17:09:08.017] [info] Core [0] : Systolic Array Utilization(%) 0.00 (0.00% PE util), Vector Unit Utilization(%) 0.00, Total cycle: 408000
[2026-06-29 17:09:08.084] [info] HBM2-CH_0: BW utilization 0% (0 reads, 49 writes)
[2026-06-29 17:09:08.086] [info] Core [0] : MatMul active cycle 0 Vector active cycle 0 
[2026-06-29 17:09:08.086] [info] Core [0] : issued tile 0 
[2026-06-29 17:09:08.086] [info] Core [0] : Memory unit idle cycle 8000 Systolic bubble cycle 0 Core idle cycle 8000 
[2026-06-29 17:09:08.086] [info] Core [0] : Systolic Array Utilization(%) 0.00 (0.00% PE util), Vector Unit Utilization(%) 0.00, Total cycle: 416000
[2026-06-29 17:09:08.120] [info] Layer Conv_37 finish at 420372
[2026-06-29 17:09:08.120] [info] Total compute time 19132
[2026-06-29 17:09:08.120] [info] executable layer count 1
[2026-06-29 17:09:08.120] [info] Start layer Conv_41
[2026-06-29 17:09:08.193] [info] HBM2-CH_0: BW utilization 2% (171 reads, 24 writes)
[2026-06-29 17:09:08.195] [info] Core [0] : MatMul active cycle 1078 Vector active cycle 0 
[2026-06-29 17:09:08.195] [info] Core [0] : issued tile 1 
[2026-06-29 17:09:08.195] [info] Core [0] : Memory unit idle cycle 7830 Systolic bubble cycle 0 Core idle cycle 4373 
[2026-06-29 17:09:08.195] [info] Core [0] : Systolic Array Utilization(%) 38.69 (13.48% PE util), Vector Unit Utilization(%) 0.00, Total cycle: 424000
[2026-06-29 17:09:08.261] [info] HBM2-CH_0: BW utilization 0% (0 reads, 49 writes)
[2026-06-29 17:09:08.262] [info] Core [0] : MatMul active cycle 3087 Vector active cycle 0 
[2026-06-29 17:09:08.262] [info] Core [0] : issued tile 1 
[2026-06-29 17:09:08.262] [info] Core [0] : Memory unit idle cycle 7950 Systolic bubble cycle 0 Core idle cycle 0 
[2026-06-29 17:09:08.262] [info] Core [0] : Systolic Array Utilization(%) 100.00 (38.59% PE util), Vector Unit Utilization(%) 0.00, Total cycle: 432000
[2026-06-29 17:09:08.319] [info] Layer Conv_41 finish at 439514
[2026-06-29 17:09:08.319] [info] Total compute time 19142
[2026-06-29 17:09:08.319] [info] executable layer count 1
[2026-06-29 17:09:08.319] [info] Start layer Conv_43
[2026-06-29 17:09:08.357] [info] HBM2-CH_0: BW utilization 2% (170 reads, 48 writes)
[2026-06-29 17:09:08.358] [info] Core [0] : MatMul active cycle 2891 Vector active cycle 0 
[2026-06-29 17:09:08.358] [info] Core [0] : issued tile 0 
[2026-06-29 17:09:08.358] [info] Core [0] : Memory unit idle cycle 7950 Systolic bubble cycle 0 Core idle cycle 167 
[2026-06-29 17:09:08.358] [info] Core [0] : Systolic Array Utilization(%) 93.90 (36.14% PE util), Vector Unit Utilization(%) 0.00, Total cycle: 440000
[2026-06-29 17:09:08.424] [info] HBM2-CH_0: BW utilization 0% (0 reads, 23 writes)
[2026-06-29 17:09:08.425] [info] Core [0] : MatMul active cycle 0 Vector active cycle 0 
[2026-06-29 17:09:08.425] [info] Core [0] : issued tile 0 
[2026-06-29 17:09:08.425] [info] Core [0] : Memory unit idle cycle 8000 Systolic bubble cycle 0 Core idle cycle 8000 
[2026-06-29 17:09:08.425] [info] Core [0] : Systolic Array Utilization(%) 0.00 (0.00% PE util), Vector Unit Utilization(%) 0.00, Total cycle: 448000
[2026-06-29 17:09:08.498] [info] HBM2-CH_0: BW utilization 0% (0 reads, 50 writes)
[2026-06-29 17:09:08.500] [info] Core [0] : MatMul active cycle 0 Vector active cycle 0 
[2026-06-29 17:09:08.500] [info] Core [0] : issued tile 0 
[2026-06-29 17:09:08.500] [info] Core [0] : Memory unit idle cycle 8000 Systolic bubble cycle 0 Core idle cycle 8000 
[2026-06-29 17:09:08.500] [info] Core [0] : Systolic Array Utilization(%) 0.00 (0.00% PE util), Vector Unit Utilization(%) 0.00, Total cycle: 456000
[2026-06-29 17:09:08.520] [info] Layer Conv_43 finish at 458624
[2026-06-29 17:09:08.520] [info] Total compute time 19110
[2026-06-29 17:09:08.520] [info] executable layer count 1
[2026-06-29 17:09:08.520] [info] Start layer GlobalAveragePool_46
[2026-06-29 17:09:08.520] [info] Layer GlobalAveragePool_46 finish at 458625
[2026-06-29 17:09:08.520] [info] Total compute time 1
[2026-06-29 17:09:08.520] [info] executable layer count 1
[2026-06-29 17:09:08.520] [info] Start layer Flatten_47
[2026-06-29 17:09:08.521] [info] Layer Flatten_47 finish at 458626
[2026-06-29 17:09:08.521] [info] Total compute time 1
[2026-06-29 17:09:08.521] [info] executable layer count 1
[2026-06-29 17:09:08.521] [info] Start layer Gemm_48
[2026-06-29 17:09:09.455] [info] Layer Gemm_48 finish at 462506
[2026-06-29 17:09:09.455] [info] Total compute time 3880
[2026-06-29 17:09:09.455] [info] Model[resnet18] Request: 0 us, Start: 0 us, finish:462 us, Current Cycle:462506
[2026-06-29 17:09:09.455] [info] No total_seq_len!
[2026-06-29 17:09:09.455] [info] Simulation Finished at 462523 cycle 462 us
[2026-06-29 17:09:09.455] [info] Core [0] : MatMul active cycle 25341 Vector active cycle 0 
[2026-06-29 17:09:09.455] [info] Core [0] : Memory unit idle cycle 458634 Systolic bubble cycle 0 Core idle cycle 367118 
[2026-06-29 17:09:09.455] [info] Core [0] : Systolic Array Utilization(%) 17.88 (5.48% PE util), Vector Unit Utilization(%) 0.00, Total cycle: 462523
[2026-06-29 17:09:09.455] [info] Core [0] : Systolic Inst Issue Count : 265
[2026-06-29 17:09:09.455] [info] Core [0] : Systolic PRELOAD Issue Count : 265
[2026-06-29 17:09:09.455] [info] SA idle = 785
[2026-06-29 17:09:09.455] [info] SA idle = 211179
[2026-06-29 17:09:09.455] [info] SA idle = 70621
[2026-06-29 17:09:09.455] [info] SA idle = 26381
[2026-06-29 17:09:09.455] [info] SA idle = 17981
[2026-06-29 17:09:09.455] [info] SA idle = 31144
[2026-06-29 17:09:09.455] [info] SA idle = 21162
[2026-06-29 17:09:09.455] [info] SA idle = 521
[2026-06-29 17:09:09.455] [info] SA idle = 44
[2026-06-29 17:09:09.455] [info] Vector idle = 462523
[2026-06-29 17:09:09.455] [info] Core [1] : MatMul active cycle 27399 Vector active cycle 0 
[2026-06-29 17:09:09.455] [info] Core [1] : Memory unit idle cycle 457556 Systolic bubble cycle 0 Core idle cycle 182315 
[2026-06-29 17:09:09.455] [info] Core [1] : Systolic Array Utilization(%) 56.98 (5.92% PE util), Vector Unit Utilization(%) 0.00, Total cycle: 462523
[2026-06-29 17:09:09.455] [info] Core [1] : Systolic Inst Issue Count : 293
[2026-06-29 17:09:09.455] [info] Core [1] : Systolic PRELOAD Issue Count : 293
[2026-06-29 17:09:09.455] [info] SA idle = 777
[2026-06-29 17:09:09.455] [info] SA idle = 66272
[2026-06-29 17:09:09.455] [info] SA idle = 42243
[2026-06-29 17:09:09.455] [info] SA idle = 22123
[2026-06-29 17:09:09.455] [info] SA idle = 24580
[2026-06-29 17:09:09.455] [info] SA idle = 40373
[2026-06-29 17:09:09.455] [info] SA idle = 2119
[2026-06-29 17:09:09.455] [info] SA idle = 479
[2026-06-29 17:09:09.455] [info] SA idle = 19
[2026-06-29 17:09:09.455] [info] Vector idle = 462523
[2026-06-29 17:09:09.455] [info] Core [2] : MatMul active cycle 23871 Vector active cycle 0 
[2026-06-29 17:09:09.455] [info] Core [2] : Memory unit idle cycle 457706 Systolic bubble cycle 0 Core idle cycle 203353 
[2026-06-29 17:09:09.455] [info] Core [2] : Systolic Array Utilization(%) 52.63 (5.16% PE util), Vector Unit Utilization(%) 0.00, Total cycle: 462523
[2026-06-29 17:09:09.455] [info] Core [2] : Systolic Inst Issue Count : 119
[2026-06-29 17:09:09.455] [info] Core [2] : Systolic PRELOAD Issue Count : 119
[2026-06-29 17:09:09.455] [info] SA idle = 780
[2026-06-29 17:09:09.455] [info] SA idle = 96969
[2026-06-29 17:09:09.455] [info] SA idle = 20129
[2026-06-29 17:09:09.455] [info] SA idle = 14887
[2026-06-29 17:09:09.455] [info] SA idle = 26354
[2026-06-29 17:09:09.455] [info] SA idle = 59350
[2026-06-29 17:09:09.455] [info] SA idle = 610
[2026-06-29 17:09:09.455] [info] SA idle = 41
[2026-06-29 17:09:09.455] [info] Vector idle = 462523
[2026-06-29 17:09:09.455] [info] Core [3] : MatMul active cycle 34059 Vector active cycle 0 
[2026-06-29 17:09:09.455] [info] Core [3] : Memory unit idle cycle 455677 Systolic bubble cycle 0 Core idle cycle 178299 
[2026-06-29 17:09:09.455] [info] Core [3] : Systolic Array Utilization(%) 57.97 (7.36% PE util), Vector Unit Utilization(%) 0.00, Total cycle: 462523
[2026-06-29 17:09:09.455] [info] Core [3] : Systolic Inst Issue Count : 264
[2026-06-29 17:09:09.455] [info] Core [3] : Systolic PRELOAD Issue Count : 264
[2026-06-29 17:09:09.455] [info] SA idle = 784
[2026-06-29 17:09:09.455] [info] SA idle = 4872
[2026-06-29 17:09:09.455] [info] SA idle = 93080
[2026-06-29 17:09:09.455] [info] SA idle = 20401
[2026-06-29 17:09:09.455] [info] SA idle = 14338
[2026-06-29 17:09:09.455] [info] SA idle = 20058
[2026-06-29 17:09:09.455] [info] SA idle = 40282
[2026-06-29 17:09:09.455] [info] SA idle = 566
[2026-06-29 17:09:09.455] [info] SA idle = 21
[2026-06-29 17:09:09.455] [info] Vector idle = 462523
Class 0:
Packet latency average = 294.491
	minimum = 7
	maximum = 2870
Network latency average = 258.122
	minimum = 7
	maximum = 2011
Slowest packet = 52167
Flit latency average = 258.122
	minimum = 7
	maximum = 2011
Slowest flit = 72629
Fragmentation average = 0
	minimum = 0
	maximum = 0
Injected packet rate average = 0.0158973
	minimum = 0.00838445 (at node 8)
	maximum = 0.0397623 (at node 73)
Accepted packet rate average = 0.0158973
	minimum = 0.00837796 (at node 14)
	maximum = 0.0397623 (at node 73)
Injected flit rate average = 0.0158973
	minimum = 0.00838445 (at node 8)
	maximum = 0.0397623 (at node 73)
Accepted flit rate average= 0.0158973
	minimum = 0.00837796 (at node 14)
	maximum = 0.0397623 (at node 73)
Injected packet length average = 1
Accepted packet length average = 1
Total in-flight flits = 0 (0 measured)
NoC idle = 4
NoC idle = 7
NoC idle = 22459
NoC idle = 6
NoC idle = 6
NoC idle = 6
NoC idle = 6
NoC idle = 7
NoC idle = 6
NoC idle = 6
NoC idle = 6
NoC idle = 6
NoC idle = 6
NoC idle = 175252
NoC idle = 28741
NoC idle = 28727
NoC idle = 28732
NoC idle = 28737
NoC idle = 6901
NoC idle = 1138
NoC idle = 7
NoC idle = 7562
NoC idle = 1
NoC idle = 2
NoC idle = 7562
NoC idle = 7567
NoC idle = 1919
NoC idle = 1594
NoC idle = 708
NoC idle = 18
NoC idle = 4032
NoC idle = 3363
NoC idle = 4024
NoC idle = 3350
NoC idle = 4040
NoC idle = 3354
NoC idle = 2686
NoC idle = 2234
NoC idle = 3
NoC idle = 2236
NoC idle = 2251
NoC idle = 2
NoC idle = 1
NoC idle = 668
NoC idle = 188
NoC idle = 207
NoC idle = 205
NoC idle = 2
NoC idle = 4973
NoC idle = 4538
NoC idle = 4559
NoC idle = 4558
NoC idle = 4996
NoC idle = 4543
NoC idle = 4559
NoC idle = 4557
NoC idle = 4972
NoC idle = 4541
NoC idle = 4557
NoC idle = 4561
NoC idle = 857
NoC idle = 3
NoC idle = 8
NoC idle = 4
NoC idle = 3
Frontend:
  impl: GEM5

[2026-06-29 17:09:09.456] [info] Row hits: 15768, Row misses: 83, Row conflicts: 1709
[2026-06-29 17:09:09.456] [info] Controller idle = 11
[2026-06-29 17:09:09.456] [info] Controller idle = 26998
[2026-06-29 17:09:09.456] [info] Controller idle = 210400
[2026-06-29 17:09:09.456] [info] Controller idle = 4
[2026-06-29 17:09:09.456] [info] Controller idle = 9
[2026-06-29 17:09:09.456] [info] Controller idle = 5
[2026-06-29 17:09:09.456] [info] Controller idle = 1
[2026-06-29 17:09:09.456] [info] Controller idle = 3
[2026-06-29 17:09:09.456] [info] Controller idle = 1
[2026-06-29 17:09:09.456] [info] Controller idle = 2
[2026-06-29 17:09:09.456] [info] Controller idle = 5
[2026-06-29 17:09:09.456] [info] Controller idle = 1
[2026-06-29 17:09:09.456] [info] Controller idle = 1
[2026-06-29 17:09:09.456] [info] Controller idle = 1
[2026-06-29 17:09:09.456] [info] Controller idle = 4
[2026-06-29 17:09:09.456] [info] Controller idle = 1
[2026-06-29 17:09:09.456] [info] Controller idle = 4
[2026-06-29 17:09:09.456] [info] Controller idle = 5
[2026-06-29 17:09:09.456] [info] Controller idle = 4
[2026-06-29 17:09:09.456] [info] Controller idle = 1
[2026-06-29 17:09:09.456] [info] Controller idle = 3
[2026-06-29 17:09:09.456] [info] Controller idle = 4
[2026-06-29 17:09:09.456] [info] Controller idle = 1
[2026-06-29 17:09:09.456] [info] Controller idle = 1
[2026-06-29 17:09:09.456] [info] Controller idle = 1
[2026-06-29 17:09:09.456] [info] Controller idle = 5
[2026-06-29 17:09:09.456] [info] Controller idle = 1
[2026-06-29 17:09:09.456] [info] Controller idle = 1
[2026-06-29 17:09:09.456] [info] Controller idle = 2
[2026-06-29 17:09:09.456] [info] Controller idle = 1
[2026-06-29 17:09:09.456] [info] Controller idle = 1
[2026-06-29 17:09:09.456] [info] Controller idle = 1
[2026-06-29 17:09:09.456] [info] Controller idle = 4
[2026-06-29 17:09:09.456] [info] Controller idle = 10
[2026-06-29 17:09:09.456] [info] Controller idle = 1
[2026-06-29 17:09:09.456] [info] Controller idle = 2
[2026-06-29 17:09:09.456] [info] Controller idle = 1
[2026-06-29 17:09:09.456] [info] Controller idle = 2
[2026-06-29 17:09:09.456] [info] Controller idle = 4
[2026-06-29 17:09:09.456] [info] Controller idle = 1
[2026-06-29 17:09:09.456] [info] Controller idle = 18
[2026-06-29 17:09:09.456] [info] Controller idle = 34535
[2026-06-29 17:09:09.456] [info] Controller idle = 34523
[2026-06-29 17:09:09.456] [info] Controller idle = 34542
[2026-06-29 17:09:09.456] [info] Controller idle = 34518
[2026-06-29 17:09:09.456] [info] Controller idle = 4
[2026-06-29 17:09:09.456] [info] Controller idle = 6
[2026-06-29 17:09:09.456] [info] Controller idle = 3
[2026-06-29 17:09:09.456] [info] Controller idle = 2
[2026-06-29 17:09:09.456] [info] Controller idle = 5
[2026-06-29 17:09:09.456] [info] Controller idle = 3
[2026-06-29 17:09:09.456] [info] Controller idle = 4
[2026-06-29 17:09:09.456] [info] Controller idle = 3
[2026-06-29 17:09:09.456] [info] Controller idle = 1
[2026-06-29 17:09:09.456] [info] Controller idle = 1
[2026-06-29 17:09:09.456] [info] Controller idle = 1
[2026-06-29 17:09:09.456] [info] Controller idle = 5
[2026-06-29 17:09:09.456] [info] Controller idle = 1
[2026-06-29 17:09:09.456] [info] Controller idle = 5
[2026-06-29 17:09:09.456] [info] Controller idle = 4
[2026-06-29 17:09:09.456] [info] Controller idle = 2
[2026-06-29 17:09:09.456] [info] Controller idle = 1
[2026-06-29 17:09:09.456] [info] Controller idle = 1
[2026-06-29 17:09:09.456] [info] Controller idle = 15
[2026-06-29 17:09:09.456] [info] Controller idle = 8
[2026-06-29 17:09:09.456] [info] Controller idle = 1
[2026-06-29 17:09:09.456] [info] Controller idle = 2
[2026-06-29 17:09:09.456] [info] Controller idle = 1
[2026-06-29 17:09:09.456] [info] Controller idle = 26
[2026-06-29 17:09:09.456] [info] Controller idle = 6
[2026-06-29 17:09:09.456] [info] Controller idle = 1
[2026-06-29 17:09:09.456] [info] Controller idle = 6
[2026-06-29 17:09:09.456] [info] Controller idle = 17
[2026-06-29 17:09:09.456] [info] Controller idle = 1
[2026-06-29 17:09:09.456] [info] Controller idle = 1
[2026-06-29 17:09:09.456] [info] Controller idle = 5
[2026-06-29 17:09:09.456] [info] Controller idle = 5
[2026-06-29 17:09:09.456] [info] Controller idle = 1
[2026-06-29 17:09:09.456] [info] Controller idle = 12
[2026-06-29 17:09:09.456] [info] Controller idle = 4
[2026-06-29 17:09:09.456] [info] Controller idle = 9
[2026-06-29 17:09:09.456] [info] Controller idle = 6
[2026-06-29 17:09:09.456] [info] Controller idle = 1
[2026-06-29 17:09:09.456] [info] Controller idle = 4
[2026-06-29 17:09:09.456] [info] Controller idle = 1
[2026-06-29 17:09:09.456] [info] Controller idle = 1
[2026-06-29 17:09:09.456] [info] Controller idle = 1
[2026-06-29 17:09:09.456] [info] Controller idle = 2
[2026-06-29 17:09:09.456] [info] Controller idle = 3
[2026-06-29 17:09:09.456] [info] Controller idle = 1
[2026-06-29 17:09:09.456] [info] Controller idle = 1
[2026-06-29 17:09:09.456] [info] Controller idle = 1
[2026-06-29 17:09:09.456] [info] Controller idle = 10
[2026-06-29 17:09:09.456] [info] Controller idle = 1
[2026-06-29 17:09:09.456] [info] Controller idle = 1
[2026-06-29 17:09:09.456] [info] Controller idle = 14
[2026-06-29 17:09:09.456] [info] Controller idle = 9
[2026-06-29 17:09:09.456] [info] Controller idle = 5
[2026-06-29 17:09:09.456] [info] Controller idle = 5
[2026-06-29 17:09:09.456] [info] Controller idle = 1
[2026-06-29 17:09:09.456] [info] Controller idle = 3
[2026-06-29 17:09:09.456] [info] Controller idle = 8
[2026-06-29 17:09:09.456] [info] Controller idle = 1
[2026-06-29 17:09:09.456] [info] Controller idle = 4
[2026-06-29 17:09:09.456] [info] Controller idle = 16
[2026-06-29 17:09:09.456] [info] Controller idle = 9
[2026-06-29 17:09:09.456] [info] Controller idle = 3
[2026-06-29 17:09:09.456] [info] Controller idle = 2
[2026-06-29 17:09:09.456] [info] Controller idle = 1
[2026-06-29 17:09:09.456] [info] Controller idle = 1
[2026-06-29 17:09:09.456] [info] Controller idle = 10
[2026-06-29 17:09:09.456] [info] Controller idle = 2
[2026-06-29 17:09:09.456] [info] Controller idle = 11
[2026-06-29 17:09:09.456] [info] Controller idle = 27
[2026-06-29 17:09:09.456] [info] Controller idle = 5
[2026-06-29 17:09:09.456] [info] Controller idle = 8327
[2026-06-29 17:09:09.456] [info] Controller idle = 3
[2026-06-29 17:09:09.456] [info] Controller idle = 1
[2026-06-29 17:09:09.456] [info] Controller idle = 4
[2026-06-29 17:09:09.456] [info] Controller idle = 1
[2026-06-29 17:09:09.456] [info] Controller idle = 3
[2026-06-29 17:09:09.456] [info] Controller idle = 4
[2026-06-29 17:09:09.456] [info] Controller idle = 7
[2026-06-29 17:09:09.456] [info] Controller idle = 3
[2026-06-29 17:09:09.456] [info] Controller idle = 1
[2026-06-29 17:09:09.456] [info] Controller idle = 32
[2026-06-29 17:09:09.456] [info] Controller idle = 21
[2026-06-29 17:09:09.456] [info] Controller idle = 1427
[2026-06-29 17:09:09.456] [info] Controller idle = 9130
[2026-06-29 17:09:09.456] [info] Controller idle = 10
[2026-06-29 17:09:09.456] [info] Controller idle = 9108
[2026-06-29 17:09:09.456] [info] Controller idle = 9110
[2026-06-29 17:09:09.456] [info] Controller idle = 10
[2026-06-29 17:09:09.456] [info] Controller idle = 9
[2026-06-29 17:09:09.456] [info] Controller idle = 5
[2026-06-29 17:09:09.456] [info] Controller idle = 3
[2026-06-29 17:09:09.456] [info] Controller idle = 2
[2026-06-29 17:09:09.456] [info] Controller idle = 1
[2026-06-29 17:09:09.456] [info] Controller idle = 3
[2026-06-29 17:09:09.456] [info] Controller idle = 2
[2026-06-29 17:09:09.456] [info] Controller idle = 21
[2026-06-29 17:09:09.456] [info] Controller idle = 29
[2026-06-29 17:09:09.456] [info] Controller idle = 1
[2026-06-29 17:09:09.456] [info] Controller idle = 3
[2026-06-29 17:09:09.456] [info] Controller idle = 1
[2026-06-29 17:09:09.456] [info] Controller idle = 3
[2026-06-29 17:09:09.456] [info] Controller idle = 3
[2026-06-29 17:09:09.456] [info] Controller idle = 3
[2026-06-29 17:09:09.456] [info] Controller idle = 5
[2026-06-29 17:09:09.456] [info] Controller idle = 1
[2026-06-29 17:09:09.456] [info] Controller idle = 2
[2026-06-29 17:09:09.456] [info] Controller idle = 1
[2026-06-29 17:09:09.456] [info] Controller idle = 1
[2026-06-29 17:09:09.456] [info] Controller idle = 11
[2026-06-29 17:09:09.456] [info] Controller idle = 10
[2026-06-29 17:09:09.456] [info] Controller idle = 5
[2026-06-29 17:09:09.456] [info] Controller idle = 11
[2026-06-29 17:09:09.456] [info] Controller idle = 8
[2026-06-29 17:09:09.456] [info] Controller idle = 26
[2026-06-29 17:09:09.456] [info] Controller idle = 3
[2026-06-29 17:09:09.456] [info] Controller idle = 1
[2026-06-29 17:09:09.456] [info] Controller idle = 29
[2026-06-29 17:09:09.456] [info] Controller idle = 9
[2026-06-29 17:09:09.456] [info] Controller idle = 12
[2026-06-29 17:09:09.456] [info] Controller idle = 2357
[2026-06-29 17:09:09.456] [info] Controller idle = 1942
[2026-06-29 17:09:09.456] [info] Controller idle = 872
[2026-06-29 17:09:09.456] [info] Controller idle = 9
[2026-06-29 17:09:09.456] [info] Controller idle = 2
[2026-06-29 17:09:09.456] [info] Controller idle = 65
[2026-06-29 17:09:09.456] [info] Controller idle = 1
[2026-06-29 17:09:09.456] [info] Controller idle = 4860
[2026-06-29 17:09:09.456] [info] Controller idle = 1
[2026-06-29 17:09:09.456] [info] Controller idle = 7
[2026-06-29 17:09:09.456] [info] Controller idle = 4060
[2026-06-29 17:09:09.456] [info] Controller idle = 4872
[2026-06-29 17:09:09.456] [info] Controller idle = 4059
[2026-06-29 17:09:09.456] [info] Controller idle = 1
[2026-06-29 17:09:09.456] [info] Controller idle = 4884
[2026-06-29 17:09:09.456] [info] Controller idle = 4044
[2026-06-29 17:09:09.456] [info] Controller idle = 1
[2026-06-29 17:09:09.456] [info] Controller idle = 3255
[2026-06-29 17:09:09.456] [info] Controller idle = 1
[2026-06-29 17:09:09.456] [info] Controller idle = 2714
[2026-06-29 17:09:09.456] [info] Controller idle = 3
[2026-06-29 17:09:09.456] [info] Controller idle = 1
[2026-06-29 17:09:09.456] [info] Controller idle = 6
[2026-06-29 17:09:09.456] [info] Controller idle = 1
[2026-06-29 17:09:09.456] [info] Controller idle = 2712
[2026-06-29 17:09:09.456] [info] Controller idle = 10
[2026-06-29 17:09:09.456] [info] Controller idle = 7
[2026-06-29 17:09:09.456] [info] Controller idle = 2
[2026-06-29 17:09:09.456] [info] Controller idle = 1
[2026-06-29 17:09:09.456] [info] Controller idle = 2735
[2026-06-29 17:09:09.456] [info] Controller idle = 848
[2026-06-29 17:09:09.456] [info] Controller idle = 243
[2026-06-29 17:09:09.456] [info] Controller idle = 5
[2026-06-29 17:09:09.456] [info] Controller idle = 1
[2026-06-29 17:09:09.456] [info] Controller idle = 21
[2026-06-29 17:09:09.456] [info] Controller idle = 268
[2026-06-29 17:09:09.456] [info] Controller idle = 1
[2026-06-29 17:09:09.456] [info] Controller idle = 1
[2026-06-29 17:09:09.456] [info] Controller idle = 2
[2026-06-29 17:09:09.456] [info] Controller idle = 5
[2026-06-29 17:09:09.456] [info] Controller idle = 271
[2026-06-29 17:09:09.456] [info] Controller idle = 1
[2026-06-29 17:09:09.456] [info] Controller idle = 5987
[2026-06-29 17:09:09.456] [info] Controller idle = 2
[2026-06-29 17:09:09.456] [info] Controller idle = 5468
[2026-06-29 17:09:09.456] [info] Controller idle = 1
[2026-06-29 17:09:09.456] [info] Controller idle = 1
[2026-06-29 17:09:09.456] [info] Controller idle = 5
[2026-06-29 17:09:09.456] [info] Controller idle = 1
[2026-06-29 17:09:09.456] [info] Controller idle = 1
[2026-06-29 17:09:09.456] [info] Controller idle = 5498
[2026-06-29 17:09:09.456] [info] Controller idle = 1
[2026-06-29 17:09:09.456] [info] Controller idle = 9
[2026-06-29 17:09:09.456] [info] Controller idle = 2
[2026-06-29 17:09:09.456] [info] Controller idle = 5493
[2026-06-29 17:09:09.456] [info] Controller idle = 2
[2026-06-29 17:09:09.456] [info] Controller idle = 16
[2026-06-29 17:09:09.456] [info] Controller idle = 6018
[2026-06-29 17:09:09.456] [info] Controller idle = 5482
[2026-06-29 17:09:09.456] [info] Controller idle = 1
[2026-06-29 17:09:09.456] [info] Controller idle = 9
[2026-06-29 17:09:09.456] [info] Controller idle = 3
[2026-06-29 17:09:09.456] [info] Controller idle = 1
[2026-06-29 17:09:09.456] [info] Controller idle = 2
[2026-06-29 17:09:09.456] [info] Controller idle = 5489
[2026-06-29 17:09:09.456] [info] Controller idle = 1
[2026-06-29 17:09:09.456] [info] Controller idle = 1
[2026-06-29 17:09:09.456] [info] Controller idle = 9
[2026-06-29 17:09:09.456] [info] Controller idle = 1
[2026-06-29 17:09:09.456] [info] Controller idle = 5503
[2026-06-29 17:09:09.456] [info] Controller idle = 5992
[2026-06-29 17:09:09.456] [info] Controller idle = 5479
[2026-06-29 17:09:09.456] [info] Controller idle = 1
[2026-06-29 17:09:09.456] [info] Controller idle = 6
[2026-06-29 17:09:09.456] [info] Controller idle = 11
[2026-06-29 17:09:09.456] [info] Controller idle = 2
[2026-06-29 17:09:09.456] [info] Controller idle = 5491
[2026-06-29 17:09:09.456] [info] Controller idle = 3
[2026-06-29 17:09:09.456] [info] Controller idle = 6
[2026-06-29 17:09:09.456] [info] Controller idle = 3
[2026-06-29 17:09:09.456] [info] Controller idle = 1
[2026-06-29 17:09:09.456] [info] Controller idle = 4
[2026-06-29 17:09:09.456] [info] Controller idle = 3
[2026-06-29 17:09:09.456] [info] Controller idle = 5497
[2026-06-29 17:09:09.456] [info] Controller idle = 1
[2026-06-29 17:09:09.456] [info] Controller idle = 1166
MemorySystem:
  impl: GenericDRAM
  total_num_other_requests: 0
  total_num_write_requests: 9701
  total_num_read_requests: 8672
  memory_system_cycles: 555249

  DRAM:
    impl: HBM2
    dram_commands: 21078
  AddrMapper:
    impl: RoBaRaCoCh
  Controller:
    impl: Generic
    id: Channel 0
    Scheduler:
      impl: FRFCFS
    RefreshManager:
      impl: AllBank



[2026-06-29 17:09:09.456] [info] HBM2-CH_0: avg BW utilization 3% (8672 reads, 9701 writes)
Frontend:
  impl: GEM5

[2026-06-29 17:09:09.456] [info] Row hits: 15784, Row misses: 84, Row conflicts: 1710
[2026-06-29 17:09:09.456] [info] Controller idle = 11
[2026-06-29 17:09:09.456] [info] Controller idle = 26998
[2026-06-29 17:09:09.456] [info] Controller idle = 210400
[2026-06-29 17:09:09.456] [info] Controller idle = 1
[2026-06-29 17:09:09.456] [info] Controller idle = 1
[2026-06-29 17:09:09.456] [info] Controller idle = 1
[2026-06-29 17:09:09.456] [info] Controller idle = 1
[2026-06-29 17:09:09.456] [info] Controller idle = 3
[2026-06-29 17:09:09.456] [info] Controller idle = 3
[2026-06-29 17:09:09.456] [info] Controller idle = 1
[2026-06-29 17:09:09.456] [info] Controller idle = 1
[2026-06-29 17:09:09.456] [info] Controller idle = 1
[2026-06-29 17:09:09.456] [info] Controller idle = 1
[2026-06-29 17:09:09.456] [info] Controller idle = 3
[2026-06-29 17:09:09.456] [info] Controller idle = 5
[2026-06-29 17:09:09.456] [info] Controller idle = 10
[2026-06-29 17:09:09.456] [info] Controller idle = 1
[2026-06-29 17:09:09.456] [info] Controller idle = 1
[2026-06-29 17:09:09.456] [info] Controller idle = 2
[2026-06-29 17:09:09.456] [info] Controller idle = 2
[2026-06-29 17:09:09.456] [info] Controller idle = 1
[2026-06-29 17:09:09.456] [info] Controller idle = 3
[2026-06-29 17:09:09.456] [info] Controller idle = 1
[2026-06-29 17:09:09.456] [info] Controller idle = 1
[2026-06-29 17:09:09.456] [info] Controller idle = 1
[2026-06-29 17:09:09.456] [info] Controller idle = 14
[2026-06-29 17:09:09.456] [info] Controller idle = 5
[2026-06-29 17:09:09.456] [info] Controller idle = 7
[2026-06-29 17:09:09.456] [info] Controller idle = 9
[2026-06-29 17:09:09.456] [info] Controller idle = 1
[2026-06-29 17:09:09.456] [info] Controller idle = 2
[2026-06-29 17:09:09.456] [info] Controller idle = 34528
[2026-06-29 17:09:09.456] [info] Controller idle = 34517
[2026-06-29 17:09:09.456] [info] Controller idle = 7
[2026-06-29 17:09:09.456] [info] Controller idle = 34522
[2026-06-29 17:09:09.456] [info] Controller idle = 34537
[2026-06-29 17:09:09.456] [info] Controller idle = 9
[2026-06-29 17:09:09.456] [info] Controller idle = 9
[2026-06-29 17:09:09.456] [info] Controller idle = 3
[2026-06-29 17:09:09.456] [info] Controller idle = 1
[2026-06-29 17:09:09.456] [info] Controller idle = 11
[2026-06-29 17:09:09.456] [info] Controller idle = 6
[2026-06-29 17:09:09.456] [info] Controller idle = 1
[2026-06-29 17:09:09.456] [info] Controller idle = 1
[2026-06-29 17:09:09.456] [info] Controller idle = 9
[2026-06-29 17:09:09.456] [info] Controller idle = 3
[2026-06-29 17:09:09.456] [info] Controller idle = 14
[2026-06-29 17:09:09.456] [info] Controller idle = 4
[2026-06-29 17:09:09.456] [info] Controller idle = 4
[2026-06-29 17:09:09.456] [info] Controller idle = 1
[2026-06-29 17:09:09.456] [info] Controller idle = 1
[2026-06-29 17:09:09.456] [info] Controller idle = 1
[2026-06-29 17:09:09.456] [info] Controller idle = 1
[2026-06-29 17:09:09.456] [info] Controller idle = 2
[2026-06-29 17:09:09.456] [info] Controller idle = 9
[2026-06-29 17:09:09.456] [info] Controller idle = 1
[2026-06-29 17:09:09.456] [info] Controller idle = 1
[2026-06-29 17:09:09.456] [info] Controller idle = 1
[2026-06-29 17:09:09.456] [info] Controller idle = 1
[2026-06-29 17:09:09.456] [info] Controller idle = 7
[2026-06-29 17:09:09.456] [info] Controller idle = 24
[2026-06-29 17:09:09.456] [info] Controller idle = 19
[2026-06-29 17:09:09.456] [info] Controller idle = 10
[2026-06-29 17:09:09.456] [info] Controller idle = 8
[2026-06-29 17:09:09.456] [info] Controller idle = 1
[2026-06-29 17:09:09.456] [info] Controller idle = 9
[2026-06-29 17:09:09.456] [info] Controller idle = 2
[2026-06-29 17:09:09.456] [info] Controller idle = 2
[2026-06-29 17:09:09.456] [info] Controller idle = 5
[2026-06-29 17:09:09.456] [info] Controller idle = 3
[2026-06-29 17:09:09.456] [info] Controller idle = 9
[2026-06-29 17:09:09.456] [info] Controller idle = 16
[2026-06-29 17:09:09.456] [info] Controller idle = 9
[2026-06-29 17:09:09.456] [info] Controller idle = 1
[2026-06-29 17:09:09.456] [info] Controller idle = 11
[2026-06-29 17:09:09.456] [info] Controller idle = 9
[2026-06-29 17:09:09.456] [info] Controller idle = 1
[2026-06-29 17:09:09.456] [info] Controller idle = 2
[2026-06-29 17:09:09.456] [info] Controller idle = 1
[2026-06-29 17:09:09.456] [info] Controller idle = 4
[2026-06-29 17:09:09.456] [info] Controller idle = 12
[2026-06-29 17:09:09.456] [info] Controller idle = 3
[2026-06-29 17:09:09.456] [info] Controller idle = 3
[2026-06-29 17:09:09.456] [info] Controller idle = 1
[2026-06-29 17:09:09.456] [info] Controller idle = 9
[2026-06-29 17:09:09.456] [info] Controller idle = 1
[2026-06-29 17:09:09.456] [info] Controller idle = 4
[2026-06-29 17:09:09.456] [info] Controller idle = 1
[2026-06-29 17:09:09.456] [info] Controller idle = 7
[2026-06-29 17:09:09.456] [info] Controller idle = 12
[2026-06-29 17:09:09.456] [info] Controller idle = 1
[2026-06-29 17:09:09.456] [info] Controller idle = 1
[2026-06-29 17:09:09.456] [info] Controller idle = 1
[2026-06-29 17:09:09.456] [info] Controller idle = 12
[2026-06-29 17:09:09.456] [info] Controller idle = 3
[2026-06-29 17:09:09.456] [info] Controller idle = 4
[2026-06-29 17:09:09.456] [info] Controller idle = 2
[2026-06-29 17:09:09.456] [info] Controller idle = 3
[2026-06-29 17:09:09.456] [info] Controller idle = 1
[2026-06-29 17:09:09.456] [info] Controller idle = 1
[2026-06-29 17:09:09.456] [info] Controller idle = 2
[2026-06-29 17:09:09.456] [info] Controller idle = 3
[2026-06-29 17:09:09.456] [info] Controller idle = 25
[2026-06-29 17:09:09.456] [info] Controller idle = 3
[2026-06-29 17:09:09.456] [info] Controller idle = 4
[2026-06-29 17:09:09.456] [info] Controller idle = 15
[2026-06-29 17:09:09.456] [info] Controller idle = 8329
[2026-06-29 17:09:09.456] [info] Controller idle = 20
[2026-06-29 17:09:09.456] [info] Controller idle = 1
[2026-06-29 17:09:09.456] [info] Controller idle = 15
[2026-06-29 17:09:09.456] [info] Controller idle = 10
[2026-06-29 17:09:09.456] [info] Controller idle = 2
[2026-06-29 17:09:09.456] [info] Controller idle = 9
[2026-06-29 17:09:09.456] [info] Controller idle = 11
[2026-06-29 17:09:09.456] [info] Controller idle = 3
[2026-06-29 17:09:09.456] [info] Controller idle = 4
[2026-06-29 17:09:09.456] [info] Controller idle = 5
[2026-06-29 17:09:09.456] [info] Controller idle = 1437
[2026-06-29 17:09:09.456] [info] Controller idle = 1
[2026-06-29 17:09:09.456] [info] Controller idle = 9128
[2026-06-29 17:09:09.456] [info] Controller idle = 1
[2026-06-29 17:09:09.456] [info] Controller idle = 9112
[2026-06-29 17:09:09.456] [info] Controller idle = 9125
[2026-06-29 17:09:09.456] [info] Controller idle = 18
[2026-06-29 17:09:09.456] [info] Controller idle = 2
[2026-06-29 17:09:09.456] [info] Controller idle = 1
[2026-06-29 17:09:09.456] [info] Controller idle = 1
[2026-06-29 17:09:09.456] [info] Controller idle = 1
[2026-06-29 17:09:09.456] [info] Controller idle = 19
[2026-06-29 17:09:09.456] [info] Controller idle = 1
[2026-06-29 17:09:09.456] [info] Controller idle = 1
[2026-06-29 17:09:09.456] [info] Controller idle = 5
[2026-06-29 17:09:09.456] [info] Controller idle = 3
[2026-06-29 17:09:09.456] [info] Controller idle = 2
[2026-06-29 17:09:09.456] [info] Controller idle = 6
[2026-06-29 17:09:09.456] [info] Controller idle = 14
[2026-06-29 17:09:09.456] [info] Controller idle = 1
[2026-06-29 17:09:09.456] [info] Controller idle = 1
[2026-06-29 17:09:09.456] [info] Controller idle = 11
[2026-06-29 17:09:09.456] [info] Controller idle = 2
[2026-06-29 17:09:09.456] [info] Controller idle = 1
[2026-06-29 17:09:09.456] [info] Controller idle = 1
[2026-06-29 17:09:09.456] [info] Controller idle = 1
[2026-06-29 17:09:09.456] [info] Controller idle = 1
[2026-06-29 17:09:09.456] [info] Controller idle = 1
[2026-06-29 17:09:09.456] [info] Controller idle = 1
[2026-06-29 17:09:09.456] [info] Controller idle = 1
[2026-06-29 17:09:09.456] [info] Controller idle = 2
[2026-06-29 17:09:09.456] [info] Controller idle = 1
[2026-06-29 17:09:09.456] [info] Controller idle = 12
[2026-06-29 17:09:09.456] [info] Controller idle = 3
[2026-06-29 17:09:09.456] [info] Controller idle = 8
[2026-06-29 17:09:09.456] [info] Controller idle = 11
[2026-06-29 17:09:09.456] [info] Controller idle = 2
[2026-06-29 17:09:09.456] [info] Controller idle = 1
[2026-06-29 17:09:09.456] [info] Controller idle = 20
[2026-06-29 17:09:09.456] [info] Controller idle = 19
[2026-06-29 17:09:09.456] [info] Controller idle = 4
[2026-06-29 17:09:09.456] [info] Controller idle = 2370
[2026-06-29 17:09:09.456] [info] Controller idle = 1942
[2026-06-29 17:09:09.456] [info] Controller idle = 890
[2026-06-29 17:09:09.456] [info] Controller idle = 52
[2026-06-29 17:09:09.456] [info] Controller idle = 4887
[2026-06-29 17:09:09.456] [info] Controller idle = 1
[2026-06-29 17:09:09.456] [info] Controller idle = 3
[2026-06-29 17:09:09.456] [info] Controller idle = 4067
[2026-06-29 17:09:09.456] [info] Controller idle = 4879
[2026-06-29 17:09:09.456] [info] Controller idle = 4058
[2026-06-29 17:09:09.456] [info] Controller idle = 3
[2026-06-29 17:09:09.456] [info] Controller idle = 4866
[2026-06-29 17:09:09.456] [info] Controller idle = 1
[2026-06-29 17:09:09.456] [info] Controller idle = 4065
[2026-06-29 17:09:09.456] [info] Controller idle = 1
[2026-06-29 17:09:09.456] [info] Controller idle = 3269
[2026-06-29 17:09:09.456] [info] Controller idle = 3
[2026-06-29 17:09:09.456] [info] Controller idle = 2701
[2026-06-29 17:09:09.456] [info] Controller idle = 1
[2026-06-29 17:09:09.456] [info] Controller idle = 2
[2026-06-29 17:09:09.456] [info] Controller idle = 3
[2026-06-29 17:09:09.456] [info] Controller idle = 21
[2026-06-29 17:09:09.456] [info] Controller idle = 2717
[2026-06-29 17:09:09.456] [info] Controller idle = 2
[2026-06-29 17:09:Class 0:
Packet latency average = 294.491
	minimum = 7
	maximum = 2870
Network latency average = 258.122
	minimum = 7
	maximum = 2011
Slowest packet = 52167
Flit latency average = 258.122
	minimum = 7
	maximum = 2011
Slowest flit = 72629
Fragmentation average = 0
	minimum = 0
	maximum = 0
Injected packet rate average = 0.0158973
	minimum = 0.00838445 (at node 8)
	maximum = 0.0397623 (at node 73)
Accepted packet rate average = 0.0158973
	minimum = 0.00837796 (at node 14)
	maximum = 0.0397623 (at node 73)
Injected flit rate average = 0.0158973
	minimum = 0.00838445 (at node 8)
	maximum = 0.0397623 (at node 73)
Accepted flit rate average= 0.0158973
	minimum = 0.00837796 (at node 14)
	maximum = 0.0397623 (at node 73)
Injected packet length average = 1
Accepted packet length average = 1
Total in-flight flits = 0 (0 measured)
Frontend:
  impl: GEM5

[2026-06-10 12:07:08.686] [info] Row hits: 15768, Row misses: 83, Row conflicts: 1709
MemorySystem:
  impl: GenericDRAM
  total_num_other_requests: 0
  total_num_write_requests: 9701
  total_num_read_requests: 8672
  memory_system_cycles: 555249
  DRAM:
    impl: HBM2
  AddrMapper:
    impl: RoBaRaCoCh
  Controller:
    impl: Generic
    id: Channel 0
    Scheduler:
      impl: FRFCFS
    RefreshManager:
      impl: AllBank



[2026-06-10 12:07:08.687] [info] HBM2-CH_0: avg BW utilization 3% (8672 reads, 9701 writes)
Frontend:
  impl: GEM5

[2026-06-10 12:07:08.687] [info] Row hits: 15784, Row misses: 84, Row conflicts: 1710
MemorySystem:
  impl: GenericDRAM
  total_num_other_requests: 0
  total_num_write_requests: 9711
  total_num_read_requests: 8668
  memory_system_cycles: 555249
  DRAM:
    impl: HBM2
  AddrMapper:
    impl: RoBaRaCoCh
  Controller:
    impl: Generic
    id: Channel 0
    Scheduler:
      impl: FRFCFS
    RefreshManager:
      impl: AllBank



Frontend:
  impl: GEM5

[2026-06-10 12:07:08.687] [info] Row hits: 15798, Row misses: 92, Row conflicts: 1686
MemorySystem:
  impl: GenericDRAM
  total_num_other_requests: 0
  total_num_write_requests: 9711
  total_num_read_requests: 8667
  memory_system_cycles: 555249
  DRAM:
    impl: HBM2
  AddrMapper:
    impl: RoBaRaCoCh
  Controller:
    impl: Generic
    id: Channel 0
    Scheduler:
      impl: FRFCFS
    RefreshManager:
      impl: AllBank



Frontend:
  impl: GEM5

[2026-06-10 12:07:08.687] [info] Row hits: 15784, Row misses: 90, Row conflicts: 1730
MemorySystem:
  impl: GenericDRAM
  total_num_other_requests: 0
  total_num_write_requests: 9701
  total_num_read_requests: 8685
  memory_system_cycles: 555249
  DRAM:
    impl: HBM2
  AddrMapper:
    impl: RoBaRaCoCh
  Controller:
    impl: Generic
    id: Channel 0
    Scheduler:
      impl: FRFCFS
    RefreshManager:
      impl: AllBank



Frontend:
  impl: GEM5

[2026-06-10 12:07:08.687] [info] Row hits: 15742, Row misses: 90, Row conflicts: 1738
MemorySystem:
  impl: GenericDRAM
  total_num_other_requests: 0
  total_num_write_requests: 9711
  total_num_read_requests: 8669
  memory_system_cycles: 555249
  DRAM:
    impl: HBM2
  AddrMapper:
    impl: RoBaRaCoCh
  Controller:
    impl: Generic
    id: Channel 0
    Scheduler:
      impl: FRFCFS
    RefreshManager:
      impl: AllBank



Frontend:
  impl: GEM5

[2026-06-10 12:07:08.687] [info] Row hits: 15792, Row misses: 91, Row conflicts: 1698
MemorySystem:
  impl: GenericDRAM
  total_num_other_requests: 0
  total_num_write_requests: 9701
  total_num_read_requests: 8678
  memory_system_cycles: 555249
  DRAM:
    impl: HBM2
  AddrMapper:
    impl: RoBaRaCoCh
  Controller:
    impl: Generic
    id: Channel 0
    Scheduler:
      impl: FRFCFS
    RefreshManager:
      impl: AllBank



Frontend:
  impl: GEM5

[2026-06-10 12:07:08.687] [info] Row hits: 15798, Row misses: 78, Row conflicts: 1721
MemorySystem:
  impl: GenericDRAM
  total_num_other_requests: 0
  total_num_write_requests: 9701
  total_num_read_requests: 8687
  memory_system_cycles: 555249
  DRAM:
    impl: HBM2
  AddrMapper:
    impl: RoBaRaCoCh
  Controller:
    impl: Generic
    id: Channel 0
    Scheduler:
      impl: FRFCFS
    RefreshManager:
      impl: AllBank



Frontend:
  impl: GEM5

[2026-06-10 12:07:08.687] [info] Row hits: 15841, Row misses: 87, Row conflicts: 1670
MemorySystem:
  impl: GenericDRAM
  total_num_other_requests: 0
  total_num_write_requests: 9711
  total_num_read_requests: 8671
  memory_system_cycles: 555249
  DRAM:
    impl: HBM2
  AddrMapper:
    impl: RoBaRaCoCh
  Controller:
    impl: Generic
    id: Channel 0
    Scheduler:
      impl: FRFCFS
    RefreshManager:
      impl: AllBank



Frontend:
  impl: GEM5

[2026-06-10 12:07:08.687] [info] Row hits: 15812, Row misses: 91, Row conflicts: 1697
MemorySystem:
  impl: GenericDRAM
  total_num_other_requests: 0
  total_num_write_requests: 9711
  total_num_read_requests: 8672
  memory_system_cycles: 555249
  DRAM:
    impl: HBM2
  AddrMapper:
    impl: RoBaRaCoCh
  Controller:
    impl: Generic
    id: Channel 0
    Scheduler:
      impl: FRFCFS
    RefreshManager:
      impl: AllBank



Frontend:
  impl: GEM5

[2026-06-10 12:07:08.687] [info] Row hits: 15782, Row misses: 80, Row conflicts: 1723
MemorySystem:
  impl: GenericDRAM
  total_num_other_requests: 0
  total_num_write_requests: 9701
  total_num_read_requests: 8690
  memory_system_cycles: 555249
  DRAM:
    impl: HBM2
  AddrMapper:
    impl: RoBaRaCoCh
  Controller:
    impl: Generic
    id: Channel 0
    Scheduler:
      impl: FRFCFS
    RefreshManager:
      impl: AllBank



Frontend:
  impl: GEM5

[2026-06-10 12:07:08.687] [info] Row hits: 15831, Row misses: 77, Row conflicts: 1691
MemorySystem:
  impl: GenericDRAM
  total_num_other_requests: 0
  total_num_write_requests: 9700
  total_num_read_requests: 8689
  memory_system_cycles: 555249
  DRAM:
    impl: HBM2
  AddrMapper:
    impl: RoBaRaCoCh
  Controller:
    impl: Generic
    id: Channel 0
    Scheduler:
      impl: FRFCFS
    RefreshManager:
      impl: AllBank



Frontend:
  impl: GEM5

[2026-06-10 12:07:08.688] [info] Row hits: 15781, Row misses: 98, Row conflicts: 1699
MemorySystem:
  impl: GenericDRAM
  total_num_other_requests: 0
  total_num_write_requests: 9711
  total_num_read_requests: 8660
  memory_system_cycles: 555249
  DRAM:
    impl: HBM2
  AddrMapper:
    impl: RoBaRaCoCh
  Controller:
    impl: Generic
    id: Channel 0
    Scheduler:
      impl: FRFCFS
    RefreshManager:
      impl: AllBank



Frontend:
  impl: GEM5

[2026-06-10 12:07:08.688] [info] Row hits: 15765, Row misses: 102, Row conflicts: 1701
MemorySystem:
  impl: GenericDRAM
  total_num_other_requests: 0
  total_num_write_requests: 9701
  total_num_read_requests: 8689
  memory_system_cycles: 555249
  DRAM:
    impl: HBM2
  AddrMapper:
    impl: RoBaRaCoCh
  Controller:
    impl: Generic
    id: Channel 0
    Scheduler:
      impl: FRFCFS
    RefreshManager:
      impl: AllBank



Frontend:
  impl: GEM5

[2026-06-10 12:07:08.688] [info] Row hits: 15805, Row misses: 78, Row conflicts: 1706
MemorySystem:
  impl: GenericDRAM
  total_num_other_requests: 0
  total_num_write_requests: 9711
  total_num_read_requests: 8672
  memory_system_cycles: 555249
  DRAM:
    impl: HBM2
  AddrMapper:
    impl: RoBaRaCoCh
  Controller:
    impl: Generic
    id: Channel 0
    Scheduler:
      impl: FRFCFS
    RefreshManager:
      impl: AllBank



Frontend:
  impl: GEM5

[2026-06-10 12:07:08.688] [info] Row hits: 15839, Row misses: 101, Row conflicts: 1662
MemorySystem:
  impl: GenericDRAM
  total_num_other_requests: 0
  total_num_write_requests: 9711
  total_num_read_requests: 8663
  memory_system_cycles: 555249
  DRAM:
    impl: HBM2
  AddrMapper:
    impl: RoBaRaCoCh
  Controller:
    impl: Generic
    id: Channel 0
    Scheduler:
      impl: FRFCFS
    RefreshManager:
      impl: AllBank



Frontend:
  impl: GEM5

[2026-06-10 12:07:08.688] [info] Row hits: 15851, Row misses: 92, Row conflicts: 1669
MemorySystem:
  impl: GenericDRAM
  total_num_other_requests: 0
  total_num_write_requests: 9701
  total_num_read_requests: 8687
  memory_system_cycles: 555249
  DRAM:
    impl: HBM2
  AddrMapper:
    impl: RoBaRaCoCh
  Controller:
    impl: Generic
    id: Channel 0
    Scheduler:
      impl: FRFCFS
    RefreshManager:
      impl: AllBank



[2026-06-10 12:07:08.688] [info] Simulation time: 11.377151 seconds
[2026-06-10 12:07:08.688] [info] Total tile: 31, simulated tile per seconds(TPS): 3.29879609.456] [info] Controller idle = 2
[2026-06-29 17:09:09.456] [info] Controller idle = 4
[2026-06-29 17:09:09.456] [info] Controller idle = 3
[2026-06-29 17:09:09.456] [info] Controller idle = 1
[2026-06-29 17:09:09.456] [info] Controller idle = 7
[2026-06-29 17:09:09.456] [info] Controller idle = 3
[2026-06-29 17:09:09.456] [info] Controller idle = 2722
[2026-06-29 17:09:09.456] [info] Controller idle = 845
[2026-06-29 17:09:09.456] [info] Controller idle = 252
[2026-06-29 17:09:09.456] [info] Controller idle = 1
[2026-06-29 17:09:09.456] [info] Controller idle = 8
[2026-06-29 17:09:09.456] [info] Controller idle = 1
[2026-06-29 17:09:09.456] [info] Controller idle = 1
[2026-06-29 17:09:09.456] [info] Controller idle = 271
[2026-06-29 17:09:09.456] [info] Controller idle = 1
[2026-06-29 17:09:09.456] [info] Controller idle = 1
[2026-06-29 17:09:09.456] [info] Controller idle = 7
[2026-06-29 17:09:09.456] [info] Controller idle = 5
[2026-06-29 17:09:09.456] [info] Controller idle = 278
[2026-06-29 17:09:09.456] [info] Controller idle = 6006
[2026-06-29 17:09:09.456] [info] Controller idle = 5477
[2026-06-29 17:09:09.456] [info] Controller idle = 5
[2026-06-29 17:09:09.456] [info] Controller idle = 10
[2026-06-29 17:09:09.456] [info] Controller idle = 4
[2026-06-29 17:09:09.456] [info] Controller idle = 1
[2026-06-29 17:09:09.456] [info] Controller idle = 1
[2026-06-29 17:09:09.456] [info] Controller idle = 5495
[2026-06-29 17:09:09.456] [info] Controller idle = 2
[2026-06-29 17:09:09.456] [info] Controller idle = 1
[2026-06-29 17:09:09.456] [info] Controller idle = 1
[2026-06-29 17:09:09.456] [info] Controller idle = 1
[2026-06-29 17:09:09.456] [info] Controller idle = 5506
[2026-06-29 17:09:09.456] [info] Controller idle = 1
[2026-06-29 17:09:09.456] [info] Controller idle = 6026
[2026-06-29 17:09:09.456] [info] Controller idle = 5469
[2026-06-29 17:09:09.456] [info] Controller idle = 2
[2026-06-29 17:09:09.456] [info] Controller idle = 2
[2026-06-29 17:09:09.456] [info] Controller idle = 1
[2026-06-29 17:09:09.456] [info] Controller idle = 3
[2026-06-29 17:09:09.456] [info] Controller idle = 5502
[2026-06-29 17:09:09.456] [info] Controller idle = 5
[2026-06-29 17:09:09.456] [info] Controller idle = 4
[2026-06-29 17:09:09.456] [info] Controller idle = 10
[2026-06-29 17:09:09.456] [info] Controller idle = 7
[2026-06-29 17:09:09.456] [info] Controller idle = 1
[2026-06-29 17:09:09.456] [info] Controller idle = 1
[2026-06-29 17:09:09.456] [info] Controller idle = 5490
[2026-06-29 17:09:09.456] [info] Controller idle = 5989
[2026-06-29 17:09:09.456] [info] Controller idle = 5477
[2026-06-29 17:09:09.456] [info] Controller idle = 1
[2026-06-29 17:09:09.456] [info] Controller idle = 1
[2026-06-29 17:09:09.456] [info] Controller idle = 2
[2026-06-29 17:09:09.456] [info] Controller idle = 2
[2026-06-29 17:09:09.456] [info] Controller idle = 10
[2026-06-29 17:09:09.456] [info] Controller idle = 5505
[2026-06-29 17:09:09.456] [info] Controller idle = 9
[2026-06-29 17:09:09.456] [info] Controller idle = 5
[2026-06-29 17:09:09.456] [info] Controller idle = 3
[2026-06-29 17:09:09.456] [info] Controller idle = 5497
[2026-06-29 17:09:09.457] [info] Controller idle = 3
[2026-06-29 17:09:09.457] [info] Controller idle = 1120
MemorySystem:
  impl: GenericDRAM
  total_num_other_requests: 0
  total_num_write_requests: 9711
  total_num_read_requests: 8668
  memory_system_cycles: 555249

  DRAM:
    impl: HBM2
    dram_commands: 21094
  AddrMapper:
    impl: RoBaRaCoCh
  Controller:
    impl: Generic
    id: Channel 0
    Scheduler:
      impl: FRFCFS
    RefreshManager:
      impl: AllBank



Frontend:
  impl: GEM5

[2026-06-29 17:09:09.457] [info] Row hits: 15798, Row misses: 92, Row conflicts: 1686
[2026-06-29 17:09:09.457] [info] Controller idle = 11
[2026-06-29 17:09:09.457] [info] Controller idle = 27003
[2026-06-29 17:09:09.457] [info] Controller idle = 210400
[2026-06-29 17:09:09.457] [info] Controller idle = 1
[2026-06-29 17:09:09.457] [info] Controller idle = 1
[2026-06-29 17:09:09.457] [info] Controller idle = 2
[2026-06-29 17:09:09.457] [info] Controller idle = 3
[2026-06-29 17:09:09.457] [info] Controller idle = 1
[2026-06-29 17:09:09.457] [info] Controller idle = 1
[2026-06-29 17:09:09.457] [info] Controller idle = 1
[2026-06-29 17:09:09.457] [info] Controller idle = 1
[2026-06-29 17:09:09.457] [info] Controller idle = 4
[2026-06-29 17:09:09.457] [info] Controller idle = 3
[2026-06-29 17:09:09.457] [info] Controller idle = 1
[2026-06-29 17:09:09.457] [info] Controller idle = 3
[2026-06-29 17:09:09.457] [info] Controller idle = 1
[2026-06-29 17:09:09.457] [info] Controller idle = 1
[2026-06-29 17:09:09.457] [info] Controller idle = 1
[2026-06-29 17:09:09.457] [info] Controller idle = 6
[2026-06-29 17:09:09.457] [info] Controller idle = 2
[2026-06-29 17:09:09.457] [info] Controller idle = 1
[2026-06-29 17:09:09.457] [info] Controller idle = 1
[2026-06-29 17:09:09.457] [info] Controller idle = 1
[2026-06-29 17:09:09.457] [info] Controller idle = 4
[2026-06-29 17:09:09.457] [info] Controller idle = 1
[2026-06-29 17:09:09.457] [info] Controller idle = 8
[2026-06-29 17:09:09.457] [info] Controller idle = 5
[2026-06-29 17:09:09.457] [info] Controller idle = 1
[2026-06-29 17:09:09.457] [info] Controller idle = 3
[2026-06-29 17:09:09.457] [info] Controller idle = 8
[2026-06-29 17:09:09.457] [info] Controller idle = 1
[2026-06-29 17:09:09.457] [info] Controller idle = 3
[2026-06-29 17:09:09.457] [info] Controller idle = 4
[2026-06-29 17:09:09.457] [info] Controller idle = 1
[2026-06-29 17:09:09.457] [info] Controller idle = 1
[2026-06-29 17:09:09.457] [info] Controller idle = 5
[2026-06-29 17:09:09.457] [info] Controller idle = 34525
[2026-06-29 17:09:09.457] [info] Controller idle = 34525
[2026-06-29 17:09:09.457] [info] Controller idle = 34527
[2026-06-29 17:09:09.457] [info] Controller idle = 34525
[2026-06-29 17:09:09.457] [info] Controller idle = 1
[2026-06-29 17:09:09.457] [info] Controller idle = 5
[2026-06-29 17:09:09.457] [info] Controller idle = 1
[2026-06-29 17:09:09.457] [info] Controller idle = 5
[2026-06-29 17:09:09.457] [info] Controller idle = 15
[2026-06-29 17:09:09.457] [info] Controller idle = 1
[2026-06-29 17:09:09.457] [info] Controller idle = 1
[2026-06-29 17:09:09.457] [info] Controller idle = 3
[2026-06-29 17:09:09.457] [info] Controller idle = 35
[2026-06-29 17:09:09.457] [info] Controller idle = 9
[2026-06-29 17:09:09.457] [info] Controller idle = 3
[2026-06-29 17:09:09.457] [info] Controller idle = 6
[2026-06-29 17:09:09.457] [info] Controller idle = 1
[2026-06-29 17:09:09.457] [info] Controller idle = 2
[2026-06-29 17:09:09.457] [info] Controller idle = 1
[2026-06-29 17:09:09.457] [info] Controller idle = 4
[2026-06-29 17:09:09.457] [info] Controller idle = 22
[2026-06-29 17:09:09.457] [info] Controller idle = 18
[2026-06-29 17:09:09.457] [info] Controller idle = 1
[2026-06-29 17:09:09.457] [info] Controller idle = 1
[2026-06-29 17:09:09.457] [info] Controller idle = 9
[2026-06-29 17:09:09.457] [info] Controller idle = 13
[2026-06-29 17:09:09.457] [info] Controller idle = 5
[2026-06-29 17:09:09.457] [info] Controller idle = 5
[2026-06-29 17:09:09.457] [info] Controller idle = 1
[2026-06-29 17:09:09.457] [info] Controller idle = 6
[2026-06-29 17:09:09.457] [info] Controller idle = 1
[2026-06-29 17:09:09.457] [info] Controller idle = 5
[2026-06-29 17:09:09.457] [info] Controller idle = 3
[2026-06-29 17:09:09.457] [info] Controller idle = 2
[2026-06-29 17:09:09.457] [info] Controller idle = 1
[2026-06-29 17:09:09.457] [info] Controller idle = 11
[2026-06-29 17:09:09.457] [info] Controller idle = 3
[2026-06-29 17:09:09.457] [info] Controller idle = 6
[2026-06-29 17:09:09.457] [info] Controller idle = 18
[2026-06-29 17:09:09.457] [info] Controller idle = 17
[2026-06-29 17:09:09.457] [info] Controller idle = 5
[2026-06-29 17:09:09.457] [info] Controller idle = 4
[2026-06-29 17:09:09.457] [info] Controller idle = 1
[2026-06-29 17:09:09.457] [info] Controller idle = 1
[2026-06-29 17:09:09.457] [info] Controller idle = 1
[2026-06-29 17:09:09.457] [info] Controller idle = 3
[2026-06-29 17:09:09.457] [info] Controller idle = 4
[2026-06-29 17:09:09.457] [info] Controller idle = 3
[2026-06-29 17:09:09.457] [info] Controller idle = 5
[2026-06-29 17:09:09.457] [info] Controller idle = 1
[2026-06-29 17:09:09.457] [info] Controller idle = 1
[2026-06-29 17:09:09.457] [info] Controller idle = 1
[2026-06-29 17:09:09.457] [info] Controller idle = 7
[2026-06-29 17:09:09.457] [info] Controller idle = 4
[2026-06-29 17:09:09.457] [info] Controller idle = 1
[2026-06-29 17:09:09.457] [info] Controller idle = 9
[2026-06-29 17:09:09.457] [info] Controller idle = 2
[2026-06-29 17:09:09.457] [info] Controller idle = 21
[2026-06-29 17:09:09.457] [info] Controller idle = 16
[2026-06-29 17:09:09.457] [info] Controller idle = 26
[2026-06-29 17:09:09.457] [info] Controller idle = 3
[2026-06-29 17:09:09.457] [info] Controller idle = 1
[2026-06-29 17:09:09.457] [info] Controller idle = 9
[2026-06-29 17:09:09.457] [info] Controller idle = 17
[2026-06-29 17:09:09.457] [info] Controller idle = 17
[2026-06-29 17:09:09.457] [info] Controller idle = 8329
[2026-06-29 17:09:09.457] [info] Controller idle = 1
[2026-06-29 17:09:09.457] [info] Controller idle = 1
[2026-06-29 17:09:09.457] [info] Controller idle = 1
[2026-06-29 17:09:09.457] [info] Controller idle = 5
[2026-06-29 17:09:09.457] [info] Controller idle = 3
[2026-06-29 17:09:09.457] [info] Controller idle = 2
[2026-06-29 17:09:09.457] [info] Controller idle = 8
[2026-06-29 17:09:09.457] [info] Controller idle = 15
[2026-06-29 17:09:09.457] [info] Controller idle = 6
[2026-06-29 17:09:09.457] [info] Controller idle = 13
[2026-06-29 17:09:09.457] [info] Controller idle = 15
[2026-06-29 17:09:09.457] [info] Controller idle = 5
[2026-06-29 17:09:09.457] [info] Controller idle = 1448
[2026-06-29 17:09:09.457] [info] Controller idle = 1
[2026-06-29 17:09:09.457] [info] Controller idle = 1
[2026-06-29 17:09:09.457] [info] Controller idle = 9110
[2026-06-29 17:09:09.457] [info] Controller idle = 1
[2026-06-29 17:09:09.457] [info] Controller idle = 9112
[2026-06-29 17:09:09.457] [info] Controller idle = 9107
[2026-06-29 17:09:09.457] [info] Controller idle = 4
[2026-06-29 17:09:09.457] [info] Controller idle = 1
[2026-06-29 17:09:09.457] [info] Controller idle = 4
[2026-06-29 17:09:09.457] [info] Controller idle = 17
[2026-06-29 17:09:09.457] [info] Controller idle = 11
[2026-06-29 17:09:09.457] [info] Controller idle = 3
[2026-06-29 17:09:09.457] [info] Controller idle = 3
[2026-06-29 17:09:09.457] [info] Controller idle = 9
[2026-06-29 17:09:09.457] [info] Controller idle = 1
[2026-06-29 17:09:09.457] [info] Controller idle = 1
[2026-06-29 17:09:09.457] [info] Controller idle = 2
[2026-06-29 17:09:09.457] [info] Controller idle = 5
[2026-06-29 17:09:09.457] [info] Controller idle = 2
[2026-06-29 17:09:09.457] [info] Controller idle = 9
[2026-06-29 17:09:09.457] [info] Controller idle = 12
[2026-06-29 17:09:09.457] [info] Controller idle = 5
[2026-06-29 17:09:09.457] [info] Controller idle = 18
[2026-06-29 17:09:09.457] [info] Controller idle = 5
[2026-06-29 17:09:09.457] [info] Controller idle = 1
[2026-06-29 17:09:09.457] [info] Controller idle = 4
[2026-06-29 17:09:09.457] [info] Controller idle = 5
[2026-06-29 17:09:09.457] [info] Controller idle = 22
[2026-06-29 17:09:09.457] [info] Controller idle = 1
[2026-06-29 17:09:09.457] [info] Controller idle = 2376
[2026-06-29 17:09:09.457] [info] Controller idle = 1946
[2026-06-29 17:09:09.457] [info] Controller idle = 879
[2026-06-29 17:09:09.457] [info] Controller idle = 54
[2026-06-29 17:09:09.457] [info] Controller idle = 4870
[2026-06-29 17:09:09.457] [info] Controller idle = 4068
[2026-06-29 17:09:09.457] [info] Controller idle = 4888
[2026-06-29 17:09:09.457] [info] Controller idle = 11
[2026-06-29 17:09:09.457] [info] Controller idle = 4042
[2026-06-29 17:09:09.457] [info] Controller idle = 1
[2026-06-29 17:09:09.457] [info] Controller idle = 1
[2026-06-29 17:09:09.457] [info] Controller idle = 4874
[2026-06-29 17:09:09.457] [info] Controller idle = 1
[2026-06-29 17:09:09.457] [info] Controller idle = 4068
[2026-06-29 17:09:09.457] [info] Controller idle = 3253
[2026-06-29 17:09:09.457] [info] Controller idle = 1
[2026-06-29 17:09:09.457] [info] Controller idle = 2707
[2026-06-29 17:09:09.457] [info] Controller idle = 1
[2026-06-29 17:09:09.457] [info] Controller idle = 18
[2026-06-29 17:09:09.457] [info] Controller idle = 1
[2026-06-29 17:09:09.457] [info] Controller idle = 12
[2026-06-29 17:09:09.457] [info] Controller idle = 1
[2026-06-29 17:09:09.457] [info] Controller idle = 2
[2026-06-29 17:09:09.457] [info] Controller idle = 2720
[2026-06-29 17:09:09.457] [info] Controller idle = 2
[2026-06-29 17:09:09.457] [info] Controller idle = 1
[2026-06-29 17:09:09.457] [info] Controller idle = 2
[2026-06-29 17:09:09.457] [info] Controller idle = 5
[2026-06-29 17:09:09.457] [info] Controller idle = 2740
[2026-06-29 17:09:09.457] [info] Controller idle = 825
[2026-06-29 17:09:09.457] [info] Controller idle = 255
[2026-06-29 17:09:09.457] [info] Controller idle = 2
[2026-06-29 17:09:09.457] [info] Controller idle = 1
[2026-06-29 17:09:09.457] [info] Controller idle = 1
[2026-06-29 17:09:09.457] [info] Controller idle = 5
[2026-06-29 17:09:09.457] [info] Controller idle = 1
[2026-06-29 17:09:09.457] [info] Controller idle = 277
[2026-06-29 17:09:09.457] [info] Controller idle = 1
[2026-06-29 17:09:09.457] [info] Controller idle = 2
[2026-06-29 17:09:09.457] [info] Controller idle = 6
[2026-06-29 17:09:09.457] [info] Controller idle = 10
[2026-06-29 17:09:09.457] [info] Controller idle = 1
[2026-06-29 17:09:09.457] [info] Controller idle = 1
[2026-06-29 17:09:09.457] [info] Controller idle = 2
[2026-06-29 17:09:09.457] [info] Controller idle = 6
[2026-06-29 17:09:09.457] [info] Controller idle = 266
[2026-06-29 17:09:09.457] [info] Controller idle = 6006
[2026-06-29 17:09:09.457] [info] Controller idle = 5481
[2026-06-29 17:09:09.457] [info] Controller idle = 4
[2026-06-29 17:09:09.457] [info] Controller idle = 11
[2026-06-29 17:09:09.457] [info] Controller idle = 1
[2026-06-29 17:09:09.457] [info] Controller idle = 2
[2026-06-29 17:09:09.457] [info] Controller idle = 2
[2026-06-29 17:09:09.457] [info] Controller idle = 5498
[2026-06-29 17:09:09.457] [info] Controller idle = 1
[2026-06-29 17:09:09.457] [info] Controller idle = 2
[2026-06-29 17:09:09.457] [info] Controller idle = 2
[2026-06-29 17:09:09.457] [info] Controller idle = 1
[2026-06-29 17:09:09.457] [info] Controller idle = 1
[2026-06-29 17:09:09.457] [info] Controller idle = 14
[2026-06-29 17:09:09.457] [info] Controller idle = 1
[2026-06-29 17:09:09.457] [info] Controller idle = 5492
[2026-06-29 17:09:09.457] [info] Controller idle = 6031
[2026-06-29 17:09:09.457] [info] Controller idle = 5472
[2026-06-29 17:09:09.457] [info] Controller idle = 2
[2026-06-29 17:09:09.457] [info] Controller idle = 2
[2026-06-29 17:09:09.457] [info] Controller idle = 11
[2026-06-29 17:09:09.457] [info] Controller idle = 6
[2026-06-29 17:09:09.457] [info] Controller idle = 5496
[2026-06-29 17:09:09.457] [info] Controller idle = 20
[2026-06-29 17:09:09.457] [info] Controller idle = 5
[2026-06-29 17:09:09.457] [info] Controller idle = 5491
[2026-06-29 17:09:09.457] [info] Controller idle = 5993
[2026-06-29 17:09:09.457] [info] Controller idle = 5477
[2026-06-29 17:09:09.457] [info] Controller idle = 1
[2026-06-29 17:09:09.457] [info] Controller idle = 1
[2026-06-29 17:09:09.457] [info] Controller idle = 3
[2026-06-29 17:09:09.457] [info] Controller idle = 1
[2026-06-29 17:09:09.457] [info] Controller idle = 1
[2026-06-29 17:09:09.457] [info] Controller idle = 2
[2026-06-29 17:09:09.457] [info] Controller idle = 1
[2026-06-29 17:09:09.457] [info] Controller idle = 1
[2026-06-29 17:09:09.457] [info] Controller idle = 1
[2026-06-29 17:09:09.457] [info] Controller idle = 5498
[2026-06-29 17:09:09.457] [info] Controller idle = 1
[2026-06-29 17:09:09.457] [info] Controller idle = 9
[2026-06-29 17:09:09.457] [info] Controller idle = 3
[2026-06-29 17:09:09.457] [info] Controller idle = 4
[2026-06-29 17:09:09.457] [info] Controller idle = 5498
[2026-06-29 17:09:09.457] [info] Controller idle = 3
[2026-06-29 17:09:09.457] [info] Controller idle = 1136
MemorySystem:
  impl: GenericDRAM
  total_num_other_requests: 0
  total_num_write_requests: 9711
  total_num_read_requests: 8667
  memory_system_cycles: 555249

  DRAM:
    impl: HBM2
    dram_commands: 21070
  AddrMapper:
    impl: RoBaRaCoCh
  Controller:
    impl: Generic
    id: Channel 0
    Scheduler:
      impl: FRFCFS
    RefreshManager:
      impl: AllBank



Frontend:
  impl: GEM5

[2026-06-29 17:09:09.457] [info] Row hits: 15784, Row misses: 90, Row conflicts: 1730
[2026-06-29 17:09:09.457] [info] Controller idle = 11
[2026-06-29 17:09:09.457] [info] Controller idle = 27000
[2026-06-29 17:09:09.457] [info] Controller idle = 210400
[2026-06-29 17:09:09.457] [info] Controller idle = 1
[2026-06-29 17:09:09.457] [info] Controller idle = 1
[2026-06-29 17:09:09.457] [info] Controller idle = 1
[2026-06-29 17:09:09.457] [info] Controller idle = 3
[2026-06-29 17:09:09.457] [info] Controller idle = 2
[2026-06-29 17:09:09.457] [info] Controller idle = 1
[2026-06-29 17:09:09.457] [info] Controller idle = 8
[2026-06-29 17:09:09.457] [info] Controller idle = 1
[2026-06-29 17:09:09.457] [info] Controller idle = 3
[2026-06-29 17:09:09.457] [info] Controller idle = 1
[2026-06-29 17:09:09.457] [info] Controller idle = 1
[2026-06-29 17:09:09.457] [info] Controller idle = 2
[2026-06-29 17:09:09.457] [info] Controller idle = 4
[2026-06-29 17:09:09.457] [info] Controller idle = 1
[2026-06-29 17:09:09.457] [info] Controller idle = 1
[2026-06-29 17:09:09.457] [info] Controller idle = 1
[2026-06-29 17:09:09.457] [info] Controller idle = 1
[2026-06-29 17:09:09.457] [info] Controller idle = 3
[2026-06-29 17:09:09.457] [info] Controller idle = 2
[2026-06-29 17:09:09.457] [info] Controller idle = 2
[2026-06-29 17:09:09.457] [info] Controller idle = 8
[2026-06-29 17:09:09.457] [info] Controller idle = 5
[2026-06-29 17:09:09.457] [info] Controller idle = 1
[2026-06-29 17:09:09.457] [info] Controller idle = 1
[2026-06-29 17:09:09.457] [info] Controller idle = 3
[2026-06-29 17:09:09.457] [info] Controller idle = 1
[2026-06-29 17:09:09.457] [info] Controller idle = 4
[2026-06-29 17:09:09.457] [info] Controller idle = 1
[2026-06-29 17:09:09.457] [info] Controller idle = 1
[2026-06-29 17:09:09.457] [info] Controller idle = 2
[2026-06-29 17:09:09.457] [info] Controller idle = 3
[2026-06-29 17:09:09.457] [info] Controller idle = 9
[2026-06-29 17:09:09.457] [info] Controller idle = 8
[2026-06-29 17:09:09.457] [info] Controller idle = 2
[2026-06-29 17:09:09.457] [info] Controller idle = 1
[2026-06-29 17:09:09.457] [info] Controller idle = 3
[2026-06-29 17:09:09.457] [info] Controller idle = 34537
[2026-06-29 17:09:09.457] [info] Controller idle = 34508
[2026-06-29 17:09:09.457] [info] Controller idle = 34528
[2026-06-29 17:09:09.457] [info] Controller idle = 34519
[2026-06-29 17:09:09.457] [info] Controller idle = 5
[2026-06-29 17:09:09.457] [info] Controller idle = 1
[2026-06-29 17:09:09.457] [info] Controller idle = 4
[2026-06-29 17:09:09.457] [info] Controller idle = 9
[2026-06-29 17:09:09.457] [info] Controller idle = 7
[2026-06-29 17:09:09.457] [info] Controller idle = 1
[2026-06-29 17:09:09.457] [info] Controller idle = 1
[2026-06-29 17:09:09.457] [info] Controller idle = 12
[2026-06-29 17:09:09.457] [info] Controller idle = 10
[2026-06-29 17:09:09.457] [info] Controller idle = 2
[2026-06-29 17:09:09.457] [info] Controller idle = 10
[2026-06-29 17:09:09.457] [info] Controller idle = 8
[2026-06-29 17:09:09.457] [info] Controller idle = 7
[2026-06-29 17:09:09.457] [info] Controller idle = 6
[2026-06-29 17:09:09.457] [info] Controller idle = 3
[2026-06-29 17:09:09.457] [info] Controller idle = 5
[2026-06-29 17:09:09.457] [info] Controller idle = 5
[2026-06-29 17:09:09.457] [info] Controller idle = 6
[2026-06-29 17:09:09.457] [info] Controller idle = 1
[2026-06-29 17:09:09.457] [info] Controller idle = 2
[2026-06-29 17:09:09.457] [info] Controller idle = 4
[2026-06-29 17:09:09.457] [info] Controller idle = 4
[2026-06-29 17:09:09.457] [info] Controller idle = 1
[2026-06-29 17:09:09.457] [info] Controller idle = 1
[2026-06-29 17:09:09.457] [info] Controller idle = 1
[2026-06-29 17:09:09.457] [info] Controller idle = 14
[2026-06-29 17:09:09.457] [info] Controller idle = 12
[2026-06-29 17:09:09.457] [info] Controller idle = 5
[2026-06-29 17:09:09.457] [info] Controller idle = 1
[2026-06-29 17:09:09.457] [info] Controller idle = 1
[2026-06-29 17:09:09.457] [info] Controller idle = 4
[2026-06-29 17:09:09.457] [info] Controller idle = 13
[2026-06-29 17:09:09.457] [info] Controller idle = 5
[2026-06-29 17:09:09.457] [info] Controller idle = 30
[2026-06-29 17:09:09.457] [info] Controller idle = 8
[2026-06-29 17:09:09.457] [info] Controller idle = 7
[2026-06-29 17:09:09.457] [info] Controller idle = 5
[2026-06-29 17:09:09.457] [info] Controller idle = 4
[2026-06-29 17:09:09.457] [info] Controller idle = 1
[2026-06-29 17:09:09.457] [info] Controller idle = 1
[2026-06-29 17:09:09.457] [info] Controller idle = 6
[2026-06-29 17:09:09.457] [info] Controller idle = 4
[2026-06-29 17:09:09.457] [info] Controller idle = 1
[2026-06-29 17:09:09.457] [info] Controller idle = 3
[2026-06-29 17:09:09.457] [info] Controller idle = 3
[2026-06-29 17:09:09.457] [info] Controller idle = 8
[2026-06-29 17:09:09.457] [info] Controller idle = 1
[2026-06-29 17:09:09.457] [info] Controller idle = 1
[2026-06-29 17:09:09.457] [info] Controller idle = 17
[2026-06-29 17:09:09.457] [info] Controller idle = 1
[2026-06-29 17:09:09.457] [info] Controller idle = 6
[2026-06-29 17:09:09.457] [info] Controller idle = 7
[2026-06-29 17:09:09.457] [info] Controller idle = 2
[2026-06-29 17:09:09.457] [info] Controller idle = 9
[2026-06-29 17:09:09.457] [info] Controller idle = 2
[2026-06-29 17:09:09.457] [info] Controller idle = 5
[2026-06-29 17:09:09.457] [info] Controller idle = 3
[2026-06-29 17:09:09.457] [info] Controller idle = 1
[2026-06-29 17:09:09.457] [info] Controller idle = 5
[2026-06-29 17:09:09.457] [info] Controller idle = 9
[2026-06-29 17:09:09.457] [info] Controller idle = 10
[2026-06-29 17:09:09.457] [info] Controller idle = 1
[2026-06-29 17:09:09.457] [info] Controller idle = 5
[2026-06-29 17:09:09.457] [info] Controller idle = 6
[2026-06-29 17:09:09.457] [info] Controller idle = 4
[2026-06-29 17:09:09.457] [info] Controller idle = 12
[2026-06-29 17:09:09.457] [info] Controller idle = 1
[2026-06-29 17:09:09.457] [info] Controller idle = 1
[2026-06-29 17:09:09.457] [info] Controller idle = 11
[2026-06-29 17:09:09.457] [info] Controller idle = 1
[2026-06-29 17:09:09.457] [info] Controller idle = 8
[2026-06-29 17:09:09.457] [info] Controller idle = 15
[2026-06-29 17:09:09.457] [info] Controller idle = 15
[2026-06-29 17:09:09.457] [info] Controller idle = 1
[2026-06-29 17:09:09.457] [info] Controller idle = 3
[2026-06-29 17:09:09.457] [info] Controller idle = 9
[2026-06-29 17:09:09.457] [info] Controller idle = 11
[2026-06-29 17:09:09.457] [info] Controller idle = 8327
[2026-06-29 17:09:09.457] [info] Controller idle = 10
[2026-06-29 17:09:09.457] [info] Controller idle = 4
[2026-06-29 17:09:09.457] [info] Controller idle = 6
[2026-06-29 17:09:09.457] [info] Controller idle = 1
[2026-06-29 17:09:09.457] [info] Controller idle = 1
[2026-06-29 17:09:09.457] [info] Controller idle = 1
[2026-06-29 17:09:09.457] [info] Controller idle = 1
[2026-06-29 17:09:09.457] [info] Controller idle = 1
[2026-06-29 17:09:09.457] [info] Controller idle = 23
[2026-06-29 17:09:09.457] [info] Controller idle = 16
[2026-06-29 17:09:09.457] [info] Controller idle = 1
[2026-06-29 17:09:09.457] [info] Controller idle = 1439
[2026-06-29 17:09:09.457] [info] Controller idle = 9120
[2026-06-29 17:09:09.457] [info] Controller idle = 9120
[2026-06-29 17:09:09.457] [info] Controller idle = 9111
[2026-06-29 17:09:09.457] [info] Controller idle = 5
[2026-06-29 17:09:09.457] [info] Controller idle = 9
[2026-06-29 17:09:09.457] [info] Controller idle = 6
[2026-06-29 17:09:09.457] [info] Controller idle = 2
[2026-06-29 17:09:09.457] [info] Controller idle = 7
[2026-06-29 17:09:09.457] [info] Controller idle = 11
[2026-06-29 17:09:09.457] [info] Controller idle = 2
[2026-06-29 17:09:09.457] [info] Controller idle = 18
[2026-06-29 17:09:09.457] [info] Controller idle = 2
[2026-06-29 17:09:09.457] [info] Controller idle = 11
[2026-06-29 17:09:09.457] [info] Controller idle = 16
[2026-06-29 17:09:09.457] [info] Controller idle = 1
[2026-06-29 17:09:09.457] [info] Controller idle = 1
[2026-06-29 17:09:09.457] [info] Controller idle = 1
[2026-06-29 17:09:09.457] [info] Controller idle = 5
[2026-06-29 17:09:09.457] [info] Controller idle = 1
[2026-06-29 17:09:09.457] [info] Controller idle = 11
[2026-06-29 17:09:09.457] [info] Controller idle = 1
[2026-06-29 17:09:09.457] [info] Controller idle = 1
[2026-06-29 17:09:09.457] [info] Controller idle = 1
[2026-06-29 17:09:09.457] [info] Controller idle = 8
[2026-06-29 17:09:09.457] [info] Controller idle = 3
[2026-06-29 17:09:09.457] [info] Controller idle = 4
[2026-06-29 17:09:09.457] [info] Controller idle = 1
[2026-06-29 17:09:09.457] [info] Controller idle = 1
[2026-06-29 17:09:09.457] [info] Controller idle = 10
[2026-06-29 17:09:09.457] [info] Controller idle = 4
[2026-06-29 17:09:09.457] [info] Controller idle = 2
[2026-06-29 17:09:09.457] [info] Controller idle = 3
[2026-06-29 17:09:09.457] [info] Controller idle = 1
[2026-06-29 17:09:09.457] [info] Controller idle = 1
[2026-06-29 17:09:09.457] [info] Controller idle = 4
[2026-06-29 17:09:09.457] [info] Controller idle = 22
[2026-06-29 17:09:09.457] [info] Controller idle = 4
[2026-06-29 17:09:09.457] [info] Controller idle = 4
[2026-06-29 17:09:09.457] [info] Controller idle = 2385
[2026-06-29 17:09:09.457] [info] Controller idle = 1933
[2026-06-29 17:09:09.457] [info] Controller idle = 885
[2026-06-29 17:09:09.457] [info] Controller idle = 5
[2026-06-29 17:09:09.457] [info] Controller idle = 1
[2026-06-29 17:09:09.457] [info] Controller idle = 58
[2026-06-29 17:09:09.457] [info] Controller idle = 1
[2026-06-29 17:09:09.457] [info] Controller idle = 4862
[2026-06-29 17:09:09.457] [info] Controller idle = 2
[2026-06-29 17:09:09.457] [info] Controller idle = 3
[2026-06-29 17:09:09.457] [info] Controller idle = 1
[2026-06-29 17:09:09.457] [info] Controller idle = 4063
[2026-06-29 17:09:09.457] [info] Controller idle = 1
[2026-06-29 17:09:09.457] [info] Controller idle = 1
[2026-06-29 17:09:09.457] [info] Controller idle = 4869
[2026-06-29 17:09:09.457] [info] Controller idle = 4072
[2026-06-29 17:09:09.457] [info] Controller idle = 4893
[2026-06-29 17:09:09.457] [info] Controller idle = 4059
[2026-06-29 17:09:09.457] [info] Controller idle = 1
[2026-06-29 17:09:09.457] [info] Controller idle = 3261
[2026-06-29 17:09:09.457] [info] Controller idle = 2717
[2026-06-29 17:09:09.457] [info] Controller idle = 3
[2026-06-29 17:09:09.457] [info] Controller idle = 13
[2026-06-29 17:09:09.457] [info] Controller idle = 2717
[2026-06-29 17:09:09.457] [info] Controller idle = 10
[2026-06-29 17:09:09.457] [info] Controller idle = 1
[2026-06-29 17:09:09.457] [info] Controller idle = 3
[2026-06-29 17:09:09.457] [info] Controller idle = 3
[2026-06-29 17:09:09.457] [info] Controller idle = 2
[2026-06-29 17:09:09.457] [info] Controller idle = 2731
[2026-06-29 17:09:09.457] [info] Controller idle = 855
[2026-06-29 17:09:09.457] [info] Controller idle = 248
[2026-06-29 17:09:09.457] [info] Controller idle = 5
[2026-06-29 17:09:09.457] [info] Controller idle = 3
[2026-06-29 17:09:09.457] [info] Controller idle = 4
[2026-06-29 17:09:09.457] [info] Controller idle = 282
[2026-06-29 17:09:09.457] [info] Controller idle = 8
[2026-06-29 17:09:09.457] [info] Controller idle = 2
[2026-06-29 17:09:09.457] [info] Controller idle = 3
[2026-06-29 17:09:09.457] [info] Controller idle = 277
[2026-06-29 17:09:09.457] [info] Controller idle = 6006
[2026-06-29 17:09:09.457] [info] Controller idle = 5468
[2026-06-29 17:09:09.457] [info] Controller idle = 1
[2026-06-29 17:09:09.457] [info] Controller idle = 1
[2026-06-29 17:09:09.457] [info] Controller idle = 5
[2026-06-29 17:09:09.457] [info] Controller idle = 6
[2026-06-29 17:09:09.457] [info] Controller idle = 10
[2026-06-29 17:09:09.457] [info] Controller idle = 1
[2026-06-29 17:09:09.457] [info] Controller idle = 5495
[2026-06-29 17:09:09.457] [info] Controller idle = 4
[2026-06-29 17:09:09.457] [info] Controller idle = 6
[2026-06-29 17:09:09.457] [info] Controller idle = 2
[2026-06-29 17:09:09.457] [info] Controller idle = 1
[2026-06-29 17:09:09.457] [info] Controller idle = 1
[2026-06-29 17:09:09.457] [info] Controller idle = 2
[2026-06-29 17:09:09.457] [info] Controller idle = 2
[2026-06-29 17:09:09.457] [info] Controller idle = 5499
[2026-06-29 17:09:09.457] [info] Controller idle = 3
[2026-06-29 17:09:09.457] [info] Controller idle = 6031
[2026-06-29 17:09:09.457] [info] Controller idle = 5481
[2026-06-29 17:09:09.457] [info] Controller idle = 5
[2026-06-29 17:09:09.457] [info] Controller idle = 2
[2026-06-29 17:09:09.457] [info] Controller idle = 4
[2026-06-29 17:09:09.457] [info] Controller idle = 5506
[2026-06-29 17:09:09.457] [info] Controller idle = 1
[2026-06-29 17:09:09.457] [info] Controller idle = 2
[2026-06-29 17:09:09.457] [info] Controller idle = 2
[2026-06-29 17:09:09.457] [info] Controller idle = 15
[2026-06-29 17:09:09.457] [info] Controller idle = 5501
[2026-06-29 17:09:09.457] [info] Controller idle = 5998
[2026-06-29 17:09:09.457] [info] Controller idle = 5473
[2026-06-29 17:09:09.457] [info] Controller idle = 8
[2026-06-29 17:09:09.457] [info] Controller idle = 2
[2026-06-29 17:09:09.457] [info] Controller idle = 9
[2026-06-29 17:09:09.457] [info] Controller idle = 5496
[2026-06-29 17:09:09.457] [info] Controller idle = 5
[2026-06-29 17:09:09.457] [info] Controller idle = 4
[2026-06-29 17:09:09.457] [info] Controller idle = 5
[2026-06-29 17:09:09.457] [info] Controller idle = 1
[2026-06-29 17:09:09.457] [info] Controller idle = 5502
[2026-06-29 17:09:09.457] [info] Controller idle = 1
[2026-06-29 17:09:09.457] [info] Controller idle = 1089
MemorySystem:
  impl: GenericDRAM
  total_num_other_requests: 0
  total_num_write_requests: 9701
  total_num_read_requests: 8685
  memory_system_cycles: 555249

  DRAM:
    impl: HBM2
    dram_commands: 21172
  AddrMapper:
    impl: RoBaRaCoCh
  Controller:
    impl: Generic
    id: Channel 0
    Scheduler:
      impl: FRFCFS
    RefreshManager:
      impl: AllBank



Frontend:
  impl: GEM5

[2026-06-29 17:09:09.458] [info] Row hits: 15742, Row misses: 90, Row conflicts: 1738
[2026-06-29 17:09:09.458] [info] Controller idle = 11
[2026-06-29 17:09:09.458] [info] Controller idle = 27003
[2026-06-29 17:09:09.458] [info] Controller idle = 210400
[2026-06-29 17:09:09.458] [info] Controller idle = 1
[2026-06-29 17:09:09.458] [info] Controller idle = 1
[2026-06-29 17:09:09.458] [info] Controller idle = 1
[2026-06-29 17:09:09.458] [info] Controller idle = 4
[2026-06-29 17:09:09.458] [info] Controller idle = 1
[2026-06-29 17:09:09.458] [info] Controller idle = 7
[2026-06-29 17:09:09.458] [info] Controller idle = 3
[2026-06-29 17:09:09.458] [info] Controller idle = 3
[2026-06-29 17:09:09.458] [info] Controller idle = 3
[2026-06-29 17:09:09.458] [info] Controller idle = 4
[2026-06-29 17:09:09.458] [info] Controller idle = 2
[2026-06-29 17:09:09.458] [info] Controller idle = 4
[2026-06-29 17:09:09.458] [info] Controller idle = 1
[2026-06-29 17:09:09.458] [info] Controller idle = 4
[2026-06-29 17:09:09.458] [info] Controller idle = 3
[2026-06-29 17:09:09.458] [info] Controller idle = 4
[2026-06-29 17:09:09.458] [info] Controller idle = 1
[2026-06-29 17:09:09.458] [info] Controller idle = 1
[2026-06-29 17:09:09.458] [info] Controller idle = 1
[2026-06-29 17:09:09.458] [info] Controller idle = 1
[2026-06-29 17:09:09.458] [info] Controller idle = 8
[2026-06-29 17:09:09.458] [info] Controller idle = 5
[2026-06-29 17:09:09.458] [info] Controller idle = 3
[2026-06-29 17:09:09.458] [info] Controller idle = 1
[2026-06-29 17:09:09.458] [info] Controller idle = 2
[2026-06-29 17:09:09.458] [info] Controller idle = 1
[2026-06-29 17:09:09.458] [info] Controller idle = 5
[2026-06-29 17:09:09.458] [info] Controller idle = 3
[2026-06-29 17:09:09.458] [info] Controller idle = 4
[2026-06-29 17:09:09.458] [info] Controller idle = 1
[2026-06-29 17:09:09.458] [info] Controller idle = 8
[2026-06-29 17:09:09.458] [info] Controller idle = 2
[2026-06-29 17:09:09.458] [info] Controller idle = 1
[2026-06-29 17:09:09.458] [info] Controller idle = 2
[2026-06-29 17:09:09.458] [info] Controller idle = 1
[2026-06-29 17:09:09.458] [info] Controller idle = 34541
[2026-06-29 17:09:09.458] [info] Controller idle = 34521
[2026-06-29 17:09:09.458] [info] Controller idle = 34528
[2026-06-29 17:09:09.458] [info] Controller idle = 34525
[2026-06-29 17:09:09.458] [info] Controller idle = 1
[2026-06-29 17:09:09.458] [info] Controller idle = 1
[2026-06-29 17:09:09.458] [info] Controller idle = 1
[2026-06-29 17:09:09.458] [info] Controller idle = 10
[2026-06-29 17:09:09.458] [info] Controller idle = 6
[2026-06-29 17:09:09.458] [info] Controller idle = 17
[2026-06-29 17:09:09.458] [info] Controller idle = 16
[2026-06-29 17:09:09.458] [info] Controller idle = 3
[2026-06-29 17:09:09.458] [info] Controller idle = 1
[2026-06-29 17:09:09.458] [info] Controller idle = 7
[2026-06-29 17:09:09.458] [info] Controller idle = 1
[2026-06-29 17:09:09.458] [info] Controller idle = 16
[2026-06-29 17:09:09.458] [info] Controller idle = 12
[2026-06-29 17:09:09.458] [info] Controller idle = 1
[2026-06-29 17:09:09.458] [info] Controller idle = 9
[2026-06-29 17:09:09.458] [info] Controller idle = 6
[2026-06-29 17:09:09.458] [info] Controller idle = 1
[2026-06-29 17:09:09.458] [info] Controller idle = 1
[2026-06-29 17:09:09.458] [info] Controller idle = 1
[2026-06-29 17:09:09.458] [info] Controller idle = 1
[2026-06-29 17:09:09.458] [info] Controller idle = 1
[2026-06-29 17:09:09.458] [info] Controller idle = 3
[2026-06-29 17:09:09.458] [info] Controller idle = 10
[2026-06-29 17:09:09.458] [info] Controller idle = 10
[2026-06-29 17:09:09.458] [info] Controller idle = 1
[2026-06-29 17:09:09.458] [info] Controller idle = 3
[2026-06-29 17:09:09.458] [info] Controller idle = 3
[2026-06-29 17:09:09.458] [info] Controller idle = 4
[2026-06-29 17:09:09.458] [info] Controller idle = 7
[2026-06-29 17:09:09.458] [info] Controller idle = 3
[2026-06-29 17:09:09.458] [info] Controller idle = 1
[2026-06-29 17:09:09.458] [info] Controller idle = 9
[2026-06-29 17:09:09.458] [info] Controller idle = 3
[2026-06-29 17:09:09.458] [info] Controller idle = 10
[2026-06-29 17:09:09.458] [info] Controller idle = 1
[2026-06-29 17:09:09.458] [info] Controller idle = 1
[2026-06-29 17:09:09.458] [info] Controller idle = 14
[2026-06-29 17:09:09.458] [info] Controller idle = 7
[2026-06-29 17:09:09.458] [info] Controller idle = 3
[2026-06-29 17:09:09.458] [info] Controller idle = 1
[2026-06-29 17:09:09.458] [info] Controller idle = 6
[2026-06-29 17:09:09.458] [info] Controller idle = 8
[2026-06-29 17:09:09.458] [info] Controller idle = 12
[2026-06-29 17:09:09.458] [info] Controller idle = 2
[2026-06-29 17:09:09.458] [info] Controller idle = 1
[2026-06-29 17:09:09.458] [info] Controller idle = 7
[2026-06-29 17:09:09.458] [info] Controller idle = 1
[2026-06-29 17:09:09.458] [info] Controller idle = 1
[2026-06-29 17:09:09.458] [info] Controller idle = 19
[2026-06-29 17:09:09.458] [info] Controller idle = 1
[2026-06-29 17:09:09.458] [info] Controller idle = 8
[2026-06-29 17:09:09.458] [info] Controller idle = 1
[2026-06-29 17:09:09.458] [info] Controller idle = 1
[2026-06-29 17:09:09.458] [info] Controller idle = 4
[2026-06-29 17:09:09.458] [info] Controller idle = 3
[2026-06-29 17:09:09.458] [info] Controller idle = 4
[2026-06-29 17:09:09.458] [info] Controller idle = 4
[2026-06-29 17:09:09.458] [info] Controller idle = 2
[2026-06-29 17:09:09.458] [info] Controller idle = 4
[2026-06-29 17:09:09.458] [info] Controller idle = 10
[2026-06-29 17:09:09.458] [info] Controller idle = 1
[2026-06-29 17:09:09.458] [info] Controller idle = 3
[2026-06-29 17:09:09.458] [info] Controller idle = 1
[2026-06-29 17:09:09.458] [info] Controller idle = 13
[2026-06-29 17:09:09.458] [info] Controller idle = 10
[2026-06-29 17:09:09.458] [info] Controller idle = 1
[2026-06-29 17:09:09.458] [info] Controller idle = 7
[2026-06-29 17:09:09.458] [info] Controller idle = 15
[2026-06-29 17:09:09.458] [info] Controller idle = 11
[2026-06-29 17:09:09.458] [info] Controller idle = 8
[2026-06-29 17:09:09.458] [info] Controller idle = 1
[2026-06-29 17:09:09.458] [info] Controller idle = 4
[2026-06-29 17:09:09.458] [info] Controller idle = 4
[2026-06-29 17:09:09.458] [info] Controller idle = 15
[2026-06-29 17:09:09.458] [info] Controller idle = 14
[2026-06-29 17:09:09.458] [info] Controller idle = 1
[2026-06-29 17:09:09.458] [info] Controller idle = 8340
[2026-06-29 17:09:09.458] [info] Controller idle = 7
[2026-06-29 17:09:09.458] [info] Controller idle = 5
[2026-06-29 17:09:09.458] [info] Controller idle = 4
[2026-06-29 17:09:09.458] [info] Controller idle = 5
[2026-06-29 17:09:09.458] [info] Controller idle = 6
[2026-06-29 17:09:09.458] [info] Controller idle = 5
[2026-06-29 17:09:09.458] [info] Controller idle = 1
[2026-06-29 17:09:09.458] [info] Controller idle = 3
[2026-06-29 17:09:09.458] [info] Controller idle = 1
[2026-06-29 17:09:09.458] [info] Controller idle = 1
[2026-06-29 17:09:09.458] [info] Controller idle = 12
[2026-06-29 17:09:09.458] [info] Controller idle = 6
[2026-06-29 17:09:09.458] [info] Controller idle = 1
[2026-06-29 17:09:09.458] [info] Controller idle = 5
[2026-06-29 17:09:09.458] [info] Controller idle = 9
[2026-06-29 17:09:09.458] [info] Controller idle = 5
[2026-06-29 17:09:09.458] [info] Controller idle = 6
[2026-06-29 17:09:09.458] [info] Controller idle = 1431
[2026-06-29 17:09:09.458] [info] Controller idle = 4
[2026-06-29 17:09:09.458] [info] Controller idle = 20
[2026-06-29 17:09:09.458] [info] Controller idle = 9112
[2026-06-29 17:09:09.458] [info] Controller idle = 9142
[2026-06-29 17:09:09.458] [info] Controller idle = 9113
[2026-06-29 17:09:09.458] [info] Controller idle = 9
[2026-06-29 17:09:09.458] [info] Controller idle = 5
[2026-06-29 17:09:09.458] [info] Controller idle = 9
[2026-06-29 17:09:09.458] [info] Controller idle = 11
[2026-06-29 17:09:09.458] [info] Controller idle = 9
[2026-06-29 17:09:09.458] [info] Controller idle = 1
[2026-06-29 17:09:09.458] [info] Controller idle = 1
[2026-06-29 17:09:09.458] [info] Controller idle = 1
[2026-06-29 17:09:09.458] [info] Controller idle = 8
[2026-06-29 17:09:09.458] [info] Controller idle = 1
[2026-06-29 17:09:09.458] [info] Controller idle = 8
[2026-06-29 17:09:09.458] [info] Controller idle = 1
[2026-06-29 17:09:09.458] [info] Controller idle = 3
[2026-06-29 17:09:09.458] [info] Controller idle = 15
[2026-06-29 17:09:09.458] [info] Controller idle = 2
[2026-06-29 17:09:09.458] [info] Controller idle = 1
[2026-06-29 17:09:09.458] [info] Controller idle = 12
[2026-06-29 17:09:09.458] [info] Controller idle = 2
[2026-06-29 17:09:09.458] [info] Controller idle = 5
[2026-06-29 17:09:09.458] [info] Controller idle = 2
[2026-06-29 17:09:09.458] [info] Controller idle = 10
[2026-06-29 17:09:09.458] [info] Controller idle = 6
[2026-06-29 17:09:09.458] [info] Controller idle = 3
[2026-06-29 17:09:09.458] [info] Controller idle = 2
[2026-06-29 17:09:09.458] [info] Controller idle = 1
[2026-06-29 17:09:09.458] [info] Controller idle = 23
[2026-06-29 17:09:09.458] [info] Controller idle = 1
[2026-06-29 17:09:09.458] [info] Controller idle = 1
[2026-06-29 17:09:09.458] [info] Controller idle = 2376
[2026-06-29 17:09:09.458] [info] Controller idle = 1953
[2026-06-29 17:09:09.458] [info] Controller idle = 867
[2026-06-29 17:09:09.458] [info] Controller idle = 47
[2026-06-29 17:09:09.458] [info] Controller idle = 1
[2026-06-29 17:09:09.458] [info] Controller idle = 4868
[2026-06-29 17:09:09.458] [info] Controller idle = 1
[2026-06-29 17:09:09.458] [info] Controller idle = 13
[2026-06-29 17:09:09.458] [info] Controller idle = 4066
[2026-06-29 17:09:09.458] [info] Controller idle = 4889
[2026-06-29 17:09:09.458] [info] Controller idle = 4069
[2026-06-29 17:09:09.458] [info] Controller idle = 4883
[2026-06-29 17:09:09.458] [info] Controller idle = 1
[2026-06-29 17:09:09.458] [info] Controller idle = 4064
[2026-06-29 17:09:09.458] [info] Controller idle = 3264
[2026-06-29 17:09:09.458] [info] Controller idle = 2707
[2026-06-29 17:09:09.458] [info] Controller idle = 2
[2026-06-29 17:09:09.458] [info] Controller idle = 6
[2026-06-29 17:09:09.458] [info] Controller idle = 1
[2026-06-29 17:09:09.458] [info] Controller idle = 6
[2026-06-29 17:09:09.458] [info] Controller idle = 2734
[2026-06-29 17:09:09.458] [info] Controller idle = 1
[2026-06-29 17:09:09.458] [info] Controller idle = 10
[2026-06-29 17:09:09.458] [info] Controller idle = 2727
[2026-06-29 17:09:09.458] [info] Controller idle = 4
[2026-06-29 17:09:09.458] [info] Controller idle = 848
[2026-06-29 17:09:09.458] [info] Controller idle = 2
[2026-06-29 17:09:09.458] [info] Controller idle = 259
[2026-06-29 17:09:09.458] [info] Controller idle = 13
[2026-06-29 17:09:09.458] [info] Controller idle = 275
[2026-06-29 17:09:09.458] [info] Controller idle = 4
[2026-06-29 17:09:09.458] [info] Controller idle = 5
[2026-06-29 17:09:09.458] [info] Controller idle = 280
[2026-06-29 17:09:09.458] [info] Controller idle = 8
[2026-06-29 17:09:09.458] [info] Controller idle = 6004
[2026-06-29 17:09:09.458] [info] Controller idle = 5473
[2026-06-29 17:09:09.458] [info] Controller idle = 1
[2026-06-29 17:09:09.458] [info] Controller idle = 1
[2026-06-29 17:09:09.458] [info] Controller idle = 1
[2026-06-29 17:09:09.458] [info] Controller idle = 3
[2026-06-29 17:09:09.458] [info] Controller idle = 1
[2026-06-29 17:09:09.458] [info] Controller idle = 1
[2026-06-29 17:09:09.458] [info] Controller idle = 5502
[2026-06-29 17:09:09.458] [info] Controller idle = 3
[2026-06-29 17:09:09.458] [info] Controller idle = 10
[2026-06-29 17:09:09.458] [info] Controller idle = 3
[2026-06-29 17:09:09.458] [info] Controller idle = 5495
[2026-06-29 17:09:09.458] [info] Controller idle = 6016
[2026-06-29 17:09:09.458] [info] Controller idle = 5471
[2026-06-29 17:09:09.458] [info] Controller idle = 2
[2026-06-29 17:09:09.458] [info] Controller idle = 1
[2026-06-29 17:09:09.458] [info] Controller idle = 1
[2026-06-29 17:09:09.458] [info] Controller idle = 5510
[2026-06-29 17:09:09.458] [info] Controller idle = 3
[2026-06-29 17:09:09.458] [info] Controller idle = 1
[2026-06-29 17:09:09.458] [info] Controller idle = 1
[2026-06-29 17:09:09.458] [info] Controller idle = 1
[2026-06-29 17:09:09.458] [info] Controller idle = 2
[2026-06-29 17:09:09.458] [info] Controller idle = 11
[2026-06-29 17:09:09.458] [info] Controller idle = 5489
[2026-06-29 17:09:09.458] [info] Controller idle = 4
[2026-06-29 17:09:09.458] [info] Controller idle = 6004
[2026-06-29 17:09:09.458] [info] Controller idle = 5475
[2026-06-29 17:09:09.458] [info] Controller idle = 5
[2026-06-29 17:09:09.458] [info] Controller idle = 5
[2026-06-29 17:09:09.458] [info] Controller idle = 7
[2026-06-29 17:09:09.458] [info] Controller idle = 5494
[2026-06-29 17:09:09.458] [info] Controller idle = 1
[2026-06-29 17:09:09.458] [info] Controller idle = 1
[2026-06-29 17:09:09.458] [info] Controller idle = 2
[2026-06-29 17:09:09.458] [info] Controller idle = 2
[2026-06-29 17:09:09.458] [info] Controller idle = 2
[2026-06-29 17:09:09.458] [info] Controller idle = 1
[2026-06-29 17:09:09.458] [info] Controller idle = 2
[2026-06-29 17:09:09.458] [info] Controller idle = 5501
[2026-06-29 17:09:09.458] [info] Controller idle = 4
[2026-06-29 17:09:09.458] [info] Controller idle = 1112
MemorySystem:
  impl: GenericDRAM
  total_num_other_requests: 0
  total_num_write_requests: 9711
  total_num_read_requests: 8669
  memory_system_cycles: 555249

  DRAM:
    impl: HBM2
    dram_commands: 21148
  AddrMapper:
    impl: RoBaRaCoCh
  Controller:
    impl: Generic
    id: Channel 0
    Scheduler:
      impl: FRFCFS
    RefreshManager:
      impl: AllBank



Frontend:
  impl: GEM5

[2026-06-29 17:09:09.458] [info] Row hits: 15792, Row misses: 91, Row conflicts: 1698
[2026-06-29 17:09:09.458] [info] Controller idle = 11
[2026-06-29 17:09:09.458] [info] Controller idle = 26995
[2026-06-29 17:09:09.458] [info] Controller idle = 210400
[2026-06-29 17:09:09.458] [info] Controller idle = 3
[2026-06-29 17:09:09.458] [info] Controller idle = 1
[2026-06-29 17:09:09.458] [info] Controller idle = 3
[2026-06-29 17:09:09.458] [info] Controller idle = 5
[2026-06-29 17:09:09.458] [info] Controller idle = 1
[2026-06-29 17:09:09.458] [info] Controller idle = 8
[2026-06-29 17:09:09.458] [info] Controller idle = 1
[2026-06-29 17:09:09.458] [info] Controller idle = 1
[2026-06-29 17:09:09.458] [info] Controller idle = 1
[2026-06-29 17:09:09.458] [info] Controller idle = 4
[2026-06-29 17:09:09.458] [info] Controller idle = 2
[2026-06-29 17:09:09.458] [info] Controller idle = 1
[2026-06-29 17:09:09.458] [info] Controller idle = 8
[2026-06-29 17:09:09.458] [info] Controller idle = 1
[2026-06-29 17:09:09.458] [info] Controller idle = 2
[2026-06-29 17:09:09.458] [info] Controller idle = 1
[2026-06-29 17:09:09.458] [info] Controller idle = 1
[2026-06-29 17:09:09.458] [info] Controller idle = 1
[2026-06-29 17:09:09.458] [info] Controller idle = 3
[2026-06-29 17:09:09.458] [info] Controller idle = 3
[2026-06-29 17:09:09.458] [info] Controller idle = 1
[2026-06-29 17:09:09.458] [info] Controller idle = 1
[2026-06-29 17:09:09.458] [info] Controller idle = 2
[2026-06-29 17:09:09.458] [info] Controller idle = 2
[2026-06-29 17:09:09.458] [info] Controller idle = 1
[2026-06-29 17:09:09.458] [info] Controller idle = 34546
[2026-06-29 17:09:09.458] [info] Controller idle = 34513
[2026-06-29 17:09:09.458] [info] Controller idle = 3
[2026-06-29 17:09:09.458] [info] Controller idle = 34521
[2026-06-29 17:09:09.458] [info] Controller idle = 34535
[2026-06-29 17:09:09.458] [info] Controller idle = 4
[2026-06-29 17:09:09.458] [info] Controller idle = 3
[2026-06-29 17:09:09.458] [info] Controller idle = 9
[2026-06-29 17:09:09.458] [info] Controller idle = 5
[2026-06-29 17:09:09.458] [info] Controller idle = 1
[2026-06-29 17:09:09.458] [info] Controller idle = 1
[2026-06-29 17:09:09.458] [info] Controller idle = 10
[2026-06-29 17:09:09.458] [info] Controller idle = 8
[2026-06-29 17:09:09.458] [info] Controller idle = 3
[2026-06-29 17:09:09.458] [info] Controller idle = 5
[2026-06-29 17:09:09.458] [info] Controller idle = 1
[2026-06-29 17:09:09.458] [info] Controller idle = 1
[2026-06-29 17:09:09.458] [info] Controller idle = 8
[2026-06-29 17:09:09.458] [info] Controller idle = 17
[2026-06-29 17:09:09.458] [info] Controller idle = 3
[2026-06-29 17:09:09.458] [info] Controller idle = 9
[2026-06-29 17:09:09.458] [info] Controller idle = 5
[2026-06-29 17:09:09.458] [info] Controller idle = 2
[2026-06-29 17:09:09.458] [info] Controller idle = 11
[2026-06-29 17:09:09.458] [info] Controller idle = 1
[2026-06-29 17:09:09.458] [info] Controller idle = 9
[2026-06-29 17:09:09.458] [info] Controller idle = 1
[2026-06-29 17:09:09.458] [info] Controller idle = 7
[2026-06-29 17:09:09.458] [info] Controller idle = 1
[2026-06-29 17:09:09.458] [info] Controller idle = 18
[2026-06-29 17:09:09.458] [info] Controller idle = 4
[2026-06-29 17:09:09.458] [info] Controller idle = 5
[2026-06-29 17:09:09.458] [info] Controller idle = 11
[2026-06-29 17:09:09.458] [info] Controller idle = 8
[2026-06-29 17:09:09.458] [info] Controller idle = 9
[2026-06-29 17:09:09.458] [info] Controller idle = 3
[2026-06-29 17:09:09.458] [info] Controller idle = 1
[2026-06-29 17:09:09.458] [info] Controller idle = 1
[2026-06-29 17:09:09.458] [info] Controller idle = 1
[2026-06-29 17:09:09.458] [info] Controller idle = 2
[2026-06-29 17:09:09.458] [info] Controller idle = 1
[2026-06-29 17:09:09.458] [info] Controller idle = 9
[2026-06-29 17:09:09.458] [info] Controller idle = 1
[2026-06-29 17:09:09.458] [info] Controller idle = 7
[2026-06-29 17:09:09.458] [info] Controller idle = 3
[2026-06-29 17:09:09.458] [info] Controller idle = 7
[2026-06-29 17:09:09.458] [info] Controller idle = 3
[2026-06-29 17:09:09.458] [info] Controller idle = 4
[2026-06-29 17:09:09.458] [info] Controller idle = 5
[2026-06-29 17:09:09.458] [info] Controller idle = 1
[2026-06-29 17:09:09.458] [info] Controller idle = 27
[2026-06-29 17:09:09.458] [info] Controller idle = 1
[2026-06-29 17:09:09.458] [info] Controller idle = 15
[2026-06-29 17:09:09.458] [info] Controller idle = 3
[2026-06-29 17:09:09.458] [info] Controller idle = 3
[2026-06-29 17:09:09.458] [info] Controller idle = 2
[2026-06-29 17:09:09.458] [info] Controller idle = 1
[2026-06-29 17:09:09.458] [info] Controller idle = 2
[2026-06-29 17:09:09.458] [info] Controller idle = 1
[2026-06-29 17:09:09.458] [info] Controller idle = 19
[2026-06-29 17:09:09.458] [info] Controller idle = 11
[2026-06-29 17:09:09.458] [info] Controller idle = 3
[2026-06-29 17:09:09.458] [info] Controller idle = 1
[2026-06-29 17:09:09.458] [info] Controller idle = 4
[2026-06-29 17:09:09.458] [info] Controller idle = 2
[2026-06-29 17:09:09.458] [info] Controller idle = 1
[2026-06-29 17:09:09.458] [info] Controller idle = 22
[2026-06-29 17:09:09.458] [info] Controller idle = 12
[2026-06-29 17:09:09.458] [info] Controller idle = 1
[2026-06-29 17:09:09.458] [info] Controller idle = 7
[2026-06-29 17:09:09.458] [info] Controller idle = 3
[2026-06-29 17:09:09.458] [info] Controller idle = 11
[2026-06-29 17:09:09.458] [info] Controller idle = 3
[2026-06-29 17:09:09.458] [info] Controller idle = 9
[2026-06-29 17:09:09.458] [info] Controller idle = 9
[2026-06-29 17:09:09.458] [info] Controller idle = 1
[2026-06-29 17:09:09.458] [info] Controller idle = 21
[2026-06-29 17:09:09.458] [info] Controller idle = 8343
[2026-06-29 17:09:09.458] [info] Controller idle = 21
[2026-06-29 17:09:09.458] [info] Controller idle = 3
[2026-06-29 17:09:09.458] [info] Controller idle = 8
[2026-06-29 17:09:09.458] [info] Controller idle = 23
[2026-06-29 17:09:09.458] [info] Controller idle = 1
[2026-06-29 17:09:09.458] [info] Controller idle = 1436
[2026-06-29 17:09:09.458] [info] Controller idle = 9127
[2026-06-29 17:09:09.458] [info] Controller idle = 9095
[2026-06-29 17:09:09.458] [info] Controller idle = 1
[2026-06-29 17:09:09.458] [info] Controller idle = 9132
[2026-06-29 17:09:09.458] [info] Controller idle = 6
[2026-06-29 17:09:09.458] [info] Controller idle = 1
[2026-06-29 17:09:09.458] [info] Controller idle = 4
[2026-06-29 17:09:09.458] [info] Controller idle = 11
[2026-06-29 17:09:09.458] [info] Controller idle = 1
[2026-06-29 17:09:09.458] [info] Controller idle = 4
[2026-06-29 17:09:09.458] [info] Controller idle = 10
[2026-06-29 17:09:09.458] [info] Controller idle = 1
[2026-06-29 17:09:09.458] [info] Controller idle = 1
[2026-06-29 17:09:09.458] [info] Controller idle = 1
[2026-06-29 17:09:09.458] [info] Controller idle = 1
[2026-06-29 17:09:09.458] [info] Controller idle = 8
[2026-06-29 17:09:09.458] [info] Controller idle = 13
[2026-06-29 17:09:09.458] [info] Controller idle = 1
[2026-06-29 17:09:09.458] [info] Controller idle = 3
[2026-06-29 17:09:09.458] [info] Controller idle = 5
[2026-06-29 17:09:09.458] [info] Controller idle = 19
[2026-06-29 17:09:09.458] [info] Controller idle = 10
[2026-06-29 17:09:09.458] [info] Controller idle = 1
[2026-06-29 17:09:09.458] [info] Controller idle = 1
[2026-06-29 17:09:09.458] [info] Controller idle = 1
[2026-06-29 17:09:09.458] [info] Controller idle = 10
[2026-06-29 17:09:09.458] [info] Controller idle = 29
[2026-06-29 17:09:09.458] [info] Controller idle = 11
[2026-06-29 17:09:09.458] [info] Controller idle = 2406
[2026-06-29 17:09:09.458] [info] Controller idle = 1953
[2026-06-29 17:09:09.458] [info] Controller idle = 1
[2026-06-29 17:09:09.458] [info] Controller idle = 873
[2026-06-29 17:09:09.458] [info] Controller idle = 3
[2026-06-29 17:09:09.458] [info] Controller idle = 1
[2026-06-29 17:09:09.458] [info] Controller idle = 67
[2026-06-29 17:09:09.458] [info] Controller idle = 4868
[2026-06-29 17:09:09.458] [info] Controller idle = 4060
[2026-06-29 17:09:09.458] [info] Controller idle = 2
[2026-06-29 17:09:09.458] [info] Controller idle = 4874
[2026-06-29 17:09:09.458] [info] Controller idle = 1
[2026-06-29 17:09:09.458] [info] Controller idle = 6
[2026-06-29 17:09:09.458] [info] Controller idle = 3
[2026-06-29 17:09:09.458] [info] Controller idle = 4056
[2026-06-29 17:09:09.458] [info] Controller idle = 1
[2026-06-29 17:09:09.458] [info] Controller idle = 4890
[2026-06-29 17:09:09.458] [info] Controller idle = 1
[2026-06-29 17:09:09.458] [info] Controller idle = 4
[2026-06-29 17:09:09.458] [info] Controller idle = 4047
[2026-06-29 17:09:09.458] [info] Controller idle = 3262
[2026-06-29 17:09:09.458] [info] Controller idle = 1
[2026-06-29 17:09:09.458] [info] Controller idle = 2
[2026-06-29 17:09:09.458] [info] Controller idle = 2710
[2026-06-29 17:09:09.458] [info] Controller idle = 2
[2026-06-29 17:09:09.458] [info] Controller idle = 1
[2026-06-29 17:09:09.458] [info] Controller idle = 2
[2026-06-29 17:09:09.458] [info] Controller idle = 6
[2026-06-29 17:09:09.458] [info] Controller idle = 4
[2026-06-29 17:09:09.458] [info] Controller idle = 4
[2026-06-29 17:09:09.458] [info] Controller idle = 2710
[2026-06-29 17:09:09.458] [info] Controller idle = 4
[2026-06-29 17:09:09.458] [info] Controller idle = 1
[2026-06-29 17:09:09.458] [info] Controller idle = 2
[2026-06-29 17:09:09.458] [info] Controller idle = 1
[2026-06-29 17:09:09.458] [info] Controller idle = 2
[2026-06-29 17:09:09.458] [info] Controller idle = 2
[2026-06-29 17:09:09.458] [info] Controller idle = 2
[2026-06-29 17:09:09.458] [info] Controller idle = 2746
[2026-06-29 17:09:09.458] [info] Controller idle = 859
[2026-06-29 17:09:09.458] [info] Controller idle = 246
[2026-06-29 17:09:09.458] [info] Controller idle = 4
[2026-06-29 17:09:09.458] [info] Controller idle = 5
[2026-06-29 17:09:09.458] [info] Controller idle = 2
[2026-06-29 17:09:09.458] [info] Controller idle = 2
[2026-06-29 17:09:09.458] [info] Controller idle = 1
[2026-06-29 17:09:09.458] [info] Controller idle = 3
[2026-06-29 17:09:09.458] [info] Controller idle = 1
[2026-06-29 17:09:09.458] [info] Controller idle = 270
[2026-06-29 17:09:09.458] [info] Controller idle = 2
[2026-06-29 17:09:09.458] [info] Controller idle = 1
[2026-06-29 17:09:09.458] [info] Controller idle = 2
[2026-06-29 17:09:09.458] [info] Controller idle = 1
[2026-06-29 17:09:09.458] [info] Controller idle = 277
[2026-06-29 17:09:09.458] [info] Controller idle = 2
[2026-06-29 17:09:09.458] [info] Controller idle = 6011
[2026-06-29 17:09:09.458] [info] Controller idle = 5466
[2026-06-29 17:09:09.458] [info] Controller idle = 2
[2026-06-29 17:09:09.458] [info] Controller idle = 9
[2026-06-29 17:09:09.458] [info] Controller idle = 5
[2026-06-29 17:09:09.458] [info] Controller idle = 1
[2026-06-29 17:09:09.458] [info] Controller idle = 1
[2026-06-29 17:09:09.458] [info] Controller idle = 1
[2026-06-29 17:09:09.458] [info] Controller idle = 5500
[2026-06-29 17:09:09.458] [info] Controller idle = 1
[2026-06-29 17:09:09.458] [info] Controller idle = 7
[2026-06-29 17:09:09.458] [info] Controller idle = 2
[2026-06-29 17:09:09.458] [info] Controller idle = 9
[2026-06-29 17:09:09.458] [info] Controller idle = 1
[2026-06-29 17:09:09.458] [info] Controller idle = 4
[2026-06-29 17:09:09.458] [info] Controller idle = 5490
[2026-06-29 17:09:09.458] [info] Controller idle = 2
[2026-06-29 17:09:09.458] [info] Controller idle = 6029
[2026-06-29 17:09:09.458] [info] Controller idle = 5482
[2026-06-29 17:09:09.458] [info] Controller idle = 15
[2026-06-29 17:09:09.458] [info] Controller idle = 3
[2026-06-29 17:09:09.458] [info] Controller idle = 2
[2026-06-29 17:09:09.458] [info] Controller idle = 1
[2026-06-29 17:09:09.458] [info] Controller idle = 5496
[2026-06-29 17:09:09.458] [info] Controller idle = 1
[2026-06-29 17:09:09.458] [info] Controller idle = 1
[2026-06-29 17:09:09.458] [info] Controller idle = 5
[2026-06-29 17:09:09.458] [info] Controller idle = 10
[2026-06-29 17:09:09.458] [info] Controller idle = 5502
[2026-06-29 17:09:09.458] [info] Controller idle = 5988
[2026-06-29 17:09:09.458] [info] Controller idle = 5484
[2026-06-29 17:09:09.458] [info] Controller idle = 4
[2026-06-29 17:09:09.458] [info] Controller idle = 8
[2026-06-29 17:09:09.458] [info] Controller idle = 5
[2026-06-29 17:09:09.458] [info] Controller idle = 4
[2026-06-29 17:09:09.458] [info] Controller idle = 5491
[2026-06-29 17:09:09.458] [info] Controller idle = 3
[2026-06-29 17:09:09.458] [info] Controller idle = 5
[2026-06-29 17:09:09.458] [info] Controller idle = 1
[2026-06-29 17:09:09.458] [info] Controller idle = 4
[2026-06-29 17:09:09.458] [info] Controller idle = 5498
[2026-06-29 17:09:09.458] [info] Controller idle = 1
[2026-06-29 17:09:09.458] [info] Controller idle = 1213
MemorySystem:
  impl: GenericDRAM
  total_num_other_requests: 0
  total_num_write_requests: 9701
  total_num_read_requests: 8678
  memory_system_cycles: 555249

  DRAM:
    impl: HBM2
    dram_commands: 21077
  AddrMapper:
    impl: RoBaRaCoCh
  Controller:
    impl: Generic
    id: Channel 0
    Scheduler:
      impl: FRFCFS
    RefreshManager:
      impl: AllBank



Frontend:
  impl: GEM5

[2026-06-29 17:09:09.458] [info] Row hits: 15798, Row misses: 78, Row conflicts: 1721
[2026-06-29 17:09:09.458] [info] Controller idle = 11
[2026-06-29 17:09:09.458] [info] Controller idle = 26988
[2026-06-29 17:09:09.458] [info] Controller idle = 210400
[2026-06-29 17:09:09.458] [info] Controller idle = 1
[2026-06-29 17:09:09.458] [info] Controller idle = 12
[2026-06-29 17:09:09.458] [info] Controller idle = 1
[2026-06-29 17:09:09.458] [info] Controller idle = 2
[2026-06-29 17:09:09.458] [info] Controller idle = 2
[2026-06-29 17:09:09.458] [info] Controller idle = 5
[2026-06-29 17:09:09.458] [info] Controller idle = 1
[2026-06-29 17:09:09.458] [info] Controller idle = 19
[2026-06-29 17:09:09.458] [info] Controller idle = 1
[2026-06-29 17:09:09.458] [info] Controller idle = 1
[2026-06-29 17:09:09.459] [info] Controller idle = 1
[2026-06-29 17:09:09.459] [info] Controller idle = 1
[2026-06-29 17:09:09.459] [info] Controller idle = 2
[2026-06-29 17:09:09.459] [info] Controller idle = 2
[2026-06-29 17:09:09.459] [info] Controller idle = 2
[2026-06-29 17:09:09.459] [info] Controller idle = 1
[2026-06-29 17:09:09.459] [info] Controller idle = 1
[2026-06-29 17:09:09.459] [info] Controller idle = 7
[2026-06-29 17:09:09.459] [info] Controller idle = 5
[2026-06-29 17:09:09.459] [info] Controller idle = 1
[2026-06-29 17:09:09.459] [info] Controller idle = 1
[2026-06-29 17:09:09.459] [info] Controller idle = 2
[2026-06-29 17:09:09.459] [info] Controller idle = 8
[2026-06-29 17:09:09.459] [info] Controller idle = 1
[2026-06-29 17:09:09.459] [info] Controller idle = 4
[2026-06-29 17:09:09.459] [info] Controller idle = 1
[2026-06-29 17:09:09.459] [info] Controller idle = 4
[2026-06-29 17:09:09.459] [info] Controller idle = 1
[2026-06-29 17:09:09.459] [info] Controller idle = 34532
[2026-06-29 17:09:09.459] [info] Controller idle = 34523
[2026-06-29 17:09:09.459] [info] Controller idle = 34533
[2026-06-29 17:09:09.459] [info] Controller idle = 34537
[2026-06-29 17:09:09.459] [info] Controller idle = 7
[2026-06-29 17:09:09.459] [info] Controller idle = 10
[2026-06-29 17:09:09.459] [info] Controller idle = 3
[2026-06-29 17:09:09.459] [info] Controller idle = 5
[2026-06-29 17:09:09.459] [info] Controller idle = 5
[2026-06-29 17:09:09.459] [info] Controller idle = 16
[2026-06-29 17:09:09.459] [info] Controller idle = 4
[2026-06-29 17:09:09.459] [info] Controller idle = 9
[2026-06-29 17:09:09.459] [info] Controller idle = 12
[2026-06-29 17:09:09.459] [info] Controller idle = 4
[2026-06-29 17:09:09.459] [info] Controller idle = 4
[2026-06-29 17:09:09.459] [info] Controller idle = 2
[2026-06-29 17:09:09.459] [info] Controller idle = 1
[2026-06-29 17:09:09.459] [info] Controller idle = 2
[2026-06-29 17:09:09.459] [info] Controller idle = 3
[2026-06-29 17:09:09.459] [info] Controller idle = 1
[2026-06-29 17:09:09.459] [info] Controller idle = 8
[2026-06-29 17:09:09.459] [info] Controller idle = 1
[2026-06-29 17:09:09.459] [info] Controller idle = 5
[2026-06-29 17:09:09.459] [info] Controller idle = 6
[2026-06-29 17:09:09.459] [info] Controller idle = 1
[2026-06-29 17:09:09.459] [info] Controller idle = 20
[2026-06-29 17:09:09.459] [info] Controller idle = 8
[2026-06-29 17:09:09.459] [info] Controller idle = 6
[2026-06-29 17:09:09.459] [info] Controller idle = 5
[2026-06-29 17:09:09.459] [info] Controller idle = 21
[2026-06-29 17:09:09.459] [info] Controller idle = 25
[2026-06-29 17:09:09.459] [info] Controller idle = 3
[2026-06-29 17:09:09.459] [info] Controller idle = 10
[2026-06-29 17:09:09.459] [info] Controller idle = 3
[2026-06-29 17:09:09.459] [info] Controller idle = 2
[2026-06-29 17:09:09.459] [info] Controller idle = 2
[2026-06-29 17:09:09.459] [info] Controller idle = 1
[2026-06-29 17:09:09.459] [info] Controller idle = 3
[2026-06-29 17:09:09.459] [info] Controller idle = 5
[2026-06-29 17:09:09.459] [info] Controller idle = 20
[2026-06-29 17:09:09.459] [info] Controller idle = 1
[2026-06-29 17:09:09.459] [info] Controller idle = 1
[2026-06-29 17:09:09.459] [info] Controller idle = 1
[2026-06-29 17:09:09.459] [info] Controller idle = 5
[2026-06-29 17:09:09.459] [info] Controller idle = 10
[2026-06-29 17:09:09.459] [info] Controller idle = 3
[2026-06-29 17:09:09.459] [info] Controller idle = 13
[2026-06-29 17:09:09.459] [info] Controller idle = 1
[2026-06-29 17:09:09.459] [info] Controller idle = 1
[2026-06-29 17:09:09.459] [info] Controller idle = 3
[2026-06-29 17:09:09.459] [info] Controller idle = 1
[2026-06-29 17:09:09.459] [info] Controller idle = 1
[2026-06-29 17:09:09.459] [info] Controller idle = 1
[2026-06-29 17:09:09.459] [info] Controller idle = 1
[2026-06-29 17:09:09.459] [info] Controller idle = 6
[2026-06-29 17:09:09.459] [info] Controller idle = 2
[2026-06-29 17:09:09.459] [info] Controller idle = 1
[2026-06-29 17:09:09.459] [info] Controller idle = 16
[2026-06-29 17:09:09.459] [info] Controller idle = 2
[2026-06-29 17:09:09.459] [info] Controller idle = 8
[2026-06-29 17:09:09.459] [info] Controller idle = 1
[2026-06-29 17:09:09.459] [info] Controller idle = 5
[2026-06-29 17:09:09.459] [info] Controller idle = 2
[2026-06-29 17:09:09.459] [info] Controller idle = 9
[2026-06-29 17:09:09.459] [info] Controller idle = 1
[2026-06-29 17:09:09.459] [info] Controller idle = 12
[2026-06-29 17:09:09.459] [info] Controller idle = 6
[2026-06-29 17:09:09.459] [info] Controller idle = 8
[2026-06-29 17:09:09.459] [info] Controller idle = 5
[2026-06-29 17:09:09.459] [info] Controller idle = 1
[2026-06-29 17:09:09.459] [info] Controller idle = 1
[2026-06-29 17:09:09.459] [info] Controller idle = 4
[2026-06-29 17:09:09.459] [info] Controller idle = 21
[2026-06-29 17:09:09.459] [info] Controller idle = 5
[2026-06-29 17:09:09.459] [info] Controller idle = 3
[2026-06-29 17:09:09.459] [info] Controller idle = 1
[2026-06-29 17:09:09.459] [info] Controller idle = 6
[2026-06-29 17:09:09.459] [info] Controller idle = 1
[2026-06-29 17:09:09.459] [info] Controller idle = 1
[2026-06-29 17:09:09.459] [info] Controller idle = 1
[2026-06-29 17:09:09.459] [info] Controller idle = 1
[2026-06-29 17:09:09.459] [info] Controller idle = 1
[2026-06-29 17:09:09.459] [info] Controller idle = 8362
[2026-06-29 17:09:09.459] [info] Controller idle = 8
[2026-06-29 17:09:09.459] [info] Controller idle = 1
[2026-06-29 17:09:09.459] [info] Controller idle = 7
[2026-06-29 17:09:09.459] [info] Controller idle = 22
[2026-06-29 17:09:09.459] [info] Controller idle = 9
[2026-06-29 17:09:09.459] [info] Controller idle = 16
[2026-06-29 17:09:09.459] [info] Controller idle = 1
[2026-06-29 17:09:09.459] [info] Controller idle = 4
[2026-06-29 17:09:09.459] [info] Controller idle = 22
[2026-06-29 17:09:09.459] [info] Controller idle = 1420
[2026-06-29 17:09:09.459] [info] Controller idle = 9107
[2026-06-29 17:09:09.459] [info] Controller idle = 9120
[2026-06-29 17:09:09.459] [info] Controller idle = 1
[2026-06-29 17:09:09.459] [info] Controller idle = 9112
[2026-06-29 17:09:09.459] [info] Controller idle = 9
[2026-06-29 17:09:09.459] [info] Controller idle = 1
[2026-06-29 17:09:09.459] [info] Controller idle = 1
[2026-06-29 17:09:09.459] [info] Controller idle = 19
[2026-06-29 17:09:09.459] [info] Controller idle = 1
[2026-06-29 17:09:09.459] [info] Controller idle = 5
[2026-06-29 17:09:09.459] [info] Controller idle = 1
[2026-06-29 17:09:09.459] [info] Controller idle = 12
[2026-06-29 17:09:09.459] [info] Controller idle = 5
[2026-06-29 17:09:09.459] [info] Controller idle = 2
[2026-06-29 17:09:09.459] [info] Controller idle = 2
[2026-06-29 17:09:09.459] [info] Controller idle = 2
[2026-06-29 17:09:09.459] [info] Controller idle = 5
[2026-06-29 17:09:09.459] [info] Controller idle = 6
[2026-06-29 17:09:09.459] [info] Controller idle = 17
[2026-06-29 17:09:09.459] [info] Controller idle = 9
[2026-06-29 17:09:09.459] [info] Controller idle = 1
[2026-06-29 17:09:09.459] [info] Controller idle = 10
[2026-06-29 17:09:09.459] [info] Controller idle = 3
[2026-06-29 17:09:09.459] [info] Controller idle = 1
[2026-06-29 17:09:09.459] [info] Controller idle = 5
[2026-06-29 17:09:09.459] [info] Controller idle = 1
[2026-06-29 17:09:09.459] [info] Controller idle = 1
[2026-06-29 17:09:09.459] [info] Controller idle = 2
[2026-06-29 17:09:09.459] [info] Controller idle = 18
[2026-06-29 17:09:09.459] [info] Controller idle = 3
[2026-06-29 17:09:09.459] [info] Controller idle = 6
[2026-06-29 17:09:09.459] [info] Controller idle = 11
[2026-06-29 17:09:09.459] [info] Controller idle = 4
[2026-06-29 17:09:09.459] [info] Controller idle = 7
[2026-06-29 17:09:09.459] [info] Controller idle = 3
[2026-06-29 17:09:09.459] [info] Controller idle = 1
[2026-06-29 17:09:09.459] [info] Controller idle = 10
[2026-06-29 17:09:09.459] [info] Controller idle = 1
[2026-06-29 17:09:09.459] [info] Controller idle = 2397
[2026-06-29 17:09:09.459] [info] Controller idle = 1939
[2026-06-29 17:09:09.459] [info] Controller idle = 878
[2026-06-29 17:09:09.459] [info] Controller idle = 4
[2026-06-29 17:09:09.459] [info] Controller idle = 4
[2026-06-29 17:09:09.459] [info] Controller idle = 42
[2026-06-29 17:09:09.459] [info] Controller idle = 2
[2026-06-29 17:09:09.459] [info] Controller idle = 4866
[2026-06-29 17:09:09.459] [info] Controller idle = 4055
[2026-06-29 17:09:09.459] [info] Controller idle = 4848
[2026-06-29 17:09:09.459] [info] Controller idle = 4054
[2026-06-29 17:09:09.459] [info] Controller idle = 1
[2026-06-29 17:09:09.459] [info] Controller idle = 4886
[2026-06-29 17:09:09.459] [info] Controller idle = 4060
[2026-06-29 17:09:09.459] [info] Controller idle = 3264
[2026-06-29 17:09:09.459] [info] Controller idle = 1
[2026-06-29 17:09:09.459] [info] Controller idle = 1
[2026-06-29 17:09:09.459] [info] Controller idle = 2712
[2026-06-29 17:09:09.459] [info] Controller idle = 2
[2026-06-29 17:09:09.459] [info] Controller idle = 8
[2026-06-29 17:09:09.459] [info] Controller idle = 4
[2026-06-29 17:09:09.459] [info] Controller idle = 1
[2026-06-29 17:09:09.459] [info] Controller idle = 4
[2026-06-29 17:09:09.459] [info] Controller idle = 2712
[2026-06-29 17:09:09.459] [info] Controller idle = 6
[2026-06-29 17:09:09.459] [info] Controller idle = 4
[2026-06-29 17:09:09.459] [info] Controller idle = 1
[2026-06-29 17:09:09.459] [info] Controller idle = 4
[2026-06-29 17:09:09.459] [info] Controller idle = 1
[2026-06-29 17:09:09.459] [info] Controller idle = 2731
[2026-06-29 17:09:09.459] [info] Controller idle = 850
[2026-06-29 17:09:09.459] [info] Controller idle = 252
[2026-06-29 17:09:09.459] [info] Controller idle = 8
[2026-06-29 17:09:09.459] [info] Controller idle = 1
[2026-06-29 17:09:09.459] [info] Controller idle = 1
[2026-06-29 17:09:09.459] [info] Controller idle = 273
[2026-06-29 17:09:09.459] [info] Controller idle = 1
[2026-06-29 17:09:09.459] [info] Controller idle = 1
[2026-06-29 17:09:09.459] [info] Controller idle = 4
[2026-06-29 17:09:09.459] [info] Controller idle = 1
[2026-06-29 17:09:09.459] [info] Controller idle = 5
[2026-06-29 17:09:09.459] [info] Controller idle = 3
[2026-06-29 17:09:09.459] [info] Controller idle = 272
[2026-06-29 17:09:09.459] [info] Controller idle = 2
[2026-06-29 17:09:09.459] [info] Controller idle = 6016
[2026-06-29 17:09:09.459] [info] Controller idle = 5475
[2026-06-29 17:09:09.459] [info] Controller idle = 5
[2026-06-29 17:09:09.459] [info] Controller idle = 9
[2026-06-29 17:09:09.459] [info] Controller idle = 5505
[2026-06-29 17:09:09.459] [info] Controller idle = 7
[2026-06-29 17:09:09.459] [info] Controller idle = 1
[2026-06-29 17:09:09.459] [info] Controller idle = 7
[2026-06-29 17:09:09.459] [info] Controller idle = 3
[2026-06-29 17:09:09.459] [info] Controller idle = 4
[2026-06-29 17:09:09.459] [info] Controller idle = 5490
[2026-06-29 17:09:09.459] [info] Controller idle = 2
[2026-06-29 17:09:09.459] [info] Controller idle = 1
[2026-06-29 17:09:09.459] [info] Controller idle = 6042
[2026-06-29 17:09:09.459] [info] Controller idle = 5482
[2026-06-29 17:09:09.459] [info] Controller idle = 3
[2026-06-29 17:09:09.459] [info] Controller idle = 2
[2026-06-29 17:09:09.459] [info] Controller idle = 6
[2026-06-29 17:09:09.459] [info] Controller idle = 9
[2026-06-29 17:09:09.459] [info] Controller idle = 5497
[2026-06-29 17:09:09.459] [info] Controller idle = 1
[2026-06-29 17:09:09.459] [info] Controller idle = 2
[2026-06-29 17:09:09.459] [info] Controller idle = 7
[2026-06-29 17:09:09.459] [info] Controller idle = 1
[2026-06-29 17:09:09.459] [info] Controller idle = 6
[2026-06-29 17:09:09.459] [info] Controller idle = 1
[2026-06-29 17:09:09.459] [info] Controller idle = 5499
[2026-06-29 17:09:09.459] [info] Controller idle = 5996
[2026-06-29 17:09:09.459] [info] Controller idle = 5474
[2026-06-29 17:09:09.459] [info] Controller idle = 1
[2026-06-29 17:09:09.459] [info] Controller idle = 5
[2026-06-29 17:09:09.459] [info] Controller idle = 1
[2026-06-29 17:09:09.459] [info] Controller idle = 5495
[2026-06-29 17:09:09.459] [info] Controller idle = 3
[2026-06-29 17:09:09.459] [info] Controller idle = 1
[2026-06-29 17:09:09.459] [info] Controller idle = 1
[2026-06-29 17:09:09.459] [info] Controller idle = 1
[2026-06-29 17:09:09.459] [info] Controller idle = 2
[2026-06-29 17:09:09.459] [info] Controller idle = 13
[2026-06-29 17:09:09.459] [info] Controller idle = 5495
[2026-06-29 17:09:09.459] [info] Controller idle = 1
[2026-06-29 17:09:09.459] [info] Controller idle = 1130
MemorySystem:
  impl: GenericDRAM
  total_num_other_requests: 0
  total_num_write_requests: 9701
  total_num_read_requests: 8687
  memory_system_cycles: 555249

  DRAM:
    impl: HBM2
    dram_commands: 21129
  AddrMapper:
    impl: RoBaRaCoCh
  Controller:
    impl: Generic
    id: Channel 0
    Scheduler:
      impl: FRFCFS
    RefreshManager:
      impl: AllBank



Frontend:
  impl: GEM5

[2026-06-29 17:09:09.459] [info] Row hits: 15841, Row misses: 87, Row conflicts: 1670
[2026-06-29 17:09:09.459] [info] Controller idle = 11
[2026-06-29 17:09:09.459] [info] Controller idle = 26994
[2026-06-29 17:09:09.459] [info] Controller idle = 210400
[2026-06-29 17:09:09.459] [info] Controller idle = 7
[2026-06-29 17:09:09.459] [info] Controller idle = 1
[2026-06-29 17:09:09.459] [info] Controller idle = 1
[2026-06-29 17:09:09.459] [info] Controller idle = 5
[2026-06-29 17:09:09.459] [info] Controller idle = 1
[2026-06-29 17:09:09.459] [info] Controller idle = 2
[2026-06-29 17:09:09.459] [info] Controller idle = 1
[2026-06-29 17:09:09.459] [info] Controller idle = 1
[2026-06-29 17:09:09.459] [info] Controller idle = 1
[2026-06-29 17:09:09.459] [info] Controller idle = 6
[2026-06-29 17:09:09.459] [info] Controller idle = 1
[2026-06-29 17:09:09.459] [info] Controller idle = 2
[2026-06-29 17:09:09.459] [info] Controller idle = 1
[2026-06-29 17:09:09.459] [info] Controller idle = 1
[2026-06-29 17:09:09.459] [info] Controller idle = 5
[2026-06-29 17:09:09.459] [info] Controller idle = 10
[2026-06-29 17:09:09.459] [info] Controller idle = 1
[2026-06-29 17:09:09.459] [info] Controller idle = 1
[2026-06-29 17:09:09.459] [info] Controller idle = 1
[2026-06-29 17:09:09.459] [info] Controller idle = 1
[2026-06-29 17:09:09.459] [info] Controller idle = 3
[2026-06-29 17:09:09.459] [info] Controller idle = 5
[2026-06-29 17:09:09.459] [info] Controller idle = 4
[2026-06-29 17:09:09.459] [info] Controller idle = 1
[2026-06-29 17:09:09.459] [info] Controller idle = 1
[2026-06-29 17:09:09.459] [info] Controller idle = 1
[2026-06-29 17:09:09.459] [info] Controller idle = 34523
[2026-06-29 17:09:09.459] [info] Controller idle = 34510
[2026-06-29 17:09:09.459] [info] Controller idle = 34507
[2026-06-29 17:09:09.459] [info] Controller idle = 11
[2026-06-29 17:09:09.459] [info] Controller idle = 34518
[2026-06-29 17:09:09.459] [info] Controller idle = 1
[2026-06-29 17:09:09.459] [info] Controller idle = 1
[2026-06-29 17:09:09.459] [info] Controller idle = 9
[2026-06-29 17:09:09.459] [info] Controller idle = 16
[2026-06-29 17:09:09.459] [info] Controller idle = 12
[2026-06-29 17:09:09.459] [info] Controller idle = 3
[2026-06-29 17:09:09.459] [info] Controller idle = 1
[2026-06-29 17:09:09.459] [info] Controller idle = 11
[2026-06-29 17:09:09.459] [info] Controller idle = 1
[2026-06-29 17:09:09.459] [info] Controller idle = 3
[2026-06-29 17:09:09.459] [info] Controller idle = 1
[2026-06-29 17:09:09.459] [info] Controller idle = 9
[2026-06-29 17:09:09.459] [info] Controller idle = 9
[2026-06-29 17:09:09.459] [info] Controller idle = 5
[2026-06-29 17:09:09.459] [info] Controller idle = 2
[2026-06-29 17:09:09.459] [info] Controller idle = 4
[2026-06-29 17:09:09.459] [info] Controller idle = 2
[2026-06-29 17:09:09.459] [info] Controller idle = 4
[2026-06-29 17:09:09.459] [info] Controller idle = 2
[2026-06-29 17:09:09.459] [info] Controller idle = 5
[2026-06-29 17:09:09.459] [info] Controller idle = 10
[2026-06-29 17:09:09.459] [info] Controller idle = 3
[2026-06-29 17:09:09.459] [info] Controller idle = 14
[2026-06-29 17:09:09.459] [info] Controller idle = 5
[2026-06-29 17:09:09.459] [info] Controller idle = 3
[2026-06-29 17:09:09.459] [info] Controller idle = 8
[2026-06-29 17:09:09.459] [info] Controller idle = 11
[2026-06-29 17:09:09.459] [info] Controller idle = 28
[2026-06-29 17:09:09.459] [info] Controller idle = 5
[2026-06-29 17:09:09.459] [info] Controller idle = 8
[2026-06-29 17:09:09.459] [info] Controller idle = 2
[2026-06-29 17:09:09.459] [info] Controller idle = 10
[2026-06-29 17:09:09.459] [info] Controller idle = 3
[2026-06-29 17:09:09.459] [info] Controller idle = 5
[2026-06-29 17:09:09.459] [info] Controller idle = 1
[2026-06-29 17:09:09.459] [info] Controller idle = 3
[2026-06-29 17:09:09.459] [info] Controller idle = 3
[2026-06-29 17:09:09.459] [info] Controller idle = 1
[2026-06-29 17:09:09.459] [info] Controller idle = 3
[2026-06-29 17:09:09.459] [info] Controller idle = 5
[2026-06-29 17:09:09.459] [info] Controller idle = 3
[2026-06-29 17:09:09.459] [info] Controller idle = 3
[2026-06-29 17:09:09.459] [info] Controller idle = 1
[2026-06-29 17:09:09.459] [info] Controller idle = 3
[2026-06-29 17:09:09.459] [info] Controller idle = 1
[2026-06-29 17:09:09.459] [info] Controller idle = 8
[2026-06-29 17:09:09.459] [info] Controller idle = 6
[2026-06-29 17:09:09.459] [info] Controller idle = 3
[2026-06-29 17:09:09.459] [info] Controller idle = 1
[2026-06-29 17:09:09.459] [info] Controller idle = 13
[2026-06-29 17:09:09.459] [info] Controller idle = 13
[2026-06-29 17:09:09.459] [info] Controller idle = 1
[2026-06-29 17:09:09.459] [info] Controller idle = 4
[2026-06-29 17:09:09.459] [info] Controller idle = 1
[2026-06-29 17:09:09.459] [info] Controller idle = 5
[2026-06-29 17:09:09.459] [info] Controller idle = 4
[2026-06-29 17:09:09.459] [info] Controller idle = 1
[2026-06-29 17:09:09.459] [info] Controller idle = 3
[2026-06-29 17:09:09.459] [info] Controller idle = 10
[2026-06-29 17:09:09.459] [info] Controller idle = 6
[2026-06-29 17:09:09.459] [info] Controller idle = 10
[2026-06-29 17:09:09.459] [info] Controller idle = 1
[2026-06-29 17:09:09.459] [info] Controller idle = 1
[2026-06-29 17:09:09.459] [info] Controller idle = 4
[2026-06-29 17:09:09.459] [info] Controller idle = 5
[2026-06-29 17:09:09.459] [info] Controller idle = 4
[2026-06-29 17:09:09.459] [info] Controller idle = 1
[2026-06-29 17:09:09.459] [info] Controller idle = 1
[2026-06-29 17:09:09.459] [info] Controller idle = 16
[2026-06-29 17:09:09.459] [info] Controller idle = 5
[2026-06-29 17:09:09.459] [info] Controller idle = 1
[2026-06-29 17:09:09.459] [info] Controller idle = 8332
[2026-06-29 17:09:09.459] [info] Controller idle = 3
[2026-06-29 17:09:09.459] [info] Controller idle = 1
[2026-06-29 17:09:09.459] [info] Controller idle = 8
[2026-06-29 17:09:09.459] [info] Controller idle = 5
[2026-06-29 17:09:09.459] [info] Controller idle = 1
[2026-06-29 17:09:09.459] [info] Controller idle = 5
[2026-06-29 17:09:09.459] [info] Controller idle = 4
[2026-06-29 17:09:09.459] [info] Controller idle = 1
[2026-06-29 17:09:09.459] [info] Controller idle = 15
[2026-06-29 17:09:09.459] [info] Controller idle = 16
[2026-06-29 17:09:09.459] [info] Controller idle = 1
[2026-06-29 17:09:09.459] [info] Controller idle = 1
[2026-06-29 17:09:09.459] [info] Controller idle = 2
[2026-06-29 17:09:09.459] [info] Controller idle = 1448
[2026-06-29 17:09:09.459] [info] Controller idle = 3
[2026-06-29 17:09:09.459] [info] Controller idle = 9115
[2026-06-29 17:09:09.459] [info] Controller idle = 9111
[2026-06-29 17:09:09.459] [info] Controller idle = 9114
[2026-06-29 17:09:09.459] [info] Controller idle = 6
[2026-06-29 17:09:09.459] [info] Controller idle = 4
[2026-06-29 17:09:09.459] [info] Controller idle = 5
[2026-06-29 17:09:09.459] [info] Controller idle = 16
[2026-06-29 17:09:09.459] [info] Controller idle = 3
[2026-06-29 17:09:09.459] [info] Controller idle = 1
[2026-06-29 17:09:09.459] [info] Controller idle = 8
[2026-06-29 17:09:09.459] [info] Controller idle = 1
[2026-06-29 17:09:09.459] [info] Controller idle = 3
[2026-06-29 17:09:09.459] [info] Controller idle = 19
[2026-06-29 17:09:09.459] [info] Controller idle = 1
[2026-06-29 17:09:09.459] [info] Controller idle = 2
[2026-06-29 17:09:09.459] [info] Controller idle = 1
[2026-06-29 17:09:09.459] [info] Controller idle = 1
[2026-06-29 17:09:09.459] [info] Controller idle = 29
[2026-06-29 17:09:09.459] [info] Controller idle = 11
[2026-06-29 17:09:09.459] [info] Controller idle = 5
[2026-06-29 17:09:09.459] [info] Controller idle = 3
[2026-06-29 17:09:09.459] [info] Controller idle = 2
[2026-06-29 17:09:09.459] [info] Controller idle = 2
[2026-06-29 17:09:09.459] [info] Controller idle = 5
[2026-06-29 17:09:09.459] [info] Controller idle = 1
[2026-06-29 17:09:09.459] [info] Controller idle = 5
[2026-06-29 17:09:09.459] [info] Controller idle = 1
[2026-06-29 17:09:09.459] [info] Controller idle = 11
[2026-06-29 17:09:09.459] [info] Controller idle = 4
[2026-06-29 17:09:09.459] [info] Controller idle = 1
[2026-06-29 17:09:09.459] [info] Controller idle = 16
[2026-06-29 17:09:09.459] [info] Controller idle = 1
[2026-06-29 17:09:09.459] [info] Controller idle = 22
[2026-06-29 17:09:09.459] [info] Controller idle = 2369
[2026-06-29 17:09:09.459] [info] Controller idle = 1939
[2026-06-29 17:09:09.459] [info] Controller idle = 885
[2026-06-29 17:09:09.459] [info] Controller idle = 46
[2026-06-29 17:09:09.459] [info] Controller idle = 1
[2026-06-29 17:09:09.459] [info] Controller idle = 3
[2026-06-29 17:09:09.459] [info] Controller idle = 4870
[2026-06-29 17:09:09.459] [info] Controller idle = 1
[2026-06-29 17:09:09.459] [info] Controller idle = 4068
[2026-06-29 17:09:09.459] [info] Controller idle = 4892
[2026-06-29 17:09:09.459] [info] Controller idle = 4055
[2026-06-29 17:09:09.459] [info] Controller idle = 1
[2026-06-29 17:09:09.459] [info] Controller idle = 4882
[2026-06-29 17:09:09.459] [info] Controller idle = 4056
[2026-06-29 17:09:09.459] [info] Controller idle = 3244
[2026-06-29 17:09:09.459] [info] Controller idle = 1
[2026-06-29 17:09:09.459] [info] Controller idle = 2707
[2026-06-29 17:09:09.459] [info] Controller idle = 4
[2026-06-29 17:09:09.459] [info] Controller idle = 3
[2026-06-29 17:09:09.459] [info] Controller idle = 8
[2026-06-29 17:09:09.459] [info] Controller idle = 5
[2026-06-29 17:09:09.459] [info] Controller idle = 1
[2026-06-29 17:09:09.459] [info] Controller idle = 3
[2026-06-29 17:09:09.459] [info] Controller idle = 2735
[2026-06-29 17:09:09.459] [info] Controller idle = 9
[2026-06-29 17:09:09.459] [info] Controller idle = 13
[2026-06-29 17:09:09.459] [info] Controller idle = 3
[2026-06-29 17:09:09.459] [info] Controller idle = 2722
[2026-06-29 17:09:09.459] [info] Controller idle = 5
[2026-06-29 17:09:09.459] [info] Controller idle = 839
[2026-06-29 17:09:09.459] [info] Controller idle = 2
[2026-06-29 17:09:09.459] [info] Controller idle = 248
[2026-06-29 17:09:09.459] [info] Controller idle = 3
[2026-06-29 17:09:09.459] [info] Controller idle = 10
[2026-06-29 17:09:09.459] [info] Controller idle = 276
[2026-06-29 17:09:09.459] [info] Controller idle = 1
[2026-06-29 17:09:09.459] [info] Controller idle = 8
[2026-06-29 17:09:09.459] [info] Controller idle = 1
[2026-06-29 17:09:09.459] [info] Controller idle = 5
[2026-06-29 17:09:09.459] [info] Controller idle = 278
[2026-06-29 17:09:09.459] [info] Controller idle = 2
[2026-06-29 17:09:09.459] [info] Controller idle = 5995
[2026-06-29 17:09:09.459] [info] Controller idle = 1
[2026-06-29 17:09:09.459] [info] Controller idle = 5480
[2026-06-29 17:09:09.459] [info] Controller idle = 3
[2026-06-29 17:09:09.459] [info] Controller idle = 4
[2026-06-29 17:09:09.459] [info] Controller idle = 9
[2026-06-29 17:09:09.459] [info] Controller idle = 3
[2026-06-29 17:09:09.459] [info] Controller idle = 5496
[2026-06-29 17:09:09.459] [info] Controller idle = 1
[2026-06-29 17:09:09.459] [info] Controller idle = 1
[2026-06-29 17:09:09.459] [info] Controller idle = 3
[2026-06-29 17:09:09.459] [info] Controller idle = 2
[2026-06-29 17:09:09.459] [info] Controller idle = 4
[2026-06-29 17:09:09.459] [info] Controller idle = 3
[2026-06-29 17:09:09.459] [info] Controller idle = 5503
[2026-06-29 17:09:09.459] [info] Controller idle = 6030
[2026-06-29 17:09:09.459] [info] Controller idle = 5475
[2026-06-29 17:09:09.459] [info] Controller idle = 2
[2026-06-29 17:09:09.459] [info] Controller idle = 22
[2026-06-29 17:09:09.459] [info] Controller idle = 3
[2026-06-29 17:09:09.459] [info] Controller idle = 5491
[2026-06-29 17:09:09.459] [info] Controller idle = 3
[2026-06-29 17:09:09.459] [info] Controller idle = 7
[2026-06-29 17:09:09.459] [info] Controller idle = 4
[2026-06-29 17:09:09.459] [info] Controller idle = 5
[2026-06-29 17:09:09.459] [info] Controller idle = 1
[2026-06-29 17:09:09.459] [info] Controller idle = 5490
[2026-06-29 17:09:09.459] [info] Controller idle = 4
[2026-06-29 17:09:09.459] [info] Controller idle = 6001
[2026-06-29 17:09:09.459] [info] Controller idle = 5471
[2026-06-29 17:09:09.459] [info] Controller idle = 5
[2026-06-29 17:09:09.459] [info] Controller idle = 3
[2026-06-29 17:09:09.459] [info] Controller idle = 5
[2026-06-29 17:09:09.459] [info] Controller idle = 5501
[2026-06-29 17:09:09.459] [info] Controller idle = 10
[2026-06-29 17:09:09.459] [info] Controller idle = 4
[2026-06-29 17:09:09.459] [info] Controller idle = 4
[2026-06-29 17:09:09.459] [info] Controller idle = 5493
[2026-06-29 17:09:09.459] [info] Controller idle = 4
[2026-06-29 17:09:09.459] [info] Controller idle = 1158
MemorySystem:
  impl: GenericDRAM
  total_num_other_requests: 0
  total_num_write_requests: 9711
  total_num_read_requests: 8671
  memory_system_cycles: 555249

  DRAM:
    impl: HBM2
    dram_commands: 21050
  AddrMapper:
    impl: RoBaRaCoCh
  Controller:
    impl: Generic
    id: Channel 0
    Scheduler:
      impl: FRFCFS
    RefreshManager:
      impl: AllBank



Frontend:
  impl: GEM5

[2026-06-29 17:09:09.459] [info] Row hits: 15812, Row misses: 91, Row conflicts: 1697
[2026-06-29 17:09:09.459] [info] Controller idle = 11
[2026-06-29 17:09:09.459] [info] Controller idle = 26991
[2026-06-29 17:09:09.459] [info] Controller idle = 210400
[2026-06-29 17:09:09.459] [info] Controller idle = 1
[2026-06-29 17:09:09.459] [info] Controller idle = 1
[2026-06-29 17:09:09.459] [info] Controller idle = 5
[2026-06-29 17:09:09.459] [info] Controller idle = 2
[2026-06-29 17:09:09.459] [info] Controller idle = 1
[2026-06-29 17:09:09.459] [info] Controller idle = 3
[2026-06-29 17:09:09.459] [info] Controller idle = 4
[2026-06-29 17:09:09.459] [info] Controller idle = 1
[2026-06-29 17:09:09.459] [info] Controller idle = 6
[2026-06-29 17:09:09.459] [info] Controller idle = 5
[2026-06-29 17:09:09.459] [info] Controller idle = 1
[2026-06-29 17:09:09.459] [info] Controller idle = 5
[2026-06-29 17:09:09.459] [info] Controller idle = 1
[2026-06-29 17:09:09.459] [info] Controller idle = 1
[2026-06-29 17:09:09.459] [info] Controller idle = 6
[2026-06-29 17:09:09.459] [info] Controller idle = 2
[2026-06-29 17:09:09.459] [info] Controller idle = 1
[2026-06-29 17:09:09.459] [info] Controller idle = 9
[2026-06-29 17:09:09.459] [info] Controller idle = 5
[2026-06-29 17:09:09.459] [info] Controller idle = 4
[2026-06-29 17:09:09.459] [info] Controller idle = 1
[2026-06-29 17:09:09.459] [info] Controller idle = 1
[2026-06-29 17:09:09.459] [info] Controller idle = 3
[2026-06-29 17:09:09.459] [info] Controller idle = 2
[2026-06-29 17:09:09.459] [info] Controller idle = 1
[2026-06-29 17:09:09.459] [info] Controller idle = 1
[2026-06-29 17:09:09.459] [info] Controller idle = 6
[2026-06-29 17:09:09.459] [info] Controller idle = 1
[2026-06-29 17:09:09.459] [info] Controller idle = 1
[2026-06-29 17:09:09.459] [info] Controller idle = 34521
[2026-06-29 17:09:09.459] [info] Controller idle = 34516
[2026-06-29 17:09:09.459] [info] Controller idle = 34536
[2026-06-29 17:09:09.459] [info] Controller idle = 34521
[2026-06-29 17:09:09.459] [info] Controller idle = 13
[2026-06-29 17:09:09.459] [info] Controller idle = 13
[2026-06-29 17:09:09.459] [info] Controller idle = 1
[2026-06-29 17:09:09.459] [info] Controller idle = 21
[2026-06-29 17:09:09.459] [info] Controller idle = 17
[2026-06-29 17:09:09.459] [info] Controller idle = 4
[2026-06-29 17:09:09.459] [info] Controller idle = 11
[2026-06-29 17:09:09.459] [info] Controller idle = 1
[2026-06-29 17:09:09.459] [info] Controller idle = 2
[2026-06-29 17:09:09.459] [info] Controller idle = 12
[2026-06-29 17:09:09.459] [info] Controller idle = 1
[2026-06-29 17:09:09.459] [info] Controller idle = 1
[2026-06-29 17:09:09.459] [info] Controller idle = 1
[2026-06-29 17:09:09.459] [info] Controller idle = 1
[2026-06-29 17:09:09.459] [info] Controller idle = 3
[2026-06-29 17:09:09.459] [info] Controller idle = 4
[2026-06-29 17:09:09.460] [info] Controller idle = 3
[2026-06-29 17:09:09.460] [info] Controller idle = 9
[2026-06-29 17:09:09.460] [info] Controller idle = 13
[2026-06-29 17:09:09.460] [info] Controller idle = 1
[2026-06-29 17:09:09.460] [info] Controller idle = 4
[2026-06-29 17:09:09.460] [info] Controller idle = 1
[2026-06-29 17:09:09.460] [info] Controller idle = 2
[2026-06-29 17:09:09.460] [info] Controller idle = 17
[2026-06-29 17:09:09.460] [info] Controller idle = 2
[2026-06-29 17:09:09.460] [info] Controller idle = 15
[2026-06-29 17:09:09.460] [info] Controller idle = 1
[2026-06-29 17:09:09.460] [info] Controller idle = 2
[2026-06-29 17:09:09.460] [info] Controller idle = 1
[2026-06-29 17:09:09.460] [info] Controller idle = 14
[2026-06-29 17:09:09.460] [info] Controller idle = 5
[2026-06-29 17:09:09.460] [info] Controller idle = 4
[2026-06-29 17:09:09.460] [info] Controller idle = 1
[2026-06-29 17:09:09.460] [info] Controller idle = 7
[2026-06-29 17:09:09.460] [info] Controller idle = 3
[2026-06-29 17:09:09.460] [info] Controller idle = 2
[2026-06-29 17:09:09.460] [info] Controller idle = 9
[2026-06-29 17:09:09.460] [info] Controller idle = 16
[2026-06-29 17:09:09.460] [info] Controller idle = 2
[2026-06-29 17:09:09.460] [info] Controller idle = 1
[2026-06-29 17:09:09.460] [info] Controller idle = 3
[2026-06-29 17:09:09.460] [info] Controller idle = 3
[2026-06-29 17:09:09.460] [info] Controller idle = 4
[2026-06-29 17:09:09.460] [info] Controller idle = 1
[2026-06-29 17:09:09.460] [info] Controller idle = 1
[2026-06-29 17:09:09.460] [info] Controller idle = 15
[2026-06-29 17:09:09.460] [info] Controller idle = 13
[2026-06-29 17:09:09.460] [info] Controller idle = 1
[2026-06-29 17:09:09.460] [info] Controller idle = 3
[2026-06-29 17:09:09.460] [info] Controller idle = 10
[2026-06-29 17:09:09.460] [info] Controller idle = 15
[2026-06-29 17:09:09.460] [info] Controller idle = 1
[2026-06-29 17:09:09.460] [info] Controller idle = 1
[2026-06-29 17:09:09.460] [info] Controller idle = 1
[2026-06-29 17:09:09.460] [info] Controller idle = 6
[2026-06-29 17:09:09.460] [info] Controller idle = 9
[2026-06-29 17:09:09.460] [info] Controller idle = 22
[2026-06-29 17:09:09.460] [info] Controller idle = 1
[2026-06-29 17:09:09.460] [info] Controller idle = 1
[2026-06-29 17:09:09.460] [info] Controller idle = 8349
[2026-06-29 17:09:09.460] [info] Controller idle = 2
[2026-06-29 17:09:09.460] [info] Controller idle = 2
[2026-06-29 17:09:09.460] [info] Controller idle = 3
[2026-06-29 17:09:09.460] [info] Controller idle = 16
[2026-06-29 17:09:09.460] [info] Controller idle = 16
[2026-06-29 17:09:09.460] [info] Controller idle = 1453
[2026-06-29 17:09:09.460] [info] Controller idle = 1
[2026-06-29 17:09:09.460] [info] Controller idle = 1
[2026-06-29 17:09:09.460] [info] Controller idle = 9095
[2026-06-29 17:09:09.460] [info] Controller idle = 9116
[2026-06-29 17:09:09.460] [info] Controller idle = 1
[2026-06-29 17:09:09.460] [info] Controller idle = 9109
[2026-06-29 17:09:09.460] [info] Controller idle = 9
[2026-06-29 17:09:09.460] [info] Controller idle = 4
[2026-06-29 17:09:09.460] [info] Controller idle = 16
[2026-06-29 17:09:09.460] [info] Controller idle = 4
[2026-06-29 17:09:09.460] [info] Controller idle = 19
[2026-06-29 17:09:09.460] [info] Controller idle = 3
[2026-06-29 17:09:09.460] [info] Controller idle = 3
[2026-06-29 17:09:09.460] [info] Controller idle = 1
[2026-06-29 17:09:09.460] [info] Controller idle = 5
[2026-06-29 17:09:09.460] [info] Controller idle = 17
[2026-06-29 17:09:09.460] [info] Controller idle = 2
[2026-06-29 17:09:09.460] [info] Controller idle = 6
[2026-06-29 17:09:09.460] [info] Controller idle = 14
[2026-06-29 17:09:09.460] [info] Controller idle = 9
[2026-06-29 17:09:09.460] [info] Controller idle = 9
[2026-06-29 17:09:09.460] [info] Controller idle = 15
[2026-06-29 17:09:09.460] [info] Controller idle = 1
[2026-06-29 17:09:09.460] [info] Controller idle = 11
[2026-06-29 17:09:09.460] [info] Controller idle = 33
[2026-06-29 17:09:09.460] [info] Controller idle = 2
[2026-06-29 17:09:09.460] [info] Controller idle = 1
[2026-06-29 17:09:09.460] [info] Controller idle = 1
[2026-06-29 17:09:09.460] [info] Controller idle = 6
[2026-06-29 17:09:09.460] [info] Controller idle = 2388
[2026-06-29 17:09:09.460] [info] Controller idle = 1
[2026-06-29 17:09:09.460] [info] Controller idle = 3
[2026-06-29 17:09:09.460] [info] Controller idle = 1945
[2026-06-29 17:09:09.460] [info] Controller idle = 1
[2026-06-29 17:09:09.460] [info] Controller idle = 885
[2026-06-29 17:09:09.460] [info] Controller idle = 57
[2026-06-29 17:09:09.460] [info] Controller idle = 4868
[2026-06-29 17:09:09.460] [info] Controller idle = 4
[2026-06-29 17:09:09.460] [info] Controller idle = 4075
[2026-06-29 17:09:09.460] [info] Controller idle = 5
[2026-06-29 17:09:09.460] [info] Controller idle = 4867
[2026-06-29 17:09:09.460] [info] Controller idle = 4047
[2026-06-29 17:09:09.460] [info] Controller idle = 2
[2026-06-29 17:09:09.460] [info] Controller idle = 4886
[2026-06-29 17:09:09.460] [info] Controller idle = 4071
[2026-06-29 17:09:09.460] [info] Controller idle = 3261
[2026-06-29 17:09:09.460] [info] Controller idle = 1
[2026-06-29 17:09:09.460] [info] Controller idle = 2704
[2026-06-29 17:09:09.460] [info] Controller idle = 8
[2026-06-29 17:09:09.460] [info] Controller idle = 9
[2026-06-29 17:09:09.460] [info] Controller idle = 4
[2026-06-29 17:09:09.460] [info] Controller idle = 2734
[2026-06-29 17:09:09.460] [info] Controller idle = 3
[2026-06-29 17:09:09.460] [info] Controller idle = 1
[2026-06-29 17:09:09.460] [info] Controller idle = 11
[2026-06-29 17:09:09.460] [info] Controller idle = 2733
[2026-06-29 17:09:09.460] [info] Controller idle = 2
[2026-06-29 17:09:09.460] [info] Controller idle = 845
[2026-06-29 17:09:09.460] [info] Controller idle = 250
[2026-06-29 17:09:09.460] [info] Controller idle = 2
[2026-06-29 17:09:09.460] [info] Controller idle = 1
[2026-06-29 17:09:09.460] [info] Controller idle = 8
[2026-06-29 17:09:09.460] [info] Controller idle = 15
[2026-06-29 17:09:09.460] [info] Controller idle = 266
[2026-06-29 17:09:09.460] [info] Controller idle = 4
[2026-06-29 17:09:09.460] [info] Controller idle = 6
[2026-06-29 17:09:09.460] [info] Controller idle = 12
[2026-06-29 17:09:09.460] [info] Controller idle = 3
[2026-06-29 17:09:09.460] [info] Controller idle = 269
[2026-06-29 17:09:09.460] [info] Controller idle = 5995
[2026-06-29 17:09:09.460] [info] Controller idle = 5480
[2026-06-29 17:09:09.460] [info] Controller idle = 4
[2026-06-29 17:09:09.460] [info] Controller idle = 1
[2026-06-29 17:09:09.460] [info] Controller idle = 3
[2026-06-29 17:09:09.460] [info] Controller idle = 9
[2026-06-29 17:09:09.460] [info] Controller idle = 5
[2026-06-29 17:09:09.460] [info] Controller idle = 5496
[2026-06-29 17:09:09.460] [info] Controller idle = 1
[2026-06-29 17:09:09.460] [info] Controller idle = 2
[2026-06-29 17:09:09.460] [info] Controller idle = 14
[2026-06-29 17:09:09.460] [info] Controller idle = 5500
[2026-06-29 17:09:09.460] [info] Controller idle = 6034
[2026-06-29 17:09:09.460] [info] Controller idle = 5475
[2026-06-29 17:09:09.460] [info] Controller idle = 2
[2026-06-29 17:09:09.460] [info] Controller idle = 2
[2026-06-29 17:09:09.460] [info] Controller idle = 1
[2026-06-29 17:09:09.460] [info] Controller idle = 2
[2026-06-29 17:09:09.460] [info] Controller idle = 5
[2026-06-29 17:09:09.460] [info] Controller idle = 2
[2026-06-29 17:09:09.460] [info] Controller idle = 5499
[2026-06-29 17:09:09.460] [info] Controller idle = 3
[2026-06-29 17:09:09.460] [info] Controller idle = 4
[2026-06-29 17:09:09.460] [info] Controller idle = 11
[2026-06-29 17:09:09.460] [info] Controller idle = 9
[2026-06-29 17:09:09.460] [info] Controller idle = 5490
[2026-06-29 17:09:09.460] [info] Controller idle = 5999
[2026-06-29 17:09:09.460] [info] Controller idle = 5476
[2026-06-29 17:09:09.460] [info] Controller idle = 1
[2026-06-29 17:09:09.460] [info] Controller idle = 2
[2026-06-29 17:09:09.460] [info] Controller idle = 10
[2026-06-29 17:09:09.460] [info] Controller idle = 5505
[2026-06-29 17:09:09.460] [info] Controller idle = 1
[2026-06-29 17:09:09.460] [info] Controller idle = 3
[2026-06-29 17:09:09.460] [info] Controller idle = 1
[2026-06-29 17:09:09.460] [info] Controller idle = 1
[2026-06-29 17:09:09.460] [info] Controller idle = 5498
[2026-06-29 17:09:09.460] [info] Controller idle = 4
[2026-06-29 17:09:09.460] [info] Controller idle = 1171
MemorySystem:
  impl: GenericDRAM
  total_num_other_requests: 0
  total_num_write_requests: 9711
  total_num_read_requests: 8672
  memory_system_cycles: 555249

  DRAM:
    impl: HBM2
    dram_commands: 21104
  AddrMapper:
    impl: RoBaRaCoCh
  Controller:
    impl: Generic
    id: Channel 0
    Scheduler:
      impl: FRFCFS
    RefreshManager:
      impl: AllBank



Frontend:
  impl: GEM5

[2026-06-29 17:09:09.460] [info] Row hits: 15782, Row misses: 80, Row conflicts: 1723
[2026-06-29 17:09:09.460] [info] Controller idle = 11
[2026-06-29 17:09:09.460] [info] Controller idle = 27005
[2026-06-29 17:09:09.460] [info] Controller idle = 210400
[2026-06-29 17:09:09.460] [info] Controller idle = 2
[2026-06-29 17:09:09.460] [info] Controller idle = 17
[2026-06-29 17:09:09.460] [info] Controller idle = 5
[2026-06-29 17:09:09.460] [info] Controller idle = 14
[2026-06-29 17:09:09.460] [info] Controller idle = 1
[2026-06-29 17:09:09.460] [info] Controller idle = 2
[2026-06-29 17:09:09.460] [info] Controller idle = 3
[2026-06-29 17:09:09.460] [info] Controller idle = 1
[2026-06-29 17:09:09.460] [info] Controller idle = 2
[2026-06-29 17:09:09.460] [info] Controller idle = 2
[2026-06-29 17:09:09.460] [info] Controller idle = 2
[2026-06-29 17:09:09.460] [info] Controller idle = 2
[2026-06-29 17:09:09.460] [info] Controller idle = 1
[2026-06-29 17:09:09.460] [info] Controller idle = 1
[2026-06-29 17:09:09.460] [info] Controller idle = 4
[2026-06-29 17:09:09.460] [info] Controller idle = 9
[2026-06-29 17:09:09.460] [info] Controller idle = 1
[2026-06-29 17:09:09.460] [info] Controller idle = 3
[2026-06-29 17:09:09.460] [info] Controller idle = 1
[2026-06-29 17:09:09.460] [info] Controller idle = 1
[2026-06-29 17:09:09.460] [info] Controller idle = 34541
[2026-06-29 17:09:09.460] [info] Controller idle = 34500
[2026-06-29 17:09:09.460] [info] Controller idle = 34524
[2026-06-29 17:09:09.460] [info] Controller idle = 5
[2026-06-29 17:09:09.460] [info] Controller idle = 34529
[2026-06-29 17:09:09.460] [info] Controller idle = 1
[2026-06-29 17:09:09.460] [info] Controller idle = 1
[2026-06-29 17:09:09.460] [info] Controller idle = 4
[2026-06-29 17:09:09.460] [info] Controller idle = 5
[2026-06-29 17:09:09.460] [info] Controller idle = 11
[2026-06-29 17:09:09.460] [info] Controller idle = 2
[2026-06-29 17:09:09.460] [info] Controller idle = 2
[2026-06-29 17:09:09.460] [info] Controller idle = 31
[2026-06-29 17:09:09.460] [info] Controller idle = 2
[2026-06-29 17:09:09.460] [info] Controller idle = 1
[2026-06-29 17:09:09.460] [info] Controller idle = 1
[2026-06-29 17:09:09.460] [info] Controller idle = 1
[2026-06-29 17:09:09.460] [info] Controller idle = 1
[2026-06-29 17:09:09.460] [info] Controller idle = 3
[2026-06-29 17:09:09.460] [info] Controller idle = 2
[2026-06-29 17:09:09.460] [info] Controller idle = 35
[2026-06-29 17:09:09.460] [info] Controller idle = 1
[2026-06-29 17:09:09.460] [info] Controller idle = 4
[2026-06-29 17:09:09.460] [info] Controller idle = 4
[2026-06-29 17:09:09.460] [info] Controller idle = 1
[2026-06-29 17:09:09.460] [info] Controller idle = 1
[2026-06-29 17:09:09.460] [info] Controller idle = 3
[2026-06-29 17:09:09.460] [info] Controller idle = 6
[2026-06-29 17:09:09.460] [info] Controller idle = 2
[2026-06-29 17:09:09.460] [info] Controller idle = 3
[2026-06-29 17:09:09.460] [info] Controller idle = 2
[2026-06-29 17:09:09.460] [info] Controller idle = 1
[2026-06-29 17:09:09.460] [info] Controller idle = 1
[2026-06-29 17:09:09.460] [info] Controller idle = 7
[2026-06-29 17:09:09.460] [info] Controller idle = 5
[2026-06-29 17:09:09.460] [info] Controller idle = 14
[2026-06-29 17:09:09.460] [info] Controller idle = 1
[2026-06-29 17:09:09.460] [info] Controller idle = 14
[2026-06-29 17:09:09.460] [info] Controller idle = 13
[2026-06-29 17:09:09.460] [info] Controller idle = 3
[2026-06-29 17:09:09.460] [info] Controller idle = 1
[2026-06-29 17:09:09.460] [info] Controller idle = 4
[2026-06-29 17:09:09.460] [info] Controller idle = 2
[2026-06-29 17:09:09.460] [info] Controller idle = 9
[2026-06-29 17:09:09.460] [info] Controller idle = 5
[2026-06-29 17:09:09.460] [info] Controller idle = 1
[2026-06-29 17:09:09.460] [info] Controller idle = 3
[2026-06-29 17:09:09.460] [info] Controller idle = 5
[2026-06-29 17:09:09.460] [info] Controller idle = 1
[2026-06-29 17:09:09.460] [info] Controller idle = 8
[2026-06-29 17:09:09.460] [info] Controller idle = 8
[2026-06-29 17:09:09.460] [info] Controller idle = 22
[2026-06-29 17:09:09.460] [info] Controller idle = 8347
[2026-06-29 17:09:09.460] [info] Controller idle = 1
[2026-06-29 17:09:09.460] [info] Controller idle = 2
[2026-06-29 17:09:09.460] [info] Controller idle = 1
[2026-06-29 17:09:09.460] [info] Controller idle = 1
[2026-06-29 17:09:09.460] [info] Controller idle = 2
[2026-06-29 17:09:09.460] [info] Controller idle = 3
[2026-06-29 17:09:09.460] [info] Controller idle = 11
[2026-06-29 17:09:09.460] [info] Controller idle = 1
[2026-06-29 17:09:09.460] [info] Controller idle = 17
[2026-06-29 17:09:09.460] [info] Controller idle = 1456
[2026-06-29 17:09:09.460] [info] Controller idle = 9132
[2026-06-29 17:09:09.460] [info] Controller idle = 9131
[2026-06-29 17:09:09.460] [info] Controller idle = 1
[2026-06-29 17:09:09.460] [info] Controller idle = 9100
[2026-06-29 17:09:09.460] [info] Controller idle = 20
[2026-06-29 17:09:09.460] [info] Controller idle = 8
[2026-06-29 17:09:09.460] [info] Controller idle = 5
[2026-06-29 17:09:09.460] [info] Controller idle = 9
[2026-06-29 17:09:09.460] [info] Controller idle = 4
[2026-06-29 17:09:09.460] [info] Controller idle = 1
[2026-06-29 17:09:09.460] [info] Controller idle = 5
[2026-06-29 17:09:09.460] [info] Controller idle = 1
[2026-06-29 17:09:09.460] [info] Controller idle = 10
[2026-06-29 17:09:09.460] [info] Controller idle = 17
[2026-06-29 17:09:09.460] [info] Controller idle = 6
[2026-06-29 17:09:09.460] [info] Controller idle = 9
[2026-06-29 17:09:09.460] [info] Controller idle = 9
[2026-06-29 17:09:09.460] [info] Controller idle = 6
[2026-06-29 17:09:09.460] [info] Controller idle = 1
[2026-06-29 17:09:09.460] [info] Controller idle = 4
[2026-06-29 17:09:09.460] [info] Controller idle = 1
[2026-06-29 17:09:09.460] [info] Controller idle = 9
[2026-06-29 17:09:09.460] [info] Controller idle = 4
[2026-06-29 17:09:09.460] [info] Controller idle = 1
[2026-06-29 17:09:09.460] [info] Controller idle = 5
[2026-06-29 17:09:09.460] [info] Controller idle = 1
[2026-06-29 17:09:09.460] [info] Controller idle = 15
[2026-06-29 17:09:09.460] [info] Controller idle = 3
[2026-06-29 17:09:09.460] [info] Controller idle = 22
[2026-06-29 17:09:09.460] [info] Controller idle = 12
[2026-06-29 17:09:09.460] [info] Controller idle = 4
[2026-06-29 17:09:09.460] [info] Controller idle = 29
[2026-06-29 17:09:09.460] [info] Controller idle = 2352
[2026-06-29 17:09:09.460] [info] Controller idle = 1950
[2026-06-29 17:09:09.460] [info] Controller idle = 877
[2026-06-29 17:09:09.460] [info] Controller idle = 4
[2026-06-29 17:09:09.460] [info] Controller idle = 68
[2026-06-29 17:09:09.460] [info] Controller idle = 4879
[2026-06-29 17:09:09.460] [info] Controller idle = 1
[2026-06-29 17:09:09.460] [info] Controller idle = 1
[2026-06-29 17:09:09.460] [info] Controller idle = 4064
[2026-06-29 17:09:09.460] [info] Controller idle = 6
[2026-06-29 17:09:09.460] [info] Controller idle = 4870
[2026-06-29 17:09:09.460] [info] Controller idle = 9
[2026-06-29 17:09:09.460] [info] Controller idle = 4059
[2026-06-29 17:09:09.460] [info] Controller idle = 1
[2026-06-29 17:09:09.460] [info] Controller idle = 4893
[2026-06-29 17:09:09.460] [info] Controller idle = 4059
[2026-06-29 17:09:09.460] [info] Controller idle = 3270
[2026-06-29 17:09:09.460] [info] Controller idle = 2702
[2026-06-29 17:09:09.460] [info] Controller idle = 5
[2026-06-29 17:09:09.460] [info] Controller idle = 9
[2026-06-29 17:09:09.460] [info] Controller idle = 8
[2026-06-29 17:09:09.460] [info] Controller idle = 16
[2026-06-29 17:09:09.460] [info] Controller idle = 2700
[2026-06-29 17:09:09.460] [info] Controller idle = 10
[2026-06-29 17:09:09.460] [info] Controller idle = 3
[2026-06-29 17:09:09.460] [info] Controller idle = 3
[2026-06-29 17:09:09.460] [info] Controller idle = 5
[2026-06-29 17:09:09.460] [info] Controller idle = 2735
[2026-06-29 17:09:09.460] [info] Controller idle = 1
[2026-06-29 17:09:09.460] [info] Controller idle = 845
[2026-06-29 17:09:09.460] [info] Controller idle = 243
[2026-06-29 17:09:09.460] [info] Controller idle = 11
[2026-06-29 17:09:09.460] [info] Controller idle = 10
[2026-06-29 17:09:09.460] [info] Controller idle = 1
[2026-06-29 17:09:09.460] [info] Controller idle = 1
[2026-06-29 17:09:09.460] [info] Controller idle = 1
[2026-06-29 17:09:09.460] [info] Controller idle = 268
[2026-06-29 17:09:09.460] [info] Controller idle = 2
[2026-06-29 17:09:09.460] [info] Controller idle = 2
[2026-06-29 17:09:09.460] [info] Controller idle = 4
[2026-06-29 17:09:09.460] [info] Controller idle = 1
[2026-06-29 17:09:09.460] [info] Controller idle = 280
[2026-06-29 17:09:09.460] [info] Controller idle = 2
[2026-06-29 17:09:09.460] [info] Controller idle = 6003
[2026-06-29 17:09:09.460] [info] Controller idle = 5473
[2026-06-29 17:09:09.460] [info] Controller idle = 1
[2026-06-29 17:09:09.460] [info] Controller idle = 3
[2026-06-29 17:09:09.460] [info] Controller idle = 15
[2026-06-29 17:09:09.460] [info] Controller idle = 3
[2026-06-29 17:09:09.460] [info] Controller idle = 5497
[2026-06-29 17:09:09.460] [info] Controller idle = 4
[2026-06-29 17:09:09.460] [info] Controller idle = 5
[2026-06-29 17:09:09.460] [info] Controller idle = 1
[2026-06-29 17:09:09.460] [info] Controller idle = 1
[2026-06-29 17:09:09.460] [info] Controller idle = 2
[2026-06-29 17:09:09.460] [info] Controller idle = 4
[2026-06-29 17:09:09.460] [info] Controller idle = 8
[2026-06-29 17:09:09.460] [info] Controller idle = 5487
[2026-06-29 17:09:09.460] [info] Controller idle = 9
[2026-06-29 17:09:09.460] [info] Controller idle = 6014
[2026-06-29 17:09:09.460] [info] Controller idle = 5497
[2026-06-29 17:09:09.460] [info] Controller idle = 3
[2026-06-29 17:09:09.460] [info] Controller idle = 1
[2026-06-29 17:09:09.460] [info] Controller idle = 5492
[2026-06-29 17:09:09.460] [info] Controller idle = 1
[2026-06-29 17:09:09.460] [info] Controller idle = 2
[2026-06-29 17:09:09.460] [info] Controller idle = 25
[2026-06-29 17:09:09.460] [info] Controller idle = 2
[2026-06-29 17:09:09.460] [info] Controller idle = 5493
[2026-06-29 17:09:09.460] [info] Controller idle = 5993
[2026-06-29 17:09:09.460] [info] Controller idle = 5479
[2026-06-29 17:09:09.460] [info] Controller idle = 1
[2026-06-29 17:09:09.460] [info] Controller idle = 1
[2026-06-29 17:09:09.460] [info] Controller idle = 1
[2026-06-29 17:09:09.460] [info] Controller idle = 13
[2026-06-29 17:09:09.460] [info] Controller idle = 5490
[2026-06-29 17:09:09.460] [info] Controller idle = 8
[2026-06-29 17:09:09.460] [info] Controller idle = 6
[2026-06-29 17:09:09.460] [info] Controller idle = 2
[2026-06-29 17:09:09.460] [info] Controller idle = 5
[2026-06-29 17:09:09.460] [info] Controller idle = 5496
[2026-06-29 17:09:09.460] [info] Controller idle = 1
[2026-06-29 17:09:09.460] [info] Controller idle = 5
[2026-06-29 17:09:09.460] [info] Controller idle = 1136
MemorySystem:
  impl: GenericDRAM
  total_num_other_requests: 0
  total_num_write_requests: 9701
  total_num_read_requests: 8690
  memory_system_cycles: 555249

  DRAM:
    impl: HBM2
    dram_commands: 21135
  AddrMapper:
    impl: RoBaRaCoCh
  Controller:
    impl: Generic
    id: Channel 0
    Scheduler:
      impl: FRFCFS
    RefreshManager:
      impl: AllBank



Frontend:
  impl: GEM5

[2026-06-29 17:09:09.460] [info] Row hits: 15831, Row misses: 77, Row conflicts: 1691
[2026-06-29 17:09:09.460] [info] Controller idle = 11
[2026-06-29 17:09:09.460] [info] Controller idle = 27001
[2026-06-29 17:09:09.460] [info] Controller idle = 210400
[2026-06-29 17:09:09.460] [info] Controller idle = 1
[2026-06-29 17:09:09.460] [info] Controller idle = 2
[2026-06-29 17:09:09.460] [info] Controller idle = 4
[2026-06-29 17:09:09.460] [info] Controller idle = 1
[2026-06-29 17:09:09.460] [info] Controller idle = 8
[2026-06-29 17:09:09.460] [info] Controller idle = 2
[2026-06-29 17:09:09.460] [info] Controller idle = 3
[2026-06-29 17:09:09.460] [info] Controller idle = 4
[2026-06-29 17:09:09.460] [info] Controller idle = 1
[2026-06-29 17:09:09.460] [info] Controller idle = 2
[2026-06-29 17:09:09.460] [info] Controller idle = 2
[2026-06-29 17:09:09.460] [info] Controller idle = 1
[2026-06-29 17:09:09.460] [info] Controller idle = 1
[2026-06-29 17:09:09.460] [info] Controller idle = 3
[2026-06-29 17:09:09.460] [info] Controller idle = 1
[2026-06-29 17:09:09.460] [info] Controller idle = 4
[2026-06-29 17:09:09.460] [info] Controller idle = 1
[2026-06-29 17:09:09.460] [info] Controller idle = 7
[2026-06-29 17:09:09.460] [info] Controller idle = 1
[2026-06-29 17:09:09.460] [info] Controller idle = 1
[2026-06-29 17:09:09.460] [info] Controller idle = 1
[2026-06-29 17:09:09.460] [info] Controller idle = 10
[2026-06-29 17:09:09.460] [info] Controller idle = 6
[2026-06-29 17:09:09.460] [info] Controller idle = 1
[2026-06-29 17:09:09.460] [info] Controller idle = 15
[2026-06-29 17:09:09.460] [info] Controller idle = 2
[2026-06-29 17:09:09.460] [info] Controller idle = 34518
[2026-06-29 17:09:09.460] [info] Controller idle = 34505
[2026-06-29 17:09:09.460] [info] Controller idle = 34533
[2026-06-29 17:09:09.460] [info] Controller idle = 34538
[2026-06-29 17:09:09.460] [info] Controller idle = 3
[2026-06-29 17:09:09.460] [info] Controller idle = 4
[2026-06-29 17:09:09.460] [info] Controller idle = 4
[2026-06-29 17:09:09.460] [info] Controller idle = 2
[2026-06-29 17:09:09.460] [info] Controller idle = 9
[2026-06-29 17:09:09.460] [info] Controller idle = 2
[2026-06-29 17:09:09.460] [info] Controller idle = 4
[2026-06-29 17:09:09.460] [info] Controller idle = 1
[2026-06-29 17:09:09.460] [info] Controller idle = 6
[2026-06-29 17:09:09.460] [info] Controller idle = 1
[2026-06-29 17:09:09.460] [info] Controller idle = 9
[2026-06-29 17:09:09.460] [info] Controller idle = 1
[2026-06-29 17:09:09.460] [info] Controller idle = 1
[2026-06-29 17:09:09.460] [info] Controller idle = 1
[2026-06-29 17:09:09.460] [info] Controller idle = 1
[2026-06-29 17:09:09.460] [info] Controller idle = 32
[2026-06-29 17:09:09.460] [info] Controller idle = 3
[2026-06-29 17:09:09.460] [info] Controller idle = 5
[2026-06-29 17:09:09.460] [info] Controller idle = 13
[2026-06-29 17:09:09.460] [info] Controller idle = 16
[2026-06-29 17:09:09.460] [info] Controller idle = 1
[2026-06-29 17:09:09.460] [info] Controller idle = 1
[2026-06-29 17:09:09.460] [info] Controller idle = 1
[2026-06-29 17:09:09.460] [info] Controller idle = 1
[2026-06-29 17:09:09.460] [info] Controller idle = 4
[2026-06-29 17:09:09.460] [info] Controller idle = 18
[2026-06-29 17:09:09.460] [info] Controller idle = 3
[2026-06-29 17:09:09.460] [info] Controller idle = 16
[2026-06-29 17:09:09.460] [info] Controller idle = 2
[2026-06-29 17:09:09.460] [info] Controller idle = 4
[2026-06-29 17:09:09.460] [info] Controller idle = 15
[2026-06-29 17:09:09.460] [info] Controller idle = 17
[2026-06-29 17:09:09.460] [info] Controller idle = 1
[2026-06-29 17:09:09.460] [info] Controller idle = 9
[2026-06-29 17:09:09.460] [info] Controller idle = 5
[2026-06-29 17:09:09.460] [info] Controller idle = 1
[2026-06-29 17:09:09.460] [info] Controller idle = 2
[2026-06-29 17:09:09.460] [info] Controller idle = 11
[2026-06-29 17:09:09.460] [info] Controller idle = 1
[2026-06-29 17:09:09.460] [info] Controller idle = 1
[2026-06-29 17:09:09.460] [info] Controller idle = 8
[2026-06-29 17:09:09.460] [info] Controller idle = 7
[2026-06-29 17:09:09.460] [info] Controller idle = 3
[2026-06-29 17:09:09.460] [info] Controller idle = 16
[2026-06-29 17:09:09.460] [info] Controller idle = 5
[2026-06-29 17:09:09.460] [info] Controller idle = 22
[2026-06-29 17:09:09.460] [info] Controller idle = 19
[2026-06-29 17:09:09.460] [info] Controller idle = 9
[2026-06-29 17:09:09.460] [info] Controller idle = 1
[2026-06-29 17:09:09.460] [info] Controller idle = 4
[2026-06-29 17:09:09.460] [info] Controller idle = 3
[2026-06-29 17:09:09.460] [info] Controller idle = 4
[2026-06-29 17:09:09.460] [info] Controller idle = 1
[2026-06-29 17:09:09.460] [info] Controller idle = 3
[2026-06-29 17:09:09.460] [info] Controller idle = 1
[2026-06-29 17:09:09.460] [info] Controller idle = 2
[2026-06-29 17:09:09.460] [info] Controller idle = 7
[2026-06-29 17:09:09.460] [info] Controller idle = 23
[2026-06-29 17:09:09.460] [info] Controller idle = 15
[2026-06-29 17:09:09.460] [info] Controller idle = 1
[2026-06-29 17:09:09.460] [info] Controller idle = 14
[2026-06-29 17:09:09.460] [info] Controller idle = 8335
[2026-06-29 17:09:09.460] [info] Controller idle = 1
[2026-06-29 17:09:09.460] [info] Controller idle = 2
[2026-06-29 17:09:09.460] [info] Controller idle = 2
[2026-06-29 17:09:09.460] [info] Controller idle = 3
[2026-06-29 17:09:09.460] [info] Controller idle = 7
[2026-06-29 17:09:09.460] [info] Controller idle = 13
[2026-06-29 17:09:09.460] [info] Controller idle = 1463
[2026-06-29 17:09:09.460] [info] Controller idle = 9111
[2026-06-29 17:09:09.460] [info] Controller idle = 2
[2026-06-29 17:09:09.460] [info] Controller idle = 9103
[2026-06-29 17:09:09.460] [info] Controller idle = 9102
[2026-06-29 17:09:09.460] [info] Controller idle = 14
[2026-06-29 17:09:09.460] [info] Controller idle = 10
[2026-06-29 17:09:09.460] [info] Controller idle = 5
[2026-06-29 17:09:09.460] [info] Controller idle = 1
[2026-06-29 17:09:09.460] [info] Controller idle = 1
[2026-06-29 17:09:09.460] [info] Controller idle = 4
[2026-06-29 17:09:09.460] [info] Controller idle = 1
[2026-06-29 17:09:09.460] [info] Controller idle = 1
[2026-06-29 17:09:09.460] [info] Controller idle = 8
[2026-06-29 17:09:09.460] [info] Controller idle = 6
[2026-06-29 17:09:09.460] [info] Controller idle = 1
[2026-06-29 17:09:09.460] [info] Controller idle = 11
[2026-06-29 17:09:09.460] [info] Controller idle = 1
[2026-06-29 17:09:09.460] [info] Controller idle = 22
[2026-06-29 17:09:09.460] [info] Controller idle = 3
[2026-06-29 17:09:09.460] [info] Controller idle = 1
[2026-06-29 17:09:09.460] [info] Controller idle = 7
[2026-06-29 17:09:09.460] [info] Controller idle = 3
[2026-06-29 17:09:09.460] [info] Controller idle = 25
[2026-06-29 17:09:09.460] [info] Controller idle = 3
[2026-06-29 17:09:09.460] [info] Controller idle = 2
[2026-06-29 17:09:09.460] [info] Controller idle = 13
[2026-06-29 17:09:09.460] [info] Controller idle = 15
[2026-06-29 17:09:09.460] [info] Controller idle = 2378
[2026-06-29 17:09:09.460] [info] Controller idle = 1931
[2026-06-29 17:09:09.460] [info] Controller idle = 878
[2026-06-29 17:09:09.460] [info] Controller idle = 3
[2026-06-29 17:09:09.460] [info] Controller idle = 1
[2026-06-29 17:09:09.460] [info] Controller idle = 3
[2026-06-29 17:09:09.460] [info] Controller idle = 50
[2026-06-29 17:09:09.460] [info] Controller idle = 3
[2026-06-29 17:09:09.460] [info] Controller idle = 1
[2026-06-29 17:09:09.460] [info] Controller idle = 4879
[2026-06-29 17:09:09.460] [info] Controller idle = 6
[2026-06-29 17:09:09.460] [info] Controller idle = 4065
[2026-06-29 17:09:09.460] [info] Controller idle = 4849
[2026-06-29 17:09:09.460] [info] Controller idle = 4067
[2026-06-29 17:09:09.460] [info] Controller idle = 4875
[2026-06-29 17:09:09.460] [info] Controller idle = 1
[2026-06-29 17:09:09.460] [info] Controller idle = 4075
[2026-06-29 17:09:09.460] [info] Controller idle = 3266
[2026-06-29 17:09:09.460] [info] Controller idle = 5
[2026-06-29 17:09:09.460] [info] Controller idle = 2699
[2026-06-29 17:09:09.460] [info] Controller idle = 4
[2026-06-29 17:09:09.460] [info] Controller idle = 8
[2026-06-29 17:09:09.460] [info] Controller idle = 1
[2026-06-29 17:09:09.460] [info] Controller idle = 2712
[2026-06-29 17:09:09.460] [info] Controller idle = 5
[2026-06-29 17:09:09.460] [info] Controller idle = 5
[2026-06-29 17:09:09.460] [info] Controller idle = 3
[2026-06-29 17:09:09.461] [info] Controller idle = 7
[2026-06-29 17:09:09.461] [info] Controller idle = 1
[2026-06-29 17:09:09.461] [info] Controller idle = 1
[2026-06-29 17:09:09.461] [info] Controller idle = 2730
[2026-06-29 17:09:09.461] [info] Controller idle = 1
[2026-06-29 17:09:09.461] [info] Controller idle = 1
[2026-06-29 17:09:09.461] [info] Controller idle = 849
[2026-06-29 17:09:09.461] [info] Controller idle = 247
[2026-06-29 17:09:09.461] [info] Controller idle = 1
[2026-06-29 17:09:09.461] [info] Controller idle = 3
[2026-06-29 17:09:09.461] [info] Controller idle = 9
[2026-06-29 17:09:09.461] [info] Controller idle = 1
[2026-06-29 17:09:09.461] [info] Controller idle = 276
[2026-06-29 17:09:09.461] [info] Controller idle = 1
[2026-06-29 17:09:09.461] [info] Controller idle = 1
[2026-06-29 17:09:09.461] [info] Controller idle = 1
[2026-06-29 17:09:09.461] [info] Controller idle = 5
[2026-06-29 17:09:09.461] [info] Controller idle = 2
[2026-06-29 17:09:09.461] [info] Controller idle = 3
[2026-06-29 17:09:09.461] [info] Controller idle = 273
[2026-06-29 17:09:09.461] [info] Controller idle = 5992
[2026-06-29 17:09:09.461] [info] Controller idle = 2
[2026-06-29 17:09:09.461] [info] Controller idle = 5470
[2026-06-29 17:09:09.461] [info] Controller idle = 1
[2026-06-29 17:09:09.461] [info] Controller idle = 4
[2026-06-29 17:09:09.461] [info] Controller idle = 1
[2026-06-29 17:09:09.461] [info] Controller idle = 5515
[2026-06-29 17:09:09.461] [info] Controller idle = 8
[2026-06-29 17:09:09.461] [info] Controller idle = 2
[2026-06-29 17:09:09.461] [info] Controller idle = 17
[2026-06-29 17:09:09.461] [info] Controller idle = 1
[2026-06-29 17:09:09.461] [info] Controller idle = 5490
[2026-06-29 17:09:09.461] [info] Controller idle = 4
[2026-06-29 17:09:09.461] [info] Controller idle = 6021
[2026-06-29 17:09:09.461] [info] Controller idle = 5496
[2026-06-29 17:09:09.461] [info] Controller idle = 10
[2026-06-29 17:09:09.461] [info] Controller idle = 1
[2026-06-29 17:09:09.461] [info] Controller idle = 5495
[2026-06-29 17:09:09.461] [info] Controller idle = 1
[2026-06-29 17:09:09.461] [info] Controller idle = 2
[2026-06-29 17:09:09.461] [info] Controller idle = 2
[2026-06-29 17:09:09.461] [info] Controller idle = 2
[2026-06-29 17:09:09.461] [info] Controller idle = 2
[2026-06-29 17:09:09.461] [info] Controller idle = 2
[2026-06-29 17:09:09.461] [info] Controller idle = 5501
[2026-06-29 17:09:09.461] [info] Controller idle = 5986
[2026-06-29 17:09:09.461] [info] Controller idle = 5480
[2026-06-29 17:09:09.461] [info] Controller idle = 1
[2026-06-29 17:09:09.461] [info] Controller idle = 2
[2026-06-29 17:09:09.461] [info] Controller idle = 3
[2026-06-29 17:09:09.461] [info] Controller idle = 4
[2026-06-29 17:09:09.461] [info] Controller idle = 5495
[2026-06-29 17:09:09.461] [info] Controller idle = 3
[2026-06-29 17:09:09.461] [info] Controller idle = 1
[2026-06-29 17:09:09.461] [info] Controller idle = 11
[2026-06-29 17:09:09.461] [info] Controller idle = 1
[2026-06-29 17:09:09.461] [info] Controller idle = 5496
[2026-06-29 17:09:09.461] [info] Controller idle = 1
[2026-06-29 17:09:09.461] [info] Controller idle = 1170
MemorySystem:
  impl: GenericDRAM
  total_num_other_requests: 0
  total_num_write_requests: 9700
  total_num_read_requests: 8689
  memory_system_cycles: 555249

  DRAM:
    impl: HBM2
    dram_commands: 21083
  AddrMapper:
    impl: RoBaRaCoCh
  Controller:
    impl: Generic
    id: Channel 0
    Scheduler:
      impl: FRFCFS
    RefreshManager:
      impl: AllBank



Frontend:
  impl: GEM5

[2026-06-29 17:09:09.461] [info] Row hits: 15781, Row misses: 98, Row conflicts: 1699
[2026-06-29 17:09:09.461] [info] Controller idle = 11
[2026-06-29 17:09:09.461] [info] Controller idle = 26998
[2026-06-29 17:09:09.461] [info] Controller idle = 210400
[2026-06-29 17:09:09.461] [info] Controller idle = 1
[2026-06-29 17:09:09.461] [info] Controller idle = 1
[2026-06-29 17:09:09.461] [info] Controller idle = 3
[2026-06-29 17:09:09.461] [info] Controller idle = 1
[2026-06-29 17:09:09.461] [info] Controller idle = 4
[2026-06-29 17:09:09.461] [info] Controller idle = 3
[2026-06-29 17:09:09.461] [info] Controller idle = 10
[2026-06-29 17:09:09.461] [info] Controller idle = 3
[2026-06-29 17:09:09.461] [info] Controller idle = 2
[2026-06-29 17:09:09.461] [info] Controller idle = 3
[2026-06-29 17:09:09.461] [info] Controller idle = 1
[2026-06-29 17:09:09.461] [info] Controller idle = 1
[2026-06-29 17:09:09.461] [info] Controller idle = 1
[2026-06-29 17:09:09.461] [info] Controller idle = 1
[2026-06-29 17:09:09.461] [info] Controller idle = 1
[2026-06-29 17:09:09.461] [info] Controller idle = 4
[2026-06-29 17:09:09.461] [info] Controller idle = 1
[2026-06-29 17:09:09.461] [info] Controller idle = 1
[2026-06-29 17:09:09.461] [info] Controller idle = 7
[2026-06-29 17:09:09.461] [info] Controller idle = 8
[2026-06-29 17:09:09.461] [info] Controller idle = 2
[2026-06-29 17:09:09.461] [info] Controller idle = 1
[2026-06-29 17:09:09.461] [info] Controller idle = 2
[2026-06-29 17:09:09.461] [info] Controller idle = 1
[2026-06-29 17:09:09.461] [info] Controller idle = 5
[2026-06-29 17:09:09.461] [info] Controller idle = 1
[2026-06-29 17:09:09.461] [info] Controller idle = 1
[2026-06-29 17:09:09.461] [info] Controller idle = 3
[2026-06-29 17:09:09.461] [info] Controller idle = 10
[2026-06-29 17:09:09.461] [info] Controller idle = 7
[2026-06-29 17:09:09.461] [info] Controller idle = 34517
[2026-06-29 17:09:09.461] [info] Controller idle = 34519
[2026-06-29 17:09:09.461] [info] Controller idle = 34521
[2026-06-29 17:09:09.461] [info] Controller idle = 34527
[2026-06-29 17:09:09.461] [info] Controller idle = 1
[2026-06-29 17:09:09.461] [info] Controller idle = 4
[2026-06-29 17:09:09.461] [info] Controller idle = 4
[2026-06-29 17:09:09.461] [info] Controller idle = 22
[2026-06-29 17:09:09.461] [info] Controller idle = 6
[2026-06-29 17:09:09.461] [info] Controller idle = 5
[2026-06-29 17:09:09.461] [info] Controller idle = 4
[2026-06-29 17:09:09.461] [info] Controller idle = 2
[2026-06-29 17:09:09.461] [info] Controller idle = 15
[2026-06-29 17:09:09.461] [info] Controller idle = 1
[2026-06-29 17:09:09.461] [info] Controller idle = 4
[2026-06-29 17:09:09.461] [info] Controller idle = 5
[2026-06-29 17:09:09.461] [info] Controller idle = 9
[2026-06-29 17:09:09.461] [info] Controller idle = 10
[2026-06-29 17:09:09.461] [info] Controller idle = 3
[2026-06-29 17:09:09.461] [info] Controller idle = 9
[2026-06-29 17:09:09.461] [info] Controller idle = 4
[2026-06-29 17:09:09.461] [info] Controller idle = 1
[2026-06-29 17:09:09.461] [info] Controller idle = 1
[2026-06-29 17:09:09.461] [info] Controller idle = 2
[2026-06-29 17:09:09.461] [info] Controller idle = 1
[2026-06-29 17:09:09.461] [info] Controller idle = 31
[2026-06-29 17:09:09.461] [info] Controller idle = 7
[2026-06-29 17:09:09.461] [info] Controller idle = 1
[2026-06-29 17:09:09.461] [info] Controller idle = 1
[2026-06-29 17:09:09.461] [info] Controller idle = 7
[2026-06-29 17:09:09.461] [info] Controller idle = 1
[2026-06-29 17:09:09.461] [info] Controller idle = 8
[2026-06-29 17:09:09.461] [info] Controller idle = 11
[2026-06-29 17:09:09.461] [info] Controller idle = 1
[2026-06-29 17:09:09.461] [info] Controller idle = 13
[2026-06-29 17:09:09.461] [info] Controller idle = 1
[2026-06-29 17:09:09.461] [info] Controller idle = 1
[2026-06-29 17:09:09.461] [info] Controller idle = 1
[2026-06-29 17:09:09.461] [info] Controller idle = 4
[2026-06-29 17:09:09.461] [info] Controller idle = 1
[2026-06-29 17:09:09.461] [info] Controller idle = 3
[2026-06-29 17:09:09.461] [info] Controller idle = 22
[2026-06-29 17:09:09.461] [info] Controller idle = 2
[2026-06-29 17:09:09.461] [info] Controller idle = 14
[2026-06-29 17:09:09.461] [info] Controller idle = 1
[2026-06-29 17:09:09.461] [info] Controller idle = 1
[2026-06-29 17:09:09.461] [info] Controller idle = 21
[2026-06-29 17:09:09.461] [info] Controller idle = 2
[2026-06-29 17:09:09.461] [info] Controller idle = 1
[2026-06-29 17:09:09.461] [info] Controller idle = 18
[2026-06-29 17:09:09.461] [info] Controller idle = 22
[2026-06-29 17:09:09.461] [info] Controller idle = 23
[2026-06-29 17:09:09.461] [info] Controller idle = 2
[2026-06-29 17:09:09.461] [info] Controller idle = 2
[2026-06-29 17:09:09.461] [info] Controller idle = 9
[2026-06-29 17:09:09.461] [info] Controller idle = 2
[2026-06-29 17:09:09.461] [info] Controller idle = 21
[2026-06-29 17:09:09.461] [info] Controller idle = 3
[2026-06-29 17:09:09.461] [info] Controller idle = 6
[2026-06-29 17:09:09.461] [info] Controller idle = 8
[2026-06-29 17:09:09.461] [info] Controller idle = 15
[2026-06-29 17:09:09.461] [info] Controller idle = 2
[2026-06-29 17:09:09.461] [info] Controller idle = 1
[2026-06-29 17:09:09.461] [info] Controller idle = 17
[2026-06-29 17:09:09.461] [info] Controller idle = 8346
[2026-06-29 17:09:09.461] [info] Controller idle = 3
[2026-06-29 17:09:09.461] [info] Controller idle = 12
[2026-06-29 17:09:09.461] [info] Controller idle = 2
[2026-06-29 17:09:09.461] [info] Controller idle = 7
[2026-06-29 17:09:09.461] [info] Controller idle = 1
[2026-06-29 17:09:09.461] [info] Controller idle = 15
[2026-06-29 17:09:09.461] [info] Controller idle = 2
[2026-06-29 17:09:09.461] [info] Controller idle = 1437
[2026-06-29 17:09:09.461] [info] Controller idle = 1
[2026-06-29 17:09:09.461] [info] Controller idle = 9127
[2026-06-29 17:09:09.461] [info] Controller idle = 9116
[2026-06-29 17:09:09.461] [info] Controller idle = 2
[2026-06-29 17:09:09.461] [info] Controller idle = 9105
[2026-06-29 17:09:09.461] [info] Controller idle = 1
[2026-06-29 17:09:09.461] [info] Controller idle = 10
[2026-06-29 17:09:09.461] [info] Controller idle = 15
[2026-06-29 17:09:09.461] [info] Controller idle = 20
[2026-06-29 17:09:09.461] [info] Controller idle = 17
[2026-06-29 17:09:09.461] [info] Controller idle = 1
[2026-06-29 17:09:09.461] [info] Controller idle = 1
[2026-06-29 17:09:09.461] [info] Controller idle = 28
[2026-06-29 17:09:09.461] [info] Controller idle = 1
[2026-06-29 17:09:09.461] [info] Controller idle = 1
[2026-06-29 17:09:09.461] [info] Controller idle = 4
[2026-06-29 17:09:09.461] [info] Controller idle = 1
[2026-06-29 17:09:09.461] [info] Controller idle = 1
[2026-06-29 17:09:09.461] [info] Controller idle = 2
[2026-06-29 17:09:09.461] [info] Controller idle = 2
[2026-06-29 17:09:09.461] [info] Controller idle = 4
[2026-06-29 17:09:09.461] [info] Controller idle = 6
[2026-06-29 17:09:09.461] [info] Controller idle = 1
[2026-06-29 17:09:09.461] [info] Controller idle = 3
[2026-06-29 17:09:09.461] [info] Controller idle = 1
[2026-06-29 17:09:09.461] [info] Controller idle = 1
[2026-06-29 17:09:09.461] [info] Controller idle = 9
[2026-06-29 17:09:09.461] [info] Controller idle = 8
[2026-06-29 17:09:09.461] [info] Controller idle = 1
[2026-06-29 17:09:09.461] [info] Controller idle = 3
[2026-06-29 17:09:09.461] [info] Controller idle = 2
[2026-06-29 17:09:09.461] [info] Controller idle = 9
[2026-06-29 17:09:09.461] [info] Controller idle = 5
[2026-06-29 17:09:09.461] [info] Controller idle = 8
[2026-06-29 17:09:09.461] [info] Controller idle = 2383
[2026-06-29 17:09:09.461] [info] Controller idle = 1
[2026-06-29 17:09:09.461] [info] Controller idle = 2
[2026-06-29 17:09:09.461] [info] Controller idle = 1941
[2026-06-29 17:09:09.461] [info] Controller idle = 1
[2026-06-29 17:09:09.461] [info] Controller idle = 1
[2026-06-29 17:09:09.461] [info] Controller idle = 888
[2026-06-29 17:09:09.461] [info] Controller idle = 56
[2026-06-29 17:09:09.461] [info] Controller idle = 4874
[2026-06-29 17:09:09.461] [info] Controller idle = 4056
[2026-06-29 17:09:09.461] [info] Controller idle = 4874
[2026-06-29 17:09:09.461] [info] Controller idle = 4047
[2026-06-29 17:09:09.461] [info] Controller idle = 4893
[2026-06-29 17:09:09.461] [info] Controller idle = 4061
[2026-06-29 17:09:09.461] [info] Controller idle = 1
[2026-06-29 17:09:09.461] [info] Controller idle = 3248
[2026-06-29 17:09:09.461] [info] Controller idle = 1
[2026-06-29 17:09:09.461] [info] Controller idle = 2708
[2026-06-29 17:09:09.461] [info] Controller idle = 4
[2026-06-29 17:09:09.461] [info] Controller idle = 1
[2026-06-29 17:09:09.461] [info] Controller idle = 1
[2026-06-29 17:09:09.461] [info] Controller idle = 9
[2026-06-29 17:09:09.461] [info] Controller idle = 2738
[2026-06-29 17:09:09.461] [info] Controller idle = 6
[2026-06-29 17:09:09.461] [info] Controller idle = 4
[2026-06-29 17:09:09.461] [info] Controller idle = 1
[2026-06-29 17:09:09.461] [info] Controller idle = 5
[2026-06-29 17:09:09.461] [info] Controller idle = 1
[2026-06-29 17:09:09.461] [info] Controller idle = 7
[2026-06-29 17:09:09.461] [info] Controller idle = 2723
[2026-06-29 17:09:09.461] [info] Controller idle = 3
[2026-06-29 17:09:09.461] [info] Controller idle = 818
[2026-06-29 17:09:09.461] [info] Controller idle = 248
[2026-06-29 17:09:09.461] [info] Controller idle = 3
[2026-06-29 17:09:09.461] [info] Controller idle = 4
[2026-06-29 17:09:09.461] [info] Controller idle = 2
[2026-06-29 17:09:09.461] [info] Controller idle = 2
[2026-06-29 17:09:09.461] [info] Controller idle = 3
[2026-06-29 17:09:09.461] [info] Controller idle = 277
[2026-06-29 17:09:09.461] [info] Controller idle = 1
[2026-06-29 17:09:09.461] [info] Controller idle = 4
[2026-06-29 17:09:09.461] [info] Controller idle = 1
[2026-06-29 17:09:09.461] [info] Controller idle = 8
[2026-06-29 17:09:09.461] [info] Controller idle = 1
[2026-06-29 17:09:09.461] [info] Controller idle = 269
[2026-06-29 17:09:09.461] [info] Controller idle = 6020
[2026-06-29 17:09:09.461] [info] Controller idle = 5470
[2026-06-29 17:09:09.461] [info] Controller idle = 3
[2026-06-29 17:09:09.461] [info] Controller idle = 6
[2026-06-29 17:09:09.461] [info] Controller idle = 5
[2026-06-29 17:09:09.461] [info] Controller idle = 2
[2026-06-29 17:09:09.461] [info] Controller idle = 9
[2026-06-29 17:09:09.461] [info] Controller idle = 1
[2026-06-29 17:09:09.461] [info] Controller idle = 5500
[2026-06-29 17:09:09.461] [info] Controller idle = 2
[2026-06-29 17:09:09.461] [info] Controller idle = 1
[2026-06-29 17:09:09.461] [info] Controller idle = 3
[2026-06-29 17:09:09.461] [info] Controller idle = 2
[2026-06-29 17:09:09.461] [info] Controller idle = 1
[2026-06-29 17:09:09.461] [info] Controller idle = 5506
[2026-06-29 17:09:09.461] [info] Controller idle = 6040
[2026-06-29 17:09:09.461] [info] Controller idle = 5475
[2026-06-29 17:09:09.461] [info] Controller idle = 2
[2026-06-29 17:09:09.461] [info] Controller idle = 3
[2026-06-29 17:09:09.461] [info] Controller idle = 5
[2026-06-29 17:09:09.461] [info] Controller idle = 1
[2026-06-29 17:09:09.461] [info] Controller idle = 1
[2026-06-29 17:09:09.461] [info] Controller idle = 5504
[2026-06-29 17:09:09.461] [info] Controller idle = 3
[2026-06-29 17:09:09.461] [info] Controller idle = 3
[2026-06-29 17:09:09.461] [info] Controller idle = 5
[2026-06-29 17:09:09.461] [info] Controller idle = 3
[2026-06-29 17:09:09.461] [info] Controller idle = 9
[2026-06-29 17:09:09.461] [info] Controller idle = 5494
[2026-06-29 17:09:09.461] [info] Controller idle = 5991
[2026-06-29 17:09:09.461] [info] Controller idle = 5469
[2026-06-29 17:09:09.461] [info] Controller idle = 1
[2026-06-29 17:09:09.461] [info] Controller idle = 3
[2026-06-29 17:09:09.461] [info] Controller idle = 2
[2026-06-29 17:09:09.461] [info] Controller idle = 1
[2026-06-29 17:09:09.461] [info] Controller idle = 2
[2026-06-29 17:09:09.461] [info] Controller idle = 4
[2026-06-29 17:09:09.461] [info] Controller idle = 1
[2026-06-29 17:09:09.461] [info] Controller idle = 5498
[2026-06-29 17:09:09.461] [info] Controller idle = 1
[2026-06-29 17:09:09.461] [info] Controller idle = 3
[2026-06-29 17:09:09.461] [info] Controller idle = 2
[2026-06-29 17:09:09.461] [info] Controller idle = 4
[2026-06-29 17:09:09.461] [info] Controller idle = 4
[2026-06-29 17:09:09.461] [info] Controller idle = 5497
[2026-06-29 17:09:09.461] [info] Controller idle = 5
[2026-06-29 17:09:09.461] [info] Controller idle = 1127
MemorySystem:
  impl: GenericDRAM
  total_num_other_requests: 0
  total_num_write_requests: 9711
  total_num_read_requests: 8660
  memory_system_cycles: 555249

  DRAM:
    impl: HBM2
    dram_commands: 21096
  AddrMapper:
    impl: RoBaRaCoCh
  Controller:
    impl: Generic
    id: Channel 0
    Scheduler:
      impl: FRFCFS
    RefreshManager:
      impl: AllBank



Frontend:
  impl: GEM5

[2026-06-29 17:09:09.461] [info] Row hits: 15765, Row misses: 102, Row conflicts: 1701
[2026-06-29 17:09:09.461] [info] Controller idle = 11
[2026-06-29 17:09:09.461] [info] Controller idle = 26998
[2026-06-29 17:09:09.461] [info] Controller idle = 210400
[2026-06-29 17:09:09.461] [info] Controller idle = 1
[2026-06-29 17:09:09.461] [info] Controller idle = 17
[2026-06-29 17:09:09.461] [info] Controller idle = 2
[2026-06-29 17:09:09.461] [info] Controller idle = 1
[2026-06-29 17:09:09.461] [info] Controller idle = 4
[2026-06-29 17:09:09.461] [info] Controller idle = 2
[2026-06-29 17:09:09.461] [info] Controller idle = 5
[2026-06-29 17:09:09.461] [info] Controller idle = 4
[2026-06-29 17:09:09.461] [info] Controller idle = 1
[2026-06-29 17:09:09.461] [info] Controller idle = 4
[2026-06-29 17:09:09.461] [info] Controller idle = 2
[2026-06-29 17:09:09.461] [info] Controller idle = 1
[2026-06-29 17:09:09.461] [info] Controller idle = 1
[2026-06-29 17:09:09.461] [info] Controller idle = 6
[2026-06-29 17:09:09.461] [info] Controller idle = 2
[2026-06-29 17:09:09.461] [info] Controller idle = 2
[2026-06-29 17:09:09.461] [info] Controller idle = 34529
[2026-06-29 17:09:09.461] [info] Controller idle = 34518
[2026-06-29 17:09:09.461] [info] Controller idle = 34530
[2026-06-29 17:09:09.461] [info] Controller idle = 34522
[2026-06-29 17:09:09.461] [info] Controller idle = 22
[2026-06-29 17:09:09.461] [info] Controller idle = 1
[2026-06-29 17:09:09.461] [info] Controller idle = 2
[2026-06-29 17:09:09.461] [info] Controller idle = 1
[2026-06-29 17:09:09.461] [info] Controller idle = 1
[2026-06-29 17:09:09.461] [info] Controller idle = 2
[2026-06-29 17:09:09.461] [info] Controller idle = 1
[2026-06-29 17:09:09.461] [info] Controller idle = 1
[2026-06-29 17:09:09.461] [info] Controller idle = 2
[2026-06-29 17:09:09.461] [info] Controller idle = 16
[2026-06-29 17:09:09.461] [info] Controller idle = 1
[2026-06-29 17:09:09.461] [info] Controller idle = 1
[2026-06-29 17:09:09.461] [info] Controller idle = 1
[2026-06-29 17:09:09.461] [info] Controller idle = 2
[2026-06-29 17:09:09.461] [info] Controller idle = 9
[2026-06-29 17:09:09.461] [info] Controller idle = 3
[2026-06-29 17:09:09.461] [info] Controller idle = 4
[2026-06-29 17:09:09.461] [info] Controller idle = 3
[2026-06-29 17:09:09.461] [info] Controller idle = 4
[2026-06-29 17:09:09.461] [info] Controller idle = 1
[2026-06-29 17:09:09.461] [info] Controller idle = 3
[2026-06-29 17:09:09.461] [info] Controller idle = 3
[2026-06-29 17:09:09.461] [info] Controller idle = 6
[2026-06-29 17:09:09.461] [info] Controller idle = 5
[2026-06-29 17:09:09.461] [info] Controller idle = 1
[2026-06-29 17:09:09.461] [info] Controller idle = 3
[2026-06-29 17:09:09.461] [info] Controller idle = 10
[2026-06-29 17:09:09.461] [info] Controller idle = 5
[2026-06-29 17:09:09.461] [info] Controller idle = 1
[2026-06-29 17:09:09.461] [info] Controller idle = 9
[2026-06-29 17:09:09.461] [info] Controller idle = 1
[2026-06-29 17:09:09.461] [info] Controller idle = 8
[2026-06-29 17:09:09.461] [info] Controller idle = 1
[2026-06-29 17:09:09.461] [info] Controller idle = 3
[2026-06-29 17:09:09.461] [info] Controller idle = 4
[2026-06-29 17:09:09.461] [info] Controller idle = 1
[2026-06-29 17:09:09.461] [info] Controller idle = 1
[2026-06-29 17:09:09.461] [info] Controller idle = 1
[2026-06-29 17:09:09.461] [info] Controller idle = 9
[2026-06-29 17:09:09.461] [info] Controller idle = 2
[2026-06-29 17:09:09.461] [info] Controller idle = 6
[2026-06-29 17:09:09.461] [info] Controller idle = 1
[2026-06-29 17:09:09.461] [info] Controller idle = 1
[2026-06-29 17:09:09.461] [info] Controller idle = 33
[2026-06-29 17:09:09.461] [info] Controller idle = 4
[2026-06-29 17:09:09.461] [info] Controller idle = 3
[2026-06-29 17:09:09.461] [info] Controller idle = 1
[2026-06-29 17:09:09.461] [info] Controller idle = 14
[2026-06-29 17:09:09.461] [info] Controller idle = 2
[2026-06-29 17:09:09.461] [info] Controller idle = 1
[2026-06-29 17:09:09.461] [info] Controller idle = 3
[2026-06-29 17:09:09.461] [info] Controller idle = 1
[2026-06-29 17:09:09.461] [info] Controller idle = 18
[2026-06-29 17:09:09.461] [info] Controller idle = 1
[2026-06-29 17:09:09.461] [info] Controller idle = 3
[2026-06-29 17:09:09.461] [info] Controller idle = 1
[2026-06-29 17:09:09.461] [info] Controller idle = 4
[2026-06-29 17:09:09.461] [info] Controller idle = 1
[2026-06-29 17:09:09.461] [info] Controller idle = 3
[2026-06-29 17:09:09.461] [info] Controller idle = 1
[2026-06-29 17:09:09.461] [info] Controller idle = 1
[2026-06-29 17:09:09.461] [info] Controller idle = 1
[2026-06-29 17:09:09.461] [info] Controller idle = 3
[2026-06-29 17:09:09.461] [info] Controller idle = 1
[2026-06-29 17:09:09.461] [info] Controller idle = 9
[2026-06-29 17:09:09.461] [info] Controller idle = 3
[2026-06-29 17:09:09.461] [info] Controller idle = 10
[2026-06-29 17:09:09.461] [info] Controller idle = 3
[2026-06-29 17:09:09.461] [info] Controller idle = 5
[2026-06-29 17:09:09.461] [info] Controller idle = 1
[2026-06-29 17:09:09.461] [info] Controller idle = 6
[2026-06-29 17:09:09.461] [info] Controller idle = 1
[2026-06-29 17:09:09.461] [info] Controller idle = 1
[2026-06-29 17:09:09.461] [info] Controller idle = 21
[2026-06-29 17:09:09.461] [info] Controller idle = 5
[2026-06-29 17:09:09.461] [info] Controller idle = 1
[2026-06-29 17:09:09.461] [info] Controller idle = 12
[2026-06-29 17:09:09.461] [info] Controller idle = 8348
[2026-06-29 17:09:09.461] [info] Controller idle = 1
[2026-06-29 17:09:09.461] [info] Controller idle = 2
[2026-06-29 17:09:09.461] [info] Controller idle = 1
[2026-06-29 17:09:09.461] [info] Controller idle = 5
[2026-06-29 17:09:09.461] [info] Controller idle = 5
[2026-06-29 17:09:09.461] [info] Controller idle = 2
[2026-06-29 17:09:09.461] [info] Controller idle = 13
[2026-06-29 17:09:09.461] [info] Controller idle = 1445
[2026-06-29 17:09:09.461] [info] Controller idle = 18
[2026-06-29 17:09:09.461] [info] Controller idle = 9108
[2026-06-29 17:09:09.461] [info] Controller idle = 9121
[2026-06-29 17:09:09.461] [info] Controller idle = 9106
[2026-06-29 17:09:09.461] [info] Controller idle = 6
[2026-06-29 17:09:09.461] [info] Controller idle = 1
[2026-06-29 17:09:09.461] [info] Controller idle = 15
[2026-06-29 17:09:09.461] [info] Controller idle = 4
[2026-06-29 17:09:09.461] [info] Controller idle = 8
[2026-06-29 17:09:09.461] [info] Controller idle = 4
[2026-06-29 17:09:09.461] [info] Controller idle = 18
[2026-06-29 17:09:09.461] [info] Controller idle = 1
[2026-06-29 17:09:09.461] [info] Controller idle = 3
[2026-06-29 17:09:09.461] [info] Controller idle = 6
[2026-06-29 17:09:09.461] [info] Controller idle = 5
[2026-06-29 17:09:09.461] [info] Controller idle = 4
[2026-06-29 17:09:09.461] [info] Controller idle = 4
[2026-06-29 17:09:09.461] [info] Controller idle = 6
[2026-06-29 17:09:09.461] [info] Controller idle = 2
[2026-06-29 17:09:09.461] [info] Controller idle = 2
[2026-06-29 17:09:09.461] [info] Controller idle = 11
[2026-06-29 17:09:09.461] [info] Controller idle = 1
[2026-06-29 17:09:09.461] [info] Controller idle = 3
[2026-06-29 17:09:09.461] [info] Controller idle = 26
[2026-06-29 17:09:09.461] [info] Controller idle = 16
[2026-06-29 17:09:09.461] [info] Controller idle = 10
[2026-06-29 17:09:09.461] [info] Controller idle = 1
[2026-06-29 17:09:09.461] [info] Controller idle = 2
[2026-06-29 17:09:09.461] [info] Controller idle = 3
[2026-06-29 17:09:09.461] [info] Controller idle = 1
[2026-06-29 17:09:09.461] [info] Controller idle = 2
[2026-06-29 17:09:09.461] [info] Controller idle = 6
[2026-06-29 17:09:09.461] [info] Controller idle = 1
[2026-06-29 17:09:09.461] [info] Controller idle = 11
[2026-06-29 17:09:09.461] [info] Controller idle = 1
[2026-06-29 17:09:09.461] [info] Controller idle = 1
[2026-06-29 17:09:09.461] [info] Controller idle = 1
[2026-06-29 17:09:09.461] [info] Controller idle = 62
[2026-06-29 17:09:09.461] [info] Controller idle = 2366
[2026-06-29 17:09:09.461] [info] Controller idle = 1934
[2026-06-29 17:09:09.461] [info] Controller idle = 869
[2026-06-29 17:09:09.461] [info] Controller idle = 8
[2026-06-29 17:09:09.461] [info] Controller idle = 60
[2026-06-29 17:09:09.461] [info] Controller idle = 4866
[2026-06-29 17:09:09.461] [info] Controller idle = 1
[2026-06-29 17:09:09.461] [info] Controller idle = 4059
[2026-06-29 17:09:09.461] [info] Controller idle = 11
[2026-06-29 17:09:09.461] [info] Controller idle = 4868
[2026-06-29 17:09:09.461] [info] Controller idle = 1
[2026-06-29 17:09:09.461] [info] Controller idle = 1
[2026-06-29 17:09:09.461] [info] Controller idle = 4063
[2026-06-29 17:09:09.461] [info] Controller idle = 1
[2026-06-29 17:09:09.461] [info] Controller idle = 4886
[2026-06-29 17:09:09.461] [info] Controller idle = 4059
[2026-06-29 17:09:09.461] [info] Controller idle = 3253
[2026-06-29 17:09:09.461] [info] Controller idle = 1
[2026-06-29 17:09:09.461] [info] Controller idle = 2714
[2026-06-29 17:09:09.461] [info] Controller idle = 2
[2026-06-29 17:09:09.461] [info] Controller idle = 5
[2026-06-29 17:09:09.461] [info] Controller idle = 11
[2026-06-29 17:09:09.461] [info] Controller idle = 2710
[2026-06-29 17:09:09.461] [info] Controller idle = 5
[2026-06-29 17:09:09.461] [info] Controller idle = 24
[2026-06-29 17:09:09.461] [info] Controller idle = 2724
[2026-06-29 17:09:09.461] [info] Controller idle = 842
[2026-06-29 17:09:09.461] [info] Controller idle = 257
[2026-06-29 17:09:09.461] [info] Controller idle = 4
[2026-06-29 17:09:09.461] [info] Controller idle = 3
[2026-06-29 17:09:09.461] [info] Controller idle = 3
[2026-06-29 17:09:09.461] [info] Controller idle = 4
[2026-06-29 17:09:09.461] [info] Controller idle = 280
[2026-06-29 17:09:09.462] [info] Controller idle = 1
[2026-06-29 17:09:09.462] [info] Controller idle = 3
[2026-06-29 17:09:09.462] [info] Controller idle = 6
[2026-06-29 17:09:09.462] [info] Controller idle = 8
[2026-06-29 17:09:09.462] [info] Controller idle = 274
[2026-06-29 17:09:09.462] [info] Controller idle = 6008
[2026-06-29 17:09:09.462] [info] Controller idle = 1
[2026-06-29 17:09:09.462] [info] Controller idle = 5471
[2026-06-29 17:09:09.462] [info] Controller idle = 4
[2026-06-29 17:09:09.462] [info] Controller idle = 4
[2026-06-29 17:09:09.462] [info] Controller idle = 8
[2026-06-29 17:09:09.462] [info] Controller idle = 1
[2026-06-29 17:09:09.462] [info] Controller idle = 2
[2026-06-29 17:09:09.462] [info] Controller idle = 5499
[2026-06-29 17:09:09.462] [info] Controller idle = 6
[2026-06-29 17:09:09.462] [info] Controller idle = 5
[2026-06-29 17:09:09.462] [info] Controller idle = 9
[2026-06-29 17:09:09.462] [info] Controller idle = 5503
[2026-06-29 17:09:09.462] [info] Controller idle = 6031
[2026-06-29 17:09:09.462] [info] Controller idle = 5481
[2026-06-29 17:09:09.462] [info] Controller idle = 1
[2026-06-29 17:09:09.462] [info] Controller idle = 9
[2026-06-29 17:09:09.462] [info] Controller idle = 2
[2026-06-29 17:09:09.462] [info] Controller idle = 1
[2026-06-29 17:09:09.462] [info] Controller idle = 5503
[2026-06-29 17:09:09.462] [info] Controller idle = 1
[2026-06-29 17:09:09.462] [info] Controller idle = 4
[2026-06-29 17:09:09.462] [info] Controller idle = 1
[2026-06-29 17:09:09.462] [info] Controller idle = 5504
[2026-06-29 17:09:09.462] [info] Controller idle = 5992
[2026-06-29 17:09:09.462] [info] Controller idle = 5484
[2026-06-29 17:09:09.462] [info] Controller idle = 6
[2026-06-29 17:09:09.462] [info] Controller idle = 8
[2026-06-29 17:09:09.462] [info] Controller idle = 8
[2026-06-29 17:09:09.462] [info] Controller idle = 2
[2026-06-29 17:09:09.462] [info] Controller idle = 3
[2026-06-29 17:09:09.462] [info] Controller idle = 5486
[2026-06-29 17:09:09.462] [info] Controller idle = 4
[2026-06-29 17:09:09.462] [info] Controller idle = 2
[2026-06-29 17:09:09.462] [info] Controller idle = 2
[2026-06-29 17:09:09.462] [info] Controller idle = 3
[2026-06-29 17:09:09.462] [info] Controller idle = 3
[2026-06-29 17:09:09.462] [info] Controller idle = 4
[2026-06-29 17:09:09.462] [info] Controller idle = 3
[2026-06-29 17:09:09.462] [info] Controller idle = 5497
[2026-06-29 17:09:09.462] [info] Controller idle = 1
[2026-06-29 17:09:09.462] [info] Controller idle = 1132
MemorySystem:
  impl: GenericDRAM
  total_num_other_requests: 0
  total_num_write_requests: 9701
  total_num_read_requests: 8689
  memory_system_cycles: 555249

  DRAM:
    impl: HBM2
    dram_commands: 21090
  AddrMapper:
    impl: RoBaRaCoCh
  Controller:
    impl: Generic
    id: Channel 0
    Scheduler:
      impl: FRFCFS
    RefreshManager:
      impl: AllBank



Frontend:
  impl: GEM5

[2026-06-29 17:09:09.462] [info] Row hits: 15805, Row misses: 78, Row conflicts: 1706
[2026-06-29 17:09:09.462] [info] Controller idle = 11
[2026-06-29 17:09:09.462] [info] Controller idle = 26997
[2026-06-29 17:09:09.462] [info] Controller idle = 210400
[2026-06-29 17:09:09.462] [info] Controller idle = 2
[2026-06-29 17:09:09.462] [info] Controller idle = 2
[2026-06-29 17:09:09.462] [info] Controller idle = 4
[2026-06-29 17:09:09.462] [info] Controller idle = 2
[2026-06-29 17:09:09.462] [info] Controller idle = 1
[2026-06-29 17:09:09.462] [info] Controller idle = 1
[2026-06-29 17:09:09.462] [info] Controller idle = 2
[2026-06-29 17:09:09.462] [info] Controller idle = 1
[2026-06-29 17:09:09.462] [info] Controller idle = 1
[2026-06-29 17:09:09.462] [info] Controller idle = 2
[2026-06-29 17:09:09.462] [info] Controller idle = 5
[2026-06-29 17:09:09.462] [info] Controller idle = 7
[2026-06-29 17:09:09.462] [info] Controller idle = 1
[2026-06-29 17:09:09.462] [info] Controller idle = 1
[2026-06-29 17:09:09.462] [info] Controller idle = 1
[2026-06-29 17:09:09.462] [info] Controller idle = 4
[2026-06-29 17:09:09.462] [info] Controller idle = 3
[2026-06-29 17:09:09.462] [info] Controller idle = 1
[2026-06-29 17:09:09.462] [info] Controller idle = 1
[2026-06-29 17:09:09.462] [info] Controller idle = 5
[2026-06-29 17:09:09.462] [info] Controller idle = 1
[2026-06-29 17:09:09.462] [info] Controller idle = 11
[2026-06-29 17:09:09.462] [info] Controller idle = 9
[2026-06-29 17:09:09.462] [info] Controller idle = 1
[2026-06-29 17:09:09.462] [info] Controller idle = 2
[2026-06-29 17:09:09.462] [info] Controller idle = 1
[2026-06-29 17:09:09.462] [info] Controller idle = 1
[2026-06-29 17:09:09.462] [info] Controller idle = 34545
[2026-06-29 17:09:09.462] [info] Controller idle = 34515
[2026-06-29 17:09:09.462] [info] Controller idle = 34536
[2026-06-29 17:09:09.462] [info] Controller idle = 34525
[2026-06-29 17:09:09.462] [info] Controller idle = 9
[2026-06-29 17:09:09.462] [info] Controller idle = 9
[2026-06-29 17:09:09.462] [info] Controller idle = 5
[2026-06-29 17:09:09.462] [info] Controller idle = 10
[2026-06-29 17:09:09.462] [info] Controller idle = 5
[2026-06-29 17:09:09.462] [info] Controller idle = 1
[2026-06-29 17:09:09.462] [info] Controller idle = 7
[2026-06-29 17:09:09.462] [info] Controller idle = 1
[2026-06-29 17:09:09.462] [info] Controller idle = 8
[2026-06-29 17:09:09.462] [info] Controller idle = 1
[2026-06-29 17:09:09.462] [info] Controller idle = 1
[2026-06-29 17:09:09.462] [info] Controller idle = 1
[2026-06-29 17:09:09.462] [info] Controller idle = 27
[2026-06-29 17:09:09.462] [info] Controller idle = 12
[2026-06-29 17:09:09.462] [info] Controller idle = 2
[2026-06-29 17:09:09.462] [info] Controller idle = 2
[2026-06-29 17:09:09.462] [info] Controller idle = 5
[2026-06-29 17:09:09.462] [info] Controller idle = 7
[2026-06-29 17:09:09.462] [info] Controller idle = 8
[2026-06-29 17:09:09.462] [info] Controller idle = 1
[2026-06-29 17:09:09.462] [info] Controller idle = 8
[2026-06-29 17:09:09.462] [info] Controller idle = 5
[2026-06-29 17:09:09.462] [info] Controller idle = 11
[2026-06-29 17:09:09.462] [info] Controller idle = 9
[2026-06-29 17:09:09.462] [info] Controller idle = 5
[2026-06-29 17:09:09.462] [info] Controller idle = 1
[2026-06-29 17:09:09.462] [info] Controller idle = 1
[2026-06-29 17:09:09.462] [info] Controller idle = 3
[2026-06-29 17:09:09.462] [info] Controller idle = 18
[2026-06-29 17:09:09.462] [info] Controller idle = 1
[2026-06-29 17:09:09.462] [info] Controller idle = 1
[2026-06-29 17:09:09.462] [info] Controller idle = 12
[2026-06-29 17:09:09.462] [info] Controller idle = 4
[2026-06-29 17:09:09.462] [info] Controller idle = 14
[2026-06-29 17:09:09.462] [info] Controller idle = 1
[2026-06-29 17:09:09.462] [info] Controller idle = 11
[2026-06-29 17:09:09.462] [info] Controller idle = 10
[2026-06-29 17:09:09.462] [info] Controller idle = 1
[2026-06-29 17:09:09.462] [info] Controller idle = 3
[2026-06-29 17:09:09.462] [info] Controller idle = 5
[2026-06-29 17:09:09.462] [info] Controller idle = 1
[2026-06-29 17:09:09.462] [info] Controller idle = 4
[2026-06-29 17:09:09.462] [info] Controller idle = 3
[2026-06-29 17:09:09.462] [info] Controller idle = 3
[2026-06-29 17:09:09.462] [info] Controller idle = 9
[2026-06-29 17:09:09.462] [info] Controller idle = 4
[2026-06-29 17:09:09.462] [info] Controller idle = 7
[2026-06-29 17:09:09.462] [info] Controller idle = 12
[2026-06-29 17:09:09.462] [info] Controller idle = 2
[2026-06-29 17:09:09.462] [info] Controller idle = 4
[2026-06-29 17:09:09.462] [info] Controller idle = 12
[2026-06-29 17:09:09.462] [info] Controller idle = 5
[2026-06-29 17:09:09.462] [info] Controller idle = 5
[2026-06-29 17:09:09.462] [info] Controller idle = 12
[2026-06-29 17:09:09.462] [info] Controller idle = 2
[2026-06-29 17:09:09.462] [info] Controller idle = 5
[2026-06-29 17:09:09.462] [info] Controller idle = 2
[2026-06-29 17:09:09.462] [info] Controller idle = 5
[2026-06-29 17:09:09.462] [info] Controller idle = 1
[2026-06-29 17:09:09.462] [info] Controller idle = 4
[2026-06-29 17:09:09.462] [info] Controller idle = 32
[2026-06-29 17:09:09.462] [info] Controller idle = 4
[2026-06-29 17:09:09.462] [info] Controller idle = 8325
[2026-06-29 17:09:09.462] [info] Controller idle = 1
[2026-06-29 17:09:09.462] [info] Controller idle = 12
[2026-06-29 17:09:09.462] [info] Controller idle = 7
[2026-06-29 17:09:09.462] [info] Controller idle = 2
[2026-06-29 17:09:09.462] [info] Controller idle = 7
[2026-06-29 17:09:09.462] [info] Controller idle = 9
[2026-06-29 17:09:09.462] [info] Controller idle = 1
[2026-06-29 17:09:09.462] [info] Controller idle = 9
[2026-06-29 17:09:09.462] [info] Controller idle = 23
[2026-06-29 17:09:09.462] [info] Controller idle = 26
[2026-06-29 17:09:09.462] [info] Controller idle = 1424
[2026-06-29 17:09:09.462] [info] Controller idle = 5
[2026-06-29 17:09:09.462] [info] Controller idle = 1
[2026-06-29 17:09:09.462] [info] Controller idle = 1
[2026-06-29 17:09:09.462] [info] Controller idle = 9109
[2026-06-29 17:09:09.462] [info] Controller idle = 8
[2026-06-29 17:09:09.462] [info] Controller idle = 9110
[2026-06-29 17:09:09.462] [info] Controller idle = 9107
[2026-06-29 17:09:09.462] [info] Controller idle = 21
[2026-06-29 17:09:09.462] [info] Controller idle = 2
[2026-06-29 17:09:09.462] [info] Controller idle = 5
[2026-06-29 17:09:09.462] [info] Controller idle = 4
[2026-06-29 17:09:09.462] [info] Controller idle = 20
[2026-06-29 17:09:09.462] [info] Controller idle = 2
[2026-06-29 17:09:09.462] [info] Controller idle = 1
[2026-06-29 17:09:09.462] [info] Controller idle = 3
[2026-06-29 17:09:09.462] [info] Controller idle = 7
[2026-06-29 17:09:09.462] [info] Controller idle = 6
[2026-06-29 17:09:09.462] [info] Controller idle = 30
[2026-06-29 17:09:09.462] [info] Controller idle = 26
[2026-06-29 17:09:09.462] [info] Controller idle = 7
[2026-06-29 17:09:09.462] [info] Controller idle = 3
[2026-06-29 17:09:09.462] [info] Controller idle = 3
[2026-06-29 17:09:09.462] [info] Controller idle = 1
[2026-06-29 17:09:09.462] [info] Controller idle = 6
[2026-06-29 17:09:09.462] [info] Controller idle = 1
[2026-06-29 17:09:09.462] [info] Controller idle = 5
[2026-06-29 17:09:09.462] [info] Controller idle = 16
[2026-06-29 17:09:09.462] [info] Controller idle = 7
[2026-06-29 17:09:09.462] [info] Controller idle = 3
[2026-06-29 17:09:09.462] [info] Controller idle = 5
[2026-06-29 17:09:09.462] [info] Controller idle = 15
[2026-06-29 17:09:09.462] [info] Controller idle = 1
[2026-06-29 17:09:09.462] [info] Controller idle = 1
[2026-06-29 17:09:09.462] [info] Controller idle = 2354
[2026-06-29 17:09:09.462] [info] Controller idle = 1
[2026-06-29 17:09:09.462] [info] Controller idle = 1947
[2026-06-29 17:09:09.462] [info] Controller idle = 1
[2026-06-29 17:09:09.462] [info] Controller idle = 869
[2026-06-29 17:09:09.462] [info] Controller idle = 3
[2026-06-29 17:09:09.462] [info] Controller idle = 45
[2026-06-29 17:09:09.462] [info] Controller idle = 4866
[2026-06-29 17:09:09.462] [info] Controller idle = 4066
[2026-06-29 17:09:09.462] [info] Controller idle = 3
[2026-06-29 17:09:09.462] [info] Controller idle = 4869
[2026-06-29 17:09:09.462] [info] Controller idle = 9
[2026-06-29 17:09:09.462] [info] Controller idle = 4061
[2026-06-29 17:09:09.462] [info] Controller idle = 10
[2026-06-29 17:09:09.462] [info] Controller idle = 2
[2026-06-29 17:09:09.462] [info] Controller idle = 4882
[2026-06-29 17:09:09.462] [info] Controller idle = 16
[2026-06-29 17:09:09.462] [info] Controller idle = 4070
[2026-06-29 17:09:09.462] [info] Controller idle = 3269
[2026-06-29 17:09:09.462] [info] Controller idle = 1
[2026-06-29 17:09:09.462] [info] Controller idle = 2714
[2026-06-29 17:09:09.462] [info] Controller idle = 1
[2026-06-29 17:09:09.462] [info] Controller idle = 4
[2026-06-29 17:09:09.462] [info] Controller idle = 1
[2026-06-29 17:09:09.462] [info] Controller idle = 3
[2026-06-29 17:09:09.462] [info] Controller idle = 2735
[2026-06-29 17:09:09.462] [info] Controller idle = 2
[2026-06-29 17:09:09.462] [info] Controller idle = 1
[2026-06-29 17:09:09.462] [info] Controller idle = 2750
[2026-06-29 17:09:09.462] [info] Controller idle = 6
[2026-06-29 17:09:09.462] [info] Controller idle = 852
[2026-06-29 17:09:09.462] [info] Controller idle = 256
[2026-06-29 17:09:09.462] [info] Controller idle = 1
[2026-06-29 17:09:09.462] [info] Controller idle = 2
[2026-06-29 17:09:09.462] [info] Controller idle = 7
[2026-06-29 17:09:09.462] [info] Controller idle = 269
[2026-06-29 17:09:09.462] [info] Controller idle = 1
[2026-06-29 17:09:09.462] [info] Controller idle = 2
[2026-06-29 17:09:09.462] [info] Controller idle = 6
[2026-06-29 17:09:09.462] [info] Controller idle = 2
[2026-06-29 17:09:09.462] [info] Controller idle = 2
[2026-06-29 17:09:09.462] [info] Controller idle = 6
[2026-06-29 17:09:09.462] [info] Controller idle = 1
[2026-06-29 17:09:09.462] [info] Controller idle = 5
[2026-06-29 17:09:09.462] [info] Controller idle = 1
[2026-06-29 17:09:09.462] [info] Controller idle = 267
[2026-06-29 17:09:09.462] [info] Controller idle = 6010
[2026-06-29 17:09:09.462] [info] Controller idle = 1
[2026-06-29 17:09:09.462] [info] Controller idle = 5478
[2026-06-29 17:09:09.462] [info] Controller idle = 3
[2026-06-29 17:09:09.462] [info] Controller idle = 1
[2026-06-29 17:09:09.462] [info] Controller idle = 3
[2026-06-29 17:09:09.462] [info] Controller idle = 13
[2026-06-29 17:09:09.462] [info] Controller idle = 1
[2026-06-29 17:09:09.462] [info] Controller idle = 5493
[2026-06-29 17:09:09.462] [info] Controller idle = 5
[2026-06-29 17:09:09.462] [info] Controller idle = 4
[2026-06-29 17:09:09.462] [info] Controller idle = 6
[2026-06-29 17:09:09.462] [info] Controller idle = 1
[2026-06-29 17:09:09.462] [info] Controller idle = 5501
[2026-06-29 17:09:09.462] [info] Controller idle = 4
[2026-06-29 17:09:09.462] [info] Controller idle = 6021
[2026-06-29 17:09:09.462] [info] Controller idle = 5471
[2026-06-29 17:09:09.462] [info] Controller idle = 2
[2026-06-29 17:09:09.462] [info] Controller idle = 1
[2026-06-29 17:09:09.462] [info] Controller idle = 2
[2026-06-29 17:09:09.462] [info] Controller idle = 1
[2026-06-29 17:09:09.462] [info] Controller idle = 1
[2026-06-29 17:09:09.462] [info] Controller idle = 1
[2026-06-29 17:09:09.462] [info] Controller idle = 1
[2026-06-29 17:09:09.462] [info] Controller idle = 5
[2026-06-29 17:09:09.462] [info] Controller idle = 5502
[2026-06-29 17:09:09.462] [info] Controller idle = 4
[2026-06-29 17:09:09.462] [info] Controller idle = 9
[2026-06-29 17:09:09.462] [info] Controller idle = 9
[2026-06-29 17:09:09.462] [info] Controller idle = 2
[2026-06-29 17:09:09.462] [info] Controller idle = 5494
[2026-06-29 17:09:09.462] [info] Controller idle = 5988
[2026-06-29 17:09:09.462] [info] Controller idle = 5471
[2026-06-29 17:09:09.462] [info] Controller idle = 1
[2026-06-29 17:09:09.462] [info] Controller idle = 4
[2026-06-29 17:09:09.462] [info] Controller idle = 1
[2026-06-29 17:09:09.462] [info] Controller idle = 5506
[2026-06-29 17:09:09.462] [info] Controller idle = 5
[2026-06-29 17:09:09.462] [info] Controller idle = 9
[2026-06-29 17:09:09.462] [info] Controller idle = 7
[2026-06-29 17:09:09.462] [info] Controller idle = 5495
[2026-06-29 17:09:09.462] [info] Controller idle = 3
[2026-06-29 17:09:09.462] [info] Controller idle = 1146
MemorySystem:
  impl: GenericDRAM
  total_num_other_requests: 0
  total_num_write_requests: 9711
  total_num_read_requests: 8672
  memory_system_cycles: 555249

  DRAM:
    impl: HBM2
    dram_commands: 21095
  AddrMapper:
    impl: RoBaRaCoCh
  Controller:
    impl: Generic
    id: Channel 0
    Scheduler:
      impl: FRFCFS
    RefreshManager:
      impl: AllBank



Frontend:
  impl: GEM5

[2026-06-29 17:09:09.462] [info] Row hits: 15839, Row misses: 101, Row conflicts: 1662
[2026-06-29 17:09:09.462] [info] Controller idle = 11
[2026-06-29 17:09:09.462] [info] Controller idle = 27007
[2026-06-29 17:09:09.462] [info] Controller idle = 210400
[2026-06-29 17:09:09.462] [info] Controller idle = 1
[2026-06-29 17:09:09.462] [info] Controller idle = 4
[2026-06-29 17:09:09.462] [info] Controller idle = 1
[2026-06-29 17:09:09.462] [info] Controller idle = 1
[2026-06-29 17:09:09.462] [info] Controller idle = 5
[2026-06-29 17:09:09.462] [info] Controller idle = 2
[2026-06-29 17:09:09.462] [info] Controller idle = 1
[2026-06-29 17:09:09.462] [info] Controller idle = 12
[2026-06-29 17:09:09.462] [info] Controller idle = 5
[2026-06-29 17:09:09.462] [info] Controller idle = 1
[2026-06-29 17:09:09.462] [info] Controller idle = 1
[2026-06-29 17:09:09.462] [info] Controller idle = 1
[2026-06-29 17:09:09.462] [info] Controller idle = 2
[2026-06-29 17:09:09.462] [info] Controller idle = 4
[2026-06-29 17:09:09.462] [info] Controller idle = 8
[2026-06-29 17:09:09.462] [info] Controller idle = 1
[2026-06-29 17:09:09.462] [info] Controller idle = 4
[2026-06-29 17:09:09.462] [info] Controller idle = 5
[2026-06-29 17:09:09.462] [info] Controller idle = 2
[2026-06-29 17:09:09.462] [info] Controller idle = 1
[2026-06-29 17:09:09.462] [info] Controller idle = 2
[2026-06-29 17:09:09.462] [info] Controller idle = 1
[2026-06-29 17:09:09.462] [info] Controller idle = 1
[2026-06-29 17:09:09.462] [info] Controller idle = 6
[2026-06-29 17:09:09.462] [info] Controller idle = 1
[2026-06-29 17:09:09.462] [info] Controller idle = 9
[2026-06-29 17:09:09.462] [info] Controller idle = 5
[2026-06-29 17:09:09.462] [info] Controller idle = 1
[2026-06-29 17:09:09.462] [info] Controller idle = 1
[2026-06-29 17:09:09.462] [info] Controller idle = 2
[2026-06-29 17:09:09.462] [info] Controller idle = 2
[2026-06-29 17:09:09.462] [info] Controller idle = 1
[2026-06-29 17:09:09.462] [info] Controller idle = 2
[2026-06-29 17:09:09.462] [info] Controller idle = 34540
[2026-06-29 17:09:09.462] [info] Controller idle = 34509
[2026-06-29 17:09:09.462] [info] Controller idle = 10
[2026-06-29 17:09:09.462] [info] Controller idle = 1
[2026-06-29 17:09:09.462] [info] Controller idle = 34518
[2026-06-29 17:09:09.462] [info] Controller idle = 6
[2026-06-29 17:09:09.462] [info] Controller idle = 34526
[2026-06-29 17:09:09.462] [info] Controller idle = 1
[2026-06-29 17:09:09.462] [info] Controller idle = 5
[2026-06-29 17:09:09.462] [info] Controller idle = 2
[2026-06-29 17:09:09.462] [info] Controller idle = 5
[2026-06-29 17:09:09.462] [info] Controller idle = 1
[2026-06-29 17:09:09.462] [info] Controller idle = 11
[2026-06-29 17:09:09.462] [info] Controller idle = 10
[2026-06-29 17:09:09.462] [info] Controller idle = 7
[2026-06-29 17:09:09.462] [info] Controller idle = 7
[2026-06-29 17:09:09.462] [info] Controller idle = 14
[2026-06-29 17:09:09.462] [info] Controller idle = 1
[2026-06-29 17:09:09.462] [info] Controller idle = 1
[2026-06-29 17:09:09.462] [info] Controller idle = 15
[2026-06-29 17:09:09.462] [info] Controller idle = 9
[2026-06-29 17:09:09.462] [info] Controller idle = 17
[2026-06-29 17:09:09.462] [info] Controller idle = 11
[2026-06-29 17:09:09.462] [info] Controller idle = 4
[2026-06-29 17:09:09.462] [info] Controller idle = 8
[2026-06-29 17:09:09.462] [info] Controller idle = 3
[2026-06-29 17:09:09.462] [info] Controller idle = 1
[2026-06-29 17:09:09.462] [info] Controller idle = 3
[2026-06-29 17:09:09.462] [info] Controller idle = 1
[2026-06-29 17:09:09.462] [info] Controller idle = 1
[2026-06-29 17:09:09.462] [info] Controller idle = 1
[2026-06-29 17:09:09.462] [info] Controller idle = 2
[2026-06-29 17:09:09.462] [info] Controller idle = 2
[2026-06-29 17:09:09.462] [info] Controller idle = 1
[2026-06-29 17:09:09.462] [info] Controller idle = 3
[2026-06-29 17:09:09.462] [info] Controller idle = 4
[2026-06-29 17:09:09.462] [info] Controller idle = 9
[2026-06-29 17:09:09.462] [info] Controller idle = 1
[2026-06-29 17:09:09.462] [info] Controller idle = 3
[2026-06-29 17:09:09.462] [info] Controller idle = 15
[2026-06-29 17:09:09.462] [info] Controller idle = 6
[2026-06-29 17:09:09.462] [info] Controller idle = 11
[2026-06-29 17:09:09.462] [info] Controller idle = 1
[2026-06-29 17:09:09.462] [info] Controller idle = 6
[2026-06-29 17:09:09.462] [info] Controller idle = 10
[2026-06-29 17:09:09.462] [info] Controller idle = 3
[2026-06-29 17:09:09.462] [info] Controller idle = 14
[2026-06-29 17:09:09.462] [info] Controller idle = 4
[2026-06-29 17:09:09.462] [info] Controller idle = 3
[2026-06-29 17:09:09.462] [info] Controller idle = 9
[2026-06-29 17:09:09.462] [info] Controller idle = 1
[2026-06-29 17:09:09.462] [info] Controller idle = 1
[2026-06-29 17:09:09.462] [info] Controller idle = 5
[2026-06-29 17:09:09.462] [info] Controller idle = 4
[2026-06-29 17:09:09.462] [info] Controller idle = 3
[2026-06-29 17:09:09.462] [info] Controller idle = 4
[2026-06-29 17:09:09.462] [info] Controller idle = 1
[2026-06-29 17:09:09.462] [info] Controller idle = 1
[2026-06-29 17:09:09.462] [info] Controller idle = 1
[2026-06-29 17:09:09.462] [info] Controller idle = 21
[2026-06-29 17:09:09.462] [info] Controller idle = 4
[2026-06-29 17:09:09.462] [info] Controller idle = 4
[2026-06-29 17:09:09.462] [info] Controller idle = 8
[2026-06-29 17:09:09.463] [info] Controller idle = 2
[2026-06-29 17:09:09.463] [info] Controller idle = 1
[2026-06-29 17:09:09.463] [info] Controller idle = 3
[2026-06-29 17:09:09.463] [info] Controller idle = 15
[2026-06-29 17:09:09.463] [info] Controller idle = 3
[2026-06-29 17:09:09.463] [info] Controller idle = 14
[2026-06-29 17:09:09.463] [info] Controller idle = 11
[2026-06-29 17:09:09.463] [info] Controller idle = 1
[2026-06-29 17:09:09.463] [info] Controller idle = 2
[2026-06-29 17:09:09.463] [info] Controller idle = 6
[2026-06-29 17:09:09.463] [info] Controller idle = 16
[2026-06-29 17:09:09.463] [info] Controller idle = 4
[2026-06-29 17:09:09.463] [info] Controller idle = 4
[2026-06-29 17:09:09.463] [info] Controller idle = 8320
[2026-06-29 17:09:09.463] [info] Controller idle = 1
[2026-06-29 17:09:09.463] [info] Controller idle = 4
[2026-06-29 17:09:09.463] [info] Controller idle = 2
[2026-06-29 17:09:09.463] [info] Controller idle = 1
[2026-06-29 17:09:09.463] [info] Controller idle = 4
[2026-06-29 17:09:09.463] [info] Controller idle = 1
[2026-06-29 17:09:09.463] [info] Controller idle = 12
[2026-06-29 17:09:09.463] [info] Controller idle = 9
[2026-06-29 17:09:09.463] [info] Controller idle = 8
[2026-06-29 17:09:09.463] [info] Controller idle = 1
[2026-06-29 17:09:09.463] [info] Controller idle = 3
[2026-06-29 17:09:09.463] [info] Controller idle = 52
[2026-06-29 17:09:09.463] [info] Controller idle = 1418
[2026-06-29 17:09:09.463] [info] Controller idle = 3
[2026-06-29 17:09:09.463] [info] Controller idle = 9118
[2026-06-29 17:09:09.463] [info] Controller idle = 9119
[2026-06-29 17:09:09.463] [info] Controller idle = 9114
[2026-06-29 17:09:09.463] [info] Controller idle = 7
[2026-06-29 17:09:09.463] [info] Controller idle = 13
[2026-06-29 17:09:09.463] [info] Controller idle = 11
[2026-06-29 17:09:09.463] [info] Controller idle = 1
[2026-06-29 17:09:09.463] [info] Controller idle = 1
[2026-06-29 17:09:09.463] [info] Controller idle = 5
[2026-06-29 17:09:09.463] [info] Controller idle = 11
[2026-06-29 17:09:09.463] [info] Controller idle = 1
[2026-06-29 17:09:09.463] [info] Controller idle = 1
[2026-06-29 17:09:09.463] [info] Controller idle = 7
[2026-06-29 17:09:09.463] [info] Controller idle = 10
[2026-06-29 17:09:09.463] [info] Controller idle = 13
[2026-06-29 17:09:09.463] [info] Controller idle = 1
[2026-06-29 17:09:09.463] [info] Controller idle = 8
[2026-06-29 17:09:09.463] [info] Controller idle = 5
[2026-06-29 17:09:09.463] [info] Controller idle = 3
[2026-06-29 17:09:09.463] [info] Controller idle = 1
[2026-06-29 17:09:09.463] [info] Controller idle = 26
[2026-06-29 17:09:09.463] [info] Controller idle = 1
[2026-06-29 17:09:09.463] [info] Controller idle = 1
[2026-06-29 17:09:09.463] [info] Controller idle = 2387
[2026-06-29 17:09:09.463] [info] Controller idle = 1
[2026-06-29 17:09:09.463] [info] Controller idle = 1
[2026-06-29 17:09:09.463] [info] Controller idle = 1
[2026-06-29 17:09:09.463] [info] Controller idle = 3
[2026-06-29 17:09:09.463] [info] Controller idle = 1945
[2026-06-29 17:09:09.463] [info] Controller idle = 1
[2026-06-29 17:09:09.463] [info] Controller idle = 876
[2026-06-29 17:09:09.463] [info] Controller idle = 51
[2026-06-29 17:09:09.463] [info] Controller idle = 4864
[2026-06-29 17:09:09.463] [info] Controller idle = 4064
[2026-06-29 17:09:09.463] [info] Controller idle = 4867
[2026-06-29 17:09:09.463] [info] Controller idle = 4054
[2026-06-29 17:09:09.463] [info] Controller idle = 4871
[2026-06-29 17:09:09.463] [info] Controller idle = 4055
[2026-06-29 17:09:09.463] [info] Controller idle = 3255
[2026-06-29 17:09:09.463] [info] Controller idle = 1
[2026-06-29 17:09:09.463] [info] Controller idle = 2708
[2026-06-29 17:09:09.463] [info] Controller idle = 10
[2026-06-29 17:09:09.463] [info] Controller idle = 5
[2026-06-29 17:09:09.463] [info] Controller idle = 1
[2026-06-29 17:09:09.463] [info] Controller idle = 2741
[2026-06-29 17:09:09.463] [info] Controller idle = 14
[2026-06-29 17:09:09.463] [info] Controller idle = 4
[2026-06-29 17:09:09.463] [info] Controller idle = 2727
[2026-06-29 17:09:09.463] [info] Controller idle = 6
[2026-06-29 17:09:09.463] [info] Controller idle = 831
[2026-06-29 17:09:09.463] [info] Controller idle = 2
[2026-06-29 17:09:09.463] [info] Controller idle = 243
[2026-06-29 17:09:09.463] [info] Controller idle = 2
[2026-06-29 17:09:09.463] [info] Controller idle = 8
[2026-06-29 17:09:09.463] [info] Controller idle = 3
[2026-06-29 17:09:09.463] [info] Controller idle = 275
[2026-06-29 17:09:09.463] [info] Controller idle = 4
[2026-06-29 17:09:09.463] [info] Controller idle = 5
[2026-06-29 17:09:09.463] [info] Controller idle = 2
[2026-06-29 17:09:09.463] [info] Controller idle = 12
[2026-06-29 17:09:09.463] [info] Controller idle = 267
[2026-06-29 17:09:09.463] [info] Controller idle = 6009
[2026-06-29 17:09:09.463] [info] Controller idle = 5464
[2026-06-29 17:09:09.463] [info] Controller idle = 7
[2026-06-29 17:09:09.463] [info] Controller idle = 1
[2026-06-29 17:09:09.463] [info] Controller idle = 1
[2026-06-29 17:09:09.463] [info] Controller idle = 5499
[2026-06-29 17:09:09.463] [info] Controller idle = 1
[2026-06-29 17:09:09.463] [info] Controller idle = 1
[2026-06-29 17:09:09.463] [info] Controller idle = 1
[2026-06-29 17:09:09.463] [info] Controller idle = 5521
[2026-06-29 17:09:09.463] [info] Controller idle = 6039
[2026-06-29 17:09:09.463] [info] Controller idle = 5478
[2026-06-29 17:09:09.463] [info] Controller idle = 2
[2026-06-29 17:09:09.463] [info] Controller idle = 21
[2026-06-29 17:09:09.463] [info] Controller idle = 5493
[2026-06-29 17:09:09.463] [info] Controller idle = 4
[2026-06-29 17:09:09.463] [info] Controller idle = 4
[2026-06-29 17:09:09.463] [info] Controller idle = 10
[2026-06-29 17:09:09.463] [info] Controller idle = 9
[2026-06-29 17:09:09.463] [info] Controller idle = 5490
[2026-06-29 17:09:09.463] [info] Controller idle = 6009
[2026-06-29 17:09:09.463] [info] Controller idle = 5473
[2026-06-29 17:09:09.463] [info] Controller idle = 5
[2026-06-29 17:09:09.463] [info] Controller idle = 4
[2026-06-29 17:09:09.463] [info] Controller idle = 2
[2026-06-29 17:09:09.463] [info] Controller idle = 5515
[2026-06-29 17:09:09.463] [info] Controller idle = 1
[2026-06-29 17:09:09.463] [info] Controller idle = 1
[2026-06-29 17:09:09.463] [info] Controller idle = 1
[2026-06-29 17:09:09.463] [info] Controller idle = 2
[2026-06-29 17:09:09.463] [info] Controller idle = 5498
[2026-06-29 17:09:09.463] [info] Controller idle = 3
[2026-06-29 17:09:09.463] [info] Controller idle = 1157
MemorySystem:
  impl: GenericDRAM
  total_num_other_requests: 0
  total_num_write_requests: 9711
  total_num_read_requests: 8663
  memory_system_cycles: 555249

  DRAM:
    impl: HBM2
    dram_commands: 21060
  AddrMapper:
    impl: RoBaRaCoCh
  Controller:
    impl: Generic
    id: Channel 0
    Scheduler:
      impl: FRFCFS
    RefreshManager:
      impl: AllBank



Frontend:
  impl: GEM5

[2026-06-29 17:09:09.463] [info] Row hits: 15851, Row misses: 92, Row conflicts: 1669
[2026-06-29 17:09:09.463] [info] Controller idle = 11
[2026-06-29 17:09:09.463] [info] Controller idle = 26976
[2026-06-29 17:09:09.463] [info] Controller idle = 210400
[2026-06-29 17:09:09.463] [info] Controller idle = 1
[2026-06-29 17:09:09.463] [info] Controller idle = 1
[2026-06-29 17:09:09.463] [info] Controller idle = 3
[2026-06-29 17:09:09.463] [info] Controller idle = 2
[2026-06-29 17:09:09.463] [info] Controller idle = 3
[2026-06-29 17:09:09.463] [info] Controller idle = 2
[2026-06-29 17:09:09.463] [info] Controller idle = 2
[2026-06-29 17:09:09.463] [info] Controller idle = 1
[2026-06-29 17:09:09.463] [info] Controller idle = 1
[2026-06-29 17:09:09.463] [info] Controller idle = 2
[2026-06-29 17:09:09.463] [info] Controller idle = 3
[2026-06-29 17:09:09.463] [info] Controller idle = 2
[2026-06-29 17:09:09.463] [info] Controller idle = 3
[2026-06-29 17:09:09.463] [info] Controller idle = 1
[2026-06-29 17:09:09.463] [info] Controller idle = 1
[2026-06-29 17:09:09.463] [info] Controller idle = 1
[2026-06-29 17:09:09.463] [info] Controller idle = 10
[2026-06-29 17:09:09.463] [info] Controller idle = 1
[2026-06-29 17:09:09.463] [info] Controller idle = 1
[2026-06-29 17:09:09.463] [info] Controller idle = 34544
[2026-06-29 17:09:09.463] [info] Controller idle = 34512
[2026-06-29 17:09:09.463] [info] Controller idle = 34522
[2026-06-29 17:09:09.463] [info] Controller idle = 34521
[2026-06-29 17:09:09.463] [info] Controller idle = 1
[2026-06-29 17:09:09.463] [info] Controller idle = 10
[2026-06-29 17:09:09.463] [info] Controller idle = 15
[2026-06-29 17:09:09.463] [info] Controller idle = 23
[2026-06-29 17:09:09.463] [info] Controller idle = 1
[2026-06-29 17:09:09.463] [info] Controller idle = 1
[2026-06-29 17:09:09.463] [info] Controller idle = 1
[2026-06-29 17:09:09.463] [info] Controller idle = 3
[2026-06-29 17:09:09.463] [info] Controller idle = 29
[2026-06-29 17:09:09.463] [info] Controller idle = 1
[2026-06-29 17:09:09.463] [info] Controller idle = 2
[2026-06-29 17:09:09.463] [info] Controller idle = 1
[2026-06-29 17:09:09.463] [info] Controller idle = 3
[2026-06-29 17:09:09.463] [info] Controller idle = 4
[2026-06-29 17:09:09.463] [info] Controller idle = 1
[2026-06-29 17:09:09.463] [info] Controller idle = 10
[2026-06-29 17:09:09.463] [info] Controller idle = 14
[2026-06-29 17:09:09.463] [info] Controller idle = 3
[2026-06-29 17:09:09.463] [info] Controller idle = 1
[2026-06-29 17:09:09.463] [info] Controller idle = 11
[2026-06-29 17:09:09.463] [info] Controller idle = 4
[2026-06-29 17:09:09.463] [info] Controller idle = 3
[2026-06-29 17:09:09.463] [info] Controller idle = 1
[2026-06-29 17:09:09.463] [info] Controller idle = 7
[2026-06-29 17:09:09.463] [info] Controller idle = 16
[2026-06-29 17:09:09.463] [info] Controller idle = 1
[2026-06-29 17:09:09.463] [info] Controller idle = 29
[2026-06-29 17:09:09.463] [info] Controller idle = 9
[2026-06-29 17:09:09.463] [info] Controller idle = 6
[2026-06-29 17:09:09.463] [info] Controller idle = 1
[2026-06-29 17:09:09.463] [info] Controller idle = 1
[2026-06-29 17:09:09.463] [info] Controller idle = 4
[2026-06-29 17:09:09.463] [info] Controller idle = 7
[2026-06-29 17:09:09.463] [info] Controller idle = 1
[2026-06-29 17:09:09.463] [info] Controller idle = 4
[2026-06-29 17:09:09.463] [info] Controller idle = 3
[2026-06-29 17:09:09.463] [info] Controller idle = 16
[2026-06-29 17:09:09.463] [info] Controller idle = 11
[2026-06-29 17:09:09.463] [info] Controller idle = 8
[2026-06-29 17:09:09.463] [info] Controller idle = 24
[2026-06-29 17:09:09.463] [info] Controller idle = 1
[2026-06-29 17:09:09.463] [info] Controller idle = 1
[2026-06-29 17:09:09.463] [info] Controller idle = 8
[2026-06-29 17:09:09.463] [info] Controller idle = 4
[2026-06-29 17:09:09.463] [info] Controller idle = 1
[2026-06-29 17:09:09.463] [info] Controller idle = 2
[2026-06-29 17:09:09.463] [info] Controller idle = 3
[2026-06-29 17:09:09.463] [info] Controller idle = 1
[2026-06-29 17:09:09.463] [info] Controller idle = 4
[2026-06-29 17:09:09.463] [info] Controller idle = 5
[2026-06-29 17:09:09.463] [info] Controller idle = 3
[2026-06-29 17:09:09.463] [info] Controller idle = 1
[2026-06-29 17:09:09.463] [info] Controller idle = 4
[2026-06-29 17:09:09.463] [info] Controller idle = 9
[2026-06-29 17:09:09.463] [info] Controller idle = 6
[2026-06-29 17:09:09.463] [info] Controller idle = 9
[2026-06-29 17:09:09.463] [info] Controller idle = 1
[2026-06-29 17:09:09.463] [info] Controller idle = 10
[2026-06-29 17:09:09.463] [info] Controller idle = 23
[2026-06-29 17:09:09.463] [info] Controller idle = 4
[2026-06-29 17:09:09.463] [info] Controller idle = 4
[2026-06-29 17:09:09.463] [info] Controller idle = 12
[2026-06-29 17:09:09.463] [info] Controller idle = 8322
[2026-06-29 17:09:09.463] [info] Controller idle = 2
[2026-06-29 17:09:09.463] [info] Controller idle = 5
[2026-06-29 17:09:09.463] [info] Controller idle = 1
[2026-06-29 17:09:09.463] [info] Controller idle = 4
[2026-06-29 17:09:09.463] [info] Controller idle = 1
[2026-06-29 17:09:09.463] [info] Controller idle = 7
[2026-06-29 17:09:09.463] [info] Controller idle = 1
[2026-06-29 17:09:09.463] [info] Controller idle = 56
[2026-06-29 17:09:09.463] [info] Controller idle = 1438
[2026-06-29 17:09:09.463] [info] Controller idle = 8
[2026-06-29 17:09:09.463] [info] Controller idle = 9114
[2026-06-29 17:09:09.463] [info] Controller idle = 9109
[2026-06-29 17:09:09.463] [info] Controller idle = 9118
[2026-06-29 17:09:09.463] [info] Controller idle = 1
[2026-06-29 17:09:09.463] [info] Controller idle = 1
[2026-06-29 17:09:09.463] [info] Controller idle = 1
[2026-06-29 17:09:09.463] [info] Controller idle = 3
[2026-06-29 17:09:09.463] [info] Controller idle = 1
[2026-06-29 17:09:09.463] [info] Controller idle = 12
[2026-06-29 17:09:09.463] [info] Controller idle = 1
[2026-06-29 17:09:09.463] [info] Controller idle = 1
[2026-06-29 17:09:09.463] [info] Controller idle = 1
[2026-06-29 17:09:09.463] [info] Controller idle = 5
[2026-06-29 17:09:09.463] [info] Controller idle = 2
[2026-06-29 17:09:09.463] [info] Controller idle = 9
[2026-06-29 17:09:09.463] [info] Controller idle = 7
[2026-06-29 17:09:09.463] [info] Controller idle = 5
[2026-06-29 17:09:09.463] [info] Controller idle = 5
[2026-06-29 17:09:09.463] [info] Controller idle = 3
[2026-06-29 17:09:09.463] [info] Controller idle = 11
[2026-06-29 17:09:09.463] [info] Controller idle = 18
[2026-06-29 17:09:09.463] [info] Controller idle = 5
[2026-06-29 17:09:09.463] [info] Controller idle = 4
[2026-06-29 17:09:09.463] [info] Controller idle = 1
[2026-06-29 17:09:09.463] [info] Controller idle = 3
[2026-06-29 17:09:09.463] [info] Controller idle = 1
[2026-06-29 17:09:09.463] [info] Controller idle = 3
[2026-06-29 17:09:09.463] [info] Controller idle = 1
[2026-06-29 17:09:09.463] [info] Controller idle = 1
[2026-06-29 17:09:09.463] [info] Controller idle = 3
[2026-06-29 17:09:09.463] [info] Controller idle = 11
[2026-06-29 17:09:09.463] [info] Controller idle = 1
[2026-06-29 17:09:09.463] [info] Controller idle = 1
[2026-06-29 17:09:09.463] [info] Controller idle = 5
[2026-06-29 17:09:09.463] [info] Controller idle = 5
[2026-06-29 17:09:09.463] [info] Controller idle = 1
[2026-06-29 17:09:09.463] [info] Controller idle = 16
[2026-06-29 17:09:09.463] [info] Controller idle = 3
[2026-06-29 17:09:09.463] [info] Controller idle = 3
[2026-06-29 17:09:09.463] [info] Controller idle = 3
[2026-06-29 17:09:09.463] [info] Controller idle = 2
[2026-06-29 17:09:09.463] [info] Controller idle = 5
[2026-06-29 17:09:09.463] [info] Controller idle = 12
[2026-06-29 17:09:09.463] [info] Controller idle = 2
[2026-06-29 17:09:09.463] [info] Controller idle = 3
[2026-06-29 17:09:09.463] [info] Controller idle = 2383
[2026-06-29 17:09:09.463] [info] Controller idle = 1940
[2026-06-29 17:09:09.463] [info] Controller idle = 1
[2026-06-29 17:09:09.463] [info] Controller idle = 869
[2026-06-29 17:09:09.463] [info] Controller idle = 4
[2026-06-29 17:09:09.463] [info] Controller idle = 55
[2026-06-29 17:09:09.463] [info] Controller idle = 4876
[2026-06-29 17:09:09.463] [info] Controller idle = 4067
[2026-06-29 17:09:09.463] [info] Controller idle = 4859
[2026-06-29 17:09:09.463] [info] Controller idle = 1
[2026-06-29 17:09:09.463] [info] Controller idle = 4067
[2026-06-29 17:09:09.463] [info] Controller idle = 1
[2026-06-29 17:09:09.463] [info] Controller idle = 4905
[2026-06-29 17:09:09.463] [info] Controller idle = 13
[2026-06-29 17:09:09.463] [info] Controller idle = 4054
[2026-06-29 17:09:09.463] [info] Controller idle = 3258
[2026-06-29 17:09:09.463] [info] Controller idle = 2709
[2026-06-29 17:09:09.463] [info] Controller idle = 2
[2026-06-29 17:09:09.463] [info] Controller idle = 1
[2026-06-29 17:09:09.463] [info] Controller idle = 5
[2026-06-29 17:09:09.463] [info] Controller idle = 9
[2026-06-29 17:09:09.463] [info] Controller idle = 2712
[2026-06-29 17:09:09.463] [info] Controller idle = 1
[2026-06-29 17:09:09.463] [info] Controller idle = 8
[2026-06-29 17:09:09.463] [info] Controller idle = 1
[2026-06-29 17:09:09.463] [info] Controller idle = 2
[2026-06-29 17:09:09.463] [info] Controller idle = 1
[2026-06-29 17:09:09.463] [info] Controller idle = 1
[2026-06-29 17:09:09.463] [info] Controller idle = 2733
[2026-06-29 17:09:09.463] [info] Controller idle = 845
[2026-06-29 17:09:09.463] [info] Controller idle = 2
[2026-06-29 17:09:09.463] [info] Controller idle = 251
[2026-06-29 17:09:09.463] [info] Controller idle = 5
[2026-06-29 17:09:09.463] [info] Controller idle = 3
[2026-06-29 17:09:09.463] [info] Controller idle = 1
[2026-06-29 17:09:09.463] [info] Controller idle = 281
[2026-06-29 17:09:09.463] [info] Controller idle = 4
[2026-06-29 17:09:09.463] [info] Controller idle = 6
[2026-06-29 17:09:09.463] [info] Controller idle = 1
[2026-06-29 17:09:09.463] [info] Controller idle = 274
[2026-06-29 17:09:09.463] [info] Controller idle = 6014
[2026-06-29 17:09:09.463] [info] Controller idle = 1
[2026-06-29 17:09:09.463] [info] Controller idle = 5475
[2026-06-29 17:09:09.463] [info] Controller idle = 2
[2026-06-29 17:09:09.463] [info] Controller idle = 4
[2026-06-29 17:09:09.463] [info] Controller idle = 2
[2026-06-29 17:09:09.463] [info] Controller idle = 1
[2026-06-29 17:09:09.463] [info] Controller idle = 16
[2026-06-29 17:09:09.463] [info] Controller idle = 5493
[2026-06-29 17:09:09.463] [info] Controller idle = 5
[2026-06-29 17:09:09.463] [info] Controller idle = 7
[2026-06-29 17:09:09.463] [info] Controller idle = 14
[2026-06-29 17:09:09.463] [info] Controller idle = 5487
[2026-06-29 17:09:09.463] [info] Controller idle = 2
[2026-06-29 17:09:09.463] [info] Controller idle = 6032
[2026-06-29 17:09:09.463] [info] Controller idle = 5482
[2026-06-29 17:09:09.463] [info] Controller idle = 1
[2026-06-29 17:09:09.463] [info] Controller idle = 4
[2026-06-29 17:09:09.463] [info] Controller idle = 17
[2026-06-29 17:09:09.463] [info] Controller idle = 1
[2026-06-29 17:09:09.463] [info] Controller idle = 5493
[2026-06-29 17:09:09.463] [info] Controller idle = 1
[2026-06-29 17:09:09.463] [info] Controller idle = 12
[2026-06-29 17:09:09.463] [info] Controller idle = 11
[2026-06-29 17:09:09.463] [info] Controller idle = 1
[2026-06-29 17:09:09.463] [info] Controller idle = 5492
[2026-06-29 17:09:09.463] [info] Controller idle = 5986
[2026-06-29 17:09:09.463] [info] Controller idle = 5475
[2026-06-29 17:09:09.463] [info] Controller idle = 1
[2026-06-29 17:09:09.463] [info] Controller idle = 3
[2026-06-29 17:09:09.463] [info] Controller idle = 1
[2026-06-29 17:09:09.463] [info] Controller idle = 9
[2026-06-29 17:09:09.463] [info] Controller idle = 5491
[2026-06-29 17:09:09.463] [info] Controller idle = 14
[2026-06-29 17:09:09.463] [info] Controller idle = 6
[2026-06-29 17:09:09.463] [info] Controller idle = 1
[2026-06-29 17:09:09.463] [info] Controller idle = 2
[2026-06-29 17:09:09.464] [info] Controller idle = 5495
[2026-06-29 17:09:09.464] [info] Controller idle = 1
[2026-06-29 17:09:09.464] [info] Controller idle = 1225
MemorySystem:
  impl: GenericDRAM
  total_num_other_requests: 0
  total_num_write_requests: 9701
  total_num_read_requests: 8687
  memory_system_cycles: 555249

  DRAM:
    impl: HBM2
    dram_commands: 21074
  AddrMapper:
    impl: RoBaRaCoCh
  Controller:
    impl: Generic
    id: Channel 0
    Scheduler:
      impl: FRFCFS
    RefreshManager:
      impl: AllBank



[2026-06-29 17:09:09.464] [info] Simulation time: 10.584957 seconds
[2026-06-29 17:09:09.464] [info] Total tile: 31, simulated tile per seconds(TPS): 3.588450
