[2026-06-29 17:24:24.004] [info] CPU 0: Partition 0
[2026-06-29 17:24:24.004] [info] CPU 1: Partition 0
[2026-06-29 17:24:24.004] [info] CPU 2: Partition 0
[2026-06-29 17:24:24.004] [info] CPU 3: Partition 0
[2026-06-29 17:24:24.004] [info] Running in default mode
[2026-06-29 17:24:24.005] [info] Simulator Configuration:
[2026-06-29 17:24:24.005] [info] [Core 0] Systolic Array Throughput: 131072 GFLOPS, Spad size: 32768 KB, Accumulator size: 4096 KB
[2026-06-29 17:24:24.005] [info] [Core 1] Systolic Array Throughput: 131072 GFLOPS, Spad size: 32768 KB, Accumulator size: 4096 KB
[2026-06-29 17:24:24.005] [info] [Core 2] Systolic Array Throughput: 131072 GFLOPS, Spad size: 32768 KB, Accumulator size: 4096 KB
[2026-06-29 17:24:24.005] [info] [Core 3] Systolic Array Throughput: 131072 GFLOPS, Spad size: 32768 KB, Accumulator size: 4096 KB
[2026-06-29 17:24:24.005] [info] DRAM Bandwidth 614 GB/s
[2026-06-29 17:24:24.005] [info] Ramulator2 config: /workspace/ONNXim/configs/../configs/ramulator2_configs/HBM2.yaml
[2026-06-29 17:24:24.017] [info] Initialize Booksim2
[2026-06-29 17:24:24.017] [info] Config path : /workspace/ONNXim/configs/../configs/booksim2_configs/fly_c64_m16.icnt
[2026-06-29 17:24:24.021] [info] No mapping file path : /workspace/ONNXim/models/resnet18/resnet18.mapping
[2026-06-29 17:24:24.022] [info] Register model: resnet18
[2026-06-29 17:24:24.022] [info] Model Name
[2026-06-29 17:24:24.111] [info] ======Start Simulation=====
[2026-06-29 17:24:24.144] [info] [Conv] Used gemmini convolution mapping: [T] N8 C3 M64 P112 Q112 S7 R7 - [O] N8 C1 M1 P4 Q1 S1 R1 - [I] N1 C3 M64 P36 Q112 S7 R7
[2026-06-29 17:24:24.777] [info] [Conv] Used gemmini convolution mapping: [T] N8 C64 M64 P56 Q56 S3 R3 - [O] N8 C1 M1 P1 Q1 S1 R1 - [I] N1 C64 M64 P56 Q56 S3 R3
[2026-06-29 17:24:25.894] [info] [Conv] Used gemmini convolution mapping: [T] N8 C64 M128 P28 Q28 S3 R3 - [O] N8 C1 M1 P1 Q1 S1 R1 - [I] N1 C64 M128 P28 Q28 S3 R3
[2026-06-29 17:24:26.020] [info] [Conv] Used gemmini convolution mapping: [T] N8 C64 M128 P28 Q28 S1 R1 - [O] N8 C1 M1 P1 Q1 S1 R1 - [I] N1 C64 M128 P28 Q28 S1 R1
[2026-06-29 17:24:26.120] [info] [Conv] Used gemmini convolution mapping: [T] N8 C128 M128 P28 Q28 S3 R3 - [O] N8 C1 M1 P1 Q1 S1 R1 - [I] N1 C128 M128 P28 Q28 S3 R3
[2026-06-29 17:24:26.698] [info] [Conv] Used gemmini convolution mapping: [T] N8 C128 M256 P14 Q14 S3 R3 - [O] N8 C1 M1 P1 Q1 S1 R1 - [I] N1 C128 M256 P14 Q14 S3 R3
[2026-06-29 17:24:26.866] [info] [Conv] Used gemmini convolution mapping: [T] N8 C128 M256 P14 Q14 S1 R1 - [O] N8 C1 M1 P1 Q1 S1 R1 - [I] N1 C128 M256 P14 Q14 S1 R1
[2026-06-29 17:24:26.926] [info] [Conv] Used gemmini convolution mapping: [T] N8 C256 M256 P14 Q14 S3 R3 - [O] N8 C1 M1 P1 Q1 S1 R1 - [I] N1 C256 M256 P14 Q14 S3 R3
[2026-06-29 17:24:27.826] [info] [Conv] Used gemmini convolution mapping: [T] N8 C256 M512 P7 Q7 S3 R3 - [O] N8 C1 M1 P1 Q1 S1 R1 - [I] N1 C256 M512 P7 Q7 S3 R3
[2026-06-29 17:24:28.318] [info] [Conv] Used gemmini convolution mapping: [T] N8 C256 M512 P7 Q7 S1 R1 - [O] N8 C1 M1 P1 Q1 S1 R1 - [I] N1 C256 M512 P7 Q7 S1 R1
[2026-06-29 17:24:28.390] [info] [Conv] Used gemmini convolution mapping: [T] N8 C512 M512 P7 Q7 S3 R3 - [O] N8 C1 M1 P1 Q1 S1 R1 - [I] N1 C512 M512 P7 Q7 S3 R3
[2026-06-29 17:24:31.326] [info] [GEMM] spad_size: 33554432 accum_size: 4194304
[2026-06-29 17:24:31.326] [info] [GEMM] required_sram_size: 393216 required_accum_size: 65536
[2026-06-29 17:24:31.326] [info] [GEMM] Used gemmini gemm mapping: Total N:8 C:512 M:1000, Outer N:1 C:1 M:4, Inner N:128 C:512 M:256
[2026-06-29 17:24:31.333] [info] [GemmWs] Keys K = 512, N = 8, M = 1000
[2026-06-29 17:24:31.333] [info] [GemmWS]: total 0.0082 GFLOPs, 0.001050192 GB
[2026-06-29 17:24:31.333] [info] [GemmWS]: Theoretical time(ms): 0.0017104105154430727 Compute time: 6.256103546320446e-05 Memory time: 0.0017104105154430727
[2026-06-29 17:24:31.333] [info] /workspace/ONNXim/models/resnet18/resnet18.onnx Model initialization time: 7.222476 seconds
[2026-06-29 17:24:31.333] [info] Schedule model: resnet18 at 1000 us
[2026-06-29 17:24:31.333] [info] MODEL resnet18 Scheduled, Total Request: 1
[2026-06-29 17:24:31.333] [info] executable layer count 1
[2026-06-29 17:24:31.333] [info] Start layer Conv_0
[2026-06-29 17:24:31.333] [info] HBM2-CH_0: BW utilization 0% (0 reads, 0 writes)
[2026-06-29 17:24:31.877] [info] HBM2-CH_0: BW utilization 9% (870 reads, 0 writes)
[2026-06-29 17:24:31.877] [info] Core [0] : MatMul active cycle 75 Vector active cycle 0 
[2026-06-29 17:24:31.877] [info] Core [0] : issued tile 2 
[2026-06-29 17:24:31.877] [info] Core [0] : Memory unit idle cycle 7769 Systolic bubble cycle 0 Core idle cycle 0 
[2026-06-29 17:24:31.877] [info] Core [0] : Systolic Array Utilization(%) 87.43 (0.94% PE util), Vector Unit Utilization(%) 0.00, Total cycle: 8000
[2026-06-29 17:24:31.989] [info] HBM2-CH_0: BW utilization 0% (0 reads, 0 writes)
[2026-06-29 17:24:31.989] [info] Core [0] : MatMul active cycle 85 Vector active cycle 0 
[2026-06-29 17:24:31.989] [info] Core [0] : issued tile 2 
[2026-06-29 17:24:31.989] [info] Core [0] : Memory unit idle cycle 8000 Systolic bubble cycle 0 Core idle cycle 0 
[2026-06-29 17:24:31.989] [info] Core [0] : Systolic Array Utilization(%) 100.00 (1.06% PE util), Vector Unit Utilization(%) 0.00, Total cycle: 16000
[2026-06-29 17:24:32.205] [info] HBM2-CH_0: BW utilization 2% (113 reads, 112 writes)
[2026-06-29 17:24:32.205] [info] Core [0] : MatMul active cycle 90 Vector active cycle 0 
[2026-06-29 17:24:32.205] [info] Core [0] : issued tile 2 
[2026-06-29 17:24:32.205] [info] Core [0] : Memory unit idle cycle 7772 Systolic bubble cycle 0 Core idle cycle 0 
[2026-06-29 17:24:32.205] [info] Core [0] : Systolic Array Utilization(%) 100.00 (1.12% PE util), Vector Unit Utilization(%) 0.00, Total cycle: 24000
[2026-06-29 17:24:32.317] [info] HBM2-CH_0: BW utilization 0% (0 reads, 0 writes)
[2026-06-29 17:24:32.318] [info] Core [0] : MatMul active cycle 90 Vector active cycle 0 
[2026-06-29 17:24:32.318] [info] Core [0] : issued tile 2 
[2026-06-29 17:24:32.318] [info] Core [0] : Memory unit idle cycle 8000 Systolic bubble cycle 0 Core idle cycle 0 
[2026-06-29 17:24:32.318] [info] Core [0] : Systolic Array Utilization(%) 100.00 (1.12% PE util), Vector Unit Utilization(%) 0.00, Total cycle: 32000
[2026-06-29 17:24:32.428] [info] HBM2-CH_0: BW utilization 0% (0 reads, 0 writes)
[2026-06-29 17:24:32.428] [info] Core [0] : MatMul active cycle 90 Vector active cycle 0 
[2026-06-29 17:24:32.428] [info] Core [0] : issued tile 2 
[2026-06-29 17:24:32.428] [info] Core [0] : Memory unit idle cycle 8000 Systolic bubble cycle 0 Core idle cycle 0 
[2026-06-29 17:24:32.428] [info] Core [0] : Systolic Array Utilization(%) 100.00 (1.12% PE util), Vector Unit Utilization(%) 0.00, Total cycle: 40000
[2026-06-29 17:24:32.540] [info] HBM2-CH_0: BW utilization 2% (115 reads, 112 writes)
[2026-06-29 17:24:32.540] [info] Core [0] : MatMul active cycle 90 Vector active cycle 0 
[2026-06-29 17:24:32.540] [info] Core [0] : issued tile 2 
[2026-06-29 17:24:32.540] [info] Core [0] : Memory unit idle cycle 7772 Systolic bubble cycle 0 Core idle cycle 0 
[2026-06-29 17:24:32.540] [info] Core [0] : Systolic Array Utilization(%) 100.00 (1.12% PE util), Vector Unit Utilization(%) 0.00, Total cycle: 48000
[2026-06-29 17:24:32.588] [info] HBM2-CH_0: BW utilization 0% (0 reads, 0 writes)
[2026-06-29 17:24:32.589] [info] Core [0] : MatMul active cycle 90 Vector active cycle 0 
[2026-06-29 17:24:32.589] [info] Core [0] : issued tile 2 
[2026-06-29 17:24:32.589] [info] Core [0] : Memory unit idle cycle 8000 Systolic bubble cycle 0 Core idle cycle 0 
[2026-06-29 17:24:32.589] [info] Core [0] : Systolic Array Utilization(%) 100.00 (1.12% PE util), Vector Unit Utilization(%) 0.00, Total cycle: 56000
[2026-06-29 17:24:32.635] [info] HBM2-CH_0: BW utilization 0% (0 reads, 0 writes)
[2026-06-29 17:24:32.636] [info] Core [0] : MatMul active cycle 90 Vector active cycle 0 
[2026-06-29 17:24:32.636] [info] Core [0] : issued tile 2 
[2026-06-29 17:24:32.636] [info] Core [0] : Memory unit idle cycle 8000 Systolic bubble cycle 0 Core idle cycle 0 
[2026-06-29 17:24:32.636] [info] Core [0] : Systolic Array Utilization(%) 100.00 (1.12% PE util), Vector Unit Utilization(%) 0.00, Total cycle: 64000
[2026-06-29 17:24:32.734] [info] HBM2-CH_0: BW utilization 2% (117 reads, 112 writes)
[2026-06-29 17:24:32.734] [info] Core [0] : MatMul active cycle 85 Vector active cycle 0 
[2026-06-29 17:24:32.734] [info] Core [0] : issued tile 2 
[2026-06-29 17:24:32.734] [info] Core [0] : Memory unit idle cycle 7772 Systolic bubble cycle 0 Core idle cycle 0 
[2026-06-29 17:24:32.734] [info] Core [0] : Systolic Array Utilization(%) 100.00 (1.06% PE util), Vector Unit Utilization(%) 0.00, Total cycle: 72000
[2026-06-29 17:24:32.782] [info] HBM2-CH_0: BW utilization 0% (0 reads, 0 writes)
[2026-06-29 17:24:32.783] [info] Core [0] : MatMul active cycle 90 Vector active cycle 0 
[2026-06-29 17:24:32.783] [info] Core [0] : issued tile 2 
[2026-06-29 17:24:32.783] [info] Core [0] : Memory unit idle cycle 8000 Systolic bubble cycle 0 Core idle cycle 0 
[2026-06-29 17:24:32.783] [info] Core [0] : Systolic Array Utilization(%) 100.00 (1.12% PE util), Vector Unit Utilization(%) 0.00, Total cycle: 80000
[2026-06-29 17:24:32.830] [info] HBM2-CH_0: BW utilization 0% (0 reads, 0 writes)
[2026-06-29 17:24:32.830] [info] Core [0] : MatMul active cycle 90 Vector active cycle 0 
[2026-06-29 17:24:32.830] [info] Core [0] : issued tile 2 
[2026-06-29 17:24:32.830] [info] Core [0] : Memory unit idle cycle 8000 Systolic bubble cycle 0 Core idle cycle 0 
[2026-06-29 17:24:32.830] [info] Core [0] : Systolic Array Utilization(%) 100.00 (1.12% PE util), Vector Unit Utilization(%) 0.00, Total cycle: 88000
[2026-06-29 17:24:32.928] [info] HBM2-CH_0: BW utilization 2% (115 reads, 112 writes)
[2026-06-29 17:24:32.928] [info] Core [0] : MatMul active cycle 90 Vector active cycle 0 
[2026-06-29 17:24:32.928] [info] Core [0] : issued tile 2 
[2026-06-29 17:24:32.928] [info] Core [0] : Memory unit idle cycle 7772 Systolic bubble cycle 0 Core idle cycle 0 
[2026-06-29 17:24:32.928] [info] Core [0] : Systolic Array Utilization(%) 100.00 (1.12% PE util), Vector Unit Utilization(%) 0.00, Total cycle: 96000
[2026-06-29 17:24:32.977] [info] HBM2-CH_0: BW utilization 0% (0 reads, 0 writes)
[2026-06-29 17:24:32.978] [info] Core [0] : MatMul active cycle 90 Vector active cycle 0 
[2026-06-29 17:24:32.978] [info] Core [0] : issued tile 2 
[2026-06-29 17:24:32.978] [info] Core [0] : Memory unit idle cycle 8000 Systolic bubble cycle 0 Core idle cycle 0 
[2026-06-29 17:24:32.978] [info] Core [0] : Systolic Array Utilization(%) 100.00 (1.12% PE util), Vector Unit Utilization(%) 0.00, Total cycle: 104000
[2026-06-29 17:24:33.087] [info] HBM2-CH_0: BW utilization 2% (120 reads, 112 writes)
[2026-06-29 17:24:33.087] [info] Core [0] : MatMul active cycle 90 Vector active cycle 0 
[2026-06-29 17:24:33.087] [info] Core [0] : issued tile 2 
[2026-06-29 17:24:33.087] [info] Core [0] : Memory unit idle cycle 7772 Systolic bubble cycle 0 Core idle cycle 0 
[2026-06-29 17:24:33.087] [info] Core [0] : Systolic Array Utilization(%) 100.00 (1.12% PE util), Vector Unit Utilization(%) 0.00, Total cycle: 112000
[2026-06-29 17:24:33.135] [info] HBM2-CH_0: BW utilization 0% (0 reads, 0 writes)
[2026-06-29 17:24:33.136] [info] Core [0] : MatMul active cycle 90 Vector active cycle 0 
[2026-06-29 17:24:33.136] [info] Core [0] : issued tile 2 
[2026-06-29 17:24:33.136] [info] Core [0] : Memory unit idle cycle 8000 Systolic bubble cycle 0 Core idle cycle 0 
[2026-06-29 17:24:33.136] [info] Core [0] : Systolic Array Utilization(%) 100.00 (1.12% PE util), Vector Unit Utilization(%) 0.00, Total cycle: 120000
[2026-06-29 17:24:33.183] [info] HBM2-CH_0: BW utilization 0% (0 reads, 0 writes)
[2026-06-29 17:24:33.183] [info] Core [0] : MatMul active cycle 85 Vector active cycle 0 
[2026-06-29 17:24:33.183] [info] Core [0] : issued tile 2 
[2026-06-29 17:24:33.183] [info] Core [0] : Memory unit idle cycle 8000 Systolic bubble cycle 0 Core idle cycle 0 
[2026-06-29 17:24:33.183] [info] Core [0] : Systolic Array Utilization(%) 100.00 (1.06% PE util), Vector Unit Utilization(%) 0.00, Total cycle: 128000
[2026-06-29 17:24:33.305] [info] HBM2-CH_0: BW utilization 2% (115 reads, 112 writes)
[2026-06-29 17:24:33.305] [info] Core [0] : MatMul active cycle 90 Vector active cycle 0 
[2026-06-29 17:24:33.305] [info] Core [0] : issued tile 2 
[2026-06-29 17:24:33.305] [info] Core [0] : Memory unit idle cycle 7772 Systolic bubble cycle 0 Core idle cycle 0 
[2026-06-29 17:24:33.305] [info] Core [0] : Systolic Array Utilization(%) 100.00 (1.12% PE util), Vector Unit Utilization(%) 0.00, Total cycle: 136000
[2026-06-29 17:24:33.383] [info] HBM2-CH_0: BW utilization 0% (0 reads, 0 writes)
[2026-06-29 17:24:33.384] [info] Core [0] : MatMul active cycle 90 Vector active cycle 0 
[2026-06-29 17:24:33.384] [info] Core [0] : issued tile 2 
[2026-06-29 17:24:33.384] [info] Core [0] : Memory unit idle cycle 8000 Systolic bubble cycle 0 Core idle cycle 0 
[2026-06-29 17:24:33.384] [info] Core [0] : Systolic Array Utilization(%) 100.00 (1.12% PE util), Vector Unit Utilization(%) 0.00, Total cycle: 144000
[2026-06-29 17:24:33.465] [info] HBM2-CH_0: BW utilization 0% (0 reads, 0 writes)
[2026-06-29 17:24:33.466] [info] Core [0] : MatMul active cycle 90 Vector active cycle 0 
[2026-06-29 17:24:33.466] [info] Core [0] : issued tile 2 
[2026-06-29 17:24:33.466] [info] Core [0] : Memory unit idle cycle 8000 Systolic bubble cycle 0 Core idle cycle 0 
[2026-06-29 17:24:33.466] [info] Core [0] : Systolic Array Utilization(%) 100.00 (1.12% PE util), Vector Unit Utilization(%) 0.00, Total cycle: 152000
[2026-06-29 17:24:33.600] [info] HBM2-CH_0: BW utilization 1% (0 reads, 112 writes)
[2026-06-29 17:24:33.601] [info] Core [0] : MatMul active cycle 90 Vector active cycle 0 
[2026-06-29 17:24:33.601] [info] Core [0] : issued tile 1 
[2026-06-29 17:24:33.601] [info] Core [0] : Memory unit idle cycle 7888 Systolic bubble cycle 0 Core idle cycle 0 
[2026-06-29 17:24:33.601] [info] Core [0] : Systolic Array Utilization(%) 100.00 (1.12% PE util), Vector Unit Utilization(%) 0.00, Total cycle: 160000
[2026-06-29 17:24:33.683] [info] HBM2-CH_0: BW utilization 0% (0 reads, 0 writes)
[2026-06-29 17:24:33.683] [info] Core [0] : MatMul active cycle 90 Vector active cycle 0 
[2026-06-29 17:24:33.683] [info] Core [0] : issued tile 1 
[2026-06-29 17:24:33.683] [info] Core [0] : Memory unit idle cycle 8000 Systolic bubble cycle 0 Core idle cycle 0 
[2026-06-29 17:24:33.683] [info] Core [0] : Systolic Array Utilization(%) 100.00 (1.12% PE util), Vector Unit Utilization(%) 0.00, Total cycle: 168000
[2026-06-29 17:24:33.763] [info] HBM2-CH_0: BW utilization 0% (0 reads, 0 writes)
[2026-06-29 17:24:33.764] [info] Core [0] : MatMul active cycle 90 Vector active cycle 0 
[2026-06-29 17:24:33.764] [info] Core [0] : issued tile 1 
[2026-06-29 17:24:33.764] [info] Core [0] : Memory unit idle cycle 8000 Systolic bubble cycle 0 Core idle cycle 0 
[2026-06-29 17:24:33.764] [info] Core [0] : Systolic Array Utilization(%) 100.00 (1.12% PE util), Vector Unit Utilization(%) 0.00, Total cycle: 176000
[2026-06-29 17:24:33.893] [info] HBM2-CH_0: BW utilization 1% (0 reads, 112 writes)
[2026-06-29 17:24:33.894] [info] Core [0] : MatMul active cycle 10 Vector active cycle 0 
[2026-06-29 17:24:33.894] [info] Core [0] : issued tile 0 
[2026-06-29 17:24:33.894] [info] Core [0] : Memory unit idle cycle 7888 Systolic bubble cycle 0 Core idle cycle 6759 
[2026-06-29 17:24:33.894] [info] Core [0] : Systolic Array Utilization(%) 10.95 (0.12% PE util), Vector Unit Utilization(%) 0.00, Total cycle: 184000
[2026-06-29 17:24:33.980] [info] HBM2-CH_0: BW utilization 0% (0 reads, 0 writes)
[2026-06-29 17:24:33.981] [info] Core [0] : MatMul active cycle 0 Vector active cycle 0 
[2026-06-29 17:24:33.981] [info] Core [0] : issued tile 0 
[2026-06-29 17:24:33.981] [info] Core [0] : Memory unit idle cycle 8000 Systolic bubble cycle 0 Core idle cycle 8000 
[2026-06-29 17:24:33.981] [info] Core [0] : Systolic Array Utilization(%) 0.00 (0.00% PE util), Vector Unit Utilization(%) 0.00, Total cycle: 192000
[2026-06-29 17:24:35.169] [info] HBM2-CH_0: BW utilization 11% (0 reads, 1060 writes)
[2026-06-29 17:24:35.472] [info] Core [0] : MatMul active cycle 0 Vector active cycle 0 
[2026-06-29 17:24:35.472] [info] Core [0] : issued tile 0 
[2026-06-29 17:24:35.472] [info] Core [0] : Memory unit idle cycle 8000 Systolic bubble cycle 0 Core idle cycle 8000 
[2026-06-29 17:24:35.472] [info] Core [0] : Systolic Array Utilization(%) 0.00 (0.00% PE util), Vector Unit Utilization(%) 0.00, Total cycle: 200000
[2026-06-29 17:24:38.162] [info] HBM2-CH_0: BW utilization 23% (332 reads, 1964 writes)
[2026-06-29 17:24:38.163] [info] Core [0] : MatMul active cycle 0 Vector active cycle 0 
[2026-06-29 17:24:38.163] [info] Core [0] : issued tile 0 
[2026-06-29 17:24:38.163] [info] Core [0] : Memory unit idle cycle 8000 Systolic bubble cycle 0 Core idle cycle 8000 
[2026-06-29 17:24:38.164] [info] Core [0] : Systolic Array Utilization(%) 0.00 (0.00% PE util), Vector Unit Utilization(%) 0.00, Total cycle: 208000
[2026-06-29 17:24:38.277] [info] HBM2-CH_0: BW utilization 0% (0 reads, 0 writes)
[2026-06-29 17:24:38.278] [info] Core [0] : MatMul active cycle 0 Vector active cycle 0 
[2026-06-29 17:24:38.278] [info] Core [0] : issued tile 0 
[2026-06-29 17:24:38.278] [info] Core [0] : Memory unit idle cycle 8000 Systolic bubble cycle 0 Core idle cycle 8000 
[2026-06-29 17:24:38.278] [info] Core [0] : Systolic Array Utilization(%) 0.00 (0.00% PE util), Vector Unit Utilization(%) 0.00, Total cycle: 216000
[2026-06-29 17:24:38.392] [info] HBM2-CH_0: BW utilization 0% (0 reads, 0 writes)
[2026-06-29 17:24:38.394] [info] Core [0] : MatMul active cycle 0 Vector active cycle 0 
[2026-06-29 17:24:38.394] [info] Core [0] : issued tile 0 
[2026-06-29 17:24:38.394] [info] Core [0] : Memory unit idle cycle 8000 Systolic bubble cycle 0 Core idle cycle 8000 
[2026-06-29 17:24:38.394] [info] Core [0] : Systolic Array Utilization(%) 0.00 (0.00% PE util), Vector Unit Utilization(%) 0.00, Total cycle: 224000
[2026-06-29 17:24:38.509] [info] HBM2-CH_0: BW utilization 0% (0 reads, 0 writes)
[2026-06-29 17:24:38.510] [info] Core [0] : MatMul active cycle 0 Vector active cycle 0 
[2026-06-29 17:24:38.510] [info] Core [0] : issued tile 0 
[2026-06-29 17:24:38.511] [info] Core [0] : Memory unit idle cycle 8000 Systolic bubble cycle 0 Core idle cycle 8000 
[2026-06-29 17:24:38.511] [info] Core [0] : Systolic Array Utilization(%) 0.00 (0.00% PE util), Vector Unit Utilization(%) 0.00, Total cycle: 232000
[2026-06-29 17:24:38.625] [info] HBM2-CH_0: BW utilization 0% (0 reads, 0 writes)
[2026-06-29 17:24:38.626] [info] Core [0] : MatMul active cycle 0 Vector active cycle 0 
[2026-06-29 17:24:38.626] [info] Core [0] : issued tile 0 
[2026-06-29 17:24:38.626] [info] Core [0] : Memory unit idle cycle 8000 Systolic bubble cycle 0 Core idle cycle 8000 
[2026-06-29 17:24:38.626] [info] Core [0] : Systolic Array Utilization(%) 0.00 (0.00% PE util), Vector Unit Utilization(%) 0.00, Total cycle: 240000
[2026-06-29 17:24:38.741] [info] HBM2-CH_0: BW utilization 0% (0 reads, 0 writes)
[2026-06-29 17:24:38.743] [info] Core [0] : MatMul active cycle 0 Vector active cycle 0 
[2026-06-29 17:24:38.743] [info] Core [0] : issued tile 0 
[2026-06-29 17:24:38.743] [info] Core [0] : Memory unit idle cycle 8000 Systolic bubble cycle 0 Core idle cycle 8000 
[2026-06-29 17:24:38.743] [info] Core [0] : Systolic Array Utilization(%) 0.00 (0.00% PE util), Vector Unit Utilization(%) 0.00, Total cycle: 248000
[2026-06-29 17:24:38.858] [info] HBM2-CH_0: BW utilization 0% (0 reads, 0 writes)
[2026-06-29 17:24:38.860] [info] Core [0] : MatMul active cycle 0 Vector active cycle 0 
[2026-06-29 17:24:38.860] [info] Core [0] : issued tile 0 
[2026-06-29 17:24:38.860] [info] Core [0] : Memory unit idle cycle 8000 Systolic bubble cycle 0 Core idle cycle 8000 
[2026-06-29 17:24:38.860] [info] Core [0] : Systolic Array Utilization(%) 0.00 (0.00% PE util), Vector Unit Utilization(%) 0.00, Total cycle: 256000
[2026-06-29 17:24:38.976] [info] HBM2-CH_0: BW utilization 0% (0 reads, 0 writes)
[2026-06-29 17:24:38.978] [info] Core [0] : MatMul active cycle 0 Vector active cycle 0 
[2026-06-29 17:24:38.978] [info] Core [0] : issued tile 0 
[2026-06-29 17:24:38.978] [info] Core [0] : Memory unit idle cycle 8000 Systolic bubble cycle 0 Core idle cycle 8000 
[2026-06-29 17:24:38.978] [info] Core [0] : Systolic Array Utilization(%) 0.00 (0.00% PE util), Vector Unit Utilization(%) 0.00, Total cycle: 264000
[2026-06-29 17:24:39.099] [info] HBM2-CH_0: BW utilization 0% (0 reads, 0 writes)
[2026-06-29 17:24:39.101] [info] Core [0] : MatMul active cycle 0 Vector active cycle 0 
[2026-06-29 17:24:39.101] [info] Core [0] : issued tile 0 
[2026-06-29 17:24:39.101] [info] Core [0] : Memory unit idle cycle 8000 Systolic bubble cycle 0 Core idle cycle 8000 
[2026-06-29 17:24:39.101] [info] Core [0] : Systolic Array Utilization(%) 0.00 (0.00% PE util), Vector Unit Utilization(%) 0.00, Total cycle: 272000
[2026-06-29 17:24:39.225] [info] HBM2-CH_0: BW utilization 0% (0 reads, 0 writes)
[2026-06-29 17:24:39.227] [info] Core [0] : MatMul active cycle 0 Vector active cycle 0 
[2026-06-29 17:24:39.227] [info] Core [0] : issued tile 0 
[2026-06-29 17:24:39.228] [info] Core [0] : Memory unit idle cycle 8000 Systolic bubble cycle 0 Core idle cycle 8000 
[2026-06-29 17:24:39.228] [info] Core [0] : Systolic Array Utilization(%) 0.00 (0.00% PE util), Vector Unit Utilization(%) 0.00, Total cycle: 280000
[2026-06-29 17:24:39.350] [info] HBM2-CH_0: BW utilization 0% (0 reads, 0 writes)
[2026-06-29 17:24:39.352] [info] Core [0] : MatMul active cycle 0 Vector active cycle 0 
[2026-06-29 17:24:39.352] [info] Core [0] : issued tile 0 
[2026-06-29 17:24:39.352] [info] Core [0] : Memory unit idle cycle 8000 Systolic bubble cycle 0 Core idle cycle 8000 
[2026-06-29 17:24:39.352] [info] Core [0] : Systolic Array Utilization(%) 0.00 (0.00% PE util), Vector Unit Utilization(%) 0.00, Total cycle: 288000
[2026-06-29 17:24:39.472] [info] HBM2-CH_0: BW utilization 0% (0 reads, 0 writes)
[2026-06-29 17:24:39.474] [info] Core [0] : MatMul active cycle 0 Vector active cycle 0 
[2026-06-29 17:24:39.474] [info] Core [0] : issued tile 0 
[2026-06-29 17:24:39.474] [info] Core [0] : Memory unit idle cycle 8000 Systolic bubble cycle 0 Core idle cycle 8000 
[2026-06-29 17:24:39.474] [info] Core [0] : Systolic Array Utilization(%) 0.00 (0.00% PE util), Vector Unit Utilization(%) 0.00, Total cycle: 296000
[2026-06-29 17:24:39.593] [info] HBM2-CH_0: BW utilization 0% (0 reads, 0 writes)
[2026-06-29 17:24:39.596] [info] Core [0] : MatMul active cycle 0 Vector active cycle 0 
[2026-06-29 17:24:39.596] [info] Core [0] : issued tile 0 
[2026-06-29 17:24:39.596] [info] Core [0] : Memory unit idle cycle 8000 Systolic bubble cycle 0 Core idle cycle 8000 
[2026-06-29 17:24:39.596] [info] Core [0] : Systolic Array Utilization(%) 0.00 (0.00% PE util), Vector Unit Utilization(%) 0.00, Total cycle: 304000
[2026-06-29 17:24:39.740] [info] HBM2-CH_0: BW utilization 0% (0 reads, 0 writes)
[2026-06-29 17:24:39.742] [info] Core [0] : MatMul active cycle 0 Vector active cycle 0 
[2026-06-29 17:24:39.742] [info] Core [0] : issued tile 0 
[2026-06-29 17:24:39.742] [info] Core [0] : Memory unit idle cycle 8000 Systolic bubble cycle 0 Core idle cycle 8000 
[2026-06-29 17:24:39.742] [info] Core [0] : Systolic Array Utilization(%) 0.00 (0.00% PE util), Vector Unit Utilization(%) 0.00, Total cycle: 312000
[2026-06-29 17:24:39.860] [info] HBM2-CH_0: BW utilization 0% (0 reads, 0 writes)
[2026-06-29 17:24:39.862] [info] Core [0] : MatMul active cycle 0 Vector active cycle 0 
[2026-06-29 17:24:39.862] [info] Core [0] : issued tile 0 
[2026-06-29 17:24:39.862] [info] Core [0] : Memory unit idle cycle 8000 Systolic bubble cycle 0 Core idle cycle 8000 
[2026-06-29 17:24:39.862] [info] Core [0] : Systolic Array Utilization(%) 0.00 (0.00% PE util), Vector Unit Utilization(%) 0.00, Total cycle: 320000
[2026-06-29 17:24:39.985] [info] HBM2-CH_0: BW utilization 0% (0 reads, 0 writes)
[2026-06-29 17:24:39.987] [info] Core [0] : MatMul active cycle 0 Vector active cycle 0 
[2026-06-29 17:24:39.987] [info] Core [0] : issued tile 0 
[2026-06-29 17:24:39.987] [info] Core [0] : Memory unit idle cycle 8000 Systolic bubble cycle 0 Core idle cycle 8000 
[2026-06-29 17:24:39.987] [info] Core [0] : Systolic Array Utilization(%) 0.00 (0.00% PE util), Vector Unit Utilization(%) 0.00, Total cycle: 328000
[2026-06-29 17:24:40.105] [info] HBM2-CH_0: BW utilization 0% (0 reads, 0 writes)
[2026-06-29 17:24:40.107] [info] Core [0] : MatMul active cycle 0 Vector active cycle 0 
[2026-06-29 17:24:40.107] [info] Core [0] : issued tile 0 
[2026-06-29 17:24:40.107] [info] Core [0] : Memory unit idle cycle 8000 Systolic bubble cycle 0 Core idle cycle 8000 
[2026-06-29 17:24:40.107] [info] Core [0] : Systolic Array Utilization(%) 0.00 (0.00% PE util), Vector Unit Utilization(%) 0.00, Total cycle: 336000
[2026-06-29 17:24:40.220] [info] HBM2-CH_0: BW utilization 0% (0 reads, 0 writes)
[2026-06-29 17:24:40.222] [info] Core [0] : MatMul active cycle 0 Vector active cycle 0 
[2026-06-29 17:24:40.222] [info] Core [0] : issued tile 0 
[2026-06-29 17:24:40.222] [info] Core [0] : Memory unit idle cycle 8000 Systolic bubble cycle 0 Core idle cycle 8000 
[2026-06-29 17:24:40.222] [info] Core [0] : Systolic Array Utilization(%) 0.00 (0.00% PE util), Vector Unit Utilization(%) 0.00, Total cycle: 344000
[2026-06-29 17:24:40.335] [info] HBM2-CH_0: BW utilization 0% (0 reads, 0 writes)
[2026-06-29 17:24:40.337] [info] Core [0] : MatMul active cycle 0 Vector active cycle 0 
[2026-06-29 17:24:40.337] [info] Core [0] : issued tile 0 
[2026-06-29 17:24:40.337] [info] Core [0] : Memory unit idle cycle 8000 Systolic bubble cycle 0 Core idle cycle 8000 
[2026-06-29 17:24:40.337] [info] Core [0] : Systolic Array Utilization(%) 0.00 (0.00% PE util), Vector Unit Utilization(%) 0.00, Total cycle: 352000
[2026-06-29 17:24:40.449] [info] HBM2-CH_0: BW utilization 0% (0 reads, 0 writes)
[2026-06-29 17:24:40.451] [info] Core [0] : MatMul active cycle 0 Vector active cycle 0 
[2026-06-29 17:24:40.451] [info] Core [0] : issued tile 0 
[2026-06-29 17:24:40.451] [info] Core [0] : Memory unit idle cycle 8000 Systolic bubble cycle 0 Core idle cycle 8000 
[2026-06-29 17:24:40.451] [info] Core [0] : Systolic Array Utilization(%) 0.00 (0.00% PE util), Vector Unit Utilization(%) 0.00, Total cycle: 360000
[2026-06-29 17:24:40.565] [info] HBM2-CH_0: BW utilization 0% (0 reads, 0 writes)
[2026-06-29 17:24:40.567] [info] Core [0] : MatMul active cycle 0 Vector active cycle 0 
[2026-06-29 17:24:40.567] [info] Core [0] : issued tile 0 
[2026-06-29 17:24:40.567] [info] Core [0] : Memory unit idle cycle 8000 Systolic bubble cycle 0 Core idle cycle 8000 
[2026-06-29 17:24:40.567] [info] Core [0] : Systolic Array Utilization(%) 0.00 (0.00% PE util), Vector Unit Utilization(%) 0.00, Total cycle: 368000
[2026-06-29 17:24:40.682] [info] HBM2-CH_0: BW utilization 0% (0 reads, 0 writes)
[2026-06-29 17:24:40.685] [info] Core [0] : MatMul active cycle 0 Vector active cycle 0 
[2026-06-29 17:24:40.685] [info] Core [0] : issued tile 0 
[2026-06-29 17:24:40.685] [info] Core [0] : Memory unit idle cycle 8000 Systolic bubble cycle 0 Core idle cycle 8000 
[2026-06-29 17:24:40.685] [info] Core [0] : Systolic Array Utilization(%) 0.00 (0.00% PE util), Vector Unit Utilization(%) 0.00, Total cycle: 376000
[2026-06-29 17:24:40.798] [info] HBM2-CH_0: BW utilization 0% (0 reads, 0 writes)
[2026-06-29 17:24:40.800] [info] Core [0] : MatMul active cycle 0 Vector active cycle 0 
[2026-06-29 17:24:40.800] [info] Core [0] : issued tile 0 
[2026-06-29 17:24:40.800] [info] Core [0] : Memory unit idle cycle 8000 Systolic bubble cycle 0 Core idle cycle 8000 
[2026-06-29 17:24:40.800] [info] Core [0] : Systolic Array Utilization(%) 0.00 (0.00% PE util), Vector Unit Utilization(%) 0.00, Total cycle: 384000
[2026-06-29 17:24:40.913] [info] HBM2-CH_0: BW utilization 0% (0 reads, 0 writes)
[2026-06-29 17:24:40.915] [info] Core [0] : MatMul active cycle 0 Vector active cycle 0 
[2026-06-29 17:24:40.915] [info] Core [0] : issued tile 0 
[2026-06-29 17:24:40.916] [info] Core [0] : Memory unit idle cycle 8000 Systolic bubble cycle 0 Core idle cycle 8000 
[2026-06-29 17:24:40.916] [info] Core [0] : Systolic Array Utilization(%) 0.00 (0.00% PE util), Vector Unit Utilization(%) 0.00, Total cycle: 392000
[2026-06-29 17:24:44.417] [info] HBM2-CH_0: BW utilization 27% (204 reads, 2481 writes)
[2026-06-29 17:24:44.506] [info] Core [0] : MatMul active cycle 0 Vector active cycle 0 
[2026-06-29 17:24:44.506] [info] Core [0] : issued tile 0 
[2026-06-29 17:24:44.506] [info] Core [0] : Memory unit idle cycle 8000 Systolic bubble cycle 0 Core idle cycle 8000 
[2026-06-29 17:24:44.506] [info] Core [0] : Systolic Array Utilization(%) 0.00 (0.00% PE util), Vector Unit Utilization(%) 0.00, Total cycle: 400000
[2026-06-29 17:24:44.849] [info] HBM2-CH_0: BW utilization 6% (120 reads, 543 writes)
[2026-06-29 17:24:44.851] [info] Core [0] : MatMul active cycle 0 Vector active cycle 0 
[2026-06-29 17:24:44.852] [info] Core [0] : issued tile 0 
[2026-06-29 17:24:44.852] [info] Core [0] : Memory unit idle cycle 8000 Systolic bubble cycle 0 Core idle cycle 8000 
[2026-06-29 17:24:44.852] [info] Core [0] : Systolic Array Utilization(%) 0.00 (0.00% PE util), Vector Unit Utilization(%) 0.00, Total cycle: 408000
[2026-06-29 17:24:44.969] [info] HBM2-CH_0: BW utilization 0% (0 reads, 0 writes)
[2026-06-29 17:24:44.971] [info] Core [0] : MatMul active cycle 0 Vector active cycle 0 
[2026-06-29 17:24:44.972] [info] Core [0] : issued tile 0 
[2026-06-29 17:24:44.972] [info] Core [0] : Memory unit idle cycle 8000 Systolic bubble cycle 0 Core idle cycle 8000 
[2026-06-29 17:24:44.972] [info] Core [0] : Systolic Array Utilization(%) 0.00 (0.00% PE util), Vector Unit Utilization(%) 0.00, Total cycle: 416000
[2026-06-29 17:24:45.092] [info] HBM2-CH_0: BW utilization 0% (0 reads, 0 writes)
[2026-06-29 17:24:45.095] [info] Core [0] : MatMul active cycle 0 Vector active cycle 0 
[2026-06-29 17:24:45.095] [info] Core [0] : issued tile 0 
[2026-06-29 17:24:45.095] [info] Core [0] : Memory unit idle cycle 8000 Systolic bubble cycle 0 Core idle cycle 8000 
[2026-06-29 17:24:45.095] [info] Core [0] : Systolic Array Utilization(%) 0.00 (0.00% PE util), Vector Unit Utilization(%) 0.00, Total cycle: 424000
[2026-06-29 17:24:45.215] [info] HBM2-CH_0: BW utilization 0% (0 reads, 0 writes)
[2026-06-29 17:24:45.218] [info] Core [0] : MatMul active cycle 0 Vector active cycle 0 
[2026-06-29 17:24:45.218] [info] Core [0] : issued tile 0 
[2026-06-29 17:24:45.218] [info] Core [0] : Memory unit idle cycle 8000 Systolic bubble cycle 0 Core idle cycle 8000 
[2026-06-29 17:24:45.218] [info] Core [0] : Systolic Array Utilization(%) 0.00 (0.00% PE util), Vector Unit Utilization(%) 0.00, Total cycle: 432000
[2026-06-29 17:24:45.338] [info] HBM2-CH_0: BW utilization 0% (0 reads, 0 writes)
[2026-06-29 17:24:45.340] [info] Core [0] : MatMul active cycle 0 Vector active cycle 0 
[2026-06-29 17:24:45.340] [info] Core [0] : issued tile 0 
[2026-06-29 17:24:45.340] [info] Core [0] : Memory unit idle cycle 8000 Systolic bubble cycle 0 Core idle cycle 8000 
[2026-06-29 17:24:45.340] [info] Core [0] : Systolic Array Utilization(%) 0.00 (0.00% PE util), Vector Unit Utilization(%) 0.00, Total cycle: 440000
[2026-06-29 17:24:45.457] [info] HBM2-CH_0: BW utilization 0% (0 reads, 0 writes)
[2026-06-29 17:24:45.460] [info] Core [0] : MatMul active cycle 0 Vector active cycle 0 
[2026-06-29 17:24:45.460] [info] Core [0] : issued tile 0 
[2026-06-29 17:24:45.460] [info] Core [0] : Memory unit idle cycle 8000 Systolic bubble cycle 0 Core idle cycle 8000 
[2026-06-29 17:24:45.460] [info] Core [0] : Systolic Array Utilization(%) 0.00 (0.00% PE util), Vector Unit Utilization(%) 0.00, Total cycle: 448000
[2026-06-29 17:24:45.576] [info] HBM2-CH_0: BW utilization 0% (0 reads, 0 writes)
[2026-06-29 17:24:45.579] [info] Core [0] : MatMul active cycle 0 Vector active cycle 0 
[2026-06-29 17:24:45.579] [info] Core [0] : issued tile 0 
[2026-06-29 17:24:45.579] [info] Core [0] : Memory unit idle cycle 8000 Systolic bubble cycle 0 Core idle cycle 8000 
[2026-06-29 17:24:45.579] [info] Core [0] : Systolic Array Utilization(%) 0.00 (0.00% PE util), Vector Unit Utilization(%) 0.00, Total cycle: 456000
[2026-06-29 17:24:45.694] [info] HBM2-CH_0: BW utilization 0% (0 reads, 0 writes)
[2026-06-29 17:24:45.697] [info] Core [0] : MatMul active cycle 0 Vector active cycle 0 
[2026-06-29 17:24:45.697] [info] Core [0] : issued tile 0 
[2026-06-29 17:24:45.697] [info] Core [0] : Memory unit idle cycle 8000 Systolic bubble cycle 0 Core idle cycle 8000 
[2026-06-29 17:24:45.697] [info] Core [0] : Systolic Array Utilization(%) 0.00 (0.00% PE util), Vector Unit Utilization(%) 0.00, Total cycle: 464000
[2026-06-29 17:24:45.811] [info] HBM2-CH_0: BW utilization 0% (0 reads, 0 writes)
[2026-06-29 17:24:45.814] [info] Core [0] : MatMul active cycle 0 Vector active cycle 0 
[2026-06-29 17:24:45.814] [info] Core [0] : issued tile 0 
[2026-06-29 17:24:45.814] [info] Core [0] : Memory unit idle cycle 8000 Systolic bubble cycle 0 Core idle cycle 8000 
[2026-06-29 17:24:45.814] [info] Core [0] : Systolic Array Utilization(%) 0.00 (0.00% PE util), Vector Unit Utilization(%) 0.00, Total cycle: 472000
[2026-06-29 17:24:45.930] [info] HBM2-CH_0: BW utilization 0% (0 reads, 0 writes)
[2026-06-29 17:24:45.933] [info] Core [0] : MatMul active cycle 0 Vector active cycle 0 
[2026-06-29 17:24:45.933] [info] Core [0] : issued tile 0 
[2026-06-29 17:24:45.933] [info] Core [0] : Memory unit idle cycle 8000 Systolic bubble cycle 0 Core idle cycle 8000 
[2026-06-29 17:24:45.933] [info] Core [0] : Systolic Array Utilization(%) 0.00 (0.00% PE util), Vector Unit Utilization(%) 0.00, Total cycle: 480000
[2026-06-29 17:24:46.047] [info] HBM2-CH_0: BW utilization 0% (0 reads, 0 writes)
[2026-06-29 17:24:46.050] [info] Core [0] : MatMul active cycle 0 Vector active cycle 0 
[2026-06-29 17:24:46.050] [info] Core [0] : issued tile 0 
[2026-06-29 17:24:46.050] [info] Core [0] : Memory unit idle cycle 8000 Systolic bubble cycle 0 Core idle cycle 8000 
[2026-06-29 17:24:46.050] [info] Core [0] : Systolic Array Utilization(%) 0.00 (0.00% PE util), Vector Unit Utilization(%) 0.00, Total cycle: 488000
[2026-06-29 17:24:46.165] [info] HBM2-CH_0: BW utilization 0% (0 reads, 0 writes)
[2026-06-29 17:24:46.168] [info] Core [0] : MatMul active cycle 0 Vector active cycle 0 
[2026-06-29 17:24:46.168] [info] Core [0] : issued tile 0 
[2026-06-29 17:24:46.168] [info] Core [0] : Memory unit idle cycle 8000 Systolic bubble cycle 0 Core idle cycle 8000 
[2026-06-29 17:24:46.168] [info] Core [0] : Systolic Array Utilization(%) 0.00 (0.00% PE util), Vector Unit Utilization(%) 0.00, Total cycle: 496000
[2026-06-29 17:24:46.281] [info] HBM2-CH_0: BW utilization 0% (0 reads, 0 writes)
[2026-06-29 17:24:46.284] [info] Core [0] : MatMul active cycle 0 Vector active cycle 0 
[2026-06-29 17:24:46.284] [info] Core [0] : issued tile 0 
[2026-06-29 17:24:46.284] [info] Core [0] : Memory unit idle cycle 8000 Systolic bubble cycle 0 Core idle cycle 8000 
[2026-06-29 17:24:46.284] [info] Core [0] : Systolic Array Utilization(%) 0.00 (0.00% PE util), Vector Unit Utilization(%) 0.00, Total cycle: 504000
[2026-06-29 17:24:46.398] [info] HBM2-CH_0: BW utilization 0% (0 reads, 0 writes)
[2026-06-29 17:24:46.401] [info] Core [0] : MatMul active cycle 0 Vector active cycle 0 
[2026-06-29 17:24:46.401] [info] Core [0] : issued tile 0 
[2026-06-29 17:24:46.401] [info] Core [0] : Memory unit idle cycle 8000 Systolic bubble cycle 0 Core idle cycle 8000 
[2026-06-29 17:24:46.401] [info] Core [0] : Systolic Array Utilization(%) 0.00 (0.00% PE util), Vector Unit Utilization(%) 0.00, Total cycle: 512000
[2026-06-29 17:24:46.516] [info] HBM2-CH_0: BW utilization 0% (0 reads, 0 writes)
[2026-06-29 17:24:46.519] [info] Core [0] : MatMul active cycle 0 Vector active cycle 0 
[2026-06-29 17:24:46.519] [info] Core [0] : issued tile 0 
[2026-06-29 17:24:46.519] [info] Core [0] : Memory unit idle cycle 8000 Systolic bubble cycle 0 Core idle cycle 8000 
[2026-06-29 17:24:46.519] [info] Core [0] : Systolic Array Utilization(%) 0.00 (0.00% PE util), Vector Unit Utilization(%) 0.00, Total cycle: 520000
[2026-06-29 17:24:46.638] [info] HBM2-CH_0: BW utilization 0% (0 reads, 0 writes)
[2026-06-29 17:24:46.641] [info] Core [0] : MatMul active cycle 0 Vector active cycle 0 
[2026-06-29 17:24:46.641] [info] Core [0] : issued tile 0 
[2026-06-29 17:24:46.641] [info] Core [0] : Memory unit idle cycle 8000 Systolic bubble cycle 0 Core idle cycle 8000 
[2026-06-29 17:24:46.641] [info] Core [0] : Systolic Array Utilization(%) 0.00 (0.00% PE util), Vector Unit Utilization(%) 0.00, Total cycle: 528000
[2026-06-29 17:24:46.762] [info] HBM2-CH_0: BW utilization 0% (0 reads, 0 writes)
[2026-06-29 17:24:46.765] [info] Core [0] : MatMul active cycle 0 Vector active cycle 0 
[2026-06-29 17:24:46.766] [info] Core [0] : issued tile 0 
[2026-06-29 17:24:46.766] [info] Core [0] : Memory unit idle cycle 8000 Systolic bubble cycle 0 Core idle cycle 8000 
[2026-06-29 17:24:46.766] [info] Core [0] : Systolic Array Utilization(%) 0.00 (0.00% PE util), Vector Unit Utilization(%) 0.00, Total cycle: 536000
[2026-06-29 17:24:46.881] [info] HBM2-CH_0: BW utilization 0% (0 reads, 0 writes)
[2026-06-29 17:24:46.884] [info] Core [0] : MatMul active cycle 0 Vector active cycle 0 
[2026-06-29 17:24:46.884] [info] Core [0] : issued tile 0 
[2026-06-29 17:24:46.884] [info] Core [0] : Memory unit idle cycle 8000 Systolic bubble cycle 0 Core idle cycle 8000 
[2026-06-29 17:24:46.884] [info] Core [0] : Systolic Array Utilization(%) 0.00 (0.00% PE util), Vector Unit Utilization(%) 0.00, Total cycle: 544000
[2026-06-29 17:24:47.000] [info] HBM2-CH_0: BW utilization 0% (0 reads, 0 writes)
[2026-06-29 17:24:47.003] [info] Core [0] : MatMul active cycle 0 Vector active cycle 0 
[2026-06-29 17:24:47.004] [info] Core [0] : issued tile 0 
[2026-06-29 17:24:47.004] [info] Core [0] : Memory unit idle cycle 8000 Systolic bubble cycle 0 Core idle cycle 8000 
[2026-06-29 17:24:47.004] [info] Core [0] : Systolic Array Utilization(%) 0.00 (0.00% PE util), Vector Unit Utilization(%) 0.00, Total cycle: 552000
[2026-06-29 17:24:47.124] [info] HBM2-CH_0: BW utilization 0% (0 reads, 0 writes)
[2026-06-29 17:24:47.128] [info] Core [0] : MatMul active cycle 0 Vector active cycle 0 
[2026-06-29 17:24:47.128] [info] Core [0] : issued tile 0 
[2026-06-29 17:24:47.128] [info] Core [0] : Memory unit idle cycle 8000 Systolic bubble cycle 0 Core idle cycle 8000 
[2026-06-29 17:24:47.128] [info] Core [0] : Systolic Array Utilization(%) 0.00 (0.00% PE util), Vector Unit Utilization(%) 0.00, Total cycle: 560000
[2026-06-29 17:24:47.246] [info] HBM2-CH_0: BW utilization 0% (0 reads, 0 writes)
[2026-06-29 17:24:47.250] [info] Core [0] : MatMul active cycle 0 Vector active cycle 0 
[2026-06-29 17:24:47.250] [info] Core [0] : issued tile 0 
[2026-06-29 17:24:47.250] [info] Core [0] : Memory unit idle cycle 8000 Systolic bubble cycle 0 Core idle cycle 8000 
[2026-06-29 17:24:47.250] [info] Core [0] : Systolic Array Utilization(%) 0.00 (0.00% PE util), Vector Unit Utilization(%) 0.00, Total cycle: 568000
[2026-06-29 17:24:47.364] [info] HBM2-CH_0: BW utilization 0% (0 reads, 0 writes)
[2026-06-29 17:24:47.368] [info] Core [0] : MatMul active cycle 0 Vector active cycle 0 
[2026-06-29 17:24:47.368] [info] Core [0] : issued tile 0 
[2026-06-29 17:24:47.368] [info] Core [0] : Memory unit idle cycle 8000 Systolic bubble cycle 0 Core idle cycle 8000 
[2026-06-29 17:24:47.368] [info] Core [0] : Systolic Array Utilization(%) 0.00 (0.00% PE util), Vector Unit Utilization(%) 0.00, Total cycle: 576000
[2026-06-29 17:24:47.483] [info] HBM2-CH_0: BW utilization 0% (0 reads, 0 writes)
[2026-06-29 17:24:47.486] [info] Core [0] : MatMul active cycle 0 Vector active cycle 0 
[2026-06-29 17:24:47.486] [info] Core [0] : issued tile 0 
[2026-06-29 17:24:47.486] [info] Core [0] : Memory unit idle cycle 8000 Systolic bubble cycle 0 Core idle cycle 8000 
[2026-06-29 17:24:47.486] [info] Core [0] : Systolic Array Utilization(%) 0.00 (0.00% PE util), Vector Unit Utilization(%) 0.00, Total cycle: 584000
[2026-06-29 17:24:47.600] [info] HBM2-CH_0: BW utilization 0% (0 reads, 0 writes)
[2026-06-29 17:24:47.603] [info] Core [0] : MatMul active cycle 0 Vector active cycle 0 
[2026-06-29 17:24:47.603] [info] Core [0] : issued tile 0 
[2026-06-29 17:24:47.603] [info] Core [0] : Memory unit idle cycle 8000 Systolic bubble cycle 0 Core idle cycle 8000 
[2026-06-29 17:24:47.603] [info] Core [0] : Systolic Array Utilization(%) 0.00 (0.00% PE util), Vector Unit Utilization(%) 0.00, Total cycle: 592000
[2026-06-29 17:24:51.727] [info] HBM2-CH_0: BW utilization 34% (321 reads, 3024 writes)
[2026-06-29 17:24:51.731] [info] Core [0] : MatMul active cycle 0 Vector active cycle 0 
[2026-06-29 17:24:51.731] [info] Core [0] : issued tile 0 
[2026-06-29 17:24:51.731] [info] Core [0] : Memory unit idle cycle 8000 Systolic bubble cycle 0 Core idle cycle 8000 
[2026-06-29 17:24:51.731] [info] Core [0] : Systolic Array Utilization(%) 0.00 (0.00% PE util), Vector Unit Utilization(%) 0.00, Total cycle: 600000
[2026-06-29 17:24:51.852] [info] HBM2-CH_0: BW utilization 0% (0 reads, 0 writes)
[2026-06-29 17:24:51.856] [info] Core [0] : MatMul active cycle 0 Vector active cycle 0 
[2026-06-29 17:24:51.856] [info] Core [0] : issued tile 0 
[2026-06-29 17:24:51.856] [info] Core [0] : Memory unit idle cycle 8000 Systolic bubble cycle 0 Core idle cycle 8000 
[2026-06-29 17:24:51.856] [info] Core [0] : Systolic Array Utilization(%) 0.00 (0.00% PE util), Vector Unit Utilization(%) 0.00, Total cycle: 608000
[2026-06-29 17:24:51.977] [info] HBM2-CH_0: BW utilization 0% (0 reads, 0 writes)
[2026-06-29 17:24:51.981] [info] Core [0] : MatMul active cycle 0 Vector active cycle 0 
[2026-06-29 17:24:51.981] [info] Core [0] : issued tile 0 
[2026-06-29 17:24:51.981] [info] Core [0] : Memory unit idle cycle 8000 Systolic bubble cycle 0 Core idle cycle 8000 
[2026-06-29 17:24:51.981] [info] Core [0] : Systolic Array Utilization(%) 0.00 (0.00% PE util), Vector Unit Utilization(%) 0.00, Total cycle: 616000
[2026-06-29 17:24:52.101] [info] HBM2-CH_0: BW utilization 0% (0 reads, 0 writes)
[2026-06-29 17:24:52.105] [info] Core [0] : MatMul active cycle 0 Vector active cycle 0 
[2026-06-29 17:24:52.105] [info] Core [0] : issued tile 0 
[2026-06-29 17:24:52.105] [info] Core [0] : Memory unit idle cycle 8000 Systolic bubble cycle 0 Core idle cycle 8000 
[2026-06-29 17:24:52.105] [info] Core [0] : Systolic Array Utilization(%) 0.00 (0.00% PE util), Vector Unit Utilization(%) 0.00, Total cycle: 624000
[2026-06-29 17:24:52.226] [info] HBM2-CH_0: BW utilization 0% (0 reads, 0 writes)
[2026-06-29 17:24:52.229] [info] Core [0] : MatMul active cycle 0 Vector active cycle 0 
[2026-06-29 17:24:52.229] [info] Core [0] : issued tile 0 
[2026-06-29 17:24:52.229] [info] Core [0] : Memory unit idle cycle 8000 Systolic bubble cycle 0 Core idle cycle 8000 
[2026-06-29 17:24:52.229] [info] Core [0] : Systolic Array Utilization(%) 0.00 (0.00% PE util), Vector Unit Utilization(%) 0.00, Total cycle: 632000
[2026-06-29 17:24:52.350] [info] HBM2-CH_0: BW utilization 0% (0 reads, 0 writes)
[2026-06-29 17:24:52.354] [info] Core [0] : MatMul active cycle 0 Vector active cycle 0 
[2026-06-29 17:24:52.354] [info] Core [0] : issued tile 0 
[2026-06-29 17:24:52.354] [info] Core [0] : Memory unit idle cycle 8000 Systolic bubble cycle 0 Core idle cycle 8000 
[2026-06-29 17:24:52.354] [info] Core [0] : Systolic Array Utilization(%) 0.00 (0.00% PE util), Vector Unit Utilization(%) 0.00, Total cycle: 640000
[2026-06-29 17:24:52.474] [info] HBM2-CH_0: BW utilization 0% (0 reads, 0 writes)
[2026-06-29 17:24:52.478] [info] Core [0] : MatMul active cycle 0 Vector active cycle 0 
[2026-06-29 17:24:52.478] [info] Core [0] : issued tile 0 
[2026-06-29 17:24:52.479] [info] Core [0] : Memory unit idle cycle 8000 Systolic bubble cycle 0 Core idle cycle 8000 
[2026-06-29 17:24:52.479] [info] Core [0] : Systolic Array Utilization(%) 0.00 (0.00% PE util), Vector Unit Utilization(%) 0.00, Total cycle: 648000
[2026-06-29 17:24:52.599] [info] HBM2-CH_0: BW utilization 0% (0 reads, 0 writes)
[2026-06-29 17:24:52.603] [info] Core [0] : MatMul active cycle 0 Vector active cycle 0 
[2026-06-29 17:24:52.604] [info] Core [0] : issued tile 0 
[2026-06-29 17:24:52.604] [info] Core [0] : Memory unit idle cycle 8000 Systolic bubble cycle 0 Core idle cycle 8000 
[2026-06-29 17:24:52.604] [info] Core [0] : Systolic Array Utilization(%) 0.00 (0.00% PE util), Vector Unit Utilization(%) 0.00, Total cycle: 656000
[2026-06-29 17:24:52.724] [info] HBM2-CH_0: BW utilization 0% (0 reads, 0 writes)
[2026-06-29 17:24:52.729] [info] Core [0] : MatMul active cycle 0 Vector active cycle 0 
[2026-06-29 17:24:52.729] [info] Core [0] : issued tile 0 
[2026-06-29 17:24:52.729] [info] Core [0] : Memory unit idle cycle 8000 Systolic bubble cycle 0 Core idle cycle 8000 
[2026-06-29 17:24:52.729] [info] Core [0] : Systolic Array Utilization(%) 0.00 (0.00% PE util), Vector Unit Utilization(%) 0.00, Total cycle: 664000
[2026-06-29 17:24:52.849] [info] HBM2-CH_0: BW utilization 0% (0 reads, 0 writes)
[2026-06-29 17:24:52.854] [info] Core [0] : MatMul active cycle 0 Vector active cycle 0 
[2026-06-29 17:24:52.854] [info] Core [0] : issued tile 0 
[2026-06-29 17:24:52.854] [info] Core [0] : Memory unit idle cycle 8000 Systolic bubble cycle 0 Core idle cycle 8000 
[2026-06-29 17:24:52.854] [info] Core [0] : Systolic Array Utilization(%) 0.00 (0.00% PE util), Vector Unit Utilization(%) 0.00, Total cycle: 672000
[2026-06-29 17:24:52.974] [info] HBM2-CH_0: BW utilization 0% (0 reads, 0 writes)
[2026-06-29 17:24:52.978] [info] Core [0] : MatMul active cycle 0 Vector active cycle 0 
[2026-06-29 17:24:52.978] [info] Core [0] : issued tile 0 
[2026-06-29 17:24:52.978] [info] Core [0] : Memory unit idle cycle 8000 Systolic bubble cycle 0 Core idle cycle 8000 
[2026-06-29 17:24:52.978] [info] Core [0] : Systolic Array Utilization(%) 0.00 (0.00% PE util), Vector Unit Utilization(%) 0.00, Total cycle: 680000
[2026-06-29 17:24:53.098] [info] HBM2-CH_0: BW utilization 0% (0 reads, 0 writes)
[2026-06-29 17:24:53.102] [info] Core [0] : MatMul active cycle 0 Vector active cycle 0 
[2026-06-29 17:24:53.103] [info] Core [0] : issued tile 0 
[2026-06-29 17:24:53.103] [info] Core [0] : Memory unit idle cycle 8000 Systolic bubble cycle 0 Core idle cycle 8000 
[2026-06-29 17:24:53.103] [info] Core [0] : Systolic Array Utilization(%) 0.00 (0.00% PE util), Vector Unit Utilization(%) 0.00, Total cycle: 688000
[2026-06-29 17:24:53.222] [info] HBM2-CH_0: BW utilization 0% (0 reads, 0 writes)
[2026-06-29 17:24:53.227] [info] Core [0] : MatMul active cycle 0 Vector active cycle 0 
[2026-06-29 17:24:53.227] [info] Core [0] : issued tile 0 
[2026-06-29 17:24:53.227] [info] Core [0] : Memory unit idle cycle 8000 Systolic bubble cycle 0 Core idle cycle 8000 
[2026-06-29 17:24:53.227] [info] Core [0] : Systolic Array Utilization(%) 0.00 (0.00% PE util), Vector Unit Utilization(%) 0.00, Total cycle: 696000
[2026-06-29 17:24:53.347] [info] HBM2-CH_0: BW utilization 0% (0 reads, 0 writes)
[2026-06-29 17:24:53.350] [info] Core [0] : MatMul active cycle 0 Vector active cycle 0 
[2026-06-29 17:24:53.351] [info] Core [0] : issued tile 0 
[2026-06-29 17:24:53.351] [info] Core [0] : Memory unit idle cycle 8000 Systolic bubble cycle 0 Core idle cycle 8000 
[2026-06-29 17:24:53.351] [info] Core [0] : Systolic Array Utilization(%) 0.00 (0.00% PE util), Vector Unit Utilization(%) 0.00, Total cycle: 704000
[2026-06-29 17:24:53.471] [info] HBM2-CH_0: BW utilization 0% (0 reads, 0 writes)
[2026-06-29 17:24:53.475] [info] Core [0] : MatMul active cycle 0 Vector active cycle 0 
[2026-06-29 17:24:53.475] [info] Core [0] : issued tile 0 
[2026-06-29 17:24:53.475] [info] Core [0] : Memory unit idle cycle 8000 Systolic bubble cycle 0 Core idle cycle 8000 
[2026-06-29 17:24:53.475] [info] Core [0] : Systolic Array Utilization(%) 0.00 (0.00% PE util), Vector Unit Utilization(%) 0.00, Total cycle: 712000
[2026-06-29 17:24:53.595] [info] HBM2-CH_0: BW utilization 0% (0 reads, 0 writes)
[2026-06-29 17:24:53.599] [info] Core [0] : MatMul active cycle 0 Vector active cycle 0 
[2026-06-29 17:24:53.599] [info] Core [0] : issued tile 0 
[2026-06-29 17:24:53.599] [info] Core [0] : Memory unit idle cycle 8000 Systolic bubble cycle 0 Core idle cycle 8000 
[2026-06-29 17:24:53.599] [info] Core [0] : Systolic Array Utilization(%) 0.00 (0.00% PE util), Vector Unit Utilization(%) 0.00, Total cycle: 720000
[2026-06-29 17:24:53.719] [info] HBM2-CH_0: BW utilization 0% (0 reads, 0 writes)
[2026-06-29 17:24:53.724] [info] Core [0] : MatMul active cycle 0 Vector active cycle 0 
[2026-06-29 17:24:53.724] [info] Core [0] : issued tile 0 
[2026-06-29 17:24:53.724] [info] Core [0] : Memory unit idle cycle 8000 Systolic bubble cycle 0 Core idle cycle 8000 
[2026-06-29 17:24:53.724] [info] Core [0] : Systolic Array Utilization(%) 0.00 (0.00% PE util), Vector Unit Utilization(%) 0.00, Total cycle: 728000
[2026-06-29 17:24:53.843] [info] HBM2-CH_0: BW utilization 0% (0 reads, 0 writes)
[2026-06-29 17:24:53.848] [info] Core [0] : MatMul active cycle 0 Vector active cycle 0 
[2026-06-29 17:24:53.848] [info] Core [0] : issued tile 0 
[2026-06-29 17:24:53.848] [info] Core [0] : Memory unit idle cycle 8000 Systolic bubble cycle 0 Core idle cycle 8000 
[2026-06-29 17:24:53.848] [info] Core [0] : Systolic Array Utilization(%) 0.00 (0.00% PE util), Vector Unit Utilization(%) 0.00, Total cycle: 736000
[2026-06-29 17:24:53.968] [info] HBM2-CH_0: BW utilization 0% (0 reads, 0 writes)
[2026-06-29 17:24:53.973] [info] Core [0] : MatMul active cycle 0 Vector active cycle 0 
[2026-06-29 17:24:53.973] [info] Core [0] : issued tile 0 
[2026-06-29 17:24:53.973] [info] Core [0] : Memory unit idle cycle 8000 Systolic bubble cycle 0 Core idle cycle 8000 
[2026-06-29 17:24:53.973] [info] Core [0] : Systolic Array Utilization(%) 0.00 (0.00% PE util), Vector Unit Utilization(%) 0.00, Total cycle: 744000
[2026-06-29 17:24:54.093] [info] HBM2-CH_0: BW utilization 0% (0 reads, 0 writes)
[2026-06-29 17:24:54.098] [info] Core [0] : MatMul active cycle 0 Vector active cycle 0 
[2026-06-29 17:24:54.098] [info] Core [0] : issued tile 0 
[2026-06-29 17:24:54.098] [info] Core [0] : Memory unit idle cycle 8000 Systolic bubble cycle 0 Core idle cycle 8000 
[2026-06-29 17:24:54.098] [info] Core [0] : Systolic Array Utilization(%) 0.00 (0.00% PE util), Vector Unit Utilization(%) 0.00, Total cycle: 752000
[2026-06-29 17:24:54.217] [info] HBM2-CH_0: BW utilization 0% (0 reads, 0 writes)
[2026-06-29 17:24:54.222] [info] Core [0] : MatMul active cycle 0 Vector active cycle 0 
[2026-06-29 17:24:54.222] [info] Core [0] : issued tile 0 
[2026-06-29 17:24:54.222] [info] Core [0] : Memory unit idle cycle 8000 Systolic bubble cycle 0 Core idle cycle 8000 
[2026-06-29 17:24:54.222] [info] Core [0] : Systolic Array Utilization(%) 0.00 (0.00% PE util), Vector Unit Utilization(%) 0.00, Total cycle: 760000
[2026-06-29 17:24:54.342] [info] HBM2-CH_0: BW utilization 0% (0 reads, 0 writes)
[2026-06-29 17:24:54.347] [info] Core [0] : MatMul active cycle 0 Vector active cycle 0 
[2026-06-29 17:24:54.347] [info] Core [0] : issued tile 0 
[2026-06-29 17:24:54.347] [info] Core [0] : Memory unit idle cycle 8000 Systolic bubble cycle 0 Core idle cycle 8000 
[2026-06-29 17:24:54.347] [info] Core [0] : Systolic Array Utilization(%) 0.00 (0.00% PE util), Vector Unit Utilization(%) 0.00, Total cycle: 768000
[2026-06-29 17:24:54.468] [info] HBM2-CH_0: BW utilization 0% (0 reads, 0 writes)
[2026-06-29 17:24:54.473] [info] Core [0] : MatMul active cycle 0 Vector active cycle 0 
[2026-06-29 17:24:54.473] [info] Core [0] : issued tile 0 
[2026-06-29 17:24:54.473] [info] Core [0] : Memory unit idle cycle 8000 Systolic bubble cycle 0 Core idle cycle 8000 
[2026-06-29 17:24:54.473] [info] Core [0] : Systolic Array Utilization(%) 0.00 (0.00% PE util), Vector Unit Utilization(%) 0.00, Total cycle: 776000
[2026-06-29 17:24:54.593] [info] HBM2-CH_0: BW utilization 0% (0 reads, 0 writes)
[2026-06-29 17:24:54.598] [info] Core [0] : MatMul active cycle 0 Vector active cycle 0 
[2026-06-29 17:24:54.598] [info] Core [0] : issued tile 0 
[2026-06-29 17:24:54.598] [info] Core [0] : Memory unit idle cycle 8000 Systolic bubble cycle 0 Core idle cycle 8000 
[2026-06-29 17:24:54.598] [info] Core [0] : Systolic Array Utilization(%) 0.00 (0.00% PE util), Vector Unit Utilization(%) 0.00, Total cycle: 784000
[2026-06-29 17:24:54.840] [info] HBM2-CH_0: BW utilization 2% (0 reads, 246 writes)
[2026-06-29 17:24:55.005] [info] Core [0] : MatMul active cycle 0 Vector active cycle 0 
[2026-06-29 17:24:55.005] [info] Core [0] : issued tile 0 
[2026-06-29 17:24:55.005] [info] Core [0] : Memory unit idle cycle 8000 Systolic bubble cycle 0 Core idle cycle 8000 
[2026-06-29 17:24:55.005] [info] Core [0] : Systolic Array Utilization(%) 0.00 (0.00% PE util), Vector Unit Utilization(%) 0.00, Total cycle: 792000
[2026-06-29 17:24:58.500] [info] HBM2-CH_0: BW utilization 32% (331 reads, 2778 writes)
[2026-06-29 17:24:58.505] [info] Core [0] : MatMul active cycle 0 Vector active cycle 0 
[2026-06-29 17:24:58.505] [info] Core [0] : issued tile 0 
[2026-06-29 17:24:58.505] [info] Core [0] : Memory unit idle cycle 8000 Systolic bubble cycle 0 Core idle cycle 8000 
[2026-06-29 17:24:58.505] [info] Core [0] : Systolic Array Utilization(%) 0.00 (0.00% PE util), Vector Unit Utilization(%) 0.00, Total cycle: 800000
[2026-06-29 17:24:58.616] [info] HBM2-CH_0: BW utilization 0% (0 reads, 0 writes)
[2026-06-29 17:24:58.621] [info] Core [0] : MatMul active cycle 0 Vector active cycle 0 
[2026-06-29 17:24:58.621] [info] Core [0] : issued tile 0 
[2026-06-29 17:24:58.621] [info] Core [0] : Memory unit idle cycle 8000 Systolic bubble cycle 0 Core idle cycle 8000 
[2026-06-29 17:24:58.621] [info] Core [0] : Systolic Array Utilization(%) 0.00 (0.00% PE util), Vector Unit Utilization(%) 0.00, Total cycle: 808000
[2026-06-29 17:24:58.734] [info] HBM2-CH_0: BW utilization 0% (0 reads, 0 writes)
[2026-06-29 17:24:58.739] [info] Core [0] : MatMul active cycle 0 Vector active cycle 0 
[2026-06-29 17:24:58.739] [info] Core [0] : issued tile 0 
[2026-06-29 17:24:58.739] [info] Core [0] : Memory unit idle cycle 8000 Systolic bubble cycle 0 Core idle cycle 8000 
[2026-06-29 17:24:58.739] [info] Core [0] : Systolic Array Utilization(%) 0.00 (0.00% PE util), Vector Unit Utilization(%) 0.00, Total cycle: 816000
[2026-06-29 17:24:58.850] [info] HBM2-CH_0: BW utilization 0% (0 reads, 0 writes)
[2026-06-29 17:24:58.855] [info] Core [0] : MatMul active cycle 0 Vector active cycle 0 
[2026-06-29 17:24:58.855] [info] Core [0] : issued tile 0 
[2026-06-29 17:24:58.855] [info] Core [0] : Memory unit idle cycle 8000 Systolic bubble cycle 0 Core idle cycle 8000 
[2026-06-29 17:24:58.855] [info] Core [0] : Systolic Array Utilization(%) 0.00 (0.00% PE util), Vector Unit Utilization(%) 0.00, Total cycle: 824000
[2026-06-29 17:24:58.966] [info] HBM2-CH_0: BW utilization 0% (0 reads, 0 writes)
[2026-06-29 17:24:58.971] [info] Core [0] : MatMul active cycle 0 Vector active cycle 0 
[2026-06-29 17:24:58.971] [info] Core [0] : issued tile 0 
[2026-06-29 17:24:58.971] [info] Core [0] : Memory unit idle cycle 8000 Systolic bubble cycle 0 Core idle cycle 8000 
[2026-06-29 17:24:58.971] [info] Core [0] : Systolic Array Utilization(%) 0.00 (0.00% PE util), Vector Unit Utilization(%) 0.00, Total cycle: 832000
[2026-06-29 17:24:59.082] [info] HBM2-CH_0: BW utilization 0% (0 reads, 0 writes)
[2026-06-29 17:24:59.087] [info] Core [0] : MatMul active cycle 0 Vector active cycle 0 
[2026-06-29 17:24:59.087] [info] Core [0] : issued tile 0 
[2026-06-29 17:24:59.087] [info] Core [0] : Memory unit idle cycle 8000 Systolic bubble cycle 0 Core idle cycle 8000 
[2026-06-29 17:24:59.087] [info] Core [0] : Systolic Array Utilization(%) 0.00 (0.00% PE util), Vector Unit Utilization(%) 0.00, Total cycle: 840000
[2026-06-29 17:24:59.199] [info] HBM2-CH_0: BW utilization 0% (0 reads, 0 writes)
[2026-06-29 17:24:59.204] [info] Core [0] : MatMul active cycle 0 Vector active cycle 0 
[2026-06-29 17:24:59.204] [info] Core [0] : issued tile 0 
[2026-06-29 17:24:59.204] [info] Core [0] : Memory unit idle cycle 8000 Systolic bubble cycle 0 Core idle cycle 8000 
[2026-06-29 17:24:59.204] [info] Core [0] : Systolic Array Utilization(%) 0.00 (0.00% PE util), Vector Unit Utilization(%) 0.00, Total cycle: 848000
[2026-06-29 17:24:59.316] [info] HBM2-CH_0: BW utilization 0% (0 reads, 0 writes)
[2026-06-29 17:24:59.321] [info] Core [0] : MatMul active cycle 0 Vector active cycle 0 
[2026-06-29 17:24:59.321] [info] Core [0] : issued tile 0 
[2026-06-29 17:24:59.321] [info] Core [0] : Memory unit idle cycle 8000 Systolic bubble cycle 0 Core idle cycle 8000 
[2026-06-29 17:24:59.321] [info] Core [0] : Systolic Array Utilization(%) 0.00 (0.00% PE util), Vector Unit Utilization(%) 0.00, Total cycle: 856000
[2026-06-29 17:24:59.432] [info] HBM2-CH_0: BW utilization 0% (0 reads, 0 writes)
[2026-06-29 17:24:59.437] [info] Core [0] : MatMul active cycle 0 Vector active cycle 0 
[2026-06-29 17:24:59.437] [info] Core [0] : issued tile 0 
[2026-06-29 17:24:59.437] [info] Core [0] : Memory unit idle cycle 8000 Systolic bubble cycle 0 Core idle cycle 8000 
[2026-06-29 17:24:59.437] [info] Core [0] : Systolic Array Utilization(%) 0.00 (0.00% PE util), Vector Unit Utilization(%) 0.00, Total cycle: 864000
[2026-06-29 17:24:59.549] [info] HBM2-CH_0: BW utilization 0% (0 reads, 0 writes)
[2026-06-29 17:24:59.555] [info] Core [0] : MatMul active cycle 0 Vector active cycle 0 
[2026-06-29 17:24:59.555] [info] Core [0] : issued tile 0 
[2026-06-29 17:24:59.555] [info] Core [0] : Memory unit idle cycle 8000 Systolic bubble cycle 0 Core idle cycle 8000 
[2026-06-29 17:24:59.555] [info] Core [0] : Systolic Array Utilization(%) 0.00 (0.00% PE util), Vector Unit Utilization(%) 0.00, Total cycle: 872000
[2026-06-29 17:24:59.667] [info] HBM2-CH_0: BW utilization 0% (0 reads, 0 writes)
[2026-06-29 17:24:59.672] [info] Core [0] : MatMul active cycle 0 Vector active cycle 0 
[2026-06-29 17:24:59.672] [info] Core [0] : issued tile 0 
[2026-06-29 17:24:59.672] [info] Core [0] : Memory unit idle cycle 8000 Systolic bubble cycle 0 Core idle cycle 8000 
[2026-06-29 17:24:59.672] [info] Core [0] : Systolic Array Utilization(%) 0.00 (0.00% PE util), Vector Unit Utilization(%) 0.00, Total cycle: 880000
[2026-06-29 17:24:59.783] [info] HBM2-CH_0: BW utilization 0% (0 reads, 0 writes)
[2026-06-29 17:24:59.789] [info] Core [0] : MatMul active cycle 0 Vector active cycle 0 
[2026-06-29 17:24:59.789] [info] Core [0] : issued tile 0 
[2026-06-29 17:24:59.789] [info] Core [0] : Memory unit idle cycle 8000 Systolic bubble cycle 0 Core idle cycle 8000 
[2026-06-29 17:24:59.789] [info] Core [0] : Systolic Array Utilization(%) 0.00 (0.00% PE util), Vector Unit Utilization(%) 0.00, Total cycle: 888000
[2026-06-29 17:24:59.900] [info] HBM2-CH_0: BW utilization 0% (0 reads, 0 writes)
[2026-06-29 17:24:59.905] [info] Core [0] : MatMul active cycle 0 Vector active cycle 0 
[2026-06-29 17:24:59.905] [info] Core [0] : issued tile 0 
[2026-06-29 17:24:59.905] [info] Core [0] : Memory unit idle cycle 8000 Systolic bubble cycle 0 Core idle cycle 8000 
[2026-06-29 17:24:59.905] [info] Core [0] : Systolic Array Utilization(%) 0.00 (0.00% PE util), Vector Unit Utilization(%) 0.00, Total cycle: 896000
[2026-06-29 17:25:00.018] [info] HBM2-CH_0: BW utilization 0% (0 reads, 0 writes)
[2026-06-29 17:25:00.024] [info] Core [0] : MatMul active cycle 0 Vector active cycle 0 
[2026-06-29 17:25:00.024] [info] Core [0] : issued tile 0 
[2026-06-29 17:25:00.024] [info] Core [0] : Memory unit idle cycle 8000 Systolic bubble cycle 0 Core idle cycle 8000 
[2026-06-29 17:25:00.024] [info] Core [0] : Systolic Array Utilization(%) 0.00 (0.00% PE util), Vector Unit Utilization(%) 0.00, Total cycle: 904000
[2026-06-29 17:25:00.136] [info] HBM2-CH_0: BW utilization 0% (0 reads, 0 writes)
[2026-06-29 17:25:00.141] [info] Core [0] : MatMul active cycle 0 Vector active cycle 0 
[2026-06-29 17:25:00.141] [info] Core [0] : issued tile 0 
[2026-06-29 17:25:00.141] [info] Core [0] : Memory unit idle cycle 8000 Systolic bubble cycle 0 Core idle cycle 8000 
[2026-06-29 17:25:00.141] [info] Core [0] : Systolic Array Utilization(%) 0.00 (0.00% PE util), Vector Unit Utilization(%) 0.00, Total cycle: 912000
[2026-06-29 17:25:00.252] [info] HBM2-CH_0: BW utilization 0% (0 reads, 0 writes)
[2026-06-29 17:25:00.258] [info] Core [0] : MatMul active cycle 0 Vector active cycle 0 
[2026-06-29 17:25:00.258] [info] Core [0] : issued tile 0 
[2026-06-29 17:25:00.258] [info] Core [0] : Memory unit idle cycle 8000 Systolic bubble cycle 0 Core idle cycle 8000 
[2026-06-29 17:25:00.258] [info] Core [0] : Systolic Array Utilization(%) 0.00 (0.00% PE util), Vector Unit Utilization(%) 0.00, Total cycle: 920000
[2026-06-29 17:25:00.369] [info] HBM2-CH_0: BW utilization 0% (0 reads, 0 writes)
[2026-06-29 17:25:00.374] [info] Core [0] : MatMul active cycle 0 Vector active cycle 0 
[2026-06-29 17:25:00.374] [info] Core [0] : issued tile 0 
[2026-06-29 17:25:00.374] [info] Core [0] : Memory unit idle cycle 8000 Systolic bubble cycle 0 Core idle cycle 8000 
[2026-06-29 17:25:00.374] [info] Core [0] : Systolic Array Utilization(%) 0.00 (0.00% PE util), Vector Unit Utilization(%) 0.00, Total cycle: 928000
[2026-06-29 17:25:00.487] [info] HBM2-CH_0: BW utilization 0% (0 reads, 0 writes)
[2026-06-29 17:25:00.492] [info] Core [0] : MatMul active cycle 0 Vector active cycle 0 
[2026-06-29 17:25:00.492] [info] Core [0] : issued tile 0 
[2026-06-29 17:25:00.492] [info] Core [0] : Memory unit idle cycle 8000 Systolic bubble cycle 0 Core idle cycle 8000 
[2026-06-29 17:25:00.492] [info] Core [0] : Systolic Array Utilization(%) 0.00 (0.00% PE util), Vector Unit Utilization(%) 0.00, Total cycle: 936000
[2026-06-29 17:25:00.605] [info] HBM2-CH_0: BW utilization 0% (0 reads, 0 writes)
[2026-06-29 17:25:00.611] [info] Core [0] : MatMul active cycle 0 Vector active cycle 0 
[2026-06-29 17:25:00.611] [info] Core [0] : issued tile 0 
[2026-06-29 17:25:00.611] [info] Core [0] : Memory unit idle cycle 8000 Systolic bubble cycle 0 Core idle cycle 8000 
[2026-06-29 17:25:00.611] [info] Core [0] : Systolic Array Utilization(%) 0.00 (0.00% PE util), Vector Unit Utilization(%) 0.00, Total cycle: 944000
[2026-06-29 17:25:00.725] [info] HBM2-CH_0: BW utilization 0% (0 reads, 0 writes)
[2026-06-29 17:25:00.731] [info] Core [0] : MatMul active cycle 0 Vector active cycle 0 
[2026-06-29 17:25:00.731] [info] Core [0] : issued tile 0 
[2026-06-29 17:25:00.731] [info] Core [0] : Memory unit idle cycle 8000 Systolic bubble cycle 0 Core idle cycle 8000 
[2026-06-29 17:25:00.731] [info] Core [0] : Systolic Array Utilization(%) 0.00 (0.00% PE util), Vector Unit Utilization(%) 0.00, Total cycle: 952000
[2026-06-29 17:25:00.842] [info] HBM2-CH_0: BW utilization 0% (0 reads, 0 writes)
[2026-06-29 17:25:00.847] [info] Core [0] : MatMul active cycle 0 Vector active cycle 0 
[2026-06-29 17:25:00.848] [info] Core [0] : issued tile 0 
[2026-06-29 17:25:00.848] [info] Core [0] : Memory unit idle cycle 8000 Systolic bubble cycle 0 Core idle cycle 8000 
[2026-06-29 17:25:00.848] [info] Core [0] : Systolic Array Utilization(%) 0.00 (0.00% PE util), Vector Unit Utilization(%) 0.00, Total cycle: 960000
[2026-06-29 17:25:00.959] [info] HBM2-CH_0: BW utilization 0% (0 reads, 0 writes)
[2026-06-29 17:25:00.965] [info] Core [0] : MatMul active cycle 0 Vector active cycle 0 
[2026-06-29 17:25:00.965] [info] Core [0] : issued tile 0 
[2026-06-29 17:25:00.965] [info] Core [0] : Memory unit idle cycle 8000 Systolic bubble cycle 0 Core idle cycle 8000 
[2026-06-29 17:25:00.965] [info] Core [0] : Systolic Array Utilization(%) 0.00 (0.00% PE util), Vector Unit Utilization(%) 0.00, Total cycle: 968000
[2026-06-29 17:25:01.076] [info] HBM2-CH_0: BW utilization 0% (0 reads, 0 writes)
[2026-06-29 17:25:01.082] [info] Core [0] : MatMul active cycle 0 Vector active cycle 0 
[2026-06-29 17:25:01.082] [info] Core [0] : issued tile 0 
[2026-06-29 17:25:01.082] [info] Core [0] : Memory unit idle cycle 8000 Systolic bubble cycle 0 Core idle cycle 8000 
[2026-06-29 17:25:01.082] [info] Core [0] : Systolic Array Utilization(%) 0.00 (0.00% PE util), Vector Unit Utilization(%) 0.00, Total cycle: 976000
[2026-06-29 17:25:01.193] [info] HBM2-CH_0: BW utilization 0% (0 reads, 0 writes)
[2026-06-29 17:25:01.198] [info] Core [0] : MatMul active cycle 0 Vector active cycle 0 
[2026-06-29 17:25:01.198] [info] Core [0] : issued tile 0 
[2026-06-29 17:25:01.198] [info] Core [0] : Memory unit idle cycle 8000 Systolic bubble cycle 0 Core idle cycle 8000 
[2026-06-29 17:25:01.198] [info] Core [0] : Systolic Array Utilization(%) 0.00 (0.00% PE util), Vector Unit Utilization(%) 0.00, Total cycle: 984000
[2026-06-29 17:25:03.949] [info] HBM2-CH_0: BW utilization 21% (34 reads, 2044 writes)
[2026-06-29 17:25:04.082] [info] Core [0] : MatMul active cycle 0 Vector active cycle 0 
[2026-06-29 17:25:04.082] [info] Core [0] : issued tile 0 
[2026-06-29 17:25:04.082] [info] Core [0] : Memory unit idle cycle 8000 Systolic bubble cycle 0 Core idle cycle 8000 
[2026-06-29 17:25:04.082] [info] Core [0] : Systolic Array Utilization(%) 0.00 (0.00% PE util), Vector Unit Utilization(%) 0.00, Total cycle: 992000
[2026-06-29 17:25:04.422] [info] HBM2-CH_0: BW utilization 13% (284 reads, 980 writes)
[2026-06-29 17:25:04.424] [info] Core [0] : MatMul active cycle 0 Vector active cycle 0 
[2026-06-29 17:25:04.424] [info] Core [0] : issued tile 0 
[2026-06-29 17:25:04.424] [info] Core [0] : Memory unit idle cycle 8000 Systolic bubble cycle 0 Core idle cycle 8000 
[2026-06-29 17:25:04.424] [info] Core [0] : Systolic Array Utilization(%) 0.00 (0.00% PE util), Vector Unit Utilization(%) 0.00, Total cycle: 1000000
[2026-06-29 17:25:04.471] [info] HBM2-CH_0: BW utilization 0% (0 reads, 0 writes)
[2026-06-29 17:25:04.473] [info] Core [0] : MatMul active cycle 0 Vector active cycle 0 
[2026-06-29 17:25:04.473] [info] Core [0] : issued tile 0 
[2026-06-29 17:25:04.473] [info] Core [0] : Memory unit idle cycle 8000 Systolic bubble cycle 0 Core idle cycle 8000 
[2026-06-29 17:25:04.473] [info] Core [0] : Systolic Array Utilization(%) 0.00 (0.00% PE util), Vector Unit Utilization(%) 0.00, Total cycle: 1008000
[2026-06-29 17:25:04.521] [info] HBM2-CH_0: BW utilization 0% (0 reads, 0 writes)
[2026-06-29 17:25:04.527] [info] Core [0] : MatMul active cycle 0 Vector active cycle 0 
[2026-06-29 17:25:04.527] [info] Core [0] : issued tile 0 
[2026-06-29 17:25:04.527] [info] Core [0] : Memory unit idle cycle 8000 Systolic bubble cycle 0 Core idle cycle 8000 
[2026-06-29 17:25:04.527] [info] Core [0] : Systolic Array Utilization(%) 0.00 (0.00% PE util), Vector Unit Utilization(%) 0.00, Total cycle: 1016000
[2026-06-29 17:25:04.577] [info] HBM2-CH_0: BW utilization 0% (0 reads, 0 writes)
[2026-06-29 17:25:04.579] [info] Core [0] : MatMul active cycle 0 Vector active cycle 0 
[2026-06-29 17:25:04.579] [info] Core [0] : issued tile 0 
[2026-06-29 17:25:04.579] [info] Core [0] : Memory unit idle cycle 8000 Systolic bubble cycle 0 Core idle cycle 8000 
[2026-06-29 17:25:04.579] [info] Core [0] : Systolic Array Utilization(%) 0.00 (0.00% PE util), Vector Unit Utilization(%) 0.00, Total cycle: 1024000
[2026-06-29 17:25:04.626] [info] HBM2-CH_0: BW utilization 0% (0 reads, 0 writes)
[2026-06-29 17:25:04.629] [info] Core [0] : MatMul active cycle 0 Vector active cycle 0 
[2026-06-29 17:25:04.629] [info] Core [0] : issued tile 0 
[2026-06-29 17:25:04.629] [info] Core [0] : Memory unit idle cycle 8000 Systolic bubble cycle 0 Core idle cycle 8000 
[2026-06-29 17:25:04.629] [info] Core [0] : Systolic Array Utilization(%) 0.00 (0.00% PE util), Vector Unit Utilization(%) 0.00, Total cycle: 1032000
[2026-06-29 17:25:04.676] [info] HBM2-CH_0: BW utilization 0% (0 reads, 0 writes)
[2026-06-29 17:25:04.678] [info] Core [0] : MatMul active cycle 0 Vector active cycle 0 
[2026-06-29 17:25:04.678] [info] Core [0] : issued tile 0 
[2026-06-29 17:25:04.679] [info] Core [0] : Memory unit idle cycle 8000 Systolic bubble cycle 0 Core idle cycle 8000 
[2026-06-29 17:25:04.679] [info] Core [0] : Systolic Array Utilization(%) 0.00 (0.00% PE util), Vector Unit Utilization(%) 0.00, Total cycle: 1040000
[2026-06-29 17:25:04.725] [info] HBM2-CH_0: BW utilization 0% (0 reads, 0 writes)
[2026-06-29 17:25:04.728] [info] Core [0] : MatMul active cycle 0 Vector active cycle 0 
[2026-06-29 17:25:04.728] [info] Core [0] : issued tile 0 
[2026-06-29 17:25:04.728] [info] Core [0] : Memory unit idle cycle 8000 Systolic bubble cycle 0 Core idle cycle 8000 
[2026-06-29 17:25:04.728] [info] Core [0] : Systolic Array Utilization(%) 0.00 (0.00% PE util), Vector Unit Utilization(%) 0.00, Total cycle: 1048000
[2026-06-29 17:25:04.775] [info] HBM2-CH_0: BW utilization 0% (0 reads, 0 writes)
[2026-06-29 17:25:04.778] [info] Core [0] : MatMul active cycle 0 Vector active cycle 0 
[2026-06-29 17:25:04.778] [info] Core [0] : issued tile 0 
[2026-06-29 17:25:04.778] [info] Core [0] : Memory unit idle cycle 8000 Systolic bubble cycle 0 Core idle cycle 8000 
[2026-06-29 17:25:04.778] [info] Core [0] : Systolic Array Utilization(%) 0.00 (0.00% PE util), Vector Unit Utilization(%) 0.00, Total cycle: 1056000
[2026-06-29 17:25:04.825] [info] HBM2-CH_0: BW utilization 0% (0 reads, 0 writes)
[2026-06-29 17:25:04.828] [info] Core [0] : MatMul active cycle 0 Vector active cycle 0 
[2026-06-29 17:25:04.828] [info] Core [0] : issued tile 0 
[2026-06-29 17:25:04.828] [info] Core [0] : Memory unit idle cycle 8000 Systolic bubble cycle 0 Core idle cycle 8000 
[2026-06-29 17:25:04.828] [info] Core [0] : Systolic Array Utilization(%) 0.00 (0.00% PE util), Vector Unit Utilization(%) 0.00, Total cycle: 1064000
[2026-06-29 17:25:04.875] [info] HBM2-CH_0: BW utilization 0% (0 reads, 0 writes)
[2026-06-29 17:25:04.877] [info] Core [0] : MatMul active cycle 0 Vector active cycle 0 
[2026-06-29 17:25:04.877] [info] Core [0] : issued tile 0 
[2026-06-29 17:25:04.877] [info] Core [0] : Memory unit idle cycle 8000 Systolic bubble cycle 0 Core idle cycle 8000 
[2026-06-29 17:25:04.877] [info] Core [0] : Systolic Array Utilization(%) 0.00 (0.00% PE util), Vector Unit Utilization(%) 0.00, Total cycle: 1072000
[2026-06-29 17:25:04.924] [info] HBM2-CH_0: BW utilization 0% (0 reads, 0 writes)
[2026-06-29 17:25:04.927] [info] Core [0] : MatMul active cycle 0 Vector active cycle 0 
[2026-06-29 17:25:04.927] [info] Core [0] : issued tile 0 
[2026-06-29 17:25:04.927] [info] Core [0] : Memory unit idle cycle 8000 Systolic bubble cycle 0 Core idle cycle 8000 
[2026-06-29 17:25:04.927] [info] Core [0] : Systolic Array Utilization(%) 0.00 (0.00% PE util), Vector Unit Utilization(%) 0.00, Total cycle: 1080000
[2026-06-29 17:25:04.974] [info] HBM2-CH_0: BW utilization 0% (0 reads, 0 writes)
[2026-06-29 17:25:04.976] [info] Core [0] : MatMul active cycle 0 Vector active cycle 0 
[2026-06-29 17:25:04.976] [info] Core [0] : issued tile 0 
[2026-06-29 17:25:04.976] [info] Core [0] : Memory unit idle cycle 8000 Systolic bubble cycle 0 Core idle cycle 8000 
[2026-06-29 17:25:04.976] [info] Core [0] : Systolic Array Utilization(%) 0.00 (0.00% PE util), Vector Unit Utilization(%) 0.00, Total cycle: 1088000
[2026-06-29 17:25:05.023] [info] HBM2-CH_0: BW utilization 0% (0 reads, 0 writes)
[2026-06-29 17:25:05.026] [info] Core [0] : MatMul active cycle 0 Vector active cycle 0 
[2026-06-29 17:25:05.026] [info] Core [0] : issued tile 0 
[2026-06-29 17:25:05.026] [info] Core [0] : Memory unit idle cycle 8000 Systolic bubble cycle 0 Core idle cycle 8000 
[2026-06-29 17:25:05.026] [info] Core [0] : Systolic Array Utilization(%) 0.00 (0.00% PE util), Vector Unit Utilization(%) 0.00, Total cycle: 1096000
[2026-06-29 17:25:05.073] [info] HBM2-CH_0: BW utilization 0% (0 reads, 0 writes)
[2026-06-29 17:25:05.075] [info] Core [0] : MatMul active cycle 0 Vector active cycle 0 
[2026-06-29 17:25:05.075] [info] Core [0] : issued tile 0 
[2026-06-29 17:25:05.075] [info] Core [0] : Memory unit idle cycle 8000 Systolic bubble cycle 0 Core idle cycle 8000 
[2026-06-29 17:25:05.075] [info] Core [0] : Systolic Array Utilization(%) 0.00 (0.00% PE util), Vector Unit Utilization(%) 0.00, Total cycle: 1104000
[2026-06-29 17:25:05.123] [info] HBM2-CH_0: BW utilization 0% (0 reads, 0 writes)
[2026-06-29 17:25:05.126] [info] Core [0] : MatMul active cycle 0 Vector active cycle 0 
[2026-06-29 17:25:05.126] [info] Core [0] : issued tile 0 
[2026-06-29 17:25:05.126] [info] Core [0] : Memory unit idle cycle 8000 Systolic bubble cycle 0 Core idle cycle 8000 
[2026-06-29 17:25:05.126] [info] Core [0] : Systolic Array Utilization(%) 0.00 (0.00% PE util), Vector Unit Utilization(%) 0.00, Total cycle: 1112000
[2026-06-29 17:25:05.172] [info] HBM2-CH_0: BW utilization 0% (0 reads, 0 writes)
[2026-06-29 17:25:05.175] [info] Core [0] : MatMul active cycle 0 Vector active cycle 0 
[2026-06-29 17:25:05.175] [info] Core [0] : issued tile 0 
[2026-06-29 17:25:05.175] [info] Core [0] : Memory unit idle cycle 8000 Systolic bubble cycle 0 Core idle cycle 8000 
[2026-06-29 17:25:05.175] [info] Core [0] : Systolic Array Utilization(%) 0.00 (0.00% PE util), Vector Unit Utilization(%) 0.00, Total cycle: 1120000
[2026-06-29 17:25:05.222] [info] HBM2-CH_0: BW utilization 0% (0 reads, 0 writes)
[2026-06-29 17:25:05.225] [info] Core [0] : MatMul active cycle 0 Vector active cycle 0 
[2026-06-29 17:25:05.225] [info] Core [0] : issued tile 0 
[2026-06-29 17:25:05.225] [info] Core [0] : Memory unit idle cycle 8000 Systolic bubble cycle 0 Core idle cycle 8000 
[2026-06-29 17:25:05.225] [info] Core [0] : Systolic Array Utilization(%) 0.00 (0.00% PE util), Vector Unit Utilization(%) 0.00, Total cycle: 1128000
[2026-06-29 17:25:05.272] [info] HBM2-CH_0: BW utilization 0% (0 reads, 0 writes)
[2026-06-29 17:25:05.275] [info] Core [0] : MatMul active cycle 0 Vector active cycle 0 
[2026-06-29 17:25:05.275] [info] Core [0] : issued tile 0 
[2026-06-29 17:25:05.275] [info] Core [0] : Memory unit idle cycle 8000 Systolic bubble cycle 0 Core idle cycle 8000 
[2026-06-29 17:25:05.275] [info] Core [0] : Systolic Array Utilization(%) 0.00 (0.00% PE util), Vector Unit Utilization(%) 0.00, Total cycle: 1136000
[2026-06-29 17:25:05.322] [info] HBM2-CH_0: BW utilization 0% (0 reads, 0 writes)
[2026-06-29 17:25:05.325] [info] Core [0] : MatMul active cycle 0 Vector active cycle 0 
[2026-06-29 17:25:05.325] [info] Core [0] : issued tile 0 
[2026-06-29 17:25:05.325] [info] Core [0] : Memory unit idle cycle 8000 Systolic bubble cycle 0 Core idle cycle 8000 
[2026-06-29 17:25:05.325] [info] Core [0] : Systolic Array Utilization(%) 0.00 (0.00% PE util), Vector Unit Utilization(%) 0.00, Total cycle: 1144000
[2026-06-29 17:25:05.372] [info] HBM2-CH_0: BW utilization 0% (0 reads, 0 writes)
[2026-06-29 17:25:05.375] [info] Core [0] : MatMul active cycle 0 Vector active cycle 0 
[2026-06-29 17:25:05.375] [info] Core [0] : issued tile 0 
[2026-06-29 17:25:05.375] [info] Core [0] : Memory unit idle cycle 8000 Systolic bubble cycle 0 Core idle cycle 8000 
[2026-06-29 17:25:05.375] [info] Core [0] : Systolic Array Utilization(%) 0.00 (0.00% PE util), Vector Unit Utilization(%) 0.00, Total cycle: 1152000
[2026-06-29 17:25:05.421] [info] HBM2-CH_0: BW utilization 0% (0 reads, 0 writes)
[2026-06-29 17:25:05.424] [info] Core [0] : MatMul active cycle 0 Vector active cycle 0 
[2026-06-29 17:25:05.424] [info] Core [0] : issued tile 0 
[2026-06-29 17:25:05.424] [info] Core [0] : Memory unit idle cycle 8000 Systolic bubble cycle 0 Core idle cycle 8000 
[2026-06-29 17:25:05.424] [info] Core [0] : Systolic Array Utilization(%) 0.00 (0.00% PE util), Vector Unit Utilization(%) 0.00, Total cycle: 1160000
[2026-06-29 17:25:05.470] [info] HBM2-CH_0: BW utilization 0% (0 reads, 0 writes)
[2026-06-29 17:25:05.473] [info] Core [0] : MatMul active cycle 0 Vector active cycle 0 
[2026-06-29 17:25:05.473] [info] Core [0] : issued tile 0 
[2026-06-29 17:25:05.473] [info] Core [0] : Memory unit idle cycle 8000 Systolic bubble cycle 0 Core idle cycle 8000 
[2026-06-29 17:25:05.473] [info] Core [0] : Systolic Array Utilization(%) 0.00 (0.00% PE util), Vector Unit Utilization(%) 0.00, Total cycle: 1168000
[2026-06-29 17:25:05.520] [info] HBM2-CH_0: BW utilization 0% (0 reads, 0 writes)
[2026-06-29 17:25:05.523] [info] Core [0] : MatMul active cycle 0 Vector active cycle 0 
[2026-06-29 17:25:05.523] [info] Core [0] : issued tile 0 
[2026-06-29 17:25:05.523] [info] Core [0] : Memory unit idle cycle 8000 Systolic bubble cycle 0 Core idle cycle 8000 
[2026-06-29 17:25:05.523] [info] Core [0] : Systolic Array Utilization(%) 0.00 (0.00% PE util), Vector Unit Utilization(%) 0.00, Total cycle: 1176000
[2026-06-29 17:25:05.570] [info] HBM2-CH_0: BW utilization 0% (0 reads, 0 writes)
[2026-06-29 17:25:05.573] [info] Core [0] : MatMul active cycle 0 Vector active cycle 0 
[2026-06-29 17:25:05.573] [info] Core [0] : issued tile 0 
[2026-06-29 17:25:05.573] [info] Core [0] : Memory unit idle cycle 8000 Systolic bubble cycle 0 Core idle cycle 8000 
[2026-06-29 17:25:05.573] [info] Core [0] : Systolic Array Utilization(%) 0.00 (0.00% PE util), Vector Unit Utilization(%) 0.00, Total cycle: 1184000
[2026-06-29 17:25:08.980] [info] HBM2-CH_0: BW utilization 34% (326 reads, 3024 writes)
[2026-06-29 17:25:08.986] [info] Core [0] : MatMul active cycle 0 Vector active cycle 0 
[2026-06-29 17:25:08.986] [info] Core [0] : issued tile 0 
[2026-06-29 17:25:08.986] [info] Core [0] : Memory unit idle cycle 8000 Systolic bubble cycle 0 Core idle cycle 8000 
[2026-06-29 17:25:08.986] [info] Core [0] : Systolic Array Utilization(%) 0.00 (0.00% PE util), Vector Unit Utilization(%) 0.00, Total cycle: 1192000
[2026-06-29 17:25:09.096] [info] HBM2-CH_0: BW utilization 0% (0 reads, 0 writes)
[2026-06-29 17:25:09.103] [info] Core [0] : MatMul active cycle 0 Vector active cycle 0 
[2026-06-29 17:25:09.103] [info] Core [0] : issued tile 0 
[2026-06-29 17:25:09.103] [info] Core [0] : Memory unit idle cycle 8000 Systolic bubble cycle 0 Core idle cycle 8000 
[2026-06-29 17:25:09.103] [info] Core [0] : Systolic Array Utilization(%) 0.00 (0.00% PE util), Vector Unit Utilization(%) 0.00, Total cycle: 1200000
[2026-06-29 17:25:09.212] [info] HBM2-CH_0: BW utilization 0% (0 reads, 0 writes)
[2026-06-29 17:25:09.219] [info] Core [0] : MatMul active cycle 0 Vector active cycle 0 
[2026-06-29 17:25:09.219] [info] Core [0] : issued tile 0 
[2026-06-29 17:25:09.219] [info] Core [0] : Memory unit idle cycle 8000 Systolic bubble cycle 0 Core idle cycle 8000 
[2026-06-29 17:25:09.219] [info] Core [0] : Systolic Array Utilization(%) 0.00 (0.00% PE util), Vector Unit Utilization(%) 0.00, Total cycle: 1208000
[2026-06-29 17:25:09.328] [info] HBM2-CH_0: BW utilization 0% (0 reads, 0 writes)
[2026-06-29 17:25:09.335] [info] Core [0] : MatMul active cycle 0 Vector active cycle 0 
[2026-06-29 17:25:09.335] [info] Core [0] : issued tile 0 
[2026-06-29 17:25:09.335] [info] Core [0] : Memory unit idle cycle 8000 Systolic bubble cycle 0 Core idle cycle 8000 
[2026-06-29 17:25:09.335] [info] Core [0] : Systolic Array Utilization(%) 0.00 (0.00% PE util), Vector Unit Utilization(%) 0.00, Total cycle: 1216000
[2026-06-29 17:25:09.444] [info] HBM2-CH_0: BW utilization 0% (0 reads, 0 writes)
[2026-06-29 17:25:09.451] [info] Core [0] : MatMul active cycle 0 Vector active cycle 0 
[2026-06-29 17:25:09.451] [info] Core [0] : issued tile 0 
[2026-06-29 17:25:09.451] [info] Core [0] : Memory unit idle cycle 8000 Systolic bubble cycle 0 Core idle cycle 8000 
[2026-06-29 17:25:09.451] [info] Core [0] : Systolic Array Utilization(%) 0.00 (0.00% PE util), Vector Unit Utilization(%) 0.00, Total cycle: 1224000
[2026-06-29 17:25:09.560] [info] HBM2-CH_0: BW utilization 0% (0 reads, 0 writes)
[2026-06-29 17:25:09.567] [info] Core [0] : MatMul active cycle 0 Vector active cycle 0 
[2026-06-29 17:25:09.567] [info] Core [0] : issued tile 0 
[2026-06-29 17:25:09.567] [info] Core [0] : Memory unit idle cycle 8000 Systolic bubble cycle 0 Core idle cycle 8000 
[2026-06-29 17:25:09.567] [info] Core [0] : Systolic Array Utilization(%) 0.00 (0.00% PE util), Vector Unit Utilization(%) 0.00, Total cycle: 1232000
[2026-06-29 17:25:09.664] [info] HBM2-CH_0: BW utilization 0% (0 reads, 0 writes)
[2026-06-29 17:25:09.670] [info] Core [0] : MatMul active cycle 0 Vector active cycle 0 
[2026-06-29 17:25:09.670] [info] Core [0] : issued tile 0 
[2026-06-29 17:25:09.670] [info] Core [0] : Memory unit idle cycle 8000 Systolic bubble cycle 0 Core idle cycle 8000 
[2026-06-29 17:25:09.670] [info] Core [0] : Systolic Array Utilization(%) 0.00 (0.00% PE util), Vector Unit Utilization(%) 0.00, Total cycle: 1240000
[2026-06-29 17:25:09.759] [info] HBM2-CH_0: BW utilization 0% (0 reads, 0 writes)
[2026-06-29 17:25:09.765] [info] Core [0] : MatMul active cycle 0 Vector active cycle 0 
[2026-06-29 17:25:09.765] [info] Core [0] : issued tile 0 
[2026-06-29 17:25:09.765] [info] Core [0] : Memory unit idle cycle 8000 Systolic bubble cycle 0 Core idle cycle 8000 
[2026-06-29 17:25:09.765] [info] Core [0] : Systolic Array Utilization(%) 0.00 (0.00% PE util), Vector Unit Utilization(%) 0.00, Total cycle: 1248000
[2026-06-29 17:25:09.852] [info] HBM2-CH_0: BW utilization 0% (0 reads, 0 writes)
[2026-06-29 17:25:09.857] [info] Core [0] : MatMul active cycle 0 Vector active cycle 0 
[2026-06-29 17:25:09.858] [info] Core [0] : issued tile 0 
[2026-06-29 17:25:09.858] [info] Core [0] : Memory unit idle cycle 8000 Systolic bubble cycle 0 Core idle cycle 8000 
[2026-06-29 17:25:09.858] [info] Core [0] : Systolic Array Utilization(%) 0.00 (0.00% PE util), Vector Unit Utilization(%) 0.00, Total cycle: 1256000
[2026-06-29 17:25:09.943] [info] HBM2-CH_0: BW utilization 0% (0 reads, 0 writes)
[2026-06-29 17:25:09.949] [info] Core [0] : MatMul active cycle 0 Vector active cycle 0 
[2026-06-29 17:25:09.949] [info] Core [0] : issued tile 0 
[2026-06-29 17:25:09.949] [info] Core [0] : Memory unit idle cycle 8000 Systolic bubble cycle 0 Core idle cycle 8000 
[2026-06-29 17:25:09.949] [info] Core [0] : Systolic Array Utilization(%) 0.00 (0.00% PE util), Vector Unit Utilization(%) 0.00, Total cycle: 1264000
[2026-06-29 17:25:10.037] [info] HBM2-CH_0: BW utilization 0% (0 reads, 0 writes)
[2026-06-29 17:25:10.043] [info] Core [0] : MatMul active cycle 0 Vector active cycle 0 
[2026-06-29 17:25:10.043] [info] Core [0] : issued tile 0 
[2026-06-29 17:25:10.043] [info] Core [0] : Memory unit idle cycle 8000 Systolic bubble cycle 0 Core idle cycle 8000 
[2026-06-29 17:25:10.043] [info] Core [0] : Systolic Array Utilization(%) 0.00 (0.00% PE util), Vector Unit Utilization(%) 0.00, Total cycle: 1272000
[2026-06-29 17:25:10.130] [info] HBM2-CH_0: BW utilization 0% (0 reads, 0 writes)
[2026-06-29 17:25:10.136] [info] Core [0] : MatMul active cycle 0 Vector active cycle 0 
[2026-06-29 17:25:10.136] [info] Core [0] : issued tile 0 
[2026-06-29 17:25:10.136] [info] Core [0] : Memory unit idle cycle 8000 Systolic bubble cycle 0 Core idle cycle 8000 
[2026-06-29 17:25:10.136] [info] Core [0] : Systolic Array Utilization(%) 0.00 (0.00% PE util), Vector Unit Utilization(%) 0.00, Total cycle: 1280000
[2026-06-29 17:25:10.223] [info] HBM2-CH_0: BW utilization 0% (0 reads, 0 writes)
[2026-06-29 17:25:10.229] [info] Core [0] : MatMul active cycle 0 Vector active cycle 0 
[2026-06-29 17:25:10.229] [info] Core [0] : issued tile 0 
[2026-06-29 17:25:10.229] [info] Core [0] : Memory unit idle cycle 8000 Systolic bubble cycle 0 Core idle cycle 8000 
[2026-06-29 17:25:10.229] [info] Core [0] : Systolic Array Utilization(%) 0.00 (0.00% PE util), Vector Unit Utilization(%) 0.00, Total cycle: 1288000
[2026-06-29 17:25:10.313] [info] HBM2-CH_0: BW utilization 0% (0 reads, 0 writes)
[2026-06-29 17:25:10.319] [info] Core [0] : MatMul active cycle 0 Vector active cycle 0 
[2026-06-29 17:25:10.319] [info] Core [0] : issued tile 0 
[2026-06-29 17:25:10.319] [info] Core [0] : Memory unit idle cycle 8000 Systolic bubble cycle 0 Core idle cycle 8000 
[2026-06-29 17:25:10.319] [info] Core [0] : Systolic Array Utilization(%) 0.00 (0.00% PE util), Vector Unit Utilization(%) 0.00, Total cycle: 1296000
[2026-06-29 17:25:10.405] [info] HBM2-CH_0: BW utilization 0% (0 reads, 0 writes)
[2026-06-29 17:25:10.411] [info] Core [0] : MatMul active cycle 0 Vector active cycle 0 
[2026-06-29 17:25:10.411] [info] Core [0] : issued tile 0 
[2026-06-29 17:25:10.411] [info] Core [0] : Memory unit idle cycle 8000 Systolic bubble cycle 0 Core idle cycle 8000 
[2026-06-29 17:25:10.411] [info] Core [0] : Systolic Array Utilization(%) 0.00 (0.00% PE util), Vector Unit Utilization(%) 0.00, Total cycle: 1304000
[2026-06-29 17:25:10.495] [info] HBM2-CH_0: BW utilization 0% (0 reads, 0 writes)
[2026-06-29 17:25:10.501] [info] Core [0] : MatMul active cycle 0 Vector active cycle 0 
[2026-06-29 17:25:10.501] [info] Core [0] : issued tile 0 
[2026-06-29 17:25:10.501] [info] Core [0] : Memory unit idle cycle 8000 Systolic bubble cycle 0 Core idle cycle 8000 
[2026-06-29 17:25:10.501] [info] Core [0] : Systolic Array Utilization(%) 0.00 (0.00% PE util), Vector Unit Utilization(%) 0.00, Total cycle: 1312000
[2026-06-29 17:25:10.585] [info] HBM2-CH_0: BW utilization 0% (0 reads, 0 writes)
[2026-06-29 17:25:10.591] [info] Core [0] : MatMul active cycle 0 Vector active cycle 0 
[2026-06-29 17:25:10.591] [info] Core [0] : issued tile 0 
[2026-06-29 17:25:10.591] [info] Core [0] : Memory unit idle cycle 8000 Systolic bubble cycle 0 Core idle cycle 8000 
[2026-06-29 17:25:10.591] [info] Core [0] : Systolic Array Utilization(%) 0.00 (0.00% PE util), Vector Unit Utilization(%) 0.00, Total cycle: 1320000
[2026-06-29 17:25:10.674] [info] HBM2-CH_0: BW utilization 0% (0 reads, 0 writes)
[2026-06-29 17:25:10.680] [info] Core [0] : MatMul active cycle 0 Vector active cycle 0 
[2026-06-29 17:25:10.680] [info] Core [0] : issued tile 0 
[2026-06-29 17:25:10.680] [info] Core [0] : Memory unit idle cycle 8000 Systolic bubble cycle 0 Core idle cycle 8000 
[2026-06-29 17:25:10.680] [info] Core [0] : Systolic Array Utilization(%) 0.00 (0.00% PE util), Vector Unit Utilization(%) 0.00, Total cycle: 1328000
[2026-06-29 17:25:10.765] [info] HBM2-CH_0: BW utilization 0% (0 reads, 0 writes)
[2026-06-29 17:25:10.771] [info] Core [0] : MatMul active cycle 0 Vector active cycle 0 
[2026-06-29 17:25:10.771] [info] Core [0] : issued tile 0 
[2026-06-29 17:25:10.771] [info] Core [0] : Memory unit idle cycle 8000 Systolic bubble cycle 0 Core idle cycle 8000 
[2026-06-29 17:25:10.771] [info] Core [0] : Systolic Array Utilization(%) 0.00 (0.00% PE util), Vector Unit Utilization(%) 0.00, Total cycle: 1336000
[2026-06-29 17:25:10.856] [info] HBM2-CH_0: BW utilization 0% (0 reads, 0 writes)
[2026-06-29 17:25:10.862] [info] Core [0] : MatMul active cycle 0 Vector active cycle 0 
[2026-06-29 17:25:10.862] [info] Core [0] : issued tile 0 
[2026-06-29 17:25:10.863] [info] Core [0] : Memory unit idle cycle 8000 Systolic bubble cycle 0 Core idle cycle 8000 
[2026-06-29 17:25:10.863] [info] Core [0] : Systolic Array Utilization(%) 0.00 (0.00% PE util), Vector Unit Utilization(%) 0.00, Total cycle: 1344000
[2026-06-29 17:25:10.947] [info] HBM2-CH_0: BW utilization 0% (0 reads, 0 writes)
[2026-06-29 17:25:10.953] [info] Core [0] : MatMul active cycle 0 Vector active cycle 0 
[2026-06-29 17:25:10.953] [info] Core [0] : issued tile 0 
[2026-06-29 17:25:10.953] [info] Core [0] : Memory unit idle cycle 8000 Systolic bubble cycle 0 Core idle cycle 8000 
[2026-06-29 17:25:10.953] [info] Core [0] : Systolic Array Utilization(%) 0.00 (0.00% PE util), Vector Unit Utilization(%) 0.00, Total cycle: 1352000
[2026-06-29 17:25:11.030] [info] HBM2-CH_0: BW utilization 0% (0 reads, 0 writes)
[2026-06-29 17:25:11.036] [info] Core [0] : MatMul active cycle 0 Vector active cycle 0 
[2026-06-29 17:25:11.036] [info] Core [0] : issued tile 0 
[2026-06-29 17:25:11.036] [info] Core [0] : Memory unit idle cycle 8000 Systolic bubble cycle 0 Core idle cycle 8000 
[2026-06-29 17:25:11.036] [info] Core [0] : Systolic Array Utilization(%) 0.00 (0.00% PE util), Vector Unit Utilization(%) 0.00, Total cycle: 1360000
[2026-06-29 17:25:11.115] [info] HBM2-CH_0: BW utilization 0% (0 reads, 0 writes)
[2026-06-29 17:25:11.121] [info] Core [0] : MatMul active cycle 0 Vector active cycle 0 
[2026-06-29 17:25:11.121] [info] Core [0] : issued tile 0 
[2026-06-29 17:25:11.121] [info] Core [0] : Memory unit idle cycle 8000 Systolic bubble cycle 0 Core idle cycle 8000 
[2026-06-29 17:25:11.121] [info] Core [0] : Systolic Array Utilization(%) 0.00 (0.00% PE util), Vector Unit Utilization(%) 0.00, Total cycle: 1368000
[2026-06-29 17:25:11.200] [info] HBM2-CH_0: BW utilization 0% (0 reads, 0 writes)
[2026-06-29 17:25:11.205] [info] Core [0] : MatMul active cycle 0 Vector active cycle 0 
[2026-06-29 17:25:11.205] [info] Core [0] : issued tile 0 
[2026-06-29 17:25:11.205] [info] Core [0] : Memory unit idle cycle 8000 Systolic bubble cycle 0 Core idle cycle 8000 
[2026-06-29 17:25:11.205] [info] Core [0] : Systolic Array Utilization(%) 0.00 (0.00% PE util), Vector Unit Utilization(%) 0.00, Total cycle: 1376000
[2026-06-29 17:25:11.282] [info] HBM2-CH_0: BW utilization 0% (0 reads, 0 writes)
[2026-06-29 17:25:11.289] [info] Core [0] : MatMul active cycle 0 Vector active cycle 0 
[2026-06-29 17:25:11.289] [info] Core [0] : issued tile 0 
[2026-06-29 17:25:11.289] [info] Core [0] : Memory unit idle cycle 8000 Systolic bubble cycle 0 Core idle cycle 8000 
[2026-06-29 17:25:11.289] [info] Core [0] : Systolic Array Utilization(%) 0.00 (0.00% PE util), Vector Unit Utilization(%) 0.00, Total cycle: 1384000
[2026-06-29 17:25:14.054] [info] HBM2-CH_0: BW utilization 31% (0 reads, 3024 writes)
[2026-06-29 17:25:14.079] [info] Core [0] : MatMul active cycle 0 Vector active cycle 0 
[2026-06-29 17:25:14.079] [info] Core [0] : issued tile 0 
[2026-06-29 17:25:14.079] [info] Core [0] : Memory unit idle cycle 8000 Systolic bubble cycle 0 Core idle cycle 8000 
[2026-06-29 17:25:14.079] [info] Core [0] : Systolic Array Utilization(%) 0.00 (0.00% PE util), Vector Unit Utilization(%) 0.00, Total cycle: 1392000
[2026-06-29 17:25:14.206] [info] HBM2-CH_0: BW utilization 0% (0 reads, 0 writes)
[2026-06-29 17:25:14.215] [info] Core [0] : MatMul active cycle 0 Vector active cycle 0 
[2026-06-29 17:25:14.216] [info] Core [0] : issued tile 0 
[2026-06-29 17:25:14.216] [info] Core [0] : Memory unit idle cycle 8000 Systolic bubble cycle 0 Core idle cycle 8000 
[2026-06-29 17:25:14.216] [info] Core [0] : Systolic Array Utilization(%) 0.00 (0.00% PE util), Vector Unit Utilization(%) 0.00, Total cycle: 1400000
[2026-06-29 17:25:14.342] [info] HBM2-CH_0: BW utilization 0% (0 reads, 0 writes)
[2026-06-29 17:25:14.352] [info] Core [0] : MatMul active cycle 0 Vector active cycle 0 
[2026-06-29 17:25:14.352] [info] Core [0] : issued tile 0 
[2026-06-29 17:25:14.352] [info] Core [0] : Memory unit idle cycle 8000 Systolic bubble cycle 0 Core idle cycle 8000 
[2026-06-29 17:25:14.352] [info] Core [0] : Systolic Array Utilization(%) 0.00 (0.00% PE util), Vector Unit Utilization(%) 0.00, Total cycle: 1408000
[2026-06-29 17:25:14.483] [info] HBM2-CH_0: BW utilization 0% (0 reads, 0 writes)
[2026-06-29 17:25:14.489] [info] Core [0] : MatMul active cycle 0 Vector active cycle 0 
[2026-06-29 17:25:14.489] [info] Core [0] : issued tile 0 
[2026-06-29 17:25:14.489] [info] Core [0] : Memory unit idle cycle 8000 Systolic bubble cycle 0 Core idle cycle 8000 
[2026-06-29 17:25:14.489] [info] Core [0] : Systolic Array Utilization(%) 0.00 (0.00% PE util), Vector Unit Utilization(%) 0.00, Total cycle: 1416000
[2026-06-29 17:25:14.604] [info] HBM2-CH_0: BW utilization 0% (0 reads, 0 writes)
[2026-06-29 17:25:14.613] [info] Core [0] : MatMul active cycle 0 Vector active cycle 0 
[2026-06-29 17:25:14.613] [info] Core [0] : issued tile 0 
[2026-06-29 17:25:14.613] [info] Core [0] : Memory unit idle cycle 8000 Systolic bubble cycle 0 Core idle cycle 8000 
[2026-06-29 17:25:14.613] [info] Core [0] : Systolic Array Utilization(%) 0.00 (0.00% PE util), Vector Unit Utilization(%) 0.00, Total cycle: 1424000
[2026-06-29 17:25:14.727] [info] HBM2-CH_0: BW utilization 0% (0 reads, 0 writes)
[2026-06-29 17:25:14.734] [info] Core [0] : MatMul active cycle 0 Vector active cycle 0 
[2026-06-29 17:25:14.734] [info] Core [0] : issued tile 0 
[2026-06-29 17:25:14.734] [info] Core [0] : Memory unit idle cycle 8000 Systolic bubble cycle 0 Core idle cycle 8000 
[2026-06-29 17:25:14.734] [info] Core [0] : Systolic Array Utilization(%) 0.00 (0.00% PE util), Vector Unit Utilization(%) 0.00, Total cycle: 1432000
[2026-06-29 17:25:14.841] [info] HBM2-CH_0: BW utilization 0% (0 reads, 0 writes)
[2026-06-29 17:25:14.850] [info] Core [0] : MatMul active cycle 0 Vector active cycle 0 
[2026-06-29 17:25:14.850] [info] Core [0] : issued tile 0 
[2026-06-29 17:25:14.850] [info] Core [0] : Memory unit idle cycle 8000 Systolic bubble cycle 0 Core idle cycle 8000 
[2026-06-29 17:25:14.850] [info] Core [0] : Systolic Array Utilization(%) 0.00 (0.00% PE util), Vector Unit Utilization(%) 0.00, Total cycle: 1440000
[2026-06-29 17:25:14.952] [info] HBM2-CH_0: BW utilization 0% (0 reads, 0 writes)
[2026-06-29 17:25:14.960] [info] Core [0] : MatMul active cycle 0 Vector active cycle 0 
[2026-06-29 17:25:14.960] [info] Core [0] : issued tile 0 
[2026-06-29 17:25:14.960] [info] Core [0] : Memory unit idle cycle 8000 Systolic bubble cycle 0 Core idle cycle 8000 
[2026-06-29 17:25:14.960] [info] Core [0] : Systolic Array Utilization(%) 0.00 (0.00% PE util), Vector Unit Utilization(%) 0.00, Total cycle: 1448000
[2026-06-29 17:25:15.073] [info] HBM2-CH_0: BW utilization 0% (0 reads, 0 writes)
[2026-06-29 17:25:15.082] [info] Core [0] : MatMul active cycle 0 Vector active cycle 0 
[2026-06-29 17:25:15.082] [info] Core [0] : issued tile 0 
[2026-06-29 17:25:15.082] [info] Core [0] : Memory unit idle cycle 8000 Systolic bubble cycle 0 Core idle cycle 8000 
[2026-06-29 17:25:15.082] [info] Core [0] : Systolic Array Utilization(%) 0.00 (0.00% PE util), Vector Unit Utilization(%) 0.00, Total cycle: 1456000
[2026-06-29 17:25:15.212] [info] HBM2-CH_0: BW utilization 0% (0 reads, 0 writes)
[2026-06-29 17:25:15.222] [info] Core [0] : MatMul active cycle 0 Vector active cycle 0 
[2026-06-29 17:25:15.222] [info] Core [0] : issued tile 0 
[2026-06-29 17:25:15.222] [info] Core [0] : Memory unit idle cycle 8000 Systolic bubble cycle 0 Core idle cycle 8000 
[2026-06-29 17:25:15.222] [info] Core [0] : Systolic Array Utilization(%) 0.00 (0.00% PE util), Vector Unit Utilization(%) 0.00, Total cycle: 1464000
[2026-06-29 17:25:15.344] [info] HBM2-CH_0: BW utilization 0% (0 reads, 0 writes)
[2026-06-29 17:25:15.354] [info] Core [0] : MatMul active cycle 0 Vector active cycle 0 
[2026-06-29 17:25:15.354] [info] Core [0] : issued tile 0 
[2026-06-29 17:25:15.354] [info] Core [0] : Memory unit idle cycle 8000 Systolic bubble cycle 0 Core idle cycle 8000 
[2026-06-29 17:25:15.354] [info] Core [0] : Systolic Array Utilization(%) 0.00 (0.00% PE util), Vector Unit Utilization(%) 0.00, Total cycle: 1472000
[2026-06-29 17:25:15.474] [info] HBM2-CH_0: BW utilization 0% (0 reads, 0 writes)
[2026-06-29 17:25:15.484] [info] Core [0] : MatMul active cycle 0 Vector active cycle 0 
[2026-06-29 17:25:15.484] [info] Core [0] : issued tile 0 
[2026-06-29 17:25:15.484] [info] Core [0] : Memory unit idle cycle 8000 Systolic bubble cycle 0 Core idle cycle 8000 
[2026-06-29 17:25:15.484] [info] Core [0] : Systolic Array Utilization(%) 0.00 (0.00% PE util), Vector Unit Utilization(%) 0.00, Total cycle: 1480000
[2026-06-29 17:25:15.601] [info] HBM2-CH_0: BW utilization 0% (0 reads, 0 writes)
[2026-06-29 17:25:15.610] [info] Core [0] : MatMul active cycle 0 Vector active cycle 0 
[2026-06-29 17:25:15.610] [info] Core [0] : issued tile 0 
[2026-06-29 17:25:15.610] [info] Core [0] : Memory unit idle cycle 8000 Systolic bubble cycle 0 Core idle cycle 8000 
[2026-06-29 17:25:15.610] [info] Core [0] : Systolic Array Utilization(%) 0.00 (0.00% PE util), Vector Unit Utilization(%) 0.00, Total cycle: 1488000
[2026-06-29 17:25:15.730] [info] HBM2-CH_0: BW utilization 0% (0 reads, 0 writes)
[2026-06-29 17:25:15.740] [info] Core [0] : MatMul active cycle 0 Vector active cycle 0 
[2026-06-29 17:25:15.740] [info] Core [0] : issued tile 0 
[2026-06-29 17:25:15.740] [info] Core [0] : Memory unit idle cycle 8000 Systolic bubble cycle 0 Core idle cycle 8000 
[2026-06-29 17:25:15.740] [info] Core [0] : Systolic Array Utilization(%) 0.00 (0.00% PE util), Vector Unit Utilization(%) 0.00, Total cycle: 1496000
[2026-06-29 17:25:15.860] [info] HBM2-CH_0: BW utilization 0% (0 reads, 0 writes)
[2026-06-29 17:25:15.870] [info] Core [0] : MatMul active cycle 0 Vector active cycle 0 
[2026-06-29 17:25:15.870] [info] Core [0] : issued tile 0 
[2026-06-29 17:25:15.870] [info] Core [0] : Memory unit idle cycle 8000 Systolic bubble cycle 0 Core idle cycle 8000 
[2026-06-29 17:25:15.870] [info] Core [0] : Systolic Array Utilization(%) 0.00 (0.00% PE util), Vector Unit Utilization(%) 0.00, Total cycle: 1504000
[2026-06-29 17:25:15.990] [info] HBM2-CH_0: BW utilization 0% (0 reads, 0 writes)
[2026-06-29 17:25:16.000] [info] Core [0] : MatMul active cycle 0 Vector active cycle 0 
[2026-06-29 17:25:16.000] [info] Core [0] : issued tile 0 
[2026-06-29 17:25:16.000] [info] Core [0] : Memory unit idle cycle 8000 Systolic bubble cycle 0 Core idle cycle 8000 
[2026-06-29 17:25:16.000] [info] Core [0] : Systolic Array Utilization(%) 0.00 (0.00% PE util), Vector Unit Utilization(%) 0.00, Total cycle: 1512000
[2026-06-29 17:25:16.121] [info] HBM2-CH_0: BW utilization 0% (0 reads, 0 writes)
[2026-06-29 17:25:16.131] [info] Core [0] : MatMul active cycle 0 Vector active cycle 0 
[2026-06-29 17:25:16.131] [info] Core [0] : issued tile 0 
[2026-06-29 17:25:16.131] [info] Core [0] : Memory unit idle cycle 8000 Systolic bubble cycle 0 Core idle cycle 8000 
[2026-06-29 17:25:16.131] [info] Core [0] : Systolic Array Utilization(%) 0.00 (0.00% PE util), Vector Unit Utilization(%) 0.00, Total cycle: 1520000
[2026-06-29 17:25:16.259] [info] HBM2-CH_0: BW utilization 0% (0 reads, 0 writes)
[2026-06-29 17:25:16.271] [info] Core [0] : MatMul active cycle 0 Vector active cycle 0 
[2026-06-29 17:25:16.271] [info] Core [0] : issued tile 0 
[2026-06-29 17:25:16.271] [info] Core [0] : Memory unit idle cycle 8000 Systolic bubble cycle 0 Core idle cycle 8000 
[2026-06-29 17:25:16.271] [info] Core [0] : Systolic Array Utilization(%) 0.00 (0.00% PE util), Vector Unit Utilization(%) 0.00, Total cycle: 1528000
[2026-06-29 17:25:16.388] [info] HBM2-CH_0: BW utilization 0% (0 reads, 0 writes)
[2026-06-29 17:25:16.398] [info] Core [0] : MatMul active cycle 0 Vector active cycle 0 
[2026-06-29 17:25:16.398] [info] Core [0] : issued tile 0 
[2026-06-29 17:25:16.398] [info] Core [0] : Memory unit idle cycle 8000 Systolic bubble cycle 0 Core idle cycle 8000 
[2026-06-29 17:25:16.398] [info] Core [0] : Systolic Array Utilization(%) 0.00 (0.00% PE util), Vector Unit Utilization(%) 0.00, Total cycle: 1536000
[2026-06-29 17:25:16.523] [info] HBM2-CH_0: BW utilization 0% (0 reads, 0 writes)
[2026-06-29 17:25:16.532] [info] Core [0] : MatMul active cycle 0 Vector active cycle 0 
[2026-06-29 17:25:16.532] [info] Core [0] : issued tile 0 
[2026-06-29 17:25:16.532] [info] Core [0] : Memory unit idle cycle 8000 Systolic bubble cycle 0 Core idle cycle 8000 
[2026-06-29 17:25:16.532] [info] Core [0] : Systolic Array Utilization(%) 0.00 (0.00% PE util), Vector Unit Utilization(%) 0.00, Total cycle: 1544000
[2026-06-29 17:25:16.649] [info] HBM2-CH_0: BW utilization 0% (0 reads, 0 writes)
[2026-06-29 17:25:16.659] [info] Core [0] : MatMul active cycle 0 Vector active cycle 0 
[2026-06-29 17:25:16.660] [info] Core [0] : issued tile 0 
[2026-06-29 17:25:16.660] [info] Core [0] : Memory unit idle cycle 8000 Systolic bubble cycle 0 Core idle cycle 8000 
[2026-06-29 17:25:16.660] [info] Core [0] : Systolic Array Utilization(%) 0.00 (0.00% PE util), Vector Unit Utilization(%) 0.00, Total cycle: 1552000
[2026-06-29 17:25:16.771] [info] HBM2-CH_0: BW utilization 0% (0 reads, 0 writes)
[2026-06-29 17:25:16.781] [info] Core [0] : MatMul active cycle 0 Vector active cycle 0 
[2026-06-29 17:25:16.781] [info] Core [0] : issued tile 0 
[2026-06-29 17:25:16.781] [info] Core [0] : Memory unit idle cycle 8000 Systolic bubble cycle 0 Core idle cycle 8000 
[2026-06-29 17:25:16.781] [info] Core [0] : Systolic Array Utilization(%) 0.00 (0.00% PE util), Vector Unit Utilization(%) 0.00, Total cycle: 1560000
[2026-06-29 17:25:16.893] [info] HBM2-CH_0: BW utilization 0% (0 reads, 0 writes)
[2026-06-29 17:25:16.902] [info] Core [0] : MatMul active cycle 0 Vector active cycle 0 
[2026-06-29 17:25:16.902] [info] Core [0] : issued tile 0 
[2026-06-29 17:25:16.902] [info] Core [0] : Memory unit idle cycle 8000 Systolic bubble cycle 0 Core idle cycle 8000 
[2026-06-29 17:25:16.902] [info] Core [0] : Systolic Array Utilization(%) 0.00 (0.00% PE util), Vector Unit Utilization(%) 0.00, Total cycle: 1568000
[2026-06-29 17:25:17.014] [info] HBM2-CH_0: BW utilization 0% (0 reads, 0 writes)
[2026-06-29 17:25:17.024] [info] Core [0] : MatMul active cycle 0 Vector active cycle 0 
[2026-06-29 17:25:17.024] [info] Core [0] : issued tile 0 
[2026-06-29 17:25:17.024] [info] Core [0] : Memory unit idle cycle 8000 Systolic bubble cycle 0 Core idle cycle 8000 
[2026-06-29 17:25:17.024] [info] Core [0] : Systolic Array Utilization(%) 0.00 (0.00% PE util), Vector Unit Utilization(%) 0.00, Total cycle: 1576000
[2026-06-29 17:25:17.200] [info] Layer Conv_0 finish at 1581913
[2026-06-29 17:25:17.200] [info] Total compute time 1581913
[2026-06-29 17:25:17.200] [info] executable layer count 1
[2026-06-29 17:25:17.200] [info] Start layer MaxPool_2
[2026-06-29 17:25:17.201] [info] Layer MaxPool_2 finish at 1581915
[2026-06-29 17:25:17.201] [info] Total compute time 2
[2026-06-29 17:25:17.201] [info] executable layer count 1
[2026-06-29 17:25:17.201] [info] Start layer Conv_3
[2026-06-29 17:25:20.124] [info] HBM2-CH_0: BW utilization 14% (353 reads, 1011 writes)
[2026-06-29 17:25:22.137] [info] Core [0] : MatMul active cycle 0 Vector active cycle 0 
[2026-06-29 17:25:22.137] [info] Core [0] : issued tile 2 
[2026-06-29 17:25:22.137] [info] Core [0] : Memory unit idle cycle 5917 Systolic bubble cycle 0 Core idle cycle 5916 
[2026-06-29 17:25:22.137] [info] Core [0] : Systolic Array Utilization(%) 0.00 (0.00% PE util), Vector Unit Utilization(%) 0.00, Total cycle: 1584000
[2026-06-29 17:25:37.264] [info] HBM2-CH_0: BW utilization 53% (3876 reads, 1274 writes)
[2026-06-29 17:25:37.469] [info] Core [0] : MatMul active cycle 784 Vector active cycle 0 
[2026-06-29 17:25:37.469] [info] Core [0] : issued tile 2 
[2026-06-29 17:25:37.469] [info] Core [0] : Memory unit idle cycle 6677 Systolic bubble cycle 0 Core idle cycle 0 
[2026-06-29 17:25:37.469] [info] Core [0] : Systolic Array Utilization(%) 68.91 (9.80% PE util), Vector Unit Utilization(%) 0.00, Total cycle: 1592000
[2026-06-29 17:25:38.165] [info] HBM2-CH_0: BW utilization 28% (2042 reads, 739 writes)
[2026-06-29 17:25:38.169] [info] Core [0] : MatMul active cycle 2352 Vector active cycle 0 
[2026-06-29 17:25:38.169] [info] Core [0] : issued tile 2 
[2026-06-29 17:25:38.169] [info] Core [0] : Memory unit idle cycle 8000 Systolic bubble cycle 0 Core idle cycle 0 
[2026-06-29 17:25:38.169] [info] Core [0] : Systolic Array Utilization(%) 100.00 (29.40% PE util), Vector Unit Utilization(%) 0.00, Total cycle: 1600000
[2026-06-29 17:25:38.213] [info] HBM2-CH_0: BW utilization 0% (0 reads, 0 writes)
[2026-06-29 17:25:38.216] [info] Core [0] : MatMul active cycle 1568 Vector active cycle 0 
[2026-06-29 17:25:38.216] [info] Core [0] : issued tile 2 
[2026-06-29 17:25:38.216] [info] Core [0] : Memory unit idle cycle 8000 Systolic bubble cycle 0 Core idle cycle 0 
[2026-06-29 17:25:38.216] [info] Core [0] : Systolic Array Utilization(%) 100.00 (19.60% PE util), Vector Unit Utilization(%) 0.00, Total cycle: 1608000
[2026-06-29 17:25:38.314] [info] HBM2-CH_0: BW utilization 3% (0 reads, 338 writes)
[2026-06-29 17:25:38.381] [info] Core [0] : MatMul active cycle 2352 Vector active cycle 0 
[2026-06-29 17:25:38.381] [info] Core [0] : issued tile 1 
[2026-06-29 17:25:38.381] [info] Core [0] : Memory unit idle cycle 7216 Systolic bubble cycle 0 Core idle cycle 0 
[2026-06-29 17:25:38.381] [info] Core [0] : Systolic Array Utilization(%) 100.00 (29.40% PE util), Vector Unit Utilization(%) 0.00, Total cycle: 1616000
[2026-06-29 17:25:38.684] [info] HBM2-CH_0: BW utilization 12% (0 reads, 1199 writes)
[2026-06-29 17:25:39.076] [info] Core [0] : MatMul active cycle 1568 Vector active cycle 0 
[2026-06-29 17:25:39.076] [info] Core [0] : issued tile 1 
[2026-06-29 17:25:39.076] [info] Core [0] : Memory unit idle cycle 8000 Systolic bubble cycle 0 Core idle cycle 0 
[2026-06-29 17:25:39.076] [info] Core [0] : Systolic Array Utilization(%) 100.00 (19.60% PE util), Vector Unit Utilization(%) 0.00, Total cycle: 1624000
[2026-06-29 17:25:39.649] [info] HBM2-CH_0: BW utilization 16% (0 reads, 1599 writes)
[2026-06-29 17:25:39.659] [info] Core [0] : MatMul active cycle 2352 Vector active cycle 0 
[2026-06-29 17:25:39.659] [info] Core [0] : issued tile 1 
[2026-06-29 17:25:39.659] [info] Core [0] : Memory unit idle cycle 8000 Systolic bubble cycle 0 Core idle cycle 0 
[2026-06-29 17:25:39.659] [info] Core [0] : Systolic Array Utilization(%) 100.00 (29.40% PE util), Vector Unit Utilization(%) 0.00, Total cycle: 1632000
[2026-06-29 17:25:39.771] [info] HBM2-CH_0: BW utilization 0% (0 reads, 0 writes)
[2026-06-29 17:25:39.783] [info] Core [0] : MatMul active cycle 1568 Vector active cycle 0 
[2026-06-29 17:25:39.783] [info] Core [0] : issued tile 1 
[2026-06-29 17:25:39.783] [info] Core [0] : Memory unit idle cycle 8000 Systolic bubble cycle 0 Core idle cycle 0 
[2026-06-29 17:25:39.783] [info] Core [0] : Systolic Array Utilization(%) 100.00 (19.60% PE util), Vector Unit Utilization(%) 0.00, Total cycle: 1640000
[2026-06-29 17:25:40.130] [info] HBM2-CH_0: BW utilization 8% (0 reads, 784 writes)
[2026-06-29 17:25:40.140] [info] Core [0] : MatMul active cycle 1568 Vector active cycle 0 
[2026-06-29 17:25:40.140] [info] Core [0] : issued tile 0 
[2026-06-29 17:25:40.140] [info] Core [0] : Memory unit idle cycle 7216 Systolic bubble cycle 0 Core idle cycle 3960 
[2026-06-29 17:25:40.140] [info] Core [0] : Systolic Array Utilization(%) 39.86 (19.60% PE util), Vector Unit Utilization(%) 0.00, Total cycle: 1648000
[2026-06-29 17:25:40.485] [info] Layer Conv_3 finish at 1651576
[2026-06-29 17:25:40.485] [info] Total compute time 69661
[2026-06-29 17:25:40.485] [info] executable layer count 1
[2026-06-29 17:25:40.485] [info] Start layer Conv_5
[2026-06-29 17:25:50.987] [info] HBM2-CH_0: BW utilization 39% (1526 reads, 2265 writes)
[2026-06-29 17:25:52.930] [info] Core [0] : MatMul active cycle 0 Vector active cycle 0 
[2026-06-29 17:25:52.930] [info] Core [0] : issued tile 2 
[2026-06-29 17:25:52.930] [info] Core [0] : Memory unit idle cycle 3731 Systolic bubble cycle 0 Core idle cycle 3577 
[2026-06-29 17:25:52.930] [info] Core [0] : Systolic Array Utilization(%) 0.00 (0.00% PE util), Vector Unit Utilization(%) 0.00, Total cycle: 1656000
[2026-06-29 17:26:00.643] [info] HBM2-CH_0: BW utilization 50% (4770 reads, 87 writes)
[2026-06-29 17:26:00.652] [info] Core [0] : MatMul active cycle 0 Vector active cycle 0 
[2026-06-29 17:26:00.652] [info] Core [0] : issued tile 2 
[2026-06-29 17:26:00.652] [info] Core [0] : Memory unit idle cycle 8000 Systolic bubble cycle 0 Core idle cycle 0 
[2026-06-29 17:26:00.652] [info] Core [0] : Systolic Array Utilization(%) 10.45 (0.00% PE util), Vector Unit Utilization(%) 0.00, Total cycle: 1664000
[2026-06-29 17:26:00.754] [info] HBM2-CH_0: BW utilization 0% (0 reads, 0 writes)
[2026-06-29 17:26:00.764] [info] Core [0] : MatMul active cycle 1568 Vector active cycle 0 
[2026-06-29 17:26:00.764] [info] Core [0] : issued tile 2 
[2026-06-29 17:26:00.764] [info] Core [0] : Memory unit idle cycle 8000 Systolic bubble cycle 0 Core idle cycle 0 
[2026-06-29 17:26:00.764] [info] Core [0] : Systolic Array Utilization(%) 100.00 (19.60% PE util), Vector Unit Utilization(%) 0.00, Total cycle: 1672000
[2026-06-29 17:26:00.865] [info] HBM2-CH_0: BW utilization 0% (0 reads, 0 writes)
[2026-06-29 17:26:00.875] [info] Core [0] : MatMul active cycle 2352 Vector active cycle 0 
[2026-06-29 17:26:00.875] [info] Core [0] : issued tile 2 
[2026-06-29 17:26:00.875] [info] Core [0] : Memory unit idle cycle 8000 Systolic bubble cycle 0 Core idle cycle 0 
[2026-06-29 17:26:00.875] [info] Core [0] : Systolic Array Utilization(%) 100.00 (29.40% PE util), Vector Unit Utilization(%) 0.00, Total cycle: 1680000
[2026-06-29 17:26:00.976] [info] HBM2-CH_0: BW utilization 0% (0 reads, 0 writes)
[2026-06-29 17:26:00.986] [info] Core [0] : MatMul active cycle 1568 Vector active cycle 0 
[2026-06-29 17:26:00.986] [info] Core [0] : issued tile 2 
[2026-06-29 17:26:00.986] [info] Core [0] : Memory unit idle cycle 8000 Systolic bubble cycle 0 Core idle cycle 0 
[2026-06-29 17:26:00.986] [info] Core [0] : Systolic Array Utilization(%) 100.00 (19.60% PE util), Vector Unit Utilization(%) 0.00, Total cycle: 1688000
[2026-06-29 17:26:03.899] [info] HBM2-CH_0: BW utilization 32% (0 reads, 3127 writes)
[2026-06-29 17:26:03.916] [info] Core [0] : MatMul active cycle 2352 Vector active cycle 0 
[2026-06-29 17:26:03.916] [info] Core [0] : issued tile 1 
[2026-06-29 17:26:03.916] [info] Core [0] : Memory unit idle cycle 7216 Systolic bubble cycle 0 Core idle cycle 0 
[2026-06-29 17:26:03.916] [info] Core [0] : Systolic Array Utilization(%) 100.00 (29.40% PE util), Vector Unit Utilization(%) 0.00, Total cycle: 1696000
[2026-06-29 17:26:04.028] [info] HBM2-CH_0: BW utilization 0% (0 reads, 7 writes)
[2026-06-29 17:26:04.039] [info] Core [0] : MatMul active cycle 1568 Vector active cycle 0 
[2026-06-29 17:26:04.039] [info] Core [0] : issued tile 1 
[2026-06-29 17:26:04.039] [info] Core [0] : Memory unit idle cycle 8000 Systolic bubble cycle 0 Core idle cycle 0 
[2026-06-29 17:26:04.039] [info] Core [0] : Systolic Array Utilization(%) 100.00 (19.60% PE util), Vector Unit Utilization(%) 0.00, Total cycle: 1704000
[2026-06-29 17:26:04.152] [info] HBM2-CH_0: BW utilization 0% (0 reads, 0 writes)
[2026-06-29 17:26:04.163] [info] Core [0] : MatMul active cycle 2352 Vector active cycle 0 
[2026-06-29 17:26:04.163] [info] Core [0] : issued tile 1 
[2026-06-29 17:26:04.163] [info] Core [0] : Memory unit idle cycle 8000 Systolic bubble cycle 0 Core idle cycle 0 
[2026-06-29 17:26:04.163] [info] Core [0] : Systolic Array Utilization(%) 100.00 (29.40% PE util), Vector Unit Utilization(%) 0.00, Total cycle: 1712000
[2026-06-29 17:26:04.276] [info] HBM2-CH_0: BW utilization 0% (0 reads, 0 writes)
[2026-06-29 17:26:04.368] [info] Core [0] : MatMul active cycle 2352 Vector active cycle 0 
[2026-06-29 17:26:04.368] [info] Core [0] : issued tile 0 
[2026-06-29 17:26:04.368] [info] Core [0] : Memory unit idle cycle 7867 Systolic bubble cycle 0 Core idle cycle 0 
[2026-06-29 17:26:04.368] [info] Core [0] : Systolic Array Utilization(%) 98.32 (29.40% PE util), Vector Unit Utilization(%) 0.00, Total cycle: 1720000
[2026-06-29 17:26:04.441] [info] Layer Conv_5 finish at 1720129
[2026-06-29 17:26:04.441] [info] Total compute time 68553
[2026-06-29 17:26:04.441] [info] executable layer count 1
[2026-06-29 17:26:04.441] [info] Start layer Conv_8
[2026-06-29 17:26:25.201] [info] HBM2-CH_0: BW utilization 57% (2619 reads, 2876 writes)
[2026-06-29 17:26:26.794] [info] Core [0] : MatMul active cycle 0 Vector active cycle 0 
[2026-06-29 17:26:26.794] [info] Core [0] : issued tile 2 
[2026-06-29 17:26:26.794] [info] Core [0] : Memory unit idle cycle 410 Systolic bubble cycle 0 Core idle cycle 0 
[2026-06-29 17:26:26.794] [info] Core [0] : Systolic Array Utilization(%) 0.00 (0.00% PE util), Vector Unit Utilization(%) 0.00, Total cycle: 1728000
[2026-06-29 17:26:30.555] [info] HBM2-CH_0: BW utilization 40% (3668 reads, 261 writes)
[2026-06-29 17:26:30.565] [info] Core [0] : MatMul active cycle 0 Vector active cycle 0 
[2026-06-29 17:26:30.565] [info] Core [0] : issued tile 2 
[2026-06-29 17:26:30.565] [info] Core [0] : Memory unit idle cycle 8000 Systolic bubble cycle 0 Core idle cycle 0 
[2026-06-29 17:26:30.565] [info] Core [0] : Systolic Array Utilization(%) 24.25 (0.00% PE util), Vector Unit Utilization(%) 0.00, Total cycle: 1736000
[2026-06-29 17:26:30.669] [info] HBM2-CH_0: BW utilization 0% (0 reads, 0 writes)
[2026-06-29 17:26:30.679] [info] Core [0] : MatMul active cycle 2352 Vector active cycle 0 
[2026-06-29 17:26:30.679] [info] Core [0] : issued tile 2 
[2026-06-29 17:26:30.679] [info] Core [0] : Memory unit idle cycle 8000 Systolic bubble cycle 0 Core idle cycle 0 
[2026-06-29 17:26:30.679] [info] Core [0] : Systolic Array Utilization(%) 100.00 (29.40% PE util), Vector Unit Utilization(%) 0.00, Total cycle: 1744000
[2026-06-29 17:26:30.784] [info] HBM2-CH_0: BW utilization 0% (0 reads, 0 writes)
[2026-06-29 17:26:30.794] [info] Core [0] : MatMul active cycle 1568 Vector active cycle 0 
[2026-06-29 17:26:30.794] [info] Core [0] : issued tile 2 
[2026-06-29 17:26:30.794] [info] Core [0] : Memory unit idle cycle 8000 Systolic bubble cycle 0 Core idle cycle 0 
[2026-06-29 17:26:30.794] [info] Core [0] : Systolic Array Utilization(%) 100.00 (19.60% PE util), Vector Unit Utilization(%) 0.00, Total cycle: 1752000
[2026-06-29 17:26:30.899] [info] HBM2-CH_0: BW utilization 0% (0 reads, 0 writes)
[2026-06-29 17:26:30.909] [info] Core [0] : MatMul active cycle 2352 Vector active cycle 0 
[2026-06-29 17:26:30.909] [info] Core [0] : issued tile 2 
[2026-06-29 17:26:30.909] [info] Core [0] : Memory unit idle cycle 8000 Systolic bubble cycle 0 Core idle cycle 0 
[2026-06-29 17:26:30.909] [info] Core [0] : Systolic Array Utilization(%) 100.00 (29.40% PE util), Vector Unit Utilization(%) 0.00, Total cycle: 1760000
[2026-06-29 17:26:32.624] [info] HBM2-CH_0: BW utilization 32% (0 reads, 3136 writes)
[2026-06-29 17:26:32.636] [info] Core [0] : MatMul active cycle 1568 Vector active cycle 0 
[2026-06-29 17:26:32.636] [info] Core [0] : issued tile 1 
[2026-06-29 17:26:32.636] [info] Core [0] : Memory unit idle cycle 7216 Systolic bubble cycle 0 Core idle cycle 0 
[2026-06-29 17:26:32.636] [info] Core [0] : Systolic Array Utilization(%) 100.00 (19.60% PE util), Vector Unit Utilization(%) 0.00, Total cycle: 1768000
[2026-06-29 17:26:32.758] [info] HBM2-CH_0: BW utilization 0% (0 reads, 0 writes)
[2026-06-29 17:26:32.770] [info] Core [0] : MatMul active cycle 2352 Vector active cycle 0 
[2026-06-29 17:26:32.770] [info] Core [0] : issued tile 1 
[2026-06-29 17:26:32.770] [info] Core [0] : Memory unit idle cycle 8000 Systolic bubble cycle 0 Core idle cycle 0 
[2026-06-29 17:26:32.770] [info] Core [0] : Systolic Array Utilization(%) 100.00 (29.40% PE util), Vector Unit Utilization(%) 0.00, Total cycle: 1776000
[2026-06-29 17:26:32.892] [info] HBM2-CH_0: BW utilization 0% (0 reads, 0 writes)
[2026-06-29 17:26:32.903] [info] Core [0] : MatMul active cycle 1568 Vector active cycle 0 
[2026-06-29 17:26:32.903] [info] Core [0] : issued tile 1 
[2026-06-29 17:26:32.903] [info] Core [0] : Memory unit idle cycle 8000 Systolic bubble cycle 0 Core idle cycle 0 
[2026-06-29 17:26:32.903] [info] Core [0] : Systolic Array Utilization(%) 100.00 (19.60% PE util), Vector Unit Utilization(%) 0.00, Total cycle: 1784000
[2026-06-29 17:26:33.340] [info] Layer Conv_8 finish at 1790800
[2026-06-29 17:26:33.340] [info] Total compute time 70671
[2026-06-29 17:26:33.340] [info] executable layer count 1
[2026-06-29 17:26:33.340] [info] Start layer Conv_10
[2026-06-29 17:26:33.819] [info] HBM2-CH_0: BW utilization 12% (51 reads, 1155 writes)
[2026-06-29 17:26:35.797] [info] Core [0] : MatMul active cycle 2352 Vector active cycle 0 
[2026-06-29 17:26:35.797] [info] Core [0] : issued tile 2 
[2026-06-29 17:26:35.797] [info] Core [0] : Memory unit idle cycle 6763 Systolic bubble cycle 0 Core idle cycle 0 
[2026-06-29 17:26:35.797] [info] Core [0] : Systolic Array Utilization(%) 84.53 (29.40% PE util), Vector Unit Utilization(%) 0.00, Total cycle: 1792000
[2026-06-29 17:26:55.628] [info] HBM2-CH_0: BW utilization 56% (3759 reads, 1683 writes)
[2026-06-29 17:26:56.019] [info] Core [0] : MatMul active cycle 0 Vector active cycle 0 
[2026-06-29 17:26:56.019] [info] Core [0] : issued tile 2 
[2026-06-29 17:26:56.019] [info] Core [0] : Memory unit idle cycle 1016 Systolic bubble cycle 0 Core idle cycle 0 
[2026-06-29 17:26:56.019] [info] Core [0] : Systolic Array Utilization(%) 0.00 (0.00% PE util), Vector Unit Utilization(%) 0.00, Total cycle: 1800000
[2026-06-29 17:26:57.503] [info] HBM2-CH_0: BW utilization 28% (2478 reads, 298 writes)
[2026-06-29 17:26:57.513] [info] Core [0] : MatMul active cycle 784 Vector active cycle 0 
[2026-06-29 17:26:57.513] [info] Core [0] : issued tile 2 
[2026-06-29 17:26:57.513] [info] Core [0] : Memory unit idle cycle 8000 Systolic bubble cycle 0 Core idle cycle 0 
[2026-06-29 17:26:57.513] [info] Core [0] : Systolic Array Utilization(%) 67.36 (9.80% PE util), Vector Unit Utilization(%) 0.00, Total cycle: 1808000
[2026-06-29 17:26:57.619] [info] HBM2-CH_0: BW utilization 0% (0 reads, 0 writes)
[2026-06-29 17:26:57.629] [info] Core [0] : MatMul active cycle 2352 Vector active cycle 0 
[2026-06-29 17:26:57.629] [info] Core [0] : issued tile 2 
[2026-06-29 17:26:57.629] [info] Core [0] : Memory unit idle cycle 8000 Systolic bubble cycle 0 Core idle cycle 0 
[2026-06-29 17:26:57.629] [info] Core [0] : Systolic Array Utilization(%) 100.00 (29.40% PE util), Vector Unit Utilization(%) 0.00, Total cycle: 1816000
[2026-06-29 17:26:57.731] [info] HBM2-CH_0: BW utilization 0% (0 reads, 0 writes)
[2026-06-29 17:26:57.741] [info] Core [0] : MatMul active cycle 1568 Vector active cycle 0 
[2026-06-29 17:26:57.741] [info] Core [0] : issued tile 2 
[2026-06-29 17:26:57.741] [info] Core [0] : Memory unit idle cycle 8000 Systolic bubble cycle 0 Core idle cycle 0 
[2026-06-29 17:26:57.741] [info] Core [0] : Systolic Array Utilization(%) 100.00 (19.60% PE util), Vector Unit Utilization(%) 0.00, Total cycle: 1824000
[2026-06-29 17:26:57.887] [info] HBM2-CH_0: BW utilization 1% (0 reads, 118 writes)
[2026-06-29 17:26:58.189] [info] Core [0] : MatMul active cycle 2352 Vector active cycle 0 
[2026-06-29 17:26:58.189] [info] Core [0] : issued tile 1 
[2026-06-29 17:26:58.189] [info] Core [0] : Memory unit idle cycle 7216 Systolic bubble cycle 0 Core idle cycle 0 
[2026-06-29 17:26:58.189] [info] Core [0] : Systolic Array Utilization(%) 100.00 (29.40% PE util), Vector Unit Utilization(%) 0.00, Total cycle: 1832000
[2026-06-29 17:27:00.403] [info] HBM2-CH_0: BW utilization 31% (0 reads, 3020 writes)
[2026-06-29 17:27:00.415] [info] Core [0] : MatMul active cycle 1568 Vector active cycle 0 
[2026-06-29 17:27:00.415] [info] Core [0] : issued tile 1 
[2026-06-29 17:27:00.415] [info] Core [0] : Memory unit idle cycle 8000 Systolic bubble cycle 0 Core idle cycle 0 
[2026-06-29 17:27:00.415] [info] Core [0] : Systolic Array Utilization(%) 100.00 (19.60% PE util), Vector Unit Utilization(%) 0.00, Total cycle: 1840000
[2026-06-29 17:27:00.528] [info] HBM2-CH_0: BW utilization 0% (0 reads, 0 writes)
[2026-06-29 17:27:00.539] [info] Core [0] : MatMul active cycle 2352 Vector active cycle 0 
[2026-06-29 17:27:00.539] [info] Core [0] : issued tile 1 
[2026-06-29 17:27:00.539] [info] Core [0] : Memory unit idle cycle 8000 Systolic bubble cycle 0 Core idle cycle 0 
[2026-06-29 17:27:00.539] [info] Core [0] : Systolic Array Utilization(%) 100.00 (29.40% PE util), Vector Unit Utilization(%) 0.00, Total cycle: 1848000
[2026-06-29 17:27:00.650] [info] HBM2-CH_0: BW utilization 0% (0 reads, 0 writes)
[2026-06-29 17:27:00.662] [info] Core [0] : MatMul active cycle 1568 Vector active cycle 0 
[2026-06-29 17:27:00.662] [info] Core [0] : issued tile 1 
[2026-06-29 17:27:00.662] [info] Core [0] : Memory unit idle cycle 8000 Systolic bubble cycle 0 Core idle cycle 0 
[2026-06-29 17:27:00.662] [info] Core [0] : Systolic Array Utilization(%) 100.00 (19.60% PE util), Vector Unit Utilization(%) 0.00, Total cycle: 1856000
[2026-06-29 17:27:01.270] [info] Layer Conv_10 finish at 1860592
[2026-06-29 17:27:01.270] [info] Total compute time 69792
[2026-06-29 17:27:01.270] [info] executable layer count 2
[2026-06-29 17:27:01.270] [info] Start layer Conv_13
[2026-06-29 17:27:04.486] [info] HBM2-CH_0: BW utilization 28% (551 reads, 2230 writes)
[2026-06-29 17:27:04.690] [info] Core [0] : MatMul active cycle 1568 Vector active cycle 0 
[2026-06-29 17:27:04.690] [info] Core [0] : issued tile 2 
[2026-06-29 17:27:04.690] [info] Core [0] : Memory unit idle cycle 6819 Systolic bubble cycle 0 Core idle cycle 0 
[2026-06-29 17:27:04.690] [info] Core [0] : Systolic Array Utilization(%) 41.41 (19.60% PE util), Vector Unit Utilization(%) 0.00, Total cycle: 1864000
[2026-06-29 17:27:05.142] [info] HBM2-CH_0: BW utilization 20% (1021 reads, 905 writes)
[2026-06-29 17:27:05.147] [info] Core [0] : MatMul active cycle 2352 Vector active cycle 0 
[2026-06-29 17:27:05.147] [info] Core [0] : issued tile 2 
[2026-06-29 17:27:05.147] [info] Core [0] : Memory unit idle cycle 8000 Systolic bubble cycle 0 Core idle cycle 0 
[2026-06-29 17:27:05.147] [info] Core [0] : Systolic Array Utilization(%) 63.45 (29.40% PE util), Vector Unit Utilization(%) 0.00, Total cycle: 1872000
[2026-06-29 17:27:05.706] [info] HBM2-CH_0: BW utilization 16% (0 reads, 1568 writes)
[2026-06-29 17:27:05.716] [info] Core [0] : MatMul active cycle 3920 Vector active cycle 0 
[2026-06-29 17:27:05.716] [info] Core [0] : issued tile 1 
[2026-06-29 17:27:05.716] [info] Core [0] : Memory unit idle cycle 7608 Systolic bubble cycle 0 Core idle cycle 0 
[2026-06-29 17:27:05.716] [info] Core [0] : Systolic Array Utilization(%) 100.00 (49.00% PE util), Vector Unit Utilization(%) 0.00, Total cycle: 1880000
[2026-06-29 17:27:05.788] [info] Layer Conv_13 finish at 1881429
[2026-06-29 17:27:05.788] [info] Total compute time 20837
[2026-06-29 17:27:05.788] [info] executable layer count 1
[2026-06-29 17:27:05.788] [info] Start layer Conv_16
[2026-06-29 17:27:08.775] [info] HBM2-CH_0: BW utilization 32% (1573 reads, 1568 writes)
[2026-06-29 17:27:08.995] [info] Core [0] : MatMul active cycle 1176 Vector active cycle 0 
[2026-06-29 17:27:08.995] [info] Core [0] : issued tile 1 
[2026-06-29 17:27:08.995] [info] Core [0] : Memory unit idle cycle 6870 Systolic bubble cycle 0 Core idle cycle 0 
[2026-06-29 17:27:08.995] [info] Core [0] : Systolic Array Utilization(%) 33.42 (14.70% PE util), Vector Unit Utilization(%) 0.00, Total cycle: 1888000
[2026-06-29 17:27:09.303] [info] Layer Conv_16 finish at 1888498
[2026-06-29 17:27:09.303] [info] Total compute time 7069
[2026-06-29 17:27:09.303] [info] executable layer count 1
[2026-06-29 17:27:09.303] [info] Start layer Conv_15
[2026-06-29 17:27:20.196] [info] HBM2-CH_0: BW utilization 58% (2688 reads, 2937 writes)
[2026-06-29 17:27:20.432] [info] Core [0] : MatMul active cycle 392 Vector active cycle 0 
[2026-06-29 17:27:20.432] [info] Core [0] : issued tile 2 
[2026-06-29 17:27:20.432] [info] Core [0] : Memory unit idle cycle 4912 Systolic bubble cycle 0 Core idle cycle 0 
[2026-06-29 17:27:20.432] [info] Core [0] : Systolic Array Utilization(%) 5.47 (4.90% PE util), Vector Unit Utilization(%) 0.00, Total cycle: 1896000
[2026-06-29 17:27:20.664] [info] HBM2-CH_0: BW utilization 7% (488 reads, 199 writes)
[2026-06-29 17:27:20.675] [info] Core [0] : MatMul active cycle 6272 Vector active cycle 0 
[2026-06-29 17:27:20.675] [info] Core [0] : issued tile 2 
[2026-06-29 17:27:20.675] [info] Core [0] : Memory unit idle cycle 8000 Systolic bubble cycle 0 Core idle cycle 0 
[2026-06-29 17:27:20.675] [info] Core [0] : Systolic Array Utilization(%) 89.15 (78.40% PE util), Vector Unit Utilization(%) 0.00, Total cycle: 1904000
[2026-06-29 17:27:21.652] [info] HBM2-CH_0: BW utilization 16% (0 reads, 1568 writes)
[2026-06-29 17:27:21.664] [info] Layer Conv_15 finish at 1911271
[2026-06-29 17:27:21.664] [info] Total compute time 22773
[2026-06-29 17:27:21.664] [info] executable layer count 1
[2026-06-29 17:27:21.664] [info] Start layer Conv_19
[2026-06-29 17:27:22.206] [info] Core [0] : MatMul active cycle 7840 Vector active cycle 0 
[2026-06-29 17:27:22.207] [info] Core [0] : issued tile 2 
[2026-06-29 17:27:22.207] [info] Core [0] : Memory unit idle cycle 6843 Systolic bubble cycle 0 Core idle cycle 0 
[2026-06-29 17:27:22.207] [info] Core [0] : Systolic Array Utilization(%) 90.43 (98.00% PE util), Vector Unit Utilization(%) 0.00, Total cycle: 1912000
[2026-06-29 17:27:29.325] [info] HBM2-CH_0: BW utilization 49% (3168 reads, 1568 writes)
[2026-06-29 17:27:29.335] [info] Core [0] : MatMul active cycle 1568 Vector active cycle 0 
[2026-06-29 17:27:29.335] [info] Core [0] : issued tile 2 
[2026-06-29 17:27:29.335] [info] Core [0] : Memory unit idle cycle 6456 Systolic bubble cycle 0 Core idle cycle 0 
[2026-06-29 17:27:29.335] [info] Core [0] : Systolic Array Utilization(%) 23.55 (19.60% PE util), Vector Unit Utilization(%) 0.00, Total cycle: 1920000
[2026-06-29 17:27:30.281] [info] HBM2-CH_0: BW utilization 16% (0 reads, 1567 writes)
[2026-06-29 17:27:30.294] [info] Core [0] : MatMul active cycle 7840 Vector active cycle 0 
[2026-06-29 17:27:30.294] [info] Core [0] : issued tile 1 
[2026-06-29 17:27:30.294] [info] Core [0] : Memory unit idle cycle 7608 Systolic bubble cycle 0 Core idle cycle 0 
[2026-06-29 17:27:30.294] [info] Core [0] : Systolic Array Utilization(%) 100.00 (98.00% PE util), Vector Unit Utilization(%) 0.00, Total cycle: 1928000
[2026-06-29 17:27:30.371] [info] Layer Conv_19 finish at 1932496
[2026-06-29 17:27:30.371] [info] Total compute time 21225
[2026-06-29 17:27:30.371] [info] executable layer count 1
[2026-06-29 17:27:30.371] [info] Start layer Conv_21
[2026-06-29 17:27:36.357] [info] HBM2-CH_0: BW utilization 23% (713 reads, 1515 writes)
[2026-06-29 17:27:37.134] [info] Core [0] : MatMul active cycle 4704 Vector active cycle 0 
[2026-06-29 17:27:37.134] [info] Core [0] : issued tile 2 
[2026-06-29 17:27:37.134] [info] Core [0] : Memory unit idle cycle 5651 Systolic bubble cycle 0 Core idle cycle 0 
[2026-06-29 17:27:37.134] [info] Core [0] : Systolic Array Utilization(%) 56.03 (58.80% PE util), Vector Unit Utilization(%) 0.00, Total cycle: 1936000
[2026-06-29 17:27:38.564] [info] HBM2-CH_0: BW utilization 26% (2455 reads, 54 writes)
[2026-06-29 17:27:38.575] [info] Core [0] : MatMul active cycle 3920 Vector active cycle 0 
[2026-06-29 17:27:38.575] [info] Core [0] : issued tile 2 
[2026-06-29 17:27:38.575] [info] Core [0] : Memory unit idle cycle 8000 Systolic bubble cycle 0 Core idle cycle 0 
[2026-06-29 17:27:38.575] [info] Core [0] : Systolic Array Utilization(%) 59.12 (49.00% PE util), Vector Unit Utilization(%) 0.00, Total cycle: 1944000
[2026-06-29 17:27:39.809] [info] HBM2-CH_0: BW utilization 16% (0 reads, 1568 writes)
[2026-06-29 17:27:39.821] [info] Core [0] : MatMul active cycle 7840 Vector active cycle 0 
[2026-06-29 17:27:39.821] [info] Core [0] : issued tile 1 
[2026-06-29 17:27:39.821] [info] Core [0] : Memory unit idle cycle 7608 Systolic bubble cycle 0 Core idle cycle 0 
[2026-06-29 17:27:39.821] [info] Core [0] : Systolic Array Utilization(%) 100.00 (98.00% PE util), Vector Unit Utilization(%) 0.00, Total cycle: 1952000
[2026-06-29 17:27:39.855] [info] Layer Conv_21 finish at 1953653
[2026-06-29 17:27:39.855] [info] Total compute time 21157
[2026-06-29 17:27:39.855] [info] executable layer count 2
[2026-06-29 17:27:39.855] [info] Start layer Conv_24
[2026-06-29 17:27:41.800] [info] HBM2-CH_0: BW utilization 25% (858 reads, 1611 writes)
[2026-06-29 17:27:42.008] [info] Core [0] : MatMul active cycle 4900 Vector active cycle 0 
[2026-06-29 17:27:42.008] [info] Core [0] : issued tile 2 
[2026-06-29 17:27:42.008] [info] Core [0] : Memory unit idle cycle 7296 Systolic bubble cycle 0 Core idle cycle 0 
[2026-06-29 17:27:42.008] [info] Core [0] : Systolic Array Utilization(%) 56.30 (61.25% PE util), Vector Unit Utilization(%) 0.00, Total cycle: 1960000
[2026-06-29 17:27:42.529] [info] Layer Conv_24 finish at 1964464
[2026-06-29 17:27:42.529] [info] Total compute time 10811
[2026-06-29 17:27:42.529] [info] executable layer count 1
[2026-06-29 17:27:42.529] [info] Start layer Conv_27
[2026-06-29 17:27:43.642] [info] HBM2-CH_0: BW utilization 26% (786 reads, 1767 writes)
[2026-06-29 17:27:44.074] [info] Layer Conv_27 finish at 1967669
[2026-06-29 17:27:44.074] [info] Total compute time 3205
[2026-06-29 17:27:44.074] [info] executable layer count 1
[2026-06-29 17:27:44.074] [info] Start layer Conv_26
[2026-06-29 17:27:44.483] [info] Core [0] : MatMul active cycle 5292 Vector active cycle 0 
[2026-06-29 17:27:44.483] [info] Core [0] : issued tile 2 
[2026-06-29 17:27:44.483] [info] Core [0] : Memory unit idle cycle 6787 Systolic bubble cycle 0 Core idle cycle 0 
[2026-06-29 17:27:44.483] [info] Core [0] : Systolic Array Utilization(%) 68.50 (66.15% PE util), Vector Unit Utilization(%) 0.00, Total cycle: 1968000
[2026-06-29 17:27:46.337] [info] HBM2-CH_0: BW utilization 31% (1711 reads, 1325 writes)
[2026-06-29 17:27:46.475] [info] Core [0] : MatMul active cycle 3724 Vector active cycle 0 
[2026-06-29 17:27:46.475] [info] Core [0] : issued tile 2 
[2026-06-29 17:27:46.475] [info] Core [0] : Memory unit idle cycle 7803 Systolic bubble cycle 0 Core idle cycle 0 
[2026-06-29 17:27:46.475] [info] Core [0] : Systolic Array Utilization(%) 50.24 (46.55% PE util), Vector Unit Utilization(%) 0.00, Total cycle: 1976000
[2026-06-29 17:27:46.876] [info] HBM2-CH_0: BW utilization 11% (0 reads, 1092 writes)
[2026-06-29 17:27:46.905] [info] Core [0] : MatMul active cycle 8036 Vector active cycle 0 
[2026-06-29 17:27:46.905] [info] Core [0] : issued tile 1 
[2026-06-29 17:27:46.905] [info] Core [0] : Memory unit idle cycle 7804 Systolic bubble cycle 0 Core idle cycle 0 
[2026-06-29 17:27:46.906] [info] Core [0] : Systolic Array Utilization(%) 100.00 (100.45% PE util), Vector Unit Utilization(%) 0.00, Total cycle: 1984000
[2026-06-29 17:27:46.928] [info] Layer Conv_26 finish at 1986379
[2026-06-29 17:27:46.928] [info] Total compute time 18710
[2026-06-29 17:27:46.928] [info] executable layer count 1
[2026-06-29 17:27:46.928] [info] Start layer Conv_30
[2026-06-29 17:27:48.828] [info] HBM2-CH_0: BW utilization 22% (1720 reads, 476 writes)
[2026-06-29 17:27:48.839] [info] Core [0] : MatMul active cycle 5488 Vector active cycle 0 
[2026-06-29 17:27:48.839] [info] Core [0] : issued tile 2 
[2026-06-29 17:27:48.839] [info] Core [0] : Memory unit idle cycle 7474 Systolic bubble cycle 0 Core idle cycle 0 
[2026-06-29 17:27:48.839] [info] Core [0] : Systolic Array Utilization(%) 72.43 (68.60% PE util), Vector Unit Utilization(%) 0.00, Total cycle: 1992000
[2026-06-29 17:27:49.357] [info] HBM2-CH_0: BW utilization 8% (0 reads, 784 writes)
[2026-06-29 17:27:49.627] [info] Core [0] : MatMul active cycle 8036 Vector active cycle 0 
[2026-06-29 17:27:49.627] [info] Core [0] : issued tile 1 
[2026-06-29 17:27:49.627] [info] Core [0] : Memory unit idle cycle 7706 Systolic bubble cycle 0 Core idle cycle 0 
[2026-06-29 17:27:49.627] [info] Core [0] : Systolic Array Utilization(%) 100.00 (100.45% PE util), Vector Unit Utilization(%) 0.00, Total cycle: 2000000
[2026-06-29 17:27:49.702] [info] Layer Conv_30 finish at 2002998
[2026-06-29 17:27:49.702] [info] Total compute time 16619
[2026-06-29 17:27:49.702] [info] executable layer count 1
[2026-06-29 17:27:49.702] [info] Start layer Conv_32
[2026-06-29 17:27:51.917] [info] HBM2-CH_0: BW utilization 26% (1712 reads, 784 writes)
[2026-06-29 17:27:51.928] [info] Core [0] : MatMul active cycle 5488 Vector active cycle 0 
[2026-06-29 17:27:51.929] [info] Core [0] : issued tile 2 
[2026-06-29 17:27:51.929] [info] Core [0] : Memory unit idle cycle 7474 Systolic bubble cycle 0 Core idle cycle 0 
[2026-06-29 17:27:51.929] [info] Core [0] : Systolic Array Utilization(%) 71.54 (68.60% PE util), Vector Unit Utilization(%) 0.00, Total cycle: 2008000
[2026-06-29 17:27:52.307] [info] HBM2-CH_0: BW utilization 8% (0 reads, 785 writes)
[2026-06-29 17:27:52.320] [info] Core [0] : MatMul active cycle 7840 Vector active cycle 0 
[2026-06-29 17:27:52.320] [info] Core [0] : issued tile 1 
[2026-06-29 17:27:52.320] [info] Core [0] : Memory unit idle cycle 7804 Systolic bubble cycle 0 Core idle cycle 0 
[2026-06-29 17:27:52.320] [info] Core [0] : Systolic Array Utilization(%) 100.00 (98.00% PE util), Vector Unit Utilization(%) 0.00, Total cycle: 2016000
[2026-06-29 17:27:52.685] [info] Layer Conv_32 finish at 2019673
[2026-06-29 17:27:52.685] [info] Total compute time 16675
[2026-06-29 17:27:52.685] [info] executable layer count 2
[2026-06-29 17:27:52.685] [info] Start layer Conv_35
[2026-06-29 17:27:53.665] [info] HBM2-CH_0: BW utilization 15% (681 reads, 784 writes)
[2026-06-29 17:27:53.719] [info] Core [0] : MatMul active cycle 4802 Vector active cycle 0 
[2026-06-29 17:27:53.719] [info] Core [0] : issued tile 2 
[2026-06-29 17:27:53.719] [info] Core [0] : Memory unit idle cycle 7609 Systolic bubble cycle 0 Core idle cycle 0 
[2026-06-29 17:27:53.719] [info] Core [0] : Systolic Array Utilization(%) 83.12 (60.03% PE util), Vector Unit Utilization(%) 0.00, Total cycle: 2024000
[2026-06-29 17:27:53.885] [info] HBM2-CH_0: BW utilization 4% (0 reads, 392 writes)
[2026-06-29 17:27:53.896] [info] Core [0] : MatMul active cycle 3087 Vector active cycle 0 
[2026-06-29 17:27:53.896] [info] Core [0] : issued tile 1 
[2026-06-29 17:27:53.896] [info] Core [0] : Memory unit idle cycle 7925 Systolic bubble cycle 0 Core idle cycle 0 
[2026-06-29 17:27:53.896] [info] Core [0] : Systolic Array Utilization(%) 100.00 (38.59% PE util), Vector Unit Utilization(%) 0.00, Total cycle: 2032000
[2026-06-29 17:27:54.109] [info] HBM2-CH_0: BW utilization 3% (0 reads, 294 writes)
[2026-06-29 17:27:54.140] [info] Layer Conv_35 finish at 2039768
[2026-06-29 17:27:54.140] [info] Total compute time 20095
[2026-06-29 17:27:54.140] [info] executable layer count 1
[2026-06-29 17:27:54.140] [info] Start layer Conv_38
[2026-06-29 17:27:54.289] [info] Core [0] : MatMul active cycle 2891 Vector active cycle 0 
[2026-06-29 17:27:54.289] [info] Core [0] : issued tile 2 
[2026-06-29 17:27:54.289] [info] Core [0] : Memory unit idle cycle 7794 Systolic bubble cycle 0 Core idle cycle 194 
[2026-06-29 17:27:54.289] [info] Core [0] : Systolic Array Utilization(%) 93.99 (36.14% PE util), Vector Unit Utilization(%) 0.00, Total cycle: 2040000
[2026-06-29 17:27:54.715] [info] Layer Conv_38 finish at 2042814
[2026-06-29 17:27:54.715] [info] Total compute time 3046
[2026-06-29 17:27:54.715] [info] executable layer count 1
[2026-06-29 17:27:54.715] [info] Start layer Conv_37
[2026-06-29 17:27:55.385] [info] HBM2-CH_0: BW utilization 27% (1784 reads, 882 writes)
[2026-06-29 17:27:55.397] [info] Core [0] : MatMul active cycle 2352 Vector active cycle 0 
[2026-06-29 17:27:55.397] [info] Core [0] : issued tile 2 
[2026-06-29 17:27:55.397] [info] Core [0] : Memory unit idle cycle 7460 Systolic bubble cycle 0 Core idle cycle 26 
[2026-06-29 17:27:55.397] [info] Core [0] : Systolic Array Utilization(%) 81.31 (29.40% PE util), Vector Unit Utilization(%) 0.00, Total cycle: 2048000
[2026-06-29 17:27:55.595] [info] HBM2-CH_0: BW utilization 2% (0 reads, 196 writes)
[2026-06-29 17:27:55.606] [info] Core [0] : MatMul active cycle 3038 Vector active cycle 0 
[2026-06-29 17:27:55.607] [info] Core [0] : issued tile 2 
[2026-06-29 17:27:55.607] [info] Core [0] : Memory unit idle cycle 7950 Systolic bubble cycle 0 Core idle cycle 0 
[2026-06-29 17:27:55.607] [info] Core [0] : Systolic Array Utilization(%) 100.00 (37.97% PE util), Vector Unit Utilization(%) 0.00, Total cycle: 2056000
[2026-06-29 17:27:55.776] [info] HBM2-CH_0: BW utilization 2% (0 reads, 196 writes)
[2026-06-29 17:27:55.787] [info] Core [0] : MatMul active cycle 3087 Vector active cycle 0 
[2026-06-29 17:27:55.787] [info] Core [0] : issued tile 1 
[2026-06-29 17:27:55.787] [info] Core [0] : Memory unit idle cycle 7950 Systolic bubble cycle 0 Core idle cycle 0 
[2026-06-29 17:27:55.787] [info] Core [0] : Systolic Array Utilization(%) 100.00 (38.59% PE util), Vector Unit Utilization(%) 0.00, Total cycle: 2064000
[2026-06-29 17:27:55.932] [info] HBM2-CH_0: BW utilization 1% (0 reads, 98 writes)
[2026-06-29 17:27:55.979] [info] Core [0] : MatMul active cycle 3038 Vector active cycle 0 
[2026-06-29 17:27:55.979] [info] Core [0] : issued tile 1 
[2026-06-29 17:27:55.979] [info] Core [0] : Memory unit idle cycle 7950 Systolic bubble cycle 0 Core idle cycle 0 
[2026-06-29 17:27:55.979] [info] Core [0] : Systolic Array Utilization(%) 100.00 (37.97% PE util), Vector Unit Utilization(%) 0.00, Total cycle: 2072000
[2026-06-29 17:27:56.122] [info] HBM2-CH_0: BW utilization 2% (0 reads, 196 writes)
[2026-06-29 17:27:56.134] [info] Core [0] : MatMul active cycle 3087 Vector active cycle 0 
[2026-06-29 17:27:56.135] [info] Core [0] : issued tile 1 
[2026-06-29 17:27:56.135] [info] Core [0] : Memory unit idle cycle 7975 Systolic bubble cycle 0 Core idle cycle 0 
[2026-06-29 17:27:56.135] [info] Core [0] : Systolic Array Utilization(%) 100.00 (38.59% PE util), Vector Unit Utilization(%) 0.00, Total cycle: 2080000
[2026-06-29 17:27:56.168] [info] Layer Conv_37 finish at 2080820
[2026-06-29 17:27:56.168] [info] Total compute time 38006
[2026-06-29 17:27:56.168] [info] executable layer count 1
[2026-06-29 17:27:56.168] [info] Start layer Conv_41
[2026-06-29 17:27:57.376] [info] HBM2-CH_0: BW utilization 16% (1368 reads, 196 writes)
[2026-06-29 17:27:57.388] [info] Core [0] : MatMul active cycle 2597 Vector active cycle 0 
[2026-06-29 17:27:57.388] [info] Core [0] : issued tile 2 
[2026-06-29 17:27:57.388] [info] Core [0] : Memory unit idle cycle 7610 Systolic bubble cycle 0 Core idle cycle 0 
[2026-06-29 17:27:57.388] [info] Core [0] : Systolic Array Utilization(%) 87.16 (32.46% PE util), Vector Unit Utilization(%) 0.00, Total cycle: 2088000
[2026-06-29 17:27:57.618] [info] HBM2-CH_0: BW utilization 1% (0 reads, 98 writes)
[2026-06-29 17:27:57.685] [info] Core [0] : MatMul active cycle 3038 Vector active cycle 0 
[2026-06-29 17:27:57.685] [info] Core [0] : issued tile 2 
[2026-06-29 17:27:57.685] [info] Core [0] : Memory unit idle cycle 7950 Systolic bubble cycle 0 Core idle cycle 0 
[2026-06-29 17:27:57.686] [info] Core [0] : Systolic Array Utilization(%) 100.00 (37.97% PE util), Vector Unit Utilization(%) 0.00, Total cycle: 2096000
[2026-06-29 17:27:57.797] [info] HBM2-CH_0: BW utilization 2% (0 reads, 196 writes)
[2026-06-29 17:27:57.803] [info] Core [0] : MatMul active cycle 3087 Vector active cycle 0 
[2026-06-29 17:27:57.803] [info] Core [0] : issued tile 1 
[2026-06-29 17:27:57.803] [info] Core [0] : Memory unit idle cycle 7975 Systolic bubble cycle 0 Core idle cycle 0 
[2026-06-29 17:27:57.803] [info] Core [0] : Systolic Array Utilization(%) 100.00 (38.59% PE util), Vector Unit Utilization(%) 0.00, Total cycle: 2104000
[2026-06-29 17:27:57.897] [info] HBM2-CH_0: BW utilization 2% (0 reads, 196 writes)
[2026-06-29 17:27:57.904] [info] Core [0] : MatMul active cycle 3038 Vector active cycle 0 
[2026-06-29 17:27:57.904] [info] Core [0] : issued tile 1 
[2026-06-29 17:27:57.904] [info] Core [0] : Memory unit idle cycle 7950 Systolic bubble cycle 0 Core idle cycle 0 
[2026-06-29 17:27:57.904] [info] Core [0] : Systolic Array Utilization(%) 100.00 (37.97% PE util), Vector Unit Utilization(%) 0.00, Total cycle: 2112000
[2026-06-29 17:27:58.019] [info] Layer Conv_41 finish at 2118865
[2026-06-29 17:27:58.019] [info] Total compute time 38045
[2026-06-29 17:27:58.019] [info] executable layer count 1
[2026-06-29 17:27:58.019] [info] Start layer Conv_43
[2026-06-29 17:27:58.279] [info] HBM2-CH_0: BW utilization 3% (176 reads, 150 writes)
[2026-06-29 17:27:58.808] [info] Core [0] : MatMul active cycle 2646 Vector active cycle 0 
[2026-06-29 17:27:58.808] [info] Core [0] : issued tile 2 
[2026-06-29 17:27:58.808] [info] Core [0] : Memory unit idle cycle 7610 Systolic bubble cycle 0 Core idle cycle 0 
[2026-06-29 17:27:58.808] [info] Core [0] : Systolic Array Utilization(%) 88.57 (33.08% PE util), Vector Unit Utilization(%) 0.00, Total cycle: 2120000
[2026-06-29 17:27:59.279] [info] HBM2-CH_0: BW utilization 13% (1192 reads, 144 writes)
[2026-06-29 17:27:59.291] [info] Core [0] : MatMul active cycle 3087 Vector active cycle 0 
[2026-06-29 17:27:59.291] [info] Core [0] : issued tile 2 
[2026-06-29 17:27:59.291] [info] Core [0] : Memory unit idle cycle 7975 Systolic bubble cycle 0 Core idle cycle 0 
[2026-06-29 17:27:59.291] [info] Core [0] : Systolic Array Utilization(%) 100.00 (38.59% PE util), Vector Unit Utilization(%) 0.00, Total cycle: 2128000
[2026-06-29 17:27:59.457] [info] HBM2-CH_0: BW utilization 2% (0 reads, 195 writes)
[2026-06-29 17:27:59.470] [info] Core [0] : MatMul active cycle 3038 Vector active cycle 0 
[2026-06-29 17:27:59.470] [info] Core [0] : issued tile 2 
[2026-06-29 17:27:59.471] [info] Core [0] : Memory unit idle cycle 7950 Systolic bubble cycle 0 Core idle cycle 0 
[2026-06-29 17:27:59.471] [info] Core [0] : Systolic Array Utilization(%) 100.00 (37.97% PE util), Vector Unit Utilization(%) 0.00, Total cycle: 2136000
[2026-06-29 17:27:59.640] [info] HBM2-CH_0: BW utilization 1% (0 reads, 154 writes)
[2026-06-29 17:27:59.668] [info] Core [0] : MatMul active cycle 3087 Vector active cycle 0 
[2026-06-29 17:27:59.669] [info] Core [0] : issued tile 1 
[2026-06-29 17:27:59.669] [info] Core [0] : Memory unit idle cycle 7950 Systolic bubble cycle 0 Core idle cycle 0 
[2026-06-29 17:27:59.669] [info] Core [0] : Systolic Array Utilization(%) 100.00 (38.59% PE util), Vector Unit Utilization(%) 0.00, Total cycle: 2144000
[2026-06-29 17:27:59.829] [info] HBM2-CH_0: BW utilization 1% (0 reads, 141 writes)
[2026-06-29 17:27:59.844] [info] Core [0] : MatMul active cycle 3038 Vector active cycle 0 
[2026-06-29 17:27:59.844] [info] Core [0] : issued tile 1 
[2026-06-29 17:27:59.844] [info] Core [0] : Memory unit idle cycle 7975 Systolic bubble cycle 0 Core idle cycle 0 
[2026-06-29 17:27:59.844] [info] Core [0] : Systolic Array Utilization(%) 100.00 (37.97% PE util), Vector Unit Utilization(%) 0.00, Total cycle: 2152000
[2026-06-29 17:27:59.987] [info] Layer Conv_43 finish at 2157063
[2026-06-29 17:27:59.987] [info] Total compute time 38198
[2026-06-29 17:27:59.987] [info] executable layer count 1
[2026-06-29 17:27:59.987] [info] Start layer GlobalAveragePool_46
[2026-06-29 17:27:59.987] [info] Layer GlobalAveragePool_46 finish at 2157064
[2026-06-29 17:27:59.987] [info] Total compute time 1
[2026-06-29 17:27:59.987] [info] executable layer count 1
[2026-06-29 17:27:59.987] [info] Start layer Flatten_47
[2026-06-29 17:27:59.987] [info] Layer Flatten_47 finish at 2157065
[2026-06-29 17:27:59.987] [info] Total compute time 1
[2026-06-29 17:27:59.987] [info] executable layer count 1
[2026-06-29 17:27:59.987] [info] Start layer Gemm_48
[2026-06-29 17:28:01.446] [info] HBM2-CH_0: BW utilization 17% (1466 reads, 178 writes)
[2026-06-29 17:28:01.656] [info] Core [0] : MatMul active cycle 1894 Vector active cycle 0 
[2026-06-29 17:28:01.656] [info] Core [0] : issued tile 1 
[2026-06-29 17:28:01.656] [info] Core [0] : Memory unit idle cycle 7420 Systolic bubble cycle 0 Core idle cycle 232 
[2026-06-29 17:28:01.656] [info] Core [0] : Systolic Array Utilization(%) 67.78 (23.67% PE util), Vector Unit Utilization(%) 0.00, Total cycle: 2160000
[2026-06-29 17:28:01.674] [info] Layer Gemm_48 finish at 2161002
[2026-06-29 17:28:01.674] [info] Total compute time 3937
[2026-06-29 17:28:01.674] [info] Model[resnet18] Request: 0 us, Start: 0 us, finish:2161 us, Current Cycle:2161002
[2026-06-29 17:28:01.674] [info] No total_seq_len!
[2026-06-29 17:28:01.675] [info] Simulation Finished at 2161025 cycle 2161 us
[2026-06-29 17:28:01.675] [info] Core [0] : MatMul active cycle 209000 Vector active cycle 0 
[2026-06-29 17:28:01.675] [info] Core [0] : Memory unit idle cycle 2113156 Systolic bubble cycle 0 Core idle cycle 1412676 
[2026-06-29 17:28:01.675] [info] Core [0] : Systolic Array Utilization(%) 29.92 (9.67% PE util), Vector Unit Utilization(%) 0.00, Total cycle: 2161025
[2026-06-29 17:28:01.675] [info] Core [0] : Systolic Inst Issue Count : 1826
[2026-06-29 17:28:01.675] [info] Core [0] : Systolic PRELOAD Issue Count : 1826
[2026-06-29 17:28:01.675] [info] SA idle = 1006
[2026-06-29 17:28:01.675] [info] SA idle = 1409611
[2026-06-29 17:28:01.675] [info] SA idle = 19975
[2026-06-29 17:28:01.675] [info] SA idle = 14194
[2026-06-29 17:28:01.675] [info] SA idle = 11849
[2026-06-29 17:28:01.675] [info] SA idle = 7611
[2026-06-29 17:28:01.675] [info] SA idle = 5326
[2026-06-29 17:28:01.675] [info] SA idle = 8430
[2026-06-29 17:28:01.675] [info] SA idle = 6882
[2026-06-29 17:28:01.675] [info] SA idle = 6788
[2026-06-29 17:28:01.675] [info] SA idle = 3496
[2026-06-29 17:28:01.675] [info] SA idle = 2011
[2026-06-29 17:28:01.675] [info] SA idle = 4490
[2026-06-29 17:28:01.675] [info] SA idle = 2206
[2026-06-29 17:28:01.675] [info] SA idle = 2277
[2026-06-29 17:28:01.675] [info] SA idle = 1350
[2026-06-29 17:28:01.675] [info] SA idle = 976
[2026-06-29 17:28:01.675] [info] SA idle = 1000
[2026-06-29 17:28:01.675] [info] SA idle = 1027
[2026-06-29 17:28:01.675] [info] SA idle = 914
[2026-06-29 17:28:01.675] [info] SA idle = 2409
[2026-06-29 17:28:01.675] [info] SA idle = 503
[2026-06-29 17:28:01.675] [info] SA idle = 45
[2026-06-29 17:28:01.675] [info] Vector idle = 2161025
[2026-06-29 17:28:01.675] [info] Core [1] : MatMul active cycle 225464 Vector active cycle 0 
[2026-06-29 17:28:01.675] [info] Core [1] : Memory unit idle cycle 2098384 Systolic bubble cycle 0 Core idle cycle 0 
[2026-06-29 17:28:01.675] [info] Core [1] : Systolic Array Utilization(%) 94.94 (10.43% PE util), Vector Unit Utilization(%) 0.00, Total cycle: 2161025
[2026-06-29 17:28:01.675] [info] Core [1] : Systolic Inst Issue Count : 1826
[2026-06-29 17:28:01.675] [info] Core [1] : Systolic PRELOAD Issue Count : 1826
[2026-06-29 17:28:01.675] [info] SA idle = 868
[2026-06-29 17:28:01.675] [info] SA idle = 12443
[2026-06-29 17:28:01.675] [info] SA idle = 12507
[2026-06-29 17:28:01.675] [info] SA idle = 13575
[2026-06-29 17:28:01.675] [info] SA idle = 13591
[2026-06-29 17:28:01.675] [info] SA idle = 6450
[2026-06-29 17:28:01.675] [info] SA idle = 5268
[2026-06-29 17:28:01.675] [info] SA idle = 8406
[2026-06-29 17:28:01.675] [info] SA idle = 6858
[2026-06-29 17:28:01.675] [info] SA idle = 6779
[2026-06-29 17:28:01.675] [info] SA idle = 3503
[2026-06-29 17:28:01.675] [info] SA idle = 2021
[2026-06-29 17:28:01.675] [info] SA idle = 4497
[2026-06-29 17:28:01.675] [info] SA idle = 2258
[2026-06-29 17:28:01.675] [info] SA idle = 2309
[2026-06-29 17:28:01.675] [info] SA idle = 1488
[2026-06-29 17:28:01.675] [info] SA idle = 823
[2026-06-29 17:28:01.675] [info] SA idle = 967
[2026-06-29 17:28:01.675] [info] SA idle = 1004
[2026-06-29 17:28:01.675] [info] SA idle = 1161
[2026-06-29 17:28:01.675] [info] SA idle = 2166
[2026-06-29 17:28:01.676] [info] SA idle = 481
[2026-06-29 17:28:01.676] [info] SA idle = 25
[2026-06-29 17:28:01.676] [info] Vector idle = 2161025
[2026-06-29 17:28:01.676] [info] Core [2] : MatMul active cycle 225464 Vector active cycle 0 
[2026-06-29 17:28:01.676] [info] Core [2] : Memory unit idle cycle 2099520 Systolic bubble cycle 0 Core idle cycle 201 
[2026-06-29 17:28:01.676] [info] Core [2] : Systolic Array Utilization(%) 94.94 (10.43% PE util), Vector Unit Utilization(%) 0.00, Total cycle: 2161025
[2026-06-29 17:28:01.676] [info] Core [2] : Systolic Inst Issue Count : 1826
[2026-06-29 17:28:01.676] [info] Core [2] : Systolic PRELOAD Issue Count : 1826
[2026-06-29 17:28:01.676] [info] SA idle = 920
[2026-06-29 17:28:01.676] [info] SA idle = 12273
[2026-06-29 17:28:01.676] [info] SA idle = 12732
[2026-06-29 17:28:01.676] [info] SA idle = 13074
[2026-06-29 17:28:01.676] [info] SA idle = 13563
[2026-06-29 17:28:01.676] [info] SA idle = 6893
[2026-06-29 17:28:01.676] [info] SA idle = 5234
[2026-06-29 17:28:01.676] [info] SA idle = 8377
[2026-06-29 17:28:01.676] [info] SA idle = 6893
[2026-06-29 17:28:01.676] [info] SA idle = 6779
[2026-06-29 17:28:01.676] [info] SA idle = 3491
[2026-06-29 17:28:01.676] [info] SA idle = 2198
[2026-06-29 17:28:01.676] [info] SA idle = 4341
[2026-06-29 17:28:01.676] [info] SA idle = 2236
[2026-06-29 17:28:01.676] [info] SA idle = 2265
[2026-06-29 17:28:01.676] [info] SA idle = 1406
[2026-06-29 17:28:01.676] [info] SA idle = 933
[2026-06-29 17:28:01.676] [info] SA idle = 965
[2026-06-29 17:28:01.676] [info] SA idle = 1022
[2026-06-29 17:28:01.676] [info] SA idle = 1018
[2026-06-29 17:28:01.676] [info] SA idle = 2158
[2026-06-29 17:28:01.676] [info] SA idle = 630
[2026-06-29 17:28:01.676] [info] SA idle = 47
[2026-06-29 17:28:01.676] [info] Vector idle = 2161025
[2026-06-29 17:28:01.676] [info] Core [3] : MatMul active cycle 225456 Vector active cycle 0 
[2026-06-29 17:28:01.676] [info] Core [3] : Memory unit idle cycle 2094304 Systolic bubble cycle 0 Core idle cycle 130 
[2026-06-29 17:28:01.676] [info] Core [3] : Systolic Array Utilization(%) 94.94 (10.43% PE util), Vector Unit Utilization(%) 0.00, Total cycle: 2161025
[2026-06-29 17:28:01.676] [info] Core [3] : Systolic Inst Issue Count : 1826
[2026-06-29 17:28:01.676] [info] Core [3] : Systolic PRELOAD Issue Count : 1826
[2026-06-29 17:28:01.676] [info] SA idle = 1113
[2026-06-29 17:28:01.676] [info] SA idle = 12961
[2026-06-29 17:28:01.676] [info] SA idle = 11454
[2026-06-29 17:28:01.676] [info] SA idle = 14366
[2026-06-29 17:28:01.676] [info] SA idle = 12139
[2026-06-29 17:28:01.676] [info] SA idle = 7337
[2026-06-29 17:28:01.676] [info] SA idle = 5319
[2026-06-29 17:28:01.676] [info] SA idle = 8420
[2026-06-29 17:28:01.676] [info] SA idle = 6859
[2026-06-29 17:28:01.676] [info] SA idle = 6791
[2026-06-29 17:28:01.676] [info] SA idle = 3501
[2026-06-29 17:28:01.676] [info] SA idle = 2107
[2026-06-29 17:28:01.676] [info] SA idle = 4404
[2026-06-29 17:28:01.676] [info] SA idle = 2212
[2026-06-29 17:28:01.676] [info] SA idle = 2350
[2026-06-29 17:28:01.676] [info] SA idle = 1448
[2026-06-29 17:28:01.676] [info] SA idle = 746
[2026-06-29 17:28:01.676] [info] SA idle = 1023
[2026-06-29 17:28:01.676] [info] SA idle = 1067
[2026-06-29 17:28:01.676] [info] SA idle = 1028
[2026-06-29 17:28:01.676] [info] SA idle = 2177
[2026-06-29 17:28:01.676] [info] SA idle = 577
[2026-06-29 17:28:01.676] [info] SA idle = 49
[2026-06-29 17:28:01.676] [info] Vector idle = 2161025
Class 0:
Packet latency average = 753.375
	minimum = 7
	maximum = 12858
Network latency average = 581.345
	minimum = 7
	maximum = 12723
Slowest packet = 864341
Flit latency average = 581.345
	minimum = 7
	maximum = 12723
Slowest flit = 855708
Fragmentation average = 0
	minimum = 0
	maximum = 0
Injected packet rate average = 0.0246234
	minimum = 0.012781 (at node 14)
	maximum = 0.0615833 (at node 73)
Accepted packet rate average = 0.0246234
	minimum = 0.0129235 (at node 0)
	maximum = 0.0615833 (at node 73)
Injected flit rate average = 0.0246234
	minimum = 0.012781 (at node 14)
	maximum = 0.0615833 (at node 73)
Accepted flit rate average= 0.0246234
	minimum = 0.0129235 (at node 0)
	maximum = 0.0615833 (at node 73)
Injected packet length average = 1
Accepted packet length average = 1
Total in-flight flits = 0 (0 measured)
NoC idle = 4
NoC idle = 22184
NoC idle = 6
NoC idle = 13
NoC idle = 21414
NoC idle = 6
NoC idle = 13
NoC idle = 21418
NoC idle = 6
NoC idle = 13
NoC idle = 21398
NoC idle = 6
NoC idle = 13
NoC idle = 21394
NoC idle = 6
NoC idle = 13
NoC idle = 21400
NoC idle = 6
NoC idle = 13
NoC idle = 21412
NoC idle = 7
NoC idle = 6
NoC idle = 6
NoC idle = 6
NoC idle = 6
NoC idle = 6
NoC idle = 7
NoC idle = 6
NoC idle = 6
NoC idle = 6
NoC idle = 21594
NoC idle = 6
NoC idle = 6
NoC idle = 6
NoC idle = 6
NoC idle = 6
NoC idle = 6
NoC idle = 7
NoC idle = 6
NoC idle = 6
NoC idle = 6
NoC idle = 21456
NoC idle = 192949
NoC idle = 1
NoC idle = 192959
NoC idle = 192933
NoC idle = 7
NoC idle = 192842
NoC idle = 1
NoC idle = 11
NoC idle = 192889
NoC idle = 193072
NoC idle = 193711
NoC idle = 1
NoC idle = 1
NoC idle = 6
NoC idle = 18908
NoC idle = 6655
NoC idle = 17868
NoC idle = 6660
NoC idle = 5
NoC idle = 8
NoC idle = 1
NoC idle = 28303
NoC idle = 15
NoC idle = 24296
NoC idle = 2
NoC idle = 9
NoC idle = 8
NoC idle = 27687
NoC idle = 24671
NoC idle = 2
NoC idle = 1
NoC idle = 27187
NoC idle = 24240
NoC idle = 1
NoC idle = 2
NoC idle = 7400
NoC idle = 5288
NoC idle = 1213
NoC idle = 2
NoC idle = 3
NoC idle = 7
NoC idle = 7494
NoC idle = 5293
NoC idle = 2
NoC idle = 7
NoC idle = 7478
NoC idle = 4
NoC idle = 5291
NoC idle = 1
NoC idle = 1
NoC idle = 7491
NoC idle = 5312
NoC idle = 2210
NoC idle = 1253
NoC idle = 1259
NoC idle = 3
NoC idle = 2
NoC idle = 7
NoC idle = 5
NoC idle = 1230
NoC idle = 1
NoC idle = 7
NoC idle = 472
NoC idle = 2
NoC idle = 9
NoC idle = 3970
NoC idle = 5
NoC idle = 3
NoC idle = 3027
NoC idle = 2
NoC idle = 3051
NoC idle = 3027
NoC idle = 14
NoC idle = 3232
NoC idle = 7
NoC idle = 3033
NoC idle = 3056
NoC idle = 3038
NoC idle = 3290
NoC idle = 3033
NoC idle = 3055
NoC idle = 3030
NoC idle = 2286
NoC idle = 33
NoC idle = 38
NoC idle = 1992
NoC idle = 50
NoC idle = 54
NoC idle = 2007
NoC idle = 49
NoC idle = 51
NoC idle = 2005
NoC idle = 53
NoC idle = 57
NoC idle = 2010
NoC idle = 31
NoC idle = 37
NoC idle = 1988
NoC idle = 49
NoC idle = 57
NoC idle = 2008
NoC idle = 54
NoC idle = 56
NoC idle = 2002
NoC idle = 52
NoC idle = 58
NoC idle = 429
NoC idle = 70
NoC idle = 84
NoC idle = 89
NoC idle = 89
NoC idle = 68
NoC idle = 89
NoC idle = 88
NoC idle = 14
NoC idle = 4100
NoC idle = 4455
NoC idle = 4479
NoC idle = 4471
NoC idle = 4465
NoC idle = 4446
NoC idle = 4475
NoC idle = 4478
NoC idle = 4161
NoC idle = 4448
NoC idle = 4472
NoC idle = 4471
NoC idle = 3
NoC idle = 5
NoC idle = 4459
NoC idle = 4445
NoC idle = 4472
NoC idle = 4468
NoC idle = 6
NoC idle = 3997
NoC idle = 55
NoC idle = 56
NoC idle = 4261
NoC idle = 72
NoC idle = 81
NoC idle = 4272
NoC idle = 1
NoC idle = 1
NoC idle = 55
NoC idle = 78
NoC idle = 4271
NoC idle = 1
NoC idle = 59
NoC idle = 81
NoC idle = 4273
NoC idle = 54
NoC idle = 61
NoC idle = 4256
NoC idle = 72
NoC idle = 79
NoC idle = 4272
NoC idle = 78
NoC idle = 75
NoC idle = 4274
NoC idle = 71
NoC idle = 78
NoC idle = 850
NoC idle = 1
NoC idle = 3
Frontend:
  impl: GEM5

[2026-06-29 17:28:01.676] [info] Row hits: 95514, Row misses: 935, Row conflicts: 36311
[2026-06-29 17:28:01.676] [info] Controller idle = 11
[2026-06-29 17:28:01.677] [info] Controller idle = 27
[2026-06-29 17:28:01.677] [info] Controller idle = 26646
[2026-06-29 17:28:01.677] [info] Controller idle = 25740
[2026-06-29 17:28:01.677] [info] Controller idle = 25737
[2026-06-29 17:28:01.677] [info] Controller idle = 25734
[2026-06-29 17:28:01.677] [info] Controller idle = 25725
[2026-06-29 17:28:01.677] [info] Controller idle = 25722
[2026-06-29 17:28:01.677] [info] Controller idle = 25731
[2026-06-29 17:28:01.677] [info] Controller idle = 25937
[2026-06-29 17:28:01.677] [info] Controller idle = 25772
[2026-06-29 17:28:01.677] [info] Controller idle = 231769
[2026-06-29 17:28:01.677] [info] Controller idle = 231774
[2026-06-29 17:28:01.677] [info] Controller idle = 1
[2026-06-29 17:28:01.677] [info] Controller idle = 4
[2026-06-29 17:28:01.677] [info] Controller idle = 231657
[2026-06-29 17:28:01.677] [info] Controller idle = 231634
[2026-06-29 17:28:01.677] [info] Controller idle = 231633
[2026-06-29 17:28:01.677] [info] Controller idle = 1
[2026-06-29 17:28:01.677] [info] Controller idle = 3
[2026-06-29 17:28:01.677] [info] Controller idle = 1
[2026-06-29 17:28:01.677] [info] Controller idle = 1
[2026-06-29 17:28:01.677] [info] Controller idle = 1
[2026-06-29 17:28:01.677] [info] Controller idle = 231875
[2026-06-29 17:28:01.677] [info] Controller idle = 4
[2026-06-29 17:28:01.677] [info] Controller idle = 232675
[2026-06-29 17:28:01.677] [info] Controller idle = 22818
[2026-06-29 17:28:01.677] [info] Controller idle = 8003
[2026-06-29 17:28:01.677] [info] Controller idle = 5
[2026-06-29 17:28:01.677] [info] Controller idle = 4
[2026-06-29 17:28:01.677] [info] Controller idle = 1
[2026-06-29 17:28:01.677] [info] Controller idle = 2
[2026-06-29 17:28:01.677] [info] Controller idle = 1
[2026-06-29 17:28:01.677] [info] Controller idle = 1
[2026-06-29 17:28:01.677] [info] Controller idle = 4
[2026-06-29 17:28:01.677] [info] Controller idle = 4
[2026-06-29 17:28:01.677] [info] Controller idle = 1
[2026-06-29 17:28:01.677] [info] Controller idle = 1
[2026-06-29 17:28:01.677] [info] Controller idle = 4
[2026-06-29 17:28:01.677] [info] Controller idle = 8
[2026-06-29 17:28:01.677] [info] Controller idle = 6
[2026-06-29 17:28:01.677] [info] Controller idle = 4
[2026-06-29 17:28:01.677] [info] Controller idle = 1
[2026-06-29 17:28:01.677] [info] Controller idle = 2
[2026-06-29 17:28:01.677] [info] Controller idle = 3
[2026-06-29 17:28:01.677] [info] Controller idle = 2
[2026-06-29 17:28:01.677] [info] Controller idle = 2
[2026-06-29 17:28:01.677] [info] Controller idle = 1
[2026-06-29 17:28:01.677] [info] Controller idle = 1
[2026-06-29 17:28:01.677] [info] Controller idle = 1
[2026-06-29 17:28:01.677] [info] Controller idle = 1
[2026-06-29 17:28:01.677] [info] Controller idle = 7
[2026-06-29 17:28:01.677] [info] Controller idle = 2
[2026-06-29 17:28:01.677] [info] Controller idle = 13
[2026-06-29 17:28:01.677] [info] Controller idle = 1
[2026-06-29 17:28:01.677] [info] Controller idle = 1
[2026-06-29 17:28:01.677] [info] Controller idle = 7
[2026-06-29 17:28:01.677] [info] Controller idle = 9
[2026-06-29 17:28:01.677] [info] Controller idle = 1
[2026-06-29 17:28:01.677] [info] Controller idle = 1
[2026-06-29 17:28:01.677] [info] Controller idle = 1
[2026-06-29 17:28:01.677] [info] Controller idle = 2
[2026-06-29 17:28:01.677] [info] Controller idle = 5
[2026-06-29 17:28:01.677] [info] Controller idle = 1
[2026-06-29 17:28:01.677] [info] Controller idle = 4
[2026-06-29 17:28:01.677] [info] Controller idle = 2
[2026-06-29 17:28:01.677] [info] Controller idle = 5
[2026-06-29 17:28:01.677] [info] Controller idle = 1
[2026-06-29 17:28:01.677] [info] Controller idle = 2
[2026-06-29 17:28:01.677] [info] Controller idle = 11
[2026-06-29 17:28:01.677] [info] Controller idle = 16
[2026-06-29 17:28:01.677] [info] Controller idle = 4
[2026-06-29 17:28:01.677] [info] Controller idle = 3
[2026-06-29 17:28:01.677] [info] Controller idle = 1
[2026-06-29 17:28:01.677] [info] Controller idle = 1
[2026-06-29 17:28:01.677] [info] Controller idle = 1
[2026-06-29 17:28:01.677] [info] Controller idle = 2
[2026-06-29 17:28:01.677] [info] Controller idle = 3
[2026-06-29 17:28:01.677] [info] Controller idle = 14
[2026-06-29 17:28:01.677] [info] Controller idle = 5
[2026-06-29 17:28:01.677] [info] Controller idle = 18
[2026-06-29 17:28:01.677] [info] Controller idle = 2
[2026-06-29 17:28:01.677] [info] Controller idle = 1
[2026-06-29 17:28:01.677] [info] Controller idle = 8
[2026-06-29 17:28:01.677] [info] Controller idle = 5
[2026-06-29 17:28:01.677] [info] Controller idle = 7
[2026-06-29 17:28:01.677] [info] Controller idle = 2
[2026-06-29 17:28:01.677] [info] Controller idle = 4
[2026-06-29 17:28:01.677] [info] Controller idle = 4
[2026-06-29 17:28:01.677] [info] Controller idle = 1
[2026-06-29 17:28:01.677] [info] Controller idle = 1
[2026-06-29 17:28:01.677] [info] Controller idle = 17
[2026-06-29 17:28:01.677] [info] Controller idle = 15
[2026-06-29 17:28:01.677] [info] Controller idle = 28
[2026-06-29 17:28:01.677] [info] Controller idle = 21518
[2026-06-29 17:28:01.677] [info] Controller idle = 8013
[2026-06-29 17:28:01.677] [info] Controller idle = 5
[2026-06-29 17:28:01.677] [info] Controller idle = 1
[2026-06-29 17:28:01.677] [info] Controller idle = 1
[2026-06-29 17:28:01.677] [info] Controller idle = 5
[2026-06-29 17:28:01.677] [info] Controller idle = 17
[2026-06-29 17:28:01.677] [info] Controller idle = 1
[2026-06-29 17:28:01.677] [info] Controller idle = 1
[2026-06-29 17:28:01.677] [info] Controller idle = 2
[2026-06-29 17:28:01.677] [info] Controller idle = 15
[2026-06-29 17:28:01.677] [info] Controller idle = 34047
[2026-06-29 17:28:01.677] [info] Controller idle = 29304
[2026-06-29 17:28:01.677] [info] Controller idle = 9
[2026-06-29 17:28:01.677] [info] Controller idle = 5
[2026-06-29 17:28:01.677] [info] Controller idle = 33381
[2026-06-29 17:28:01.677] [info] Controller idle = 2
[2026-06-29 17:28:01.677] [info] Controller idle = 1
[2026-06-29 17:28:01.677] [info] Controller idle = 8
[2026-06-29 17:28:01.677] [info] Controller idle = 2
[2026-06-29 17:28:01.677] [info] Controller idle = 1
[2026-06-29 17:28:01.677] [info] Controller idle = 4
[2026-06-29 17:28:01.677] [info] Controller idle = 2
[2026-06-29 17:28:01.677] [info] Controller idle = 1
[2026-06-29 17:28:01.677] [info] Controller idle = 1
[2026-06-29 17:28:01.677] [info] Controller idle = 1
[2026-06-29 17:28:01.677] [info] Controller idle = 4
[2026-06-29 17:28:01.677] [info] Controller idle = 2
[2026-06-29 17:28:01.677] [info] Controller idle = 2
[2026-06-29 17:28:01.677] [info] Controller idle = 1
[2026-06-29 17:28:01.677] [info] Controller idle = 11
[2026-06-29 17:28:01.677] [info] Controller idle = 1
[2026-06-29 17:28:01.677] [info] Controller idle = 2
[2026-06-29 17:28:01.677] [info] Controller idle = 2
[2026-06-29 17:28:01.677] [info] Controller idle = 2
[2026-06-29 17:28:01.677] [info] Controller idle = 5
[2026-06-29 17:28:01.677] [info] Controller idle = 1
[2026-06-29 17:28:01.677] [info] Controller idle = 10
[2026-06-29 17:28:01.677] [info] Controller idle = 5
[2026-06-29 17:28:01.677] [info] Controller idle = 1
[2026-06-29 17:28:01.677] [info] Controller idle = 8
[2026-06-29 17:28:01.677] [info] Controller idle = 8
[2026-06-29 17:28:01.677] [info] Controller idle = 3
[2026-06-29 17:28:01.677] [info] Controller idle = 4
[2026-06-29 17:28:01.677] [info] Controller idle = 16
[2026-06-29 17:28:01.677] [info] Controller idle = 3
[2026-06-29 17:28:01.677] [info] Controller idle = 7
[2026-06-29 17:28:01.677] [info] Controller idle = 29652
[2026-06-29 17:28:01.677] [info] Controller idle = 1
[2026-06-29 17:28:01.677] [info] Controller idle = 2
[2026-06-29 17:28:01.677] [info] Controller idle = 32825
[2026-06-29 17:28:01.677] [info] Controller idle = 2
[2026-06-29 17:28:01.677] [info] Controller idle = 1
[2026-06-29 17:28:01.677] [info] Controller idle = 3
[2026-06-29 17:28:01.677] [info] Controller idle = 1
[2026-06-29 17:28:01.677] [info] Controller idle = 3
[2026-06-29 17:28:01.677] [info] Controller idle = 16
[2026-06-29 17:28:01.677] [info] Controller idle = 1
[2026-06-29 17:28:01.677] [info] Controller idle = 16
[2026-06-29 17:28:01.677] [info] Controller idle = 29417
[2026-06-29 17:28:01.677] [info] Controller idle = 5
[2026-06-29 17:28:01.677] [info] Controller idle = 2
[2026-06-29 17:28:01.677] [info] Controller idle = 8
[2026-06-29 17:28:01.677] [info] Controller idle = 1
[2026-06-29 17:28:01.677] [info] Controller idle = 1
[2026-06-29 17:28:01.677] [info] Controller idle = 7
[2026-06-29 17:28:01.677] [info] Controller idle = 3
[2026-06-29 17:28:01.677] [info] Controller idle = 12
[2026-06-29 17:28:01.677] [info] Controller idle = 1
[2026-06-29 17:28:01.677] [info] Controller idle = 1
[2026-06-29 17:28:01.677] [info] Controller idle = 5
[2026-06-29 17:28:01.677] [info] Controller idle = 2
[2026-06-29 17:28:01.677] [info] Controller idle = 9146
[2026-06-29 17:28:01.677] [info] Controller idle = 3
[2026-06-29 17:28:01.677] [info] Controller idle = 1
[2026-06-29 17:28:01.677] [info] Controller idle = 2
[2026-06-29 17:28:01.677] [info] Controller idle = 1
[2026-06-29 17:28:01.677] [info] Controller idle = 13
[2026-06-29 17:28:01.677] [info] Controller idle = 19
[2026-06-29 17:28:01.677] [info] Controller idle = 6397
[2026-06-29 17:28:01.677] [info] Controller idle = 1572
[2026-06-29 17:28:01.677] [info] Controller idle = 3
[2026-06-29 17:28:01.677] [info] Controller idle = 2
[2026-06-29 17:28:01.677] [info] Controller idle = 2
[2026-06-29 17:28:01.677] [info] Controller idle = 1
[2026-06-29 17:28:01.677] [info] Controller idle = 3
[2026-06-29 17:28:01.677] [info] Controller idle = 2
[2026-06-29 17:28:01.677] [info] Controller idle = 4
[2026-06-29 17:28:01.677] [info] Controller idle = 5
[2026-06-29 17:28:01.677] [info] Controller idle = 2
[2026-06-29 17:28:01.677] [info] Controller idle = 11
[2026-06-29 17:28:01.677] [info] Controller idle = 1
[2026-06-29 17:28:01.677] [info] Controller idle = 1
[2026-06-29 17:28:01.677] [info] Controller idle = 1
[2026-06-29 17:28:01.677] [info] Controller idle = 3
[2026-06-29 17:28:01.677] [info] Controller idle = 9273
[2026-06-29 17:28:01.677] [info] Controller idle = 3
[2026-06-29 17:28:01.677] [info] Controller idle = 2
[2026-06-29 17:28:01.677] [info] Controller idle = 1
[2026-06-29 17:28:01.677] [info] Controller idle = 1
[2026-06-29 17:28:01.677] [info] Controller idle = 1
[2026-06-29 17:28:01.677] [info] Controller idle = 2
[2026-06-29 17:28:01.677] [info] Controller idle = 1
[2026-06-29 17:28:01.677] [info] Controller idle = 1
[2026-06-29 17:28:01.677] [info] Controller idle = 8
[2026-06-29 17:28:01.677] [info] Controller idle = 4
[2026-06-29 17:28:01.677] [info] Controller idle = 3
[2026-06-29 17:28:01.677] [info] Controller idle = 1
[2026-06-29 17:28:01.677] [info] Controller idle = 6430
[2026-06-29 17:28:01.677] [info] Controller idle = 9015
[2026-06-29 17:28:01.677] [info] Controller idle = 3
[2026-06-29 17:28:01.677] [info] Controller idle = 1
[2026-06-29 17:28:01.677] [info] Controller idle = 1
[2026-06-29 17:28:01.677] [info] Controller idle = 1
[2026-06-29 17:28:01.677] [info] Controller idle = 1
[2026-06-29 17:28:01.677] [info] Controller idle = 5
[2026-06-29 17:28:01.677] [info] Controller idle = 1
[2026-06-29 17:28:01.677] [info] Controller idle = 1
[2026-06-29 17:28:01.677] [info] Controller idle = 1
[2026-06-29 17:28:01.677] [info] Controller idle = 6391
[2026-06-29 17:28:01.677] [info] Controller idle = 1
[2026-06-29 17:28:01.677] [info] Controller idle = 9037
[2026-06-29 17:28:01.677] [info] Controller idle = 3
[2026-06-29 17:28:01.677] [info] Controller idle = 2
[2026-06-29 17:28:01.677] [info] Controller idle = 1
[2026-06-29 17:28:01.677] [info] Controller idle = 1
[2026-06-29 17:28:01.677] [info] Controller idle = 2
[2026-06-29 17:28:01.677] [info] Controller idle = 6
[2026-06-29 17:28:01.677] [info] Controller idle = 2
[2026-06-29 17:28:01.677] [info] Controller idle = 2
[2026-06-29 17:28:01.677] [info] Controller idle = 1
[2026-06-29 17:28:01.677] [info] Controller idle = 2
[2026-06-29 17:28:01.677] [info] Controller idle = 5
[2026-06-29 17:28:01.677] [info] Controller idle = 3
[2026-06-29 17:28:01.677] [info] Controller idle = 1
[2026-06-29 17:28:01.677] [info] Controller idle = 1
[2026-06-29 17:28:01.677] [info] Controller idle = 1
[2026-06-29 17:28:01.677] [info] Controller idle = 1
[2026-06-29 17:28:01.677] [info] Controller idle = 15
[2026-06-29 17:28:01.677] [info] Controller idle = 6426
[2026-06-29 17:28:01.677] [info] Controller idle = 2742
[2026-06-29 17:28:01.677] [info] Controller idle = 1547
[2026-06-29 17:28:01.677] [info] Controller idle = 1
[2026-06-29 17:28:01.677] [info] Controller idle = 1
[2026-06-29 17:28:01.677] [info] Controller idle = 3
[2026-06-29 17:28:01.677] [info] Controller idle = 1529
[2026-06-29 17:28:01.677] [info] Controller idle = 1557
[2026-06-29 17:28:01.677] [info] Controller idle = 2
[2026-06-29 17:28:01.677] [info] Controller idle = 656
[2026-06-29 17:28:01.677] [info] Controller idle = 4883
[2026-06-29 17:28:01.677] [info] Controller idle = 3680
[2026-06-29 17:28:01.677] [info] Controller idle = 3704
[2026-06-29 17:28:01.677] [info] Controller idle = 3680
[2026-06-29 17:28:01.677] [info] Controller idle = 3933
[2026-06-29 17:28:01.677] [info] Controller idle = 3687
[2026-06-29 17:28:01.677] [info] Controller idle = 3700
[2026-06-29 17:28:01.677] [info] Controller idle = 3
[2026-06-29 17:28:01.677] [info] Controller idle = 3700
[2026-06-29 17:28:01.677] [info] Controller idle = 1
[2026-06-29 17:28:01.677] [info] Controller idle = 4013
[2026-06-29 17:28:01.677] [info] Controller idle = 1
[2026-06-29 17:28:01.677] [info] Controller idle = 1
[2026-06-29 17:28:01.677] [info] Controller idle = 3695
[2026-06-29 17:28:01.677] [info] Controller idle = 3689
[2026-06-29 17:28:01.677] [info] Controller idle = 1
[2026-06-29 17:28:01.677] [info] Controller idle = 3
[2026-06-29 17:28:01.677] [info] Controller idle = 20
[2026-06-29 17:28:01.677] [info] Controller idle = 1
[2026-06-29 17:28:01.677] [info] Controller idle = 3683
[2026-06-29 17:28:01.677] [info] Controller idle = 2808
[2026-06-29 17:28:01.677] [info] Controller idle = 63
[2026-06-29 17:28:01.677] [info] Controller idle = 63
[2026-06-29 17:28:01.677] [info] Controller idle = 1
[2026-06-29 17:28:01.677] [info] Controller idle = 2416
[2026-06-29 17:28:01.677] [info] Controller idle = 9
[2026-06-29 17:28:01.677] [info] Controller idle = 9
[2026-06-29 17:28:01.677] [info] Controller idle = 1
[2026-06-29 17:28:01.677] [info] Controller idle = 7
[2026-06-29 17:28:01.677] [info] Controller idle = 1
[2026-06-29 17:28:01.677] [info] Controller idle = 80
[2026-06-29 17:28:01.677] [info] Controller idle = 5
[2026-06-29 17:28:01.677] [info] Controller idle = 1
[2026-06-29 17:28:01.677] [info] Controller idle = 1
[2026-06-29 17:28:01.677] [info] Controller idle = 8
[2026-06-29 17:28:01.677] [info] Controller idle = 5
[2026-06-29 17:28:01.677] [info] Controller idle = 3
[2026-06-29 17:28:01.677] [info] Controller idle = 88
[2026-06-29 17:28:01.677] [info] Controller idle = 5
[2026-06-29 17:28:01.677] [info] Controller idle = 9
[2026-06-29 17:28:01.677] [info] Controller idle = 4
[2026-06-29 17:28:01.677] [info] Controller idle = 1
[2026-06-29 17:28:01.677] [info] Controller idle = 3
[2026-06-29 17:28:01.677] [info] Controller idle = 10
[2026-06-29 17:28:01.677] [info] Controller idle = 4
[2026-06-29 17:28:01.677] [info] Controller idle = 4
[2026-06-29 17:28:01.677] [info] Controller idle = 4
[2026-06-29 17:28:01.677] [info] Controller idle = 4
[2026-06-29 17:28:01.677] [info] Controller idle = 1
[2026-06-29 17:28:01.677] [info] Controller idle = 2434
[2026-06-29 17:28:01.677] [info] Controller idle = 1
[2026-06-29 17:28:01.677] [info] Controller idle = 2
[2026-06-29 17:28:01.677] [info] Controller idle = 1
[2026-06-29 17:28:01.677] [info] Controller idle = 3
[2026-06-29 17:28:01.677] [info] Controller idle = 1
[2026-06-29 17:28:01.677] [info] Controller idle = 2
[2026-06-29 17:28:01.677] [info] Controller idle = 23
[2026-06-29 17:28:01.677] [info] Controller idle = 74
[2026-06-29 17:28:01.677] [info] Controller idle = 2
[2026-06-29 17:28:01.677] [info] Controller idle = 2
[2026-06-29 17:28:01.677] [info] Controller idle = 1
[2026-06-29 17:28:01.677] [info] Controller idle = 9
[2026-06-29 17:28:01.677] [info] Controller idle = 1
[2026-06-29 17:28:01.677] [info] Controller idle = 111
[2026-06-29 17:28:01.677] [info] Controller idle = 4
[2026-06-29 17:28:01.677] [info] Controller idle = 10
[2026-06-29 17:28:01.677] [info] Controller idle = 8
[2026-06-29 17:28:01.677] [info] Controller idle = 2
[2026-06-29 17:28:01.677] [info] Controller idle = 2
[2026-06-29 17:28:01.677] [info] Controller idle = 4
[2026-06-29 17:28:01.677] [info] Controller idle = 7
[2026-06-29 17:28:01.677] [info] Controller idle = 3
[2026-06-29 17:28:01.677] [info] Controller idle = 1
[2026-06-29 17:28:01.677] [info] Controller idle = 2435
[2026-06-29 17:28:01.677] [info] Controller idle = 2
[2026-06-29 17:28:01.677] [info] Controller idle = 2
[2026-06-29 17:28:01.677] [info] Controller idle = 7
[2026-06-29 17:28:01.677] [info] Controller idle = 93
[2026-06-29 17:28:01.677] [info] Controller idle = 1
[2026-06-29 17:28:01.677] [info] Controller idle = 4
[2026-06-29 17:28:01.677] [info] Controller idle = 1
[2026-06-29 17:28:01.677] [info] Controller idle = 7
[2026-06-29 17:28:01.677] [info] Controller idle = 95
[2026-06-29 17:28:01.677] [info] Controller idle = 1
[2026-06-29 17:28:01.677] [info] Controller idle = 2
[2026-06-29 17:28:01.677] [info] Controller idle = 1
[2026-06-29 17:28:01.677] [info] Controller idle = 4
[2026-06-29 17:28:01.677] [info] Controller idle = 3
[2026-06-29 17:28:01.677] [info] Controller idle = 21
[2026-06-29 17:28:01.677] [info] Controller idle = 1
[2026-06-29 17:28:01.677] [info] Controller idle = 4
[2026-06-29 17:28:01.677] [info] Controller idle = 4
[2026-06-29 17:28:01.677] [info] Controller idle = 2441
[2026-06-29 17:28:01.677] [info] Controller idle = 62
[2026-06-29 17:28:01.677] [info] Controller idle = 67
[2026-06-29 17:28:01.677] [info] Controller idle = 2408
[2026-06-29 17:28:01.677] [info] Controller idle = 1
[2026-06-29 17:28:01.677] [info] Controller idle = 5
[2026-06-29 17:28:01.677] [info] Controller idle = 1
[2026-06-29 17:28:01.677] [info] Controller idle = 1
[2026-06-29 17:28:01.677] [info] Controller idle = 3
[2026-06-29 17:28:01.677] [info] Controller idle = 4
[2026-06-29 17:28:01.677] [info] Controller idle = 1
[2026-06-29 17:28:01.677] [info] Controller idle = 1
[2026-06-29 17:28:01.677] [info] Controller idle = 1
[2026-06-29 17:28:01.677] [info] Controller idle = 1
[2026-06-29 17:28:01.677] [info] Controller idle = 82
[2026-06-29 17:28:01.677] [info] Controller idle = 8
[2026-06-29 17:28:01.677] [info] Controller idle = 4
[2026-06-29 17:28:01.677] [info] Controller idle = 1
[2026-06-29 17:28:01.677] [info] Controller idle = 2
[2026-06-29 17:28:01.677] [info] Controller idle = 1
[2026-06-29 17:28:01.677] [info] Controller idle = 92
[2026-06-29 17:28:01.677] [info] Controller idle = 2
[2026-06-29 17:28:01.677] [info] Controller idle = 1
[2026-06-29 17:28:01.678] [info] Controller idle = 17
[2026-06-29 17:28:01.678] [info] Controller idle = 9
[2026-06-29 17:28:01.678] [info] Controller idle = 1
[2026-06-29 17:28:01.678] [info] Controller idle = 1
[2026-06-29 17:28:01.678] [info] Controller idle = 8
[2026-06-29 17:28:01.678] [info] Controller idle = 7
[2026-06-29 17:28:01.678] [info] Controller idle = 2435
[2026-06-29 17:28:01.678] [info] Controller idle = 1
[2026-06-29 17:28:01.678] [info] Controller idle = 5
[2026-06-29 17:28:01.678] [info] Controller idle = 5
[2026-06-29 17:28:01.678] [info] Controller idle = 89
[2026-06-29 17:28:01.678] [info] Controller idle = 3
[2026-06-29 17:28:01.678] [info] Controller idle = 1
[2026-06-29 17:28:01.678] [info] Controller idle = 6
[2026-06-29 17:28:01.678] [info] Controller idle = 2
[2026-06-29 17:28:01.678] [info] Controller idle = 2
[2026-06-29 17:28:01.678] [info] Controller idle = 91
[2026-06-29 17:28:01.678] [info] Controller idle = 12
[2026-06-29 17:28:01.678] [info] Controller idle = 2
[2026-06-29 17:28:01.678] [info] Controller idle = 1
[2026-06-29 17:28:01.678] [info] Controller idle = 20
[2026-06-29 17:28:01.678] [info] Controller idle = 3
[2026-06-29 17:28:01.678] [info] Controller idle = 4
[2026-06-29 17:28:01.678] [info] Controller idle = 5
[2026-06-29 17:28:01.678] [info] Controller idle = 2440
[2026-06-29 17:28:01.678] [info] Controller idle = 8
[2026-06-29 17:28:01.678] [info] Controller idle = 7
[2026-06-29 17:28:01.678] [info] Controller idle = 85
[2026-06-29 17:28:01.678] [info] Controller idle = 2
[2026-06-29 17:28:01.678] [info] Controller idle = 6
[2026-06-29 17:28:01.678] [info] Controller idle = 6
[2026-06-29 17:28:01.678] [info] Controller idle = 2
[2026-06-29 17:28:01.678] [info] Controller idle = 94
[2026-06-29 17:28:01.678] [info] Controller idle = 1
[2026-06-29 17:28:01.678] [info] Controller idle = 1
[2026-06-29 17:28:01.678] [info] Controller idle = 8
[2026-06-29 17:28:01.678] [info] Controller idle = 1
[2026-06-29 17:28:01.678] [info] Controller idle = 4
[2026-06-29 17:28:01.678] [info] Controller idle = 12
[2026-06-29 17:28:01.678] [info] Controller idle = 544
[2026-06-29 17:28:01.678] [info] Controller idle = 3
[2026-06-29 17:28:01.678] [info] Controller idle = 107
[2026-06-29 17:28:01.678] [info] Controller idle = 3
[2026-06-29 17:28:01.678] [info] Controller idle = 2
[2026-06-29 17:28:01.678] [info] Controller idle = 1
[2026-06-29 17:28:01.678] [info] Controller idle = 4
[2026-06-29 17:28:01.678] [info] Controller idle = 1
[2026-06-29 17:28:01.678] [info] Controller idle = 2
[2026-06-29 17:28:01.678] [info] Controller idle = 4
[2026-06-29 17:28:01.678] [info] Controller idle = 3
[2026-06-29 17:28:01.678] [info] Controller idle = 2
[2026-06-29 17:28:01.678] [info] Controller idle = 1
[2026-06-29 17:28:01.678] [info] Controller idle = 3
[2026-06-29 17:28:01.678] [info] Controller idle = 26
[2026-06-29 17:28:01.678] [info] Controller idle = 1
[2026-06-29 17:28:01.678] [info] Controller idle = 2
[2026-06-29 17:28:01.678] [info] Controller idle = 1
[2026-06-29 17:28:01.678] [info] Controller idle = 7
[2026-06-29 17:28:01.678] [info] Controller idle = 3
[2026-06-29 17:28:01.678] [info] Controller idle = 3
[2026-06-29 17:28:01.678] [info] Controller idle = 4
[2026-06-29 17:28:01.678] [info] Controller idle = 1
[2026-06-29 17:28:01.678] [info] Controller idle = 2
[2026-06-29 17:28:01.678] [info] Controller idle = 3
[2026-06-29 17:28:01.678] [info] Controller idle = 4
[2026-06-29 17:28:01.678] [info] Controller idle = 140
[2026-06-29 17:28:01.678] [info] Controller idle = 1
[2026-06-29 17:28:01.678] [info] Controller idle = 3
[2026-06-29 17:28:01.678] [info] Controller idle = 4
[2026-06-29 17:28:01.678] [info] Controller idle = 4
[2026-06-29 17:28:01.678] [info] Controller idle = 13
[2026-06-29 17:28:01.678] [info] Controller idle = 1
[2026-06-29 17:28:01.678] [info] Controller idle = 5
[2026-06-29 17:28:01.678] [info] Controller idle = 11
[2026-06-29 17:28:01.678] [info] Controller idle = 9
[2026-06-29 17:28:01.678] [info] Controller idle = 1
[2026-06-29 17:28:01.678] [info] Controller idle = 1
[2026-06-29 17:28:01.678] [info] Controller idle = 2
[2026-06-29 17:28:01.678] [info] Controller idle = 2
[2026-06-29 17:28:01.678] [info] Controller idle = 3
[2026-06-29 17:28:01.678] [info] Controller idle = 16
[2026-06-29 17:28:01.678] [info] Controller idle = 21
[2026-06-29 17:28:01.678] [info] Controller idle = 124
[2026-06-29 17:28:01.678] [info] Controller idle = 8
[2026-06-29 17:28:01.678] [info] Controller idle = 3
[2026-06-29 17:28:01.678] [info] Controller idle = 3
[2026-06-29 17:28:01.678] [info] Controller idle = 3
[2026-06-29 17:28:01.678] [info] Controller idle = 1
[2026-06-29 17:28:01.678] [info] Controller idle = 3
[2026-06-29 17:28:01.678] [info] Controller idle = 1
[2026-06-29 17:28:01.678] [info] Controller idle = 3
[2026-06-29 17:28:01.678] [info] Controller idle = 1
[2026-06-29 17:28:01.678] [info] Controller idle = 34
[2026-06-29 17:28:01.678] [info] Controller idle = 13
[2026-06-29 17:28:01.678] [info] Controller idle = 2
[2026-06-29 17:28:01.678] [info] Controller idle = 11
[2026-06-29 17:28:01.678] [info] Controller idle = 1
[2026-06-29 17:28:01.678] [info] Controller idle = 3
[2026-06-29 17:28:01.678] [info] Controller idle = 2
[2026-06-29 17:28:01.678] [info] Controller idle = 139
[2026-06-29 17:28:01.678] [info] Controller idle = 106
[2026-06-29 17:28:01.678] [info] Controller idle = 3
[2026-06-29 17:28:01.678] [info] Controller idle = 1
[2026-06-29 17:28:01.678] [info] Controller idle = 1
[2026-06-29 17:28:01.678] [info] Controller idle = 1
[2026-06-29 17:28:01.678] [info] Controller idle = 2
[2026-06-29 17:28:01.678] [info] Controller idle = 23
[2026-06-29 17:28:01.678] [info] Controller idle = 8
[2026-06-29 17:28:01.678] [info] Controller idle = 1
[2026-06-29 17:28:01.678] [info] Controller idle = 27
[2026-06-29 17:28:01.678] [info] Controller idle = 1
[2026-06-29 17:28:01.678] [info] Controller idle = 2
[2026-06-29 17:28:01.678] [info] Controller idle = 13
[2026-06-29 17:28:01.678] [info] Controller idle = 9
[2026-06-29 17:28:01.678] [info] Controller idle = 2
[2026-06-29 17:28:01.678] [info] Controller idle = 5
[2026-06-29 17:28:01.678] [info] Controller idle = 1
[2026-06-29 17:28:01.678] [info] Controller idle = 2
[2026-06-29 17:28:01.678] [info] Controller idle = 1
[2026-06-29 17:28:01.678] [info] Controller idle = 3
[2026-06-29 17:28:01.678] [info] Controller idle = 9
[2026-06-29 17:28:01.678] [info] Controller idle = 1
[2026-06-29 17:28:01.678] [info] Controller idle = 1
[2026-06-29 17:28:01.678] [info] Controller idle = 131
[2026-06-29 17:28:01.678] [info] Controller idle = 2
[2026-06-29 17:28:01.678] [info] Controller idle = 2
[2026-06-29 17:28:01.678] [info] Controller idle = 11
[2026-06-29 17:28:01.678] [info] Controller idle = 2
[2026-06-29 17:28:01.678] [info] Controller idle = 2
[2026-06-29 17:28:01.678] [info] Controller idle = 5
[2026-06-29 17:28:01.678] [info] Controller idle = 3
[2026-06-29 17:28:01.678] [info] Controller idle = 2
[2026-06-29 17:28:01.678] [info] Controller idle = 1
[2026-06-29 17:28:01.678] [info] Controller idle = 9
[2026-06-29 17:28:01.678] [info] Controller idle = 1
[2026-06-29 17:28:01.678] [info] Controller idle = 23
[2026-06-29 17:28:01.678] [info] Controller idle = 1
[2026-06-29 17:28:01.678] [info] Controller idle = 8
[2026-06-29 17:28:01.678] [info] Controller idle = 2
[2026-06-29 17:28:01.678] [info] Controller idle = 1
[2026-06-29 17:28:01.678] [info] Controller idle = 2
[2026-06-29 17:28:01.678] [info] Controller idle = 3
[2026-06-29 17:28:01.678] [info] Controller idle = 11
[2026-06-29 17:28:01.678] [info] Controller idle = 3
[2026-06-29 17:28:01.678] [info] Controller idle = 3
[2026-06-29 17:28:01.678] [info] Controller idle = 6
[2026-06-29 17:28:01.678] [info] Controller idle = 8
[2026-06-29 17:28:01.678] [info] Controller idle = 2
[2026-06-29 17:28:01.678] [info] Controller idle = 129
[2026-06-29 17:28:01.678] [info] Controller idle = 5
[2026-06-29 17:28:01.678] [info] Controller idle = 2
[2026-06-29 17:28:01.678] [info] Controller idle = 1
[2026-06-29 17:28:01.678] [info] Controller idle = 3
[2026-06-29 17:28:01.678] [info] Controller idle = 4
[2026-06-29 17:28:01.678] [info] Controller idle = 3
[2026-06-29 17:28:01.678] [info] Controller idle = 4
[2026-06-29 17:28:01.678] [info] Controller idle = 36
[2026-06-29 17:28:01.678] [info] Controller idle = 14
[2026-06-29 17:28:01.678] [info] Controller idle = 16
[2026-06-29 17:28:01.678] [info] Controller idle = 3
[2026-06-29 17:28:01.678] [info] Controller idle = 4971
[2026-06-29 17:28:01.678] [info] Controller idle = 5370
[2026-06-29 17:28:01.678] [info] Controller idle = 1
[2026-06-29 17:28:01.678] [info] Controller idle = 3
[2026-06-29 17:28:01.678] [info] Controller idle = 1
[2026-06-29 17:28:01.678] [info] Controller idle = 2
[2026-06-29 17:28:01.678] [info] Controller idle = 1
[2026-06-29 17:28:01.678] [info] Controller idle = 2
[2026-06-29 17:28:01.678] [info] Controller idle = 6
[2026-06-29 17:28:01.678] [info] Controller idle = 2
[2026-06-29 17:28:01.678] [info] Controller idle = 1
[2026-06-29 17:28:01.678] [info] Controller idle = 2
[2026-06-29 17:28:01.678] [info] Controller idle = 2
[2026-06-29 17:28:01.678] [info] Controller idle = 2
[2026-06-29 17:28:01.678] [info] Controller idle = 10
[2026-06-29 17:28:01.678] [info] Controller idle = 5395
[2026-06-29 17:28:01.678] [info] Controller idle = 5
[2026-06-29 17:28:01.678] [info] Controller idle = 2
[2026-06-29 17:28:01.678] [info] Controller idle = 4
[2026-06-29 17:28:01.678] [info] Controller idle = 1
[2026-06-29 17:28:01.678] [info] Controller idle = 2
[2026-06-29 17:28:01.678] [info] Controller idle = 3
[2026-06-29 17:28:01.678] [info] Controller idle = 3
[2026-06-29 17:28:01.678] [info] Controller idle = 1
[2026-06-29 17:28:01.678] [info] Controller idle = 3
[2026-06-29 17:28:01.678] [info] Controller idle = 4
[2026-06-29 17:28:01.678] [info] Controller idle = 4
[2026-06-29 17:28:01.678] [info] Controller idle = 1
[2026-06-29 17:28:01.678] [info] Controller idle = 11
[2026-06-29 17:28:01.678] [info] Controller idle = 1
[2026-06-29 17:28:01.678] [info] Controller idle = 4
[2026-06-29 17:28:01.678] [info] Controller idle = 12
[2026-06-29 17:28:01.678] [info] Controller idle = 5393
[2026-06-29 17:28:01.678] [info] Controller idle = 6
[2026-06-29 17:28:01.678] [info] Controller idle = 2
[2026-06-29 17:28:01.678] [info] Controller idle = 3
[2026-06-29 17:28:01.678] [info] Controller idle = 1
[2026-06-29 17:28:01.678] [info] Controller idle = 8
[2026-06-29 17:28:01.678] [info] Controller idle = 3
[2026-06-29 17:28:01.678] [info] Controller idle = 1
[2026-06-29 17:28:01.678] [info] Controller idle = 1
[2026-06-29 17:28:01.678] [info] Controller idle = 1
[2026-06-29 17:28:01.678] [info] Controller idle = 2
[2026-06-29 17:28:01.678] [info] Controller idle = 1
[2026-06-29 17:28:01.678] [info] Controller idle = 5407
[2026-06-29 17:28:01.678] [info] Controller idle = 5368
[2026-06-29 17:28:01.678] [info] Controller idle = 1
[2026-06-29 17:28:01.678] [info] Controller idle = 1
[2026-06-29 17:28:01.678] [info] Controller idle = 4
[2026-06-29 17:28:01.678] [info] Controller idle = 4
[2026-06-29 17:28:01.678] [info] Controller idle = 1
[2026-06-29 17:28:01.678] [info] Controller idle = 4
[2026-06-29 17:28:01.678] [info] Controller idle = 2
[2026-06-29 17:28:01.678] [info] Controller idle = 3
[2026-06-29 17:28:01.678] [info] Controller idle = 4
[2026-06-29 17:28:01.678] [info] Controller idle = 1
[2026-06-29 17:28:01.678] [info] Controller idle = 1
[2026-06-29 17:28:01.678] [info] Controller idle = 3
[2026-06-29 17:28:01.678] [info] Controller idle = 1
[2026-06-29 17:28:01.678] [info] Controller idle = 3
[2026-06-29 17:28:01.678] [info] Controller idle = 1
[2026-06-29 17:28:01.678] [info] Controller idle = 5395
[2026-06-29 17:28:01.678] [info] Controller idle = 1
[2026-06-29 17:28:01.678] [info] Controller idle = 4
[2026-06-29 17:28:01.678] [info] Controller idle = 1
[2026-06-29 17:28:01.678] [info] Controller idle = 1
[2026-06-29 17:28:01.678] [info] Controller idle = 4
[2026-06-29 17:28:01.678] [info] Controller idle = 5
[2026-06-29 17:28:01.678] [info] Controller idle = 2
[2026-06-29 17:28:01.678] [info] Controller idle = 3
[2026-06-29 17:28:01.678] [info] Controller idle = 11
[2026-06-29 17:28:01.678] [info] Controller idle = 5405
[2026-06-29 17:28:01.678] [info] Controller idle = 3
[2026-06-29 17:28:01.678] [info] Controller idle = 3
[2026-06-29 17:28:01.678] [info] Controller idle = 1
[2026-06-29 17:28:01.678] [info] Controller idle = 4
[2026-06-29 17:28:01.678] [info] Controller idle = 1
[2026-06-29 17:28:01.678] [info] Controller idle = 1
[2026-06-29 17:28:01.678] [info] Controller idle = 6
[2026-06-29 17:28:01.678] [info] Controller idle = 3
[2026-06-29 17:28:01.678] [info] Controller idle = 5021
[2026-06-29 17:28:01.678] [info] Controller idle = 2
[2026-06-29 17:28:01.678] [info] Controller idle = 5367
[2026-06-29 17:28:01.678] [info] Controller idle = 1
[2026-06-29 17:28:01.678] [info] Controller idle = 1
[2026-06-29 17:28:01.678] [info] Controller idle = 2
[2026-06-29 17:28:01.678] [info] Controller idle = 1
[2026-06-29 17:28:01.678] [info] Controller idle = 3
[2026-06-29 17:28:01.678] [info] Controller idle = 1
[2026-06-29 17:28:01.678] [info] Controller idle = 3
[2026-06-29 17:28:01.678] [info] Controller idle = 8
[2026-06-29 17:28:01.678] [info] Controller idle = 1
[2026-06-29 17:28:01.678] [info] Controller idle = 2
[2026-06-29 17:28:01.678] [info] Controller idle = 1
[2026-06-29 17:28:01.678] [info] Controller idle = 2
[2026-06-29 17:28:01.678] [info] Controller idle = 10
[2026-06-29 17:28:01.678] [info] Controller idle = 3
[2026-06-29 17:28:01.678] [info] Controller idle = 1
[2026-06-29 17:28:01.678] [info] Controller idle = 1
[2026-06-29 17:28:01.678] [info] Controller idle = 5403
[2026-06-29 17:28:01.678] [info] Controller idle = 3
[2026-06-29 17:28:01.678] [info] Controller idle = 13
[2026-06-29 17:28:01.678] [info] Controller idle = 3
[2026-06-29 17:28:01.678] [info] Controller idle = 1
[2026-06-29 17:28:01.678] [info] Controller idle = 2
[2026-06-29 17:28:01.678] [info] Controller idle = 10
[2026-06-29 17:28:01.678] [info] Controller idle = 2
[2026-06-29 17:28:01.678] [info] Controller idle = 1
[2026-06-29 17:28:01.678] [info] Controller idle = 2
[2026-06-29 17:28:01.678] [info] Controller idle = 2
[2026-06-29 17:28:01.678] [info] Controller idle = 4
[2026-06-29 17:28:01.678] [info] Controller idle = 4
[2026-06-29 17:28:01.678] [info] Controller idle = 5397
[2026-06-29 17:28:01.678] [info] Controller idle = 1
[2026-06-29 17:28:01.678] [info] Controller idle = 3
[2026-06-29 17:28:01.678] [info] Controller idle = 2
[2026-06-29 17:28:01.678] [info] Controller idle = 1
[2026-06-29 17:28:01.678] [info] Controller idle = 1
[2026-06-29 17:28:01.678] [info] Controller idle = 1
[2026-06-29 17:28:01.678] [info] Controller idle = 3
[2026-06-29 17:28:01.678] [info] Controller idle = 2
[2026-06-29 17:28:01.678] [info] Controller idle = 1
[2026-06-29 17:28:01.678] [info] Controller idle = 2
[2026-06-29 17:28:01.678] [info] Controller idle = 2
[2026-06-29 17:28:01.678] [info] Controller idle = 2
[2026-06-29 17:28:01.678] [info] Controller idle = 2
[2026-06-29 17:28:01.678] [info] Controller idle = 4
[2026-06-29 17:28:01.678] [info] Controller idle = 3
[2026-06-29 17:28:01.678] [info] Controller idle = 2
[2026-06-29 17:28:01.678] [info] Controller idle = 1
[2026-06-29 17:28:01.678] [info] Controller idle = 7
[2026-06-29 17:28:01.678] [info] Controller idle = 1
[2026-06-29 17:28:01.678] [info] Controller idle = 5388
[2026-06-29 17:28:01.678] [info] Controller idle = 3
[2026-06-29 17:28:01.678] [info] Controller idle = 1
[2026-06-29 17:28:01.678] [info] Controller idle = 5359
[2026-06-29 17:28:01.678] [info] Controller idle = 1
[2026-06-29 17:28:01.678] [info] Controller idle = 2
[2026-06-29 17:28:01.678] [info] Controller idle = 7
[2026-06-29 17:28:01.678] [info] Controller idle = 1
[2026-06-29 17:28:01.678] [info] Controller idle = 2
[2026-06-29 17:28:01.678] [info] Controller idle = 10
[2026-06-29 17:28:01.678] [info] Controller idle = 1
[2026-06-29 17:28:01.678] [info] Controller idle = 1
[2026-06-29 17:28:01.678] [info] Controller idle = 2
[2026-06-29 17:28:01.678] [info] Controller idle = 2
[2026-06-29 17:28:01.678] [info] Controller idle = 4
[2026-06-29 17:28:01.678] [info] Controller idle = 4
[2026-06-29 17:28:01.678] [info] Controller idle = 1
[2026-06-29 17:28:01.678] [info] Controller idle = 3
[2026-06-29 17:28:01.678] [info] Controller idle = 1
[2026-06-29 17:28:01.678] [info] Controller idle = 1
[2026-06-29 17:28:01.678] [info] Controller idle = 7
[2026-06-29 17:28:01.678] [info] Controller idle = 7
[2026-06-29 17:28:01.678] [info] Controller idle = 5392
[2026-06-29 17:28:01.678] [info] Controller idle = 1
[2026-06-29 17:28:01.678] [info] Controller idle = 1
[2026-06-29 17:28:01.678] [info] Controller idle = 10
[2026-06-29 17:28:01.678] [info] Controller idle = 1
[2026-06-29 17:28:01.678] [info] Controller idle = 8
[2026-06-29 17:28:01.678] [info] Controller idle = 1
[2026-06-29 17:28:01.678] [info] Controller idle = 1
[2026-06-29 17:28:01.678] [info] Controller idle = 2
[2026-06-29 17:28:01.678] [info] Controller idle = 5
[2026-06-29 17:28:01.678] [info] Controller idle = 3
[2026-06-29 17:28:01.678] [info] Controller idle = 1
[2026-06-29 17:28:01.678] [info] Controller idle = 1
[2026-06-29 17:28:01.678] [info] Controller idle = 1
[2026-06-29 17:28:01.678] [info] Controller idle = 5416
[2026-06-29 17:28:01.678] [info] Controller idle = 3
[2026-06-29 17:28:01.678] [info] Controller idle = 11
[2026-06-29 17:28:01.678] [info] Controller idle = 6
[2026-06-29 17:28:01.678] [info] Controller idle = 3
[2026-06-29 17:28:01.678] [info] Controller idle = 3
[2026-06-29 17:28:01.678] [info] Controller idle = 1
[2026-06-29 17:28:01.678] [info] Controller idle = 5
[2026-06-29 17:28:01.678] [info] Controller idle = 4856
[2026-06-29 17:28:01.678] [info] Controller idle = 87
[2026-06-29 17:28:01.678] [info] Controller idle = 86
[2026-06-29 17:28:01.678] [info] Controller idle = 1
[2026-06-29 17:28:01.678] [info] Controller idle = 5134
[2026-06-29 17:28:01.678] [info] Controller idle = 4
[2026-06-29 17:28:01.678] [info] Controller idle = 121
[2026-06-29 17:28:01.678] [info] Controller idle = 3
[2026-06-29 17:28:01.678] [info] Controller idle = 5
[2026-06-29 17:28:01.678] [info] Controller idle = 1
[2026-06-29 17:28:01.678] [info] Controller idle = 27
[2026-06-29 17:28:01.678] [info] Controller idle = 2
[2026-06-29 17:28:01.678] [info] Controller idle = 1
[2026-06-29 17:28:01.678] [info] Controller idle = 3
[2026-06-29 17:28:01.678] [info] Controller idle = 124
[2026-06-29 17:28:01.678] [info] Controller idle = 1
[2026-06-29 17:28:01.678] [info] Controller idle = 2
[2026-06-29 17:28:01.678] [info] Controller idle = 1
[2026-06-29 17:28:01.678] [info] Controller idle = 1
[2026-06-29 17:28:01.678] [info] Controller idle = 2
[2026-06-29 17:28:01.678] [info] Controller idle = 4
[2026-06-29 17:28:01.678] [info] Controller idle = 5158
[2026-06-29 17:28:01.678] [info] Controller idle = 10
[2026-06-29 17:28:01.678] [info] Controller idle = 4
[2026-06-29 17:28:01.678] [info] Controller idle = 125
[2026-06-29 17:28:01.678] [info] Controller idle = 4
[2026-06-29 17:28:01.679] [info] Controller idle = 8
[2026-06-29 17:28:01.679] [info] Controller idle = 5
[2026-06-29 17:28:01.679] [info] Controller idle = 2
[2026-06-29 17:28:01.679] [info] Controller idle = 9
[2026-06-29 17:28:01.679] [info] Controller idle = 7
[2026-06-29 17:28:01.679] [info] Controller idle = 130
[2026-06-29 17:28:01.679] [info] Controller idle = 4
[2026-06-29 17:28:01.679] [info] Controller idle = 3
[2026-06-29 17:28:01.679] [info] Controller idle = 1
[2026-06-29 17:28:01.679] [info] Controller idle = 5155
[2026-06-29 17:28:01.679] [info] Controller idle = 3
[2026-06-29 17:28:01.679] [info] Controller idle = 1
[2026-06-29 17:28:01.679] [info] Controller idle = 1
[2026-06-29 17:28:01.679] [info] Controller idle = 3
[2026-06-29 17:28:01.679] [info] Controller idle = 5
[2026-06-29 17:28:01.679] [info] Controller idle = 10
[2026-06-29 17:28:01.679] [info] Controller idle = 5
[2026-06-29 17:28:01.679] [info] Controller idle = 90
[2026-06-29 17:28:01.679] [info] Controller idle = 6
[2026-06-29 17:28:01.679] [info] Controller idle = 14
[2026-06-29 17:28:01.679] [info] Controller idle = 1
[2026-06-29 17:28:01.679] [info] Controller idle = 2
[2026-06-29 17:28:01.679] [info] Controller idle = 1
[2026-06-29 17:28:01.679] [info] Controller idle = 2
[2026-06-29 17:28:01.679] [info] Controller idle = 22
[2026-06-29 17:28:01.679] [info] Controller idle = 115
[2026-06-29 17:28:01.679] [info] Controller idle = 3
[2026-06-29 17:28:01.679] [info] Controller idle = 1
[2026-06-29 17:28:01.679] [info] Controller idle = 1
[2026-06-29 17:28:01.679] [info] Controller idle = 5
[2026-06-29 17:28:01.679] [info] Controller idle = 7
[2026-06-29 17:28:01.679] [info] Controller idle = 5147
[2026-06-29 17:28:01.679] [info] Controller idle = 79
[2026-06-29 17:28:01.679] [info] Controller idle = 95
[2026-06-29 17:28:01.679] [info] Controller idle = 2
[2026-06-29 17:28:01.679] [info] Controller idle = 5134
[2026-06-29 17:28:01.679] [info] Controller idle = 1
[2026-06-29 17:28:01.679] [info] Controller idle = 1
[2026-06-29 17:28:01.679] [info] Controller idle = 14
[2026-06-29 17:28:01.679] [info] Controller idle = 2
[2026-06-29 17:28:01.679] [info] Controller idle = 1
[2026-06-29 17:28:01.679] [info] Controller idle = 106
[2026-06-29 17:28:01.679] [info] Controller idle = 5
[2026-06-29 17:28:01.679] [info] Controller idle = 2
[2026-06-29 17:28:01.679] [info] Controller idle = 4
[2026-06-29 17:28:01.679] [info] Controller idle = 1
[2026-06-29 17:28:01.679] [info] Controller idle = 1
[2026-06-29 17:28:01.679] [info] Controller idle = 5
[2026-06-29 17:28:01.679] [info] Controller idle = 17
[2026-06-29 17:28:01.679] [info] Controller idle = 10
[2026-06-29 17:28:01.679] [info] Controller idle = 112
[2026-06-29 17:28:01.679] [info] Controller idle = 1
[2026-06-29 17:28:01.679] [info] Controller idle = 7
[2026-06-29 17:28:01.679] [info] Controller idle = 5
[2026-06-29 17:28:01.679] [info] Controller idle = 5159
[2026-06-29 17:28:01.679] [info] Controller idle = 1
[2026-06-29 17:28:01.679] [info] Controller idle = 1
[2026-06-29 17:28:01.679] [info] Controller idle = 5
[2026-06-29 17:28:01.679] [info] Controller idle = 3
[2026-06-29 17:28:01.679] [info] Controller idle = 1
[2026-06-29 17:28:01.679] [info] Controller idle = 1
[2026-06-29 17:28:01.679] [info] Controller idle = 1
[2026-06-29 17:28:01.679] [info] Controller idle = 2
[2026-06-29 17:28:01.679] [info] Controller idle = 114
[2026-06-29 17:28:01.679] [info] Controller idle = 2
[2026-06-29 17:28:01.679] [info] Controller idle = 30
[2026-06-29 17:28:01.679] [info] Controller idle = 8
[2026-06-29 17:28:01.679] [info] Controller idle = 4
[2026-06-29 17:28:01.679] [info] Controller idle = 2
[2026-06-29 17:28:01.679] [info] Controller idle = 115
[2026-06-29 17:28:01.679] [info] Controller idle = 1
[2026-06-29 17:28:01.679] [info] Controller idle = 1
[2026-06-29 17:28:01.679] [info] Controller idle = 3
[2026-06-29 17:28:01.679] [info] Controller idle = 6
[2026-06-29 17:28:01.679] [info] Controller idle = 1
[2026-06-29 17:28:01.679] [info] Controller idle = 5168
[2026-06-29 17:28:01.679] [info] Controller idle = 1
[2026-06-29 17:28:01.679] [info] Controller idle = 2
[2026-06-29 17:28:01.679] [info] Controller idle = 1
[2026-06-29 17:28:01.679] [info] Controller idle = 1
[2026-06-29 17:28:01.679] [info] Controller idle = 114
[2026-06-29 17:28:01.679] [info] Controller idle = 9
[2026-06-29 17:28:01.679] [info] Controller idle = 1
[2026-06-29 17:28:01.679] [info] Controller idle = 13
[2026-06-29 17:28:01.679] [info] Controller idle = 4
[2026-06-29 17:28:01.679] [info] Controller idle = 1
[2026-06-29 17:28:01.679] [info] Controller idle = 4
[2026-06-29 17:28:01.679] [info] Controller idle = 4
[2026-06-29 17:28:01.679] [info] Controller idle = 2
[2026-06-29 17:28:01.679] [info] Controller idle = 4
[2026-06-29 17:28:01.679] [info] Controller idle = 2
[2026-06-29 17:28:01.679] [info] Controller idle = 1
[2026-06-29 17:28:01.679] [info] Controller idle = 2
[2026-06-29 17:28:01.679] [info] Controller idle = 116
[2026-06-29 17:28:01.679] [info] Controller idle = 4
[2026-06-29 17:28:01.679] [info] Controller idle = 4
[2026-06-29 17:28:01.679] [info] Controller idle = 1051
[2026-06-29 17:28:01.679] [info] Controller idle = 1
[2026-06-29 17:28:01.679] [info] Controller idle = 13
[2026-06-29 17:28:01.679] [info] Controller idle = 2
[2026-06-29 17:28:01.679] [info] Controller idle = 11
MemorySystem:
  impl: GenericDRAM
  total_num_other_requests: 0
  total_num_write_requests: 77648
  total_num_read_requests: 55371
  memory_system_cycles: 2594267

  DRAM:
    impl: HBM2
    dram_commands: 207188
  AddrMapper:
    impl: RoBaRaCoCh
  Controller:
    impl: Generic
    id: Channel 0
    Scheduler:
      impl: FRFCFS
    RefreshManager:
      impl: AllBank



[2026-06-29 17:28:01.679] [info] HBM2-CH_0: avg BW utilization 5% (55371 reads, 77648 writes)
Frontend:
  impl: GEM5

[2026-06-29 17:28:01.679] [info] Row hits: 95709, Row misses: 994, Row conflicts: 36029
[2026-06-29 17:28:01.679] [info] Controller idle = 11
[2026-06-29 17:28:01.679] [info] Controller idle = 26677
[2026-06-29 17:28:01.679] [info] Controller idle = 25724
[2026-06-29 17:28:01.679] [info] Controller idle = 25741
[2026-06-29 17:28:01.679] [info] Controller idle = 25726
[2026-06-29 17:28:01.679] [info] Controller idle = 25700
[2026-06-29 17:28:01.679] [info] Controller idle = 25710
[2026-06-29 17:28:01.679] [info] Controller idle = 25738
[2026-06-29 17:28:01.679] [info] Controller idle = 25937
[2026-06-29 17:28:01.679] [info] Controller idle = 25772
[2026-06-29 17:28:01.679] [info] Controller idle = 1
[2026-06-29 17:28:01.679] [info] Controller idle = 9
[2026-06-29 17:28:01.679] [info] Controller idle = 231805
[2026-06-29 17:28:01.679] [info] Controller idle = 1
[2026-06-29 17:28:01.679] [info] Controller idle = 7
[2026-06-29 17:28:01.679] [info] Controller idle = 1
[2026-06-29 17:28:01.679] [info] Controller idle = 1
[2026-06-29 17:28:01.679] [info] Controller idle = 231705
[2026-06-29 17:28:01.679] [info] Controller idle = 1
[2026-06-29 17:28:01.679] [info] Controller idle = 231665
[2026-06-29 17:28:01.679] [info] Controller idle = 231659
[2026-06-29 17:28:01.679] [info] Controller idle = 2
[2026-06-29 17:28:01.679] [info] Controller idle = 231719
[2026-06-29 17:28:01.679] [info] Controller idle = 231884
[2026-06-29 17:28:01.679] [info] Controller idle = 232634
[2026-06-29 17:28:01.679] [info] Controller idle = 22951
[2026-06-29 17:28:01.679] [info] Controller idle = 8003
[2026-06-29 17:28:01.679] [info] Controller idle = 1
[2026-06-29 17:28:01.679] [info] Controller idle = 1
[2026-06-29 17:28:01.679] [info] Controller idle = 1
[2026-06-29 17:28:01.679] [info] Controller idle = 1
[2026-06-29 17:28:01.679] [info] Controller idle = 1
[2026-06-29 17:28:01.679] [info] Controller idle = 10
[2026-06-29 17:28:01.679] [info] Controller idle = 1
[2026-06-29 17:28:01.679] [info] Controller idle = 4
[2026-06-29 17:28:01.679] [info] Controller idle = 1
[2026-06-29 17:28:01.679] [info] Controller idle = 1
[2026-06-29 17:28:01.679] [info] Controller idle = 5
[2026-06-29 17:28:01.679] [info] Controller idle = 2
[2026-06-29 17:28:01.679] [info] Controller idle = 2
[2026-06-29 17:28:01.679] [info] Controller idle = 1
[2026-06-29 17:28:01.679] [info] Controller idle = 1
[2026-06-29 17:28:01.679] [info] Controller idle = 2
[2026-06-29 17:28:01.679] [info] Controller idle = 1
[2026-06-29 17:28:01.679] [info] Controller idle = 1
[2026-06-29 17:28:01.679] [info] Controller idle = 3
[2026-06-29 17:28:01.679] [info] Controller idle = 5
[2026-06-29 17:28:01.679] [info] Controller idle = 3
[2026-06-29 17:28:01.679] [info] Controller idle = 5
[2026-06-29 17:28:01.679] [info] Controller idle = 2
[2026-06-29 17:28:01.679] [info] Controller idle = 4
[2026-06-29 17:28:01.679] [info] Controller idle = 2
[2026-06-29 17:28:01.679] [info] Controller idle = 2
[2026-06-29 17:28:01.679] [info] Controller idle = 1
[2026-06-29 17:28:01.679] [info] Controller idle = 22
[2026-06-29 17:28:01.679] [info] Controller idle = 10
[2026-06-29 17:28:01.679] [info] Controller idle = 3
[2026-06-29 17:28:01.679] [info] Controller idle = 4
[2026-06-29 17:28:01.679] [info] Controller idle = 2
[2026-06-29 17:28:01.679] [info] Controller idle = 1
[2026-06-29 17:28:01.679] [info] Controller idle = 3
[2026-06-29 17:28:01.679] [info] Controller idle = 4
[2026-06-29 17:28:01.679] [info] Controller idle = 1
[2026-06-29 17:28:01.679] [info] Controller idle = 3
[2026-06-29 17:28:01.679] [info] Controller idle = 8
[2026-06-29 17:28:01.679] [info] Controller idle = 13
[2026-06-29 17:28:01.679] [info] Controller idle = 6
[2026-06-29 17:28:01.679] [info] Controller idle = 7
[2026-06-29 17:28:01.679] [info] Controller idle = 2
[2026-06-29 17:28:01.679] [info] Controller idle = 5
[2026-06-29 17:28:01.679] [info] Controller idle = 3
[2026-06-29 17:28:01.679] [info] Controller idle = 1
[2026-06-29 17:28:01.679] [info] Controller idle = 2
[2026-06-29 17:28:01.679] [info] Controller idle = 1
[2026-06-29 17:28:01.679] [info] Controller idle = 1
[2026-06-29 17:28:01.679] [info] Controller idle = 15
[2026-06-29 17:28:01.679] [info] Controller idle = 23
[2026-06-29 17:28:01.679] [info] Controller idle = 6
[2026-06-29 17:28:01.679] [info] Controller idle = 21516
[2026-06-29 17:28:01.679] [info] Controller idle = 8013
[2026-06-29 17:28:01.679] [info] Controller idle = 3
[2026-06-29 17:28:01.679] [info] Controller idle = 1
[2026-06-29 17:28:01.679] [info] Controller idle = 1
[2026-06-29 17:28:01.679] [info] Controller idle = 1
[2026-06-29 17:28:01.679] [info] Controller idle = 6
[2026-06-29 17:28:01.679] [info] Controller idle = 1
[2026-06-29 17:28:01.679] [info] Controller idle = 9
[2026-06-29 17:28:01.679] [info] Controller idle = 9
[2026-06-29 17:28:01.679] [info] Controller idle = 4
[2026-06-29 17:28:01.679] [info] Controller idle = 2
[2026-06-29 17:28:01.679] [info] Controller idle = 3
[2026-06-29 17:28:01.679] [info] Controller idle = 6
[2026-06-29 17:28:01.679] [info] Controller idle = 1
[2026-06-29 17:28:01.679] [info] Controller idle = 1
[2026-06-29 17:28:01.679] [info] Controller idle = 34355
[2026-06-29 17:28:01.679] [info] Controller idle = 29334
[2026-06-29 17:28:01.679] [info] Controller idle = 1
[2026-06-29 17:28:01.679] [info] Controller idle = 1
[2026-06-29 17:28:01.679] [info] Controller idle = 33598
[2026-06-29 17:28:01.679] [info] Controller idle = 1
[2026-06-29 17:28:01.679] [info] Controller idle = 1
[2026-06-29 17:28:01.679] [info] Controller idle = 2
[2026-06-29 17:28:01.679] [info] Controller idle = 1
[2026-06-29 17:28:01.679] [info] Controller idle = 1
[2026-06-29 17:28:01.679] [info] Controller idle = 2
[2026-06-29 17:28:01.679] [info] Controller idle = 2
[2026-06-29 17:28:01.679] [info] Controller idle = 9
[2026-06-29 17:28:01.679] [info] Controller idle = 2
[2026-06-29 17:28:01.679] [info] Controller idle = 1
[2026-06-29 17:28:01.679] [info] Controller idle = 9
[2026-06-29 17:28:01.679] [info] Controller idle = 1
[2026-06-29 17:28:01.679] [info] Controller idle = 1
[2026-06-29 17:28:01.679] [info] Controller idle = 5
[2026-06-29 17:28:01.679] [info] Controller idle = 4
[2026-06-29 17:28:01.679] [info] Controller idle = 5
[2026-06-29 17:28:01.679] [info] Controller idle = 1
[2026-06-29 17:28:01.679] [info] Controller idle = 1
[2026-06-29 17:28:01.679] [info] Controller idle = 1
[2026-06-29 17:28:01.679] [info] Controller idle = 1
[2026-06-29 17:28:01.679] [info] Controller idle = 7
[2026-06-29 17:28:01.679] [info] Controller idle = 2
[2026-06-29 17:28:01.679] [info] Controller idle = 3
[2026-06-29 17:28:01.679] [info] Controller idle = 3
[2026-06-29 17:28:01.679] [info] Controller idle = 1
[2026-06-29 17:28:01.679] [info] Controller idle = 6
[2026-06-29 17:28:01.679] [info] Controller idle = 2
[2026-06-29 17:28:01.679] [info] Controller idle = 8
[2026-06-29 17:28:01.679] [info] Controller idle = 18
[2026-06-29 17:28:01.679] [info] Controller idle = 1
[2026-06-29 17:28:01.679] [info] Controller idle = 2
[2026-06-29 17:28:01.679] [info] Controller idle = 1
[2026-06-29 17:28:01.679] [info] Controller idle = 3
[2026-06-29 17:28:01.679] [info] Controller idle = 4
[2026-06-29 17:28:01.679] [info] Controller idle = 7
[2026-06-29 17:28:01.679] [info] Controller idle = 2
[2026-06-29 17:28:01.679] [info] Controller idle = 2
[2026-06-29 17:28:01.679] [info] Controller idle = 1
[2026-06-29 17:28:01.679] [info] Controller idle = 7
[2026-06-29 17:28:01.679] [info] Controller idle = 3
[2026-06-29 17:28:01.679] [info] Controller idle = 2
[2026-06-29 17:28:01.679] [info] Controller idle = 1
[2026-06-29 17:28:01.679] [info] Controller idle = 6
[2026-06-29 17:28:01.679] [info] Controller idle = 1
[2026-06-29 17:28:01.679] [info] Controller idle = 1
[2026-06-29 17:28:01.679] [info] Controller idle = 17
[2026-06-29 17:28:01.679] [info] Controller idle = 19
[2026-06-29 17:28:01.679] [info] Controller idle = 29652
[2026-06-29 17:28:01.679] [info] Controller idle = 1
[2026-06-29 17:28:01.679] [info] Controller idle = 1
[2026-06-29 17:28:01.679] [info] Controller idle = 1
[2026-06-29 17:28:01.679] [info] Controller idle = 7
[2026-06-29 17:28:01.679] [info] Controller idle = 33016
[2026-06-29 17:28:01.679] [info] Controller idle = 1
[2026-06-29 17:28:01.679] [info] Controller idle = 4
[2026-06-29 17:28:01.679] [info] Controller idle = 1
[2026-06-29 17:28:01.679] [info] Controller idle = 2
[2026-06-29 17:28:01.679] [info] Controller idle = 4
[2026-06-29 17:28:01.679] [info] Controller idle = 1
[2026-06-29 17:28:01.679] [info] Controller idle = 1
[2026-06-29 17:28:01.679] [info] Controller idle = 29258
[2026-06-29 17:28:01.679] [info] Controller idle = 1
[2026-06-29 17:28:01.679] [info] Controller idle = 27
[2026-06-29 17:28:01.679] [info] Controller idle = 19
[2026-06-29 17:28:01.679] [info] Controller idle = 7
[2026-06-29 17:28:01.679] [info] Controller idle = 4
[2026-06-29 17:28:01.679] [info] Controller idle = 7
[2026-06-29 17:28:01.679] [info] Controller idle = 8959
[2026-06-29 17:28:01.679] [info] Controller idle = 3
[2026-06-29 17:28:01.679] [info] Controller idle = 12
[2026-06-29 17:28:01.679] [info] Controller idle = 2
[2026-06-29 17:28:01.679] [info] Controller idle = 8
[2026-06-29 17:28:01.679] [info] Controller idle = 1
[2026-06-29 17:28:01.679] [info] Controller idle = 1
[2026-06-29 17:28:01.679] [info] Controller idle = 4
[2026-06-29 17:28:01.679] [info] Controller idle = 11
[2026-06-29 17:28:01.679] [info] Controller idle = 6404
[2026-06-29 17:28:01.679] [info] Controller idle = 1558
[2026-06-29 17:28:01.679] [info] Controller idle = 5
[2026-06-29 17:28:01.679] [info] Controller idle = 1
[2026-06-29 17:28:01.679] [info] Controller idle = 4
[2026-06-29 17:28:01.679] [info] Controller idle = 1
[2026-06-29 17:28:01.679] [info] Controller idle = 1
[2026-06-29 17:28:01.679] [info] Controller idle = 9198
[2026-06-29 17:28:01.679] [info] Controller idle = 1
[2026-06-29 17:28:01.679] [info] Controller idle = 1
[2026-06-29 17:28:01.679] [info] Controller idle = 2
[2026-06-29 17:28:01.679] [info] Controller idle = 4
[2026-06-29 17:28:01.679] [info] Controller idle = 4
[2026-06-29 17:28:01.679] [info] Controller idle = 8
[2026-06-29 17:28:01.679] [info] Controller idle = 1
[2026-06-29 17:28:01.679] [info] Controller idle = 6
[2026-06-29 17:28:01.679] [info] Controller idle = 6419
[2026-06-29 17:28:01.679] [info] Controller idle = 9148
[2026-06-29 17:28:01.679] [info] Controller idle = 1
[2026-06-29 17:28:01.679] [info] Controller idle = 13
[2026-06-29 17:28:01.679] [info] Controller idle = 1
[2026-06-29 17:28:01.679] [info] Controller idle = 4
[2026-06-29 17:28:01.679] [info] Controller idle = 1
[2026-06-29 17:28:01.679] [info] Controller idle = 4
[2026-06-29 17:28:01.679] [info] Controller idle = 2
[2026-06-29 17:28:01.679] [info] Controller idle = 1
[2026-06-29 17:28:01.679] [info] Controller idle = 3
[2026-06-29 17:28:01.679] [info] Controller idle = 2
[2026-06-29 17:28:01.679] [info] Controller idle = 8
[2026-06-29 17:28:01.679] [info] Controller idle = 5
[2026-06-29 17:28:01.679] [info] Controller idle = 4
[2026-06-29 17:28:01.679] [info] Controller idle = 16
[2026-06-29 17:28:01.679] [info] Controller idle = 6404
[2026-06-29 17:28:01.679] [info] Controller idle = 1
[2026-06-29 17:28:01.679] [info] Controller idle = 2
[2026-06-29 17:28:01.679] [info] Controller idle = 1
[2026-06-29 17:28:01.679] [info] Controller idle = 9088
[2026-06-29 17:28:01.679] [info] Controller idle = 3
[2026-06-29 17:28:01.679] [info] Controller idle = 9
[2026-06-29 17:28:01.679] [info] Controller idle = 2
[2026-06-29 17:28:01.679] [info] Controller idle = 7
[2026-06-29 17:28:01.679] [info] Controller idle = 3
[2026-06-29 17:28:01.679] [info] Controller idle = 8
[2026-06-29 17:28:01.679] [info] Controller idle = 4
[2026-06-29 17:28:01.679] [info] Controller idle = 3
[2026-06-29 17:28:01.679] [info] Controller idle = 2
[2026-06-29 17:28:01.679] [info] Controller idle = 1
[2026-06-29 17:28:01.679] [info] Controller idle = 4
[2026-06-29 17:28:01.679] [info] Controller idle = 1
[2026-06-29 17:28:01.680] [info] Controller idle = 1
[2026-06-29 17:28:01.680] [info] Controller idle = 1
[2026-06-29 17:28:01.680] [info] Controller idle = 5
[2026-06-29 17:28:01.680] [info] Controller idle = 3
[2026-06-29 17:28:01.680] [info] Controller idle = 6412
[2026-06-29 17:28:01.680] [info] Controller idle = 5
[2026-06-29 17:28:01.680] [info] Controller idle = 2723
[2026-06-29 17:28:01.680] [info] Controller idle = 1544
[2026-06-29 17:28:01.680] [info] Controller idle = 1539
[2026-06-29 17:28:01.680] [info] Controller idle = 1
[2026-06-29 17:28:01.680] [info] Controller idle = 1520
[2026-06-29 17:28:01.680] [info] Controller idle = 1
[2026-06-29 17:28:01.680] [info] Controller idle = 3
[2026-06-29 17:28:01.680] [info] Controller idle = 1
[2026-06-29 17:28:01.680] [info] Controller idle = 620
[2026-06-29 17:28:01.680] [info] Controller idle = 4787
[2026-06-29 17:28:01.680] [info] Controller idle = 3672
[2026-06-29 17:28:01.680] [info] Controller idle = 3692
[2026-06-29 17:28:01.680] [info] Controller idle = 1
[2026-06-29 17:28:01.680] [info] Controller idle = 3669
[2026-06-29 17:28:01.680] [info] Controller idle = 3950
[2026-06-29 17:28:01.680] [info] Controller idle = 3690
[2026-06-29 17:28:01.680] [info] Controller idle = 3684
[2026-06-29 17:28:01.680] [info] Controller idle = 3698
[2026-06-29 17:28:01.680] [info] Controller idle = 4081
[2026-06-29 17:28:01.680] [info] Controller idle = 1
[2026-06-29 17:28:01.680] [info] Controller idle = 3674
[2026-06-29 17:28:01.680] [info] Controller idle = 7
[2026-06-29 17:28:01.680] [info] Controller idle = 3689
[2026-06-29 17:28:01.680] [info] Controller idle = 1
[2026-06-29 17:28:01.680] [info] Controller idle = 1
[2026-06-29 17:28:01.680] [info] Controller idle = 3692
[2026-06-29 17:28:01.680] [info] Controller idle = 1
[2026-06-29 17:28:01.680] [info] Controller idle = 1
[2026-06-29 17:28:01.680] [info] Controller idle = 10
[2026-06-29 17:28:01.680] [info] Controller idle = 2818
[2026-06-29 17:28:01.680] [info] Controller idle = 62
[2026-06-29 17:28:01.680] [info] Controller idle = 65
[2026-06-29 17:28:01.680] [info] Controller idle = 2415
[2026-06-29 17:28:01.680] [info] Controller idle = 5
[2026-06-29 17:28:01.680] [info] Controller idle = 1
[2026-06-29 17:28:01.680] [info] Controller idle = 2
[2026-06-29 17:28:01.680] [info] Controller idle = 1
[2026-06-29 17:28:01.680] [info] Controller idle = 1
[2026-06-29 17:28:01.680] [info] Controller idle = 110
[2026-06-29 17:28:01.680] [info] Controller idle = 4
[2026-06-29 17:28:01.680] [info] Controller idle = 5
[2026-06-29 17:28:01.680] [info] Controller idle = 1
[2026-06-29 17:28:01.680] [info] Controller idle = 5
[2026-06-29 17:28:01.680] [info] Controller idle = 87
[2026-06-29 17:28:01.680] [info] Controller idle = 5
[2026-06-29 17:28:01.680] [info] Controller idle = 7
[2026-06-29 17:28:01.680] [info] Controller idle = 15
[2026-06-29 17:28:01.680] [info] Controller idle = 5
[2026-06-29 17:28:01.680] [info] Controller idle = 1
[2026-06-29 17:28:01.680] [info] Controller idle = 1
[2026-06-29 17:28:01.680] [info] Controller idle = 4
[2026-06-29 17:28:01.680] [info] Controller idle = 10
[2026-06-29 17:28:01.680] [info] Controller idle = 6
[2026-06-29 17:28:01.680] [info] Controller idle = 1
[2026-06-29 17:28:01.680] [info] Controller idle = 2429
[2026-06-29 17:28:01.680] [info] Controller idle = 1
[2026-06-29 17:28:01.680] [info] Controller idle = 5
[2026-06-29 17:28:01.680] [info] Controller idle = 1
[2026-06-29 17:28:01.680] [info] Controller idle = 1
[2026-06-29 17:28:01.680] [info] Controller idle = 102
[2026-06-29 17:28:01.680] [info] Controller idle = 8
[2026-06-29 17:28:01.680] [info] Controller idle = 3
[2026-06-29 17:28:01.680] [info] Controller idle = 10
[2026-06-29 17:28:01.680] [info] Controller idle = 6
[2026-06-29 17:28:01.680] [info] Controller idle = 87
[2026-06-29 17:28:01.680] [info] Controller idle = 10
[2026-06-29 17:28:01.680] [info] Controller idle = 6
[2026-06-29 17:28:01.680] [info] Controller idle = 21
[2026-06-29 17:28:01.680] [info] Controller idle = 9
[2026-06-29 17:28:01.680] [info] Controller idle = 4
[2026-06-29 17:28:01.680] [info] Controller idle = 6
[2026-06-29 17:28:01.680] [info] Controller idle = 6
[2026-06-29 17:28:01.680] [info] Controller idle = 2431
[2026-06-29 17:28:01.680] [info] Controller idle = 1
[2026-06-29 17:28:01.680] [info] Controller idle = 3
[2026-06-29 17:28:01.680] [info] Controller idle = 3
[2026-06-29 17:28:01.680] [info] Controller idle = 1
[2026-06-29 17:28:01.680] [info] Controller idle = 88
[2026-06-29 17:28:01.680] [info] Controller idle = 1
[2026-06-29 17:28:01.680] [info] Controller idle = 9
[2026-06-29 17:28:01.680] [info] Controller idle = 107
[2026-06-29 17:28:01.680] [info] Controller idle = 24
[2026-06-29 17:28:01.680] [info] Controller idle = 3
[2026-06-29 17:28:01.680] [info] Controller idle = 3
[2026-06-29 17:28:01.680] [info] Controller idle = 4
[2026-06-29 17:28:01.680] [info] Controller idle = 10
[2026-06-29 17:28:01.680] [info] Controller idle = 1
[2026-06-29 17:28:01.680] [info] Controller idle = 1
[2026-06-29 17:28:01.680] [info] Controller idle = 3
[2026-06-29 17:28:01.680] [info] Controller idle = 2427
[2026-06-29 17:28:01.680] [info] Controller idle = 66
[2026-06-29 17:28:01.680] [info] Controller idle = 64
[2026-06-29 17:28:01.680] [info] Controller idle = 2418
[2026-06-29 17:28:01.680] [info] Controller idle = 9
[2026-06-29 17:28:01.680] [info] Controller idle = 2
[2026-06-29 17:28:01.680] [info] Controller idle = 1
[2026-06-29 17:28:01.680] [info] Controller idle = 85
[2026-06-29 17:28:01.680] [info] Controller idle = 3
[2026-06-29 17:28:01.680] [info] Controller idle = 2
[2026-06-29 17:28:01.680] [info] Controller idle = 1
[2026-06-29 17:28:01.680] [info] Controller idle = 1
[2026-06-29 17:28:01.680] [info] Controller idle = 4
[2026-06-29 17:28:01.680] [info] Controller idle = 10
[2026-06-29 17:28:01.680] [info] Controller idle = 1
[2026-06-29 17:28:01.680] [info] Controller idle = 1
[2026-06-29 17:28:01.680] [info] Controller idle = 87
[2026-06-29 17:28:01.680] [info] Controller idle = 1
[2026-06-29 17:28:01.680] [info] Controller idle = 6
[2026-06-29 17:28:01.680] [info] Controller idle = 1
[2026-06-29 17:28:01.680] [info] Controller idle = 3
[2026-06-29 17:28:01.680] [info] Controller idle = 7
[2026-06-29 17:28:01.680] [info] Controller idle = 5
[2026-06-29 17:28:01.680] [info] Controller idle = 11
[2026-06-29 17:28:01.680] [info] Controller idle = 5
[2026-06-29 17:28:01.680] [info] Controller idle = 10
[2026-06-29 17:28:01.680] [info] Controller idle = 3
[2026-06-29 17:28:01.680] [info] Controller idle = 3
[2026-06-29 17:28:01.680] [info] Controller idle = 2434
[2026-06-29 17:28:01.680] [info] Controller idle = 3
[2026-06-29 17:28:01.680] [info] Controller idle = 3
[2026-06-29 17:28:01.680] [info] Controller idle = 1
[2026-06-29 17:28:01.680] [info] Controller idle = 4
[2026-06-29 17:28:01.680] [info] Controller idle = 1
[2026-06-29 17:28:01.680] [info] Controller idle = 85
[2026-06-29 17:28:01.680] [info] Controller idle = 4
[2026-06-29 17:28:01.680] [info] Controller idle = 1
[2026-06-29 17:28:01.680] [info] Controller idle = 7
[2026-06-29 17:28:01.680] [info] Controller idle = 11
[2026-06-29 17:28:01.680] [info] Controller idle = 7
[2026-06-29 17:28:01.680] [info] Controller idle = 97
[2026-06-29 17:28:01.680] [info] Controller idle = 1
[2026-06-29 17:28:01.680] [info] Controller idle = 1
[2026-06-29 17:28:01.680] [info] Controller idle = 1
[2026-06-29 17:28:01.680] [info] Controller idle = 1
[2026-06-29 17:28:01.680] [info] Controller idle = 14
[2026-06-29 17:28:01.680] [info] Controller idle = 1
[2026-06-29 17:28:01.680] [info] Controller idle = 1
[2026-06-29 17:28:01.680] [info] Controller idle = 6
[2026-06-29 17:28:01.680] [info] Controller idle = 2
[2026-06-29 17:28:01.680] [info] Controller idle = 7
[2026-06-29 17:28:01.680] [info] Controller idle = 2433
[2026-06-29 17:28:01.680] [info] Controller idle = 1
[2026-06-29 17:28:01.680] [info] Controller idle = 1
[2026-06-29 17:28:01.680] [info] Controller idle = 13
[2026-06-29 17:28:01.680] [info] Controller idle = 4
[2026-06-29 17:28:01.680] [info] Controller idle = 8
[2026-06-29 17:28:01.680] [info] Controller idle = 82
[2026-06-29 17:28:01.680] [info] Controller idle = 2
[2026-06-29 17:28:01.680] [info] Controller idle = 12
[2026-06-29 17:28:01.680] [info] Controller idle = 1
[2026-06-29 17:28:01.680] [info] Controller idle = 2
[2026-06-29 17:28:01.680] [info] Controller idle = 6
[2026-06-29 17:28:01.680] [info] Controller idle = 89
[2026-06-29 17:28:01.680] [info] Controller idle = 2
[2026-06-29 17:28:01.680] [info] Controller idle = 2
[2026-06-29 17:28:01.680] [info] Controller idle = 6
[2026-06-29 17:28:01.680] [info] Controller idle = 5
[2026-06-29 17:28:01.680] [info] Controller idle = 1
[2026-06-29 17:28:01.680] [info] Controller idle = 11
[2026-06-29 17:28:01.680] [info] Controller idle = 552
[2026-06-29 17:28:01.680] [info] Controller idle = 108
[2026-06-29 17:28:01.680] [info] Controller idle = 2
[2026-06-29 17:28:01.680] [info] Controller idle = 6
[2026-06-29 17:28:01.680] [info] Controller idle = 3
[2026-06-29 17:28:01.680] [info] Controller idle = 1
[2026-06-29 17:28:01.680] [info] Controller idle = 3
[2026-06-29 17:28:01.680] [info] Controller idle = 1
[2026-06-29 17:28:01.680] [info] Controller idle = 5
[2026-06-29 17:28:01.680] [info] Controller idle = 2
[2026-06-29 17:28:01.680] [info] Controller idle = 18
[2026-06-29 17:28:01.680] [info] Controller idle = 27
[2026-06-29 17:28:01.680] [info] Controller idle = 1
[2026-06-29 17:28:01.680] [info] Controller idle = 2
[2026-06-29 17:28:01.680] [info] Controller idle = 4
[2026-06-29 17:28:01.680] [info] Controller idle = 7
[2026-06-29 17:28:01.680] [info] Controller idle = 1
[2026-06-29 17:28:01.680] [info] Controller idle = 5
[2026-06-29 17:28:01.680] [info] Controller idle = 1
[2026-06-29 17:28:01.680] [info] Controller idle = 1
[2026-06-29 17:28:01.680] [info] Controller idle = 1
[2026-06-29 17:28:01.680] [info] Controller idle = 1
[2026-06-29 17:28:01.680] [info] Controller idle = 1
[2026-06-29 17:28:01.680] [info] Controller idle = 138
[2026-06-29 17:28:01.680] [info] Controller idle = 1
[2026-06-29 17:28:01.680] [info] Controller idle = 1
[2026-06-29 17:28:01.680] [info] Controller idle = 1
[2026-06-29 17:28:01.680] [info] Controller idle = 1
[2026-06-29 17:28:01.680] [info] Controller idle = 8
[2026-06-29 17:28:01.680] [info] Controller idle = 8
[2026-06-29 17:28:01.680] [info] Controller idle = 4
[2026-06-29 17:28:01.680] [info] Controller idle = 9
[2026-06-29 17:28:01.680] [info] Controller idle = 5
[2026-06-29 17:28:01.680] [info] Controller idle = 53
[2026-06-29 17:28:01.680] [info] Controller idle = 5
[2026-06-29 17:28:01.680] [info] Controller idle = 1
[2026-06-29 17:28:01.680] [info] Controller idle = 2
[2026-06-29 17:28:01.680] [info] Controller idle = 1
[2026-06-29 17:28:01.680] [info] Controller idle = 6
[2026-06-29 17:28:01.680] [info] Controller idle = 137
[2026-06-29 17:28:01.680] [info] Controller idle = 1
[2026-06-29 17:28:01.680] [info] Controller idle = 3
[2026-06-29 17:28:01.680] [info] Controller idle = 22
[2026-06-29 17:28:01.680] [info] Controller idle = 1
[2026-06-29 17:28:01.680] [info] Controller idle = 2
[2026-06-29 17:28:01.680] [info] Controller idle = 1
[2026-06-29 17:28:01.680] [info] Controller idle = 1
[2026-06-29 17:28:01.680] [info] Controller idle = 1
[2026-06-29 17:28:01.680] [info] Controller idle = 5
[2026-06-29 17:28:01.680] [info] Controller idle = 31
[2026-06-29 17:28:01.680] [info] Controller idle = 2
[2026-06-29 17:28:01.680] [info] Controller idle = 1
[2026-06-29 17:28:01.680] [info] Controller idle = 10
[2026-06-29 17:28:01.680] [info] Controller idle = 6
[2026-06-29 17:28:01.680] [info] Controller idle = 16
[2026-06-29 17:28:01.680] [info] Controller idle = 1
[2026-06-29 17:28:01.680] [info] Controller idle = 1
[2026-06-29 17:28:01.680] [info] Controller idle = 1
[2026-06-29 17:28:01.680] [info] Controller idle = 8
[2026-06-29 17:28:01.680] [info] Controller idle = 2
[2026-06-29 17:28:01.680] [info] Controller idle = 130
[2026-06-29 17:28:01.680] [info] Controller idle = 97
[2026-06-29 17:28:01.680] [info] Controller idle = 2
[2026-06-29 17:28:01.680] [info] Controller idle = 6
[2026-06-29 17:28:01.680] [info] Controller idle = 3
[2026-06-29 17:28:01.680] [info] Controller idle = 3
[2026-06-29 17:28:01.680] [info] Controller idle = 2
[2026-06-29 17:28:01.680] [info] Controller idle = 13
[2026-06-29 17:28:01.680] [info] Controller idle = 9
[2026-06-29 17:28:01.680] [info] Controller idle = 5
[2026-06-29 17:28:01.680] [info] Controller idle = 21
[2026-06-29 17:28:01.680] [info] Controller idle = 2
[2026-06-29 17:28:01.680] [info] Controller idle = 4
[2026-06-29 17:28:01.680] [info] Controller idle = 14
[2026-06-29 17:28:01.680] [info] Controller idle = 10
[2026-06-29 17:28:01.680] [info] Controller idle = 4
[2026-06-29 17:28:01.680] [info] Controller idle = 1
[2026-06-29 17:28:01.680] [info] Controller idle = 3
[2026-06-29 17:28:01.680] [info] Controller idle = 3
[2026-06-29 17:28:01.680] [info] Controller idle = 134
[2026-06-29 17:28:01.680] [info] Controller idle = 4
[2026-06-29 17:28:01.680] [info] Controller idle = 1
[2026-06-29 17:28:01.680] [info] Controller idle = 3
[2026-06-29 17:28:01.680] [info] Controller idle = 2
[2026-06-29 17:28:01.680] [info] Controller idle = 11
[2026-06-29 17:28:01.680] [info] Controller idle = 1
[2026-06-29 17:28:01.680] [info] Controller idle = 5
[2026-06-29 17:28:01.680] [info] Controller idle = 1
[2026-06-29 17:28:01.680] [info] Controller idle = 4
[2026-06-29 17:28:01.680] [info] Controller idle = 2
[2026-06-29 17:28:01.680] [info] Controller idle = 5
[2026-06-29 17:28:01.680] [info] Controller idle = 24
[2026-06-29 17:28:01.680] [info] Controller idle = 17
[2026-06-29 17:28:01.680] [info] Controller idle = 9
[2026-06-29 17:28:01.680] [info] Controller idle = 5
[2026-06-29 17:28:01.680] [info] Controller idle = 4
[2026-06-29 17:28:01.680] [info] Controller idle = 1
[2026-06-29 17:28:01.680] [info] Controller idle = 9
[2026-06-29 17:28:01.680] [info] Controller idle = 9
[2026-06-29 17:28:01.680] [info] Controller idle = 1
[2026-06-29 17:28:01.680] [info] Controller idle = 1
[2026-06-29 17:28:01.680] [info] Controller idle = 1
[2026-06-29 17:28:01.680] [info] Controller idle = 2
[2026-06-29 17:28:01.680] [info] Controller idle = 124
[2026-06-29 17:28:01.680] [info] Controller idle = 1
[2026-06-29 17:28:01.680] [info] Controller idle = 4
[2026-06-29 17:28:01.680] [info] Controller idle = 1
[2026-06-29 17:28:01.680] [info] Controller idle = 2
[2026-06-29 17:28:01.680] [info] Controller idle = 1
[2026-06-29 17:28:01.680] [info] Controller idle = 1
[2026-06-29 17:28:01.680] [info] Controller idle = 1
[2026-06-29 17:28:01.680] [info] Controller idle = 1
[2026-06-29 17:28:01.680] [info] Controller idle = 2
[2026-06-29 17:28:01.680] [info] Controller idle = 1
[2026-06-29 17:28:01.680] [info] Controller idle = 1
[2026-06-29 17:28:01.680] [info] Controller idle = 2
[2026-06-29 17:28:01.680] [info] Controller idle = 27
[2026-06-29 17:28:01.680] [info] Controller idle = 2
[2026-06-29 17:28:01.680] [info] Controller idle = 20
[2026-06-29 17:28:01.680] [info] Controller idle = 6
[2026-06-29 17:28:01.680] [info] Controller idle = 4987
[2026-06-29 17:28:01.680] [info] Controller idle = 5374
[2026-06-29 17:28:01.680] [info] Controller idle = 2
[2026-06-29 17:28:01.680] [info] Controller idle = 10
[2026-06-29 17:28:01.680] [info] Controller idle = 1
[2026-06-29 17:28:01.680] [info] Controller idle = 1
[2026-06-29 17:28:01.680] [info] Controller idle = 5
[2026-06-29 17:28:01.680] [info] Controller idle = 1
[2026-06-29 17:28:01.680] [info] Controller idle = 1
[2026-06-29 17:28:01.680] [info] Controller idle = 3
[2026-06-29 17:28:01.680] [info] Controller idle = 4
[2026-06-29 17:28:01.680] [info] Controller idle = 2
[2026-06-29 17:28:01.680] [info] Controller idle = 1
[2026-06-29 17:28:01.680] [info] Controller idle = 6
[2026-06-29 17:28:01.680] [info] Controller idle = 3
[2026-06-29 17:28:01.680] [info] Controller idle = 3
[2026-06-29 17:28:01.680] [info] Controller idle = 5393
[2026-06-29 17:28:01.680] [info] Controller idle = 4
[2026-06-29 17:28:01.680] [info] Controller idle = 1
[2026-06-29 17:28:01.680] [info] Controller idle = 2
[2026-06-29 17:28:01.680] [info] Controller idle = 2
[2026-06-29 17:28:01.680] [info] Controller idle = 1
[2026-06-29 17:28:01.680] [info] Controller idle = 3
[2026-06-29 17:28:01.680] [info] Controller idle = 1
[2026-06-29 17:28:01.680] [info] Controller idle = 2
[2026-06-29 17:28:01.680] [info] Controller idle = 2
[2026-06-29 17:28:01.680] [info] Controller idle = 10
[2026-06-29 17:28:01.680] [info] Controller idle = 1
[2026-06-29 17:28:01.680] [info] Controller idle = 10
[2026-06-29 17:28:01.680] [info] Controller idle = 3
[2026-06-29 17:28:01.680] [info] Controller idle = 6
[2026-06-29 17:28:01.680] [info] Controller idle = 1
[2026-06-29 17:28:01.680] [info] Controller idle = 2
[2026-06-29 17:28:01.680] [info] Controller idle = 5398
[2026-06-29 17:28:01.680] [info] Controller idle = 9
[2026-06-29 17:28:01.680] [info] Controller idle = 2
[2026-06-29 17:28:01.680] [info] Controller idle = 2
[2026-06-29 17:28:01.680] [info] Controller idle = 3
[2026-06-29 17:28:01.680] [info] Controller idle = 5
[2026-06-29 17:28:01.680] [info] Controller idle = 1
[2026-06-29 17:28:01.680] [info] Controller idle = 1
[2026-06-29 17:28:01.680] [info] Controller idle = 1
[2026-06-29 17:28:01.680] [info] Controller idle = 2
[2026-06-29 17:28:01.680] [info] Controller idle = 5
[2026-06-29 17:28:01.680] [info] Controller idle = 3
[2026-06-29 17:28:01.680] [info] Controller idle = 1
[2026-06-29 17:28:01.680] [info] Controller idle = 5394
[2026-06-29 17:28:01.680] [info] Controller idle = 5367
[2026-06-29 17:28:01.680] [info] Controller idle = 1
[2026-06-29 17:28:01.680] [info] Controller idle = 1
[2026-06-29 17:28:01.680] [info] Controller idle = 9
[2026-06-29 17:28:01.680] [info] Controller idle = 2
[2026-06-29 17:28:01.680] [info] Controller idle = 1
[2026-06-29 17:28:01.680] [info] Controller idle = 3
[2026-06-29 17:28:01.680] [info] Controller idle = 5
[2026-06-29 17:28:01.680] [info] Controller idle = 1
[2026-06-29 17:28:01.680] [info] Controller idle = 1
[2026-06-29 17:28:01.680] [info] Controller idle = 3
[2026-06-29 17:28:01.680] [info] Controller idle = 13
[2026-06-29 17:28:01.680] [info] Controller idle = 3
[2026-06-29 17:28:01.680] [info] Controller idle = 5411
[2026-06-29 17:28:01.680] [info] Controller idle = 6
[2026-06-29 17:28:01.680] [info] Controller idle = 3
[2026-06-29 17:28:01.680] [info] Controller idle = 11
[2026-06-29 17:28:01.680] [info] Controller idle = 2
[2026-06-29 17:28:01.680] [info] Controller idle = 5
[2026-06-29 17:28:01.680] [info] Controller idle = 3
[2026-06-29 17:28:01.680] [info] Controller idle = 1
[2026-06-29 17:28:01.680] [info] Controller idle = 1
[2026-06-29 17:28:01.680] [info] Controller idle = 3
[2026-06-29 17:28:01.680] [info] Controller idle = 1
[2026-06-29 17:28:01.680] [info] Controller idle = 1
[2026-06-29 17:28:01.680] [info] Controller idle = 1
[2026-06-29 17:28:01.680] [info] Controller idle = 5396
[2026-06-29 17:28:01.680] [info] Controller idle = 1
[2026-06-29 17:28:01.681] [info] Controller idle = 3
[2026-06-29 17:28:01.681] [info] Controller idle = 8
[2026-06-29 17:28:01.681] [info] Controller idle = 1
[2026-06-29 17:28:01.681] [info] Controller idle = 9
[2026-06-29 17:28:01.681] [info] Controller idle = 1
[2026-06-29 17:28:01.681] [info] Controller idle = 15
[2026-06-29 17:28:01.681] [info] Controller idle = 5019
[2026-06-29 17:28:01.681] [info] Controller idle = 5366
[2026-06-29 17:28:01.681] [info] Controller idle = 9
[2026-06-29 17:28:01.681] [info] Controller idle = 1
[2026-06-29 17:28:01.681] [info] Controller idle = 3
[2026-06-29 17:28:01.681] [info] Controller idle = 3
[2026-06-29 17:28:01.681] [info] Controller idle = 2
[2026-06-29 17:28:01.681] [info] Controller idle = 1
[2026-06-29 17:28:01.681] [info] Controller idle = 2
[2026-06-29 17:28:01.681] [info] Controller idle = 2
[2026-06-29 17:28:01.681] [info] Controller idle = 2
[2026-06-29 17:28:01.681] [info] Controller idle = 3
[2026-06-29 17:28:01.681] [info] Controller idle = 1
[2026-06-29 17:28:01.681] [info] Controller idle = 2
[2026-06-29 17:28:01.681] [info] Controller idle = 5407
[2026-06-29 17:28:01.681] [info] Controller idle = 2
[2026-06-29 17:28:01.681] [info] Controller idle = 4
[2026-06-29 17:28:01.681] [info] Controller idle = 17
[2026-06-29 17:28:01.681] [info] Controller idle = 1
[2026-06-29 17:28:01.681] [info] Controller idle = 1
[2026-06-29 17:28:01.681] [info] Controller idle = 3
[2026-06-29 17:28:01.681] [info] Controller idle = 6
[2026-06-29 17:28:01.681] [info] Controller idle = 1
[2026-06-29 17:28:01.681] [info] Controller idle = 2
[2026-06-29 17:28:01.681] [info] Controller idle = 1
[2026-06-29 17:28:01.681] [info] Controller idle = 1
[2026-06-29 17:28:01.681] [info] Controller idle = 5401
[2026-06-29 17:28:01.681] [info] Controller idle = 2
[2026-06-29 17:28:01.681] [info] Controller idle = 2
[2026-06-29 17:28:01.681] [info] Controller idle = 4
[2026-06-29 17:28:01.681] [info] Controller idle = 5
[2026-06-29 17:28:01.681] [info] Controller idle = 9
[2026-06-29 17:28:01.681] [info] Controller idle = 5
[2026-06-29 17:28:01.681] [info] Controller idle = 3
[2026-06-29 17:28:01.681] [info] Controller idle = 3
[2026-06-29 17:28:01.681] [info] Controller idle = 2
[2026-06-29 17:28:01.681] [info] Controller idle = 2
[2026-06-29 17:28:01.681] [info] Controller idle = 3
[2026-06-29 17:28:01.681] [info] Controller idle = 2
[2026-06-29 17:28:01.681] [info] Controller idle = 1
[2026-06-29 17:28:01.681] [info] Controller idle = 11
[2026-06-29 17:28:01.681] [info] Controller idle = 4
[2026-06-29 17:28:01.681] [info] Controller idle = 4
[2026-06-29 17:28:01.681] [info] Controller idle = 5391
[2026-06-29 17:28:01.681] [info] Controller idle = 5366
[2026-06-29 17:28:01.681] [info] Controller idle = 2
[2026-06-29 17:28:01.681] [info] Controller idle = 5
[2026-06-29 17:28:01.681] [info] Controller idle = 4
[2026-06-29 17:28:01.681] [info] Controller idle = 1
[2026-06-29 17:28:01.681] [info] Controller idle = 9
[2026-06-29 17:28:01.681] [info] Controller idle = 2
[2026-06-29 17:28:01.681] [info] Controller idle = 3
[2026-06-29 17:28:01.681] [info] Controller idle = 8
[2026-06-29 17:28:01.681] [info] Controller idle = 2
[2026-06-29 17:28:01.681] [info] Controller idle = 1
[2026-06-29 17:28:01.681] [info] Controller idle = 4
[2026-06-29 17:28:01.681] [info] Controller idle = 3
[2026-06-29 17:28:01.681] [info] Controller idle = 1
[2026-06-29 17:28:01.681] [info] Controller idle = 4
[2026-06-29 17:28:01.681] [info] Controller idle = 10
[2026-06-29 17:28:01.681] [info] Controller idle = 1
[2026-06-29 17:28:01.681] [info] Controller idle = 1
[2026-06-29 17:28:01.681] [info] Controller idle = 3
[2026-06-29 17:28:01.681] [info] Controller idle = 4
[2026-06-29 17:28:01.681] [info] Controller idle = 2
[2026-06-29 17:28:01.681] [info] Controller idle = 1
[2026-06-29 17:28:01.681] [info] Controller idle = 1
[2026-06-29 17:28:01.681] [info] Controller idle = 2
[2026-06-29 17:28:01.681] [info] Controller idle = 5386
[2026-06-29 17:28:01.681] [info] Controller idle = 1
[2026-06-29 17:28:01.681] [info] Controller idle = 4
[2026-06-29 17:28:01.681] [info] Controller idle = 1
[2026-06-29 17:28:01.681] [info] Controller idle = 4
[2026-06-29 17:28:01.681] [info] Controller idle = 2
[2026-06-29 17:28:01.681] [info] Controller idle = 2
[2026-06-29 17:28:01.681] [info] Controller idle = 1
[2026-06-29 17:28:01.681] [info] Controller idle = 4
[2026-06-29 17:28:01.681] [info] Controller idle = 2
[2026-06-29 17:28:01.681] [info] Controller idle = 5
[2026-06-29 17:28:01.681] [info] Controller idle = 1
[2026-06-29 17:28:01.681] [info] Controller idle = 1
[2026-06-29 17:28:01.681] [info] Controller idle = 1
[2026-06-29 17:28:01.681] [info] Controller idle = 1
[2026-06-29 17:28:01.681] [info] Controller idle = 3
[2026-06-29 17:28:01.681] [info] Controller idle = 2
[2026-06-29 17:28:01.681] [info] Controller idle = 6
[2026-06-29 17:28:01.681] [info] Controller idle = 5398
[2026-06-29 17:28:01.681] [info] Controller idle = 15
[2026-06-29 17:28:01.681] [info] Controller idle = 1
[2026-06-29 17:28:01.681] [info] Controller idle = 2
[2026-06-29 17:28:01.681] [info] Controller idle = 8
[2026-06-29 17:28:01.681] [info] Controller idle = 10
[2026-06-29 17:28:01.681] [info] Controller idle = 6
[2026-06-29 17:28:01.681] [info] Controller idle = 4844
[2026-06-29 17:28:01.681] [info] Controller idle = 89
[2026-06-29 17:28:01.681] [info] Controller idle = 102
[2026-06-29 17:28:01.681] [info] Controller idle = 5134
[2026-06-29 17:28:01.681] [info] Controller idle = 3
[2026-06-29 17:28:01.681] [info] Controller idle = 6
[2026-06-29 17:28:01.681] [info] Controller idle = 14
[2026-06-29 17:28:01.681] [info] Controller idle = 109
[2026-06-29 17:28:01.681] [info] Controller idle = 1
[2026-06-29 17:28:01.681] [info] Controller idle = 4
[2026-06-29 17:28:01.681] [info] Controller idle = 7
[2026-06-29 17:28:01.681] [info] Controller idle = 1
[2026-06-29 17:28:01.681] [info] Controller idle = 2
[2026-06-29 17:28:01.681] [info] Controller idle = 3
[2026-06-29 17:28:01.681] [info] Controller idle = 2
[2026-06-29 17:28:01.681] [info] Controller idle = 2
[2026-06-29 17:28:01.681] [info] Controller idle = 2
[2026-06-29 17:28:01.681] [info] Controller idle = 2
[2026-06-29 17:28:01.681] [info] Controller idle = 2
[2026-06-29 17:28:01.681] [info] Controller idle = 2
[2026-06-29 17:28:01.681] [info] Controller idle = 4
[2026-06-29 17:28:01.681] [info] Controller idle = 1
[2026-06-29 17:28:01.681] [info] Controller idle = 119
[2026-06-29 17:28:01.681] [info] Controller idle = 2
[2026-06-29 17:28:01.681] [info] Controller idle = 3
[2026-06-29 17:28:01.681] [info] Controller idle = 6
[2026-06-29 17:28:01.681] [info] Controller idle = 3
[2026-06-29 17:28:01.681] [info] Controller idle = 1
[2026-06-29 17:28:01.681] [info] Controller idle = 8
[2026-06-29 17:28:01.681] [info] Controller idle = 1
[2026-06-29 17:28:01.681] [info] Controller idle = 5157
[2026-06-29 17:28:01.681] [info] Controller idle = 6
[2026-06-29 17:28:01.681] [info] Controller idle = 17
[2026-06-29 17:28:01.681] [info] Controller idle = 2
[2026-06-29 17:28:01.681] [info] Controller idle = 2
[2026-06-29 17:28:01.681] [info] Controller idle = 1
[2026-06-29 17:28:01.681] [info] Controller idle = 1
[2026-06-29 17:28:01.681] [info] Controller idle = 2
[2026-06-29 17:28:01.681] [info] Controller idle = 88
[2026-06-29 17:28:01.681] [info] Controller idle = 4
[2026-06-29 17:28:01.681] [info] Controller idle = 4
[2026-06-29 17:28:01.681] [info] Controller idle = 10
[2026-06-29 17:28:01.681] [info] Controller idle = 2
[2026-06-29 17:28:01.681] [info] Controller idle = 3
[2026-06-29 17:28:01.681] [info] Controller idle = 1
[2026-06-29 17:28:01.681] [info] Controller idle = 25
[2026-06-29 17:28:01.681] [info] Controller idle = 3
[2026-06-29 17:28:01.681] [info] Controller idle = 118
[2026-06-29 17:28:01.681] [info] Controller idle = 1
[2026-06-29 17:28:01.681] [info] Controller idle = 1
[2026-06-29 17:28:01.681] [info] Controller idle = 3
[2026-06-29 17:28:01.681] [info] Controller idle = 10
[2026-06-29 17:28:01.681] [info] Controller idle = 5155
[2026-06-29 17:28:01.681] [info] Controller idle = 2
[2026-06-29 17:28:01.681] [info] Controller idle = 3
[2026-06-29 17:28:01.681] [info] Controller idle = 4
[2026-06-29 17:28:01.681] [info] Controller idle = 4
[2026-06-29 17:28:01.681] [info] Controller idle = 1
[2026-06-29 17:28:01.681] [info] Controller idle = 116
[2026-06-29 17:28:01.681] [info] Controller idle = 2
[2026-06-29 17:28:01.681] [info] Controller idle = 10
[2026-06-29 17:28:01.681] [info] Controller idle = 13
[2026-06-29 17:28:01.681] [info] Controller idle = 3
[2026-06-29 17:28:01.681] [info] Controller idle = 2
[2026-06-29 17:28:01.681] [info] Controller idle = 1
[2026-06-29 17:28:01.681] [info] Controller idle = 3
[2026-06-29 17:28:01.681] [info] Controller idle = 1
[2026-06-29 17:28:01.681] [info] Controller idle = 125
[2026-06-29 17:28:01.681] [info] Controller idle = 2
[2026-06-29 17:28:01.681] [info] Controller idle = 5
[2026-06-29 17:28:01.681] [info] Controller idle = 6
[2026-06-29 17:28:01.681] [info] Controller idle = 2
[2026-06-29 17:28:01.681] [info] Controller idle = 5152
[2026-06-29 17:28:01.681] [info] Controller idle = 89
[2026-06-29 17:28:01.681] [info] Controller idle = 96
[2026-06-29 17:28:01.681] [info] Controller idle = 1
[2026-06-29 17:28:01.681] [info] Controller idle = 1
[2026-06-29 17:28:01.681] [info] Controller idle = 5130
[2026-06-29 17:28:01.681] [info] Controller idle = 1
[2026-06-29 17:28:01.681] [info] Controller idle = 16
[2026-06-29 17:28:01.681] [info] Controller idle = 2
[2026-06-29 17:28:01.681] [info] Controller idle = 5
[2026-06-29 17:28:01.681] [info] Controller idle = 111
[2026-06-29 17:28:01.681] [info] Controller idle = 7
[2026-06-29 17:28:01.681] [info] Controller idle = 3
[2026-06-29 17:28:01.681] [info] Controller idle = 3
[2026-06-29 17:28:01.681] [info] Controller idle = 3
[2026-06-29 17:28:01.681] [info] Controller idle = 1
[2026-06-29 17:28:01.681] [info] Controller idle = 5
[2026-06-29 17:28:01.681] [info] Controller idle = 1
[2026-06-29 17:28:01.681] [info] Controller idle = 3
[2026-06-29 17:28:01.681] [info] Controller idle = 1
[2026-06-29 17:28:01.681] [info] Controller idle = 121
[2026-06-29 17:28:01.681] [info] Controller idle = 5
[2026-06-29 17:28:01.681] [info] Controller idle = 1
[2026-06-29 17:28:01.681] [info] Controller idle = 5156
[2026-06-29 17:28:01.681] [info] Controller idle = 2
[2026-06-29 17:28:01.681] [info] Controller idle = 1
[2026-06-29 17:28:01.681] [info] Controller idle = 1
[2026-06-29 17:28:01.681] [info] Controller idle = 3
[2026-06-29 17:28:01.681] [info] Controller idle = 1
[2026-06-29 17:28:01.681] [info] Controller idle = 4
[2026-06-29 17:28:01.681] [info] Controller idle = 1
[2026-06-29 17:28:01.681] [info] Controller idle = 114
[2026-06-29 17:28:01.681] [info] Controller idle = 1
[2026-06-29 17:28:01.681] [info] Controller idle = 2
[2026-06-29 17:28:01.681] [info] Controller idle = 2
[2026-06-29 17:28:01.681] [info] Controller idle = 3
[2026-06-29 17:28:01.681] [info] Controller idle = 1
[2026-06-29 17:28:01.681] [info] Controller idle = 2
[2026-06-29 17:28:01.681] [info] Controller idle = 2
[2026-06-29 17:28:01.681] [info] Controller idle = 4
[2026-06-29 17:28:01.681] [info] Controller idle = 1
[2026-06-29 17:28:01.681] [info] Controller idle = 11
[2026-06-29 17:28:01.681] [info] Controller idle = 8
[2026-06-29 17:28:01.681] [info] Controller idle = 3
[2026-06-29 17:28:01.681] [info] Controller idle = 114
[2026-06-29 17:28:01.681] [info] Controller idle = 1
[2026-06-29 17:28:01.681] [info] Controller idle = 5
[2026-06-29 17:28:01.681] [info] Controller idle = 2
[2026-06-29 17:28:01.681] [info] Controller idle = 6
[2026-06-29 17:28:01.681] [info] Controller idle = 4
[2026-06-29 17:28:01.681] [info] Controller idle = 5157
[2026-06-29 17:28:01.681] [info] Controller idle = 2
[2026-06-29 17:28:01.681] [info] Controller idle = 1
[2026-06-29 17:28:01.681] [info] Controller idle = 5
[2026-06-29 17:28:01.681] [info] Controller idle = 2
[2026-06-29 17:28:01.681] [info] Controller idle = 2
[2026-06-29 17:28:01.681] [info] Controller idle = 3
[2026-06-29 17:28:01.681] [info] Controller idle = 2
[2026-06-29 17:28:01.681] [info] Controller idle = 115
[2026-06-29 17:28:01.681] [info] Controller idle = 11
[2026-06-29 17:28:01.681] [info] Controller idle = 3
[2026-06-29 17:28:01.681] [info] Controller idle = 1
[2026-06-29 17:28:01.681] [info] Controller idle = 2
[2026-06-29 17:28:01.681] [info] Controller idle = 2
[2026-06-29 17:28:01.681] [info] Controller idle = 1
[2026-06-29 17:28:01.681] [info] Controller idle = 1
[2026-06-29 17:28:01.681] [info] Controller idle = 2
[2026-06-29 17:28:01.681] [info] Controller idle = 1
[2026-06-29 17:28:01.681] [info] Controller idle = 1
[2026-06-29 17:28:01.681] [info] Controller idle = 1
[2026-06-29 17:28:01.681] [info] Controller idle = 6
[2026-06-29 17:28:01.681] [info] Controller idle = 1
[2026-06-29 17:28:01.681] [info] Controller idle = 1
[2026-06-29 17:28:01.681] [info] Controller idle = 5
[2026-06-29 17:28:01.681] [info] Controller idle = 121
[2026-06-29 17:28:01.681] [info] Controller idle = 3
[2026-06-29 17:28:01.681] [info] Controller idle = 44
[2026-06-29 17:28:01.681] [info] Controller idle = 1056
[2026-06-29 17:28:01.681] [info] Controller idle = 17
[2026-06-29 17:28:01.681] [info] Controller idle = 2
[2026-06-29 17:28:01.681] [info] Controller idle = 11
MemorySystem:
  impl: GenericDRAM
  total_num_other_requests: 0
  total_num_write_requests: 77649
  total_num_read_requests: 55341
  memory_system_cycles: 2594267

  DRAM:
    impl: HBM2
    dram_commands: 206704
  AddrMapper:
    impl: RoBaRaCoCh
  Controller:
    impl: Generic
    id: Channel 0
    Scheduler:
      impl: FRFCFS
    RefreshManager:
      impl: AllBank



Frontend:
  impl: GEM5

[2026-06-29 17:28:01.681] [info] Row hits: 95647, Row misses: 997, Row conflicts: 36098
[2026-06-29 17:28:01.681] [info] Controller idle = 11
[2026-06-29 17:28:01.681] [info] Controller idle = 10
[2026-06-29 17:28:01.681] [info] Controller idle = 26649
[2026-06-29 17:28:01.681] [info] Controller idle = 25740
[2026-06-29 17:28:01.681] [info] Controller idle = 25738
[2026-06-29 17:28:01.681] [info] Controller idle = 25717
[2026-06-29 17:28:01.681] [info] Controller idle = 25721
[2026-06-29 17:28:01.681] [info] Controller idle = 25737
[2026-06-29 17:28:01.681] [info] Controller idle = 25732
[2026-06-29 17:28:01.681] [info] Controller idle = 25937
[2026-06-29 17:28:01.681] [info] Controller idle = 25772
[2026-06-29 17:28:01.681] [info] Controller idle = 1
[2026-06-29 17:28:01.681] [info] Controller idle = 1
[2026-06-29 17:28:01.681] [info] Controller idle = 231786
[2026-06-29 17:28:01.681] [info] Controller idle = 1
[2026-06-29 17:28:01.681] [info] Controller idle = 2
[2026-06-29 17:28:01.681] [info] Controller idle = 231659
[2026-06-29 17:28:01.681] [info] Controller idle = 1
[2026-06-29 17:28:01.681] [info] Controller idle = 231627
[2026-06-29 17:28:01.681] [info] Controller idle = 4
[2026-06-29 17:28:01.681] [info] Controller idle = 6
[2026-06-29 17:28:01.681] [info] Controller idle = 1
[2026-06-29 17:28:01.681] [info] Controller idle = 2
[2026-06-29 17:28:01.681] [info] Controller idle = 3
[2026-06-29 17:28:01.681] [info] Controller idle = 1
[2026-06-29 17:28:01.681] [info] Controller idle = 231589
[2026-06-29 17:28:01.681] [info] Controller idle = 231695
[2026-06-29 17:28:01.681] [info] Controller idle = 9
[2026-06-29 17:28:01.681] [info] Controller idle = 1
[2026-06-29 17:28:01.681] [info] Controller idle = 1
[2026-06-29 17:28:01.681] [info] Controller idle = 231798
[2026-06-29 17:28:01.681] [info] Controller idle = 232583
[2026-06-29 17:28:01.681] [info] Controller idle = 23060
[2026-06-29 17:28:01.681] [info] Controller idle = 8003
[2026-06-29 17:28:01.681] [info] Controller idle = 1
[2026-06-29 17:28:01.681] [info] Controller idle = 2
[2026-06-29 17:28:01.681] [info] Controller idle = 3
[2026-06-29 17:28:01.681] [info] Controller idle = 8
[2026-06-29 17:28:01.681] [info] Controller idle = 1
[2026-06-29 17:28:01.681] [info] Controller idle = 4
[2026-06-29 17:28:01.681] [info] Controller idle = 1
[2026-06-29 17:28:01.681] [info] Controller idle = 6
[2026-06-29 17:28:01.681] [info] Controller idle = 1
[2026-06-29 17:28:01.681] [info] Controller idle = 6
[2026-06-29 17:28:01.681] [info] Controller idle = 1
[2026-06-29 17:28:01.681] [info] Controller idle = 6
[2026-06-29 17:28:01.681] [info] Controller idle = 1
[2026-06-29 17:28:01.681] [info] Controller idle = 1
[2026-06-29 17:28:01.681] [info] Controller idle = 2
[2026-06-29 17:28:01.681] [info] Controller idle = 2
[2026-06-29 17:28:01.681] [info] Controller idle = 6
[2026-06-29 17:28:01.681] [info] Controller idle = 1
[2026-06-29 17:28:01.681] [info] Controller idle = 1
[2026-06-29 17:28:01.681] [info] Controller idle = 2
[2026-06-29 17:28:01.681] [info] Controller idle = 3
[2026-06-29 17:28:01.681] [info] Controller idle = 1
[2026-06-29 17:28:01.681] [info] Controller idle = 2
[2026-06-29 17:28:01.681] [info] Controller idle = 2
[2026-06-29 17:28:01.681] [info] Controller idle = 4
[2026-06-29 17:28:01.681] [info] Controller idle = 1
[2026-06-29 17:28:01.681] [info] Controller idle = 1
[2026-06-29 17:28:01.681] [info] Controller idle = 3
[2026-06-29 17:28:01.681] [info] Controller idle = 2
[2026-06-29 17:28:01.681] [info] Controller idle = 6
[2026-06-29 17:28:01.681] [info] Controller idle = 1
[2026-06-29 17:28:01.681] [info] Controller idle = 3
[2026-06-29 17:28:01.681] [info] Controller idle = 1
[2026-06-29 17:28:01.681] [info] Controller idle = 17
[2026-06-29 17:28:01.681] [info] Controller idle = 1
[2026-06-29 17:28:01.681] [info] Controller idle = 3
[2026-06-29 17:28:01.681] [info] Controller idle = 5
[2026-06-29 17:28:01.681] [info] Controller idle = 2
[2026-06-29 17:28:01.681] [info] Controller idle = 3
[2026-06-29 17:28:01.681] [info] Controller idle = 1
[2026-06-29 17:28:01.681] [info] Controller idle = 15
[2026-06-29 17:28:01.681] [info] Controller idle = 1
[2026-06-29 17:28:01.681] [info] Controller idle = 7
[2026-06-29 17:28:01.681] [info] Controller idle = 25
[2026-06-29 17:28:01.681] [info] Controller idle = 12
[2026-06-29 17:28:01.682] [info] Controller idle = 7
[2026-06-29 17:28:01.682] [info] Controller idle = 1
[2026-06-29 17:28:01.682] [info] Controller idle = 4
[2026-06-29 17:28:01.682] [info] Controller idle = 2
[2026-06-29 17:28:01.682] [info] Controller idle = 8
[2026-06-29 17:28:01.682] [info] Controller idle = 17
[2026-06-29 17:28:01.682] [info] Controller idle = 2
[2026-06-29 17:28:01.682] [info] Controller idle = 3
[2026-06-29 17:28:01.682] [info] Controller idle = 1
[2026-06-29 17:28:01.682] [info] Controller idle = 10
[2026-06-29 17:28:01.682] [info] Controller idle = 5
[2026-06-29 17:28:01.682] [info] Controller idle = 21502
[2026-06-29 17:28:01.682] [info] Controller idle = 8013
[2026-06-29 17:28:01.682] [info] Controller idle = 6
[2026-06-29 17:28:01.682] [info] Controller idle = 3
[2026-06-29 17:28:01.682] [info] Controller idle = 1
[2026-06-29 17:28:01.682] [info] Controller idle = 1
[2026-06-29 17:28:01.682] [info] Controller idle = 14
[2026-06-29 17:28:01.682] [info] Controller idle = 1
[2026-06-29 17:28:01.682] [info] Controller idle = 1
[2026-06-29 17:28:01.682] [info] Controller idle = 3
[2026-06-29 17:28:01.682] [info] Controller idle = 4
[2026-06-29 17:28:01.682] [info] Controller idle = 34348
[2026-06-29 17:28:01.682] [info] Controller idle = 29334
[2026-06-29 17:28:01.682] [info] Controller idle = 1
[2026-06-29 17:28:01.682] [info] Controller idle = 1
[2026-06-29 17:28:01.682] [info] Controller idle = 1
[2026-06-29 17:28:01.682] [info] Controller idle = 4
[2026-06-29 17:28:01.682] [info] Controller idle = 8
[2026-06-29 17:28:01.682] [info] Controller idle = 1
[2026-06-29 17:28:01.682] [info] Controller idle = 33309
[2026-06-29 17:28:01.682] [info] Controller idle = 2
[2026-06-29 17:28:01.682] [info] Controller idle = 2
[2026-06-29 17:28:01.682] [info] Controller idle = 1
[2026-06-29 17:28:01.682] [info] Controller idle = 2
[2026-06-29 17:28:01.682] [info] Controller idle = 7
[2026-06-29 17:28:01.682] [info] Controller idle = 4
[2026-06-29 17:28:01.682] [info] Controller idle = 1
[2026-06-29 17:28:01.682] [info] Controller idle = 7
[2026-06-29 17:28:01.682] [info] Controller idle = 1
[2026-06-29 17:28:01.682] [info] Controller idle = 1
[2026-06-29 17:28:01.682] [info] Controller idle = 1
[2026-06-29 17:28:01.682] [info] Controller idle = 1
[2026-06-29 17:28:01.682] [info] Controller idle = 2
[2026-06-29 17:28:01.682] [info] Controller idle = 1
[2026-06-29 17:28:01.682] [info] Controller idle = 3
[2026-06-29 17:28:01.682] [info] Controller idle = 1
[2026-06-29 17:28:01.682] [info] Controller idle = 1
[2026-06-29 17:28:01.682] [info] Controller idle = 3
[2026-06-29 17:28:01.682] [info] Controller idle = 1
[2026-06-29 17:28:01.682] [info] Controller idle = 7
[2026-06-29 17:28:01.682] [info] Controller idle = 4
[2026-06-29 17:28:01.682] [info] Controller idle = 5
[2026-06-29 17:28:01.682] [info] Controller idle = 2
[2026-06-29 17:28:01.682] [info] Controller idle = 1
[2026-06-29 17:28:01.682] [info] Controller idle = 1
[2026-06-29 17:28:01.682] [info] Controller idle = 2
[2026-06-29 17:28:01.682] [info] Controller idle = 2
[2026-06-29 17:28:01.682] [info] Controller idle = 1
[2026-06-29 17:28:01.682] [info] Controller idle = 1
[2026-06-29 17:28:01.682] [info] Controller idle = 5
[2026-06-29 17:28:01.682] [info] Controller idle = 1
[2026-06-29 17:28:01.682] [info] Controller idle = 7
[2026-06-29 17:28:01.682] [info] Controller idle = 4
[2026-06-29 17:28:01.682] [info] Controller idle = 9
[2026-06-29 17:28:01.682] [info] Controller idle = 2
[2026-06-29 17:28:01.682] [info] Controller idle = 1
[2026-06-29 17:28:01.682] [info] Controller idle = 1
[2026-06-29 17:28:01.682] [info] Controller idle = 1
[2026-06-29 17:28:01.682] [info] Controller idle = 12
[2026-06-29 17:28:01.682] [info] Controller idle = 3
[2026-06-29 17:28:01.682] [info] Controller idle = 1
[2026-06-29 17:28:01.682] [info] Controller idle = 32
[2026-06-29 17:28:01.682] [info] Controller idle = 29643
[2026-06-29 17:28:01.682] [info] Controller idle = 1
[2026-06-29 17:28:01.682] [info] Controller idle = 3
[2026-06-29 17:28:01.682] [info] Controller idle = 1
[2026-06-29 17:28:01.682] [info] Controller idle = 3
[2026-06-29 17:28:01.682] [info] Controller idle = 1
[2026-06-29 17:28:01.682] [info] Controller idle = 1
[2026-06-29 17:28:01.682] [info] Controller idle = 33149
[2026-06-29 17:28:01.682] [info] Controller idle = 4
[2026-06-29 17:28:01.682] [info] Controller idle = 3
[2026-06-29 17:28:01.682] [info] Controller idle = 4
[2026-06-29 17:28:01.682] [info] Controller idle = 29193
[2026-06-29 17:28:01.682] [info] Controller idle = 8
[2026-06-29 17:28:01.682] [info] Controller idle = 7
[2026-06-29 17:28:01.682] [info] Controller idle = 7
[2026-06-29 17:28:01.682] [info] Controller idle = 3
[2026-06-29 17:28:01.682] [info] Controller idle = 3
[2026-06-29 17:28:01.682] [info] Controller idle = 1
[2026-06-29 17:28:01.682] [info] Controller idle = 1
[2026-06-29 17:28:01.682] [info] Controller idle = 2
[2026-06-29 17:28:01.682] [info] Controller idle = 7
[2026-06-29 17:28:01.682] [info] Controller idle = 9059
[2026-06-29 17:28:01.682] [info] Controller idle = 1
[2026-06-29 17:28:01.682] [info] Controller idle = 3
[2026-06-29 17:28:01.682] [info] Controller idle = 3
[2026-06-29 17:28:01.682] [info] Controller idle = 1
[2026-06-29 17:28:01.682] [info] Controller idle = 1
[2026-06-29 17:28:01.682] [info] Controller idle = 2
[2026-06-29 17:28:01.682] [info] Controller idle = 2
[2026-06-29 17:28:01.682] [info] Controller idle = 9
[2026-06-29 17:28:01.682] [info] Controller idle = 1
[2026-06-29 17:28:01.682] [info] Controller idle = 18
[2026-06-29 17:28:01.682] [info] Controller idle = 1
[2026-06-29 17:28:01.682] [info] Controller idle = 1
[2026-06-29 17:28:01.682] [info] Controller idle = 5
[2026-06-29 17:28:01.682] [info] Controller idle = 2
[2026-06-29 17:28:01.682] [info] Controller idle = 6404
[2026-06-29 17:28:01.682] [info] Controller idle = 1543
[2026-06-29 17:28:01.682] [info] Controller idle = 1
[2026-06-29 17:28:01.682] [info] Controller idle = 2
[2026-06-29 17:28:01.682] [info] Controller idle = 3
[2026-06-29 17:28:01.682] [info] Controller idle = 1
[2026-06-29 17:28:01.682] [info] Controller idle = 1
[2026-06-29 17:28:01.682] [info] Controller idle = 1
[2026-06-29 17:28:01.682] [info] Controller idle = 8
[2026-06-29 17:28:01.682] [info] Controller idle = 5
[2026-06-29 17:28:01.682] [info] Controller idle = 9147
[2026-06-29 17:28:01.682] [info] Controller idle = 1
[2026-06-29 17:28:01.682] [info] Controller idle = 1
[2026-06-29 17:28:01.682] [info] Controller idle = 1
[2026-06-29 17:28:01.682] [info] Controller idle = 13
[2026-06-29 17:28:01.682] [info] Controller idle = 3
[2026-06-29 17:28:01.682] [info] Controller idle = 6
[2026-06-29 17:28:01.682] [info] Controller idle = 2
[2026-06-29 17:28:01.682] [info] Controller idle = 6
[2026-06-29 17:28:01.682] [info] Controller idle = 2
[2026-06-29 17:28:01.682] [info] Controller idle = 1
[2026-06-29 17:28:01.682] [info] Controller idle = 9
[2026-06-29 17:28:01.682] [info] Controller idle = 4
[2026-06-29 17:28:01.682] [info] Controller idle = 1
[2026-06-29 17:28:01.682] [info] Controller idle = 2
[2026-06-29 17:28:01.682] [info] Controller idle = 6430
[2026-06-29 17:28:01.682] [info] Controller idle = 9159
[2026-06-29 17:28:01.682] [info] Controller idle = 1
[2026-06-29 17:28:01.682] [info] Controller idle = 1
[2026-06-29 17:28:01.682] [info] Controller idle = 3
[2026-06-29 17:28:01.682] [info] Controller idle = 2
[2026-06-29 17:28:01.682] [info] Controller idle = 1
[2026-06-29 17:28:01.682] [info] Controller idle = 11
[2026-06-29 17:28:01.682] [info] Controller idle = 6429
[2026-06-29 17:28:01.682] [info] Controller idle = 3
[2026-06-29 17:28:01.682] [info] Controller idle = 1
[2026-06-29 17:28:01.682] [info] Controller idle = 9180
[2026-06-29 17:28:01.682] [info] Controller idle = 2
[2026-06-29 17:28:01.682] [info] Controller idle = 1
[2026-06-29 17:28:01.682] [info] Controller idle = 1
[2026-06-29 17:28:01.682] [info] Controller idle = 1
[2026-06-29 17:28:01.682] [info] Controller idle = 2
[2026-06-29 17:28:01.682] [info] Controller idle = 1
[2026-06-29 17:28:01.682] [info] Controller idle = 1
[2026-06-29 17:28:01.682] [info] Controller idle = 2
[2026-06-29 17:28:01.682] [info] Controller idle = 1
[2026-06-29 17:28:01.682] [info] Controller idle = 1
[2026-06-29 17:28:01.682] [info] Controller idle = 2
[2026-06-29 17:28:01.682] [info] Controller idle = 19
[2026-06-29 17:28:01.682] [info] Controller idle = 1
[2026-06-29 17:28:01.682] [info] Controller idle = 5
[2026-06-29 17:28:01.682] [info] Controller idle = 1
[2026-06-29 17:28:01.682] [info] Controller idle = 4
[2026-06-29 17:28:01.682] [info] Controller idle = 3
[2026-06-29 17:28:01.682] [info] Controller idle = 6436
[2026-06-29 17:28:01.682] [info] Controller idle = 1
[2026-06-29 17:28:01.682] [info] Controller idle = 1
[2026-06-29 17:28:01.682] [info] Controller idle = 4
[2026-06-29 17:28:01.682] [info] Controller idle = 5
[2026-06-29 17:28:01.682] [info] Controller idle = 2787
[2026-06-29 17:28:01.682] [info] Controller idle = 1533
[2026-06-29 17:28:01.682] [info] Controller idle = 1561
[2026-06-29 17:28:01.682] [info] Controller idle = 1
[2026-06-29 17:28:01.682] [info] Controller idle = 1533
[2026-06-29 17:28:01.682] [info] Controller idle = 1
[2026-06-29 17:28:01.682] [info] Controller idle = 1
[2026-06-29 17:28:01.682] [info] Controller idle = 594
[2026-06-29 17:28:01.682] [info] Controller idle = 4880
[2026-06-29 17:28:01.682] [info] Controller idle = 3695
[2026-06-29 17:28:01.682] [info] Controller idle = 1
[2026-06-29 17:28:01.682] [info] Controller idle = 1
[2026-06-29 17:28:01.682] [info] Controller idle = 6
[2026-06-29 17:28:01.682] [info] Controller idle = 3709
[2026-06-29 17:28:01.682] [info] Controller idle = 1
[2026-06-29 17:28:01.682] [info] Controller idle = 3663
[2026-06-29 17:28:01.682] [info] Controller idle = 3962
[2026-06-29 17:28:01.682] [info] Controller idle = 3678
[2026-06-29 17:28:01.682] [info] Controller idle = 7
[2026-06-29 17:28:01.682] [info] Controller idle = 3686
[2026-06-29 17:28:01.682] [info] Controller idle = 3699
[2026-06-29 17:28:01.682] [info] Controller idle = 4048
[2026-06-29 17:28:01.682] [info] Controller idle = 1
[2026-06-29 17:28:01.682] [info] Controller idle = 3673
[2026-06-29 17:28:01.682] [info] Controller idle = 3706
[2026-06-29 17:28:01.682] [info] Controller idle = 1
[2026-06-29 17:28:01.682] [info] Controller idle = 1
[2026-06-29 17:28:01.682] [info] Controller idle = 1
[2026-06-29 17:28:01.682] [info] Controller idle = 3680
[2026-06-29 17:28:01.682] [info] Controller idle = 2855
[2026-06-29 17:28:01.682] [info] Controller idle = 57
[2026-06-29 17:28:01.682] [info] Controller idle = 74
[2026-06-29 17:28:01.682] [info] Controller idle = 2422
[2026-06-29 17:28:01.682] [info] Controller idle = 5
[2026-06-29 17:28:01.682] [info] Controller idle = 8
[2026-06-29 17:28:01.682] [info] Controller idle = 7
[2026-06-29 17:28:01.682] [info] Controller idle = 1
[2026-06-29 17:28:01.682] [info] Controller idle = 89
[2026-06-29 17:28:01.682] [info] Controller idle = 3
[2026-06-29 17:28:01.682] [info] Controller idle = 4
[2026-06-29 17:28:01.682] [info] Controller idle = 12
[2026-06-29 17:28:01.682] [info] Controller idle = 2
[2026-06-29 17:28:01.682] [info] Controller idle = 4
[2026-06-29 17:28:01.682] [info] Controller idle = 86
[2026-06-29 17:28:01.682] [info] Controller idle = 6
[2026-06-29 17:28:01.682] [info] Controller idle = 5
[2026-06-29 17:28:01.682] [info] Controller idle = 2
[2026-06-29 17:28:01.682] [info] Controller idle = 15
[2026-06-29 17:28:01.682] [info] Controller idle = 1
[2026-06-29 17:28:01.682] [info] Controller idle = 6
[2026-06-29 17:28:01.682] [info] Controller idle = 2
[2026-06-29 17:28:01.682] [info] Controller idle = 3
[2026-06-29 17:28:01.682] [info] Controller idle = 3
[2026-06-29 17:28:01.682] [info] Controller idle = 2442
[2026-06-29 17:28:01.682] [info] Controller idle = 7
[2026-06-29 17:28:01.682] [info] Controller idle = 4
[2026-06-29 17:28:01.682] [info] Controller idle = 96
[2026-06-29 17:28:01.682] [info] Controller idle = 6
[2026-06-29 17:28:01.682] [info] Controller idle = 1
[2026-06-29 17:28:01.682] [info] Controller idle = 1
[2026-06-29 17:28:01.682] [info] Controller idle = 4
[2026-06-29 17:28:01.682] [info] Controller idle = 4
[2026-06-29 17:28:01.682] [info] Controller idle = 92
[2026-06-29 17:28:01.682] [info] Controller idle = 13
[2026-06-29 17:28:01.682] [info] Controller idle = 4
[2026-06-29 17:28:01.682] [info] Controller idle = 4
[2026-06-29 17:28:01.682] [info] Controller idle = 1
[2026-06-29 17:28:01.682] [info] Controller idle = 16
[2026-06-29 17:28:01.682] [info] Controller idle = 13
[2026-06-29 17:28:01.682] [info] Controller idle = 2433
[2026-06-29 17:28:01.682] [info] Controller idle = 2
[2026-06-29 17:28:01.682] [info] Controller idle = 4
[2026-06-29 17:28:01.682] [info] Controller idle = 1
[2026-06-29 17:28:01.682] [info] Controller idle = 6
[2026-06-29 17:28:01.682] [info] Controller idle = 4
[2026-06-29 17:28:01.682] [info] Controller idle = 83
[2026-06-29 17:28:01.682] [info] Controller idle = 3
[2026-06-29 17:28:01.682] [info] Controller idle = 3
[2026-06-29 17:28:01.682] [info] Controller idle = 5
[2026-06-29 17:28:01.682] [info] Controller idle = 2
[2026-06-29 17:28:01.682] [info] Controller idle = 92
[2026-06-29 17:28:01.682] [info] Controller idle = 4
[2026-06-29 17:28:01.682] [info] Controller idle = 8
[2026-06-29 17:28:01.682] [info] Controller idle = 12
[2026-06-29 17:28:01.682] [info] Controller idle = 1
[2026-06-29 17:28:01.682] [info] Controller idle = 13
[2026-06-29 17:28:01.682] [info] Controller idle = 2
[2026-06-29 17:28:01.682] [info] Controller idle = 1
[2026-06-29 17:28:01.682] [info] Controller idle = 2
[2026-06-29 17:28:01.682] [info] Controller idle = 5
[2026-06-29 17:28:01.682] [info] Controller idle = 2439
[2026-06-29 17:28:01.682] [info] Controller idle = 56
[2026-06-29 17:28:01.682] [info] Controller idle = 62
[2026-06-29 17:28:01.682] [info] Controller idle = 2421
[2026-06-29 17:28:01.682] [info] Controller idle = 1
[2026-06-29 17:28:01.682] [info] Controller idle = 3
[2026-06-29 17:28:01.682] [info] Controller idle = 5
[2026-06-29 17:28:01.682] [info] Controller idle = 1
[2026-06-29 17:28:01.682] [info] Controller idle = 87
[2026-06-29 17:28:01.682] [info] Controller idle = 10
[2026-06-29 17:28:01.682] [info] Controller idle = 4
[2026-06-29 17:28:01.682] [info] Controller idle = 9
[2026-06-29 17:28:01.682] [info] Controller idle = 1
[2026-06-29 17:28:01.682] [info] Controller idle = 87
[2026-06-29 17:28:01.682] [info] Controller idle = 1
[2026-06-29 17:28:01.682] [info] Controller idle = 6
[2026-06-29 17:28:01.682] [info] Controller idle = 7
[2026-06-29 17:28:01.682] [info] Controller idle = 1
[2026-06-29 17:28:01.682] [info] Controller idle = 1
[2026-06-29 17:28:01.682] [info] Controller idle = 1
[2026-06-29 17:28:01.682] [info] Controller idle = 12
[2026-06-29 17:28:01.682] [info] Controller idle = 17
[2026-06-29 17:28:01.682] [info] Controller idle = 3
[2026-06-29 17:28:01.682] [info] Controller idle = 6
[2026-06-29 17:28:01.682] [info] Controller idle = 1
[2026-06-29 17:28:01.682] [info] Controller idle = 2431
[2026-06-29 17:28:01.682] [info] Controller idle = 3
[2026-06-29 17:28:01.682] [info] Controller idle = 1
[2026-06-29 17:28:01.682] [info] Controller idle = 4
[2026-06-29 17:28:01.682] [info] Controller idle = 1
[2026-06-29 17:28:01.682] [info] Controller idle = 3
[2026-06-29 17:28:01.682] [info] Controller idle = 88
[2026-06-29 17:28:01.682] [info] Controller idle = 5
[2026-06-29 17:28:01.682] [info] Controller idle = 3
[2026-06-29 17:28:01.682] [info] Controller idle = 1
[2026-06-29 17:28:01.682] [info] Controller idle = 10
[2026-06-29 17:28:01.682] [info] Controller idle = 1
[2026-06-29 17:28:01.682] [info] Controller idle = 105
[2026-06-29 17:28:01.682] [info] Controller idle = 4
[2026-06-29 17:28:01.682] [info] Controller idle = 1
[2026-06-29 17:28:01.682] [info] Controller idle = 2
[2026-06-29 17:28:01.682] [info] Controller idle = 16
[2026-06-29 17:28:01.682] [info] Controller idle = 1
[2026-06-29 17:28:01.682] [info] Controller idle = 7
[2026-06-29 17:28:01.682] [info] Controller idle = 15
[2026-06-29 17:28:01.682] [info] Controller idle = 4
[2026-06-29 17:28:01.682] [info] Controller idle = 1
[2026-06-29 17:28:01.682] [info] Controller idle = 2431
[2026-06-29 17:28:01.682] [info] Controller idle = 1
[2026-06-29 17:28:01.682] [info] Controller idle = 1
[2026-06-29 17:28:01.682] [info] Controller idle = 9
[2026-06-29 17:28:01.682] [info] Controller idle = 3
[2026-06-29 17:28:01.682] [info] Controller idle = 6
[2026-06-29 17:28:01.682] [info] Controller idle = 1
[2026-06-29 17:28:01.682] [info] Controller idle = 83
[2026-06-29 17:28:01.682] [info] Controller idle = 2
[2026-06-29 17:28:01.682] [info] Controller idle = 5
[2026-06-29 17:28:01.682] [info] Controller idle = 5
[2026-06-29 17:28:01.682] [info] Controller idle = 6
[2026-06-29 17:28:01.682] [info] Controller idle = 91
[2026-06-29 17:28:01.682] [info] Controller idle = 3
[2026-06-29 17:28:01.682] [info] Controller idle = 2
[2026-06-29 17:28:01.682] [info] Controller idle = 1
[2026-06-29 17:28:01.682] [info] Controller idle = 1
[2026-06-29 17:28:01.682] [info] Controller idle = 2
[2026-06-29 17:28:01.682] [info] Controller idle = 4
[2026-06-29 17:28:01.682] [info] Controller idle = 11
[2026-06-29 17:28:01.682] [info] Controller idle = 542
[2026-06-29 17:28:01.682] [info] Controller idle = 107
[2026-06-29 17:28:01.682] [info] Controller idle = 2
[2026-06-29 17:28:01.682] [info] Controller idle = 2
[2026-06-29 17:28:01.682] [info] Controller idle = 5
[2026-06-29 17:28:01.682] [info] Controller idle = 15
[2026-06-29 17:28:01.682] [info] Controller idle = 3
[2026-06-29 17:28:01.682] [info] Controller idle = 2
[2026-06-29 17:28:01.682] [info] Controller idle = 7
[2026-06-29 17:28:01.682] [info] Controller idle = 4
[2026-06-29 17:28:01.682] [info] Controller idle = 9
[2026-06-29 17:28:01.682] [info] Controller idle = 21
[2026-06-29 17:28:01.682] [info] Controller idle = 1
[2026-06-29 17:28:01.682] [info] Controller idle = 2
[2026-06-29 17:28:01.682] [info] Controller idle = 6
[2026-06-29 17:28:01.682] [info] Controller idle = 1
[2026-06-29 17:28:01.682] [info] Controller idle = 1
[2026-06-29 17:28:01.682] [info] Controller idle = 2
[2026-06-29 17:28:01.682] [info] Controller idle = 2
[2026-06-29 17:28:01.682] [info] Controller idle = 1
[2026-06-29 17:28:01.682] [info] Controller idle = 11
[2026-06-29 17:28:01.682] [info] Controller idle = 1
[2026-06-29 17:28:01.682] [info] Controller idle = 1
[2026-06-29 17:28:01.682] [info] Controller idle = 4
[2026-06-29 17:28:01.682] [info] Controller idle = 8
[2026-06-29 17:28:01.682] [info] Controller idle = 131
[2026-06-29 17:28:01.682] [info] Controller idle = 1
[2026-06-29 17:28:01.682] [info] Controller idle = 1
[2026-06-29 17:28:01.682] [info] Controller idle = 8
[2026-06-29 17:28:01.682] [info] Controller idle = 2
[2026-06-29 17:28:01.682] [info] Controller idle = 6
[2026-06-29 17:28:01.682] [info] Controller idle = 2
[2026-06-29 17:28:01.682] [info] Controller idle = 1
[2026-06-29 17:28:01.683] [info] Controller idle = 1
[2026-06-29 17:28:01.683] [info] Controller idle = 1
[2026-06-29 17:28:01.683] [info] Controller idle = 9
[2026-06-29 17:28:01.683] [info] Controller idle = 37
[2026-06-29 17:28:01.683] [info] Controller idle = 1
[2026-06-29 17:28:01.683] [info] Controller idle = 2
[2026-06-29 17:28:01.683] [info] Controller idle = 1
[2026-06-29 17:28:01.683] [info] Controller idle = 3
[2026-06-29 17:28:01.683] [info] Controller idle = 2
[2026-06-29 17:28:01.683] [info] Controller idle = 1
[2026-06-29 17:28:01.683] [info] Controller idle = 11
[2026-06-29 17:28:01.683] [info] Controller idle = 1
[2026-06-29 17:28:01.683] [info] Controller idle = 4
[2026-06-29 17:28:01.683] [info] Controller idle = 4
[2026-06-29 17:28:01.683] [info] Controller idle = 1
[2026-06-29 17:28:01.683] [info] Controller idle = 7
[2026-06-29 17:28:01.683] [info] Controller idle = 135
[2026-06-29 17:28:01.683] [info] Controller idle = 1
[2026-06-29 17:28:01.683] [info] Controller idle = 8
[2026-06-29 17:28:01.683] [info] Controller idle = 7
[2026-06-29 17:28:01.683] [info] Controller idle = 19
[2026-06-29 17:28:01.683] [info] Controller idle = 1
[2026-06-29 17:28:01.683] [info] Controller idle = 24
[2026-06-29 17:28:01.683] [info] Controller idle = 2
[2026-06-29 17:28:01.683] [info] Controller idle = 1
[2026-06-29 17:28:01.683] [info] Controller idle = 1
[2026-06-29 17:28:01.683] [info] Controller idle = 2
[2026-06-29 17:28:01.683] [info] Controller idle = 1
[2026-06-29 17:28:01.683] [info] Controller idle = 1
[2026-06-29 17:28:01.683] [info] Controller idle = 17
[2026-06-29 17:28:01.683] [info] Controller idle = 3
[2026-06-29 17:28:01.683] [info] Controller idle = 1
[2026-06-29 17:28:01.683] [info] Controller idle = 1
[2026-06-29 17:28:01.683] [info] Controller idle = 2
[2026-06-29 17:28:01.683] [info] Controller idle = 6
[2026-06-29 17:28:01.683] [info] Controller idle = 5
[2026-06-29 17:28:01.683] [info] Controller idle = 1
[2026-06-29 17:28:01.683] [info] Controller idle = 128
[2026-06-29 17:28:01.683] [info] Controller idle = 99
[2026-06-29 17:28:01.683] [info] Controller idle = 2
[2026-06-29 17:28:01.683] [info] Controller idle = 11
[2026-06-29 17:28:01.683] [info] Controller idle = 11
[2026-06-29 17:28:01.683] [info] Controller idle = 11
[2026-06-29 17:28:01.683] [info] Controller idle = 2
[2026-06-29 17:28:01.683] [info] Controller idle = 2
[2026-06-29 17:28:01.683] [info] Controller idle = 1
[2026-06-29 17:28:01.683] [info] Controller idle = 12
[2026-06-29 17:28:01.683] [info] Controller idle = 2
[2026-06-29 17:28:01.683] [info] Controller idle = 17
[2026-06-29 17:28:01.683] [info] Controller idle = 2
[2026-06-29 17:28:01.683] [info] Controller idle = 9
[2026-06-29 17:28:01.683] [info] Controller idle = 15
[2026-06-29 17:28:01.683] [info] Controller idle = 4
[2026-06-29 17:28:01.683] [info] Controller idle = 2
[2026-06-29 17:28:01.683] [info] Controller idle = 3
[2026-06-29 17:28:01.683] [info] Controller idle = 5
[2026-06-29 17:28:01.683] [info] Controller idle = 1
[2026-06-29 17:28:01.683] [info] Controller idle = 1
[2026-06-29 17:28:01.683] [info] Controller idle = 2
[2026-06-29 17:28:01.683] [info] Controller idle = 131
[2026-06-29 17:28:01.683] [info] Controller idle = 2
[2026-06-29 17:28:01.683] [info] Controller idle = 3
[2026-06-29 17:28:01.683] [info] Controller idle = 2
[2026-06-29 17:28:01.683] [info] Controller idle = 2
[2026-06-29 17:28:01.683] [info] Controller idle = 2
[2026-06-29 17:28:01.683] [info] Controller idle = 10
[2026-06-29 17:28:01.683] [info] Controller idle = 3
[2026-06-29 17:28:01.683] [info] Controller idle = 7
[2026-06-29 17:28:01.683] [info] Controller idle = 40
[2026-06-29 17:28:01.683] [info] Controller idle = 5
[2026-06-29 17:28:01.683] [info] Controller idle = 2
[2026-06-29 17:28:01.683] [info] Controller idle = 1
[2026-06-29 17:28:01.683] [info] Controller idle = 5
[2026-06-29 17:28:01.683] [info] Controller idle = 1
[2026-06-29 17:28:01.683] [info] Controller idle = 1
[2026-06-29 17:28:01.683] [info] Controller idle = 4
[2026-06-29 17:28:01.683] [info] Controller idle = 10
[2026-06-29 17:28:01.683] [info] Controller idle = 1
[2026-06-29 17:28:01.683] [info] Controller idle = 15
[2026-06-29 17:28:01.683] [info] Controller idle = 1
[2026-06-29 17:28:01.683] [info] Controller idle = 6
[2026-06-29 17:28:01.683] [info] Controller idle = 4
[2026-06-29 17:28:01.683] [info] Controller idle = 121
[2026-06-29 17:28:01.683] [info] Controller idle = 1
[2026-06-29 17:28:01.683] [info] Controller idle = 1
[2026-06-29 17:28:01.683] [info] Controller idle = 1
[2026-06-29 17:28:01.683] [info] Controller idle = 1
[2026-06-29 17:28:01.683] [info] Controller idle = 2
[2026-06-29 17:28:01.683] [info] Controller idle = 3
[2026-06-29 17:28:01.683] [info] Controller idle = 1
[2026-06-29 17:28:01.683] [info] Controller idle = 8
[2026-06-29 17:28:01.683] [info] Controller idle = 4
[2026-06-29 17:28:01.683] [info] Controller idle = 1
[2026-06-29 17:28:01.683] [info] Controller idle = 3
[2026-06-29 17:28:01.683] [info] Controller idle = 3
[2026-06-29 17:28:01.683] [info] Controller idle = 26
[2026-06-29 17:28:01.683] [info] Controller idle = 2
[2026-06-29 17:28:01.683] [info] Controller idle = 5
[2026-06-29 17:28:01.683] [info] Controller idle = 1
[2026-06-29 17:28:01.683] [info] Controller idle = 1
[2026-06-29 17:28:01.683] [info] Controller idle = 1
[2026-06-29 17:28:01.683] [info] Controller idle = 10
[2026-06-29 17:28:01.683] [info] Controller idle = 4986
[2026-06-29 17:28:01.683] [info] Controller idle = 5366
[2026-06-29 17:28:01.683] [info] Controller idle = 4
[2026-06-29 17:28:01.683] [info] Controller idle = 7
[2026-06-29 17:28:01.683] [info] Controller idle = 1
[2026-06-29 17:28:01.683] [info] Controller idle = 8
[2026-06-29 17:28:01.683] [info] Controller idle = 3
[2026-06-29 17:28:01.683] [info] Controller idle = 6
[2026-06-29 17:28:01.683] [info] Controller idle = 1
[2026-06-29 17:28:01.683] [info] Controller idle = 2
[2026-06-29 17:28:01.683] [info] Controller idle = 1
[2026-06-29 17:28:01.683] [info] Controller idle = 2
[2026-06-29 17:28:01.683] [info] Controller idle = 9
[2026-06-29 17:28:01.683] [info] Controller idle = 1
[2026-06-29 17:28:01.683] [info] Controller idle = 1
[2026-06-29 17:28:01.683] [info] Controller idle = 1
[2026-06-29 17:28:01.683] [info] Controller idle = 4
[2026-06-29 17:28:01.683] [info] Controller idle = 5392
[2026-06-29 17:28:01.683] [info] Controller idle = 3
[2026-06-29 17:28:01.683] [info] Controller idle = 12
[2026-06-29 17:28:01.683] [info] Controller idle = 3
[2026-06-29 17:28:01.683] [info] Controller idle = 3
[2026-06-29 17:28:01.683] [info] Controller idle = 4
[2026-06-29 17:28:01.683] [info] Controller idle = 4
[2026-06-29 17:28:01.683] [info] Controller idle = 1
[2026-06-29 17:28:01.683] [info] Controller idle = 2
[2026-06-29 17:28:01.683] [info] Controller idle = 1
[2026-06-29 17:28:01.683] [info] Controller idle = 1
[2026-06-29 17:28:01.683] [info] Controller idle = 3
[2026-06-29 17:28:01.683] [info] Controller idle = 3
[2026-06-29 17:28:01.683] [info] Controller idle = 4
[2026-06-29 17:28:01.683] [info] Controller idle = 8
[2026-06-29 17:28:01.683] [info] Controller idle = 8
[2026-06-29 17:28:01.683] [info] Controller idle = 5394
[2026-06-29 17:28:01.683] [info] Controller idle = 1
[2026-06-29 17:28:01.683] [info] Controller idle = 1
[2026-06-29 17:28:01.683] [info] Controller idle = 4
[2026-06-29 17:28:01.683] [info] Controller idle = 1
[2026-06-29 17:28:01.683] [info] Controller idle = 3
[2026-06-29 17:28:01.683] [info] Controller idle = 7
[2026-06-29 17:28:01.683] [info] Controller idle = 5
[2026-06-29 17:28:01.683] [info] Controller idle = 1
[2026-06-29 17:28:01.683] [info] Controller idle = 4
[2026-06-29 17:28:01.683] [info] Controller idle = 5
[2026-06-29 17:28:01.683] [info] Controller idle = 11
[2026-06-29 17:28:01.683] [info] Controller idle = 1
[2026-06-29 17:28:01.683] [info] Controller idle = 5
[2026-06-29 17:28:01.683] [info] Controller idle = 2
[2026-06-29 17:28:01.683] [info] Controller idle = 3
[2026-06-29 17:28:01.683] [info] Controller idle = 1
[2026-06-29 17:28:01.683] [info] Controller idle = 1
[2026-06-29 17:28:01.683] [info] Controller idle = 3
[2026-06-29 17:28:01.683] [info] Controller idle = 5395
[2026-06-29 17:28:01.683] [info] Controller idle = 5363
[2026-06-29 17:28:01.683] [info] Controller idle = 1
[2026-06-29 17:28:01.683] [info] Controller idle = 2
[2026-06-29 17:28:01.683] [info] Controller idle = 5
[2026-06-29 17:28:01.683] [info] Controller idle = 1
[2026-06-29 17:28:01.683] [info] Controller idle = 1
[2026-06-29 17:28:01.683] [info] Controller idle = 2
[2026-06-29 17:28:01.683] [info] Controller idle = 1
[2026-06-29 17:28:01.683] [info] Controller idle = 1
[2026-06-29 17:28:01.683] [info] Controller idle = 1
[2026-06-29 17:28:01.683] [info] Controller idle = 2
[2026-06-29 17:28:01.683] [info] Controller idle = 5422
[2026-06-29 17:28:01.683] [info] Controller idle = 1
[2026-06-29 17:28:01.683] [info] Controller idle = 2
[2026-06-29 17:28:01.683] [info] Controller idle = 4
[2026-06-29 17:28:01.683] [info] Controller idle = 6
[2026-06-29 17:28:01.683] [info] Controller idle = 4
[2026-06-29 17:28:01.683] [info] Controller idle = 2
[2026-06-29 17:28:01.683] [info] Controller idle = 2
[2026-06-29 17:28:01.683] [info] Controller idle = 8
[2026-06-29 17:28:01.683] [info] Controller idle = 5405
[2026-06-29 17:28:01.683] [info] Controller idle = 1
[2026-06-29 17:28:01.683] [info] Controller idle = 9
[2026-06-29 17:28:01.683] [info] Controller idle = 5
[2026-06-29 17:28:01.683] [info] Controller idle = 5
[2026-06-29 17:28:01.683] [info] Controller idle = 3
[2026-06-29 17:28:01.683] [info] Controller idle = 4
[2026-06-29 17:28:01.683] [info] Controller idle = 1
[2026-06-29 17:28:01.683] [info] Controller idle = 1
[2026-06-29 17:28:01.683] [info] Controller idle = 3
[2026-06-29 17:28:01.683] [info] Controller idle = 5015
[2026-06-29 17:28:01.683] [info] Controller idle = 5362
[2026-06-29 17:28:01.683] [info] Controller idle = 7
[2026-06-29 17:28:01.683] [info] Controller idle = 2
[2026-06-29 17:28:01.683] [info] Controller idle = 1
[2026-06-29 17:28:01.683] [info] Controller idle = 1
[2026-06-29 17:28:01.683] [info] Controller idle = 6
[2026-06-29 17:28:01.683] [info] Controller idle = 1
[2026-06-29 17:28:01.683] [info] Controller idle = 4
[2026-06-29 17:28:01.683] [info] Controller idle = 4
[2026-06-29 17:28:01.683] [info] Controller idle = 2
[2026-06-29 17:28:01.683] [info] Controller idle = 4
[2026-06-29 17:28:01.683] [info] Controller idle = 4
[2026-06-29 17:28:01.683] [info] Controller idle = 5403
[2026-06-29 17:28:01.683] [info] Controller idle = 1
[2026-06-29 17:28:01.683] [info] Controller idle = 8
[2026-06-29 17:28:01.683] [info] Controller idle = 4
[2026-06-29 17:28:01.683] [info] Controller idle = 1
[2026-06-29 17:28:01.683] [info] Controller idle = 1
[2026-06-29 17:28:01.683] [info] Controller idle = 1
[2026-06-29 17:28:01.683] [info] Controller idle = 1
[2026-06-29 17:28:01.683] [info] Controller idle = 1
[2026-06-29 17:28:01.683] [info] Controller idle = 3
[2026-06-29 17:28:01.684] [info] Controller idle = 1
[2026-06-29 17:28:01.684] [info] Controller idle = 1
[2026-06-29 17:28:01.684] [info] Controller idle = 1
[2026-06-29 17:28:01.684] [info] Controller idle = 5
[2026-06-29 17:28:01.684] [info] Controller idle = 5
[2026-06-29 17:28:01.684] [info] Controller idle = 1
[2026-06-29 17:28:01.684] [info] Controller idle = 3
[2026-06-29 17:28:01.684] [info] Controller idle = 5398
[2026-06-29 17:28:01.684] [info] Controller idle = 2
[2026-06-29 17:28:01.684] [info] Controller idle = 2
[2026-06-29 17:28:01.684] [info] Controller idle = 2
[2026-06-29 17:28:01.684] [info] Controller idle = 5
[2026-06-29 17:28:01.684] [info] Controller idle = 2
[2026-06-29 17:28:01.684] [info] Controller idle = 2
[2026-06-29 17:28:01.684] [info] Controller idle = 9
[2026-06-29 17:28:01.684] [info] Controller idle = 1
[2026-06-29 17:28:01.684] [info] Controller idle = 5399
[2026-06-29 17:28:01.684] [info] Controller idle = 5368
[2026-06-29 17:28:01.684] [info] Controller idle = 2
[2026-06-29 17:28:01.684] [info] Controller idle = 8
[2026-06-29 17:28:01.684] [info] Controller idle = 2
[2026-06-29 17:28:01.684] [info] Controller idle = 1
[2026-06-29 17:28:01.684] [info] Controller idle = 1
[2026-06-29 17:28:01.684] [info] Controller idle = 1
[2026-06-29 17:28:01.684] [info] Controller idle = 2
[2026-06-29 17:28:01.684] [info] Controller idle = 2
[2026-06-29 17:28:01.684] [info] Controller idle = 15
[2026-06-29 17:28:01.684] [info] Controller idle = 3
[2026-06-29 17:28:01.684] [info] Controller idle = 4
[2026-06-29 17:28:01.684] [info] Controller idle = 4
[2026-06-29 17:28:01.684] [info] Controller idle = 1
[2026-06-29 17:28:01.684] [info] Controller idle = 1
[2026-06-29 17:28:01.684] [info] Controller idle = 1
[2026-06-29 17:28:01.684] [info] Controller idle = 3
[2026-06-29 17:28:01.684] [info] Controller idle = 3
[2026-06-29 17:28:01.684] [info] Controller idle = 5398
[2026-06-29 17:28:01.684] [info] Controller idle = 1
[2026-06-29 17:28:01.684] [info] Controller idle = 3
[2026-06-29 17:28:01.684] [info] Controller idle = 2
[2026-06-29 17:28:01.684] [info] Controller idle = 7
[2026-06-29 17:28:01.684] [info] Controller idle = 5
[2026-06-29 17:28:01.684] [info] Controller idle = 8
[2026-06-29 17:28:01.684] [info] Controller idle = 1
[2026-06-29 17:28:01.684] [info] Controller idle = 5
[2026-06-29 17:28:01.684] [info] Controller idle = 11
[2026-06-29 17:28:01.684] [info] Controller idle = 2
[2026-06-29 17:28:01.684] [info] Controller idle = 1
[2026-06-29 17:28:01.684] [info] Controller idle = 4
[2026-06-29 17:28:01.684] [info] Controller idle = 3
[2026-06-29 17:28:01.684] [info] Controller idle = 5397
[2026-06-29 17:28:01.684] [info] Controller idle = 1
[2026-06-29 17:28:01.684] [info] Controller idle = 10
[2026-06-29 17:28:01.684] [info] Controller idle = 2
[2026-06-29 17:28:01.684] [info] Controller idle = 9
[2026-06-29 17:28:01.684] [info] Controller idle = 1
[2026-06-29 17:28:01.684] [info] Controller idle = 4841
[2026-06-29 17:28:01.684] [info] Controller idle = 88
[2026-06-29 17:28:01.684] [info] Controller idle = 94
[2026-06-29 17:28:01.684] [info] Controller idle = 5137
[2026-06-29 17:28:01.684] [info] Controller idle = 9
[2026-06-29 17:28:01.684] [info] Controller idle = 1
[2026-06-29 17:28:01.684] [info] Controller idle = 1
[2026-06-29 17:28:01.684] [info] Controller idle = 113
[2026-06-29 17:28:01.684] [info] Controller idle = 3
[2026-06-29 17:28:01.684] [info] Controller idle = 3
[2026-06-29 17:28:01.684] [info] Controller idle = 1
[2026-06-29 17:28:01.684] [info] Controller idle = 14
[2026-06-29 17:28:01.684] [info] Controller idle = 6
[2026-06-29 17:28:01.684] [info] Controller idle = 5
[2026-06-29 17:28:01.684] [info] Controller idle = 1
[2026-06-29 17:28:01.684] [info] Controller idle = 1
[2026-06-29 17:28:01.684] [info] Controller idle = 1
[2026-06-29 17:28:01.684] [info] Controller idle = 1
[2026-06-29 17:28:01.684] [info] Controller idle = 3
[2026-06-29 17:28:01.684] [info] Controller idle = 118
[2026-06-29 17:28:01.684] [info] Controller idle = 2
[2026-06-29 17:28:01.684] [info] Controller idle = 1
[2026-06-29 17:28:01.684] [info] Controller idle = 3
[2026-06-29 17:28:01.684] [info] Controller idle = 4
[2026-06-29 17:28:01.684] [info] Controller idle = 6
[2026-06-29 17:28:01.684] [info] Controller idle = 1
[2026-06-29 17:28:01.684] [info] Controller idle = 5156
[2026-06-29 17:28:01.684] [info] Controller idle = 10
[2026-06-29 17:28:01.684] [info] Controller idle = 24
[2026-06-29 17:28:01.684] [info] Controller idle = 89
[2026-06-29 17:28:01.684] [info] Controller idle = 4
[2026-06-29 17:28:01.684] [info] Controller idle = 1
[2026-06-29 17:28:01.684] [info] Controller idle = 2
[2026-06-29 17:28:01.684] [info] Controller idle = 1
[2026-06-29 17:28:01.684] [info] Controller idle = 4
[2026-06-29 17:28:01.684] [info] Controller idle = 2
[2026-06-29 17:28:01.684] [info] Controller idle = 1
[2026-06-29 17:28:01.684] [info] Controller idle = 7
[2026-06-29 17:28:01.684] [info] Controller idle = 6
[2026-06-29 17:28:01.684] [info] Controller idle = 9
[2026-06-29 17:28:01.684] [info] Controller idle = 2
[2026-06-29 17:28:01.684] [info] Controller idle = 123
[2026-06-29 17:28:01.684] [info] Controller idle = 2
[2026-06-29 17:28:01.684] [info] Controller idle = 5
[2026-06-29 17:28:01.684] [info] Controller idle = 1
[2026-06-29 17:28:01.684] [info] Controller idle = 5184
[2026-06-29 17:28:01.684] [info] Controller idle = 7
[2026-06-29 17:28:01.684] [info] Controller idle = 109
[2026-06-29 17:28:01.684] [info] Controller idle = 2
[2026-06-29 17:28:01.684] [info] Controller idle = 11
[2026-06-29 17:28:01.684] [info] Controller idle = 1
[2026-06-29 17:28:01.684] [info] Controller idle = 7
[2026-06-29 17:28:01.684] [info] Controller idle = 2
[2026-06-29 17:28:01.684] [info] Controller idle = 1
[2026-06-29 17:28:01.684] [info] Controller idle = 6
[2026-06-29 17:28:01.684] [info] Controller idle = 134
[2026-06-29 17:28:01.684] [info] Controller idle = 5
[2026-06-29 17:28:01.684] [info] Controller idle = 2
[2026-06-29 17:28:01.684] [info] Controller idle = 1
[2026-06-29 17:28:01.684] [info] Controller idle = 5154
[2026-06-29 17:28:01.684] [info] Controller idle = 93
[2026-06-29 17:28:01.684] [info] Controller idle = 99
[2026-06-29 17:28:01.684] [info] Controller idle = 1
[2026-06-29 17:28:01.684] [info] Controller idle = 1
[2026-06-29 17:28:01.684] [info] Controller idle = 5132
[2026-06-29 17:28:01.684] [info] Controller idle = 7
[2026-06-29 17:28:01.684] [info] Controller idle = 5
[2026-06-29 17:28:01.684] [info] Controller idle = 2
[2026-06-29 17:28:01.684] [info] Controller idle = 5
[2026-06-29 17:28:01.684] [info] Controller idle = 9
[2026-06-29 17:28:01.684] [info] Controller idle = 109
[2026-06-29 17:28:01.684] [info] Controller idle = 3
[2026-06-29 17:28:01.684] [info] Controller idle = 5
[2026-06-29 17:28:01.684] [info] Controller idle = 1
[2026-06-29 17:28:01.684] [info] Controller idle = 7
[2026-06-29 17:28:01.684] [info] Controller idle = 5
[2026-06-29 17:28:01.684] [info] Controller idle = 1
[2026-06-29 17:28:01.684] [info] Controller idle = 2
[2026-06-29 17:28:01.684] [info] Controller idle = 9
[2026-06-29 17:28:01.684] [info] Controller idle = 2
[2026-06-29 17:28:01.684] [info] Controller idle = 130
[2026-06-29 17:28:01.684] [info] Controller idle = 3
[2026-06-29 17:28:01.684] [info] Controller idle = 5
[2026-06-29 17:28:01.684] [info] Controller idle = 5164
[2026-06-29 17:28:01.684] [info] Controller idle = 3
[2026-06-29 17:28:01.684] [info] Controller idle = 2
[2026-06-29 17:28:01.684] [info] Controller idle = 2
[2026-06-29 17:28:01.684] [info] Controller idle = 113
[2026-06-29 17:28:01.684] [info] Controller idle = 11
[2026-06-29 17:28:01.684] [info] Controller idle = 7
[2026-06-29 17:28:01.684] [info] Controller idle = 1
[2026-06-29 17:28:01.684] [info] Controller idle = 2
[2026-06-29 17:28:01.684] [info] Controller idle = 5
[2026-06-29 17:28:01.684] [info] Controller idle = 4
[2026-06-29 17:28:01.684] [info] Controller idle = 3
[2026-06-29 17:28:01.684] [info] Controller idle = 129
[2026-06-29 17:28:01.684] [info] Controller idle = 1
[2026-06-29 17:28:01.684] [info] Controller idle = 4
[2026-06-29 17:28:01.684] [info] Controller idle = 3
[2026-06-29 17:28:01.684] [info] Controller idle = 5
[2026-06-29 17:28:01.684] [info] Controller idle = 17
[2026-06-29 17:28:01.684] [info] Controller idle = 5146
[2026-06-29 17:28:01.684] [info] Controller idle = 3
[2026-06-29 17:28:01.684] [info] Controller idle = 1
[2026-06-29 17:28:01.684] [info] Controller idle = 1
[2026-06-29 17:28:01.684] [info] Controller idle = 2
[2026-06-29 17:28:01.684] [info] Controller idle = 1
[2026-06-29 17:28:01.684] [info] Controller idle = 116
[2026-06-29 17:28:01.684] [info] Controller idle = 5
[2026-06-29 17:28:01.684] [info] Controller idle = 1
[2026-06-29 17:28:01.684] [info] Controller idle = 6
[2026-06-29 17:28:01.684] [info] Controller idle = 1
[2026-06-29 17:28:01.684] [info] Controller idle = 5
[2026-06-29 17:28:01.684] [info] Controller idle = 1
[2026-06-29 17:28:01.684] [info] Controller idle = 4
[2026-06-29 17:28:01.684] [info] Controller idle = 1
[2026-06-29 17:28:01.684] [info] Controller idle = 7
[2026-06-29 17:28:01.684] [info] Controller idle = 121
[2026-06-29 17:28:01.684] [info] Controller idle = 1
[2026-06-29 17:28:01.684] [info] Controller idle = 94
[2026-06-29 17:28:01.684] [info] Controller idle = 1057
[2026-06-29 17:28:01.684] [info] Controller idle = 27
[2026-06-29 17:28:01.684] [info] Controller idle = 10
MemorySystem:
  impl: GenericDRAM
  total_num_other_requests: 0
  total_num_write_requests: 77648
  total_num_read_requests: 55368
  memory_system_cycles: 2594267

  DRAM:
    impl: HBM2
    dram_commands: 206846
  AddrMapper:
    impl: RoBaRaCoCh
  Controller:
    impl: Generic
    id: Channel 0
    Scheduler:
      impl: FRFCFS
    RefreshManager:
      impl: AllBank



Frontend:
  impl: GEM5

[2026-06-29 17:28:01.684] [info] Row hits: 95430, Row misses: 972, Row conflicts: 36298
[2026-06-29 17:28:01.684] [info] Controller idle = 11
[2026-06-29 17:28:01.684] [info] Controller idle = 26661
[2026-06-29 17:28:01.684] [info] Controller idle = 25723
[2026-06-29 17:28:01.684] [info] Controller idle = 25736
[2026-06-29 17:28:01.684] [info] Controller idle = 25717
[2026-06-29 17:28:01.684] [info] Controller idle = 25728
[2026-06-29 17:28:01.684] [info] Controller idle = 25705
[2026-06-29 17:28:01.684] [info] Controller idle = 25718
[2026-06-29 17:28:01.684] [info] Controller idle = 25937
[2026-06-29 17:28:01.684] [info] Controller idle = 25772
[2026-06-29 17:28:01.684] [info] Controller idle = 231777
[2026-06-29 17:28:01.684] [info] Controller idle = 231784
[2026-06-29 17:28:01.684] [info] Controller idle = 231716
[2026-06-29 17:28:01.684] [info] Controller idle = 231625
[2026-06-29 17:28:01.684] [info] Controller idle = 231721
[2026-06-29 17:28:01.684] [info] Controller idle = 231837
[2026-06-29 17:28:01.684] [info] Controller idle = 232634
[2026-06-29 17:28:01.684] [info] Controller idle = 23201
[2026-06-29 17:28:01.684] [info] Controller idle = 8003
[2026-06-29 17:28:01.684] [info] Controller idle = 1
[2026-06-29 17:28:01.684] [info] Controller idle = 1
[2026-06-29 17:28:01.684] [info] Controller idle = 2
[2026-06-29 17:28:01.684] [info] Controller idle = 3
[2026-06-29 17:28:01.684] [info] Controller idle = 1
[2026-06-29 17:28:01.684] [info] Controller idle = 1
[2026-06-29 17:28:01.684] [info] Controller idle = 4
[2026-06-29 17:28:01.684] [info] Controller idle = 8
[2026-06-29 17:28:01.684] [info] Controller idle = 5
[2026-06-29 17:28:01.684] [info] Controller idle = 4
[2026-06-29 17:28:01.684] [info] Controller idle = 3
[2026-06-29 17:28:01.684] [info] Controller idle = 1
[2026-06-29 17:28:01.684] [info] Controller idle = 1
[2026-06-29 17:28:01.684] [info] Controller idle = 2
[2026-06-29 17:28:01.684] [info] Controller idle = 2
[2026-06-29 17:28:01.684] [info] Controller idle = 3
[2026-06-29 17:28:01.684] [info] Controller idle = 1
[2026-06-29 17:28:01.684] [info] Controller idle = 5
[2026-06-29 17:28:01.684] [info] Controller idle = 1
[2026-06-29 17:28:01.684] [info] Controller idle = 1
[2026-06-29 17:28:01.684] [info] Controller idle = 1
[2026-06-29 17:28:01.684] [info] Controller idle = 1
[2026-06-29 17:28:01.684] [info] Controller idle = 6
[2026-06-29 17:28:01.684] [info] Controller idle = 1
[2026-06-29 17:28:01.684] [info] Controller idle = 1
[2026-06-29 17:28:01.684] [info] Controller idle = 3
[2026-06-29 17:28:01.684] [info] Controller idle = 4
[2026-06-29 17:28:01.684] [info] Controller idle = 5
[2026-06-29 17:28:01.684] [info] Controller idle = 4
[2026-06-29 17:28:01.684] [info] Controller idle = 12
[2026-06-29 17:28:01.684] [info] Controller idle = 1
[2026-06-29 17:28:01.684] [info] Controller idle = 1
[2026-06-29 17:28:01.684] [info] Controller idle = 1
[2026-06-29 17:28:01.684] [info] Controller idle = 1
[2026-06-29 17:28:01.684] [info] Controller idle = 5
[2026-06-29 17:28:01.684] [info] Controller idle = 1
[2026-06-29 17:28:01.684] [info] Controller idle = 1
[2026-06-29 17:28:01.684] [info] Controller idle = 9
[2026-06-29 17:28:01.684] [info] Controller idle = 8
[2026-06-29 17:28:01.684] [info] Controller idle = 5
[2026-06-29 17:28:01.684] [info] Controller idle = 1
[2026-06-29 17:28:01.684] [info] Controller idle = 6
[2026-06-29 17:28:01.684] [info] Controller idle = 5
[2026-06-29 17:28:01.684] [info] Controller idle = 22
[2026-06-29 17:28:01.684] [info] Controller idle = 8
[2026-06-29 17:28:01.684] [info] Controller idle = 8
[2026-06-29 17:28:01.684] [info] Controller idle = 4
[2026-06-29 17:28:01.684] [info] Controller idle = 1
[2026-06-29 17:28:01.684] [info] Controller idle = 4
[2026-06-29 17:28:01.684] [info] Controller idle = 7
[2026-06-29 17:28:01.684] [info] Controller idle = 3
[2026-06-29 17:28:01.684] [info] Controller idle = 1
[2026-06-29 17:28:01.684] [info] Controller idle = 8
[2026-06-29 17:28:01.684] [info] Controller idle = 1
[2026-06-29 17:28:01.684] [info] Controller idle = 3
[2026-06-29 17:28:01.684] [info] Controller idle = 1
[2026-06-29 17:28:01.684] [info] Controller idle = 9
[2026-06-29 17:28:01.684] [info] Controller idle = 1
[2026-06-29 17:28:01.684] [info] Controller idle = 10
[2026-06-29 17:28:01.684] [info] Controller idle = 7
[2026-06-29 17:28:01.684] [info] Controller idle = 9
[2026-06-29 17:28:01.684] [info] Controller idle = 1
[2026-06-29 17:28:01.684] [info] Controller idle = 7
[2026-06-29 17:28:01.684] [info] Controller idle = 1
[2026-06-29 17:28:01.684] [info] Controller idle = 1
[2026-06-29 17:28:01.684] [info] Controller idle = 21515
[2026-06-29 17:28:01.684] [info] Controller idle = 8013
[2026-06-29 17:28:01.684] [info] Controller idle = 1
[2026-06-29 17:28:01.684] [info] Controller idle = 10
[2026-06-29 17:28:01.684] [info] Controller idle = 1
[2026-06-29 17:28:01.684] [info] Controller idle = 4
[2026-06-29 17:28:01.684] [info] Controller idle = 2
[2026-06-29 17:28:01.684] [info] Controller idle = 1
[2026-06-29 17:28:01.684] [info] Controller idle = 2
[2026-06-29 17:28:01.684] [info] Controller idle = 1
[2026-06-29 17:28:01.684] [info] Controller idle = 8
[2026-06-29 17:28:01.684] [info] Controller idle = 3
[2026-06-29 17:28:01.684] [info] Controller idle = 1
[2026-06-29 17:28:01.684] [info] Controller idle = 1
[2026-06-29 17:28:01.684] [info] Controller idle = 2
[2026-06-29 17:28:01.684] [info] Controller idle = 1
[2026-06-29 17:28:01.684] [info] Controller idle = 34178
[2026-06-29 17:28:01.684] [info] Controller idle = 29270
[2026-06-29 17:28:01.684] [info] Controller idle = 4
[2026-06-29 17:28:01.684] [info] Controller idle = 1
[2026-06-29 17:28:01.684] [info] Controller idle = 1
[2026-06-29 17:28:01.684] [info] Controller idle = 1
[2026-06-29 17:28:01.684] [info] Controller idle = 33390
[2026-06-29 17:28:01.684] [info] Controller idle = 2
[2026-06-29 17:28:01.684] [info] Controller idle = 1
[2026-06-29 17:28:01.684] [info] Controller idle = 9
[2026-06-29 17:28:01.684] [info] Controller idle = 3
[2026-06-29 17:28:01.684] [info] Controller idle = 1
[2026-06-29 17:28:01.684] [info] Controller idle = 1
[2026-06-29 17:28:01.684] [info] Controller idle = 1
[2026-06-29 17:28:01.684] [info] Controller idle = 4
[2026-06-29 17:28:01.684] [info] Controller idle = 5
[2026-06-29 17:28:01.684] [info] Controller idle = 2
[2026-06-29 17:28:01.684] [info] Controller idle = 5
[2026-06-29 17:28:01.684] [info] Controller idle = 13
[2026-06-29 17:28:01.684] [info] Controller idle = 1
[2026-06-29 17:28:01.684] [info] Controller idle = 4
[2026-06-29 17:28:01.684] [info] Controller idle = 3
[2026-06-29 17:28:01.684] [info] Controller idle = 5
[2026-06-29 17:28:01.684] [info] Controller idle = 4
[2026-06-29 17:28:01.684] [info] Controller idle = 2
[2026-06-29 17:28:01.684] [info] Controller idle = 1
[2026-06-29 17:28:01.684] [info] Controller idle = 1
[2026-06-29 17:28:01.684] [info] Controller idle = 1
[2026-06-29 17:28:01.684] [info] Controller idle = 25
[2026-06-29 17:28:01.684] [info] Controller idle = 8
[2026-06-29 17:28:01.684] [info] Controller idle = 2
[2026-06-29 17:28:01.684] [info] Controller idle = 1
[2026-06-29 17:28:01.684] [info] Controller idle = 1
[2026-06-29 17:28:01.684] [info] Controller idle = 1
[2026-06-29 17:28:01.684] [info] Controller idle = 2
[2026-06-29 17:28:01.684] [info] Controller idle = 7
[2026-06-29 17:28:01.684] [info] Controller idle = 4
[2026-06-29 17:28:01.684] [info] Controller idle = 7
[2026-06-29 17:28:01.684] [info] Controller idle = 29653
[2026-06-29 17:28:01.684] [info] Controller idle = 1
[2026-06-29 17:28:01.684] [info] Controller idle = 1
[2026-06-29 17:28:01.684] [info] Controller idle = 1
[2026-06-29 17:28:01.684] [info] Controller idle = 1
[2026-06-29 17:28:01.684] [info] Controller idle = 5
[2026-06-29 17:28:01.684] [info] Controller idle = 8
[2026-06-29 17:28:01.684] [info] Controller idle = 32651
[2026-06-29 17:28:01.684] [info] Controller idle = 1
[2026-06-29 17:28:01.684] [info] Controller idle = 19
[2026-06-29 17:28:01.684] [info] Controller idle = 1
[2026-06-29 17:28:01.684] [info] Controller idle = 29168
[2026-06-29 17:28:01.684] [info] Controller idle = 1
[2026-06-29 17:28:01.684] [info] Controller idle = 1
[2026-06-29 17:28:01.684] [info] Controller idle = 4
[2026-06-29 17:28:01.684] [info] Controller idle = 3
[2026-06-29 17:28:01.684] [info] Controller idle = 9063
[2026-06-29 17:28:01.684] [info] Controller idle = 6
[2026-06-29 17:28:01.684] [info] Controller idle = 2
[2026-06-29 17:28:01.684] [info] Controller idle = 3
[2026-06-29 17:28:01.684] [info] Controller idle = 9
[2026-06-29 17:28:01.685] [info] Controller idle = 1
[2026-06-29 17:28:01.685] [info] Controller idle = 1
[2026-06-29 17:28:01.685] [info] Controller idle = 1
[2026-06-29 17:28:01.685] [info] Controller idle = 1
[2026-06-29 17:28:01.685] [info] Controller idle = 10
[2026-06-29 17:28:01.685] [info] Controller idle = 1
[2026-06-29 17:28:01.685] [info] Controller idle = 20
[2026-06-29 17:28:01.685] [info] Controller idle = 8
[2026-06-29 17:28:01.685] [info] Controller idle = 6
[2026-06-29 17:28:01.685] [info] Controller idle = 1
[2026-06-29 17:28:01.685] [info] Controller idle = 6393
[2026-06-29 17:28:01.685] [info] Controller idle = 1489
[2026-06-29 17:28:01.685] [info] Controller idle = 4
[2026-06-29 17:28:01.685] [info] Controller idle = 2
[2026-06-29 17:28:01.685] [info] Controller idle = 3
[2026-06-29 17:28:01.685] [info] Controller idle = 2
[2026-06-29 17:28:01.685] [info] Controller idle = 1
[2026-06-29 17:28:01.685] [info] Controller idle = 9129
[2026-06-29 17:28:01.685] [info] Controller idle = 6
[2026-06-29 17:28:01.685] [info] Controller idle = 1
[2026-06-29 17:28:01.685] [info] Controller idle = 1
[2026-06-29 17:28:01.685] [info] Controller idle = 1
[2026-06-29 17:28:01.685] [info] Controller idle = 7
[2026-06-29 17:28:01.685] [info] Controller idle = 2
[2026-06-29 17:28:01.685] [info] Controller idle = 1
[2026-06-29 17:28:01.685] [info] Controller idle = 2
[2026-06-29 17:28:01.685] [info] Controller idle = 8
[2026-06-29 17:28:01.685] [info] Controller idle = 15
[2026-06-29 17:28:01.685] [info] Controller idle = 5
[2026-06-29 17:28:01.685] [info] Controller idle = 4
[2026-06-29 17:28:01.685] [info] Controller idle = 1
[2026-06-29 17:28:01.685] [info] Controller idle = 6414
[2026-06-29 17:28:01.685] [info] Controller idle = 9117
[2026-06-29 17:28:01.685] [info] Controller idle = 1
[2026-06-29 17:28:01.685] [info] Controller idle = 3
[2026-06-29 17:28:01.685] [info] Controller idle = 2
[2026-06-29 17:28:01.685] [info] Controller idle = 1
[2026-06-29 17:28:01.685] [info] Controller idle = 1
[2026-06-29 17:28:01.685] [info] Controller idle = 1
[2026-06-29 17:28:01.685] [info] Controller idle = 1
[2026-06-29 17:28:01.685] [info] Controller idle = 1
[2026-06-29 17:28:01.685] [info] Controller idle = 1
[2026-06-29 17:28:01.685] [info] Controller idle = 2
[2026-06-29 17:28:01.685] [info] Controller idle = 1
[2026-06-29 17:28:01.685] [info] Controller idle = 1
[2026-06-29 17:28:01.685] [info] Controller idle = 2
[2026-06-29 17:28:01.685] [info] Controller idle = 6390
[2026-06-29 17:28:01.685] [info] Controller idle = 1
[2026-06-29 17:28:01.685] [info] Controller idle = 9149
[2026-06-29 17:28:01.685] [info] Controller idle = 2
[2026-06-29 17:28:01.685] [info] Controller idle = 1
[2026-06-29 17:28:01.685] [info] Controller idle = 3
[2026-06-29 17:28:01.685] [info] Controller idle = 3
[2026-06-29 17:28:01.685] [info] Controller idle = 5
[2026-06-29 17:28:01.685] [info] Controller idle = 5
[2026-06-29 17:28:01.685] [info] Controller idle = 5
[2026-06-29 17:28:01.685] [info] Controller idle = 2
[2026-06-29 17:28:01.685] [info] Controller idle = 1
[2026-06-29 17:28:01.685] [info] Controller idle = 1
[2026-06-29 17:28:01.685] [info] Controller idle = 1
[2026-06-29 17:28:01.685] [info] Controller idle = 6467
[2026-06-29 17:28:01.685] [info] Controller idle = 2667
[2026-06-29 17:28:01.685] [info] Controller idle = 1545
[2026-06-29 17:28:01.685] [info] Controller idle = 3
[2026-06-29 17:28:01.685] [info] Controller idle = 1
[2026-06-29 17:28:01.685] [info] Controller idle = 3
[2026-06-29 17:28:01.685] [info] Controller idle = 2
[2026-06-29 17:28:01.685] [info] Controller idle = 1561
[2026-06-29 17:28:01.685] [info] Controller idle = 1564
[2026-06-29 17:28:01.685] [info] Controller idle = 2
[2026-06-29 17:28:01.685] [info] Controller idle = 1
[2026-06-29 17:28:01.685] [info] Controller idle = 3
[2026-06-29 17:28:01.685] [info] Controller idle = 8
[2026-06-29 17:28:01.685] [info] Controller idle = 656
[2026-06-29 17:28:01.685] [info] Controller idle = 4876
[2026-06-29 17:28:01.685] [info] Controller idle = 3679
[2026-06-29 17:28:01.685] [info] Controller idle = 3692
[2026-06-29 17:28:01.685] [info] Controller idle = 3674
[2026-06-29 17:28:01.685] [info] Controller idle = 3958
[2026-06-29 17:28:01.685] [info] Controller idle = 3678
[2026-06-29 17:28:01.685] [info] Controller idle = 3687
[2026-06-29 17:28:01.685] [info] Controller idle = 3693
[2026-06-29 17:28:01.685] [info] Controller idle = 1
[2026-06-29 17:28:01.685] [info] Controller idle = 4196
[2026-06-29 17:28:01.685] [info] Controller idle = 3676
[2026-06-29 17:28:01.685] [info] Controller idle = 2
[2026-06-29 17:28:01.685] [info] Controller idle = 1
[2026-06-29 17:28:01.685] [info] Controller idle = 5
[2026-06-29 17:28:01.685] [info] Controller idle = 3698
[2026-06-29 17:28:01.685] [info] Controller idle = 5
[2026-06-29 17:28:01.685] [info] Controller idle = 3665
[2026-06-29 17:28:01.685] [info] Controller idle = 2785
[2026-06-29 17:28:01.685] [info] Controller idle = 63
[2026-06-29 17:28:01.685] [info] Controller idle = 70
[2026-06-29 17:28:01.685] [info] Controller idle = 2411
[2026-06-29 17:28:01.685] [info] Controller idle = 9
[2026-06-29 17:28:01.685] [info] Controller idle = 4
[2026-06-29 17:28:01.685] [info] Controller idle = 9
[2026-06-29 17:28:01.685] [info] Controller idle = 83
[2026-06-29 17:28:01.685] [info] Controller idle = 5
[2026-06-29 17:28:01.685] [info] Controller idle = 1
[2026-06-29 17:28:01.685] [info] Controller idle = 4
[2026-06-29 17:28:01.685] [info] Controller idle = 3
[2026-06-29 17:28:01.685] [info] Controller idle = 1
[2026-06-29 17:28:01.685] [info] Controller idle = 1
[2026-06-29 17:28:01.685] [info] Controller idle = 98
[2026-06-29 17:28:01.685] [info] Controller idle = 2
[2026-06-29 17:28:01.685] [info] Controller idle = 1
[2026-06-29 17:28:01.685] [info] Controller idle = 25
[2026-06-29 17:28:01.685] [info] Controller idle = 1
[2026-06-29 17:28:01.685] [info] Controller idle = 12
[2026-06-29 17:28:01.685] [info] Controller idle = 2444
[2026-06-29 17:28:01.685] [info] Controller idle = 1
[2026-06-29 17:28:01.685] [info] Controller idle = 11
[2026-06-29 17:28:01.685] [info] Controller idle = 3
[2026-06-29 17:28:01.685] [info] Controller idle = 2
[2026-06-29 17:28:01.685] [info] Controller idle = 82
[2026-06-29 17:28:01.685] [info] Controller idle = 2
[2026-06-29 17:28:01.685] [info] Controller idle = 10
[2026-06-29 17:28:01.685] [info] Controller idle = 2
[2026-06-29 17:28:01.685] [info] Controller idle = 1
[2026-06-29 17:28:01.685] [info] Controller idle = 102
[2026-06-29 17:28:01.685] [info] Controller idle = 5
[2026-06-29 17:28:01.685] [info] Controller idle = 1
[2026-06-29 17:28:01.685] [info] Controller idle = 7
[2026-06-29 17:28:01.685] [info] Controller idle = 16
[2026-06-29 17:28:01.685] [info] Controller idle = 8
[2026-06-29 17:28:01.685] [info] Controller idle = 5
[2026-06-29 17:28:01.685] [info] Controller idle = 3
[2026-06-29 17:28:01.685] [info] Controller idle = 2435
[2026-06-29 17:28:01.685] [info] Controller idle = 2
[2026-06-29 17:28:01.685] [info] Controller idle = 3
[2026-06-29 17:28:01.685] [info] Controller idle = 7
[2026-06-29 17:28:01.685] [info] Controller idle = 2
[2026-06-29 17:28:01.685] [info] Controller idle = 2
[2026-06-29 17:28:01.685] [info] Controller idle = 1
[2026-06-29 17:28:01.685] [info] Controller idle = 2
[2026-06-29 17:28:01.685] [info] Controller idle = 92
[2026-06-29 17:28:01.685] [info] Controller idle = 1
[2026-06-29 17:28:01.685] [info] Controller idle = 6
[2026-06-29 17:28:01.685] [info] Controller idle = 1
[2026-06-29 17:28:01.685] [info] Controller idle = 105
[2026-06-29 17:28:01.685] [info] Controller idle = 5
[2026-06-29 17:28:01.685] [info] Controller idle = 2
[2026-06-29 17:28:01.685] [info] Controller idle = 5
[2026-06-29 17:28:01.685] [info] Controller idle = 7
[2026-06-29 17:28:01.685] [info] Controller idle = 1
[2026-06-29 17:28:01.685] [info] Controller idle = 23
[2026-06-29 17:28:01.685] [info] Controller idle = 2
[2026-06-29 17:28:01.685] [info] Controller idle = 4
[2026-06-29 17:28:01.685] [info] Controller idle = 1
[2026-06-29 17:28:01.685] [info] Controller idle = 2
[2026-06-29 17:28:01.685] [info] Controller idle = 1
[2026-06-29 17:28:01.685] [info] Controller idle = 1
[2026-06-29 17:28:01.685] [info] Controller idle = 2434
[2026-06-29 17:28:01.685] [info] Controller idle = 54
[2026-06-29 17:28:01.685] [info] Controller idle = 69
[2026-06-29 17:28:01.685] [info] Controller idle = 2413
[2026-06-29 17:28:01.685] [info] Controller idle = 1
[2026-06-29 17:28:01.685] [info] Controller idle = 2
[2026-06-29 17:28:01.685] [info] Controller idle = 1
[2026-06-29 17:28:01.685] [info] Controller idle = 107
[2026-06-29 17:28:01.685] [info] Controller idle = 8
[2026-06-29 17:28:01.685] [info] Controller idle = 2
[2026-06-29 17:28:01.685] [info] Controller idle = 4
[2026-06-29 17:28:01.685] [info] Controller idle = 1
[2026-06-29 17:28:01.685] [info] Controller idle = 1
[2026-06-29 17:28:01.685] [info] Controller idle = 94
[2026-06-29 17:28:01.685] [info] Controller idle = 2
[2026-06-29 17:28:01.685] [info] Controller idle = 1
[2026-06-29 17:28:01.685] [info] Controller idle = 4
[2026-06-29 17:28:01.685] [info] Controller idle = 26
[2026-06-29 17:28:01.685] [info] Controller idle = 1
[2026-06-29 17:28:01.685] [info] Controller idle = 1
[2026-06-29 17:28:01.685] [info] Controller idle = 8
[2026-06-29 17:28:01.685] [info] Controller idle = 1
[2026-06-29 17:28:01.685] [info] Controller idle = 1
[2026-06-29 17:28:01.685] [info] Controller idle = 3
[2026-06-29 17:28:01.685] [info] Controller idle = 2436
[2026-06-29 17:28:01.685] [info] Controller idle = 1
[2026-06-29 17:28:01.685] [info] Controller idle = 1
[2026-06-29 17:28:01.685] [info] Controller idle = 1
[2026-06-29 17:28:01.685] [info] Controller idle = 91
[2026-06-29 17:28:01.685] [info] Controller idle = 4
[2026-06-29 17:28:01.685] [info] Controller idle = 3
[2026-06-29 17:28:01.685] [info] Controller idle = 1
[2026-06-29 17:28:01.685] [info] Controller idle = 1
[2026-06-29 17:28:01.685] [info] Controller idle = 5
[2026-06-29 17:28:01.685] [info] Controller idle = 94
[2026-06-29 17:28:01.685] [info] Controller idle = 11
[2026-06-29 17:28:01.685] [info] Controller idle = 3
[2026-06-29 17:28:01.685] [info] Controller idle = 5
[2026-06-29 17:28:01.685] [info] Controller idle = 1
[2026-06-29 17:28:01.685] [info] Controller idle = 4
[2026-06-29 17:28:01.685] [info] Controller idle = 12
[2026-06-29 17:28:01.685] [info] Controller idle = 3
[2026-06-29 17:28:01.685] [info] Controller idle = 2
[2026-06-29 17:28:01.685] [info] Controller idle = 1
[2026-06-29 17:28:01.685] [info] Controller idle = 5
[2026-06-29 17:28:01.685] [info] Controller idle = 1
[2026-06-29 17:28:01.685] [info] Controller idle = 2447
[2026-06-29 17:28:01.685] [info] Controller idle = 6
[2026-06-29 17:28:01.685] [info] Controller idle = 1
[2026-06-29 17:28:01.685] [info] Controller idle = 86
[2026-06-29 17:28:01.685] [info] Controller idle = 4
[2026-06-29 17:28:01.685] [info] Controller idle = 12
[2026-06-29 17:28:01.685] [info] Controller idle = 3
[2026-06-29 17:28:01.685] [info] Controller idle = 1
[2026-06-29 17:28:01.685] [info] Controller idle = 95
[2026-06-29 17:28:01.685] [info] Controller idle = 11
[2026-06-29 17:28:01.685] [info] Controller idle = 7
[2026-06-29 17:28:01.685] [info] Controller idle = 11
[2026-06-29 17:28:01.685] [info] Controller idle = 1
[2026-06-29 17:28:01.685] [info] Controller idle = 1
[2026-06-29 17:28:01.685] [info] Controller idle = 576
[2026-06-29 17:28:01.685] [info] Controller idle = 110
[2026-06-29 17:28:01.685] [info] Controller idle = 1
[2026-06-29 17:28:01.685] [info] Controller idle = 2
[2026-06-29 17:28:01.685] [info] Controller idle = 10
[2026-06-29 17:28:01.685] [info] Controller idle = 6
[2026-06-29 17:28:01.685] [info] Controller idle = 1
[2026-06-29 17:28:01.685] [info] Controller idle = 2
[2026-06-29 17:28:01.685] [info] Controller idle = 2
[2026-06-29 17:28:01.685] [info] Controller idle = 2
[2026-06-29 17:28:01.685] [info] Controller idle = 2
[2026-06-29 17:28:01.685] [info] Controller idle = 5
[2026-06-29 17:28:01.685] [info] Controller idle = 1
[2026-06-29 17:28:01.685] [info] Controller idle = 34
[2026-06-29 17:28:01.685] [info] Controller idle = 3
[2026-06-29 17:28:01.685] [info] Controller idle = 2
[2026-06-29 17:28:01.685] [info] Controller idle = 2
[2026-06-29 17:28:01.685] [info] Controller idle = 1
[2026-06-29 17:28:01.685] [info] Controller idle = 14
[2026-06-29 17:28:01.685] [info] Controller idle = 1
[2026-06-29 17:28:01.685] [info] Controller idle = 2
[2026-06-29 17:28:01.685] [info] Controller idle = 3
[2026-06-29 17:28:01.685] [info] Controller idle = 5
[2026-06-29 17:28:01.685] [info] Controller idle = 1
[2026-06-29 17:28:01.685] [info] Controller idle = 1
[2026-06-29 17:28:01.685] [info] Controller idle = 8
[2026-06-29 17:28:01.685] [info] Controller idle = 129
[2026-06-29 17:28:01.685] [info] Controller idle = 6
[2026-06-29 17:28:01.685] [info] Controller idle = 11
[2026-06-29 17:28:01.685] [info] Controller idle = 5
[2026-06-29 17:28:01.685] [info] Controller idle = 2
[2026-06-29 17:28:01.685] [info] Controller idle = 6
[2026-06-29 17:28:01.685] [info] Controller idle = 11
[2026-06-29 17:28:01.685] [info] Controller idle = 14
[2026-06-29 17:28:01.685] [info] Controller idle = 12
[2026-06-29 17:28:01.685] [info] Controller idle = 1
[2026-06-29 17:28:01.685] [info] Controller idle = 2
[2026-06-29 17:28:01.685] [info] Controller idle = 11
[2026-06-29 17:28:01.685] [info] Controller idle = 2
[2026-06-29 17:28:01.685] [info] Controller idle = 2
[2026-06-29 17:28:01.685] [info] Controller idle = 5
[2026-06-29 17:28:01.685] [info] Controller idle = 10
[2026-06-29 17:28:01.685] [info] Controller idle = 11
[2026-06-29 17:28:01.685] [info] Controller idle = 4
[2026-06-29 17:28:01.685] [info] Controller idle = 5
[2026-06-29 17:28:01.685] [info] Controller idle = 1
[2026-06-29 17:28:01.685] [info] Controller idle = 1
[2026-06-29 17:28:01.685] [info] Controller idle = 5
[2026-06-29 17:28:01.685] [info] Controller idle = 126
[2026-06-29 17:28:01.685] [info] Controller idle = 8
[2026-06-29 17:28:01.685] [info] Controller idle = 12
[2026-06-29 17:28:01.685] [info] Controller idle = 1
[2026-06-29 17:28:01.685] [info] Controller idle = 1
[2026-06-29 17:28:01.685] [info] Controller idle = 1
[2026-06-29 17:28:01.685] [info] Controller idle = 8
[2026-06-29 17:28:01.685] [info] Controller idle = 2
[2026-06-29 17:28:01.685] [info] Controller idle = 2
[2026-06-29 17:28:01.685] [info] Controller idle = 1
[2026-06-29 17:28:01.685] [info] Controller idle = 31
[2026-06-29 17:28:01.685] [info] Controller idle = 10
[2026-06-29 17:28:01.685] [info] Controller idle = 4
[2026-06-29 17:28:01.685] [info] Controller idle = 4
[2026-06-29 17:28:01.685] [info] Controller idle = 1
[2026-06-29 17:28:01.685] [info] Controller idle = 5
[2026-06-29 17:28:01.685] [info] Controller idle = 9
[2026-06-29 17:28:01.685] [info] Controller idle = 1
[2026-06-29 17:28:01.685] [info] Controller idle = 2
[2026-06-29 17:28:01.685] [info] Controller idle = 131
[2026-06-29 17:28:01.685] [info] Controller idle = 101
[2026-06-29 17:28:01.685] [info] Controller idle = 1
[2026-06-29 17:28:01.685] [info] Controller idle = 1
[2026-06-29 17:28:01.685] [info] Controller idle = 7
[2026-06-29 17:28:01.685] [info] Controller idle = 1
[2026-06-29 17:28:01.685] [info] Controller idle = 4
[2026-06-29 17:28:01.685] [info] Controller idle = 39
[2026-06-29 17:28:01.685] [info] Controller idle = 1
[2026-06-29 17:28:01.685] [info] Controller idle = 2
[2026-06-29 17:28:01.685] [info] Controller idle = 8
[2026-06-29 17:28:01.685] [info] Controller idle = 1
[2026-06-29 17:28:01.685] [info] Controller idle = 7
[2026-06-29 17:28:01.685] [info] Controller idle = 16
[2026-06-29 17:28:01.685] [info] Controller idle = 11
[2026-06-29 17:28:01.685] [info] Controller idle = 1
[2026-06-29 17:28:01.685] [info] Controller idle = 1
[2026-06-29 17:28:01.685] [info] Controller idle = 6
[2026-06-29 17:28:01.685] [info] Controller idle = 2
[2026-06-29 17:28:01.685] [info] Controller idle = 1
[2026-06-29 17:28:01.685] [info] Controller idle = 1
[2026-06-29 17:28:01.685] [info] Controller idle = 124
[2026-06-29 17:28:01.685] [info] Controller idle = 11
[2026-06-29 17:28:01.685] [info] Controller idle = 14
[2026-06-29 17:28:01.685] [info] Controller idle = 3
[2026-06-29 17:28:01.685] [info] Controller idle = 4
[2026-06-29 17:28:01.685] [info] Controller idle = 5
[2026-06-29 17:28:01.685] [info] Controller idle = 37
[2026-06-29 17:28:01.685] [info] Controller idle = 8
[2026-06-29 17:28:01.685] [info] Controller idle = 4
[2026-06-29 17:28:01.685] [info] Controller idle = 4
[2026-06-29 17:28:01.685] [info] Controller idle = 1
[2026-06-29 17:28:01.685] [info] Controller idle = 9
[2026-06-29 17:28:01.685] [info] Controller idle = 5
[2026-06-29 17:28:01.685] [info] Controller idle = 146
[2026-06-29 17:28:01.685] [info] Controller idle = 2
[2026-06-29 17:28:01.685] [info] Controller idle = 10
[2026-06-29 17:28:01.685] [info] Controller idle = 9
[2026-06-29 17:28:01.685] [info] Controller idle = 1
[2026-06-29 17:28:01.685] [info] Controller idle = 2
[2026-06-29 17:28:01.685] [info] Controller idle = 1
[2026-06-29 17:28:01.685] [info] Controller idle = 34
[2026-06-29 17:28:01.685] [info] Controller idle = 9
[2026-06-29 17:28:01.685] [info] Controller idle = 5
[2026-06-29 17:28:01.685] [info] Controller idle = 1
[2026-06-29 17:28:01.685] [info] Controller idle = 8
[2026-06-29 17:28:01.685] [info] Controller idle = 4992
[2026-06-29 17:28:01.685] [info] Controller idle = 5369
[2026-06-29 17:28:01.685] [info] Controller idle = 4
[2026-06-29 17:28:01.685] [info] Controller idle = 1
[2026-06-29 17:28:01.685] [info] Controller idle = 13
[2026-06-29 17:28:01.685] [info] Controller idle = 3
[2026-06-29 17:28:01.685] [info] Controller idle = 1
[2026-06-29 17:28:01.685] [info] Controller idle = 2
[2026-06-29 17:28:01.685] [info] Controller idle = 5401
[2026-06-29 17:28:01.685] [info] Controller idle = 1
[2026-06-29 17:28:01.685] [info] Controller idle = 3
[2026-06-29 17:28:01.685] [info] Controller idle = 16
[2026-06-29 17:28:01.685] [info] Controller idle = 2
[2026-06-29 17:28:01.685] [info] Controller idle = 1
[2026-06-29 17:28:01.685] [info] Controller idle = 9
[2026-06-29 17:28:01.685] [info] Controller idle = 1
[2026-06-29 17:28:01.685] [info] Controller idle = 1
[2026-06-29 17:28:01.685] [info] Controller idle = 1
[2026-06-29 17:28:01.685] [info] Controller idle = 2
[2026-06-29 17:28:01.685] [info] Controller idle = 1
[2026-06-29 17:28:01.685] [info] Controller idle = 9
[2026-06-29 17:28:01.685] [info] Controller idle = 1
[2026-06-29 17:28:01.685] [info] Controller idle = 1
[2026-06-29 17:28:01.685] [info] Controller idle = 5385
[2026-06-29 17:28:01.685] [info] Controller idle = 1
[2026-06-29 17:28:01.685] [info] Controller idle = 1
[2026-06-29 17:28:01.685] [info] Controller idle = 4
[2026-06-29 17:28:01.685] [info] Controller idle = 2
[2026-06-29 17:28:01.685] [info] Controller idle = 2
[2026-06-29 17:28:01.685] [info] Controller idle = 12
[2026-06-29 17:28:01.685] [info] Controller idle = 11
[2026-06-29 17:28:01.685] [info] Controller idle = 3
[2026-06-29 17:28:01.686] [info] Controller idle = 11
[2026-06-29 17:28:01.686] [info] Controller idle = 1
[2026-06-29 17:28:01.686] [info] Controller idle = 5397
[2026-06-29 17:28:01.686] [info] Controller idle = 5368
[2026-06-29 17:28:01.686] [info] Controller idle = 1
[2026-06-29 17:28:01.686] [info] Controller idle = 10
[2026-06-29 17:28:01.686] [info] Controller idle = 1
[2026-06-29 17:28:01.686] [info] Controller idle = 2
[2026-06-29 17:28:01.686] [info] Controller idle = 3
[2026-06-29 17:28:01.686] [info] Controller idle = 1
[2026-06-29 17:28:01.686] [info] Controller idle = 5
[2026-06-29 17:28:01.686] [info] Controller idle = 1
[2026-06-29 17:28:01.686] [info] Controller idle = 3
[2026-06-29 17:28:01.686] [info] Controller idle = 5
[2026-06-29 17:28:01.686] [info] Controller idle = 1
[2026-06-29 17:28:01.686] [info] Controller idle = 1
[2026-06-29 17:28:01.686] [info] Controller idle = 9
[2026-06-29 17:28:01.686] [info] Controller idle = 5406
[2026-06-29 17:28:01.686] [info] Controller idle = 8
[2026-06-29 17:28:01.686] [info] Controller idle = 4
[2026-06-29 17:28:01.686] [info] Controller idle = 1
[2026-06-29 17:28:01.686] [info] Controller idle = 2
[2026-06-29 17:28:01.686] [info] Controller idle = 1
[2026-06-29 17:28:01.686] [info] Controller idle = 1
[2026-06-29 17:28:01.686] [info] Controller idle = 3
[2026-06-29 17:28:01.686] [info] Controller idle = 1
[2026-06-29 17:28:01.686] [info] Controller idle = 1
[2026-06-29 17:28:01.686] [info] Controller idle = 10
[2026-06-29 17:28:01.686] [info] Controller idle = 5
[2026-06-29 17:28:01.686] [info] Controller idle = 5400
[2026-06-29 17:28:01.686] [info] Controller idle = 2
[2026-06-29 17:28:01.686] [info] Controller idle = 4
[2026-06-29 17:28:01.686] [info] Controller idle = 1
[2026-06-29 17:28:01.686] [info] Controller idle = 2
[2026-06-29 17:28:01.686] [info] Controller idle = 3
[2026-06-29 17:28:01.686] [info] Controller idle = 2
[2026-06-29 17:28:01.686] [info] Controller idle = 4
[2026-06-29 17:28:01.686] [info] Controller idle = 1
[2026-06-29 17:28:01.686] [info] Controller idle = 1
[2026-06-29 17:28:01.686] [info] Controller idle = 4
[2026-06-29 17:28:01.686] [info] Controller idle = 5031
[2026-06-29 17:28:01.686] [info] Controller idle = 5357
[2026-06-29 17:28:01.686] [info] Controller idle = 1
[2026-06-29 17:28:01.686] [info] Controller idle = 7
[2026-06-29 17:28:01.686] [info] Controller idle = 5
[2026-06-29 17:28:01.686] [info] Controller idle = 3
[2026-06-29 17:28:01.686] [info] Controller idle = 6
[2026-06-29 17:28:01.686] [info] Controller idle = 2
[2026-06-29 17:28:01.686] [info] Controller idle = 1
[2026-06-29 17:28:01.686] [info] Controller idle = 5
[2026-06-29 17:28:01.686] [info] Controller idle = 3
[2026-06-29 17:28:01.686] [info] Controller idle = 1
[2026-06-29 17:28:01.686] [info] Controller idle = 9
[2026-06-29 17:28:01.686] [info] Controller idle = 1
[2026-06-29 17:28:01.686] [info] Controller idle = 2
[2026-06-29 17:28:01.686] [info] Controller idle = 5412
[2026-06-29 17:28:01.686] [info] Controller idle = 7
[2026-06-29 17:28:01.686] [info] Controller idle = 1
[2026-06-29 17:28:01.686] [info] Controller idle = 5
[2026-06-29 17:28:01.686] [info] Controller idle = 2
[2026-06-29 17:28:01.686] [info] Controller idle = 6
[2026-06-29 17:28:01.686] [info] Controller idle = 2
[2026-06-29 17:28:01.686] [info] Controller idle = 4
[2026-06-29 17:28:01.686] [info] Controller idle = 10
[2026-06-29 17:28:01.686] [info] Controller idle = 8
[2026-06-29 17:28:01.686] [info] Controller idle = 1
[2026-06-29 17:28:01.686] [info] Controller idle = 1
[2026-06-29 17:28:01.686] [info] Controller idle = 19
[2026-06-29 17:28:01.686] [info] Controller idle = 2
[2026-06-29 17:28:01.686] [info] Controller idle = 1
[2026-06-29 17:28:01.686] [info] Controller idle = 5390
[2026-06-29 17:28:01.686] [info] Controller idle = 3
[2026-06-29 17:28:01.686] [info] Controller idle = 1
[2026-06-29 17:28:01.686] [info] Controller idle = 9
[2026-06-29 17:28:01.686] [info] Controller idle = 4
[2026-06-29 17:28:01.686] [info] Controller idle = 2
[2026-06-29 17:28:01.686] [info] Controller idle = 3
[2026-06-29 17:28:01.686] [info] Controller idle = 1
[2026-06-29 17:28:01.686] [info] Controller idle = 1
[2026-06-29 17:28:01.686] [info] Controller idle = 3
[2026-06-29 17:28:01.686] [info] Controller idle = 4
[2026-06-29 17:28:01.686] [info] Controller idle = 1
[2026-06-29 17:28:01.686] [info] Controller idle = 2
[2026-06-29 17:28:01.686] [info] Controller idle = 1
[2026-06-29 17:28:01.686] [info] Controller idle = 3
[2026-06-29 17:28:01.686] [info] Controller idle = 5389
[2026-06-29 17:28:01.686] [info] Controller idle = 3
[2026-06-29 17:28:01.686] [info] Controller idle = 5361
[2026-06-29 17:28:01.686] [info] Controller idle = 1
[2026-06-29 17:28:01.686] [info] Controller idle = 2
[2026-06-29 17:28:01.686] [info] Controller idle = 5
[2026-06-29 17:28:01.686] [info] Controller idle = 1
[2026-06-29 17:28:01.686] [info] Controller idle = 3
[2026-06-29 17:28:01.686] [info] Controller idle = 4
[2026-06-29 17:28:01.686] [info] Controller idle = 3
[2026-06-29 17:28:01.686] [info] Controller idle = 4
[2026-06-29 17:28:01.686] [info] Controller idle = 9
[2026-06-29 17:28:01.686] [info] Controller idle = 3
[2026-06-29 17:28:01.686] [info] Controller idle = 3
[2026-06-29 17:28:01.686] [info] Controller idle = 2
[2026-06-29 17:28:01.686] [info] Controller idle = 5
[2026-06-29 17:28:01.686] [info] Controller idle = 3
[2026-06-29 17:28:01.686] [info] Controller idle = 7
[2026-06-29 17:28:01.686] [info] Controller idle = 10
[2026-06-29 17:28:01.686] [info] Controller idle = 5394
[2026-06-29 17:28:01.686] [info] Controller idle = 1
[2026-06-29 17:28:01.686] [info] Controller idle = 3
[2026-06-29 17:28:01.686] [info] Controller idle = 3
[2026-06-29 17:28:01.686] [info] Controller idle = 5
[2026-06-29 17:28:01.686] [info] Controller idle = 3
[2026-06-29 17:28:01.686] [info] Controller idle = 1
[2026-06-29 17:28:01.686] [info] Controller idle = 1
[2026-06-29 17:28:01.686] [info] Controller idle = 3
[2026-06-29 17:28:01.686] [info] Controller idle = 1
[2026-06-29 17:28:01.686] [info] Controller idle = 3
[2026-06-29 17:28:01.686] [info] Controller idle = 2
[2026-06-29 17:28:01.686] [info] Controller idle = 3
[2026-06-29 17:28:01.686] [info] Controller idle = 3
[2026-06-29 17:28:01.686] [info] Controller idle = 2
[2026-06-29 17:28:01.686] [info] Controller idle = 3
[2026-06-29 17:28:01.686] [info] Controller idle = 4
[2026-06-29 17:28:01.686] [info] Controller idle = 5404
[2026-06-29 17:28:01.686] [info] Controller idle = 3
[2026-06-29 17:28:01.686] [info] Controller idle = 1
[2026-06-29 17:28:01.686] [info] Controller idle = 5
[2026-06-29 17:28:01.686] [info] Controller idle = 1
[2026-06-29 17:28:01.686] [info] Controller idle = 6
[2026-06-29 17:28:01.686] [info] Controller idle = 2
[2026-06-29 17:28:01.686] [info] Controller idle = 5
[2026-06-29 17:28:01.686] [info] Controller idle = 3
[2026-06-29 17:28:01.686] [info] Controller idle = 1
[2026-06-29 17:28:01.686] [info] Controller idle = 1
[2026-06-29 17:28:01.686] [info] Controller idle = 1
[2026-06-29 17:28:01.686] [info] Controller idle = 4835
[2026-06-29 17:28:01.686] [info] Controller idle = 90
[2026-06-29 17:28:01.686] [info] Controller idle = 98
[2026-06-29 17:28:01.686] [info] Controller idle = 1
[2026-06-29 17:28:01.686] [info] Controller idle = 5136
[2026-06-29 17:28:01.686] [info] Controller idle = 2
[2026-06-29 17:28:01.686] [info] Controller idle = 2
[2026-06-29 17:28:01.686] [info] Controller idle = 1
[2026-06-29 17:28:01.686] [info] Controller idle = 3
[2026-06-29 17:28:01.686] [info] Controller idle = 6
[2026-06-29 17:28:01.686] [info] Controller idle = 4
[2026-06-29 17:28:01.686] [info] Controller idle = 118
[2026-06-29 17:28:01.686] [info] Controller idle = 1
[2026-06-29 17:28:01.686] [info] Controller idle = 1
[2026-06-29 17:28:01.686] [info] Controller idle = 1
[2026-06-29 17:28:01.686] [info] Controller idle = 26
[2026-06-29 17:28:01.686] [info] Controller idle = 1
[2026-06-29 17:28:01.686] [info] Controller idle = 1
[2026-06-29 17:28:01.686] [info] Controller idle = 2
[2026-06-29 17:28:01.686] [info] Controller idle = 5
[2026-06-29 17:28:01.686] [info] Controller idle = 135
[2026-06-29 17:28:01.686] [info] Controller idle = 3
[2026-06-29 17:28:01.686] [info] Controller idle = 8
[2026-06-29 17:28:01.686] [info] Controller idle = 4
[2026-06-29 17:28:01.686] [info] Controller idle = 5
[2026-06-29 17:28:01.686] [info] Controller idle = 5153
[2026-06-29 17:28:01.686] [info] Controller idle = 4
[2026-06-29 17:28:01.686] [info] Controller idle = 18
[2026-06-29 17:28:01.686] [info] Controller idle = 1
[2026-06-29 17:28:01.686] [info] Controller idle = 110
[2026-06-29 17:28:01.686] [info] Controller idle = 10
[2026-06-29 17:28:01.686] [info] Controller idle = 3
[2026-06-29 17:28:01.686] [info] Controller idle = 8
[2026-06-29 17:28:01.686] [info] Controller idle = 3
[2026-06-29 17:28:01.686] [info] Controller idle = 4
[2026-06-29 17:28:01.686] [info] Controller idle = 9
[2026-06-29 17:28:01.686] [info] Controller idle = 10
[2026-06-29 17:28:01.686] [info] Controller idle = 117
[2026-06-29 17:28:01.686] [info] Controller idle = 1
[2026-06-29 17:28:01.686] [info] Controller idle = 1
[2026-06-29 17:28:01.686] [info] Controller idle = 1
[2026-06-29 17:28:01.686] [info] Controller idle = 2
[2026-06-29 17:28:01.686] [info] Controller idle = 3
[2026-06-29 17:28:01.686] [info] Controller idle = 5156
[2026-06-29 17:28:01.686] [info] Controller idle = 3
[2026-06-29 17:28:01.686] [info] Controller idle = 1
[2026-06-29 17:28:01.686] [info] Controller idle = 1
[2026-06-29 17:28:01.686] [info] Controller idle = 1
[2026-06-29 17:28:01.686] [info] Controller idle = 7
[2026-06-29 17:28:01.686] [info] Controller idle = 1
[2026-06-29 17:28:01.686] [info] Controller idle = 5
[2026-06-29 17:28:01.686] [info] Controller idle = 10
[2026-06-29 17:28:01.686] [info] Controller idle = 90
[2026-06-29 17:28:01.686] [info] Controller idle = 10
[2026-06-29 17:28:01.686] [info] Controller idle = 1
[2026-06-29 17:28:01.686] [info] Controller idle = 2
[2026-06-29 17:28:01.686] [info] Controller idle = 4
[2026-06-29 17:28:01.686] [info] Controller idle = 1
[2026-06-29 17:28:01.686] [info] Controller idle = 2
[2026-06-29 17:28:01.686] [info] Controller idle = 1
[2026-06-29 17:28:01.686] [info] Controller idle = 11
[2026-06-29 17:28:01.686] [info] Controller idle = 2
[2026-06-29 17:28:01.686] [info] Controller idle = 125
[2026-06-29 17:28:01.686] [info] Controller idle = 2
[2026-06-29 17:28:01.686] [info] Controller idle = 1
[2026-06-29 17:28:01.686] [info] Controller idle = 3
[2026-06-29 17:28:01.686] [info] Controller idle = 3
[2026-06-29 17:28:01.686] [info] Controller idle = 11
[2026-06-29 17:28:01.686] [info] Controller idle = 5147
[2026-06-29 17:28:01.686] [info] Controller idle = 87
[2026-06-29 17:28:01.686] [info] Controller idle = 96
[2026-06-29 17:28:01.686] [info] Controller idle = 2
[2026-06-29 17:28:01.686] [info] Controller idle = 5137
[2026-06-29 17:28:01.686] [info] Controller idle = 1
[2026-06-29 17:28:01.686] [info] Controller idle = 2
[2026-06-29 17:28:01.686] [info] Controller idle = 1
[2026-06-29 17:28:01.686] [info] Controller idle = 5
[2026-06-29 17:28:01.686] [info] Controller idle = 1
[2026-06-29 17:28:01.686] [info] Controller idle = 113
[2026-06-29 17:28:01.686] [info] Controller idle = 11
[2026-06-29 17:28:01.686] [info] Controller idle = 1
[2026-06-29 17:28:01.686] [info] Controller idle = 1
[2026-06-29 17:28:01.686] [info] Controller idle = 1
[2026-06-29 17:28:01.686] [info] Controller idle = 8
[2026-06-29 17:28:01.686] [info] Controller idle = 3
[2026-06-29 17:28:01.686] [info] Controller idle = 1
[2026-06-29 17:28:01.686] [info] Controller idle = 1
[2026-06-29 17:28:01.686] [info] Controller idle = 5
[2026-06-29 17:28:01.686] [info] Controller idle = 120
[2026-06-29 17:28:01.686] [info] Controller idle = 1
[2026-06-29 17:28:01.686] [info] Controller idle = 1
[2026-06-29 17:28:01.686] [info] Controller idle = 4
[2026-06-29 17:28:01.686] [info] Controller idle = 2
[2026-06-29 17:28:01.686] [info] Controller idle = 2
[2026-06-29 17:28:01.686] [info] Controller idle = 5161
[2026-06-29 17:28:01.686] [info] Controller idle = 1
[2026-06-29 17:28:01.686] [info] Controller idle = 1
[2026-06-29 17:28:01.686] [info] Controller idle = 5
[2026-06-29 17:28:01.686] [info] Controller idle = 1
[2026-06-29 17:28:01.686] [info] Controller idle = 117
[2026-06-29 17:28:01.686] [info] Controller idle = 2
[2026-06-29 17:28:01.686] [info] Controller idle = 1
[2026-06-29 17:28:01.686] [info] Controller idle = 4
[2026-06-29 17:28:01.686] [info] Controller idle = 3
[2026-06-29 17:28:01.686] [info] Controller idle = 2
[2026-06-29 17:28:01.686] [info] Controller idle = 10
[2026-06-29 17:28:01.686] [info] Controller idle = 2
[2026-06-29 17:28:01.686] [info] Controller idle = 2
[2026-06-29 17:28:01.686] [info] Controller idle = 2
[2026-06-29 17:28:01.686] [info] Controller idle = 1
[2026-06-29 17:28:01.686] [info] Controller idle = 1
[2026-06-29 17:28:01.686] [info] Controller idle = 5
[2026-06-29 17:28:01.686] [info] Controller idle = 1
[2026-06-29 17:28:01.686] [info] Controller idle = 4
[2026-06-29 17:28:01.686] [info] Controller idle = 123
[2026-06-29 17:28:01.686] [info] Controller idle = 1
[2026-06-29 17:28:01.686] [info] Controller idle = 1
[2026-06-29 17:28:01.686] [info] Controller idle = 5
[2026-06-29 17:28:01.686] [info] Controller idle = 2
[2026-06-29 17:28:01.686] [info] Controller idle = 1
[2026-06-29 17:28:01.686] [info] Controller idle = 4
[2026-06-29 17:28:01.686] [info] Controller idle = 5162
[2026-06-29 17:28:01.686] [info] Controller idle = 2
[2026-06-29 17:28:01.686] [info] Controller idle = 10
[2026-06-29 17:28:01.686] [info] Controller idle = 3
[2026-06-29 17:28:01.686] [info] Controller idle = 1
[2026-06-29 17:28:01.686] [info] Controller idle = 106
[2026-06-29 17:28:01.686] [info] Controller idle = 9
[2026-06-29 17:28:01.686] [info] Controller idle = 5
[2026-06-29 17:28:01.686] [info] Controller idle = 10
[2026-06-29 17:28:01.686] [info] Controller idle = 1
[2026-06-29 17:28:01.686] [info] Controller idle = 18
[2026-06-29 17:28:01.686] [info] Controller idle = 2
[2026-06-29 17:28:01.686] [info] Controller idle = 4
[2026-06-29 17:28:01.686] [info] Controller idle = 123
[2026-06-29 17:28:01.686] [info] Controller idle = 9
[2026-06-29 17:28:01.686] [info] Controller idle = 25
[2026-06-29 17:28:01.686] [info] Controller idle = 1067
[2026-06-29 17:28:01.686] [info] Controller idle = 9
[2026-06-29 17:28:01.686] [info] Controller idle = 14
MemorySystem:
  impl: GenericDRAM
  total_num_other_requests: 0
  total_num_write_requests: 77647
  total_num_read_requests: 55423
  memory_system_cycles: 2594267

  DRAM:
    impl: HBM2
    dram_commands: 207150
  AddrMapper:
    impl: RoBaRaCoCh
  Controller:
    impl: Generic
    id: Channel 0
    Scheduler:
      impl: FRFCFS
    RefreshManager:
      impl: AllBank



Frontend:
  impl: GEM5

[2026-06-29 17:28:01.686] [info] Row hits: 95364, Row misses: 948, Row conflicts: 36336
[2026-06-29 17:28:01.686] [info] Controller idle = 11
[2026-06-29 17:28:01.686] [info] Controller idle = 26660
[2026-06-29 17:28:01.686] [info] Controller idle = 25725
[2026-06-29 17:28:01.686] [info] Controller idle = 25734
[2026-06-29 17:28:01.686] [info] Controller idle = 25705
[2026-06-29 17:28:01.686] [info] Controller idle = 25724
[2026-06-29 17:28:01.686] [info] Controller idle = 25740
[2026-06-29 17:28:01.686] [info] Controller idle = 25727
[2026-06-29 17:28:01.686] [info] Controller idle = 25937
[2026-06-29 17:28:01.686] [info] Controller idle = 25772
[2026-06-29 17:28:01.686] [info] Controller idle = 231861
[2026-06-29 17:28:01.686] [info] Controller idle = 231777
[2026-06-29 17:28:01.686] [info] Controller idle = 1
[2026-06-29 17:28:01.686] [info] Controller idle = 231730
[2026-06-29 17:28:01.686] [info] Controller idle = 4
[2026-06-29 17:28:01.686] [info] Controller idle = 4
[2026-06-29 17:28:01.686] [info] Controller idle = 1
[2026-06-29 17:28:01.686] [info] Controller idle = 231675
[2026-06-29 17:28:01.686] [info] Controller idle = 231714
[2026-06-29 17:28:01.686] [info] Controller idle = 231879
[2026-06-29 17:28:01.686] [info] Controller idle = 232604
[2026-06-29 17:28:01.686] [info] Controller idle = 22849
[2026-06-29 17:28:01.686] [info] Controller idle = 8003
[2026-06-29 17:28:01.686] [info] Controller idle = 8
[2026-06-29 17:28:01.686] [info] Controller idle = 3
[2026-06-29 17:28:01.686] [info] Controller idle = 1
[2026-06-29 17:28:01.686] [info] Controller idle = 2
[2026-06-29 17:28:01.686] [info] Controller idle = 1
[2026-06-29 17:28:01.686] [info] Controller idle = 3
[2026-06-29 17:28:01.686] [info] Controller idle = 1
[2026-06-29 17:28:01.686] [info] Controller idle = 2
[2026-06-29 17:28:01.686] [info] Controller idle = 1
[2026-06-29 17:28:01.686] [info] Controller idle = 5
[2026-06-29 17:28:01.686] [info] Controller idle = 1
[2026-06-29 17:28:01.686] [info] Controller idle = 1
[2026-06-29 17:28:01.686] [info] Controller idle = 1
[2026-06-29 17:28:01.686] [info] Controller idle = 6
[2026-06-29 17:28:01.686] [info] Controller idle = 9
[2026-06-29 17:28:01.686] [info] Controller idle = 3
[2026-06-29 17:28:01.686] [info] Controller idle = 1
[2026-06-29 17:28:01.686] [info] Controller idle = 2
[2026-06-29 17:28:01.686] [info] Controller idle = 8
[2026-06-29 17:28:01.686] [info] Controller idle = 1
[2026-06-29 17:28:01.686] [info] Controller idle = 5
[2026-06-29 17:28:01.686] [info] Controller idle = 1
[2026-06-29 17:28:01.686] [info] Controller idle = 2
[2026-06-29 17:28:01.686] [info] Controller idle = 3
[2026-06-29 17:28:01.686] [info] Controller idle = 4
[2026-06-29 17:28:01.686] [info] Controller idle = 8
[2026-06-29 17:28:01.686] [info] Controller idle = 1
[2026-06-29 17:28:01.686] [info] Controller idle = 1
[2026-06-29 17:28:01.686] [info] Controller idle = 10
[2026-06-29 17:28:01.686] [info] Controller idle = 4
[2026-06-29 17:28:01.686] [info] Controller idle = 1
[2026-06-29 17:28:01.686] [info] Controller idle = 1
[2026-06-29 17:28:01.686] [info] Controller idle = 8
[2026-06-29 17:28:01.686] [info] Controller idle = 5
[2026-06-29 17:28:01.686] [info] Controller idle = 15
[2026-06-29 17:28:01.686] [info] Controller idle = 1
[2026-06-29 17:28:01.686] [info] Controller idle = 2
[2026-06-29 17:28:01.686] [info] Controller idle = 12
[2026-06-29 17:28:01.686] [info] Controller idle = 1
[2026-06-29 17:28:01.687] [info] Controller idle = 1
[2026-06-29 17:28:01.687] [info] Controller idle = 10
[2026-06-29 17:28:01.687] [info] Controller idle = 1
[2026-06-29 17:28:01.687] [info] Controller idle = 1
[2026-06-29 17:28:01.687] [info] Controller idle = 1
[2026-06-29 17:28:01.687] [info] Controller idle = 1
[2026-06-29 17:28:01.687] [info] Controller idle = 1
[2026-06-29 17:28:01.687] [info] Controller idle = 1
[2026-06-29 17:28:01.687] [info] Controller idle = 1
[2026-06-29 17:28:01.687] [info] Controller idle = 2
[2026-06-29 17:28:01.687] [info] Controller idle = 4
[2026-06-29 17:28:01.687] [info] Controller idle = 3
[2026-06-29 17:28:01.687] [info] Controller idle = 5
[2026-06-29 17:28:01.687] [info] Controller idle = 1
[2026-06-29 17:28:01.687] [info] Controller idle = 4
[2026-06-29 17:28:01.687] [info] Controller idle = 5
[2026-06-29 17:28:01.687] [info] Controller idle = 3
[2026-06-29 17:28:01.687] [info] Controller idle = 11
[2026-06-29 17:28:01.687] [info] Controller idle = 3
[2026-06-29 17:28:01.687] [info] Controller idle = 16
[2026-06-29 17:28:01.687] [info] Controller idle = 18
[2026-06-29 17:28:01.687] [info] Controller idle = 1
[2026-06-29 17:28:01.687] [info] Controller idle = 8
[2026-06-29 17:28:01.687] [info] Controller idle = 1
[2026-06-29 17:28:01.687] [info] Controller idle = 2
[2026-06-29 17:28:01.687] [info] Controller idle = 1
[2026-06-29 17:28:01.687] [info] Controller idle = 19
[2026-06-29 17:28:01.687] [info] Controller idle = 15
[2026-06-29 17:28:01.687] [info] Controller idle = 11
[2026-06-29 17:28:01.687] [info] Controller idle = 1
[2026-06-29 17:28:01.687] [info] Controller idle = 9
[2026-06-29 17:28:01.687] [info] Controller idle = 5
[2026-06-29 17:28:01.687] [info] Controller idle = 5
[2026-06-29 17:28:01.687] [info] Controller idle = 21513
[2026-06-29 17:28:01.687] [info] Controller idle = 8013
[2026-06-29 17:28:01.687] [info] Controller idle = 8
[2026-06-29 17:28:01.687] [info] Controller idle = 1
[2026-06-29 17:28:01.687] [info] Controller idle = 1
[2026-06-29 17:28:01.687] [info] Controller idle = 6
[2026-06-29 17:28:01.687] [info] Controller idle = 3
[2026-06-29 17:28:01.687] [info] Controller idle = 3
[2026-06-29 17:28:01.687] [info] Controller idle = 3
[2026-06-29 17:28:01.687] [info] Controller idle = 3
[2026-06-29 17:28:01.687] [info] Controller idle = 2
[2026-06-29 17:28:01.687] [info] Controller idle = 5
[2026-06-29 17:28:01.687] [info] Controller idle = 3
[2026-06-29 17:28:01.687] [info] Controller idle = 34368
[2026-06-29 17:28:01.687] [info] Controller idle = 29296
[2026-06-29 17:28:01.687] [info] Controller idle = 1
[2026-06-29 17:28:01.687] [info] Controller idle = 1
[2026-06-29 17:28:01.687] [info] Controller idle = 33406
[2026-06-29 17:28:01.687] [info] Controller idle = 5
[2026-06-29 17:28:01.687] [info] Controller idle = 1
[2026-06-29 17:28:01.687] [info] Controller idle = 5
[2026-06-29 17:28:01.687] [info] Controller idle = 1
[2026-06-29 17:28:01.687] [info] Controller idle = 1
[2026-06-29 17:28:01.687] [info] Controller idle = 1
[2026-06-29 17:28:01.687] [info] Controller idle = 2
[2026-06-29 17:28:01.687] [info] Controller idle = 1
[2026-06-29 17:28:01.687] [info] Controller idle = 8
[2026-06-29 17:28:01.687] [info] Controller idle = 1
[2026-06-29 17:28:01.687] [info] Controller idle = 1
[2026-06-29 17:28:01.687] [info] Controller idle = 6
[2026-06-29 17:28:01.687] [info] Controller idle = 3
[2026-06-29 17:28:01.687] [info] Controller idle = 22
[2026-06-29 17:28:01.687] [info] Controller idle = 1
[2026-06-29 17:28:01.687] [info] Controller idle = 1
[2026-06-29 17:28:01.687] [info] Controller idle = 2
[2026-06-29 17:28:01.687] [info] Controller idle = 1
[2026-06-29 17:28:01.687] [info] Controller idle = 1
[2026-06-29 17:28:01.687] [info] Controller idle = 32
[2026-06-29 17:28:01.687] [info] Controller idle = 1
[2026-06-29 17:28:01.687] [info] Controller idle = 2
[2026-06-29 17:28:01.687] [info] Controller idle = 11
[2026-06-29 17:28:01.687] [info] Controller idle = 6
[2026-06-29 17:28:01.687] [info] Controller idle = 8
[2026-06-29 17:28:01.687] [info] Controller idle = 3
[2026-06-29 17:28:01.687] [info] Controller idle = 2
[2026-06-29 17:28:01.687] [info] Controller idle = 3
[2026-06-29 17:28:01.687] [info] Controller idle = 3
[2026-06-29 17:28:01.687] [info] Controller idle = 2
[2026-06-29 17:28:01.687] [info] Controller idle = 4
[2026-06-29 17:28:01.687] [info] Controller idle = 4
[2026-06-29 17:28:01.687] [info] Controller idle = 8
[2026-06-29 17:28:01.687] [info] Controller idle = 12
[2026-06-29 17:28:01.687] [info] Controller idle = 4
[2026-06-29 17:28:01.687] [info] Controller idle = 1
[2026-06-29 17:28:01.687] [info] Controller idle = 1
[2026-06-29 17:28:01.687] [info] Controller idle = 13
[2026-06-29 17:28:01.687] [info] Controller idle = 19
[2026-06-29 17:28:01.687] [info] Controller idle = 29636
[2026-06-29 17:28:01.687] [info] Controller idle = 3
[2026-06-29 17:28:01.687] [info] Controller idle = 2
[2026-06-29 17:28:01.687] [info] Controller idle = 32742
[2026-06-29 17:28:01.687] [info] Controller idle = 4
[2026-06-29 17:28:01.687] [info] Controller idle = 1
[2026-06-29 17:28:01.687] [info] Controller idle = 9
[2026-06-29 17:28:01.687] [info] Controller idle = 11
[2026-06-29 17:28:01.687] [info] Controller idle = 5
[2026-06-29 17:28:01.687] [info] Controller idle = 7
[2026-06-29 17:28:01.687] [info] Controller idle = 29188
[2026-06-29 17:28:01.687] [info] Controller idle = 3
[2026-06-29 17:28:01.687] [info] Controller idle = 4
[2026-06-29 17:28:01.687] [info] Controller idle = 1
[2026-06-29 17:28:01.687] [info] Controller idle = 1
[2026-06-29 17:28:01.687] [info] Controller idle = 3
[2026-06-29 17:28:01.687] [info] Controller idle = 1
[2026-06-29 17:28:01.687] [info] Controller idle = 21
[2026-06-29 17:28:01.687] [info] Controller idle = 4
[2026-06-29 17:28:01.687] [info] Controller idle = 8998
[2026-06-29 17:28:01.687] [info] Controller idle = 2
[2026-06-29 17:28:01.687] [info] Controller idle = 2
[2026-06-29 17:28:01.687] [info] Controller idle = 8
[2026-06-29 17:28:01.687] [info] Controller idle = 1
[2026-06-29 17:28:01.687] [info] Controller idle = 11
[2026-06-29 17:28:01.687] [info] Controller idle = 1
[2026-06-29 17:28:01.687] [info] Controller idle = 36
[2026-06-29 17:28:01.687] [info] Controller idle = 6381
[2026-06-29 17:28:01.687] [info] Controller idle = 1489
[2026-06-29 17:28:01.687] [info] Controller idle = 5
[2026-06-29 17:28:01.687] [info] Controller idle = 3
[2026-06-29 17:28:01.687] [info] Controller idle = 2
[2026-06-29 17:28:01.687] [info] Controller idle = 2
[2026-06-29 17:28:01.687] [info] Controller idle = 3
[2026-06-29 17:28:01.687] [info] Controller idle = 9102
[2026-06-29 17:28:01.687] [info] Controller idle = 6
[2026-06-29 17:28:01.687] [info] Controller idle = 1
[2026-06-29 17:28:01.687] [info] Controller idle = 5
[2026-06-29 17:28:01.687] [info] Controller idle = 8
[2026-06-29 17:28:01.687] [info] Controller idle = 2
[2026-06-29 17:28:01.687] [info] Controller idle = 1
[2026-06-29 17:28:01.687] [info] Controller idle = 1
[2026-06-29 17:28:01.687] [info] Controller idle = 1
[2026-06-29 17:28:01.687] [info] Controller idle = 1
[2026-06-29 17:28:01.687] [info] Controller idle = 3
[2026-06-29 17:28:01.687] [info] Controller idle = 2
[2026-06-29 17:28:01.687] [info] Controller idle = 3
[2026-06-29 17:28:01.687] [info] Controller idle = 3
[2026-06-29 17:28:01.687] [info] Controller idle = 8
[2026-06-29 17:28:01.687] [info] Controller idle = 7
[2026-06-29 17:28:01.687] [info] Controller idle = 1
[2026-06-29 17:28:01.687] [info] Controller idle = 6423
[2026-06-29 17:28:01.687] [info] Controller idle = 9135
[2026-06-29 17:28:01.687] [info] Controller idle = 3
[2026-06-29 17:28:01.687] [info] Controller idle = 3
[2026-06-29 17:28:01.687] [info] Controller idle = 2
[2026-06-29 17:28:01.687] [info] Controller idle = 1
[2026-06-29 17:28:01.687] [info] Controller idle = 7
[2026-06-29 17:28:01.687] [info] Controller idle = 2
[2026-06-29 17:28:01.687] [info] Controller idle = 1
[2026-06-29 17:28:01.687] [info] Controller idle = 1
[2026-06-29 17:28:01.687] [info] Controller idle = 2
[2026-06-29 17:28:01.687] [info] Controller idle = 1
[2026-06-29 17:28:01.687] [info] Controller idle = 1
[2026-06-29 17:28:01.687] [info] Controller idle = 9
[2026-06-29 17:28:01.687] [info] Controller idle = 8
[2026-06-29 17:28:01.687] [info] Controller idle = 8
[2026-06-29 17:28:01.687] [info] Controller idle = 1
[2026-06-29 17:28:01.687] [info] Controller idle = 1
[2026-06-29 17:28:01.687] [info] Controller idle = 6434
[2026-06-29 17:28:01.687] [info] Controller idle = 9055
[2026-06-29 17:28:01.687] [info] Controller idle = 2
[2026-06-29 17:28:01.687] [info] Controller idle = 3
[2026-06-29 17:28:01.687] [info] Controller idle = 4
[2026-06-29 17:28:01.687] [info] Controller idle = 2
[2026-06-29 17:28:01.687] [info] Controller idle = 1
[2026-06-29 17:28:01.687] [info] Controller idle = 1
[2026-06-29 17:28:01.687] [info] Controller idle = 1
[2026-06-29 17:28:01.687] [info] Controller idle = 3
[2026-06-29 17:28:01.687] [info] Controller idle = 1
[2026-06-29 17:28:01.687] [info] Controller idle = 1
[2026-06-29 17:28:01.687] [info] Controller idle = 4
[2026-06-29 17:28:01.687] [info] Controller idle = 1
[2026-06-29 17:28:01.687] [info] Controller idle = 6421
[2026-06-29 17:28:01.687] [info] Controller idle = 2678
[2026-06-29 17:28:01.687] [info] Controller idle = 1526
[2026-06-29 17:28:01.687] [info] Controller idle = 1545
[2026-06-29 17:28:01.687] [info] Controller idle = 1563
[2026-06-29 17:28:01.687] [info] Controller idle = 1
[2026-06-29 17:28:01.687] [info] Controller idle = 3
[2026-06-29 17:28:01.687] [info] Controller idle = 3
[2026-06-29 17:28:01.687] [info] Controller idle = 1
[2026-06-29 17:28:01.687] [info] Controller idle = 649
[2026-06-29 17:28:01.687] [info] Controller idle = 4862
[2026-06-29 17:28:01.687] [info] Controller idle = 3697
[2026-06-29 17:28:01.687] [info] Controller idle = 3701
[2026-06-29 17:28:01.687] [info] Controller idle = 1
[2026-06-29 17:28:01.687] [info] Controller idle = 3654
[2026-06-29 17:28:01.687] [info] Controller idle = 3998
[2026-06-29 17:28:01.687] [info] Controller idle = 9
[2026-06-29 17:28:01.687] [info] Controller idle = 1
[2026-06-29 17:28:01.687] [info] Controller idle = 3694
[2026-06-29 17:28:01.687] [info] Controller idle = 3688
[2026-06-29 17:28:01.687] [info] Controller idle = 3662
[2026-06-29 17:28:01.687] [info] Controller idle = 4084
[2026-06-29 17:28:01.687] [info] Controller idle = 1
[2026-06-29 17:28:01.687] [info] Controller idle = 3675
[2026-06-29 17:28:01.687] [info] Controller idle = 3704
[2026-06-29 17:28:01.687] [info] Controller idle = 1
[2026-06-29 17:28:01.687] [info] Controller idle = 3685
[2026-06-29 17:28:01.687] [info] Controller idle = 2815
[2026-06-29 17:28:01.687] [info] Controller idle = 53
[2026-06-29 17:28:01.687] [info] Controller idle = 72
[2026-06-29 17:28:01.687] [info] Controller idle = 2421
[2026-06-29 17:28:01.687] [info] Controller idle = 3
[2026-06-29 17:28:01.687] [info] Controller idle = 2
[2026-06-29 17:28:01.687] [info] Controller idle = 2
[2026-06-29 17:28:01.687] [info] Controller idle = 4
[2026-06-29 17:28:01.687] [info] Controller idle = 1
[2026-06-29 17:28:01.687] [info] Controller idle = 2
[2026-06-29 17:28:01.687] [info] Controller idle = 1
[2026-06-29 17:28:01.687] [info] Controller idle = 2
[2026-06-29 17:28:01.687] [info] Controller idle = 96
[2026-06-29 17:28:01.687] [info] Controller idle = 3
[2026-06-29 17:28:01.687] [info] Controller idle = 104
[2026-06-29 17:28:01.687] [info] Controller idle = 5
[2026-06-29 17:28:01.687] [info] Controller idle = 1
[2026-06-29 17:28:01.687] [info] Controller idle = 1
[2026-06-29 17:28:01.687] [info] Controller idle = 12
[2026-06-29 17:28:01.687] [info] Controller idle = 4
[2026-06-29 17:28:01.687] [info] Controller idle = 4
[2026-06-29 17:28:01.687] [info] Controller idle = 1
[2026-06-29 17:28:01.687] [info] Controller idle = 12
[2026-06-29 17:28:01.687] [info] Controller idle = 3
[2026-06-29 17:28:01.687] [info] Controller idle = 1
[2026-06-29 17:28:01.687] [info] Controller idle = 3
[2026-06-29 17:28:01.687] [info] Controller idle = 2432
[2026-06-29 17:28:01.687] [info] Controller idle = 1
[2026-06-29 17:28:01.687] [info] Controller idle = 5
[2026-06-29 17:28:01.687] [info] Controller idle = 22
[2026-06-29 17:28:01.687] [info] Controller idle = 81
[2026-06-29 17:28:01.687] [info] Controller idle = 7
[2026-06-29 17:28:01.687] [info] Controller idle = 3
[2026-06-29 17:28:01.687] [info] Controller idle = 1
[2026-06-29 17:28:01.687] [info] Controller idle = 1
[2026-06-29 17:28:01.687] [info] Controller idle = 2
[2026-06-29 17:28:01.687] [info] Controller idle = 11
[2026-06-29 17:28:01.687] [info] Controller idle = 90
[2026-06-29 17:28:01.687] [info] Controller idle = 4
[2026-06-29 17:28:01.687] [info] Controller idle = 1
[2026-06-29 17:28:01.687] [info] Controller idle = 9
[2026-06-29 17:28:01.687] [info] Controller idle = 18
[2026-06-29 17:28:01.687] [info] Controller idle = 1
[2026-06-29 17:28:01.687] [info] Controller idle = 1
[2026-06-29 17:28:01.687] [info] Controller idle = 3
[2026-06-29 17:28:01.687] [info] Controller idle = 7
[2026-06-29 17:28:01.687] [info] Controller idle = 1
[2026-06-29 17:28:01.687] [info] Controller idle = 2
[2026-06-29 17:28:01.687] [info] Controller idle = 1
[2026-06-29 17:28:01.687] [info] Controller idle = 2439
[2026-06-29 17:28:01.687] [info] Controller idle = 4
[2026-06-29 17:28:01.687] [info] Controller idle = 5
[2026-06-29 17:28:01.687] [info] Controller idle = 5
[2026-06-29 17:28:01.687] [info] Controller idle = 1
[2026-06-29 17:28:01.687] [info] Controller idle = 4
[2026-06-29 17:28:01.687] [info] Controller idle = 2
[2026-06-29 17:28:01.687] [info] Controller idle = 88
[2026-06-29 17:28:01.687] [info] Controller idle = 1
[2026-06-29 17:28:01.687] [info] Controller idle = 1
[2026-06-29 17:28:01.687] [info] Controller idle = 3
[2026-06-29 17:28:01.687] [info] Controller idle = 6
[2026-06-29 17:28:01.687] [info] Controller idle = 1
[2026-06-29 17:28:01.687] [info] Controller idle = 101
[2026-06-29 17:28:01.687] [info] Controller idle = 1
[2026-06-29 17:28:01.687] [info] Controller idle = 1
[2026-06-29 17:28:01.687] [info] Controller idle = 5
[2026-06-29 17:28:01.687] [info] Controller idle = 3
[2026-06-29 17:28:01.687] [info] Controller idle = 17
[2026-06-29 17:28:01.687] [info] Controller idle = 9
[2026-06-29 17:28:01.687] [info] Controller idle = 8
[2026-06-29 17:28:01.687] [info] Controller idle = 4
[2026-06-29 17:28:01.687] [info] Controller idle = 1
[2026-06-29 17:28:01.687] [info] Controller idle = 1
[2026-06-29 17:28:01.687] [info] Controller idle = 2429
[2026-06-29 17:28:01.687] [info] Controller idle = 54
[2026-06-29 17:28:01.687] [info] Controller idle = 70
[2026-06-29 17:28:01.687] [info] Controller idle = 2
[2026-06-29 17:28:01.687] [info] Controller idle = 2414
[2026-06-29 17:28:01.687] [info] Controller idle = 8
[2026-06-29 17:28:01.687] [info] Controller idle = 1
[2026-06-29 17:28:01.687] [info] Controller idle = 2
[2026-06-29 17:28:01.687] [info] Controller idle = 93
[2026-06-29 17:28:01.687] [info] Controller idle = 3
[2026-06-29 17:28:01.687] [info] Controller idle = 2
[2026-06-29 17:28:01.687] [info] Controller idle = 3
[2026-06-29 17:28:01.687] [info] Controller idle = 5
[2026-06-29 17:28:01.687] [info] Controller idle = 5
[2026-06-29 17:28:01.687] [info] Controller idle = 90
[2026-06-29 17:28:01.687] [info] Controller idle = 4
[2026-06-29 17:28:01.687] [info] Controller idle = 4
[2026-06-29 17:28:01.687] [info] Controller idle = 2
[2026-06-29 17:28:01.687] [info] Controller idle = 2
[2026-06-29 17:28:01.687] [info] Controller idle = 3
[2026-06-29 17:28:01.687] [info] Controller idle = 9
[2026-06-29 17:28:01.687] [info] Controller idle = 11
[2026-06-29 17:28:01.687] [info] Controller idle = 3
[2026-06-29 17:28:01.687] [info] Controller idle = 2
[2026-06-29 17:28:01.687] [info] Controller idle = 9
[2026-06-29 17:28:01.687] [info] Controller idle = 2433
[2026-06-29 17:28:01.687] [info] Controller idle = 1
[2026-06-29 17:28:01.687] [info] Controller idle = 5
[2026-06-29 17:28:01.687] [info] Controller idle = 99
[2026-06-29 17:28:01.687] [info] Controller idle = 4
[2026-06-29 17:28:01.687] [info] Controller idle = 2
[2026-06-29 17:28:01.687] [info] Controller idle = 3
[2026-06-29 17:28:01.687] [info] Controller idle = 12
[2026-06-29 17:28:01.687] [info] Controller idle = 3
[2026-06-29 17:28:01.687] [info] Controller idle = 3
[2026-06-29 17:28:01.687] [info] Controller idle = 2
[2026-06-29 17:28:01.687] [info] Controller idle = 90
[2026-06-29 17:28:01.687] [info] Controller idle = 1
[2026-06-29 17:28:01.687] [info] Controller idle = 3
[2026-06-29 17:28:01.687] [info] Controller idle = 4
[2026-06-29 17:28:01.687] [info] Controller idle = 3
[2026-06-29 17:28:01.687] [info] Controller idle = 3
[2026-06-29 17:28:01.687] [info] Controller idle = 2
[2026-06-29 17:28:01.687] [info] Controller idle = 13
[2026-06-29 17:28:01.687] [info] Controller idle = 4
[2026-06-29 17:28:01.687] [info] Controller idle = 1
[2026-06-29 17:28:01.687] [info] Controller idle = 2
[2026-06-29 17:28:01.687] [info] Controller idle = 2
[2026-06-29 17:28:01.687] [info] Controller idle = 13
[2026-06-29 17:28:01.687] [info] Controller idle = 10
[2026-06-29 17:28:01.687] [info] Controller idle = 2427
[2026-06-29 17:28:01.687] [info] Controller idle = 15
[2026-06-29 17:28:01.687] [info] Controller idle = 90
[2026-06-29 17:28:01.687] [info] Controller idle = 2
[2026-06-29 17:28:01.687] [info] Controller idle = 1
[2026-06-29 17:28:01.687] [info] Controller idle = 4
[2026-06-29 17:28:01.687] [info] Controller idle = 6
[2026-06-29 17:28:01.687] [info] Controller idle = 1
[2026-06-29 17:28:01.687] [info] Controller idle = 94
[2026-06-29 17:28:01.687] [info] Controller idle = 1
[2026-06-29 17:28:01.687] [info] Controller idle = 2
[2026-06-29 17:28:01.687] [info] Controller idle = 3
[2026-06-29 17:28:01.687] [info] Controller idle = 4
[2026-06-29 17:28:01.687] [info] Controller idle = 4
[2026-06-29 17:28:01.687] [info] Controller idle = 6
[2026-06-29 17:28:01.687] [info] Controller idle = 2
[2026-06-29 17:28:01.687] [info] Controller idle = 10
[2026-06-29 17:28:01.687] [info] Controller idle = 556
[2026-06-29 17:28:01.687] [info] Controller idle = 99
[2026-06-29 17:28:01.687] [info] Controller idle = 2
[2026-06-29 17:28:01.687] [info] Controller idle = 1
[2026-06-29 17:28:01.687] [info] Controller idle = 1
[2026-06-29 17:28:01.687] [info] Controller idle = 1
[2026-06-29 17:28:01.687] [info] Controller idle = 12
[2026-06-29 17:28:01.687] [info] Controller idle = 1
[2026-06-29 17:28:01.687] [info] Controller idle = 2
[2026-06-29 17:28:01.687] [info] Controller idle = 2
[2026-06-29 17:28:01.687] [info] Controller idle = 2
[2026-06-29 17:28:01.687] [info] Controller idle = 1
[2026-06-29 17:28:01.687] [info] Controller idle = 4
[2026-06-29 17:28:01.687] [info] Controller idle = 29
[2026-06-29 17:28:01.687] [info] Controller idle = 3
[2026-06-29 17:28:01.687] [info] Controller idle = 2
[2026-06-29 17:28:01.687] [info] Controller idle = 5
[2026-06-29 17:28:01.687] [info] Controller idle = 1
[2026-06-29 17:28:01.687] [info] Controller idle = 16
[2026-06-29 17:28:01.687] [info] Controller idle = 1
[2026-06-29 17:28:01.687] [info] Controller idle = 2
[2026-06-29 17:28:01.687] [info] Controller idle = 5
[2026-06-29 17:28:01.687] [info] Controller idle = 1
[2026-06-29 17:28:01.688] [info] Controller idle = 5
[2026-06-29 17:28:01.688] [info] Controller idle = 2
[2026-06-29 17:28:01.688] [info] Controller idle = 5
[2026-06-29 17:28:01.688] [info] Controller idle = 2
[2026-06-29 17:28:01.688] [info] Controller idle = 132
[2026-06-29 17:28:01.688] [info] Controller idle = 1
[2026-06-29 17:28:01.688] [info] Controller idle = 2
[2026-06-29 17:28:01.688] [info] Controller idle = 2
[2026-06-29 17:28:01.688] [info] Controller idle = 1
[2026-06-29 17:28:01.688] [info] Controller idle = 10
[2026-06-29 17:28:01.688] [info] Controller idle = 1
[2026-06-29 17:28:01.688] [info] Controller idle = 1
[2026-06-29 17:28:01.688] [info] Controller idle = 5
[2026-06-29 17:28:01.688] [info] Controller idle = 4
[2026-06-29 17:28:01.688] [info] Controller idle = 4
[2026-06-29 17:28:01.688] [info] Controller idle = 9
[2026-06-29 17:28:01.688] [info] Controller idle = 28
[2026-06-29 17:28:01.688] [info] Controller idle = 3
[2026-06-29 17:28:01.688] [info] Controller idle = 11
[2026-06-29 17:28:01.688] [info] Controller idle = 1
[2026-06-29 17:28:01.688] [info] Controller idle = 10
[2026-06-29 17:28:01.688] [info] Controller idle = 1
[2026-06-29 17:28:01.688] [info] Controller idle = 3
[2026-06-29 17:28:01.688] [info] Controller idle = 4
[2026-06-29 17:28:01.688] [info] Controller idle = 2
[2026-06-29 17:28:01.688] [info] Controller idle = 3
[2026-06-29 17:28:01.688] [info] Controller idle = 2
[2026-06-29 17:28:01.688] [info] Controller idle = 1
[2026-06-29 17:28:01.688] [info] Controller idle = 133
[2026-06-29 17:28:01.688] [info] Controller idle = 1
[2026-06-29 17:28:01.688] [info] Controller idle = 3
[2026-06-29 17:28:01.688] [info] Controller idle = 12
[2026-06-29 17:28:01.688] [info] Controller idle = 3
[2026-06-29 17:28:01.688] [info] Controller idle = 9
[2026-06-29 17:28:01.688] [info] Controller idle = 14
[2026-06-29 17:28:01.688] [info] Controller idle = 5
[2026-06-29 17:28:01.688] [info] Controller idle = 2
[2026-06-29 17:28:01.688] [info] Controller idle = 4
[2026-06-29 17:28:01.688] [info] Controller idle = 19
[2026-06-29 17:28:01.688] [info] Controller idle = 4
[2026-06-29 17:28:01.688] [info] Controller idle = 7
[2026-06-29 17:28:01.688] [info] Controller idle = 2
[2026-06-29 17:28:01.688] [info] Controller idle = 3
[2026-06-29 17:28:01.688] [info] Controller idle = 5
[2026-06-29 17:28:01.688] [info] Controller idle = 2
[2026-06-29 17:28:01.688] [info] Controller idle = 1
[2026-06-29 17:28:01.688] [info] Controller idle = 13
[2026-06-29 17:28:01.688] [info] Controller idle = 2
[2026-06-29 17:28:01.688] [info] Controller idle = 9
[2026-06-29 17:28:01.688] [info] Controller idle = 130
[2026-06-29 17:28:01.688] [info] Controller idle = 103
[2026-06-29 17:28:01.688] [info] Controller idle = 1
[2026-06-29 17:28:01.688] [info] Controller idle = 1
[2026-06-29 17:28:01.688] [info] Controller idle = 2
[2026-06-29 17:28:01.688] [info] Controller idle = 3
[2026-06-29 17:28:01.688] [info] Controller idle = 9
[2026-06-29 17:28:01.688] [info] Controller idle = 3
[2026-06-29 17:28:01.688] [info] Controller idle = 2
[2026-06-29 17:28:01.688] [info] Controller idle = 1
[2026-06-29 17:28:01.688] [info] Controller idle = 8
[2026-06-29 17:28:01.688] [info] Controller idle = 7
[2026-06-29 17:28:01.688] [info] Controller idle = 21
[2026-06-29 17:28:01.688] [info] Controller idle = 3
[2026-06-29 17:28:01.688] [info] Controller idle = 2
[2026-06-29 17:28:01.688] [info] Controller idle = 10
[2026-06-29 17:28:01.688] [info] Controller idle = 8
[2026-06-29 17:28:01.688] [info] Controller idle = 1
[2026-06-29 17:28:01.688] [info] Controller idle = 14
[2026-06-29 17:28:01.688] [info] Controller idle = 3
[2026-06-29 17:28:01.688] [info] Controller idle = 1
[2026-06-29 17:28:01.688] [info] Controller idle = 3
[2026-06-29 17:28:01.688] [info] Controller idle = 4
[2026-06-29 17:28:01.688] [info] Controller idle = 5
[2026-06-29 17:28:01.688] [info] Controller idle = 2
[2026-06-29 17:28:01.688] [info] Controller idle = 136
[2026-06-29 17:28:01.688] [info] Controller idle = 4
[2026-06-29 17:28:01.688] [info] Controller idle = 1
[2026-06-29 17:28:01.688] [info] Controller idle = 1
[2026-06-29 17:28:01.688] [info] Controller idle = 3
[2026-06-29 17:28:01.688] [info] Controller idle = 1
[2026-06-29 17:28:01.688] [info] Controller idle = 2
[2026-06-29 17:28:01.688] [info] Controller idle = 3
[2026-06-29 17:28:01.688] [info] Controller idle = 4
[2026-06-29 17:28:01.688] [info] Controller idle = 6
[2026-06-29 17:28:01.688] [info] Controller idle = 27
[2026-06-29 17:28:01.688] [info] Controller idle = 3
[2026-06-29 17:28:01.688] [info] Controller idle = 5
[2026-06-29 17:28:01.688] [info] Controller idle = 1
[2026-06-29 17:28:01.688] [info] Controller idle = 8
[2026-06-29 17:28:01.688] [info] Controller idle = 4
[2026-06-29 17:28:01.688] [info] Controller idle = 8
[2026-06-29 17:28:01.688] [info] Controller idle = 5
[2026-06-29 17:28:01.688] [info] Controller idle = 4
[2026-06-29 17:28:01.688] [info] Controller idle = 1
[2026-06-29 17:28:01.688] [info] Controller idle = 9
[2026-06-29 17:28:01.688] [info] Controller idle = 3
[2026-06-29 17:28:01.688] [info] Controller idle = 132
[2026-06-29 17:28:01.688] [info] Controller idle = 1
[2026-06-29 17:28:01.688] [info] Controller idle = 1
[2026-06-29 17:28:01.688] [info] Controller idle = 4
[2026-06-29 17:28:01.688] [info] Controller idle = 3
[2026-06-29 17:28:01.688] [info] Controller idle = 6
[2026-06-29 17:28:01.688] [info] Controller idle = 1
[2026-06-29 17:28:01.688] [info] Controller idle = 5
[2026-06-29 17:28:01.688] [info] Controller idle = 5
[2026-06-29 17:28:01.688] [info] Controller idle = 1
[2026-06-29 17:28:01.688] [info] Controller idle = 1
[2026-06-29 17:28:01.688] [info] Controller idle = 11
[2026-06-29 17:28:01.688] [info] Controller idle = 20
[2026-06-29 17:28:01.688] [info] Controller idle = 1
[2026-06-29 17:28:01.688] [info] Controller idle = 2
[2026-06-29 17:28:01.688] [info] Controller idle = 1
[2026-06-29 17:28:01.688] [info] Controller idle = 1
[2026-06-29 17:28:01.688] [info] Controller idle = 6
[2026-06-29 17:28:01.688] [info] Controller idle = 4
[2026-06-29 17:28:01.688] [info] Controller idle = 1
[2026-06-29 17:28:01.688] [info] Controller idle = 7
[2026-06-29 17:28:01.688] [info] Controller idle = 4939
[2026-06-29 17:28:01.688] [info] Controller idle = 5368
[2026-06-29 17:28:01.688] [info] Controller idle = 2
[2026-06-29 17:28:01.688] [info] Controller idle = 6
[2026-06-29 17:28:01.688] [info] Controller idle = 2
[2026-06-29 17:28:01.688] [info] Controller idle = 2
[2026-06-29 17:28:01.688] [info] Controller idle = 1
[2026-06-29 17:28:01.688] [info] Controller idle = 1
[2026-06-29 17:28:01.688] [info] Controller idle = 1
[2026-06-29 17:28:01.688] [info] Controller idle = 3
[2026-06-29 17:28:01.688] [info] Controller idle = 2
[2026-06-29 17:28:01.688] [info] Controller idle = 1
[2026-06-29 17:28:01.688] [info] Controller idle = 2
[2026-06-29 17:28:01.688] [info] Controller idle = 1
[2026-06-29 17:28:01.688] [info] Controller idle = 1
[2026-06-29 17:28:01.688] [info] Controller idle = 1
[2026-06-29 17:28:01.688] [info] Controller idle = 5406
[2026-06-29 17:28:01.688] [info] Controller idle = 3
[2026-06-29 17:28:01.688] [info] Controller idle = 10
[2026-06-29 17:28:01.688] [info] Controller idle = 1
[2026-06-29 17:28:01.688] [info] Controller idle = 5
[2026-06-29 17:28:01.688] [info] Controller idle = 2
[2026-06-29 17:28:01.688] [info] Controller idle = 3
[2026-06-29 17:28:01.688] [info] Controller idle = 1
[2026-06-29 17:28:01.688] [info] Controller idle = 1
[2026-06-29 17:28:01.688] [info] Controller idle = 4
[2026-06-29 17:28:01.688] [info] Controller idle = 2
[2026-06-29 17:28:01.688] [info] Controller idle = 1
[2026-06-29 17:28:01.688] [info] Controller idle = 1
[2026-06-29 17:28:01.688] [info] Controller idle = 1
[2026-06-29 17:28:01.688] [info] Controller idle = 1
[2026-06-29 17:28:01.688] [info] Controller idle = 1
[2026-06-29 17:28:01.688] [info] Controller idle = 12
[2026-06-29 17:28:01.688] [info] Controller idle = 3
[2026-06-29 17:28:01.688] [info] Controller idle = 5393
[2026-06-29 17:28:01.688] [info] Controller idle = 3
[2026-06-29 17:28:01.688] [info] Controller idle = 2
[2026-06-29 17:28:01.688] [info] Controller idle = 4
[2026-06-29 17:28:01.688] [info] Controller idle = 5
[2026-06-29 17:28:01.688] [info] Controller idle = 2
[2026-06-29 17:28:01.688] [info] Controller idle = 7
[2026-06-29 17:28:01.688] [info] Controller idle = 1
[2026-06-29 17:28:01.688] [info] Controller idle = 2
[2026-06-29 17:28:01.688] [info] Controller idle = 1
[2026-06-29 17:28:01.688] [info] Controller idle = 5
[2026-06-29 17:28:01.688] [info] Controller idle = 1
[2026-06-29 17:28:01.688] [info] Controller idle = 1
[2026-06-29 17:28:01.688] [info] Controller idle = 5
[2026-06-29 17:28:01.688] [info] Controller idle = 3
[2026-06-29 17:28:01.688] [info] Controller idle = 2
[2026-06-29 17:28:01.688] [info] Controller idle = 5401
[2026-06-29 17:28:01.688] [info] Controller idle = 5363
[2026-06-29 17:28:01.688] [info] Controller idle = 1
[2026-06-29 17:28:01.688] [info] Controller idle = 2
[2026-06-29 17:28:01.688] [info] Controller idle = 2
[2026-06-29 17:28:01.688] [info] Controller idle = 17
[2026-06-29 17:28:01.688] [info] Controller idle = 12
[2026-06-29 17:28:01.688] [info] Controller idle = 3
[2026-06-29 17:28:01.688] [info] Controller idle = 1
[2026-06-29 17:28:01.688] [info] Controller idle = 4
[2026-06-29 17:28:01.688] [info] Controller idle = 5
[2026-06-29 17:28:01.688] [info] Controller idle = 1
[2026-06-29 17:28:01.688] [info] Controller idle = 5397
[2026-06-29 17:28:01.688] [info] Controller idle = 3
[2026-06-29 17:28:01.688] [info] Controller idle = 1
[2026-06-29 17:28:01.688] [info] Controller idle = 1
[2026-06-29 17:28:01.688] [info] Controller idle = 1
[2026-06-29 17:28:01.688] [info] Controller idle = 1
[2026-06-29 17:28:01.688] [info] Controller idle = 8
[2026-06-29 17:28:01.688] [info] Controller idle = 3
[2026-06-29 17:28:01.688] [info] Controller idle = 4
[2026-06-29 17:28:01.688] [info] Controller idle = 1
[2026-06-29 17:28:01.688] [info] Controller idle = 3
[2026-06-29 17:28:01.688] [info] Controller idle = 8
[2026-06-29 17:28:01.688] [info] Controller idle = 1
[2026-06-29 17:28:01.688] [info] Controller idle = 1
[2026-06-29 17:28:01.688] [info] Controller idle = 6
[2026-06-29 17:28:01.688] [info] Controller idle = 5402
[2026-06-29 17:28:01.688] [info] Controller idle = 1
[2026-06-29 17:28:01.688] [info] Controller idle = 4
[2026-06-29 17:28:01.688] [info] Controller idle = 4
[2026-06-29 17:28:01.688] [info] Controller idle = 1
[2026-06-29 17:28:01.688] [info] Controller idle = 1
[2026-06-29 17:28:01.688] [info] Controller idle = 3
[2026-06-29 17:28:01.688] [info] Controller idle = 9
[2026-06-29 17:28:01.688] [info] Controller idle = 2
[2026-06-29 17:28:01.688] [info] Controller idle = 2
[2026-06-29 17:28:01.688] [info] Controller idle = 1
[2026-06-29 17:28:01.688] [info] Controller idle = 2
[2026-06-29 17:28:01.688] [info] Controller idle = 3
[2026-06-29 17:28:01.688] [info] Controller idle = 1
[2026-06-29 17:28:01.688] [info] Controller idle = 1
[2026-06-29 17:28:01.688] [info] Controller idle = 5031
[2026-06-29 17:28:01.688] [info] Controller idle = 5364
[2026-06-29 17:28:01.688] [info] Controller idle = 6
[2026-06-29 17:28:01.688] [info] Controller idle = 4
[2026-06-29 17:28:01.688] [info] Controller idle = 6
[2026-06-29 17:28:01.688] [info] Controller idle = 2
[2026-06-29 17:28:01.688] [info] Controller idle = 1
[2026-06-29 17:28:01.688] [info] Controller idle = 2
[2026-06-29 17:28:01.688] [info] Controller idle = 1
[2026-06-29 17:28:01.688] [info] Controller idle = 2
[2026-06-29 17:28:01.688] [info] Controller idle = 1
[2026-06-29 17:28:01.688] [info] Controller idle = 3
[2026-06-29 17:28:01.688] [info] Controller idle = 1
[2026-06-29 17:28:01.688] [info] Controller idle = 5418
[2026-06-29 17:28:01.688] [info] Controller idle = 1
[2026-06-29 17:28:01.688] [info] Controller idle = 1
[2026-06-29 17:28:01.688] [info] Controller idle = 1
[2026-06-29 17:28:01.688] [info] Controller idle = 1
[2026-06-29 17:28:01.688] [info] Controller idle = 2
[2026-06-29 17:28:01.688] [info] Controller idle = 9
[2026-06-29 17:28:01.688] [info] Controller idle = 2
[2026-06-29 17:28:01.688] [info] Controller idle = 3
[2026-06-29 17:28:01.688] [info] Controller idle = 8
[2026-06-29 17:28:01.688] [info] Controller idle = 1
[2026-06-29 17:28:01.688] [info] Controller idle = 4
[2026-06-29 17:28:01.688] [info] Controller idle = 3
[2026-06-29 17:28:01.688] [info] Controller idle = 1
[2026-06-29 17:28:01.688] [info] Controller idle = 1
[2026-06-29 17:28:01.688] [info] Controller idle = 3
[2026-06-29 17:28:01.688] [info] Controller idle = 2
[2026-06-29 17:28:01.688] [info] Controller idle = 5397
[2026-06-29 17:28:01.688] [info] Controller idle = 2
[2026-06-29 17:28:01.688] [info] Controller idle = 1
[2026-06-29 17:28:01.688] [info] Controller idle = 1
[2026-06-29 17:28:01.688] [info] Controller idle = 9
[2026-06-29 17:28:01.688] [info] Controller idle = 2
[2026-06-29 17:28:01.688] [info] Controller idle = 1
[2026-06-29 17:28:01.688] [info] Controller idle = 3
[2026-06-29 17:28:01.688] [info] Controller idle = 1
[2026-06-29 17:28:01.688] [info] Controller idle = 1
[2026-06-29 17:28:01.688] [info] Controller idle = 5
[2026-06-29 17:28:01.688] [info] Controller idle = 2
[2026-06-29 17:28:01.688] [info] Controller idle = 10
[2026-06-29 17:28:01.688] [info] Controller idle = 5
[2026-06-29 17:28:01.688] [info] Controller idle = 5392
[2026-06-29 17:28:01.688] [info] Controller idle = 5363
[2026-06-29 17:28:01.688] [info] Controller idle = 3
[2026-06-29 17:28:01.688] [info] Controller idle = 2
[2026-06-29 17:28:01.688] [info] Controller idle = 9
[2026-06-29 17:28:01.688] [info] Controller idle = 2
[2026-06-29 17:28:01.688] [info] Controller idle = 4
[2026-06-29 17:28:01.688] [info] Controller idle = 2
[2026-06-29 17:28:01.688] [info] Controller idle = 1
[2026-06-29 17:28:01.688] [info] Controller idle = 2
[2026-06-29 17:28:01.688] [info] Controller idle = 1
[2026-06-29 17:28:01.688] [info] Controller idle = 2
[2026-06-29 17:28:01.688] [info] Controller idle = 4
[2026-06-29 17:28:01.688] [info] Controller idle = 1
[2026-06-29 17:28:01.688] [info] Controller idle = 10
[2026-06-29 17:28:01.688] [info] Controller idle = 1
[2026-06-29 17:28:01.688] [info] Controller idle = 5409
[2026-06-29 17:28:01.688] [info] Controller idle = 1
[2026-06-29 17:28:01.688] [info] Controller idle = 2
[2026-06-29 17:28:01.688] [info] Controller idle = 1
[2026-06-29 17:28:01.688] [info] Controller idle = 12
[2026-06-29 17:28:01.688] [info] Controller idle = 3
[2026-06-29 17:28:01.688] [info] Controller idle = 5
[2026-06-29 17:28:01.688] [info] Controller idle = 1
[2026-06-29 17:28:01.688] [info] Controller idle = 5
[2026-06-29 17:28:01.688] [info] Controller idle = 4
[2026-06-29 17:28:01.688] [info] Controller idle = 5
[2026-06-29 17:28:01.688] [info] Controller idle = 2
[2026-06-29 17:28:01.688] [info] Controller idle = 5394
[2026-06-29 17:28:01.688] [info] Controller idle = 1
[2026-06-29 17:28:01.688] [info] Controller idle = 3
[2026-06-29 17:28:01.688] [info] Controller idle = 1
[2026-06-29 17:28:01.688] [info] Controller idle = 2
[2026-06-29 17:28:01.688] [info] Controller idle = 1
[2026-06-29 17:28:01.688] [info] Controller idle = 1
[2026-06-29 17:28:01.688] [info] Controller idle = 1
[2026-06-29 17:28:01.688] [info] Controller idle = 4866
[2026-06-29 17:28:01.688] [info] Controller idle = 89
[2026-06-29 17:28:01.688] [info] Controller idle = 98
[2026-06-29 17:28:01.688] [info] Controller idle = 5137
[2026-06-29 17:28:01.688] [info] Controller idle = 1
[2026-06-29 17:28:01.688] [info] Controller idle = 5
[2026-06-29 17:28:01.688] [info] Controller idle = 6
[2026-06-29 17:28:01.688] [info] Controller idle = 117
[2026-06-29 17:28:01.688] [info] Controller idle = 1
[2026-06-29 17:28:01.688] [info] Controller idle = 1
[2026-06-29 17:28:01.688] [info] Controller idle = 11
[2026-06-29 17:28:01.688] [info] Controller idle = 3
[2026-06-29 17:28:01.688] [info] Controller idle = 1
[2026-06-29 17:28:01.688] [info] Controller idle = 13
[2026-06-29 17:28:01.688] [info] Controller idle = 1
[2026-06-29 17:28:01.688] [info] Controller idle = 4
[2026-06-29 17:28:01.688] [info] Controller idle = 1
[2026-06-29 17:28:01.688] [info] Controller idle = 3
[2026-06-29 17:28:01.688] [info] Controller idle = 119
[2026-06-29 17:28:01.688] [info] Controller idle = 2
[2026-06-29 17:28:01.688] [info] Controller idle = 4
[2026-06-29 17:28:01.688] [info] Controller idle = 1
[2026-06-29 17:28:01.688] [info] Controller idle = 1
[2026-06-29 17:28:01.688] [info] Controller idle = 14
[2026-06-29 17:28:01.688] [info] Controller idle = 5155
[2026-06-29 17:28:01.688] [info] Controller idle = 3
[2026-06-29 17:28:01.688] [info] Controller idle = 3
[2026-06-29 17:28:01.688] [info] Controller idle = 11
[2026-06-29 17:28:01.688] [info] Controller idle = 6
[2026-06-29 17:28:01.688] [info] Controller idle = 92
[2026-06-29 17:28:01.688] [info] Controller idle = 11
[2026-06-29 17:28:01.688] [info] Controller idle = 5
[2026-06-29 17:28:01.688] [info] Controller idle = 4
[2026-06-29 17:28:01.688] [info] Controller idle = 1
[2026-06-29 17:28:01.688] [info] Controller idle = 15
[2026-06-29 17:28:01.688] [info] Controller idle = 1
[2026-06-29 17:28:01.688] [info] Controller idle = 11
[2026-06-29 17:28:01.688] [info] Controller idle = 2
[2026-06-29 17:28:01.688] [info] Controller idle = 1
[2026-06-29 17:28:01.688] [info] Controller idle = 5
[2026-06-29 17:28:01.688] [info] Controller idle = 3
[2026-06-29 17:28:01.688] [info] Controller idle = 118
[2026-06-29 17:28:01.688] [info] Controller idle = 1
[2026-06-29 17:28:01.688] [info] Controller idle = 11
[2026-06-29 17:28:01.688] [info] Controller idle = 9
[2026-06-29 17:28:01.688] [info] Controller idle = 5151
[2026-06-29 17:28:01.688] [info] Controller idle = 5
[2026-06-29 17:28:01.688] [info] Controller idle = 4
[2026-06-29 17:28:01.688] [info] Controller idle = 1
[2026-06-29 17:28:01.688] [info] Controller idle = 1
[2026-06-29 17:28:01.688] [info] Controller idle = 131
[2026-06-29 17:28:01.688] [info] Controller idle = 1
[2026-06-29 17:28:01.688] [info] Controller idle = 1
[2026-06-29 17:28:01.688] [info] Controller idle = 10
[2026-06-29 17:28:01.688] [info] Controller idle = 3
[2026-06-29 17:28:01.688] [info] Controller idle = 3
[2026-06-29 17:28:01.688] [info] Controller idle = 1
[2026-06-29 17:28:01.688] [info] Controller idle = 4
[2026-06-29 17:28:01.688] [info] Controller idle = 1
[2026-06-29 17:28:01.688] [info] Controller idle = 8
[2026-06-29 17:28:01.688] [info] Controller idle = 3
[2026-06-29 17:28:01.688] [info] Controller idle = 5
[2026-06-29 17:28:01.688] [info] Controller idle = 117
[2026-06-29 17:28:01.688] [info] Controller idle = 8
[2026-06-29 17:28:01.688] [info] Controller idle = 15
[2026-06-29 17:28:01.688] [info] Controller idle = 5152
[2026-06-29 17:28:01.688] [info] Controller idle = 89
[2026-06-29 17:28:01.688] [info] Controller idle = 94
[2026-06-29 17:28:01.688] [info] Controller idle = 1
[2026-06-29 17:28:01.688] [info] Controller idle = 1
[2026-06-29 17:28:01.688] [info] Controller idle = 5140
[2026-06-29 17:28:01.688] [info] Controller idle = 2
[2026-06-29 17:28:01.689] [info] Controller idle = 3
[2026-06-29 17:28:01.689] [info] Controller idle = 4
[2026-06-29 17:28:01.689] [info] Controller idle = 1
[2026-06-29 17:28:01.689] [info] Controller idle = 1
[2026-06-29 17:28:01.689] [info] Controller idle = 1
[2026-06-29 17:28:01.689] [info] Controller idle = 116
[2026-06-29 17:28:01.689] [info] Controller idle = 3
[2026-06-29 17:28:01.689] [info] Controller idle = 3
[2026-06-29 17:28:01.689] [info] Controller idle = 2
[2026-06-29 17:28:01.689] [info] Controller idle = 8
[2026-06-29 17:28:01.689] [info] Controller idle = 7
[2026-06-29 17:28:01.689] [info] Controller idle = 15
[2026-06-29 17:28:01.689] [info] Controller idle = 1
[2026-06-29 17:28:01.689] [info] Controller idle = 123
[2026-06-29 17:28:01.689] [info] Controller idle = 7
[2026-06-29 17:28:01.689] [info] Controller idle = 2
[2026-06-29 17:28:01.689] [info] Controller idle = 6
[2026-06-29 17:28:01.689] [info] Controller idle = 3
[2026-06-29 17:28:01.689] [info] Controller idle = 4
[2026-06-29 17:28:01.689] [info] Controller idle = 3
[2026-06-29 17:28:01.689] [info] Controller idle = 5150
[2026-06-29 17:28:01.689] [info] Controller idle = 1
[2026-06-29 17:28:01.689] [info] Controller idle = 5
[2026-06-29 17:28:01.689] [info] Controller idle = 2
[2026-06-29 17:28:01.689] [info] Controller idle = 1
[2026-06-29 17:28:01.689] [info] Controller idle = 2
[2026-06-29 17:28:01.689] [info] Controller idle = 114
[2026-06-29 17:28:01.689] [info] Controller idle = 1
[2026-06-29 17:28:01.689] [info] Controller idle = 4
[2026-06-29 17:28:01.689] [info] Controller idle = 9
[2026-06-29 17:28:01.689] [info] Controller idle = 5
[2026-06-29 17:28:01.689] [info] Controller idle = 3
[2026-06-29 17:28:01.689] [info] Controller idle = 21
[2026-06-29 17:28:01.689] [info] Controller idle = 6
[2026-06-29 17:28:01.689] [info] Controller idle = 118
[2026-06-29 17:28:01.689] [info] Controller idle = 9
[2026-06-29 17:28:01.689] [info] Controller idle = 2
[2026-06-29 17:28:01.689] [info] Controller idle = 8
[2026-06-29 17:28:01.689] [info] Controller idle = 5150
[2026-06-29 17:28:01.689] [info] Controller idle = 2
[2026-06-29 17:28:01.689] [info] Controller idle = 1
[2026-06-29 17:28:01.689] [info] Controller idle = 21
[2026-06-29 17:28:01.689] [info] Controller idle = 7
[2026-06-29 17:28:01.689] [info] Controller idle = 112
[2026-06-29 17:28:01.689] [info] Controller idle = 1
[2026-06-29 17:28:01.689] [info] Controller idle = 1
[2026-06-29 17:28:01.689] [info] Controller idle = 3
[2026-06-29 17:28:01.689] [info] Controller idle = 5
[2026-06-29 17:28:01.689] [info] Controller idle = 4
[2026-06-29 17:28:01.689] [info] Controller idle = 5
[2026-06-29 17:28:01.689] [info] Controller idle = 9
[2026-06-29 17:28:01.689] [info] Controller idle = 1
[2026-06-29 17:28:01.689] [info] Controller idle = 11
[2026-06-29 17:28:01.689] [info] Controller idle = 5
[2026-06-29 17:28:01.689] [info] Controller idle = 5
[2026-06-29 17:28:01.689] [info] Controller idle = 1
[2026-06-29 17:28:01.689] [info] Controller idle = 119
[2026-06-29 17:28:01.689] [info] Controller idle = 54
[2026-06-29 17:28:01.689] [info] Controller idle = 1049
[2026-06-29 17:28:01.689] [info] Controller idle = 21
[2026-06-29 17:28:01.689] [info] Controller idle = 2
[2026-06-29 17:28:01.689] [info] Controller idle = 10
MemorySystem:
  impl: GenericDRAM
  total_num_other_requests: 0
  total_num_write_requests: 77648
  total_num_read_requests: 55348
  memory_system_cycles: 2594267

  DRAM:
    impl: HBM2
    dram_commands: 207152
  AddrMapper:
    impl: RoBaRaCoCh
  Controller:
    impl: Generic
    id: Channel 0
    Scheduler:
      impl: FRFCFS
    RefreshManager:
      impl: AllBank



Frontend:
  impl: GEM5

[2026-06-29 17:28:01.689] [info] Row hits: 95863, Row misses: 969, Row conflicts: 35881
[2026-06-29 17:28:01.689] [info] Controller idle = 11
[2026-06-29 17:28:01.689] [info] Controller idle = 26681
[2026-06-29 17:28:01.689] [info] Controller idle = 25733
[2026-06-29 17:28:01.689] [info] Controller idle = 25731
[2026-06-29 17:28:01.689] [info] Controller idle = 25718
[2026-06-29 17:28:01.689] [info] Controller idle = 25698
[2026-06-29 17:28:01.689] [info] Controller idle = 25724
[2026-06-29 17:28:01.689] [info] Controller idle = 25732
[2026-06-29 17:28:01.689] [info] Controller idle = 25937
[2026-06-29 17:28:01.689] [info] Controller idle = 25772
[2026-06-29 17:28:01.689] [info] Controller idle = 231796
[2026-06-29 17:28:01.689] [info] Controller idle = 6
[2026-06-29 17:28:01.689] [info] Controller idle = 231847
[2026-06-29 17:28:01.689] [info] Controller idle = 231800
[2026-06-29 17:28:01.689] [info] Controller idle = 1
[2026-06-29 17:28:01.689] [info] Controller idle = 1
[2026-06-29 17:28:01.689] [info] Controller idle = 1
[2026-06-29 17:28:01.689] [info] Controller idle = 4
[2026-06-29 17:28:01.689] [info] Controller idle = 5
[2026-06-29 17:28:01.689] [info] Controller idle = 3
[2026-06-29 17:28:01.689] [info] Controller idle = 4
[2026-06-29 17:28:01.689] [info] Controller idle = 3
[2026-06-29 17:28:01.689] [info] Controller idle = 231652
[2026-06-29 17:28:01.689] [info] Controller idle = 231628
[2026-06-29 17:28:01.689] [info] Controller idle = 231890
[2026-06-29 17:28:01.689] [info] Controller idle = 232615
[2026-06-29 17:28:01.689] [info] Controller idle = 23201
[2026-06-29 17:28:01.689] [info] Controller idle = 8003
[2026-06-29 17:28:01.689] [info] Controller idle = 1
[2026-06-29 17:28:01.689] [info] Controller idle = 1
[2026-06-29 17:28:01.689] [info] Controller idle = 2
[2026-06-29 17:28:01.689] [info] Controller idle = 9
[2026-06-29 17:28:01.689] [info] Controller idle = 1
[2026-06-29 17:28:01.689] [info] Controller idle = 1
[2026-06-29 17:28:01.689] [info] Controller idle = 2
[2026-06-29 17:28:01.689] [info] Controller idle = 3
[2026-06-29 17:28:01.689] [info] Controller idle = 1
[2026-06-29 17:28:01.689] [info] Controller idle = 1
[2026-06-29 17:28:01.689] [info] Controller idle = 9
[2026-06-29 17:28:01.689] [info] Controller idle = 1
[2026-06-29 17:28:01.689] [info] Controller idle = 1
[2026-06-29 17:28:01.689] [info] Controller idle = 4
[2026-06-29 17:28:01.689] [info] Controller idle = 1
[2026-06-29 17:28:01.689] [info] Controller idle = 1
[2026-06-29 17:28:01.689] [info] Controller idle = 7
[2026-06-29 17:28:01.689] [info] Controller idle = 2
[2026-06-29 17:28:01.689] [info] Controller idle = 3
[2026-06-29 17:28:01.689] [info] Controller idle = 1
[2026-06-29 17:28:01.689] [info] Controller idle = 1
[2026-06-29 17:28:01.689] [info] Controller idle = 1
[2026-06-29 17:28:01.689] [info] Controller idle = 4
[2026-06-29 17:28:01.689] [info] Controller idle = 3
[2026-06-29 17:28:01.689] [info] Controller idle = 2
[2026-06-29 17:28:01.689] [info] Controller idle = 11
[2026-06-29 17:28:01.689] [info] Controller idle = 3
[2026-06-29 17:28:01.689] [info] Controller idle = 3
[2026-06-29 17:28:01.689] [info] Controller idle = 1
[2026-06-29 17:28:01.689] [info] Controller idle = 1
[2026-06-29 17:28:01.689] [info] Controller idle = 7
[2026-06-29 17:28:01.689] [info] Controller idle = 8
[2026-06-29 17:28:01.689] [info] Controller idle = 1
[2026-06-29 17:28:01.689] [info] Controller idle = 1
[2026-06-29 17:28:01.689] [info] Controller idle = 2
[2026-06-29 17:28:01.689] [info] Controller idle = 4
[2026-06-29 17:28:01.689] [info] Controller idle = 1
[2026-06-29 17:28:01.689] [info] Controller idle = 11
[2026-06-29 17:28:01.689] [info] Controller idle = 4
[2026-06-29 17:28:01.689] [info] Controller idle = 8
[2026-06-29 17:28:01.689] [info] Controller idle = 3
[2026-06-29 17:28:01.689] [info] Controller idle = 1
[2026-06-29 17:28:01.689] [info] Controller idle = 3
[2026-06-29 17:28:01.689] [info] Controller idle = 6
[2026-06-29 17:28:01.689] [info] Controller idle = 1
[2026-06-29 17:28:01.689] [info] Controller idle = 1
[2026-06-29 17:28:01.689] [info] Controller idle = 10
[2026-06-29 17:28:01.689] [info] Controller idle = 3
[2026-06-29 17:28:01.689] [info] Controller idle = 7
[2026-06-29 17:28:01.689] [info] Controller idle = 1
[2026-06-29 17:28:01.689] [info] Controller idle = 1
[2026-06-29 17:28:01.689] [info] Controller idle = 3
[2026-06-29 17:28:01.689] [info] Controller idle = 1
[2026-06-29 17:28:01.689] [info] Controller idle = 2
[2026-06-29 17:28:01.689] [info] Controller idle = 6
[2026-06-29 17:28:01.689] [info] Controller idle = 18
[2026-06-29 17:28:01.689] [info] Controller idle = 3
[2026-06-29 17:28:01.689] [info] Controller idle = 34
[2026-06-29 17:28:01.689] [info] Controller idle = 1
[2026-06-29 17:28:01.689] [info] Controller idle = 3
[2026-06-29 17:28:01.689] [info] Controller idle = 6
[2026-06-29 17:28:01.689] [info] Controller idle = 4
[2026-06-29 17:28:01.689] [info] Controller idle = 1
[2026-06-29 17:28:01.689] [info] Controller idle = 2
[2026-06-29 17:28:01.689] [info] Controller idle = 4
[2026-06-29 17:28:01.689] [info] Controller idle = 3
[2026-06-29 17:28:01.689] [info] Controller idle = 3
[2026-06-29 17:28:01.689] [info] Controller idle = 13
[2026-06-29 17:28:01.689] [info] Controller idle = 14
[2026-06-29 17:28:01.689] [info] Controller idle = 8
[2026-06-29 17:28:01.689] [info] Controller idle = 22
[2026-06-29 17:28:01.689] [info] Controller idle = 21495
[2026-06-29 17:28:01.689] [info] Controller idle = 8013
[2026-06-29 17:28:01.689] [info] Controller idle = 1
[2026-06-29 17:28:01.689] [info] Controller idle = 2
[2026-06-29 17:28:01.689] [info] Controller idle = 1
[2026-06-29 17:28:01.689] [info] Controller idle = 1
[2026-06-29 17:28:01.689] [info] Controller idle = 8
[2026-06-29 17:28:01.689] [info] Controller idle = 1
[2026-06-29 17:28:01.689] [info] Controller idle = 1
[2026-06-29 17:28:01.689] [info] Controller idle = 2
[2026-06-29 17:28:01.689] [info] Controller idle = 9
[2026-06-29 17:28:01.689] [info] Controller idle = 1
[2026-06-29 17:28:01.689] [info] Controller idle = 6
[2026-06-29 17:28:01.689] [info] Controller idle = 3
[2026-06-29 17:28:01.689] [info] Controller idle = 6
[2026-06-29 17:28:01.689] [info] Controller idle = 1
[2026-06-29 17:28:01.689] [info] Controller idle = 34445
[2026-06-29 17:28:01.689] [info] Controller idle = 29255
[2026-06-29 17:28:01.689] [info] Controller idle = 33617
[2026-06-29 17:28:01.689] [info] Controller idle = 9
[2026-06-29 17:28:01.689] [info] Controller idle = 2
[2026-06-29 17:28:01.689] [info] Controller idle = 1
[2026-06-29 17:28:01.689] [info] Controller idle = 1
[2026-06-29 17:28:01.689] [info] Controller idle = 1
[2026-06-29 17:28:01.689] [info] Controller idle = 1
[2026-06-29 17:28:01.689] [info] Controller idle = 1
[2026-06-29 17:28:01.689] [info] Controller idle = 15
[2026-06-29 17:28:01.689] [info] Controller idle = 6
[2026-06-29 17:28:01.689] [info] Controller idle = 1
[2026-06-29 17:28:01.689] [info] Controller idle = 20
[2026-06-29 17:28:01.689] [info] Controller idle = 1
[2026-06-29 17:28:01.689] [info] Controller idle = 2
[2026-06-29 17:28:01.689] [info] Controller idle = 2
[2026-06-29 17:28:01.689] [info] Controller idle = 4
[2026-06-29 17:28:01.689] [info] Controller idle = 3
[2026-06-29 17:28:01.689] [info] Controller idle = 3
[2026-06-29 17:28:01.689] [info] Controller idle = 8
[2026-06-29 17:28:01.689] [info] Controller idle = 14
[2026-06-29 17:28:01.689] [info] Controller idle = 1
[2026-06-29 17:28:01.689] [info] Controller idle = 1
[2026-06-29 17:28:01.689] [info] Controller idle = 3
[2026-06-29 17:28:01.689] [info] Controller idle = 44
[2026-06-29 17:28:01.689] [info] Controller idle = 29637
[2026-06-29 17:28:01.689] [info] Controller idle = 1
[2026-06-29 17:28:01.689] [info] Controller idle = 5
[2026-06-29 17:28:01.689] [info] Controller idle = 5
[2026-06-29 17:28:01.689] [info] Controller idle = 5
[2026-06-29 17:28:01.689] [info] Controller idle = 3
[2026-06-29 17:28:01.689] [info] Controller idle = 1
[2026-06-29 17:28:01.689] [info] Controller idle = 1
[2026-06-29 17:28:01.689] [info] Controller idle = 32789
[2026-06-29 17:28:01.689] [info] Controller idle = 6
[2026-06-29 17:28:01.689] [info] Controller idle = 10
[2026-06-29 17:28:01.689] [info] Controller idle = 2
[2026-06-29 17:28:01.689] [info] Controller idle = 5
[2026-06-29 17:28:01.690] [info] Controller idle = 2
[2026-06-29 17:28:01.690] [info] Controller idle = 4
[2026-06-29 17:28:01.690] [info] Controller idle = 29247
[2026-06-29 17:28:01.690] [info] Controller idle = 7
[2026-06-29 17:28:01.690] [info] Controller idle = 8
[2026-06-29 17:28:01.690] [info] Controller idle = 3
[2026-06-29 17:28:01.690] [info] Controller idle = 16
[2026-06-29 17:28:01.690] [info] Controller idle = 9097
[2026-06-29 17:28:01.690] [info] Controller idle = 1
[2026-06-29 17:28:01.690] [info] Controller idle = 5
[2026-06-29 17:28:01.690] [info] Controller idle = 1
[2026-06-29 17:28:01.690] [info] Controller idle = 1
[2026-06-29 17:28:01.690] [info] Controller idle = 1
[2026-06-29 17:28:01.690] [info] Controller idle = 14
[2026-06-29 17:28:01.690] [info] Controller idle = 13
[2026-06-29 17:28:01.690] [info] Controller idle = 6398
[2026-06-29 17:28:01.690] [info] Controller idle = 1506
[2026-06-29 17:28:01.690] [info] Controller idle = 1
[2026-06-29 17:28:01.690] [info] Controller idle = 2
[2026-06-29 17:28:01.690] [info] Controller idle = 9011
[2026-06-29 17:28:01.690] [info] Controller idle = 1
[2026-06-29 17:28:01.690] [info] Controller idle = 1
[2026-06-29 17:28:01.690] [info] Controller idle = 4
[2026-06-29 17:28:01.690] [info] Controller idle = 1
[2026-06-29 17:28:01.690] [info] Controller idle = 2
[2026-06-29 17:28:01.690] [info] Controller idle = 1
[2026-06-29 17:28:01.690] [info] Controller idle = 17
[2026-06-29 17:28:01.690] [info] Controller idle = 6411
[2026-06-29 17:28:01.690] [info] Controller idle = 9130
[2026-06-29 17:28:01.690] [info] Controller idle = 1
[2026-06-29 17:28:01.690] [info] Controller idle = 1
[2026-06-29 17:28:01.690] [info] Controller idle = 2
[2026-06-29 17:28:01.690] [info] Controller idle = 4
[2026-06-29 17:28:01.690] [info] Controller idle = 3
[2026-06-29 17:28:01.690] [info] Controller idle = 2
[2026-06-29 17:28:01.690] [info] Controller idle = 1
[2026-06-29 17:28:01.690] [info] Controller idle = 2
[2026-06-29 17:28:01.690] [info] Controller idle = 4
[2026-06-29 17:28:01.690] [info] Controller idle = 1
[2026-06-29 17:28:01.690] [info] Controller idle = 8
[2026-06-29 17:28:01.690] [info] Controller idle = 10
[2026-06-29 17:28:01.690] [info] Controller idle = 6373
[2026-06-29 17:28:01.690] [info] Controller idle = 9085
[2026-06-29 17:28:01.690] [info] Controller idle = 1
[2026-06-29 17:28:01.690] [info] Controller idle = 2
[2026-06-29 17:28:01.690] [info] Controller idle = 5
[2026-06-29 17:28:01.690] [info] Controller idle = 2
[2026-06-29 17:28:01.690] [info] Controller idle = 5
[2026-06-29 17:28:01.690] [info] Controller idle = 1
[2026-06-29 17:28:01.690] [info] Controller idle = 5
[2026-06-29 17:28:01.690] [info] Controller idle = 2
[2026-06-29 17:28:01.690] [info] Controller idle = 6
[2026-06-29 17:28:01.690] [info] Controller idle = 4
[2026-06-29 17:28:01.690] [info] Controller idle = 6440
[2026-06-29 17:28:01.690] [info] Controller idle = 2811
[2026-06-29 17:28:01.690] [info] Controller idle = 1549
[2026-06-29 17:28:01.690] [info] Controller idle = 2
[2026-06-29 17:28:01.690] [info] Controller idle = 1559
[2026-06-29 17:28:01.690] [info] Controller idle = 1561
[2026-06-29 17:28:01.690] [info] Controller idle = 2
[2026-06-29 17:28:01.690] [info] Controller idle = 2
[2026-06-29 17:28:01.690] [info] Controller idle = 667
[2026-06-29 17:28:01.690] [info] Controller idle = 4866
[2026-06-29 17:28:01.690] [info] Controller idle = 3670
[2026-06-29 17:28:01.690] [info] Controller idle = 3705
[2026-06-29 17:28:01.690] [info] Controller idle = 3668
[2026-06-29 17:28:01.690] [info] Controller idle = 3894
[2026-06-29 17:28:01.690] [info] Controller idle = 3662
[2026-06-29 17:28:01.690] [info] Controller idle = 3
[2026-06-29 17:28:01.690] [info] Controller idle = 3698
[2026-06-29 17:28:01.690] [info] Controller idle = 11
[2026-06-29 17:28:01.690] [info] Controller idle = 3681
[2026-06-29 17:28:01.690] [info] Controller idle = 1
[2026-06-29 17:28:01.690] [info] Controller idle = 3999
[2026-06-29 17:28:01.690] [info] Controller idle = 3687
[2026-06-29 17:28:01.690] [info] Controller idle = 1
[2026-06-29 17:28:01.690] [info] Controller idle = 3
[2026-06-29 17:28:01.690] [info] Controller idle = 3702
[2026-06-29 17:28:01.690] [info] Controller idle = 1
[2026-06-29 17:28:01.690] [info] Controller idle = 1
[2026-06-29 17:28:01.690] [info] Controller idle = 3665
[2026-06-29 17:28:01.690] [info] Controller idle = 2842
[2026-06-29 17:28:01.690] [info] Controller idle = 64
[2026-06-29 17:28:01.690] [info] Controller idle = 69
[2026-06-29 17:28:01.690] [info] Controller idle = 2426
[2026-06-29 17:28:01.690] [info] Controller idle = 5
[2026-06-29 17:28:01.690] [info] Controller idle = 9
[2026-06-29 17:28:01.690] [info] Controller idle = 1
[2026-06-29 17:28:01.690] [info] Controller idle = 2
[2026-06-29 17:28:01.690] [info] Controller idle = 1
[2026-06-29 17:28:01.690] [info] Controller idle = 81
[2026-06-29 17:28:01.690] [info] Controller idle = 8
[2026-06-29 17:28:01.690] [info] Controller idle = 2
[2026-06-29 17:28:01.690] [info] Controller idle = 14
[2026-06-29 17:28:01.690] [info] Controller idle = 2
[2026-06-29 17:28:01.690] [info] Controller idle = 90
[2026-06-29 17:28:01.690] [info] Controller idle = 4
[2026-06-29 17:28:01.690] [info] Controller idle = 4
[2026-06-29 17:28:01.690] [info] Controller idle = 11
[2026-06-29 17:28:01.690] [info] Controller idle = 2
[2026-06-29 17:28:01.690] [info] Controller idle = 6
[2026-06-29 17:28:01.690] [info] Controller idle = 9
[2026-06-29 17:28:01.690] [info] Controller idle = 1
[2026-06-29 17:28:01.690] [info] Controller idle = 6
[2026-06-29 17:28:01.690] [info] Controller idle = 4
[2026-06-29 17:28:01.690] [info] Controller idle = 3
[2026-06-29 17:28:01.690] [info] Controller idle = 1
[2026-06-29 17:28:01.690] [info] Controller idle = 2448
[2026-06-29 17:28:01.690] [info] Controller idle = 2
[2026-06-29 17:28:01.690] [info] Controller idle = 8
[2026-06-29 17:28:01.690] [info] Controller idle = 4
[2026-06-29 17:28:01.690] [info] Controller idle = 6
[2026-06-29 17:28:01.690] [info] Controller idle = 4
[2026-06-29 17:28:01.690] [info] Controller idle = 77
[2026-06-29 17:28:01.690] [info] Controller idle = 2
[2026-06-29 17:28:01.690] [info] Controller idle = 1
[2026-06-29 17:28:01.690] [info] Controller idle = 1
[2026-06-29 17:28:01.690] [info] Controller idle = 1
[2026-06-29 17:28:01.690] [info] Controller idle = 14
[2026-06-29 17:28:01.690] [info] Controller idle = 88
[2026-06-29 17:28:01.690] [info] Controller idle = 5
[2026-06-29 17:28:01.690] [info] Controller idle = 3
[2026-06-29 17:28:01.690] [info] Controller idle = 6
[2026-06-29 17:28:01.690] [info] Controller idle = 1
[2026-06-29 17:28:01.690] [info] Controller idle = 17
[2026-06-29 17:28:01.690] [info] Controller idle = 9
[2026-06-29 17:28:01.690] [info] Controller idle = 11
[2026-06-29 17:28:01.690] [info] Controller idle = 1
[2026-06-29 17:28:01.690] [info] Controller idle = 2430
[2026-06-29 17:28:01.690] [info] Controller idle = 5
[2026-06-29 17:28:01.690] [info] Controller idle = 3
[2026-06-29 17:28:01.690] [info] Controller idle = 3
[2026-06-29 17:28:01.690] [info] Controller idle = 3
[2026-06-29 17:28:01.690] [info] Controller idle = 4
[2026-06-29 17:28:01.690] [info] Controller idle = 94
[2026-06-29 17:28:01.690] [info] Controller idle = 6
[2026-06-29 17:28:01.690] [info] Controller idle = 13
[2026-06-29 17:28:01.690] [info] Controller idle = 2
[2026-06-29 17:28:01.690] [info] Controller idle = 88
[2026-06-29 17:28:01.690] [info] Controller idle = 5
[2026-06-29 17:28:01.690] [info] Controller idle = 3
[2026-06-29 17:28:01.690] [info] Controller idle = 1
[2026-06-29 17:28:01.690] [info] Controller idle = 2
[2026-06-29 17:28:01.690] [info] Controller idle = 24
[2026-06-29 17:28:01.690] [info] Controller idle = 1
[2026-06-29 17:28:01.690] [info] Controller idle = 7
[2026-06-29 17:28:01.690] [info] Controller idle = 1
[2026-06-29 17:28:01.690] [info] Controller idle = 1
[2026-06-29 17:28:01.690] [info] Controller idle = 2435
[2026-06-29 17:28:01.690] [info] Controller idle = 52
[2026-06-29 17:28:01.690] [info] Controller idle = 62
[2026-06-29 17:28:01.690] [info] Controller idle = 2405
[2026-06-29 17:28:01.690] [info] Controller idle = 3
[2026-06-29 17:28:01.690] [info] Controller idle = 1
[2026-06-29 17:28:01.690] [info] Controller idle = 2
[2026-06-29 17:28:01.690] [info] Controller idle = 5
[2026-06-29 17:28:01.690] [info] Controller idle = 6
[2026-06-29 17:28:01.690] [info] Controller idle = 88
[2026-06-29 17:28:01.690] [info] Controller idle = 1
[2026-06-29 17:28:01.690] [info] Controller idle = 7
[2026-06-29 17:28:01.690] [info] Controller idle = 5
[2026-06-29 17:28:01.690] [info] Controller idle = 4
[2026-06-29 17:28:01.690] [info] Controller idle = 1
[2026-06-29 17:28:01.690] [info] Controller idle = 5
[2026-06-29 17:28:01.690] [info] Controller idle = 93
[2026-06-29 17:28:01.690] [info] Controller idle = 2
[2026-06-29 17:28:01.690] [info] Controller idle = 5
[2026-06-29 17:28:01.690] [info] Controller idle = 1
[2026-06-29 17:28:01.690] [info] Controller idle = 18
[2026-06-29 17:28:01.690] [info] Controller idle = 1
[2026-06-29 17:28:01.690] [info] Controller idle = 1
[2026-06-29 17:28:01.690] [info] Controller idle = 3
[2026-06-29 17:28:01.690] [info] Controller idle = 8
[2026-06-29 17:28:01.690] [info] Controller idle = 3
[2026-06-29 17:28:01.690] [info] Controller idle = 2435
[2026-06-29 17:28:01.690] [info] Controller idle = 1
[2026-06-29 17:28:01.690] [info] Controller idle = 1
[2026-06-29 17:28:01.690] [info] Controller idle = 2
[2026-06-29 17:28:01.690] [info] Controller idle = 1
[2026-06-29 17:28:01.690] [info] Controller idle = 97
[2026-06-29 17:28:01.690] [info] Controller idle = 7
[2026-06-29 17:28:01.690] [info] Controller idle = 7
[2026-06-29 17:28:01.690] [info] Controller idle = 5
[2026-06-29 17:28:01.690] [info] Controller idle = 4
[2026-06-29 17:28:01.690] [info] Controller idle = 89
[2026-06-29 17:28:01.690] [info] Controller idle = 1
[2026-06-29 17:28:01.690] [info] Controller idle = 3
[2026-06-29 17:28:01.690] [info] Controller idle = 2
[2026-06-29 17:28:01.690] [info] Controller idle = 1
[2026-06-29 17:28:01.690] [info] Controller idle = 1
[2026-06-29 17:28:01.690] [info] Controller idle = 9
[2026-06-29 17:28:01.690] [info] Controller idle = 3
[2026-06-29 17:28:01.690] [info] Controller idle = 1
[2026-06-29 17:28:01.690] [info] Controller idle = 3
[2026-06-29 17:28:01.690] [info] Controller idle = 2442
[2026-06-29 17:28:01.690] [info] Controller idle = 1
[2026-06-29 17:28:01.690] [info] Controller idle = 1
[2026-06-29 17:28:01.690] [info] Controller idle = 1
[2026-06-29 17:28:01.690] [info] Controller idle = 1
[2026-06-29 17:28:01.690] [info] Controller idle = 89
[2026-06-29 17:28:01.690] [info] Controller idle = 1
[2026-06-29 17:28:01.690] [info] Controller idle = 3
[2026-06-29 17:28:01.690] [info] Controller idle = 12
[2026-06-29 17:28:01.690] [info] Controller idle = 104
[2026-06-29 17:28:01.690] [info] Controller idle = 1
[2026-06-29 17:28:01.690] [info] Controller idle = 12
[2026-06-29 17:28:01.690] [info] Controller idle = 1
[2026-06-29 17:28:01.690] [info] Controller idle = 12
[2026-06-29 17:28:01.690] [info] Controller idle = 552
[2026-06-29 17:28:01.690] [info] Controller idle = 111
[2026-06-29 17:28:01.690] [info] Controller idle = 1
[2026-06-29 17:28:01.690] [info] Controller idle = 1
[2026-06-29 17:28:01.690] [info] Controller idle = 9
[2026-06-29 17:28:01.690] [info] Controller idle = 1
[2026-06-29 17:28:01.690] [info] Controller idle = 5
[2026-06-29 17:28:01.690] [info] Controller idle = 1
[2026-06-29 17:28:01.690] [info] Controller idle = 12
[2026-06-29 17:28:01.690] [info] Controller idle = 1
[2026-06-29 17:28:01.690] [info] Controller idle = 3
[2026-06-29 17:28:01.690] [info] Controller idle = 3
[2026-06-29 17:28:01.690] [info] Controller idle = 26
[2026-06-29 17:28:01.690] [info] Controller idle = 4
[2026-06-29 17:28:01.690] [info] Controller idle = 1
[2026-06-29 17:28:01.690] [info] Controller idle = 2
[2026-06-29 17:28:01.690] [info] Controller idle = 15
[2026-06-29 17:28:01.690] [info] Controller idle = 5
[2026-06-29 17:28:01.690] [info] Controller idle = 5
[2026-06-29 17:28:01.690] [info] Controller idle = 1
[2026-06-29 17:28:01.690] [info] Controller idle = 2
[2026-06-29 17:28:01.690] [info] Controller idle = 1
[2026-06-29 17:28:01.690] [info] Controller idle = 2
[2026-06-29 17:28:01.690] [info] Controller idle = 14
[2026-06-29 17:28:01.690] [info] Controller idle = 1
[2026-06-29 17:28:01.690] [info] Controller idle = 126
[2026-06-29 17:28:01.690] [info] Controller idle = 4
[2026-06-29 17:28:01.690] [info] Controller idle = 1
[2026-06-29 17:28:01.690] [info] Controller idle = 3
[2026-06-29 17:28:01.690] [info] Controller idle = 8
[2026-06-29 17:28:01.690] [info] Controller idle = 2
[2026-06-29 17:28:01.690] [info] Controller idle = 1
[2026-06-29 17:28:01.690] [info] Controller idle = 17
[2026-06-29 17:28:01.690] [info] Controller idle = 35
[2026-06-29 17:28:01.690] [info] Controller idle = 1
[2026-06-29 17:28:01.690] [info] Controller idle = 4
[2026-06-29 17:28:01.690] [info] Controller idle = 18
[2026-06-29 17:28:01.690] [info] Controller idle = 4
[2026-06-29 17:28:01.690] [info] Controller idle = 4
[2026-06-29 17:28:01.690] [info] Controller idle = 1
[2026-06-29 17:28:01.690] [info] Controller idle = 3
[2026-06-29 17:28:01.690] [info] Controller idle = 6
[2026-06-29 17:28:01.690] [info] Controller idle = 9
[2026-06-29 17:28:01.690] [info] Controller idle = 2
[2026-06-29 17:28:01.690] [info] Controller idle = 130
[2026-06-29 17:28:01.690] [info] Controller idle = 3
[2026-06-29 17:28:01.690] [info] Controller idle = 1
[2026-06-29 17:28:01.690] [info] Controller idle = 2
[2026-06-29 17:28:01.690] [info] Controller idle = 3
[2026-06-29 17:28:01.690] [info] Controller idle = 1
[2026-06-29 17:28:01.690] [info] Controller idle = 5
[2026-06-29 17:28:01.690] [info] Controller idle = 1
[2026-06-29 17:28:01.690] [info] Controller idle = 6
[2026-06-29 17:28:01.690] [info] Controller idle = 2
[2026-06-29 17:28:01.690] [info] Controller idle = 40
[2026-06-29 17:28:01.690] [info] Controller idle = 1
[2026-06-29 17:28:01.690] [info] Controller idle = 1
[2026-06-29 17:28:01.690] [info] Controller idle = 1
[2026-06-29 17:28:01.690] [info] Controller idle = 3
[2026-06-29 17:28:01.690] [info] Controller idle = 3
[2026-06-29 17:28:01.690] [info] Controller idle = 17
[2026-06-29 17:28:01.690] [info] Controller idle = 2
[2026-06-29 17:28:01.690] [info] Controller idle = 1
[2026-06-29 17:28:01.690] [info] Controller idle = 1
[2026-06-29 17:28:01.690] [info] Controller idle = 5
[2026-06-29 17:28:01.690] [info] Controller idle = 1
[2026-06-29 17:28:01.690] [info] Controller idle = 9
[2026-06-29 17:28:01.690] [info] Controller idle = 5
[2026-06-29 17:28:01.690] [info] Controller idle = 125
[2026-06-29 17:28:01.690] [info] Controller idle = 112
[2026-06-29 17:28:01.690] [info] Controller idle = 1
[2026-06-29 17:28:01.690] [info] Controller idle = 2
[2026-06-29 17:28:01.690] [info] Controller idle = 7
[2026-06-29 17:28:01.690] [info] Controller idle = 3
[2026-06-29 17:28:01.690] [info] Controller idle = 1
[2026-06-29 17:28:01.690] [info] Controller idle = 10
[2026-06-29 17:28:01.690] [info] Controller idle = 5
[2026-06-29 17:28:01.690] [info] Controller idle = 1
[2026-06-29 17:28:01.690] [info] Controller idle = 28
[2026-06-29 17:28:01.690] [info] Controller idle = 1
[2026-06-29 17:28:01.690] [info] Controller idle = 20
[2026-06-29 17:28:01.690] [info] Controller idle = 1
[2026-06-29 17:28:01.690] [info] Controller idle = 1
[2026-06-29 17:28:01.690] [info] Controller idle = 1
[2026-06-29 17:28:01.690] [info] Controller idle = 2
[2026-06-29 17:28:01.690] [info] Controller idle = 4
[2026-06-29 17:28:01.690] [info] Controller idle = 1
[2026-06-29 17:28:01.690] [info] Controller idle = 1
[2026-06-29 17:28:01.690] [info] Controller idle = 1
[2026-06-29 17:28:01.690] [info] Controller idle = 3
[2026-06-29 17:28:01.690] [info] Controller idle = 3
[2026-06-29 17:28:01.690] [info] Controller idle = 135
[2026-06-29 17:28:01.690] [info] Controller idle = 1
[2026-06-29 17:28:01.690] [info] Controller idle = 1
[2026-06-29 17:28:01.690] [info] Controller idle = 4
[2026-06-29 17:28:01.690] [info] Controller idle = 12
[2026-06-29 17:28:01.690] [info] Controller idle = 4
[2026-06-29 17:28:01.690] [info] Controller idle = 1
[2026-06-29 17:28:01.690] [info] Controller idle = 14
[2026-06-29 17:28:01.690] [info] Controller idle = 12
[2026-06-29 17:28:01.690] [info] Controller idle = 2
[2026-06-29 17:28:01.690] [info] Controller idle = 20
[2026-06-29 17:28:01.690] [info] Controller idle = 1
[2026-06-29 17:28:01.690] [info] Controller idle = 5
[2026-06-29 17:28:01.690] [info] Controller idle = 11
[2026-06-29 17:28:01.690] [info] Controller idle = 1
[2026-06-29 17:28:01.690] [info] Controller idle = 2
[2026-06-29 17:28:01.690] [info] Controller idle = 1
[2026-06-29 17:28:01.690] [info] Controller idle = 4
[2026-06-29 17:28:01.690] [info] Controller idle = 4
[2026-06-29 17:28:01.690] [info] Controller idle = 6
[2026-06-29 17:28:01.690] [info] Controller idle = 140
[2026-06-29 17:28:01.690] [info] Controller idle = 1
[2026-06-29 17:28:01.690] [info] Controller idle = 3
[2026-06-29 17:28:01.690] [info] Controller idle = 11
[2026-06-29 17:28:01.690] [info] Controller idle = 4
[2026-06-29 17:28:01.690] [info] Controller idle = 3
[2026-06-29 17:28:01.690] [info] Controller idle = 1
[2026-06-29 17:28:01.690] [info] Controller idle = 1
[2026-06-29 17:28:01.690] [info] Controller idle = 3
[2026-06-29 17:28:01.690] [info] Controller idle = 1
[2026-06-29 17:28:01.690] [info] Controller idle = 5
[2026-06-29 17:28:01.690] [info] Controller idle = 5
[2026-06-29 17:28:01.690] [info] Controller idle = 29
[2026-06-29 17:28:01.690] [info] Controller idle = 14
[2026-06-29 17:28:01.690] [info] Controller idle = 2
[2026-06-29 17:28:01.690] [info] Controller idle = 1
[2026-06-29 17:28:01.690] [info] Controller idle = 15
[2026-06-29 17:28:01.690] [info] Controller idle = 4993
[2026-06-29 17:28:01.690] [info] Controller idle = 5377
[2026-06-29 17:28:01.691] [info] Controller idle = 2
[2026-06-29 17:28:01.691] [info] Controller idle = 1
[2026-06-29 17:28:01.691] [info] Controller idle = 2
[2026-06-29 17:28:01.691] [info] Controller idle = 1
[2026-06-29 17:28:01.691] [info] Controller idle = 4
[2026-06-29 17:28:01.691] [info] Controller idle = 4
[2026-06-29 17:28:01.691] [info] Controller idle = 1
[2026-06-29 17:28:01.691] [info] Controller idle = 1
[2026-06-29 17:28:01.691] [info] Controller idle = 1
[2026-06-29 17:28:01.691] [info] Controller idle = 3
[2026-06-29 17:28:01.691] [info] Controller idle = 3
[2026-06-29 17:28:01.691] [info] Controller idle = 5
[2026-06-29 17:28:01.691] [info] Controller idle = 1
[2026-06-29 17:28:01.691] [info] Controller idle = 3
[2026-06-29 17:28:01.691] [info] Controller idle = 5411
[2026-06-29 17:28:01.691] [info] Controller idle = 1
[2026-06-29 17:28:01.691] [info] Controller idle = 1
[2026-06-29 17:28:01.691] [info] Controller idle = 5
[2026-06-29 17:28:01.691] [info] Controller idle = 9
[2026-06-29 17:28:01.691] [info] Controller idle = 4
[2026-06-29 17:28:01.691] [info] Controller idle = 9
[2026-06-29 17:28:01.691] [info] Controller idle = 10
[2026-06-29 17:28:01.691] [info] Controller idle = 2
[2026-06-29 17:28:01.691] [info] Controller idle = 1
[2026-06-29 17:28:01.691] [info] Controller idle = 1
[2026-06-29 17:28:01.691] [info] Controller idle = 3
[2026-06-29 17:28:01.691] [info] Controller idle = 4
[2026-06-29 17:28:01.691] [info] Controller idle = 1
[2026-06-29 17:28:01.691] [info] Controller idle = 5405
[2026-06-29 17:28:01.691] [info] Controller idle = 1
[2026-06-29 17:28:01.691] [info] Controller idle = 2
[2026-06-29 17:28:01.691] [info] Controller idle = 1
[2026-06-29 17:28:01.691] [info] Controller idle = 10
[2026-06-29 17:28:01.691] [info] Controller idle = 5
[2026-06-29 17:28:01.691] [info] Controller idle = 1
[2026-06-29 17:28:01.691] [info] Controller idle = 4
[2026-06-29 17:28:01.691] [info] Controller idle = 1
[2026-06-29 17:28:01.691] [info] Controller idle = 3
[2026-06-29 17:28:01.691] [info] Controller idle = 2
[2026-06-29 17:28:01.691] [info] Controller idle = 1
[2026-06-29 17:28:01.691] [info] Controller idle = 3
[2026-06-29 17:28:01.691] [info] Controller idle = 4
[2026-06-29 17:28:01.691] [info] Controller idle = 5401
[2026-06-29 17:28:01.691] [info] Controller idle = 5361
[2026-06-29 17:28:01.691] [info] Controller idle = 1
[2026-06-29 17:28:01.691] [info] Controller idle = 5
[2026-06-29 17:28:01.691] [info] Controller idle = 1
[2026-06-29 17:28:01.691] [info] Controller idle = 2
[2026-06-29 17:28:01.691] [info] Controller idle = 1
[2026-06-29 17:28:01.691] [info] Controller idle = 1
[2026-06-29 17:28:01.691] [info] Controller idle = 2
[2026-06-29 17:28:01.691] [info] Controller idle = 2
[2026-06-29 17:28:01.691] [info] Controller idle = 1
[2026-06-29 17:28:01.691] [info] Controller idle = 2
[2026-06-29 17:28:01.691] [info] Controller idle = 1
[2026-06-29 17:28:01.691] [info] Controller idle = 1
[2026-06-29 17:28:01.691] [info] Controller idle = 2
[2026-06-29 17:28:01.691] [info] Controller idle = 1
[2026-06-29 17:28:01.691] [info] Controller idle = 5411
[2026-06-29 17:28:01.691] [info] Controller idle = 1
[2026-06-29 17:28:01.691] [info] Controller idle = 1
[2026-06-29 17:28:01.691] [info] Controller idle = 1
[2026-06-29 17:28:01.691] [info] Controller idle = 1
[2026-06-29 17:28:01.691] [info] Controller idle = 2
[2026-06-29 17:28:01.691] [info] Controller idle = 2
[2026-06-29 17:28:01.691] [info] Controller idle = 2
[2026-06-29 17:28:01.691] [info] Controller idle = 1
[2026-06-29 17:28:01.691] [info] Controller idle = 4
[2026-06-29 17:28:01.691] [info] Controller idle = 2
[2026-06-29 17:28:01.691] [info] Controller idle = 5
[2026-06-29 17:28:01.691] [info] Controller idle = 5407
[2026-06-29 17:28:01.691] [info] Controller idle = 2
[2026-06-29 17:28:01.691] [info] Controller idle = 4
[2026-06-29 17:28:01.691] [info] Controller idle = 1
[2026-06-29 17:28:01.691] [info] Controller idle = 2
[2026-06-29 17:28:01.691] [info] Controller idle = 1
[2026-06-29 17:28:01.691] [info] Controller idle = 1
[2026-06-29 17:28:01.691] [info] Controller idle = 3
[2026-06-29 17:28:01.691] [info] Controller idle = 1
[2026-06-29 17:28:01.691] [info] Controller idle = 3
[2026-06-29 17:28:01.691] [info] Controller idle = 5022
[2026-06-29 17:28:01.691] [info] Controller idle = 5367
[2026-06-29 17:28:01.691] [info] Controller idle = 2
[2026-06-29 17:28:01.691] [info] Controller idle = 1
[2026-06-29 17:28:01.691] [info] Controller idle = 5
[2026-06-29 17:28:01.691] [info] Controller idle = 1
[2026-06-29 17:28:01.691] [info] Controller idle = 1
[2026-06-29 17:28:01.691] [info] Controller idle = 10
[2026-06-29 17:28:01.691] [info] Controller idle = 5
[2026-06-29 17:28:01.691] [info] Controller idle = 1
[2026-06-29 17:28:01.691] [info] Controller idle = 1
[2026-06-29 17:28:01.691] [info] Controller idle = 2
[2026-06-29 17:28:01.691] [info] Controller idle = 3
[2026-06-29 17:28:01.691] [info] Controller idle = 1
[2026-06-29 17:28:01.691] [info] Controller idle = 1
[2026-06-29 17:28:01.691] [info] Controller idle = 3
[2026-06-29 17:28:01.691] [info] Controller idle = 3
[2026-06-29 17:28:01.691] [info] Controller idle = 2
[2026-06-29 17:28:01.691] [info] Controller idle = 1
[2026-06-29 17:28:01.691] [info] Controller idle = 10
[2026-06-29 17:28:01.691] [info] Controller idle = 5389
[2026-06-29 17:28:01.691] [info] Controller idle = 2
[2026-06-29 17:28:01.691] [info] Controller idle = 17
[2026-06-29 17:28:01.691] [info] Controller idle = 2
[2026-06-29 17:28:01.691] [info] Controller idle = 1
[2026-06-29 17:28:01.691] [info] Controller idle = 4
[2026-06-29 17:28:01.691] [info] Controller idle = 2
[2026-06-29 17:28:01.691] [info] Controller idle = 1
[2026-06-29 17:28:01.691] [info] Controller idle = 10
[2026-06-29 17:28:01.691] [info] Controller idle = 2
[2026-06-29 17:28:01.691] [info] Controller idle = 1
[2026-06-29 17:28:01.691] [info] Controller idle = 3
[2026-06-29 17:28:01.691] [info] Controller idle = 1
[2026-06-29 17:28:01.691] [info] Controller idle = 1
[2026-06-29 17:28:01.691] [info] Controller idle = 5399
[2026-06-29 17:28:01.691] [info] Controller idle = 2
[2026-06-29 17:28:01.691] [info] Controller idle = 1
[2026-06-29 17:28:01.691] [info] Controller idle = 2
[2026-06-29 17:28:01.691] [info] Controller idle = 4
[2026-06-29 17:28:01.691] [info] Controller idle = 5
[2026-06-29 17:28:01.691] [info] Controller idle = 1
[2026-06-29 17:28:01.691] [info] Controller idle = 4
[2026-06-29 17:28:01.691] [info] Controller idle = 1
[2026-06-29 17:28:01.691] [info] Controller idle = 1
[2026-06-29 17:28:01.691] [info] Controller idle = 12
[2026-06-29 17:28:01.691] [info] Controller idle = 13
[2026-06-29 17:28:01.691] [info] Controller idle = 2
[2026-06-29 17:28:01.691] [info] Controller idle = 5379
[2026-06-29 17:28:01.691] [info] Controller idle = 1
[2026-06-29 17:28:01.691] [info] Controller idle = 2
[2026-06-29 17:28:01.691] [info] Controller idle = 5357
[2026-06-29 17:28:01.691] [info] Controller idle = 1
[2026-06-29 17:28:01.691] [info] Controller idle = 8
[2026-06-29 17:28:01.691] [info] Controller idle = 7
[2026-06-29 17:28:01.691] [info] Controller idle = 4
[2026-06-29 17:28:01.691] [info] Controller idle = 1
[2026-06-29 17:28:01.691] [info] Controller idle = 1
[2026-06-29 17:28:01.691] [info] Controller idle = 1
[2026-06-29 17:28:01.691] [info] Controller idle = 1
[2026-06-29 17:28:01.691] [info] Controller idle = 3
[2026-06-29 17:28:01.691] [info] Controller idle = 3
[2026-06-29 17:28:01.691] [info] Controller idle = 5
[2026-06-29 17:28:01.691] [info] Controller idle = 3
[2026-06-29 17:28:01.691] [info] Controller idle = 3
[2026-06-29 17:28:01.691] [info] Controller idle = 2
[2026-06-29 17:28:01.691] [info] Controller idle = 1
[2026-06-29 17:28:01.691] [info] Controller idle = 2
[2026-06-29 17:28:01.691] [info] Controller idle = 6
[2026-06-29 17:28:01.691] [info] Controller idle = 10
[2026-06-29 17:28:01.691] [info] Controller idle = 2
[2026-06-29 17:28:01.691] [info] Controller idle = 6
[2026-06-29 17:28:01.691] [info] Controller idle = 2
[2026-06-29 17:28:01.691] [info] Controller idle = 5395
[2026-06-29 17:28:01.691] [info] Controller idle = 2
[2026-06-29 17:28:01.691] [info] Controller idle = 3
[2026-06-29 17:28:01.691] [info] Controller idle = 11
[2026-06-29 17:28:01.691] [info] Controller idle = 13
[2026-06-29 17:28:01.691] [info] Controller idle = 1
[2026-06-29 17:28:01.691] [info] Controller idle = 1
[2026-06-29 17:28:01.691] [info] Controller idle = 4
[2026-06-29 17:28:01.691] [info] Controller idle = 2
[2026-06-29 17:28:01.691] [info] Controller idle = 1
[2026-06-29 17:28:01.691] [info] Controller idle = 2
[2026-06-29 17:28:01.691] [info] Controller idle = 2
[2026-06-29 17:28:01.691] [info] Controller idle = 4
[2026-06-29 17:28:01.691] [info] Controller idle = 3
[2026-06-29 17:28:01.691] [info] Controller idle = 1
[2026-06-29 17:28:01.691] [info] Controller idle = 1
[2026-06-29 17:28:01.691] [info] Controller idle = 5405
[2026-06-29 17:28:01.691] [info] Controller idle = 3
[2026-06-29 17:28:01.691] [info] Controller idle = 5
[2026-06-29 17:28:01.691] [info] Controller idle = 4
[2026-06-29 17:28:01.691] [info] Controller idle = 3
[2026-06-29 17:28:01.691] [info] Controller idle = 2
[2026-06-29 17:28:01.691] [info] Controller idle = 2
[2026-06-29 17:28:01.691] [info] Controller idle = 3
[2026-06-29 17:28:01.691] [info] Controller idle = 1
[2026-06-29 17:28:01.691] [info] Controller idle = 4
[2026-06-29 17:28:01.691] [info] Controller idle = 1
[2026-06-29 17:28:01.691] [info] Controller idle = 4860
[2026-06-29 17:28:01.691] [info] Controller idle = 91
[2026-06-29 17:28:01.691] [info] Controller idle = 89
[2026-06-29 17:28:01.691] [info] Controller idle = 1
[2026-06-29 17:28:01.691] [info] Controller idle = 5134
[2026-06-29 17:28:01.691] [info] Controller idle = 1
[2026-06-29 17:28:01.691] [info] Controller idle = 4
[2026-06-29 17:28:01.691] [info] Controller idle = 3
[2026-06-29 17:28:01.691] [info] Controller idle = 137
[2026-06-29 17:28:01.691] [info] Controller idle = 11
[2026-06-29 17:28:01.691] [info] Controller idle = 2
[2026-06-29 17:28:01.691] [info] Controller idle = 5
[2026-06-29 17:28:01.691] [info] Controller idle = 1
[2026-06-29 17:28:01.691] [info] Controller idle = 3
[2026-06-29 17:28:01.691] [info] Controller idle = 1
[2026-06-29 17:28:01.691] [info] Controller idle = 1
[2026-06-29 17:28:01.691] [info] Controller idle = 1
[2026-06-29 17:28:01.691] [info] Controller idle = 1
[2026-06-29 17:28:01.691] [info] Controller idle = 2
[2026-06-29 17:28:01.691] [info] Controller idle = 10
[2026-06-29 17:28:01.691] [info] Controller idle = 117
[2026-06-29 17:28:01.691] [info] Controller idle = 2
[2026-06-29 17:28:01.691] [info] Controller idle = 1
[2026-06-29 17:28:01.691] [info] Controller idle = 3
[2026-06-29 17:28:01.691] [info] Controller idle = 1
[2026-06-29 17:28:01.691] [info] Controller idle = 2
[2026-06-29 17:28:01.691] [info] Controller idle = 2
[2026-06-29 17:28:01.691] [info] Controller idle = 2
[2026-06-29 17:28:01.691] [info] Controller idle = 5164
[2026-06-29 17:28:01.691] [info] Controller idle = 11
[2026-06-29 17:28:01.691] [info] Controller idle = 4
[2026-06-29 17:28:01.691] [info] Controller idle = 1
[2026-06-29 17:28:01.691] [info] Controller idle = 1
[2026-06-29 17:28:01.691] [info] Controller idle = 1
[2026-06-29 17:28:01.691] [info] Controller idle = 125
[2026-06-29 17:28:01.691] [info] Controller idle = 2
[2026-06-29 17:28:01.691] [info] Controller idle = 1
[2026-06-29 17:28:01.691] [info] Controller idle = 9
[2026-06-29 17:28:01.691] [info] Controller idle = 1
[2026-06-29 17:28:01.691] [info] Controller idle = 9
[2026-06-29 17:28:01.691] [info] Controller idle = 4
[2026-06-29 17:28:01.691] [info] Controller idle = 12
[2026-06-29 17:28:01.691] [info] Controller idle = 2
[2026-06-29 17:28:01.691] [info] Controller idle = 2
[2026-06-29 17:28:01.691] [info] Controller idle = 120
[2026-06-29 17:28:01.691] [info] Controller idle = 2
[2026-06-29 17:28:01.691] [info] Controller idle = 5
[2026-06-29 17:28:01.691] [info] Controller idle = 4
[2026-06-29 17:28:01.691] [info] Controller idle = 5
[2026-06-29 17:28:01.691] [info] Controller idle = 1
[2026-06-29 17:28:01.691] [info] Controller idle = 5150
[2026-06-29 17:28:01.691] [info] Controller idle = 3
[2026-06-29 17:28:01.691] [info] Controller idle = 11
[2026-06-29 17:28:01.691] [info] Controller idle = 2
[2026-06-29 17:28:01.691] [info] Controller idle = 97
[2026-06-29 17:28:01.691] [info] Controller idle = 2
[2026-06-29 17:28:01.691] [info] Controller idle = 16
[2026-06-29 17:28:01.691] [info] Controller idle = 3
[2026-06-29 17:28:01.691] [info] Controller idle = 5
[2026-06-29 17:28:01.691] [info] Controller idle = 4
[2026-06-29 17:28:01.691] [info] Controller idle = 6
[2026-06-29 17:28:01.691] [info] Controller idle = 2
[2026-06-29 17:28:01.691] [info] Controller idle = 120
[2026-06-29 17:28:01.691] [info] Controller idle = 2
[2026-06-29 17:28:01.691] [info] Controller idle = 1
[2026-06-29 17:28:01.691] [info] Controller idle = 9
[2026-06-29 17:28:01.691] [info] Controller idle = 4
[2026-06-29 17:28:01.691] [info] Controller idle = 1
[2026-06-29 17:28:01.691] [info] Controller idle = 1
[2026-06-29 17:28:01.691] [info] Controller idle = 1
[2026-06-29 17:28:01.691] [info] Controller idle = 5149
[2026-06-29 17:28:01.691] [info] Controller idle = 83
[2026-06-29 17:28:01.691] [info] Controller idle = 98
[2026-06-29 17:28:01.691] [info] Controller idle = 5135
[2026-06-29 17:28:01.691] [info] Controller idle = 3
[2026-06-29 17:28:01.691] [info] Controller idle = 1
[2026-06-29 17:28:01.691] [info] Controller idle = 4
[2026-06-29 17:28:01.691] [info] Controller idle = 1
[2026-06-29 17:28:01.691] [info] Controller idle = 1
[2026-06-29 17:28:01.691] [info] Controller idle = 1
[2026-06-29 17:28:01.691] [info] Controller idle = 112
[2026-06-29 17:28:01.691] [info] Controller idle = 4
[2026-06-29 17:28:01.691] [info] Controller idle = 1
[2026-06-29 17:28:01.691] [info] Controller idle = 3
[2026-06-29 17:28:01.691] [info] Controller idle = 29
[2026-06-29 17:28:01.691] [info] Controller idle = 12
[2026-06-29 17:28:01.691] [info] Controller idle = 1
[2026-06-29 17:28:01.691] [info] Controller idle = 1
[2026-06-29 17:28:01.691] [info] Controller idle = 116
[2026-06-29 17:28:01.691] [info] Controller idle = 1
[2026-06-29 17:28:01.691] [info] Controller idle = 2
[2026-06-29 17:28:01.691] [info] Controller idle = 10
[2026-06-29 17:28:01.691] [info] Controller idle = 1
[2026-06-29 17:28:01.691] [info] Controller idle = 1
[2026-06-29 17:28:01.691] [info] Controller idle = 6
[2026-06-29 17:28:01.691] [info] Controller idle = 5153
[2026-06-29 17:28:01.691] [info] Controller idle = 1
[2026-06-29 17:28:01.691] [info] Controller idle = 3
[2026-06-29 17:28:01.691] [info] Controller idle = 1
[2026-06-29 17:28:01.691] [info] Controller idle = 1
[2026-06-29 17:28:01.691] [info] Controller idle = 2
[2026-06-29 17:28:01.691] [info] Controller idle = 3
[2026-06-29 17:28:01.691] [info] Controller idle = 118
[2026-06-29 17:28:01.691] [info] Controller idle = 4
[2026-06-29 17:28:01.691] [info] Controller idle = 2
[2026-06-29 17:28:01.691] [info] Controller idle = 14
[2026-06-29 17:28:01.691] [info] Controller idle = 1
[2026-06-29 17:28:01.691] [info] Controller idle = 12
[2026-06-29 17:28:01.691] [info] Controller idle = 2
[2026-06-29 17:28:01.691] [info] Controller idle = 2
[2026-06-29 17:28:01.691] [info] Controller idle = 2
[2026-06-29 17:28:01.691] [info] Controller idle = 7
[2026-06-29 17:28:01.691] [info] Controller idle = 11
[2026-06-29 17:28:01.691] [info] Controller idle = 6
[2026-06-29 17:28:01.691] [info] Controller idle = 2
[2026-06-29 17:28:01.691] [info] Controller idle = 107
[2026-06-29 17:28:01.691] [info] Controller idle = 1
[2026-06-29 17:28:01.691] [info] Controller idle = 6
[2026-06-29 17:28:01.691] [info] Controller idle = 2
[2026-06-29 17:28:01.691] [info] Controller idle = 5
[2026-06-29 17:28:01.691] [info] Controller idle = 2
[2026-06-29 17:28:01.691] [info] Controller idle = 1
[2026-06-29 17:28:01.691] [info] Controller idle = 5156
[2026-06-29 17:28:01.691] [info] Controller idle = 4
[2026-06-29 17:28:01.691] [info] Controller idle = 3
[2026-06-29 17:28:01.691] [info] Controller idle = 1
[2026-06-29 17:28:01.691] [info] Controller idle = 2
[2026-06-29 17:28:01.691] [info] Controller idle = 2
[2026-06-29 17:28:01.691] [info] Controller idle = 110
[2026-06-29 17:28:01.691] [info] Controller idle = 9
[2026-06-29 17:28:01.691] [info] Controller idle = 2
[2026-06-29 17:28:01.691] [info] Controller idle = 2
[2026-06-29 17:28:01.691] [info] Controller idle = 6
[2026-06-29 17:28:01.691] [info] Controller idle = 1
[2026-06-29 17:28:01.691] [info] Controller idle = 1
[2026-06-29 17:28:01.691] [info] Controller idle = 9
[2026-06-29 17:28:01.691] [info] Controller idle = 1
[2026-06-29 17:28:01.691] [info] Controller idle = 29
[2026-06-29 17:28:01.691] [info] Controller idle = 113
[2026-06-29 17:28:01.691] [info] Controller idle = 1
[2026-06-29 17:28:01.691] [info] Controller idle = 72
[2026-06-29 17:28:01.691] [info] Controller idle = 1
[2026-06-29 17:28:01.691] [info] Controller idle = 1047
[2026-06-29 17:28:01.691] [info] Controller idle = 4
[2026-06-29 17:28:01.691] [info] Controller idle = 1
[2026-06-29 17:28:01.691] [info] Controller idle = 3
[2026-06-29 17:28:01.691] [info] Controller idle = 18
[2026-06-29 17:28:01.691] [info] Controller idle = 10
MemorySystem:
  impl: GenericDRAM
  total_num_other_requests: 0
  total_num_write_requests: 77647
  total_num_read_requests: 55381
  memory_system_cycles: 2594267

  DRAM:
    impl: HBM2
    dram_commands: 206341
  AddrMapper:
    impl: RoBaRaCoCh
  Controller:
    impl: Generic
    id: Channel 0
    Scheduler:
      impl: FRFCFS
    RefreshManager:
      impl: AllBank



Frontend:
  impl: GEM5

[2026-06-29 17:28:01.691] [info] Row hits: 95305, Row misses: 972, Row conflicts: 36411
[2026-06-29 17:28:01.691] [info] Controller idle = 11
[2026-06-29 17:28:01.691] [info] Controller idle = 26668
[2026-06-29 17:28:01.691] [info] Controller idle = 25732
[2026-06-29 17:28:01.691] [info] Controller idle = 25728
[2026-06-29 17:28:01.691] [info] Controller idle = 25703
[2026-06-29 17:28:01.691] [info] Controller idle = 25704
[2026-06-29 17:28:01.691] [info] Controller idle = 25716
[2026-06-29 17:28:01.692] [info] Controller idle = 25729
[2026-06-29 17:28:01.692] [info] Controller idle = 25937
[2026-06-29 17:28:01.692] [info] Controller idle = 25772
[2026-06-29 17:28:01.692] [info] Controller idle = 1
[2026-06-29 17:28:01.692] [info] Controller idle = 231677
[2026-06-29 17:28:01.692] [info] Controller idle = 231711
[2026-06-29 17:28:01.692] [info] Controller idle = 3
[2026-06-29 17:28:01.692] [info] Controller idle = 231720
[2026-06-29 17:28:01.692] [info] Controller idle = 2
[2026-06-29 17:28:01.692] [info] Controller idle = 231560
[2026-06-29 17:28:01.692] [info] Controller idle = 231575
[2026-06-29 17:28:01.692] [info] Controller idle = 3
[2026-06-29 17:28:01.692] [info] Controller idle = 231854
[2026-06-29 17:28:01.692] [info] Controller idle = 1
[2026-06-29 17:28:01.692] [info] Controller idle = 1
[2026-06-29 17:28:01.692] [info] Controller idle = 4
[2026-06-29 17:28:01.692] [info] Controller idle = 232638
[2026-06-29 17:28:01.692] [info] Controller idle = 22931
[2026-06-29 17:28:01.692] [info] Controller idle = 8003
[2026-06-29 17:28:01.692] [info] Controller idle = 5
[2026-06-29 17:28:01.692] [info] Controller idle = 6
[2026-06-29 17:28:01.692] [info] Controller idle = 1
[2026-06-29 17:28:01.692] [info] Controller idle = 1
[2026-06-29 17:28:01.692] [info] Controller idle = 3
[2026-06-29 17:28:01.692] [info] Controller idle = 5
[2026-06-29 17:28:01.692] [info] Controller idle = 2
[2026-06-29 17:28:01.692] [info] Controller idle = 3
[2026-06-29 17:28:01.692] [info] Controller idle = 7
[2026-06-29 17:28:01.692] [info] Controller idle = 4
[2026-06-29 17:28:01.692] [info] Controller idle = 6
[2026-06-29 17:28:01.692] [info] Controller idle = 1
[2026-06-29 17:28:01.692] [info] Controller idle = 1
[2026-06-29 17:28:01.692] [info] Controller idle = 2
[2026-06-29 17:28:01.692] [info] Controller idle = 1
[2026-06-29 17:28:01.692] [info] Controller idle = 8
[2026-06-29 17:28:01.692] [info] Controller idle = 2
[2026-06-29 17:28:01.692] [info] Controller idle = 1
[2026-06-29 17:28:01.692] [info] Controller idle = 1
[2026-06-29 17:28:01.692] [info] Controller idle = 2
[2026-06-29 17:28:01.692] [info] Controller idle = 1
[2026-06-29 17:28:01.692] [info] Controller idle = 1
[2026-06-29 17:28:01.692] [info] Controller idle = 1
[2026-06-29 17:28:01.692] [info] Controller idle = 1
[2026-06-29 17:28:01.692] [info] Controller idle = 1
[2026-06-29 17:28:01.692] [info] Controller idle = 1
[2026-06-29 17:28:01.692] [info] Controller idle = 3
[2026-06-29 17:28:01.692] [info] Controller idle = 9
[2026-06-29 17:28:01.692] [info] Controller idle = 5
[2026-06-29 17:28:01.692] [info] Controller idle = 1
[2026-06-29 17:28:01.692] [info] Controller idle = 4
[2026-06-29 17:28:01.692] [info] Controller idle = 15
[2026-06-29 17:28:01.692] [info] Controller idle = 25
[2026-06-29 17:28:01.692] [info] Controller idle = 5
[2026-06-29 17:28:01.692] [info] Controller idle = 8
[2026-06-29 17:28:01.692] [info] Controller idle = 4
[2026-06-29 17:28:01.692] [info] Controller idle = 1
[2026-06-29 17:28:01.692] [info] Controller idle = 12
[2026-06-29 17:28:01.692] [info] Controller idle = 1
[2026-06-29 17:28:01.692] [info] Controller idle = 3
[2026-06-29 17:28:01.692] [info] Controller idle = 2
[2026-06-29 17:28:01.692] [info] Controller idle = 1
[2026-06-29 17:28:01.692] [info] Controller idle = 15
[2026-06-29 17:28:01.692] [info] Controller idle = 1
[2026-06-29 17:28:01.692] [info] Controller idle = 8
[2026-06-29 17:28:01.692] [info] Controller idle = 2
[2026-06-29 17:28:01.692] [info] Controller idle = 6
[2026-06-29 17:28:01.692] [info] Controller idle = 1
[2026-06-29 17:28:01.692] [info] Controller idle = 1
[2026-06-29 17:28:01.692] [info] Controller idle = 1
[2026-06-29 17:28:01.692] [info] Controller idle = 8
[2026-06-29 17:28:01.692] [info] Controller idle = 1
[2026-06-29 17:28:01.692] [info] Controller idle = 3
[2026-06-29 17:28:01.692] [info] Controller idle = 1
[2026-06-29 17:28:01.692] [info] Controller idle = 2
[2026-06-29 17:28:01.692] [info] Controller idle = 3
[2026-06-29 17:28:01.692] [info] Controller idle = 5
[2026-06-29 17:28:01.692] [info] Controller idle = 7
[2026-06-29 17:28:01.692] [info] Controller idle = 7
[2026-06-29 17:28:01.692] [info] Controller idle = 18
[2026-06-29 17:28:01.692] [info] Controller idle = 3
[2026-06-29 17:28:01.692] [info] Controller idle = 6
[2026-06-29 17:28:01.692] [info] Controller idle = 11
[2026-06-29 17:28:01.692] [info] Controller idle = 2
[2026-06-29 17:28:01.692] [info] Controller idle = 5
[2026-06-29 17:28:01.692] [info] Controller idle = 1
[2026-06-29 17:28:01.692] [info] Controller idle = 5
[2026-06-29 17:28:01.692] [info] Controller idle = 20
[2026-06-29 17:28:01.692] [info] Controller idle = 3
[2026-06-29 17:28:01.692] [info] Controller idle = 8
[2026-06-29 17:28:01.692] [info] Controller idle = 1
[2026-06-29 17:28:01.692] [info] Controller idle = 8
[2026-06-29 17:28:01.692] [info] Controller idle = 21510
[2026-06-29 17:28:01.692] [info] Controller idle = 8013
[2026-06-29 17:28:01.692] [info] Controller idle = 1
[2026-06-29 17:28:01.692] [info] Controller idle = 4
[2026-06-29 17:28:01.692] [info] Controller idle = 3
[2026-06-29 17:28:01.692] [info] Controller idle = 6
[2026-06-29 17:28:01.692] [info] Controller idle = 3
[2026-06-29 17:28:01.692] [info] Controller idle = 3
[2026-06-29 17:28:01.692] [info] Controller idle = 1
[2026-06-29 17:28:01.692] [info] Controller idle = 1
[2026-06-29 17:28:01.692] [info] Controller idle = 7
[2026-06-29 17:28:01.692] [info] Controller idle = 2
[2026-06-29 17:28:01.692] [info] Controller idle = 11
[2026-06-29 17:28:01.692] [info] Controller idle = 1
[2026-06-29 17:28:01.692] [info] Controller idle = 1
[2026-06-29 17:28:01.692] [info] Controller idle = 34159
[2026-06-29 17:28:01.692] [info] Controller idle = 9
[2026-06-29 17:28:01.692] [info] Controller idle = 29342
[2026-06-29 17:28:01.692] [info] Controller idle = 12
[2026-06-29 17:28:01.692] [info] Controller idle = 3
[2026-06-29 17:28:01.692] [info] Controller idle = 1
[2026-06-29 17:28:01.692] [info] Controller idle = 1
[2026-06-29 17:28:01.692] [info] Controller idle = 1
[2026-06-29 17:28:01.692] [info] Controller idle = 33689
[2026-06-29 17:28:01.692] [info] Controller idle = 4
[2026-06-29 17:28:01.692] [info] Controller idle = 1
[2026-06-29 17:28:01.692] [info] Controller idle = 1
[2026-06-29 17:28:01.692] [info] Controller idle = 2
[2026-06-29 17:28:01.692] [info] Controller idle = 9
[2026-06-29 17:28:01.692] [info] Controller idle = 1
[2026-06-29 17:28:01.692] [info] Controller idle = 1
[2026-06-29 17:28:01.692] [info] Controller idle = 3
[2026-06-29 17:28:01.692] [info] Controller idle = 1
[2026-06-29 17:28:01.692] [info] Controller idle = 1
[2026-06-29 17:28:01.692] [info] Controller idle = 1
[2026-06-29 17:28:01.692] [info] Controller idle = 1
[2026-06-29 17:28:01.692] [info] Controller idle = 2
[2026-06-29 17:28:01.692] [info] Controller idle = 3
[2026-06-29 17:28:01.692] [info] Controller idle = 3
[2026-06-29 17:28:01.692] [info] Controller idle = 1
[2026-06-29 17:28:01.692] [info] Controller idle = 2
[2026-06-29 17:28:01.692] [info] Controller idle = 2
[2026-06-29 17:28:01.692] [info] Controller idle = 1
[2026-06-29 17:28:01.692] [info] Controller idle = 1
[2026-06-29 17:28:01.692] [info] Controller idle = 1
[2026-06-29 17:28:01.692] [info] Controller idle = 4
[2026-06-29 17:28:01.692] [info] Controller idle = 5
[2026-06-29 17:28:01.692] [info] Controller idle = 3
[2026-06-29 17:28:01.692] [info] Controller idle = 5
[2026-06-29 17:28:01.692] [info] Controller idle = 1
[2026-06-29 17:28:01.692] [info] Controller idle = 1
[2026-06-29 17:28:01.692] [info] Controller idle = 2
[2026-06-29 17:28:01.692] [info] Controller idle = 1
[2026-06-29 17:28:01.692] [info] Controller idle = 15
[2026-06-29 17:28:01.692] [info] Controller idle = 29665
[2026-06-29 17:28:01.692] [info] Controller idle = 1
[2026-06-29 17:28:01.692] [info] Controller idle = 2
[2026-06-29 17:28:01.692] [info] Controller idle = 2
[2026-06-29 17:28:01.692] [info] Controller idle = 1
[2026-06-29 17:28:01.692] [info] Controller idle = 1
[2026-06-29 17:28:01.692] [info] Controller idle = 1
[2026-06-29 17:28:01.692] [info] Controller idle = 3
[2026-06-29 17:28:01.692] [info] Controller idle = 32739
[2026-06-29 17:28:01.692] [info] Controller idle = 1
[2026-06-29 17:28:01.692] [info] Controller idle = 12
[2026-06-29 17:28:01.692] [info] Controller idle = 8
[2026-06-29 17:28:01.692] [info] Controller idle = 1
[2026-06-29 17:28:01.692] [info] Controller idle = 5
[2026-06-29 17:28:01.692] [info] Controller idle = 2
[2026-06-29 17:28:01.692] [info] Controller idle = 2
[2026-06-29 17:28:01.692] [info] Controller idle = 29154
[2026-06-29 17:28:01.692] [info] Controller idle = 16
[2026-06-29 17:28:01.692] [info] Controller idle = 8
[2026-06-29 17:28:01.692] [info] Controller idle = 3
[2026-06-29 17:28:01.692] [info] Controller idle = 2
[2026-06-29 17:28:01.692] [info] Controller idle = 2
[2026-06-29 17:28:01.692] [info] Controller idle = 9035
[2026-06-29 17:28:01.692] [info] Controller idle = 3
[2026-06-29 17:28:01.692] [info] Controller idle = 1
[2026-06-29 17:28:01.692] [info] Controller idle = 1
[2026-06-29 17:28:01.692] [info] Controller idle = 13
[2026-06-29 17:28:01.692] [info] Controller idle = 1
[2026-06-29 17:28:01.692] [info] Controller idle = 1
[2026-06-29 17:28:01.692] [info] Controller idle = 1
[2026-06-29 17:28:01.692] [info] Controller idle = 2
[2026-06-29 17:28:01.692] [info] Controller idle = 2
[2026-06-29 17:28:01.692] [info] Controller idle = 2
[2026-06-29 17:28:01.692] [info] Controller idle = 6400
[2026-06-29 17:28:01.692] [info] Controller idle = 1471
[2026-06-29 17:28:01.692] [info] Controller idle = 1
[2026-06-29 17:28:01.692] [info] Controller idle = 2
[2026-06-29 17:28:01.692] [info] Controller idle = 9209
[2026-06-29 17:28:01.692] [info] Controller idle = 4
[2026-06-29 17:28:01.692] [info] Controller idle = 3
[2026-06-29 17:28:01.692] [info] Controller idle = 2
[2026-06-29 17:28:01.692] [info] Controller idle = 2
[2026-06-29 17:28:01.692] [info] Controller idle = 1
[2026-06-29 17:28:01.692] [info] Controller idle = 1
[2026-06-29 17:28:01.692] [info] Controller idle = 1
[2026-06-29 17:28:01.692] [info] Controller idle = 1
[2026-06-29 17:28:01.692] [info] Controller idle = 1
[2026-06-29 17:28:01.692] [info] Controller idle = 2
[2026-06-29 17:28:01.692] [info] Controller idle = 1
[2026-06-29 17:28:01.692] [info] Controller idle = 12
[2026-06-29 17:28:01.692] [info] Controller idle = 2
[2026-06-29 17:28:01.692] [info] Controller idle = 12
[2026-06-29 17:28:01.692] [info] Controller idle = 6417
[2026-06-29 17:28:01.692] [info] Controller idle = 9136
[2026-06-29 17:28:01.692] [info] Controller idle = 2
[2026-06-29 17:28:01.692] [info] Controller idle = 1
[2026-06-29 17:28:01.692] [info] Controller idle = 9
[2026-06-29 17:28:01.692] [info] Controller idle = 2
[2026-06-29 17:28:01.692] [info] Controller idle = 6418
[2026-06-29 17:28:01.692] [info] Controller idle = 4
[2026-06-29 17:28:01.692] [info] Controller idle = 9152
[2026-06-29 17:28:01.692] [info] Controller idle = 4
[2026-06-29 17:28:01.692] [info] Controller idle = 1
[2026-06-29 17:28:01.692] [info] Controller idle = 5
[2026-06-29 17:28:01.692] [info] Controller idle = 4
[2026-06-29 17:28:01.692] [info] Controller idle = 6
[2026-06-29 17:28:01.692] [info] Controller idle = 3
[2026-06-29 17:28:01.692] [info] Controller idle = 1
[2026-06-29 17:28:01.692] [info] Controller idle = 8
[2026-06-29 17:28:01.692] [info] Controller idle = 3
[2026-06-29 17:28:01.692] [info] Controller idle = 1
[2026-06-29 17:28:01.692] [info] Controller idle = 5
[2026-06-29 17:28:01.692] [info] Controller idle = 6433
[2026-06-29 17:28:01.692] [info] Controller idle = 2785
[2026-06-29 17:28:01.692] [info] Controller idle = 1561
[2026-06-29 17:28:01.692] [info] Controller idle = 1
[2026-06-29 17:28:01.692] [info] Controller idle = 1
[2026-06-29 17:28:01.692] [info] Controller idle = 1
[2026-06-29 17:28:01.692] [info] Controller idle = 5
[2026-06-29 17:28:01.692] [info] Controller idle = 1
[2026-06-29 17:28:01.692] [info] Controller idle = 1554
[2026-06-29 17:28:01.692] [info] Controller idle = 1534
[2026-06-29 17:28:01.692] [info] Controller idle = 2
[2026-06-29 17:28:01.692] [info] Controller idle = 697
[2026-06-29 17:28:01.692] [info] Controller idle = 4869
[2026-06-29 17:28:01.692] [info] Controller idle = 3678
[2026-06-29 17:28:01.692] [info] Controller idle = 3678
[2026-06-29 17:28:01.692] [info] Controller idle = 3673
[2026-06-29 17:28:01.692] [info] Controller idle = 4018
[2026-06-29 17:28:01.692] [info] Controller idle = 1
[2026-06-29 17:28:01.692] [info] Controller idle = 12
[2026-06-29 17:28:01.692] [info] Controller idle = 3696
[2026-06-29 17:28:01.692] [info] Controller idle = 3701
[2026-06-29 17:28:01.692] [info] Controller idle = 3686
[2026-06-29 17:28:01.692] [info] Controller idle = 4027
[2026-06-29 17:28:01.692] [info] Controller idle = 3678
[2026-06-29 17:28:01.692] [info] Controller idle = 3707
[2026-06-29 17:28:01.692] [info] Controller idle = 3
[2026-06-29 17:28:01.692] [info] Controller idle = 3674
[2026-06-29 17:28:01.692] [info] Controller idle = 2778
[2026-06-29 17:28:01.692] [info] Controller idle = 64
[2026-06-29 17:28:01.692] [info] Controller idle = 69
[2026-06-29 17:28:01.692] [info] Controller idle = 2421
[2026-06-29 17:28:01.692] [info] Controller idle = 3
[2026-06-29 17:28:01.692] [info] Controller idle = 20
[2026-06-29 17:28:01.692] [info] Controller idle = 2
[2026-06-29 17:28:01.692] [info] Controller idle = 80
[2026-06-29 17:28:01.692] [info] Controller idle = 3
[2026-06-29 17:28:01.692] [info] Controller idle = 3
[2026-06-29 17:28:01.692] [info] Controller idle = 10
[2026-06-29 17:28:01.692] [info] Controller idle = 3
[2026-06-29 17:28:01.692] [info] Controller idle = 96
[2026-06-29 17:28:01.692] [info] Controller idle = 4
[2026-06-29 17:28:01.692] [info] Controller idle = 4
[2026-06-29 17:28:01.692] [info] Controller idle = 1
[2026-06-29 17:28:01.692] [info] Controller idle = 5
[2026-06-29 17:28:01.692] [info] Controller idle = 4
[2026-06-29 17:28:01.692] [info] Controller idle = 12
[2026-06-29 17:28:01.692] [info] Controller idle = 1
[2026-06-29 17:28:01.692] [info] Controller idle = 3
[2026-06-29 17:28:01.692] [info] Controller idle = 3
[2026-06-29 17:28:01.692] [info] Controller idle = 4
[2026-06-29 17:28:01.692] [info] Controller idle = 2437
[2026-06-29 17:28:01.692] [info] Controller idle = 1
[2026-06-29 17:28:01.692] [info] Controller idle = 4
[2026-06-29 17:28:01.692] [info] Controller idle = 2
[2026-06-29 17:28:01.692] [info] Controller idle = 9
[2026-06-29 17:28:01.692] [info] Controller idle = 84
[2026-06-29 17:28:01.692] [info] Controller idle = 8
[2026-06-29 17:28:01.692] [info] Controller idle = 2
[2026-06-29 17:28:01.692] [info] Controller idle = 5
[2026-06-29 17:28:01.692] [info] Controller idle = 1
[2026-06-29 17:28:01.692] [info] Controller idle = 100
[2026-06-29 17:28:01.692] [info] Controller idle = 5
[2026-06-29 17:28:01.692] [info] Controller idle = 1
[2026-06-29 17:28:01.692] [info] Controller idle = 2
[2026-06-29 17:28:01.692] [info] Controller idle = 2
[2026-06-29 17:28:01.692] [info] Controller idle = 5
[2026-06-29 17:28:01.692] [info] Controller idle = 1
[2026-06-29 17:28:01.692] [info] Controller idle = 3
[2026-06-29 17:28:01.692] [info] Controller idle = 1
[2026-06-29 17:28:01.692] [info] Controller idle = 1
[2026-06-29 17:28:01.692] [info] Controller idle = 10
[2026-06-29 17:28:01.692] [info] Controller idle = 6
[2026-06-29 17:28:01.692] [info] Controller idle = 1
[2026-06-29 17:28:01.692] [info] Controller idle = 12
[2026-06-29 17:28:01.692] [info] Controller idle = 2429
[2026-06-29 17:28:01.692] [info] Controller idle = 4
[2026-06-29 17:28:01.692] [info] Controller idle = 4
[2026-06-29 17:28:01.692] [info] Controller idle = 5
[2026-06-29 17:28:01.692] [info] Controller idle = 2
[2026-06-29 17:28:01.692] [info] Controller idle = 2
[2026-06-29 17:28:01.692] [info] Controller idle = 1
[2026-06-29 17:28:01.692] [info] Controller idle = 1
[2026-06-29 17:28:01.692] [info] Controller idle = 86
[2026-06-29 17:28:01.692] [info] Controller idle = 5
[2026-06-29 17:28:01.692] [info] Controller idle = 5
[2026-06-29 17:28:01.692] [info] Controller idle = 2
[2026-06-29 17:28:01.692] [info] Controller idle = 103
[2026-06-29 17:28:01.692] [info] Controller idle = 1
[2026-06-29 17:28:01.692] [info] Controller idle = 1
[2026-06-29 17:28:01.692] [info] Controller idle = 3
[2026-06-29 17:28:01.692] [info] Controller idle = 3
[2026-06-29 17:28:01.692] [info] Controller idle = 1
[2026-06-29 17:28:01.692] [info] Controller idle = 1
[2026-06-29 17:28:01.692] [info] Controller idle = 2
[2026-06-29 17:28:01.692] [info] Controller idle = 1
[2026-06-29 17:28:01.692] [info] Controller idle = 21
[2026-06-29 17:28:01.692] [info] Controller idle = 2
[2026-06-29 17:28:01.692] [info] Controller idle = 1
[2026-06-29 17:28:01.692] [info] Controller idle = 2
[2026-06-29 17:28:01.692] [info] Controller idle = 2435
[2026-06-29 17:28:01.692] [info] Controller idle = 58
[2026-06-29 17:28:01.692] [info] Controller idle = 68
[2026-06-29 17:28:01.692] [info] Controller idle = 2406
[2026-06-29 17:28:01.692] [info] Controller idle = 1
[2026-06-29 17:28:01.692] [info] Controller idle = 6
[2026-06-29 17:28:01.692] [info] Controller idle = 1
[2026-06-29 17:28:01.692] [info] Controller idle = 92
[2026-06-29 17:28:01.692] [info] Controller idle = 1
[2026-06-29 17:28:01.692] [info] Controller idle = 1
[2026-06-29 17:28:01.692] [info] Controller idle = 12
[2026-06-29 17:28:01.692] [info] Controller idle = 5
[2026-06-29 17:28:01.692] [info] Controller idle = 93
[2026-06-29 17:28:01.692] [info] Controller idle = 5
[2026-06-29 17:28:01.692] [info] Controller idle = 1
[2026-06-29 17:28:01.692] [info] Controller idle = 2
[2026-06-29 17:28:01.692] [info] Controller idle = 1
[2026-06-29 17:28:01.692] [info] Controller idle = 9
[2026-06-29 17:28:01.692] [info] Controller idle = 14
[2026-06-29 17:28:01.692] [info] Controller idle = 1
[2026-06-29 17:28:01.692] [info] Controller idle = 1
[2026-06-29 17:28:01.692] [info] Controller idle = 13
[2026-06-29 17:28:01.692] [info] Controller idle = 3
[2026-06-29 17:28:01.692] [info] Controller idle = 2435
[2026-06-29 17:28:01.692] [info] Controller idle = 1
[2026-06-29 17:28:01.692] [info] Controller idle = 3
[2026-06-29 17:28:01.692] [info] Controller idle = 1
[2026-06-29 17:28:01.692] [info] Controller idle = 96
[2026-06-29 17:28:01.692] [info] Controller idle = 6
[2026-06-29 17:28:01.692] [info] Controller idle = 5
[2026-06-29 17:28:01.692] [info] Controller idle = 2
[2026-06-29 17:28:01.692] [info] Controller idle = 92
[2026-06-29 17:28:01.692] [info] Controller idle = 1
[2026-06-29 17:28:01.692] [info] Controller idle = 3
[2026-06-29 17:28:01.692] [info] Controller idle = 1
[2026-06-29 17:28:01.692] [info] Controller idle = 1
[2026-06-29 17:28:01.692] [info] Controller idle = 1
[2026-06-29 17:28:01.692] [info] Controller idle = 8
[2026-06-29 17:28:01.692] [info] Controller idle = 3
[2026-06-29 17:28:01.692] [info] Controller idle = 1
[2026-06-29 17:28:01.692] [info] Controller idle = 1
[2026-06-29 17:28:01.692] [info] Controller idle = 7
[2026-06-29 17:28:01.692] [info] Controller idle = 1
[2026-06-29 17:28:01.692] [info] Controller idle = 2439
[2026-06-29 17:28:01.692] [info] Controller idle = 5
[2026-06-29 17:28:01.692] [info] Controller idle = 5
[2026-06-29 17:28:01.693] [info] Controller idle = 4
[2026-06-29 17:28:01.693] [info] Controller idle = 2
[2026-06-29 17:28:01.693] [info] Controller idle = 86
[2026-06-29 17:28:01.693] [info] Controller idle = 4
[2026-06-29 17:28:01.693] [info] Controller idle = 3
[2026-06-29 17:28:01.693] [info] Controller idle = 1
[2026-06-29 17:28:01.693] [info] Controller idle = 1
[2026-06-29 17:28:01.693] [info] Controller idle = 2
[2026-06-29 17:28:01.693] [info] Controller idle = 11
[2026-06-29 17:28:01.693] [info] Controller idle = 94
[2026-06-29 17:28:01.693] [info] Controller idle = 5
[2026-06-29 17:28:01.693] [info] Controller idle = 1
[2026-06-29 17:28:01.693] [info] Controller idle = 10
[2026-06-29 17:28:01.693] [info] Controller idle = 9
[2026-06-29 17:28:01.693] [info] Controller idle = 558
[2026-06-29 17:28:01.693] [info] Controller idle = 106
[2026-06-29 17:28:01.693] [info] Controller idle = 1
[2026-06-29 17:28:01.693] [info] Controller idle = 2
[2026-06-29 17:28:01.693] [info] Controller idle = 10
[2026-06-29 17:28:01.693] [info] Controller idle = 5
[2026-06-29 17:28:01.693] [info] Controller idle = 1
[2026-06-29 17:28:01.693] [info] Controller idle = 14
[2026-06-29 17:28:01.693] [info] Controller idle = 3
[2026-06-29 17:28:01.693] [info] Controller idle = 25
[2026-06-29 17:28:01.693] [info] Controller idle = 1
[2026-06-29 17:28:01.693] [info] Controller idle = 2
[2026-06-29 17:28:01.693] [info] Controller idle = 12
[2026-06-29 17:28:01.693] [info] Controller idle = 1
[2026-06-29 17:28:01.693] [info] Controller idle = 2
[2026-06-29 17:28:01.693] [info] Controller idle = 5
[2026-06-29 17:28:01.693] [info] Controller idle = 3
[2026-06-29 17:28:01.693] [info] Controller idle = 4
[2026-06-29 17:28:01.693] [info] Controller idle = 8
[2026-06-29 17:28:01.693] [info] Controller idle = 2
[2026-06-29 17:28:01.693] [info] Controller idle = 1
[2026-06-29 17:28:01.693] [info] Controller idle = 128
[2026-06-29 17:28:01.693] [info] Controller idle = 1
[2026-06-29 17:28:01.693] [info] Controller idle = 1
[2026-06-29 17:28:01.693] [info] Controller idle = 4
[2026-06-29 17:28:01.693] [info] Controller idle = 10
[2026-06-29 17:28:01.693] [info] Controller idle = 1
[2026-06-29 17:28:01.693] [info] Controller idle = 7
[2026-06-29 17:28:01.693] [info] Controller idle = 9
[2026-06-29 17:28:01.693] [info] Controller idle = 1
[2026-06-29 17:28:01.693] [info] Controller idle = 5
[2026-06-29 17:28:01.693] [info] Controller idle = 1
[2026-06-29 17:28:01.693] [info] Controller idle = 6
[2026-06-29 17:28:01.693] [info] Controller idle = 1
[2026-06-29 17:28:01.693] [info] Controller idle = 13
[2026-06-29 17:28:01.693] [info] Controller idle = 1
[2026-06-29 17:28:01.693] [info] Controller idle = 1
[2026-06-29 17:28:01.693] [info] Controller idle = 2
[2026-06-29 17:28:01.693] [info] Controller idle = 2
[2026-06-29 17:28:01.693] [info] Controller idle = 13
[2026-06-29 17:28:01.693] [info] Controller idle = 10
[2026-06-29 17:28:01.693] [info] Controller idle = 3
[2026-06-29 17:28:01.693] [info] Controller idle = 23
[2026-06-29 17:28:01.693] [info] Controller idle = 3
[2026-06-29 17:28:01.693] [info] Controller idle = 126
[2026-06-29 17:28:01.693] [info] Controller idle = 3
[2026-06-29 17:28:01.693] [info] Controller idle = 7
[2026-06-29 17:28:01.693] [info] Controller idle = 8
[2026-06-29 17:28:01.693] [info] Controller idle = 3
[2026-06-29 17:28:01.693] [info] Controller idle = 6
[2026-06-29 17:28:01.693] [info] Controller idle = 10
[2026-06-29 17:28:01.693] [info] Controller idle = 1
[2026-06-29 17:28:01.693] [info] Controller idle = 2
[2026-06-29 17:28:01.693] [info] Controller idle = 24
[2026-06-29 17:28:01.693] [info] Controller idle = 1
[2026-06-29 17:28:01.693] [info] Controller idle = 8
[2026-06-29 17:28:01.693] [info] Controller idle = 5
[2026-06-29 17:28:01.693] [info] Controller idle = 1
[2026-06-29 17:28:01.693] [info] Controller idle = 6
[2026-06-29 17:28:01.693] [info] Controller idle = 8
[2026-06-29 17:28:01.693] [info] Controller idle = 6
[2026-06-29 17:28:01.693] [info] Controller idle = 6
[2026-06-29 17:28:01.693] [info] Controller idle = 2
[2026-06-29 17:28:01.693] [info] Controller idle = 125
[2026-06-29 17:28:01.693] [info] Controller idle = 108
[2026-06-29 17:28:01.693] [info] Controller idle = 1
[2026-06-29 17:28:01.693] [info] Controller idle = 1
[2026-06-29 17:28:01.693] [info] Controller idle = 2
[2026-06-29 17:28:01.693] [info] Controller idle = 7
[2026-06-29 17:28:01.693] [info] Controller idle = 5
[2026-06-29 17:28:01.693] [info] Controller idle = 2
[2026-06-29 17:28:01.693] [info] Controller idle = 3
[2026-06-29 17:28:01.693] [info] Controller idle = 10
[2026-06-29 17:28:01.693] [info] Controller idle = 8
[2026-06-29 17:28:01.693] [info] Controller idle = 24
[2026-06-29 17:28:01.693] [info] Controller idle = 1
[2026-06-29 17:28:01.693] [info] Controller idle = 11
[2026-06-29 17:28:01.693] [info] Controller idle = 9
[2026-06-29 17:28:01.693] [info] Controller idle = 7
[2026-06-29 17:28:01.693] [info] Controller idle = 1
[2026-06-29 17:28:01.693] [info] Controller idle = 12
[2026-06-29 17:28:01.693] [info] Controller idle = 136
[2026-06-29 17:28:01.693] [info] Controller idle = 1
[2026-06-29 17:28:01.693] [info] Controller idle = 1
[2026-06-29 17:28:01.693] [info] Controller idle = 7
[2026-06-29 17:28:01.693] [info] Controller idle = 2
[2026-06-29 17:28:01.693] [info] Controller idle = 2
[2026-06-29 17:28:01.693] [info] Controller idle = 2
[2026-06-29 17:28:01.693] [info] Controller idle = 11
[2026-06-29 17:28:01.693] [info] Controller idle = 3
[2026-06-29 17:28:01.693] [info] Controller idle = 4
[2026-06-29 17:28:01.693] [info] Controller idle = 6
[2026-06-29 17:28:01.693] [info] Controller idle = 1
[2026-06-29 17:28:01.693] [info] Controller idle = 1
[2026-06-29 17:28:01.693] [info] Controller idle = 28
[2026-06-29 17:28:01.693] [info] Controller idle = 3
[2026-06-29 17:28:01.693] [info] Controller idle = 23
[2026-06-29 17:28:01.693] [info] Controller idle = 9
[2026-06-29 17:28:01.693] [info] Controller idle = 2
[2026-06-29 17:28:01.693] [info] Controller idle = 2
[2026-06-29 17:28:01.693] [info] Controller idle = 2
[2026-06-29 17:28:01.693] [info] Controller idle = 134
[2026-06-29 17:28:01.693] [info] Controller idle = 2
[2026-06-29 17:28:01.693] [info] Controller idle = 1
[2026-06-29 17:28:01.693] [info] Controller idle = 2
[2026-06-29 17:28:01.693] [info] Controller idle = 4
[2026-06-29 17:28:01.693] [info] Controller idle = 3
[2026-06-29 17:28:01.693] [info] Controller idle = 1
[2026-06-29 17:28:01.693] [info] Controller idle = 3
[2026-06-29 17:28:01.693] [info] Controller idle = 47
[2026-06-29 17:28:01.693] [info] Controller idle = 1
[2026-06-29 17:28:01.693] [info] Controller idle = 13
[2026-06-29 17:28:01.693] [info] Controller idle = 4964
[2026-06-29 17:28:01.693] [info] Controller idle = 5368
[2026-06-29 17:28:01.693] [info] Controller idle = 3
[2026-06-29 17:28:01.693] [info] Controller idle = 1
[2026-06-29 17:28:01.693] [info] Controller idle = 3
[2026-06-29 17:28:01.693] [info] Controller idle = 5
[2026-06-29 17:28:01.693] [info] Controller idle = 8
[2026-06-29 17:28:01.693] [info] Controller idle = 1
[2026-06-29 17:28:01.693] [info] Controller idle = 1
[2026-06-29 17:28:01.693] [info] Controller idle = 5
[2026-06-29 17:28:01.693] [info] Controller idle = 5399
[2026-06-29 17:28:01.693] [info] Controller idle = 1
[2026-06-29 17:28:01.693] [info] Controller idle = 2
[2026-06-29 17:28:01.693] [info] Controller idle = 4
[2026-06-29 17:28:01.693] [info] Controller idle = 1
[2026-06-29 17:28:01.693] [info] Controller idle = 3
[2026-06-29 17:28:01.693] [info] Controller idle = 8
[2026-06-29 17:28:01.693] [info] Controller idle = 5
[2026-06-29 17:28:01.693] [info] Controller idle = 5
[2026-06-29 17:28:01.693] [info] Controller idle = 4
[2026-06-29 17:28:01.693] [info] Controller idle = 1
[2026-06-29 17:28:01.693] [info] Controller idle = 2
[2026-06-29 17:28:01.693] [info] Controller idle = 4
[2026-06-29 17:28:01.693] [info] Controller idle = 1
[2026-06-29 17:28:01.693] [info] Controller idle = 4
[2026-06-29 17:28:01.693] [info] Controller idle = 1
[2026-06-29 17:28:01.693] [info] Controller idle = 5401
[2026-06-29 17:28:01.693] [info] Controller idle = 2
[2026-06-29 17:28:01.693] [info] Controller idle = 1
[2026-06-29 17:28:01.693] [info] Controller idle = 4
[2026-06-29 17:28:01.693] [info] Controller idle = 9
[2026-06-29 17:28:01.693] [info] Controller idle = 1
[2026-06-29 17:28:01.693] [info] Controller idle = 3
[2026-06-29 17:28:01.693] [info] Controller idle = 1
[2026-06-29 17:28:01.693] [info] Controller idle = 2
[2026-06-29 17:28:01.693] [info] Controller idle = 2
[2026-06-29 17:28:01.693] [info] Controller idle = 2
[2026-06-29 17:28:01.693] [info] Controller idle = 3
[2026-06-29 17:28:01.693] [info] Controller idle = 1
[2026-06-29 17:28:01.693] [info] Controller idle = 3
[2026-06-29 17:28:01.693] [info] Controller idle = 1
[2026-06-29 17:28:01.693] [info] Controller idle = 1
[2026-06-29 17:28:01.693] [info] Controller idle = 5396
[2026-06-29 17:28:01.693] [info] Controller idle = 5364
[2026-06-29 17:28:01.693] [info] Controller idle = 1
[2026-06-29 17:28:01.693] [info] Controller idle = 3
[2026-06-29 17:28:01.693] [info] Controller idle = 1
[2026-06-29 17:28:01.693] [info] Controller idle = 3
[2026-06-29 17:28:01.693] [info] Controller idle = 1
[2026-06-29 17:28:01.693] [info] Controller idle = 2
[2026-06-29 17:28:01.693] [info] Controller idle = 3
[2026-06-29 17:28:01.693] [info] Controller idle = 4
[2026-06-29 17:28:01.693] [info] Controller idle = 1
[2026-06-29 17:28:01.693] [info] Controller idle = 7
[2026-06-29 17:28:01.693] [info] Controller idle = 1
[2026-06-29 17:28:01.693] [info] Controller idle = 1
[2026-06-29 17:28:01.693] [info] Controller idle = 1
[2026-06-29 17:28:01.693] [info] Controller idle = 10
[2026-06-29 17:28:01.693] [info] Controller idle = 1
[2026-06-29 17:28:01.693] [info] Controller idle = 5405
[2026-06-29 17:28:01.693] [info] Controller idle = 1
[2026-06-29 17:28:01.693] [info] Controller idle = 5
[2026-06-29 17:28:01.693] [info] Controller idle = 1
[2026-06-29 17:28:01.693] [info] Controller idle = 3
[2026-06-29 17:28:01.693] [info] Controller idle = 5
[2026-06-29 17:28:01.693] [info] Controller idle = 1
[2026-06-29 17:28:01.693] [info] Controller idle = 1
[2026-06-29 17:28:01.693] [info] Controller idle = 3
[2026-06-29 17:28:01.693] [info] Controller idle = 4
[2026-06-29 17:28:01.693] [info] Controller idle = 2
[2026-06-29 17:28:01.693] [info] Controller idle = 4
[2026-06-29 17:28:01.693] [info] Controller idle = 1
[2026-06-29 17:28:01.693] [info] Controller idle = 1
[2026-06-29 17:28:01.693] [info] Controller idle = 2
[2026-06-29 17:28:01.693] [info] Controller idle = 3
[2026-06-29 17:28:01.693] [info] Controller idle = 5401
[2026-06-29 17:28:01.693] [info] Controller idle = 1
[2026-06-29 17:28:01.693] [info] Controller idle = 2
[2026-06-29 17:28:01.693] [info] Controller idle = 2
[2026-06-29 17:28:01.693] [info] Controller idle = 2
[2026-06-29 17:28:01.693] [info] Controller idle = 1
[2026-06-29 17:28:01.693] [info] Controller idle = 1
[2026-06-29 17:28:01.693] [info] Controller idle = 1
[2026-06-29 17:28:01.693] [info] Controller idle = 1
[2026-06-29 17:28:01.693] [info] Controller idle = 2
[2026-06-29 17:28:01.693] [info] Controller idle = 5017
[2026-06-29 17:28:01.693] [info] Controller idle = 5364
[2026-06-29 17:28:01.693] [info] Controller idle = 4
[2026-06-29 17:28:01.693] [info] Controller idle = 8
[2026-06-29 17:28:01.693] [info] Controller idle = 1
[2026-06-29 17:28:01.693] [info] Controller idle = 1
[2026-06-29 17:28:01.693] [info] Controller idle = 5
[2026-06-29 17:28:01.693] [info] Controller idle = 1
[2026-06-29 17:28:01.693] [info] Controller idle = 1
[2026-06-29 17:28:01.693] [info] Controller idle = 2
[2026-06-29 17:28:01.693] [info] Controller idle = 2
[2026-06-29 17:28:01.693] [info] Controller idle = 15
[2026-06-29 17:28:01.693] [info] Controller idle = 1
[2026-06-29 17:28:01.693] [info] Controller idle = 1
[2026-06-29 17:28:01.693] [info] Controller idle = 5
[2026-06-29 17:28:01.693] [info] Controller idle = 2
[2026-06-29 17:28:01.693] [info] Controller idle = 5
[2026-06-29 17:28:01.693] [info] Controller idle = 1
[2026-06-29 17:28:01.693] [info] Controller idle = 5398
[2026-06-29 17:28:01.693] [info] Controller idle = 8
[2026-06-29 17:28:01.693] [info] Controller idle = 1
[2026-06-29 17:28:01.693] [info] Controller idle = 8
[2026-06-29 17:28:01.693] [info] Controller idle = 1
[2026-06-29 17:28:01.693] [info] Controller idle = 2
[2026-06-29 17:28:01.693] [info] Controller idle = 2
[2026-06-29 17:28:01.693] [info] Controller idle = 2
[2026-06-29 17:28:01.693] [info] Controller idle = 5
[2026-06-29 17:28:01.693] [info] Controller idle = 4
[2026-06-29 17:28:01.693] [info] Controller idle = 1
[2026-06-29 17:28:01.693] [info] Controller idle = 5419
[2026-06-29 17:28:01.693] [info] Controller idle = 3
[2026-06-29 17:28:01.693] [info] Controller idle = 3
[2026-06-29 17:28:01.693] [info] Controller idle = 8
[2026-06-29 17:28:01.693] [info] Controller idle = 3
[2026-06-29 17:28:01.693] [info] Controller idle = 1
[2026-06-29 17:28:01.693] [info] Controller idle = 3
[2026-06-29 17:28:01.693] [info] Controller idle = 1
[2026-06-29 17:28:01.693] [info] Controller idle = 1
[2026-06-29 17:28:01.693] [info] Controller idle = 5402
[2026-06-29 17:28:01.693] [info] Controller idle = 1
[2026-06-29 17:28:01.693] [info] Controller idle = 5367
[2026-06-29 17:28:01.693] [info] Controller idle = 1
[2026-06-29 17:28:01.693] [info] Controller idle = 9
[2026-06-29 17:28:01.693] [info] Controller idle = 3
[2026-06-29 17:28:01.693] [info] Controller idle = 4
[2026-06-29 17:28:01.693] [info] Controller idle = 5
[2026-06-29 17:28:01.693] [info] Controller idle = 2
[2026-06-29 17:28:01.693] [info] Controller idle = 12
[2026-06-29 17:28:01.693] [info] Controller idle = 2
[2026-06-29 17:28:01.693] [info] Controller idle = 3
[2026-06-29 17:28:01.693] [info] Controller idle = 4
[2026-06-29 17:28:01.693] [info] Controller idle = 1
[2026-06-29 17:28:01.693] [info] Controller idle = 4
[2026-06-29 17:28:01.693] [info] Controller idle = 2
[2026-06-29 17:28:01.693] [info] Controller idle = 1
[2026-06-29 17:28:01.693] [info] Controller idle = 1
[2026-06-29 17:28:01.693] [info] Controller idle = 4
[2026-06-29 17:28:01.693] [info] Controller idle = 1
[2026-06-29 17:28:01.693] [info] Controller idle = 3
[2026-06-29 17:28:01.693] [info] Controller idle = 5396
[2026-06-29 17:28:01.693] [info] Controller idle = 2
[2026-06-29 17:28:01.693] [info] Controller idle = 9
[2026-06-29 17:28:01.693] [info] Controller idle = 2
[2026-06-29 17:28:01.693] [info] Controller idle = 3
[2026-06-29 17:28:01.693] [info] Controller idle = 1
[2026-06-29 17:28:01.693] [info] Controller idle = 9
[2026-06-29 17:28:01.693] [info] Controller idle = 3
[2026-06-29 17:28:01.693] [info] Controller idle = 2
[2026-06-29 17:28:01.693] [info] Controller idle = 2
[2026-06-29 17:28:01.693] [info] Controller idle = 1
[2026-06-29 17:28:01.693] [info] Controller idle = 1
[2026-06-29 17:28:01.693] [info] Controller idle = 5415
[2026-06-29 17:28:01.693] [info] Controller idle = 1
[2026-06-29 17:28:01.693] [info] Controller idle = 12
[2026-06-29 17:28:01.693] [info] Controller idle = 2
[2026-06-29 17:28:01.693] [info] Controller idle = 1
[2026-06-29 17:28:01.693] [info] Controller idle = 1
[2026-06-29 17:28:01.693] [info] Controller idle = 1
[2026-06-29 17:28:01.693] [info] Controller idle = 1
[2026-06-29 17:28:01.693] [info] Controller idle = 4842
[2026-06-29 17:28:01.693] [info] Controller idle = 80
[2026-06-29 17:28:01.693] [info] Controller idle = 94
[2026-06-29 17:28:01.693] [info] Controller idle = 1
[2026-06-29 17:28:01.693] [info] Controller idle = 5136
[2026-06-29 17:28:01.693] [info] Controller idle = 10
[2026-06-29 17:28:01.693] [info] Controller idle = 117
[2026-06-29 17:28:01.693] [info] Controller idle = 12
[2026-06-29 17:28:01.693] [info] Controller idle = 9
[2026-06-29 17:28:01.693] [info] Controller idle = 2
[2026-06-29 17:28:01.693] [info] Controller idle = 3
[2026-06-29 17:28:01.693] [info] Controller idle = 4
[2026-06-29 17:28:01.693] [info] Controller idle = 1
[2026-06-29 17:28:01.693] [info] Controller idle = 2
[2026-06-29 17:28:01.693] [info] Controller idle = 1
[2026-06-29 17:28:01.693] [info] Controller idle = 5
[2026-06-29 17:28:01.693] [info] Controller idle = 129
[2026-06-29 17:28:01.693] [info] Controller idle = 1
[2026-06-29 17:28:01.693] [info] Controller idle = 9
[2026-06-29 17:28:01.693] [info] Controller idle = 4
[2026-06-29 17:28:01.693] [info] Controller idle = 1
[2026-06-29 17:28:01.693] [info] Controller idle = 5149
[2026-06-29 17:28:01.693] [info] Controller idle = 12
[2026-06-29 17:28:01.693] [info] Controller idle = 8
[2026-06-29 17:28:01.693] [info] Controller idle = 1
[2026-06-29 17:28:01.693] [info] Controller idle = 120
[2026-06-29 17:28:01.693] [info] Controller idle = 2
[2026-06-29 17:28:01.693] [info] Controller idle = 9
[2026-06-29 17:28:01.693] [info] Controller idle = 5
[2026-06-29 17:28:01.693] [info] Controller idle = 9
[2026-06-29 17:28:01.693] [info] Controller idle = 1
[2026-06-29 17:28:01.693] [info] Controller idle = 1
[2026-06-29 17:28:01.693] [info] Controller idle = 2
[2026-06-29 17:28:01.693] [info] Controller idle = 131
[2026-06-29 17:28:01.693] [info] Controller idle = 2
[2026-06-29 17:28:01.693] [info] Controller idle = 5
[2026-06-29 17:28:01.693] [info] Controller idle = 11
[2026-06-29 17:28:01.693] [info] Controller idle = 5156
[2026-06-29 17:28:01.693] [info] Controller idle = 5
[2026-06-29 17:28:01.693] [info] Controller idle = 3
[2026-06-29 17:28:01.693] [info] Controller idle = 1
[2026-06-29 17:28:01.693] [info] Controller idle = 6
[2026-06-29 17:28:01.693] [info] Controller idle = 101
[2026-06-29 17:28:01.693] [info] Controller idle = 6
[2026-06-29 17:28:01.693] [info] Controller idle = 4
[2026-06-29 17:28:01.693] [info] Controller idle = 2
[2026-06-29 17:28:01.693] [info] Controller idle = 2
[2026-06-29 17:28:01.693] [info] Controller idle = 14
[2026-06-29 17:28:01.693] [info] Controller idle = 12
[2026-06-29 17:28:01.693] [info] Controller idle = 10
[2026-06-29 17:28:01.693] [info] Controller idle = 1
[2026-06-29 17:28:01.693] [info] Controller idle = 4
[2026-06-29 17:28:01.693] [info] Controller idle = 4
[2026-06-29 17:28:01.693] [info] Controller idle = 114
[2026-06-29 17:28:01.693] [info] Controller idle = 2
[2026-06-29 17:28:01.693] [info] Controller idle = 1
[2026-06-29 17:28:01.693] [info] Controller idle = 20
[2026-06-29 17:28:01.693] [info] Controller idle = 2
[2026-06-29 17:28:01.693] [info] Controller idle = 5145
[2026-06-29 17:28:01.693] [info] Controller idle = 88
[2026-06-29 17:28:01.693] [info] Controller idle = 95
[2026-06-29 17:28:01.693] [info] Controller idle = 5129
[2026-06-29 17:28:01.693] [info] Controller idle = 124
[2026-06-29 17:28:01.693] [info] Controller idle = 5
[2026-06-29 17:28:01.693] [info] Controller idle = 1
[2026-06-29 17:28:01.693] [info] Controller idle = 4
[2026-06-29 17:28:01.693] [info] Controller idle = 10
[2026-06-29 17:28:01.693] [info] Controller idle = 1
[2026-06-29 17:28:01.693] [info] Controller idle = 1
[2026-06-29 17:28:01.693] [info] Controller idle = 1
[2026-06-29 17:28:01.693] [info] Controller idle = 1
[2026-06-29 17:28:01.693] [info] Controller idle = 3
[2026-06-29 17:28:01.693] [info] Controller idle = 4
[2026-06-29 17:28:01.693] [info] Controller idle = 5
[2026-06-29 17:28:01.693] [info] Controller idle = 5
[2026-06-29 17:28:01.694] [info] Controller idle = 8
[2026-06-29 17:28:01.694] [info] Controller idle = 116
[2026-06-29 17:28:01.694] [info] Controller idle = 1
[2026-06-29 17:28:01.694] [info] Controller idle = 2
[2026-06-29 17:28:01.694] [info] Controller idle = 1
[2026-06-29 17:28:01.694] [info] Controller idle = 5
[2026-06-29 17:28:01.694] [info] Controller idle = 1
[2026-06-29 17:28:01.694] [info] Controller idle = 4
[2026-06-29 17:28:01.694] [info] Controller idle = 1
[2026-06-29 17:28:01.694] [info] Controller idle = 5155
[2026-06-29 17:28:01.694] [info] Controller idle = 4
[2026-06-29 17:28:01.694] [info] Controller idle = 4
[2026-06-29 17:28:01.694] [info] Controller idle = 1
[2026-06-29 17:28:01.694] [info] Controller idle = 3
[2026-06-29 17:28:01.694] [info] Controller idle = 3
[2026-06-29 17:28:01.694] [info] Controller idle = 115
[2026-06-29 17:28:01.694] [info] Controller idle = 2
[2026-06-29 17:28:01.694] [info] Controller idle = 1
[2026-06-29 17:28:01.694] [info] Controller idle = 1
[2026-06-29 17:28:01.694] [info] Controller idle = 6
[2026-06-29 17:28:01.694] [info] Controller idle = 16
[2026-06-29 17:28:01.694] [info] Controller idle = 15
[2026-06-29 17:28:01.694] [info] Controller idle = 12
[2026-06-29 17:28:01.694] [info] Controller idle = 112
[2026-06-29 17:28:01.694] [info] Controller idle = 1
[2026-06-29 17:28:01.694] [info] Controller idle = 12
[2026-06-29 17:28:01.694] [info] Controller idle = 7
[2026-06-29 17:28:01.694] [info] Controller idle = 5161
[2026-06-29 17:28:01.694] [info] Controller idle = 1
[2026-06-29 17:28:01.694] [info] Controller idle = 8
[2026-06-29 17:28:01.694] [info] Controller idle = 2
[2026-06-29 17:28:01.694] [info] Controller idle = 3
[2026-06-29 17:28:01.694] [info] Controller idle = 112
[2026-06-29 17:28:01.694] [info] Controller idle = 7
[2026-06-29 17:28:01.694] [info] Controller idle = 1
[2026-06-29 17:28:01.694] [info] Controller idle = 14
[2026-06-29 17:28:01.694] [info] Controller idle = 2
[2026-06-29 17:28:01.694] [info] Controller idle = 4
[2026-06-29 17:28:01.694] [info] Controller idle = 17
[2026-06-29 17:28:01.694] [info] Controller idle = 8
[2026-06-29 17:28:01.694] [info] Controller idle = 4
[2026-06-29 17:28:01.694] [info] Controller idle = 117
[2026-06-29 17:28:01.694] [info] Controller idle = 3
[2026-06-29 17:28:01.694] [info] Controller idle = 3
[2026-06-29 17:28:01.694] [info] Controller idle = 1040
[2026-06-29 17:28:01.694] [info] Controller idle = 4
[2026-06-29 17:28:01.694] [info] Controller idle = 2
[2026-06-29 17:28:01.694] [info] Controller idle = 18
[2026-06-29 17:28:01.694] [info] Controller idle = 14
MemorySystem:
  impl: GenericDRAM
  total_num_other_requests: 0
  total_num_write_requests: 77647
  total_num_read_requests: 55402
  memory_system_cycles: 2594267

  DRAM:
    impl: HBM2
    dram_commands: 207374
  AddrMapper:
    impl: RoBaRaCoCh
  Controller:
    impl: Generic
    id: Channel 0
    Scheduler:
      impl: FRFCFS
    RefreshManager:
      impl: AllBank



Frontend:
  impl: GEM5

[2026-06-29 17:28:01.694] [info] Row hits: 95898, Row misses: 974, Row conflicts: 35851
[2026-06-29 17:28:01.694] [info] Controller idle = 11
[2026-06-29 17:28:01.694] [info] Controller idle = 26663
[2026-06-29 17:28:01.694] [info] Controller idle = 25724
[2026-06-29 17:28:01.694] [info] Controller idle = 25735
[2026-06-29 17:28:01.694] [info] Controller idle = 25705
[2026-06-29 17:28:01.694] [info] Controller idle = 25710
[2026-06-29 17:28:01.694] [info] Controller idle = 25717
[2026-06-29 17:28:01.694] [info] Controller idle = 25732
[2026-06-29 17:28:01.694] [info] Controller idle = 25937
[2026-06-29 17:28:01.694] [info] Controller idle = 25772
[2026-06-29 17:28:01.694] [info] Controller idle = 231835
[2026-06-29 17:28:01.694] [info] Controller idle = 231807
[2026-06-29 17:28:01.694] [info] Controller idle = 3
[2026-06-29 17:28:01.694] [info] Controller idle = 1
[2026-06-29 17:28:01.694] [info] Controller idle = 231658
[2026-06-29 17:28:01.694] [info] Controller idle = 2
[2026-06-29 17:28:01.694] [info] Controller idle = 1
[2026-06-29 17:28:01.694] [info] Controller idle = 231602
[2026-06-29 17:28:01.694] [info] Controller idle = 231688
[2026-06-29 17:28:01.694] [info] Controller idle = 1
[2026-06-29 17:28:01.694] [info] Controller idle = 3
[2026-06-29 17:28:01.694] [info] Controller idle = 1
[2026-06-29 17:28:01.694] [info] Controller idle = 1
[2026-06-29 17:28:01.694] [info] Controller idle = 5
[2026-06-29 17:28:01.694] [info] Controller idle = 231955
[2026-06-29 17:28:01.694] [info] Controller idle = 232614
[2026-06-29 17:28:01.694] [info] Controller idle = 23079
[2026-06-29 17:28:01.694] [info] Controller idle = 8003
[2026-06-29 17:28:01.694] [info] Controller idle = 4
[2026-06-29 17:28:01.694] [info] Controller idle = 4
[2026-06-29 17:28:01.694] [info] Controller idle = 1
[2026-06-29 17:28:01.694] [info] Controller idle = 1
[2026-06-29 17:28:01.694] [info] Controller idle = 6
[2026-06-29 17:28:01.694] [info] Controller idle = 1
[2026-06-29 17:28:01.694] [info] Controller idle = 1
[2026-06-29 17:28:01.694] [info] Controller idle = 8
[2026-06-29 17:28:01.694] [info] Controller idle = 3
[2026-06-29 17:28:01.694] [info] Controller idle = 9
[2026-06-29 17:28:01.694] [info] Controller idle = 1
[2026-06-29 17:28:01.694] [info] Controller idle = 4
[2026-06-29 17:28:01.694] [info] Controller idle = 2
[2026-06-29 17:28:01.694] [info] Controller idle = 4
[2026-06-29 17:28:01.694] [info] Controller idle = 2
[2026-06-29 17:28:01.694] [info] Controller idle = 1
[2026-06-29 17:28:01.694] [info] Controller idle = 1
[2026-06-29 17:28:01.694] [info] Controller idle = 11
[2026-06-29 17:28:01.694] [info] Controller idle = 4
[2026-06-29 17:28:01.694] [info] Controller idle = 3
[2026-06-29 17:28:01.694] [info] Controller idle = 3
[2026-06-29 17:28:01.694] [info] Controller idle = 1
[2026-06-29 17:28:01.694] [info] Controller idle = 4
[2026-06-29 17:28:01.694] [info] Controller idle = 1
[2026-06-29 17:28:01.694] [info] Controller idle = 1
[2026-06-29 17:28:01.694] [info] Controller idle = 11
[2026-06-29 17:28:01.694] [info] Controller idle = 1
[2026-06-29 17:28:01.694] [info] Controller idle = 10
[2026-06-29 17:28:01.694] [info] Controller idle = 1
[2026-06-29 17:28:01.694] [info] Controller idle = 3
[2026-06-29 17:28:01.694] [info] Controller idle = 8
[2026-06-29 17:28:01.694] [info] Controller idle = 1
[2026-06-29 17:28:01.694] [info] Controller idle = 3
[2026-06-29 17:28:01.694] [info] Controller idle = 1
[2026-06-29 17:28:01.694] [info] Controller idle = 3
[2026-06-29 17:28:01.694] [info] Controller idle = 3
[2026-06-29 17:28:01.694] [info] Controller idle = 1
[2026-06-29 17:28:01.694] [info] Controller idle = 4
[2026-06-29 17:28:01.694] [info] Controller idle = 1
[2026-06-29 17:28:01.694] [info] Controller idle = 5
[2026-06-29 17:28:01.694] [info] Controller idle = 1
[2026-06-29 17:28:01.694] [info] Controller idle = 2
[2026-06-29 17:28:01.694] [info] Controller idle = 8
[2026-06-29 17:28:01.694] [info] Controller idle = 11
[2026-06-29 17:28:01.694] [info] Controller idle = 1
[2026-06-29 17:28:01.694] [info] Controller idle = 5
[2026-06-29 17:28:01.694] [info] Controller idle = 5
[2026-06-29 17:28:01.694] [info] Controller idle = 10
[2026-06-29 17:28:01.694] [info] Controller idle = 1
[2026-06-29 17:28:01.694] [info] Controller idle = 23
[2026-06-29 17:28:01.694] [info] Controller idle = 1
[2026-06-29 17:28:01.694] [info] Controller idle = 3
[2026-06-29 17:28:01.694] [info] Controller idle = 4
[2026-06-29 17:28:01.694] [info] Controller idle = 13
[2026-06-29 17:28:01.694] [info] Controller idle = 9
[2026-06-29 17:28:01.694] [info] Controller idle = 9
[2026-06-29 17:28:01.694] [info] Controller idle = 8
[2026-06-29 17:28:01.694] [info] Controller idle = 5
[2026-06-29 17:28:01.694] [info] Controller idle = 1
[2026-06-29 17:28:01.694] [info] Controller idle = 4
[2026-06-29 17:28:01.694] [info] Controller idle = 5
[2026-06-29 17:28:01.694] [info] Controller idle = 1
[2026-06-29 17:28:01.694] [info] Controller idle = 14
[2026-06-29 17:28:01.694] [info] Controller idle = 3
[2026-06-29 17:28:01.694] [info] Controller idle = 11
[2026-06-29 17:28:01.694] [info] Controller idle = 28
[2026-06-29 17:28:01.694] [info] Controller idle = 2
[2026-06-29 17:28:01.694] [info] Controller idle = 21536
[2026-06-29 17:28:01.694] [info] Controller idle = 8013
[2026-06-29 17:28:01.694] [info] Controller idle = 5
[2026-06-29 17:28:01.694] [info] Controller idle = 1
[2026-06-29 17:28:01.694] [info] Controller idle = 1
[2026-06-29 17:28:01.694] [info] Controller idle = 5
[2026-06-29 17:28:01.694] [info] Controller idle = 1
[2026-06-29 17:28:01.694] [info] Controller idle = 1
[2026-06-29 17:28:01.694] [info] Controller idle = 1
[2026-06-29 17:28:01.694] [info] Controller idle = 2
[2026-06-29 17:28:01.694] [info] Controller idle = 1
[2026-06-29 17:28:01.694] [info] Controller idle = 6
[2026-06-29 17:28:01.694] [info] Controller idle = 34334
[2026-06-29 17:28:01.694] [info] Controller idle = 29182
[2026-06-29 17:28:01.694] [info] Controller idle = 1
[2026-06-29 17:28:01.694] [info] Controller idle = 1
[2026-06-29 17:28:01.694] [info] Controller idle = 5
[2026-06-29 17:28:01.694] [info] Controller idle = 4
[2026-06-29 17:28:01.694] [info] Controller idle = 5
[2026-06-29 17:28:01.694] [info] Controller idle = 33314
[2026-06-29 17:28:01.694] [info] Controller idle = 4
[2026-06-29 17:28:01.694] [info] Controller idle = 1
[2026-06-29 17:28:01.694] [info] Controller idle = 1
[2026-06-29 17:28:01.694] [info] Controller idle = 3
[2026-06-29 17:28:01.694] [info] Controller idle = 6
[2026-06-29 17:28:01.694] [info] Controller idle = 1
[2026-06-29 17:28:01.694] [info] Controller idle = 1
[2026-06-29 17:28:01.694] [info] Controller idle = 1
[2026-06-29 17:28:01.694] [info] Controller idle = 3
[2026-06-29 17:28:01.694] [info] Controller idle = 1
[2026-06-29 17:28:01.694] [info] Controller idle = 2
[2026-06-29 17:28:01.694] [info] Controller idle = 2
[2026-06-29 17:28:01.694] [info] Controller idle = 3
[2026-06-29 17:28:01.694] [info] Controller idle = 1
[2026-06-29 17:28:01.694] [info] Controller idle = 5
[2026-06-29 17:28:01.694] [info] Controller idle = 2
[2026-06-29 17:28:01.694] [info] Controller idle = 1
[2026-06-29 17:28:01.694] [info] Controller idle = 2
[2026-06-29 17:28:01.694] [info] Controller idle = 1
[2026-06-29 17:28:01.694] [info] Controller idle = 3
[2026-06-29 17:28:01.694] [info] Controller idle = 1
[2026-06-29 17:28:01.694] [info] Controller idle = 3
[2026-06-29 17:28:01.694] [info] Controller idle = 2
[2026-06-29 17:28:01.694] [info] Controller idle = 2
[2026-06-29 17:28:01.694] [info] Controller idle = 1
[2026-06-29 17:28:01.694] [info] Controller idle = 5
[2026-06-29 17:28:01.694] [info] Controller idle = 1
[2026-06-29 17:28:01.694] [info] Controller idle = 2
[2026-06-29 17:28:01.694] [info] Controller idle = 16
[2026-06-29 17:28:01.694] [info] Controller idle = 26
[2026-06-29 17:28:01.694] [info] Controller idle = 2
[2026-06-29 17:28:01.694] [info] Controller idle = 1
[2026-06-29 17:28:01.694] [info] Controller idle = 1
[2026-06-29 17:28:01.694] [info] Controller idle = 4
[2026-06-29 17:28:01.694] [info] Controller idle = 1
[2026-06-29 17:28:01.694] [info] Controller idle = 2
[2026-06-29 17:28:01.694] [info] Controller idle = 16
[2026-06-29 17:28:01.694] [info] Controller idle = 4
[2026-06-29 17:28:01.694] [info] Controller idle = 8
[2026-06-29 17:28:01.694] [info] Controller idle = 1
[2026-06-29 17:28:01.694] [info] Controller idle = 1
[2026-06-29 17:28:01.694] [info] Controller idle = 8
[2026-06-29 17:28:01.694] [info] Controller idle = 29643
[2026-06-29 17:28:01.694] [info] Controller idle = 10
[2026-06-29 17:28:01.694] [info] Controller idle = 10
[2026-06-29 17:28:01.694] [info] Controller idle = 1
[2026-06-29 17:28:01.694] [info] Controller idle = 1
[2026-06-29 17:28:01.694] [info] Controller idle = 3
[2026-06-29 17:28:01.694] [info] Controller idle = 1
[2026-06-29 17:28:01.694] [info] Controller idle = 4
[2026-06-29 17:28:01.694] [info] Controller idle = 3
[2026-06-29 17:28:01.694] [info] Controller idle = 33233
[2026-06-29 17:28:01.694] [info] Controller idle = 3
[2026-06-29 17:28:01.694] [info] Controller idle = 11
[2026-06-29 17:28:01.694] [info] Controller idle = 3
[2026-06-29 17:28:01.694] [info] Controller idle = 3
[2026-06-29 17:28:01.694] [info] Controller idle = 1
[2026-06-29 17:28:01.694] [info] Controller idle = 4
[2026-06-29 17:28:01.694] [info] Controller idle = 2
[2026-06-29 17:28:01.694] [info] Controller idle = 4
[2026-06-29 17:28:01.694] [info] Controller idle = 6
[2026-06-29 17:28:01.694] [info] Controller idle = 1
[2026-06-29 17:28:01.694] [info] Controller idle = 2
[2026-06-29 17:28:01.694] [info] Controller idle = 29170
[2026-06-29 17:28:01.694] [info] Controller idle = 1
[2026-06-29 17:28:01.694] [info] Controller idle = 6
[2026-06-29 17:28:01.694] [info] Controller idle = 1
[2026-06-29 17:28:01.694] [info] Controller idle = 1
[2026-06-29 17:28:01.694] [info] Controller idle = 3
[2026-06-29 17:28:01.694] [info] Controller idle = 15
[2026-06-29 17:28:01.694] [info] Controller idle = 7
[2026-06-29 17:28:01.694] [info] Controller idle = 9036
[2026-06-29 17:28:01.694] [info] Controller idle = 2
[2026-06-29 17:28:01.694] [info] Controller idle = 1
[2026-06-29 17:28:01.694] [info] Controller idle = 1
[2026-06-29 17:28:01.694] [info] Controller idle = 1
[2026-06-29 17:28:01.694] [info] Controller idle = 8
[2026-06-29 17:28:01.694] [info] Controller idle = 1
[2026-06-29 17:28:01.694] [info] Controller idle = 10
[2026-06-29 17:28:01.694] [info] Controller idle = 4
[2026-06-29 17:28:01.694] [info] Controller idle = 1
[2026-06-29 17:28:01.694] [info] Controller idle = 14
[2026-06-29 17:28:01.694] [info] Controller idle = 19
[2026-06-29 17:28:01.694] [info] Controller idle = 1
[2026-06-29 17:28:01.694] [info] Controller idle = 6394
[2026-06-29 17:28:01.694] [info] Controller idle = 1541
[2026-06-29 17:28:01.694] [info] Controller idle = 5
[2026-06-29 17:28:01.694] [info] Controller idle = 3
[2026-06-29 17:28:01.694] [info] Controller idle = 1
[2026-06-29 17:28:01.694] [info] Controller idle = 4
[2026-06-29 17:28:01.694] [info] Controller idle = 17
[2026-06-29 17:28:01.694] [info] Controller idle = 1
[2026-06-29 17:28:01.694] [info] Controller idle = 1
[2026-06-29 17:28:01.694] [info] Controller idle = 1
[2026-06-29 17:28:01.694] [info] Controller idle = 9317
[2026-06-29 17:28:01.694] [info] Controller idle = 3
[2026-06-29 17:28:01.694] [info] Controller idle = 1
[2026-06-29 17:28:01.694] [info] Controller idle = 1
[2026-06-29 17:28:01.694] [info] Controller idle = 2
[2026-06-29 17:28:01.694] [info] Controller idle = 24
[2026-06-29 17:28:01.694] [info] Controller idle = 4
[2026-06-29 17:28:01.694] [info] Controller idle = 5
[2026-06-29 17:28:01.694] [info] Controller idle = 1
[2026-06-29 17:28:01.694] [info] Controller idle = 6408
[2026-06-29 17:28:01.694] [info] Controller idle = 9117
[2026-06-29 17:28:01.694] [info] Controller idle = 2
[2026-06-29 17:28:01.694] [info] Controller idle = 1
[2026-06-29 17:28:01.694] [info] Controller idle = 4
[2026-06-29 17:28:01.694] [info] Controller idle = 6
[2026-06-29 17:28:01.694] [info] Controller idle = 1
[2026-06-29 17:28:01.694] [info] Controller idle = 3
[2026-06-29 17:28:01.694] [info] Controller idle = 1
[2026-06-29 17:28:01.694] [info] Controller idle = 6
[2026-06-29 17:28:01.694] [info] Controller idle = 1
[2026-06-29 17:28:01.694] [info] Controller idle = 6431
[2026-06-29 17:28:01.694] [info] Controller idle = 1
[2026-06-29 17:28:01.694] [info] Controller idle = 9140
[2026-06-29 17:28:01.694] [info] Controller idle = 1
[2026-06-29 17:28:01.694] [info] Controller idle = 1
[2026-06-29 17:28:01.694] [info] Controller idle = 1
[2026-06-29 17:28:01.694] [info] Controller idle = 1
[2026-06-29 17:28:01.694] [info] Controller idle = 1
[2026-06-29 17:28:01.694] [info] Controller idle = 2
[2026-06-29 17:28:01.694] [info] Controller idle = 2
[2026-06-29 17:28:01.694] [info] Controller idle = 4
[2026-06-29 17:28:01.694] [info] Controller idle = 1
[2026-06-29 17:28:01.694] [info] Controller idle = 16
[2026-06-29 17:28:01.694] [info] Controller idle = 6424
[2026-06-29 17:28:01.694] [info] Controller idle = 2781
[2026-06-29 17:28:01.694] [info] Controller idle = 1538
[2026-06-29 17:28:01.694] [info] Controller idle = 1552
[2026-06-29 17:28:01.694] [info] Controller idle = 4
[2026-06-29 17:28:01.694] [info] Controller idle = 1537
[2026-06-29 17:28:01.694] [info] Controller idle = 1
[2026-06-29 17:28:01.694] [info] Controller idle = 1
[2026-06-29 17:28:01.694] [info] Controller idle = 616
[2026-06-29 17:28:01.694] [info] Controller idle = 4836
[2026-06-29 17:28:01.694] [info] Controller idle = 3668
[2026-06-29 17:28:01.694] [info] Controller idle = 3697
[2026-06-29 17:28:01.694] [info] Controller idle = 1
[2026-06-29 17:28:01.694] [info] Controller idle = 3666
[2026-06-29 17:28:01.694] [info] Controller idle = 4043
[2026-06-29 17:28:01.694] [info] Controller idle = 3699
[2026-06-29 17:28:01.694] [info] Controller idle = 1
[2026-06-29 17:28:01.694] [info] Controller idle = 1
[2026-06-29 17:28:01.694] [info] Controller idle = 3701
[2026-06-29 17:28:01.694] [info] Controller idle = 3690
[2026-06-29 17:28:01.694] [info] Controller idle = 8
[2026-06-29 17:28:01.694] [info] Controller idle = 4043
[2026-06-29 17:28:01.694] [info] Controller idle = 1
[2026-06-29 17:28:01.694] [info] Controller idle = 3665
[2026-06-29 17:28:01.694] [info] Controller idle = 1
[2026-06-29 17:28:01.694] [info] Controller idle = 1
[2026-06-29 17:28:01.694] [info] Controller idle = 1
[2026-06-29 17:28:01.694] [info] Controller idle = 1
[2026-06-29 17:28:01.694] [info] Controller idle = 3691
[2026-06-29 17:28:01.694] [info] Controller idle = 1
[2026-06-29 17:28:01.694] [info] Controller idle = 1
[2026-06-29 17:28:01.694] [info] Controller idle = 1
[2026-06-29 17:28:01.694] [info] Controller idle = 3686
[2026-06-29 17:28:01.694] [info] Controller idle = 2825
[2026-06-29 17:28:01.694] [info] Controller idle = 60
[2026-06-29 17:28:01.695] [info] Controller idle = 62
[2026-06-29 17:28:01.695] [info] Controller idle = 2421
[2026-06-29 17:28:01.695] [info] Controller idle = 2
[2026-06-29 17:28:01.695] [info] Controller idle = 1
[2026-06-29 17:28:01.695] [info] Controller idle = 3
[2026-06-29 17:28:01.695] [info] Controller idle = 2
[2026-06-29 17:28:01.695] [info] Controller idle = 89
[2026-06-29 17:28:01.695] [info] Controller idle = 1
[2026-06-29 17:28:01.695] [info] Controller idle = 7
[2026-06-29 17:28:01.695] [info] Controller idle = 95
[2026-06-29 17:28:01.695] [info] Controller idle = 24
[2026-06-29 17:28:01.695] [info] Controller idle = 3
[2026-06-29 17:28:01.695] [info] Controller idle = 9
[2026-06-29 17:28:01.695] [info] Controller idle = 1
[2026-06-29 17:28:01.695] [info] Controller idle = 11
[2026-06-29 17:28:01.695] [info] Controller idle = 6
[2026-06-29 17:28:01.695] [info] Controller idle = 10
[2026-06-29 17:28:01.695] [info] Controller idle = 2431
[2026-06-29 17:28:01.695] [info] Controller idle = 1
[2026-06-29 17:28:01.695] [info] Controller idle = 8
[2026-06-29 17:28:01.695] [info] Controller idle = 15
[2026-06-29 17:28:01.695] [info] Controller idle = 88
[2026-06-29 17:28:01.695] [info] Controller idle = 5
[2026-06-29 17:28:01.695] [info] Controller idle = 4
[2026-06-29 17:28:01.695] [info] Controller idle = 3
[2026-06-29 17:28:01.695] [info] Controller idle = 4
[2026-06-29 17:28:01.695] [info] Controller idle = 7
[2026-06-29 17:28:01.695] [info] Controller idle = 1
[2026-06-29 17:28:01.695] [info] Controller idle = 91
[2026-06-29 17:28:01.695] [info] Controller idle = 1
[2026-06-29 17:28:01.695] [info] Controller idle = 2
[2026-06-29 17:28:01.695] [info] Controller idle = 2
[2026-06-29 17:28:01.695] [info] Controller idle = 3
[2026-06-29 17:28:01.695] [info] Controller idle = 23
[2026-06-29 17:28:01.695] [info] Controller idle = 2
[2026-06-29 17:28:01.695] [info] Controller idle = 4
[2026-06-29 17:28:01.695] [info] Controller idle = 1
[2026-06-29 17:28:01.695] [info] Controller idle = 4
[2026-06-29 17:28:01.695] [info] Controller idle = 1
[2026-06-29 17:28:01.695] [info] Controller idle = 2436
[2026-06-29 17:28:01.695] [info] Controller idle = 5
[2026-06-29 17:28:01.695] [info] Controller idle = 3
[2026-06-29 17:28:01.695] [info] Controller idle = 1
[2026-06-29 17:28:01.695] [info] Controller idle = 6
[2026-06-29 17:28:01.695] [info] Controller idle = 4
[2026-06-29 17:28:01.695] [info] Controller idle = 1
[2026-06-29 17:28:01.695] [info] Controller idle = 85
[2026-06-29 17:28:01.695] [info] Controller idle = 1
[2026-06-29 17:28:01.695] [info] Controller idle = 2
[2026-06-29 17:28:01.695] [info] Controller idle = 4
[2026-06-29 17:28:01.695] [info] Controller idle = 3
[2026-06-29 17:28:01.695] [info] Controller idle = 1
[2026-06-29 17:28:01.695] [info] Controller idle = 99
[2026-06-29 17:28:01.695] [info] Controller idle = 8
[2026-06-29 17:28:01.695] [info] Controller idle = 16
[2026-06-29 17:28:01.695] [info] Controller idle = 4
[2026-06-29 17:28:01.695] [info] Controller idle = 1
[2026-06-29 17:28:01.695] [info] Controller idle = 16
[2026-06-29 17:28:01.695] [info] Controller idle = 3
[2026-06-29 17:28:01.695] [info] Controller idle = 1
[2026-06-29 17:28:01.695] [info] Controller idle = 2
[2026-06-29 17:28:01.695] [info] Controller idle = 3
[2026-06-29 17:28:01.695] [info] Controller idle = 2441
[2026-06-29 17:28:01.695] [info] Controller idle = 60
[2026-06-29 17:28:01.695] [info] Controller idle = 67
[2026-06-29 17:28:01.695] [info] Controller idle = 1
[2026-06-29 17:28:01.695] [info] Controller idle = 2421
[2026-06-29 17:28:01.695] [info] Controller idle = 6
[2026-06-29 17:28:01.695] [info] Controller idle = 2
[2026-06-29 17:28:01.695] [info] Controller idle = 1
[2026-06-29 17:28:01.695] [info] Controller idle = 2
[2026-06-29 17:28:01.695] [info] Controller idle = 82
[2026-06-29 17:28:01.695] [info] Controller idle = 3
[2026-06-29 17:28:01.695] [info] Controller idle = 16
[2026-06-29 17:28:01.695] [info] Controller idle = 85
[2026-06-29 17:28:01.695] [info] Controller idle = 4
[2026-06-29 17:28:01.695] [info] Controller idle = 5
[2026-06-29 17:28:01.695] [info] Controller idle = 2
[2026-06-29 17:28:01.695] [info] Controller idle = 3
[2026-06-29 17:28:01.695] [info] Controller idle = 11
[2026-06-29 17:28:01.695] [info] Controller idle = 1
[2026-06-29 17:28:01.695] [info] Controller idle = 9
[2026-06-29 17:28:01.695] [info] Controller idle = 1
[2026-06-29 17:28:01.695] [info] Controller idle = 5
[2026-06-29 17:28:01.695] [info] Controller idle = 3
[2026-06-29 17:28:01.695] [info] Controller idle = 2
[2026-06-29 17:28:01.695] [info] Controller idle = 2432
[2026-06-29 17:28:01.695] [info] Controller idle = 1
[2026-06-29 17:28:01.695] [info] Controller idle = 2
[2026-06-29 17:28:01.695] [info] Controller idle = 4
[2026-06-29 17:28:01.695] [info] Controller idle = 4
[2026-06-29 17:28:01.695] [info] Controller idle = 94
[2026-06-29 17:28:01.695] [info] Controller idle = 5
[2026-06-29 17:28:01.695] [info] Controller idle = 12
[2026-06-29 17:28:01.695] [info] Controller idle = 11
[2026-06-29 17:28:01.695] [info] Controller idle = 2
[2026-06-29 17:28:01.695] [info] Controller idle = 2
[2026-06-29 17:28:01.695] [info] Controller idle = 87
[2026-06-29 17:28:01.695] [info] Controller idle = 9
[2026-06-29 17:28:01.695] [info] Controller idle = 4
[2026-06-29 17:28:01.695] [info] Controller idle = 2
[2026-06-29 17:28:01.695] [info] Controller idle = 1
[2026-06-29 17:28:01.695] [info] Controller idle = 2
[2026-06-29 17:28:01.695] [info] Controller idle = 12
[2026-06-29 17:28:01.695] [info] Controller idle = 4
[2026-06-29 17:28:01.695] [info] Controller idle = 1
[2026-06-29 17:28:01.695] [info] Controller idle = 1
[2026-06-29 17:28:01.695] [info] Controller idle = 1
[2026-06-29 17:28:01.695] [info] Controller idle = 1
[2026-06-29 17:28:01.695] [info] Controller idle = 2443
[2026-06-29 17:28:01.695] [info] Controller idle = 2
[2026-06-29 17:28:01.695] [info] Controller idle = 93
[2026-06-29 17:28:01.695] [info] Controller idle = 4
[2026-06-29 17:28:01.695] [info] Controller idle = 2
[2026-06-29 17:28:01.695] [info] Controller idle = 12
[2026-06-29 17:28:01.695] [info] Controller idle = 91
[2026-06-29 17:28:01.695] [info] Controller idle = 4
[2026-06-29 17:28:01.695] [info] Controller idle = 4
[2026-06-29 17:28:01.695] [info] Controller idle = 4
[2026-06-29 17:28:01.695] [info] Controller idle = 4
[2026-06-29 17:28:01.695] [info] Controller idle = 3
[2026-06-29 17:28:01.695] [info] Controller idle = 8
[2026-06-29 17:28:01.695] [info] Controller idle = 7
[2026-06-29 17:28:01.695] [info] Controller idle = 551
[2026-06-29 17:28:01.695] [info] Controller idle = 103
[2026-06-29 17:28:01.695] [info] Controller idle = 2
[2026-06-29 17:28:01.695] [info] Controller idle = 7
[2026-06-29 17:28:01.695] [info] Controller idle = 5
[2026-06-29 17:28:01.695] [info] Controller idle = 1
[2026-06-29 17:28:01.695] [info] Controller idle = 1
[2026-06-29 17:28:01.695] [info] Controller idle = 2
[2026-06-29 17:28:01.695] [info] Controller idle = 4
[2026-06-29 17:28:01.695] [info] Controller idle = 11
[2026-06-29 17:28:01.695] [info] Controller idle = 3
[2026-06-29 17:28:01.695] [info] Controller idle = 6
[2026-06-29 17:28:01.695] [info] Controller idle = 25
[2026-06-29 17:28:01.695] [info] Controller idle = 4
[2026-06-29 17:28:01.695] [info] Controller idle = 1
[2026-06-29 17:28:01.695] [info] Controller idle = 1
[2026-06-29 17:28:01.695] [info] Controller idle = 3
[2026-06-29 17:28:01.695] [info] Controller idle = 4
[2026-06-29 17:28:01.695] [info] Controller idle = 2
[2026-06-29 17:28:01.695] [info] Controller idle = 9
[2026-06-29 17:28:01.695] [info] Controller idle = 1
[2026-06-29 17:28:01.695] [info] Controller idle = 3
[2026-06-29 17:28:01.695] [info] Controller idle = 1
[2026-06-29 17:28:01.695] [info] Controller idle = 2
[2026-06-29 17:28:01.695] [info] Controller idle = 5
[2026-06-29 17:28:01.695] [info] Controller idle = 6
[2026-06-29 17:28:01.695] [info] Controller idle = 2
[2026-06-29 17:28:01.695] [info] Controller idle = 129
[2026-06-29 17:28:01.695] [info] Controller idle = 1
[2026-06-29 17:28:01.695] [info] Controller idle = 3
[2026-06-29 17:28:01.695] [info] Controller idle = 1
[2026-06-29 17:28:01.695] [info] Controller idle = 2
[2026-06-29 17:28:01.695] [info] Controller idle = 4
[2026-06-29 17:28:01.695] [info] Controller idle = 4
[2026-06-29 17:28:01.695] [info] Controller idle = 4
[2026-06-29 17:28:01.695] [info] Controller idle = 1
[2026-06-29 17:28:01.695] [info] Controller idle = 1
[2026-06-29 17:28:01.695] [info] Controller idle = 6
[2026-06-29 17:28:01.695] [info] Controller idle = 1
[2026-06-29 17:28:01.695] [info] Controller idle = 9
[2026-06-29 17:28:01.695] [info] Controller idle = 25
[2026-06-29 17:28:01.695] [info] Controller idle = 3
[2026-06-29 17:28:01.695] [info] Controller idle = 2
[2026-06-29 17:28:01.695] [info] Controller idle = 6
[2026-06-29 17:28:01.695] [info] Controller idle = 1
[2026-06-29 17:28:01.695] [info] Controller idle = 21
[2026-06-29 17:28:01.695] [info] Controller idle = 1
[2026-06-29 17:28:01.695] [info] Controller idle = 8
[2026-06-29 17:28:01.695] [info] Controller idle = 2
[2026-06-29 17:28:01.695] [info] Controller idle = 1
[2026-06-29 17:28:01.695] [info] Controller idle = 125
[2026-06-29 17:28:01.695] [info] Controller idle = 1
[2026-06-29 17:28:01.695] [info] Controller idle = 2
[2026-06-29 17:28:01.695] [info] Controller idle = 18
[2026-06-29 17:28:01.695] [info] Controller idle = 1
[2026-06-29 17:28:01.695] [info] Controller idle = 8
[2026-06-29 17:28:01.695] [info] Controller idle = 3
[2026-06-29 17:28:01.695] [info] Controller idle = 5
[2026-06-29 17:28:01.695] [info] Controller idle = 8
[2026-06-29 17:28:01.695] [info] Controller idle = 1
[2026-06-29 17:28:01.695] [info] Controller idle = 13
[2026-06-29 17:28:01.695] [info] Controller idle = 4
[2026-06-29 17:28:01.695] [info] Controller idle = 4
[2026-06-29 17:28:01.695] [info] Controller idle = 4
[2026-06-29 17:28:01.695] [info] Controller idle = 25
[2026-06-29 17:28:01.695] [info] Controller idle = 4
[2026-06-29 17:28:01.695] [info] Controller idle = 1
[2026-06-29 17:28:01.695] [info] Controller idle = 5
[2026-06-29 17:28:01.695] [info] Controller idle = 136
[2026-06-29 17:28:01.695] [info] Controller idle = 100
[2026-06-29 17:28:01.695] [info] Controller idle = 1
[2026-06-29 17:28:01.695] [info] Controller idle = 7
[2026-06-29 17:28:01.695] [info] Controller idle = 5
[2026-06-29 17:28:01.695] [info] Controller idle = 1
[2026-06-29 17:28:01.695] [info] Controller idle = 11
[2026-06-29 17:28:01.695] [info] Controller idle = 2
[2026-06-29 17:28:01.695] [info] Controller idle = 4
[2026-06-29 17:28:01.695] [info] Controller idle = 28
[2026-06-29 17:28:01.695] [info] Controller idle = 3
[2026-06-29 17:28:01.695] [info] Controller idle = 12
[2026-06-29 17:28:01.695] [info] Controller idle = 4
[2026-06-29 17:28:01.695] [info] Controller idle = 12
[2026-06-29 17:28:01.695] [info] Controller idle = 5
[2026-06-29 17:28:01.695] [info] Controller idle = 1
[2026-06-29 17:28:01.695] [info] Controller idle = 1
[2026-06-29 17:28:01.695] [info] Controller idle = 11
[2026-06-29 17:28:01.695] [info] Controller idle = 1
[2026-06-29 17:28:01.695] [info] Controller idle = 2
[2026-06-29 17:28:01.695] [info] Controller idle = 134
[2026-06-29 17:28:01.695] [info] Controller idle = 14
[2026-06-29 17:28:01.695] [info] Controller idle = 4
[2026-06-29 17:28:01.695] [info] Controller idle = 9
[2026-06-29 17:28:01.695] [info] Controller idle = 24
[2026-06-29 17:28:01.695] [info] Controller idle = 3
[2026-06-29 17:28:01.695] [info] Controller idle = 7
[2026-06-29 17:28:01.695] [info] Controller idle = 5
[2026-06-29 17:28:01.695] [info] Controller idle = 10
[2026-06-29 17:28:01.695] [info] Controller idle = 7
[2026-06-29 17:28:01.695] [info] Controller idle = 11
[2026-06-29 17:28:01.695] [info] Controller idle = 10
[2026-06-29 17:28:01.695] [info] Controller idle = 134
[2026-06-29 17:28:01.695] [info] Controller idle = 1
[2026-06-29 17:28:01.695] [info] Controller idle = 5
[2026-06-29 17:28:01.695] [info] Controller idle = 7
[2026-06-29 17:28:01.695] [info] Controller idle = 2
[2026-06-29 17:28:01.695] [info] Controller idle = 8
[2026-06-29 17:28:01.695] [info] Controller idle = 2
[2026-06-29 17:28:01.695] [info] Controller idle = 11
[2026-06-29 17:28:01.695] [info] Controller idle = 2
[2026-06-29 17:28:01.695] [info] Controller idle = 21
[2026-06-29 17:28:01.695] [info] Controller idle = 4
[2026-06-29 17:28:01.695] [info] Controller idle = 16
[2026-06-29 17:28:01.695] [info] Controller idle = 1
[2026-06-29 17:28:01.695] [info] Controller idle = 8
[2026-06-29 17:28:01.695] [info] Controller idle = 1
[2026-06-29 17:28:01.695] [info] Controller idle = 3
[2026-06-29 17:28:01.695] [info] Controller idle = 1
[2026-06-29 17:28:01.695] [info] Controller idle = 6
[2026-06-29 17:28:01.695] [info] Controller idle = 5
[2026-06-29 17:28:01.695] [info] Controller idle = 4985
[2026-06-29 17:28:01.695] [info] Controller idle = 5371
[2026-06-29 17:28:01.695] [info] Controller idle = 2
[2026-06-29 17:28:01.695] [info] Controller idle = 1
[2026-06-29 17:28:01.695] [info] Controller idle = 2
[2026-06-29 17:28:01.695] [info] Controller idle = 2
[2026-06-29 17:28:01.695] [info] Controller idle = 6
[2026-06-29 17:28:01.695] [info] Controller idle = 1
[2026-06-29 17:28:01.695] [info] Controller idle = 1
[2026-06-29 17:28:01.695] [info] Controller idle = 2
[2026-06-29 17:28:01.695] [info] Controller idle = 1
[2026-06-29 17:28:01.695] [info] Controller idle = 2
[2026-06-29 17:28:01.695] [info] Controller idle = 5411
[2026-06-29 17:28:01.695] [info] Controller idle = 1
[2026-06-29 17:28:01.695] [info] Controller idle = 1
[2026-06-29 17:28:01.695] [info] Controller idle = 5
[2026-06-29 17:28:01.695] [info] Controller idle = 2
[2026-06-29 17:28:01.695] [info] Controller idle = 9
[2026-06-29 17:28:01.695] [info] Controller idle = 2
[2026-06-29 17:28:01.695] [info] Controller idle = 2
[2026-06-29 17:28:01.695] [info] Controller idle = 1
[2026-06-29 17:28:01.695] [info] Controller idle = 3
[2026-06-29 17:28:01.695] [info] Controller idle = 4
[2026-06-29 17:28:01.695] [info] Controller idle = 2
[2026-06-29 17:28:01.695] [info] Controller idle = 1
[2026-06-29 17:28:01.695] [info] Controller idle = 5
[2026-06-29 17:28:01.695] [info] Controller idle = 4
[2026-06-29 17:28:01.695] [info] Controller idle = 2
[2026-06-29 17:28:01.695] [info] Controller idle = 4
[2026-06-29 17:28:01.695] [info] Controller idle = 5398
[2026-06-29 17:28:01.695] [info] Controller idle = 1
[2026-06-29 17:28:01.695] [info] Controller idle = 2
[2026-06-29 17:28:01.695] [info] Controller idle = 12
[2026-06-29 17:28:01.695] [info] Controller idle = 2
[2026-06-29 17:28:01.695] [info] Controller idle = 8
[2026-06-29 17:28:01.695] [info] Controller idle = 2
[2026-06-29 17:28:01.695] [info] Controller idle = 2
[2026-06-29 17:28:01.695] [info] Controller idle = 1
[2026-06-29 17:28:01.695] [info] Controller idle = 1
[2026-06-29 17:28:01.695] [info] Controller idle = 9
[2026-06-29 17:28:01.695] [info] Controller idle = 5399
[2026-06-29 17:28:01.695] [info] Controller idle = 5359
[2026-06-29 17:28:01.695] [info] Controller idle = 1
[2026-06-29 17:28:01.695] [info] Controller idle = 4
[2026-06-29 17:28:01.695] [info] Controller idle = 3
[2026-06-29 17:28:01.695] [info] Controller idle = 3
[2026-06-29 17:28:01.695] [info] Controller idle = 2
[2026-06-29 17:28:01.695] [info] Controller idle = 1
[2026-06-29 17:28:01.695] [info] Controller idle = 3
[2026-06-29 17:28:01.695] [info] Controller idle = 1
[2026-06-29 17:28:01.695] [info] Controller idle = 2
[2026-06-29 17:28:01.695] [info] Controller idle = 6
[2026-06-29 17:28:01.695] [info] Controller idle = 6
[2026-06-29 17:28:01.695] [info] Controller idle = 8
[2026-06-29 17:28:01.695] [info] Controller idle = 5396
[2026-06-29 17:28:01.695] [info] Controller idle = 9
[2026-06-29 17:28:01.695] [info] Controller idle = 3
[2026-06-29 17:28:01.695] [info] Controller idle = 1
[2026-06-29 17:28:01.695] [info] Controller idle = 6
[2026-06-29 17:28:01.695] [info] Controller idle = 1
[2026-06-29 17:28:01.695] [info] Controller idle = 1
[2026-06-29 17:28:01.695] [info] Controller idle = 1
[2026-06-29 17:28:01.695] [info] Controller idle = 1
[2026-06-29 17:28:01.695] [info] Controller idle = 1
[2026-06-29 17:28:01.695] [info] Controller idle = 4
[2026-06-29 17:28:01.695] [info] Controller idle = 1
[2026-06-29 17:28:01.695] [info] Controller idle = 1
[2026-06-29 17:28:01.695] [info] Controller idle = 5
[2026-06-29 17:28:01.695] [info] Controller idle = 2
[2026-06-29 17:28:01.695] [info] Controller idle = 5396
[2026-06-29 17:28:01.695] [info] Controller idle = 1
[2026-06-29 17:28:01.695] [info] Controller idle = 1
[2026-06-29 17:28:01.695] [info] Controller idle = 2
[2026-06-29 17:28:01.695] [info] Controller idle = 1
[2026-06-29 17:28:01.695] [info] Controller idle = 2
[2026-06-29 17:28:01.695] [info] Controller idle = 4
[2026-06-29 17:28:01.695] [info] Controller idle = 1
[2026-06-29 17:28:01.695] [info] Controller idle = 2
[2026-06-29 17:28:01.695] [info] Controller idle = 2
[2026-06-29 17:28:01.695] [info] Controller idle = 5029
[2026-06-29 17:28:01.695] [info] Controller idle = 1
[2026-06-29 17:28:01.695] [info] Controller idle = 5367
[2026-06-29 17:28:01.695] [info] Controller idle = 2
[2026-06-29 17:28:01.695] [info] Controller idle = 3
[2026-06-29 17:28:01.695] [info] Controller idle = 6
[2026-06-29 17:28:01.695] [info] Controller idle = 1
[2026-06-29 17:28:01.695] [info] Controller idle = 3
[2026-06-29 17:28:01.695] [info] Controller idle = 2
[2026-06-29 17:28:01.695] [info] Controller idle = 4
[2026-06-29 17:28:01.695] [info] Controller idle = 3
[2026-06-29 17:28:01.695] [info] Controller idle = 2
[2026-06-29 17:28:01.695] [info] Controller idle = 1
[2026-06-29 17:28:01.695] [info] Controller idle = 2
[2026-06-29 17:28:01.695] [info] Controller idle = 1
[2026-06-29 17:28:01.695] [info] Controller idle = 4
[2026-06-29 17:28:01.695] [info] Controller idle = 5
[2026-06-29 17:28:01.695] [info] Controller idle = 3
[2026-06-29 17:28:01.695] [info] Controller idle = 2
[2026-06-29 17:28:01.695] [info] Controller idle = 5399
[2026-06-29 17:28:01.695] [info] Controller idle = 1
[2026-06-29 17:28:01.695] [info] Controller idle = 1
[2026-06-29 17:28:01.695] [info] Controller idle = 7
[2026-06-29 17:28:01.695] [info] Controller idle = 4
[2026-06-29 17:28:01.695] [info] Controller idle = 8
[2026-06-29 17:28:01.695] [info] Controller idle = 1
[2026-06-29 17:28:01.695] [info] Controller idle = 1
[2026-06-29 17:28:01.695] [info] Controller idle = 8
[2026-06-29 17:28:01.695] [info] Controller idle = 4
[2026-06-29 17:28:01.695] [info] Controller idle = 9
[2026-06-29 17:28:01.695] [info] Controller idle = 1
[2026-06-29 17:28:01.695] [info] Controller idle = 1
[2026-06-29 17:28:01.695] [info] Controller idle = 3
[2026-06-29 17:28:01.695] [info] Controller idle = 3
[2026-06-29 17:28:01.695] [info] Controller idle = 9
[2026-06-29 17:28:01.695] [info] Controller idle = 5385
[2026-06-29 17:28:01.695] [info] Controller idle = 2
[2026-06-29 17:28:01.695] [info] Controller idle = 5
[2026-06-29 17:28:01.695] [info] Controller idle = 10
[2026-06-29 17:28:01.695] [info] Controller idle = 1
[2026-06-29 17:28:01.695] [info] Controller idle = 1
[2026-06-29 17:28:01.696] [info] Controller idle = 3
[2026-06-29 17:28:01.696] [info] Controller idle = 6
[2026-06-29 17:28:01.696] [info] Controller idle = 1
[2026-06-29 17:28:01.696] [info] Controller idle = 1
[2026-06-29 17:28:01.696] [info] Controller idle = 3
[2026-06-29 17:28:01.696] [info] Controller idle = 2
[2026-06-29 17:28:01.696] [info] Controller idle = 5401
[2026-06-29 17:28:01.696] [info] Controller idle = 5358
[2026-06-29 17:28:01.696] [info] Controller idle = 3
[2026-06-29 17:28:01.696] [info] Controller idle = 5
[2026-06-29 17:28:01.696] [info] Controller idle = 1
[2026-06-29 17:28:01.696] [info] Controller idle = 2
[2026-06-29 17:28:01.696] [info] Controller idle = 4
[2026-06-29 17:28:01.696] [info] Controller idle = 1
[2026-06-29 17:28:01.696] [info] Controller idle = 12
[2026-06-29 17:28:01.696] [info] Controller idle = 1
[2026-06-29 17:28:01.696] [info] Controller idle = 2
[2026-06-29 17:28:01.696] [info] Controller idle = 3
[2026-06-29 17:28:01.696] [info] Controller idle = 2
[2026-06-29 17:28:01.696] [info] Controller idle = 4
[2026-06-29 17:28:01.696] [info] Controller idle = 3
[2026-06-29 17:28:01.696] [info] Controller idle = 1
[2026-06-29 17:28:01.696] [info] Controller idle = 1
[2026-06-29 17:28:01.696] [info] Controller idle = 5396
[2026-06-29 17:28:01.696] [info] Controller idle = 1
[2026-06-29 17:28:01.696] [info] Controller idle = 3
[2026-06-29 17:28:01.696] [info] Controller idle = 1
[2026-06-29 17:28:01.696] [info] Controller idle = 1
[2026-06-29 17:28:01.696] [info] Controller idle = 1
[2026-06-29 17:28:01.696] [info] Controller idle = 4
[2026-06-29 17:28:01.696] [info] Controller idle = 4
[2026-06-29 17:28:01.696] [info] Controller idle = 3
[2026-06-29 17:28:01.696] [info] Controller idle = 1
[2026-06-29 17:28:01.696] [info] Controller idle = 4
[2026-06-29 17:28:01.696] [info] Controller idle = 1
[2026-06-29 17:28:01.696] [info] Controller idle = 1
[2026-06-29 17:28:01.696] [info] Controller idle = 13
[2026-06-29 17:28:01.696] [info] Controller idle = 1
[2026-06-29 17:28:01.696] [info] Controller idle = 2
[2026-06-29 17:28:01.696] [info] Controller idle = 5407
[2026-06-29 17:28:01.696] [info] Controller idle = 1
[2026-06-29 17:28:01.696] [info] Controller idle = 2
[2026-06-29 17:28:01.696] [info] Controller idle = 9
[2026-06-29 17:28:01.696] [info] Controller idle = 4847
[2026-06-29 17:28:01.696] [info] Controller idle = 88
[2026-06-29 17:28:01.696] [info] Controller idle = 96
[2026-06-29 17:28:01.696] [info] Controller idle = 5135
[2026-06-29 17:28:01.696] [info] Controller idle = 7
[2026-06-29 17:28:01.696] [info] Controller idle = 3
[2026-06-29 17:28:01.696] [info] Controller idle = 2
[2026-06-29 17:28:01.696] [info] Controller idle = 11
[2026-06-29 17:28:01.696] [info] Controller idle = 106
[2026-06-29 17:28:01.696] [info] Controller idle = 1
[2026-06-29 17:28:01.696] [info] Controller idle = 8
[2026-06-29 17:28:01.696] [info] Controller idle = 4
[2026-06-29 17:28:01.696] [info] Controller idle = 1
[2026-06-29 17:28:01.696] [info] Controller idle = 1
[2026-06-29 17:28:01.696] [info] Controller idle = 9
[2026-06-29 17:28:01.696] [info] Controller idle = 4
[2026-06-29 17:28:01.696] [info] Controller idle = 1
[2026-06-29 17:28:01.696] [info] Controller idle = 2
[2026-06-29 17:28:01.696] [info] Controller idle = 3
[2026-06-29 17:28:01.696] [info] Controller idle = 2
[2026-06-29 17:28:01.696] [info] Controller idle = 2
[2026-06-29 17:28:01.696] [info] Controller idle = 11
[2026-06-29 17:28:01.696] [info] Controller idle = 117
[2026-06-29 17:28:01.696] [info] Controller idle = 2
[2026-06-29 17:28:01.696] [info] Controller idle = 1
[2026-06-29 17:28:01.696] [info] Controller idle = 10
[2026-06-29 17:28:01.696] [info] Controller idle = 5
[2026-06-29 17:28:01.696] [info] Controller idle = 8
[2026-06-29 17:28:01.696] [info] Controller idle = 5154
[2026-06-29 17:28:01.696] [info] Controller idle = 1
[2026-06-29 17:28:01.696] [info] Controller idle = 4
[2026-06-29 17:28:01.696] [info] Controller idle = 1
[2026-06-29 17:28:01.696] [info] Controller idle = 3
[2026-06-29 17:28:01.696] [info] Controller idle = 3
[2026-06-29 17:28:01.696] [info] Controller idle = 4
[2026-06-29 17:28:01.696] [info] Controller idle = 97
[2026-06-29 17:28:01.696] [info] Controller idle = 1
[2026-06-29 17:28:01.696] [info] Controller idle = 1
[2026-06-29 17:28:01.696] [info] Controller idle = 8
[2026-06-29 17:28:01.696] [info] Controller idle = 1
[2026-06-29 17:28:01.696] [info] Controller idle = 5
[2026-06-29 17:28:01.696] [info] Controller idle = 1
[2026-06-29 17:28:01.696] [info] Controller idle = 2
[2026-06-29 17:28:01.696] [info] Controller idle = 9
[2026-06-29 17:28:01.696] [info] Controller idle = 1
[2026-06-29 17:28:01.696] [info] Controller idle = 124
[2026-06-29 17:28:01.696] [info] Controller idle = 2
[2026-06-29 17:28:01.696] [info] Controller idle = 1
[2026-06-29 17:28:01.696] [info] Controller idle = 4
[2026-06-29 17:28:01.696] [info] Controller idle = 4
[2026-06-29 17:28:01.696] [info] Controller idle = 2
[2026-06-29 17:28:01.696] [info] Controller idle = 7
[2026-06-29 17:28:01.696] [info] Controller idle = 1
[2026-06-29 17:28:01.696] [info] Controller idle = 1
[2026-06-29 17:28:01.696] [info] Controller idle = 5153
[2026-06-29 17:28:01.696] [info] Controller idle = 5
[2026-06-29 17:28:01.696] [info] Controller idle = 3
[2026-06-29 17:28:01.696] [info] Controller idle = 1
[2026-06-29 17:28:01.696] [info] Controller idle = 123
[2026-06-29 17:28:01.696] [info] Controller idle = 8
[2026-06-29 17:28:01.696] [info] Controller idle = 1
[2026-06-29 17:28:01.696] [info] Controller idle = 9
[2026-06-29 17:28:01.696] [info] Controller idle = 6
[2026-06-29 17:28:01.696] [info] Controller idle = 3
[2026-06-29 17:28:01.696] [info] Controller idle = 1
[2026-06-29 17:28:01.696] [info] Controller idle = 1
[2026-06-29 17:28:01.696] [info] Controller idle = 8
[2026-06-29 17:28:01.696] [info] Controller idle = 134
[2026-06-29 17:28:01.696] [info] Controller idle = 18
[2026-06-29 17:28:01.696] [info] Controller idle = 1
[2026-06-29 17:28:01.696] [info] Controller idle = 2
[2026-06-29 17:28:01.696] [info] Controller idle = 1
[2026-06-29 17:28:01.696] [info] Controller idle = 4
[2026-06-29 17:28:01.696] [info] Controller idle = 5146
[2026-06-29 17:28:01.696] [info] Controller idle = 88
[2026-06-29 17:28:01.696] [info] Controller idle = 89
[2026-06-29 17:28:01.696] [info] Controller idle = 1
[2026-06-29 17:28:01.696] [info] Controller idle = 1
[2026-06-29 17:28:01.696] [info] Controller idle = 5136
[2026-06-29 17:28:01.696] [info] Controller idle = 5
[2026-06-29 17:28:01.696] [info] Controller idle = 2
[2026-06-29 17:28:01.696] [info] Controller idle = 4
[2026-06-29 17:28:01.696] [info] Controller idle = 1
[2026-06-29 17:28:01.696] [info] Controller idle = 7
[2026-06-29 17:28:01.696] [info] Controller idle = 116
[2026-06-29 17:28:01.696] [info] Controller idle = 6
[2026-06-29 17:28:01.696] [info] Controller idle = 2
[2026-06-29 17:28:01.696] [info] Controller idle = 2
[2026-06-29 17:28:01.696] [info] Controller idle = 2
[2026-06-29 17:28:01.696] [info] Controller idle = 1
[2026-06-29 17:28:01.696] [info] Controller idle = 1
[2026-06-29 17:28:01.696] [info] Controller idle = 7
[2026-06-29 17:28:01.696] [info] Controller idle = 16
[2026-06-29 17:28:01.696] [info] Controller idle = 2
[2026-06-29 17:28:01.696] [info] Controller idle = 119
[2026-06-29 17:28:01.696] [info] Controller idle = 7
[2026-06-29 17:28:01.696] [info] Controller idle = 2
[2026-06-29 17:28:01.696] [info] Controller idle = 11
[2026-06-29 17:28:01.696] [info] Controller idle = 2
[2026-06-29 17:28:01.696] [info] Controller idle = 5160
[2026-06-29 17:28:01.696] [info] Controller idle = 2
[2026-06-29 17:28:01.696] [info] Controller idle = 1
[2026-06-29 17:28:01.696] [info] Controller idle = 9
[2026-06-29 17:28:01.696] [info] Controller idle = 3
[2026-06-29 17:28:01.696] [info] Controller idle = 1
[2026-06-29 17:28:01.696] [info] Controller idle = 109
[2026-06-29 17:28:01.696] [info] Controller idle = 11
[2026-06-29 17:28:01.696] [info] Controller idle = 10
[2026-06-29 17:28:01.696] [info] Controller idle = 1
[2026-06-29 17:28:01.696] [info] Controller idle = 4
[2026-06-29 17:28:01.696] [info] Controller idle = 4
[2026-06-29 17:28:01.696] [info] Controller idle = 1
[2026-06-29 17:28:01.696] [info] Controller idle = 1
[2026-06-29 17:28:01.696] [info] Controller idle = 4
[2026-06-29 17:28:01.696] [info] Controller idle = 9
[2026-06-29 17:28:01.696] [info] Controller idle = 3
[2026-06-29 17:28:01.696] [info] Controller idle = 1
[2026-06-29 17:28:01.696] [info] Controller idle = 1
[2026-06-29 17:28:01.696] [info] Controller idle = 120
[2026-06-29 17:28:01.696] [info] Controller idle = 4
[2026-06-29 17:28:01.696] [info] Controller idle = 1
[2026-06-29 17:28:01.696] [info] Controller idle = 2
[2026-06-29 17:28:01.696] [info] Controller idle = 11
[2026-06-29 17:28:01.696] [info] Controller idle = 6
[2026-06-29 17:28:01.696] [info] Controller idle = 10
[2026-06-29 17:28:01.696] [info] Controller idle = 5146
[2026-06-29 17:28:01.696] [info] Controller idle = 2
[2026-06-29 17:28:01.696] [info] Controller idle = 6
[2026-06-29 17:28:01.696] [info] Controller idle = 1
[2026-06-29 17:28:01.696] [info] Controller idle = 1
[2026-06-29 17:28:01.696] [info] Controller idle = 114
[2026-06-29 17:28:01.696] [info] Controller idle = 10
[2026-06-29 17:28:01.696] [info] Controller idle = 2
[2026-06-29 17:28:01.696] [info] Controller idle = 10
[2026-06-29 17:28:01.696] [info] Controller idle = 4
[2026-06-29 17:28:01.696] [info] Controller idle = 9
[2026-06-29 17:28:01.696] [info] Controller idle = 1
[2026-06-29 17:28:01.696] [info] Controller idle = 121
[2026-06-29 17:28:01.696] [info] Controller idle = 72
[2026-06-29 17:28:01.696] [info] Controller idle = 1055
[2026-06-29 17:28:01.696] [info] Controller idle = 6
[2026-06-29 17:28:01.696] [info] Controller idle = 13
[2026-06-29 17:28:01.696] [info] Controller idle = 2
[2026-06-29 17:28:01.696] [info] Controller idle = 10
MemorySystem:
  impl: GenericDRAM
  total_num_other_requests: 0
  total_num_write_requests: 77648
  total_num_read_requests: 55408
  memory_system_cycles: 2594267

  DRAM:
    impl: HBM2
    dram_commands: 206307
  AddrMapper:
    impl: RoBaRaCoCh
  Controller:
    impl: Generic
    id: Channel 0
    Scheduler:
      impl: FRFCFS
    RefreshManager:
      impl: AllBank



Frontend:
  impl: GEM5

[2026-06-29 17:28:01.696] [info] Row hits: 95691, Row misses: 1014, Row conflicts: 36052
[2026-06-29 17:28:01.696] [info] Controller idle = 11
[2026-06-29 17:28:01.696] [info] Controller idle = 5
[2026-06-29 17:28:01.696] [info] Controller idle = 26653
[2026-06-29 17:28:01.696] [info] Controller idle = 25729
[2026-06-29 17:28:01.696] [info] Controller idle = 25735
[2026-06-29 17:28:01.696] [info] Controller idle = 25738
[2026-06-29 17:28:01.696] [info] Controller idle = 25720
[2026-06-29 17:28:01.696] [info] Controller idle = 25717
[2026-06-29 17:28:01.696] [info] Controller idle = 25721
[2026-06-29 17:28:01.696] [info] Controller idle = 25937
[2026-06-29 17:28:01.696] [info] Controller idle = 25772
[2026-06-29 17:28:01.696] [info] Controller idle = 231771
[2026-06-29 17:28:01.696] [info] Controller idle = 13
[2026-06-29 17:28:01.696] [info] Controller idle = 231825
[2026-06-29 17:28:01.696] [info] Controller idle = 231641
[2026-06-29 17:28:01.696] [info] Controller idle = 3
[2026-06-29 17:28:01.696] [info] Controller idle = 3
[2026-06-29 17:28:01.696] [info] Controller idle = 1
[2026-06-29 17:28:01.696] [info] Controller idle = 231707
[2026-06-29 17:28:01.696] [info] Controller idle = 231598
[2026-06-29 17:28:01.696] [info] Controller idle = 231974
[2026-06-29 17:28:01.696] [info] Controller idle = 232630
[2026-06-29 17:28:01.696] [info] Controller idle = 23245
[2026-06-29 17:28:01.696] [info] Controller idle = 8003
[2026-06-29 17:28:01.696] [info] Controller idle = 1
[2026-06-29 17:28:01.696] [info] Controller idle = 1
[2026-06-29 17:28:01.696] [info] Controller idle = 5
[2026-06-29 17:28:01.696] [info] Controller idle = 1
[2026-06-29 17:28:01.696] [info] Controller idle = 1
[2026-06-29 17:28:01.696] [info] Controller idle = 1
[2026-06-29 17:28:01.696] [info] Controller idle = 5
[2026-06-29 17:28:01.696] [info] Controller idle = 3
[2026-06-29 17:28:01.696] [info] Controller idle = 21
[2026-06-29 17:28:01.696] [info] Controller idle = 1
[2026-06-29 17:28:01.696] [info] Controller idle = 1
[2026-06-29 17:28:01.696] [info] Controller idle = 3
[2026-06-29 17:28:01.696] [info] Controller idle = 6
[2026-06-29 17:28:01.696] [info] Controller idle = 2
[2026-06-29 17:28:01.696] [info] Controller idle = 2
[2026-06-29 17:28:01.696] [info] Controller idle = 3
[2026-06-29 17:28:01.696] [info] Controller idle = 7
[2026-06-29 17:28:01.696] [info] Controller idle = 14
[2026-06-29 17:28:01.696] [info] Controller idle = 2
[2026-06-29 17:28:01.696] [info] Controller idle = 1
[2026-06-29 17:28:01.696] [info] Controller idle = 1
[2026-06-29 17:28:01.696] [info] Controller idle = 1
[2026-06-29 17:28:01.696] [info] Controller idle = 1
[2026-06-29 17:28:01.696] [info] Controller idle = 7
[2026-06-29 17:28:01.696] [info] Controller idle = 2
[2026-06-29 17:28:01.696] [info] Controller idle = 1
[2026-06-29 17:28:01.696] [info] Controller idle = 10
[2026-06-29 17:28:01.696] [info] Controller idle = 6
[2026-06-29 17:28:01.696] [info] Controller idle = 10
[2026-06-29 17:28:01.696] [info] Controller idle = 10
[2026-06-29 17:28:01.696] [info] Controller idle = 5
[2026-06-29 17:28:01.696] [info] Controller idle = 1
[2026-06-29 17:28:01.696] [info] Controller idle = 1
[2026-06-29 17:28:01.696] [info] Controller idle = 19
[2026-06-29 17:28:01.696] [info] Controller idle = 4
[2026-06-29 17:28:01.696] [info] Controller idle = 1
[2026-06-29 17:28:01.696] [info] Controller idle = 5
[2026-06-29 17:28:01.696] [info] Controller idle = 1
[2026-06-29 17:28:01.696] [info] Controller idle = 8
[2026-06-29 17:28:01.696] [info] Controller idle = 3
[2026-06-29 17:28:01.696] [info] Controller idle = 1
[2026-06-29 17:28:01.696] [info] Controller idle = 3
[2026-06-29 17:28:01.696] [info] Controller idle = 1
[2026-06-29 17:28:01.696] [info] Controller idle = 5
[2026-06-29 17:28:01.696] [info] Controller idle = 5
[2026-06-29 17:28:01.696] [info] Controller idle = 3
[2026-06-29 17:28:01.696] [info] Controller idle = 1
[2026-06-29 17:28:01.696] [info] Controller idle = 5
[2026-06-29 17:28:01.696] [info] Controller idle = 2
[2026-06-29 17:28:01.696] [info] Controller idle = 3
[2026-06-29 17:28:01.696] [info] Controller idle = 6
[2026-06-29 17:28:01.696] [info] Controller idle = 5
[2026-06-29 17:28:01.696] [info] Controller idle = 2
[2026-06-29 17:28:01.696] [info] Controller idle = 7
[2026-06-29 17:28:01.696] [info] Controller idle = 1
[2026-06-29 17:28:01.696] [info] Controller idle = 3
[2026-06-29 17:28:01.696] [info] Controller idle = 1
[2026-06-29 17:28:01.697] [info] Controller idle = 4
[2026-06-29 17:28:01.697] [info] Controller idle = 1
[2026-06-29 17:28:01.697] [info] Controller idle = 2
[2026-06-29 17:28:01.697] [info] Controller idle = 2
[2026-06-29 17:28:01.697] [info] Controller idle = 1
[2026-06-29 17:28:01.697] [info] Controller idle = 4
[2026-06-29 17:28:01.697] [info] Controller idle = 8
[2026-06-29 17:28:01.697] [info] Controller idle = 1
[2026-06-29 17:28:01.697] [info] Controller idle = 9
[2026-06-29 17:28:01.697] [info] Controller idle = 5
[2026-06-29 17:28:01.697] [info] Controller idle = 1
[2026-06-29 17:28:01.697] [info] Controller idle = 1
[2026-06-29 17:28:01.697] [info] Controller idle = 1
[2026-06-29 17:28:01.697] [info] Controller idle = 21519
[2026-06-29 17:28:01.697] [info] Controller idle = 8013
[2026-06-29 17:28:01.697] [info] Controller idle = 8
[2026-06-29 17:28:01.697] [info] Controller idle = 4
[2026-06-29 17:28:01.697] [info] Controller idle = 1
[2026-06-29 17:28:01.697] [info] Controller idle = 1
[2026-06-29 17:28:01.697] [info] Controller idle = 2
[2026-06-29 17:28:01.697] [info] Controller idle = 1
[2026-06-29 17:28:01.697] [info] Controller idle = 4
[2026-06-29 17:28:01.697] [info] Controller idle = 3
[2026-06-29 17:28:01.697] [info] Controller idle = 1
[2026-06-29 17:28:01.697] [info] Controller idle = 1
[2026-06-29 17:28:01.697] [info] Controller idle = 34180
[2026-06-29 17:28:01.697] [info] Controller idle = 2
[2026-06-29 17:28:01.697] [info] Controller idle = 1
[2026-06-29 17:28:01.697] [info] Controller idle = 29270
[2026-06-29 17:28:01.697] [info] Controller idle = 1
[2026-06-29 17:28:01.697] [info] Controller idle = 1
[2026-06-29 17:28:01.697] [info] Controller idle = 3
[2026-06-29 17:28:01.697] [info] Controller idle = 1
[2026-06-29 17:28:01.697] [info] Controller idle = 1
[2026-06-29 17:28:01.697] [info] Controller idle = 33314
[2026-06-29 17:28:01.697] [info] Controller idle = 6
[2026-06-29 17:28:01.697] [info] Controller idle = 1
[2026-06-29 17:28:01.697] [info] Controller idle = 1
[2026-06-29 17:28:01.697] [info] Controller idle = 1
[2026-06-29 17:28:01.697] [info] Controller idle = 5
[2026-06-29 17:28:01.697] [info] Controller idle = 1
[2026-06-29 17:28:01.697] [info] Controller idle = 2
[2026-06-29 17:28:01.697] [info] Controller idle = 16
[2026-06-29 17:28:01.697] [info] Controller idle = 1
[2026-06-29 17:28:01.697] [info] Controller idle = 1
[2026-06-29 17:28:01.697] [info] Controller idle = 5
[2026-06-29 17:28:01.697] [info] Controller idle = 1
[2026-06-29 17:28:01.697] [info] Controller idle = 3
[2026-06-29 17:28:01.697] [info] Controller idle = 2
[2026-06-29 17:28:01.697] [info] Controller idle = 4
[2026-06-29 17:28:01.697] [info] Controller idle = 1
[2026-06-29 17:28:01.697] [info] Controller idle = 2
[2026-06-29 17:28:01.697] [info] Controller idle = 4
[2026-06-29 17:28:01.697] [info] Controller idle = 1
[2026-06-29 17:28:01.697] [info] Controller idle = 1
[2026-06-29 17:28:01.697] [info] Controller idle = 1
[2026-06-29 17:28:01.697] [info] Controller idle = 2
[2026-06-29 17:28:01.697] [info] Controller idle = 1
[2026-06-29 17:28:01.697] [info] Controller idle = 1
[2026-06-29 17:28:01.697] [info] Controller idle = 1
[2026-06-29 17:28:01.697] [info] Controller idle = 1
[2026-06-29 17:28:01.697] [info] Controller idle = 3
[2026-06-29 17:28:01.697] [info] Controller idle = 2
[2026-06-29 17:28:01.697] [info] Controller idle = 4
[2026-06-29 17:28:01.697] [info] Controller idle = 2
[2026-06-29 17:28:01.697] [info] Controller idle = 8
[2026-06-29 17:28:01.697] [info] Controller idle = 2
[2026-06-29 17:28:01.697] [info] Controller idle = 2
[2026-06-29 17:28:01.697] [info] Controller idle = 9
[2026-06-29 17:28:01.697] [info] Controller idle = 1
[2026-06-29 17:28:01.697] [info] Controller idle = 1
[2026-06-29 17:28:01.697] [info] Controller idle = 3
[2026-06-29 17:28:01.697] [info] Controller idle = 9
[2026-06-29 17:28:01.697] [info] Controller idle = 4
[2026-06-29 17:28:01.697] [info] Controller idle = 1
[2026-06-29 17:28:01.697] [info] Controller idle = 3
[2026-06-29 17:28:01.697] [info] Controller idle = 9
[2026-06-29 17:28:01.697] [info] Controller idle = 1
[2026-06-29 17:28:01.697] [info] Controller idle = 10
[2026-06-29 17:28:01.697] [info] Controller idle = 6
[2026-06-29 17:28:01.697] [info] Controller idle = 4
[2026-06-29 17:28:01.697] [info] Controller idle = 4
[2026-06-29 17:28:01.697] [info] Controller idle = 3
[2026-06-29 17:28:01.697] [info] Controller idle = 6
[2026-06-29 17:28:01.697] [info] Controller idle = 6
[2026-06-29 17:28:01.697] [info] Controller idle = 9
[2026-06-29 17:28:01.697] [info] Controller idle = 1
[2026-06-29 17:28:01.697] [info] Controller idle = 29647
[2026-06-29 17:28:01.697] [info] Controller idle = 2
[2026-06-29 17:28:01.697] [info] Controller idle = 11
[2026-06-29 17:28:01.697] [info] Controller idle = 1
[2026-06-29 17:28:01.697] [info] Controller idle = 32660
[2026-06-29 17:28:01.697] [info] Controller idle = 1
[2026-06-29 17:28:01.697] [info] Controller idle = 3
[2026-06-29 17:28:01.697] [info] Controller idle = 1
[2026-06-29 17:28:01.697] [info] Controller idle = 2
[2026-06-29 17:28:01.697] [info] Controller idle = 5
[2026-06-29 17:28:01.697] [info] Controller idle = 6
[2026-06-29 17:28:01.697] [info] Controller idle = 5
[2026-06-29 17:28:01.697] [info] Controller idle = 8
[2026-06-29 17:28:01.697] [info] Controller idle = 2
[2026-06-29 17:28:01.697] [info] Controller idle = 4
[2026-06-29 17:28:01.697] [info] Controller idle = 29230
[2026-06-29 17:28:01.697] [info] Controller idle = 7
[2026-06-29 17:28:01.697] [info] Controller idle = 1
[2026-06-29 17:28:01.697] [info] Controller idle = 12
[2026-06-29 17:28:01.697] [info] Controller idle = 7
[2026-06-29 17:28:01.697] [info] Controller idle = 1
[2026-06-29 17:28:01.697] [info] Controller idle = 3
[2026-06-29 17:28:01.697] [info] Controller idle = 1
[2026-06-29 17:28:01.697] [info] Controller idle = 1
[2026-06-29 17:28:01.697] [info] Controller idle = 6
[2026-06-29 17:28:01.697] [info] Controller idle = 9093
[2026-06-29 17:28:01.697] [info] Controller idle = 2
[2026-06-29 17:28:01.697] [info] Controller idle = 1
[2026-06-29 17:28:01.697] [info] Controller idle = 1
[2026-06-29 17:28:01.697] [info] Controller idle = 10
[2026-06-29 17:28:01.697] [info] Controller idle = 4
[2026-06-29 17:28:01.697] [info] Controller idle = 1
[2026-06-29 17:28:01.697] [info] Controller idle = 2
[2026-06-29 17:28:01.697] [info] Controller idle = 1
[2026-06-29 17:28:01.697] [info] Controller idle = 1
[2026-06-29 17:28:01.697] [info] Controller idle = 9
[2026-06-29 17:28:01.697] [info] Controller idle = 4
[2026-06-29 17:28:01.697] [info] Controller idle = 8
[2026-06-29 17:28:01.697] [info] Controller idle = 1
[2026-06-29 17:28:01.697] [info] Controller idle = 8
[2026-06-29 17:28:01.697] [info] Controller idle = 6
[2026-06-29 17:28:01.697] [info] Controller idle = 6391
[2026-06-29 17:28:01.697] [info] Controller idle = 1489
[2026-06-29 17:28:01.697] [info] Controller idle = 3
[2026-06-29 17:28:01.697] [info] Controller idle = 1
[2026-06-29 17:28:01.697] [info] Controller idle = 2
[2026-06-29 17:28:01.697] [info] Controller idle = 9134
[2026-06-29 17:28:01.697] [info] Controller idle = 1
[2026-06-29 17:28:01.697] [info] Controller idle = 1
[2026-06-29 17:28:01.697] [info] Controller idle = 3
[2026-06-29 17:28:01.697] [info] Controller idle = 2
[2026-06-29 17:28:01.697] [info] Controller idle = 2
[2026-06-29 17:28:01.697] [info] Controller idle = 1
[2026-06-29 17:28:01.697] [info] Controller idle = 1
[2026-06-29 17:28:01.697] [info] Controller idle = 13
[2026-06-29 17:28:01.697] [info] Controller idle = 1
[2026-06-29 17:28:01.697] [info] Controller idle = 1
[2026-06-29 17:28:01.697] [info] Controller idle = 3
[2026-06-29 17:28:01.697] [info] Controller idle = 1
[2026-06-29 17:28:01.697] [info] Controller idle = 7
[2026-06-29 17:28:01.697] [info] Controller idle = 20
[2026-06-29 17:28:01.697] [info] Controller idle = 1
[2026-06-29 17:28:01.697] [info] Controller idle = 1
[2026-06-29 17:28:01.697] [info] Controller idle = 28
[2026-06-29 17:28:01.697] [info] Controller idle = 1
[2026-06-29 17:28:01.697] [info] Controller idle = 5
[2026-06-29 17:28:01.697] [info] Controller idle = 2
[2026-06-29 17:28:01.697] [info] Controller idle = 6419
[2026-06-29 17:28:01.697] [info] Controller idle = 9051
[2026-06-29 17:28:01.697] [info] Controller idle = 2
[2026-06-29 17:28:01.697] [info] Controller idle = 1
[2026-06-29 17:28:01.697] [info] Controller idle = 1
[2026-06-29 17:28:01.697] [info] Controller idle = 2
[2026-06-29 17:28:01.697] [info] Controller idle = 6
[2026-06-29 17:28:01.697] [info] Controller idle = 1
[2026-06-29 17:28:01.697] [info] Controller idle = 1
[2026-06-29 17:28:01.697] [info] Controller idle = 7
[2026-06-29 17:28:01.697] [info] Controller idle = 1
[2026-06-29 17:28:01.697] [info] Controller idle = 6383
[2026-06-29 17:28:01.697] [info] Controller idle = 2
[2026-06-29 17:28:01.697] [info] Controller idle = 1
[2026-06-29 17:28:01.697] [info] Controller idle = 9246
[2026-06-29 17:28:01.697] [info] Controller idle = 1
[2026-06-29 17:28:01.697] [info] Controller idle = 4
[2026-06-29 17:28:01.697] [info] Controller idle = 4
[2026-06-29 17:28:01.697] [info] Controller idle = 2
[2026-06-29 17:28:01.697] [info] Controller idle = 3
[2026-06-29 17:28:01.697] [info] Controller idle = 1
[2026-06-29 17:28:01.697] [info] Controller idle = 1
[2026-06-29 17:28:01.697] [info] Controller idle = 12
[2026-06-29 17:28:01.697] [info] Controller idle = 1
[2026-06-29 17:28:01.697] [info] Controller idle = 15
[2026-06-29 17:28:01.697] [info] Controller idle = 1
[2026-06-29 17:28:01.697] [info] Controller idle = 3
[2026-06-29 17:28:01.697] [info] Controller idle = 1
[2026-06-29 17:28:01.697] [info] Controller idle = 1
[2026-06-29 17:28:01.697] [info] Controller idle = 11
[2026-06-29 17:28:01.697] [info] Controller idle = 1
[2026-06-29 17:28:01.697] [info] Controller idle = 1
[2026-06-29 17:28:01.697] [info] Controller idle = 18
[2026-06-29 17:28:01.697] [info] Controller idle = 6415
[2026-06-29 17:28:01.697] [info] Controller idle = 2773
[2026-06-29 17:28:01.697] [info] Controller idle = 1541
[2026-06-29 17:28:01.697] [info] Controller idle = 1546
[2026-06-29 17:28:01.697] [info] Controller idle = 3
[2026-06-29 17:28:01.697] [info] Controller idle = 3
[2026-06-29 17:28:01.697] [info] Controller idle = 1493
[2026-06-29 17:28:01.697] [info] Controller idle = 20
[2026-06-29 17:28:01.697] [info] Controller idle = 1
[2026-06-29 17:28:01.697] [info] Controller idle = 580
[2026-06-29 17:28:01.697] [info] Controller idle = 4886
[2026-06-29 17:28:01.697] [info] Controller idle = 3683
[2026-06-29 17:28:01.697] [info] Controller idle = 3717
[2026-06-29 17:28:01.697] [info] Controller idle = 1
[2026-06-29 17:28:01.697] [info] Controller idle = 2
[2026-06-29 17:28:01.697] [info] Controller idle = 3651
[2026-06-29 17:28:01.697] [info] Controller idle = 4016
[2026-06-29 17:28:01.697] [info] Controller idle = 3683
[2026-06-29 17:28:01.697] [info] Controller idle = 3696
[2026-06-29 17:28:01.697] [info] Controller idle = 3691
[2026-06-29 17:28:01.697] [info] Controller idle = 3
[2026-06-29 17:28:01.697] [info] Controller idle = 4147
[2026-06-29 17:28:01.697] [info] Controller idle = 2
[2026-06-29 17:28:01.697] [info] Controller idle = 3655
[2026-06-29 17:28:01.697] [info] Controller idle = 3705
[2026-06-29 17:28:01.697] [info] Controller idle = 1
[2026-06-29 17:28:01.697] [info] Controller idle = 5
[2026-06-29 17:28:01.697] [info] Controller idle = 3695
[2026-06-29 17:28:01.697] [info] Controller idle = 2790
[2026-06-29 17:28:01.697] [info] Controller idle = 57
[2026-06-29 17:28:01.697] [info] Controller idle = 68
[2026-06-29 17:28:01.697] [info] Controller idle = 2424
[2026-06-29 17:28:01.697] [info] Controller idle = 4
[2026-06-29 17:28:01.697] [info] Controller idle = 1
[2026-06-29 17:28:01.697] [info] Controller idle = 1
[2026-06-29 17:28:01.697] [info] Controller idle = 1
[2026-06-29 17:28:01.697] [info] Controller idle = 1
[2026-06-29 17:28:01.697] [info] Controller idle = 99
[2026-06-29 17:28:01.697] [info] Controller idle = 4
[2026-06-29 17:28:01.697] [info] Controller idle = 9
[2026-06-29 17:28:01.697] [info] Controller idle = 85
[2026-06-29 17:28:01.697] [info] Controller idle = 2
[2026-06-29 17:28:01.697] [info] Controller idle = 1
[2026-06-29 17:28:01.697] [info] Controller idle = 3
[2026-06-29 17:28:01.697] [info] Controller idle = 20
[2026-06-29 17:28:01.697] [info] Controller idle = 1
[2026-06-29 17:28:01.697] [info] Controller idle = 1
[2026-06-29 17:28:01.697] [info] Controller idle = 4
[2026-06-29 17:28:01.697] [info] Controller idle = 1
[2026-06-29 17:28:01.697] [info] Controller idle = 8
[2026-06-29 17:28:01.697] [info] Controller idle = 3
[2026-06-29 17:28:01.697] [info] Controller idle = 2436
[2026-06-29 17:28:01.697] [info] Controller idle = 1
[2026-06-29 17:28:01.697] [info] Controller idle = 1
[2026-06-29 17:28:01.697] [info] Controller idle = 6
[2026-06-29 17:28:01.697] [info] Controller idle = 5
[2026-06-29 17:28:01.697] [info] Controller idle = 94
[2026-06-29 17:28:01.697] [info] Controller idle = 3
[2026-06-29 17:28:01.697] [info] Controller idle = 15
[2026-06-29 17:28:01.697] [info] Controller idle = 3
[2026-06-29 17:28:01.697] [info] Controller idle = 2
[2026-06-29 17:28:01.697] [info] Controller idle = 90
[2026-06-29 17:28:01.697] [info] Controller idle = 1
[2026-06-29 17:28:01.697] [info] Controller idle = 5
[2026-06-29 17:28:01.697] [info] Controller idle = 2
[2026-06-29 17:28:01.697] [info] Controller idle = 2
[2026-06-29 17:28:01.697] [info] Controller idle = 4
[2026-06-29 17:28:01.697] [info] Controller idle = 3
[2026-06-29 17:28:01.697] [info] Controller idle = 1
[2026-06-29 17:28:01.697] [info] Controller idle = 15
[2026-06-29 17:28:01.697] [info] Controller idle = 3
[2026-06-29 17:28:01.697] [info] Controller idle = 1
[2026-06-29 17:28:01.697] [info] Controller idle = 5
[2026-06-29 17:28:01.698] [info] Controller idle = 2
[2026-06-29 17:28:01.698] [info] Controller idle = 4
[2026-06-29 17:28:01.698] [info] Controller idle = 3
[2026-06-29 17:28:01.698] [info] Controller idle = 2435
[2026-06-29 17:28:01.698] [info] Controller idle = 2
[2026-06-29 17:28:01.698] [info] Controller idle = 3
[2026-06-29 17:28:01.698] [info] Controller idle = 2
[2026-06-29 17:28:01.698] [info] Controller idle = 4
[2026-06-29 17:28:01.698] [info] Controller idle = 90
[2026-06-29 17:28:01.698] [info] Controller idle = 1
[2026-06-29 17:28:01.698] [info] Controller idle = 4
[2026-06-29 17:28:01.698] [info] Controller idle = 3
[2026-06-29 17:28:01.698] [info] Controller idle = 1
[2026-06-29 17:28:01.698] [info] Controller idle = 100
[2026-06-29 17:28:01.698] [info] Controller idle = 4
[2026-06-29 17:28:01.698] [info] Controller idle = 2
[2026-06-29 17:28:01.698] [info] Controller idle = 5
[2026-06-29 17:28:01.698] [info] Controller idle = 1
[2026-06-29 17:28:01.698] [info] Controller idle = 10
[2026-06-29 17:28:01.698] [info] Controller idle = 16
[2026-06-29 17:28:01.698] [info] Controller idle = 1
[2026-06-29 17:28:01.698] [info] Controller idle = 2
[2026-06-29 17:28:01.698] [info] Controller idle = 7
[2026-06-29 17:28:01.698] [info] Controller idle = 3
[2026-06-29 17:28:01.698] [info] Controller idle = 2433
[2026-06-29 17:28:01.698] [info] Controller idle = 54
[2026-06-29 17:28:01.698] [info] Controller idle = 70
[2026-06-29 17:28:01.698] [info] Controller idle = 1
[2026-06-29 17:28:01.698] [info] Controller idle = 2418
[2026-06-29 17:28:01.698] [info] Controller idle = 14
[2026-06-29 17:28:01.698] [info] Controller idle = 1
[2026-06-29 17:28:01.698] [info] Controller idle = 1
[2026-06-29 17:28:01.698] [info] Controller idle = 82
[2026-06-29 17:28:01.698] [info] Controller idle = 3
[2026-06-29 17:28:01.698] [info] Controller idle = 2
[2026-06-29 17:28:01.698] [info] Controller idle = 93
[2026-06-29 17:28:01.698] [info] Controller idle = 1
[2026-06-29 17:28:01.698] [info] Controller idle = 1
[2026-06-29 17:28:01.698] [info] Controller idle = 2
[2026-06-29 17:28:01.698] [info] Controller idle = 2
[2026-06-29 17:28:01.698] [info] Controller idle = 1
[2026-06-29 17:28:01.698] [info] Controller idle = 2
[2026-06-29 17:28:01.698] [info] Controller idle = 1
[2026-06-29 17:28:01.698] [info] Controller idle = 2
[2026-06-29 17:28:01.698] [info] Controller idle = 17
[2026-06-29 17:28:01.698] [info] Controller idle = 1
[2026-06-29 17:28:01.698] [info] Controller idle = 17
[2026-06-29 17:28:01.698] [info] Controller idle = 2
[2026-06-29 17:28:01.698] [info] Controller idle = 1
[2026-06-29 17:28:01.698] [info] Controller idle = 2432
[2026-06-29 17:28:01.698] [info] Controller idle = 1
[2026-06-29 17:28:01.698] [info] Controller idle = 1
[2026-06-29 17:28:01.698] [info] Controller idle = 2
[2026-06-29 17:28:01.698] [info] Controller idle = 7
[2026-06-29 17:28:01.698] [info] Controller idle = 5
[2026-06-29 17:28:01.698] [info] Controller idle = 1
[2026-06-29 17:28:01.698] [info] Controller idle = 85
[2026-06-29 17:28:01.698] [info] Controller idle = 2
[2026-06-29 17:28:01.698] [info] Controller idle = 6
[2026-06-29 17:28:01.698] [info] Controller idle = 3
[2026-06-29 17:28:01.698] [info] Controller idle = 3
[2026-06-29 17:28:01.698] [info] Controller idle = 3
[2026-06-29 17:28:01.698] [info] Controller idle = 3
[2026-06-29 17:28:01.698] [info] Controller idle = 93
[2026-06-29 17:28:01.698] [info] Controller idle = 6
[2026-06-29 17:28:01.698] [info] Controller idle = 5
[2026-06-29 17:28:01.698] [info] Controller idle = 1
[2026-06-29 17:28:01.698] [info] Controller idle = 18
[2026-06-29 17:28:01.698] [info] Controller idle = 8
[2026-06-29 17:28:01.698] [info] Controller idle = 3
[2026-06-29 17:28:01.698] [info] Controller idle = 1
[2026-06-29 17:28:01.698] [info] Controller idle = 13
[2026-06-29 17:28:01.698] [info] Controller idle = 2428
[2026-06-29 17:28:01.698] [info] Controller idle = 7
[2026-06-29 17:28:01.698] [info] Controller idle = 96
[2026-06-29 17:28:01.698] [info] Controller idle = 3
[2026-06-29 17:28:01.698] [info] Controller idle = 3
[2026-06-29 17:28:01.698] [info] Controller idle = 2
[2026-06-29 17:28:01.698] [info] Controller idle = 3
[2026-06-29 17:28:01.698] [info] Controller idle = 10
[2026-06-29 17:28:01.698] [info] Controller idle = 86
[2026-06-29 17:28:01.698] [info] Controller idle = 12
[2026-06-29 17:28:01.698] [info] Controller idle = 5
[2026-06-29 17:28:01.698] [info] Controller idle = 1
[2026-06-29 17:28:01.698] [info] Controller idle = 13
[2026-06-29 17:28:01.698] [info] Controller idle = 549
[2026-06-29 17:28:01.698] [info] Controller idle = 1
[2026-06-29 17:28:01.698] [info] Controller idle = 102
[2026-06-29 17:28:01.698] [info] Controller idle = 2
[2026-06-29 17:28:01.698] [info] Controller idle = 2
[2026-06-29 17:28:01.698] [info] Controller idle = 1
[2026-06-29 17:28:01.698] [info] Controller idle = 2
[2026-06-29 17:28:01.698] [info] Controller idle = 1
[2026-06-29 17:28:01.698] [info] Controller idle = 8
[2026-06-29 17:28:01.698] [info] Controller idle = 1
[2026-06-29 17:28:01.698] [info] Controller idle = 5
[2026-06-29 17:28:01.698] [info] Controller idle = 1
[2026-06-29 17:28:01.698] [info] Controller idle = 1
[2026-06-29 17:28:01.698] [info] Controller idle = 2
[2026-06-29 17:28:01.698] [info] Controller idle = 3
[2026-06-29 17:28:01.698] [info] Controller idle = 6
[2026-06-29 17:28:01.698] [info] Controller idle = 24
[2026-06-29 17:28:01.698] [info] Controller idle = 1
[2026-06-29 17:28:01.698] [info] Controller idle = 2
[2026-06-29 17:28:01.698] [info] Controller idle = 4
[2026-06-29 17:28:01.698] [info] Controller idle = 3
[2026-06-29 17:28:01.698] [info] Controller idle = 1
[2026-06-29 17:28:01.698] [info] Controller idle = 10
[2026-06-29 17:28:01.698] [info] Controller idle = 1
[2026-06-29 17:28:01.698] [info] Controller idle = 1
[2026-06-29 17:28:01.698] [info] Controller idle = 2
[2026-06-29 17:28:01.698] [info] Controller idle = 12
[2026-06-29 17:28:01.698] [info] Controller idle = 1
[2026-06-29 17:28:01.698] [info] Controller idle = 131
[2026-06-29 17:28:01.698] [info] Controller idle = 1
[2026-06-29 17:28:01.698] [info] Controller idle = 1
[2026-06-29 17:28:01.698] [info] Controller idle = 2
[2026-06-29 17:28:01.698] [info] Controller idle = 2
[2026-06-29 17:28:01.698] [info] Controller idle = 8
[2026-06-29 17:28:01.698] [info] Controller idle = 8
[2026-06-29 17:28:01.698] [info] Controller idle = 9
[2026-06-29 17:28:01.698] [info] Controller idle = 2
[2026-06-29 17:28:01.698] [info] Controller idle = 25
[2026-06-29 17:28:01.698] [info] Controller idle = 1
[2026-06-29 17:28:01.698] [info] Controller idle = 2
[2026-06-29 17:28:01.698] [info] Controller idle = 1
[2026-06-29 17:28:01.698] [info] Controller idle = 4
[2026-06-29 17:28:01.698] [info] Controller idle = 5
[2026-06-29 17:28:01.698] [info] Controller idle = 3
[2026-06-29 17:28:01.698] [info] Controller idle = 1
[2026-06-29 17:28:01.698] [info] Controller idle = 5
[2026-06-29 17:28:01.698] [info] Controller idle = 3
[2026-06-29 17:28:01.698] [info] Controller idle = 6
[2026-06-29 17:28:01.698] [info] Controller idle = 14
[2026-06-29 17:28:01.698] [info] Controller idle = 4
[2026-06-29 17:28:01.698] [info] Controller idle = 130
[2026-06-29 17:28:01.698] [info] Controller idle = 1
[2026-06-29 17:28:01.698] [info] Controller idle = 12
[2026-06-29 17:28:01.698] [info] Controller idle = 1
[2026-06-29 17:28:01.698] [info] Controller idle = 2
[2026-06-29 17:28:01.698] [info] Controller idle = 6
[2026-06-29 17:28:01.698] [info] Controller idle = 1
[2026-06-29 17:28:01.698] [info] Controller idle = 7
[2026-06-29 17:28:01.698] [info] Controller idle = 1
[2026-06-29 17:28:01.698] [info] Controller idle = 18
[2026-06-29 17:28:01.698] [info] Controller idle = 2
[2026-06-29 17:28:01.698] [info] Controller idle = 1
[2026-06-29 17:28:01.698] [info] Controller idle = 4
[2026-06-29 17:28:01.698] [info] Controller idle = 4
[2026-06-29 17:28:01.698] [info] Controller idle = 4
[2026-06-29 17:28:01.698] [info] Controller idle = 6
[2026-06-29 17:28:01.698] [info] Controller idle = 23
[2026-06-29 17:28:01.698] [info] Controller idle = 9
[2026-06-29 17:28:01.698] [info] Controller idle = 5
[2026-06-29 17:28:01.698] [info] Controller idle = 5
[2026-06-29 17:28:01.698] [info] Controller idle = 1
[2026-06-29 17:28:01.698] [info] Controller idle = 122
[2026-06-29 17:28:01.698] [info] Controller idle = 7
[2026-06-29 17:28:01.698] [info] Controller idle = 106
[2026-06-29 17:28:01.698] [info] Controller idle = 1
[2026-06-29 17:28:01.698] [info] Controller idle = 1
[2026-06-29 17:28:01.698] [info] Controller idle = 11
[2026-06-29 17:28:01.698] [info] Controller idle = 1
[2026-06-29 17:28:01.698] [info] Controller idle = 4
[2026-06-29 17:28:01.698] [info] Controller idle = 28
[2026-06-29 17:28:01.698] [info] Controller idle = 3
[2026-06-29 17:28:01.698] [info] Controller idle = 1
[2026-06-29 17:28:01.698] [info] Controller idle = 1
[2026-06-29 17:28:01.698] [info] Controller idle = 2
[2026-06-29 17:28:01.698] [info] Controller idle = 4
[2026-06-29 17:28:01.698] [info] Controller idle = 5
[2026-06-29 17:28:01.698] [info] Controller idle = 1
[2026-06-29 17:28:01.698] [info] Controller idle = 1
[2026-06-29 17:28:01.698] [info] Controller idle = 5
[2026-06-29 17:28:01.698] [info] Controller idle = 3
[2026-06-29 17:28:01.698] [info] Controller idle = 9
[2026-06-29 17:28:01.698] [info] Controller idle = 2
[2026-06-29 17:28:01.698] [info] Controller idle = 1
[2026-06-29 17:28:01.698] [info] Controller idle = 8
[2026-06-29 17:28:01.698] [info] Controller idle = 131
[2026-06-29 17:28:01.698] [info] Controller idle = 3
[2026-06-29 17:28:01.698] [info] Controller idle = 1
[2026-06-29 17:28:01.698] [info] Controller idle = 5
[2026-06-29 17:28:01.698] [info] Controller idle = 14
[2026-06-29 17:28:01.698] [info] Controller idle = 29
[2026-06-29 17:28:01.698] [info] Controller idle = 4
[2026-06-29 17:28:01.698] [info] Controller idle = 14
[2026-06-29 17:28:01.698] [info] Controller idle = 7
[2026-06-29 17:28:01.698] [info] Controller idle = 3
[2026-06-29 17:28:01.698] [info] Controller idle = 17
[2026-06-29 17:28:01.698] [info] Controller idle = 1
[2026-06-29 17:28:01.698] [info] Controller idle = 1
[2026-06-29 17:28:01.698] [info] Controller idle = 1
[2026-06-29 17:28:01.698] [info] Controller idle = 2
[2026-06-29 17:28:01.698] [info] Controller idle = 4
[2026-06-29 17:28:01.698] [info] Controller idle = 1
[2026-06-29 17:28:01.698] [info] Controller idle = 2
[2026-06-29 17:28:01.698] [info] Controller idle = 125
[2026-06-29 17:28:01.698] [info] Controller idle = 1
[2026-06-29 17:28:01.698] [info] Controller idle = 4
[2026-06-29 17:28:01.698] [info] Controller idle = 3
[2026-06-29 17:28:01.698] [info] Controller idle = 2
[2026-06-29 17:28:01.698] [info] Controller idle = 3
[2026-06-29 17:28:01.698] [info] Controller idle = 5
[2026-06-29 17:28:01.698] [info] Controller idle = 2
[2026-06-29 17:28:01.698] [info] Controller idle = 5
[2026-06-29 17:28:01.698] [info] Controller idle = 2
[2026-06-29 17:28:01.698] [info] Controller idle = 38
[2026-06-29 17:28:01.698] [info] Controller idle = 1
[2026-06-29 17:28:01.698] [info] Controller idle = 8
[2026-06-29 17:28:01.698] [info] Controller idle = 1
[2026-06-29 17:28:01.698] [info] Controller idle = 9
[2026-06-29 17:28:01.698] [info] Controller idle = 4
[2026-06-29 17:28:01.698] [info] Controller idle = 2
[2026-06-29 17:28:01.698] [info] Controller idle = 3
[2026-06-29 17:28:01.698] [info] Controller idle = 4985
[2026-06-29 17:28:01.698] [info] Controller idle = 5371
[2026-06-29 17:28:01.698] [info] Controller idle = 2
[2026-06-29 17:28:01.698] [info] Controller idle = 2
[2026-06-29 17:28:01.698] [info] Controller idle = 7
[2026-06-29 17:28:01.698] [info] Controller idle = 2
[2026-06-29 17:28:01.698] [info] Controller idle = 5
[2026-06-29 17:28:01.698] [info] Controller idle = 3
[2026-06-29 17:28:01.698] [info] Controller idle = 2
[2026-06-29 17:28:01.698] [info] Controller idle = 3
[2026-06-29 17:28:01.698] [info] Controller idle = 1
[2026-06-29 17:28:01.698] [info] Controller idle = 2
[2026-06-29 17:28:01.698] [info] Controller idle = 2
[2026-06-29 17:28:01.698] [info] Controller idle = 2
[2026-06-29 17:28:01.698] [info] Controller idle = 3
[2026-06-29 17:28:01.698] [info] Controller idle = 5405
[2026-06-29 17:28:01.698] [info] Controller idle = 3
[2026-06-29 17:28:01.698] [info] Controller idle = 2
[2026-06-29 17:28:01.698] [info] Controller idle = 1
[2026-06-29 17:28:01.698] [info] Controller idle = 1
[2026-06-29 17:28:01.698] [info] Controller idle = 1
[2026-06-29 17:28:01.698] [info] Controller idle = 2
[2026-06-29 17:28:01.698] [info] Controller idle = 3
[2026-06-29 17:28:01.698] [info] Controller idle = 2
[2026-06-29 17:28:01.698] [info] Controller idle = 4
[2026-06-29 17:28:01.698] [info] Controller idle = 1
[2026-06-29 17:28:01.698] [info] Controller idle = 2
[2026-06-29 17:28:01.698] [info] Controller idle = 5
[2026-06-29 17:28:01.698] [info] Controller idle = 1
[2026-06-29 17:28:01.698] [info] Controller idle = 5404
[2026-06-29 17:28:01.698] [info] Controller idle = 3
[2026-06-29 17:28:01.698] [info] Controller idle = 1
[2026-06-29 17:28:01.698] [info] Controller idle = 3
[2026-06-29 17:28:01.698] [info] Controller idle = 3
[2026-06-29 17:28:01.698] [info] Controller idle = 5
[2026-06-29 17:28:01.698] [info] Controller idle = 4
[2026-06-29 17:28:01.698] [info] Controller idle = 1
[2026-06-29 17:28:01.698] [info] Controller idle = 4
[2026-06-29 17:28:01.698] [info] Controller idle = 2
[2026-06-29 17:28:01.698] [info] Controller idle = 2
[2026-06-29 17:28:01.698] [info] Controller idle = 1
[2026-06-29 17:28:01.698] [info] Controller idle = 10
[2026-06-29 17:28:01.698] [info] Controller idle = 18
[2026-06-29 17:28:01.698] [info] Controller idle = 4
[2026-06-29 17:28:01.698] [info] Controller idle = 1
[2026-06-29 17:28:01.698] [info] Controller idle = 5384
[2026-06-29 17:28:01.698] [info] Controller idle = 5352
[2026-06-29 17:28:01.698] [info] Controller idle = 1
[2026-06-29 17:28:01.698] [info] Controller idle = 1
[2026-06-29 17:28:01.698] [info] Controller idle = 3
[2026-06-29 17:28:01.698] [info] Controller idle = 5
[2026-06-29 17:28:01.698] [info] Controller idle = 3
[2026-06-29 17:28:01.698] [info] Controller idle = 16
[2026-06-29 17:28:01.698] [info] Controller idle = 2
[2026-06-29 17:28:01.698] [info] Controller idle = 1
[2026-06-29 17:28:01.698] [info] Controller idle = 4
[2026-06-29 17:28:01.698] [info] Controller idle = 1
[2026-06-29 17:28:01.698] [info] Controller idle = 1
[2026-06-29 17:28:01.698] [info] Controller idle = 13
[2026-06-29 17:28:01.698] [info] Controller idle = 2
[2026-06-29 17:28:01.698] [info] Controller idle = 1
[2026-06-29 17:28:01.698] [info] Controller idle = 5394
[2026-06-29 17:28:01.698] [info] Controller idle = 3
[2026-06-29 17:28:01.698] [info] Controller idle = 10
[2026-06-29 17:28:01.698] [info] Controller idle = 9
[2026-06-29 17:28:01.698] [info] Controller idle = 1
[2026-06-29 17:28:01.698] [info] Controller idle = 2
[2026-06-29 17:28:01.698] [info] Controller idle = 5
[2026-06-29 17:28:01.698] [info] Controller idle = 2
[2026-06-29 17:28:01.698] [info] Controller idle = 3
[2026-06-29 17:28:01.698] [info] Controller idle = 4
[2026-06-29 17:28:01.698] [info] Controller idle = 1
[2026-06-29 17:28:01.698] [info] Controller idle = 3
[2026-06-29 17:28:01.698] [info] Controller idle = 1
[2026-06-29 17:28:01.698] [info] Controller idle = 5400
[2026-06-29 17:28:01.698] [info] Controller idle = 8
[2026-06-29 17:28:01.698] [info] Controller idle = 4
[2026-06-29 17:28:01.698] [info] Controller idle = 3
[2026-06-29 17:28:01.698] [info] Controller idle = 1
[2026-06-29 17:28:01.698] [info] Controller idle = 1
[2026-06-29 17:28:01.698] [info] Controller idle = 5020
[2026-06-29 17:28:01.698] [info] Controller idle = 5372
[2026-06-29 17:28:01.698] [info] Controller idle = 8
[2026-06-29 17:28:01.698] [info] Controller idle = 2
[2026-06-29 17:28:01.698] [info] Controller idle = 1
[2026-06-29 17:28:01.698] [info] Controller idle = 3
[2026-06-29 17:28:01.698] [info] Controller idle = 1
[2026-06-29 17:28:01.698] [info] Controller idle = 8
[2026-06-29 17:28:01.698] [info] Controller idle = 2
[2026-06-29 17:28:01.698] [info] Controller idle = 3
[2026-06-29 17:28:01.698] [info] Controller idle = 2
[2026-06-29 17:28:01.698] [info] Controller idle = 1
[2026-06-29 17:28:01.698] [info] Controller idle = 1
[2026-06-29 17:28:01.698] [info] Controller idle = 7
[2026-06-29 17:28:01.698] [info] Controller idle = 5402
[2026-06-29 17:28:01.698] [info] Controller idle = 1
[2026-06-29 17:28:01.698] [info] Controller idle = 2
[2026-06-29 17:28:01.698] [info] Controller idle = 3
[2026-06-29 17:28:01.698] [info] Controller idle = 1
[2026-06-29 17:28:01.698] [info] Controller idle = 8
[2026-06-29 17:28:01.698] [info] Controller idle = 4
[2026-06-29 17:28:01.698] [info] Controller idle = 1
[2026-06-29 17:28:01.698] [info] Controller idle = 3
[2026-06-29 17:28:01.698] [info] Controller idle = 1
[2026-06-29 17:28:01.698] [info] Controller idle = 2
[2026-06-29 17:28:01.698] [info] Controller idle = 9
[2026-06-29 17:28:01.698] [info] Controller idle = 5
[2026-06-29 17:28:01.698] [info] Controller idle = 2
[2026-06-29 17:28:01.698] [info] Controller idle = 4
[2026-06-29 17:28:01.698] [info] Controller idle = 5395
[2026-06-29 17:28:01.698] [info] Controller idle = 2
[2026-06-29 17:28:01.698] [info] Controller idle = 2
[2026-06-29 17:28:01.698] [info] Controller idle = 3
[2026-06-29 17:28:01.698] [info] Controller idle = 1
[2026-06-29 17:28:01.698] [info] Controller idle = 1
[2026-06-29 17:28:01.698] [info] Controller idle = 4
[2026-06-29 17:28:01.698] [info] Controller idle = 2
[2026-06-29 17:28:01.698] [info] Controller idle = 2
[2026-06-29 17:28:01.698] [info] Controller idle = 1
[2026-06-29 17:28:01.698] [info] Controller idle = 4
[2026-06-29 17:28:01.698] [info] Controller idle = 1
[2026-06-29 17:28:01.698] [info] Controller idle = 4
[2026-06-29 17:28:01.698] [info] Controller idle = 1
[2026-06-29 17:28:01.698] [info] Controller idle = 3
[2026-06-29 17:28:01.698] [info] Controller idle = 1
[2026-06-29 17:28:01.698] [info] Controller idle = 1
[2026-06-29 17:28:01.698] [info] Controller idle = 1
[2026-06-29 17:28:01.698] [info] Controller idle = 5398
[2026-06-29 17:28:01.698] [info] Controller idle = 5367
[2026-06-29 17:28:01.698] [info] Controller idle = 3
[2026-06-29 17:28:01.698] [info] Controller idle = 1
[2026-06-29 17:28:01.698] [info] Controller idle = 10
[2026-06-29 17:28:01.698] [info] Controller idle = 1
[2026-06-29 17:28:01.698] [info] Controller idle = 3
[2026-06-29 17:28:01.698] [info] Controller idle = 1
[2026-06-29 17:28:01.698] [info] Controller idle = 3
[2026-06-29 17:28:01.698] [info] Controller idle = 3
[2026-06-29 17:28:01.698] [info] Controller idle = 1
[2026-06-29 17:28:01.698] [info] Controller idle = 5396
[2026-06-29 17:28:01.698] [info] Controller idle = 1
[2026-06-29 17:28:01.698] [info] Controller idle = 1
[2026-06-29 17:28:01.698] [info] Controller idle = 2
[2026-06-29 17:28:01.698] [info] Controller idle = 4
[2026-06-29 17:28:01.698] [info] Controller idle = 3
[2026-06-29 17:28:01.698] [info] Controller idle = 1
[2026-06-29 17:28:01.699] [info] Controller idle = 2
[2026-06-29 17:28:01.699] [info] Controller idle = 1
[2026-06-29 17:28:01.699] [info] Controller idle = 3
[2026-06-29 17:28:01.699] [info] Controller idle = 4
[2026-06-29 17:28:01.699] [info] Controller idle = 1
[2026-06-29 17:28:01.699] [info] Controller idle = 1
[2026-06-29 17:28:01.699] [info] Controller idle = 1
[2026-06-29 17:28:01.699] [info] Controller idle = 1
[2026-06-29 17:28:01.699] [info] Controller idle = 2
[2026-06-29 17:28:01.699] [info] Controller idle = 1
[2026-06-29 17:28:01.699] [info] Controller idle = 2
[2026-06-29 17:28:01.699] [info] Controller idle = 1
[2026-06-29 17:28:01.699] [info] Controller idle = 5406
[2026-06-29 17:28:01.699] [info] Controller idle = 1
[2026-06-29 17:28:01.699] [info] Controller idle = 5
[2026-06-29 17:28:01.699] [info] Controller idle = 3
[2026-06-29 17:28:01.699] [info] Controller idle = 10
[2026-06-29 17:28:01.699] [info] Controller idle = 9
[2026-06-29 17:28:01.699] [info] Controller idle = 4844
[2026-06-29 17:28:01.699] [info] Controller idle = 86
[2026-06-29 17:28:01.699] [info] Controller idle = 103
[2026-06-29 17:28:01.699] [info] Controller idle = 5139
[2026-06-29 17:28:01.699] [info] Controller idle = 4
[2026-06-29 17:28:01.699] [info] Controller idle = 1
[2026-06-29 17:28:01.699] [info] Controller idle = 2
[2026-06-29 17:28:01.699] [info] Controller idle = 4
[2026-06-29 17:28:01.699] [info] Controller idle = 4
[2026-06-29 17:28:01.699] [info] Controller idle = 5
[2026-06-29 17:28:01.699] [info] Controller idle = 5
[2026-06-29 17:28:01.699] [info] Controller idle = 106
[2026-06-29 17:28:01.699] [info] Controller idle = 1
[2026-06-29 17:28:01.699] [info] Controller idle = 5
[2026-06-29 17:28:01.699] [info] Controller idle = 7
[2026-06-29 17:28:01.699] [info] Controller idle = 1
[2026-06-29 17:28:01.699] [info] Controller idle = 6
[2026-06-29 17:28:01.699] [info] Controller idle = 14
[2026-06-29 17:28:01.699] [info] Controller idle = 3
[2026-06-29 17:28:01.699] [info] Controller idle = 3
[2026-06-29 17:28:01.699] [info] Controller idle = 2
[2026-06-29 17:28:01.699] [info] Controller idle = 5
[2026-06-29 17:28:01.699] [info] Controller idle = 3
[2026-06-29 17:28:01.699] [info] Controller idle = 5
[2026-06-29 17:28:01.699] [info] Controller idle = 115
[2026-06-29 17:28:01.699] [info] Controller idle = 11
[2026-06-29 17:28:01.699] [info] Controller idle = 9
[2026-06-29 17:28:01.699] [info] Controller idle = 2
[2026-06-29 17:28:01.699] [info] Controller idle = 5162
[2026-06-29 17:28:01.699] [info] Controller idle = 1
[2026-06-29 17:28:01.699] [info] Controller idle = 1
[2026-06-29 17:28:01.699] [info] Controller idle = 1
[2026-06-29 17:28:01.699] [info] Controller idle = 8
[2026-06-29 17:28:01.699] [info] Controller idle = 3
[2026-06-29 17:28:01.699] [info] Controller idle = 7
[2026-06-29 17:28:01.699] [info] Controller idle = 84
[2026-06-29 17:28:01.699] [info] Controller idle = 1
[2026-06-29 17:28:01.699] [info] Controller idle = 16
[2026-06-29 17:28:01.699] [info] Controller idle = 1
[2026-06-29 17:28:01.699] [info] Controller idle = 4
[2026-06-29 17:28:01.699] [info] Controller idle = 2
[2026-06-29 17:28:01.699] [info] Controller idle = 8
[2026-06-29 17:28:01.699] [info] Controller idle = 136
[2026-06-29 17:28:01.699] [info] Controller idle = 4
[2026-06-29 17:28:01.699] [info] Controller idle = 1
[2026-06-29 17:28:01.699] [info] Controller idle = 4
[2026-06-29 17:28:01.699] [info] Controller idle = 5157
[2026-06-29 17:28:01.699] [info] Controller idle = 1
[2026-06-29 17:28:01.699] [info] Controller idle = 8
[2026-06-29 17:28:01.699] [info] Controller idle = 1
[2026-06-29 17:28:01.699] [info] Controller idle = 11
[2026-06-29 17:28:01.699] [info] Controller idle = 3
[2026-06-29 17:28:01.699] [info] Controller idle = 1
[2026-06-29 17:28:01.699] [info] Controller idle = 109
[2026-06-29 17:28:01.699] [info] Controller idle = 8
[2026-06-29 17:28:01.699] [info] Controller idle = 3
[2026-06-29 17:28:01.699] [info] Controller idle = 8
[2026-06-29 17:28:01.699] [info] Controller idle = 1
[2026-06-29 17:28:01.699] [info] Controller idle = 7
[2026-06-29 17:28:01.699] [info] Controller idle = 3
[2026-06-29 17:28:01.699] [info] Controller idle = 11
[2026-06-29 17:28:01.699] [info] Controller idle = 5
[2026-06-29 17:28:01.699] [info] Controller idle = 2
[2026-06-29 17:28:01.699] [info] Controller idle = 4
[2026-06-29 17:28:01.699] [info] Controller idle = 119
[2026-06-29 17:28:01.699] [info] Controller idle = 8
[2026-06-29 17:28:01.699] [info] Controller idle = 1
[2026-06-29 17:28:01.699] [info] Controller idle = 5158
[2026-06-29 17:28:01.699] [info] Controller idle = 93
[2026-06-29 17:28:01.699] [info] Controller idle = 97
[2026-06-29 17:28:01.699] [info] Controller idle = 1
[2026-06-29 17:28:01.699] [info] Controller idle = 1
[2026-06-29 17:28:01.699] [info] Controller idle = 5130
[2026-06-29 17:28:01.699] [info] Controller idle = 8
[2026-06-29 17:28:01.699] [info] Controller idle = 9
[2026-06-29 17:28:01.699] [info] Controller idle = 3
[2026-06-29 17:28:01.699] [info] Controller idle = 6
[2026-06-29 17:28:01.699] [info] Controller idle = 113
[2026-06-29 17:28:01.699] [info] Controller idle = 1
[2026-06-29 17:28:01.699] [info] Controller idle = 3
[2026-06-29 17:28:01.699] [info] Controller idle = 14
[2026-06-29 17:28:01.699] [info] Controller idle = 5
[2026-06-29 17:28:01.699] [info] Controller idle = 2
[2026-06-29 17:28:01.699] [info] Controller idle = 17
[2026-06-29 17:28:01.699] [info] Controller idle = 117
[2026-06-29 17:28:01.699] [info] Controller idle = 16
[2026-06-29 17:28:01.699] [info] Controller idle = 5
[2026-06-29 17:28:01.699] [info] Controller idle = 6
[2026-06-29 17:28:01.699] [info] Controller idle = 5145
[2026-06-29 17:28:01.699] [info] Controller idle = 1
[2026-06-29 17:28:01.699] [info] Controller idle = 1
[2026-06-29 17:28:01.699] [info] Controller idle = 4
[2026-06-29 17:28:01.699] [info] Controller idle = 4
[2026-06-29 17:28:01.699] [info] Controller idle = 117
[2026-06-29 17:28:01.699] [info] Controller idle = 7
[2026-06-29 17:28:01.699] [info] Controller idle = 2
[2026-06-29 17:28:01.699] [info] Controller idle = 2
[2026-06-29 17:28:01.699] [info] Controller idle = 2
[2026-06-29 17:28:01.699] [info] Controller idle = 11
[2026-06-29 17:28:01.699] [info] Controller idle = 11
[2026-06-29 17:28:01.699] [info] Controller idle = 1
[2026-06-29 17:28:01.699] [info] Controller idle = 4
[2026-06-29 17:28:01.699] [info] Controller idle = 135
[2026-06-29 17:28:01.699] [info] Controller idle = 4
[2026-06-29 17:28:01.699] [info] Controller idle = 5
[2026-06-29 17:28:01.699] [info] Controller idle = 8
[2026-06-29 17:28:01.699] [info] Controller idle = 4
[2026-06-29 17:28:01.699] [info] Controller idle = 2
[2026-06-29 17:28:01.699] [info] Controller idle = 5152
[2026-06-29 17:28:01.699] [info] Controller idle = 2
[2026-06-29 17:28:01.699] [info] Controller idle = 1
[2026-06-29 17:28:01.699] [info] Controller idle = 4
[2026-06-29 17:28:01.699] [info] Controller idle = 118
[2026-06-29 17:28:01.699] [info] Controller idle = 1
[2026-06-29 17:28:01.699] [info] Controller idle = 1
[2026-06-29 17:28:01.699] [info] Controller idle = 1
[2026-06-29 17:28:01.699] [info] Controller idle = 4
[2026-06-29 17:28:01.699] [info] Controller idle = 1
[2026-06-29 17:28:01.699] [info] Controller idle = 1
[2026-06-29 17:28:01.699] [info] Controller idle = 10
[2026-06-29 17:28:01.699] [info] Controller idle = 1
[2026-06-29 17:28:01.699] [info] Controller idle = 19
[2026-06-29 17:28:01.699] [info] Controller idle = 1
[2026-06-29 17:28:01.699] [info] Controller idle = 1
[2026-06-29 17:28:01.699] [info] Controller idle = 129
[2026-06-29 17:28:01.699] [info] Controller idle = 1
[2026-06-29 17:28:01.699] [info] Controller idle = 1
[2026-06-29 17:28:01.699] [info] Controller idle = 25
[2026-06-29 17:28:01.699] [info] Controller idle = 1048
[2026-06-29 17:28:01.699] [info] Controller idle = 21
[2026-06-29 17:28:01.699] [info] Controller idle = 14
MemorySystem:
  impl: GenericDRAM
  total_num_other_requests: 0
  total_num_write_requests: 77648
  total_num_read_requests: 55370
  memory_system_cycles: 2594267

  DRAM:
    impl: HBM2
    dram_commands: 206811
  AddrMapper:
    impl: RoBaRaCoCh
  Controller:
    impl: Generic
    id: Channel 0
    Scheduler:
      impl: FRFCFS
    RefreshManager:
      impl: AllBank



Frontend:
  impl: GEM5

[2026-06-29 17:28:01.699] [info] Row hits: 95332, Row misses: 962, Row conflicts: 36476
[2026-06-29 17:28:01.699] [info] Controller idle = 11
[2026-06-29 17:28:01.699] [info] Controller idle = 26671
[2026-06-29 17:28:01.699] [info] Controller idle = 25721
[2026-06-29 17:28:01.699] [info] Controller idle = 25737
[2026-06-29 17:28:01.699] [info] Controller idle = 25721
[2026-06-29 17:28:01.699] [info] Controller idle = 25701
[2026-06-29 17:28:01.699] [info] Controller idle = 25729
[2026-06-29 17:28:01.699] [info] Controller idle = 25724
[2026-06-29 17:28:01.699] [info] Controller idle = 25937
[2026-06-29 17:28:01.699] [info] Controller idle = 25772
[2026-06-29 17:28:01.699] [info] Controller idle = 1
[2026-06-29 17:28:01.699] [info] Controller idle = 1
[2026-06-29 17:28:01.699] [info] Controller idle = 4
[2026-06-29 17:28:01.699] [info] Controller idle = 1
[2026-06-29 17:28:01.699] [info] Controller idle = 231650
[2026-06-29 17:28:01.699] [info] Controller idle = 231797
[2026-06-29 17:28:01.699] [info] Controller idle = 231747
[2026-06-29 17:28:01.699] [info] Controller idle = 231518
[2026-06-29 17:28:01.699] [info] Controller idle = 231650
[2026-06-29 17:28:01.699] [info] Controller idle = 4
[2026-06-29 17:28:01.699] [info] Controller idle = 1
[2026-06-29 17:28:01.699] [info] Controller idle = 231795
[2026-06-29 17:28:01.699] [info] Controller idle = 4
[2026-06-29 17:28:01.699] [info] Controller idle = 1
[2026-06-29 17:28:01.699] [info] Controller idle = 2
[2026-06-29 17:28:01.699] [info] Controller idle = 2
[2026-06-29 17:28:01.699] [info] Controller idle = 1
[2026-06-29 17:28:01.699] [info] Controller idle = 232687
[2026-06-29 17:28:01.699] [info] Controller idle = 22724
[2026-06-29 17:28:01.699] [info] Controller idle = 8003
[2026-06-29 17:28:01.699] [info] Controller idle = 9
[2026-06-29 17:28:01.699] [info] Controller idle = 5
[2026-06-29 17:28:01.699] [info] Controller idle = 1
[2026-06-29 17:28:01.699] [info] Controller idle = 9
[2026-06-29 17:28:01.699] [info] Controller idle = 10
[2026-06-29 17:28:01.699] [info] Controller idle = 2
[2026-06-29 17:28:01.699] [info] Controller idle = 1
[2026-06-29 17:28:01.699] [info] Controller idle = 1
[2026-06-29 17:28:01.699] [info] Controller idle = 7
[2026-06-29 17:28:01.699] [info] Controller idle = 10
[2026-06-29 17:28:01.699] [info] Controller idle = 1
[2026-06-29 17:28:01.699] [info] Controller idle = 5
[2026-06-29 17:28:01.699] [info] Controller idle = 1
[2026-06-29 17:28:01.699] [info] Controller idle = 2
[2026-06-29 17:28:01.699] [info] Controller idle = 5
[2026-06-29 17:28:01.699] [info] Controller idle = 4
[2026-06-29 17:28:01.699] [info] Controller idle = 1
[2026-06-29 17:28:01.699] [info] Controller idle = 2
[2026-06-29 17:28:01.699] [info] Controller idle = 2
[2026-06-29 17:28:01.699] [info] Controller idle = 1
[2026-06-29 17:28:01.699] [info] Controller idle = 1
[2026-06-29 17:28:01.699] [info] Controller idle = 8
[2026-06-29 17:28:01.699] [info] Controller idle = 1
[2026-06-29 17:28:01.699] [info] Controller idle = 1
[2026-06-29 17:28:01.699] [info] Controller idle = 11
[2026-06-29 17:28:01.699] [info] Controller idle = 4
[2026-06-29 17:28:01.699] [info] Controller idle = 5
[2026-06-29 17:28:01.699] [info] Controller idle = 1
[2026-06-29 17:28:01.699] [info] Controller idle = 1
[2026-06-29 17:28:01.699] [info] Controller idle = 1
[2026-06-29 17:28:01.699] [info] Controller idle = 3
[2026-06-29 17:28:01.699] [info] Controller idle = 1
[2026-06-29 17:28:01.699] [info] Controller idle = 11
[2026-06-29 17:28:01.699] [info] Controller idle = 4
[2026-06-29 17:28:01.699] [info] Controller idle = 8
[2026-06-29 17:28:01.699] [info] Controller idle = 3
[2026-06-29 17:28:01.699] [info] Controller idle = 2
[2026-06-29 17:28:01.699] [info] Controller idle = 3
[2026-06-29 17:28:01.699] [info] Controller idle = 1
[2026-06-29 17:28:01.699] [info] Controller idle = 13
[2026-06-29 17:28:01.699] [info] Controller idle = 1
[2026-06-29 17:28:01.699] [info] Controller idle = 10
[2026-06-29 17:28:01.699] [info] Controller idle = 11
[2026-06-29 17:28:01.699] [info] Controller idle = 2
[2026-06-29 17:28:01.699] [info] Controller idle = 3
[2026-06-29 17:28:01.699] [info] Controller idle = 4
[2026-06-29 17:28:01.699] [info] Controller idle = 12
[2026-06-29 17:28:01.699] [info] Controller idle = 1
[2026-06-29 17:28:01.699] [info] Controller idle = 10
[2026-06-29 17:28:01.699] [info] Controller idle = 1
[2026-06-29 17:28:01.699] [info] Controller idle = 14
[2026-06-29 17:28:01.699] [info] Controller idle = 17
[2026-06-29 17:28:01.699] [info] Controller idle = 2
[2026-06-29 17:28:01.699] [info] Controller idle = 3
[2026-06-29 17:28:01.699] [info] Controller idle = 1
[2026-06-29 17:28:01.699] [info] Controller idle = 3
[2026-06-29 17:28:01.699] [info] Controller idle = 5
[2026-06-29 17:28:01.699] [info] Controller idle = 1
[2026-06-29 17:28:01.699] [info] Controller idle = 2
[2026-06-29 17:28:01.699] [info] Controller idle = 1
[2026-06-29 17:28:01.699] [info] Controller idle = 2
[2026-06-29 17:28:01.699] [info] Controller idle = 2
[2026-06-29 17:28:01.699] [info] Controller idle = 38
[2026-06-29 17:28:01.699] [info] Controller idle = 2
[2026-06-29 17:28:01.699] [info] Controller idle = 1
[2026-06-29 17:28:01.699] [info] Controller idle = 11
[2026-06-29 17:28:01.699] [info] Controller idle = 21532
[2026-06-29 17:28:01.699] [info] Controller idle = 8013
[2026-06-29 17:28:01.699] [info] Controller idle = 4
[2026-06-29 17:28:01.699] [info] Controller idle = 2
[2026-06-29 17:28:01.699] [info] Controller idle = 1
[2026-06-29 17:28:01.699] [info] Controller idle = 6
[2026-06-29 17:28:01.699] [info] Controller idle = 10
[2026-06-29 17:28:01.699] [info] Controller idle = 5
[2026-06-29 17:28:01.699] [info] Controller idle = 3
[2026-06-29 17:28:01.699] [info] Controller idle = 9
[2026-06-29 17:28:01.699] [info] Controller idle = 1
[2026-06-29 17:28:01.699] [info] Controller idle = 3
[2026-06-29 17:28:01.699] [info] Controller idle = 8
[2026-06-29 17:28:01.699] [info] Controller idle = 34178
[2026-06-29 17:28:01.699] [info] Controller idle = 29353
[2026-06-29 17:28:01.699] [info] Controller idle = 5
[2026-06-29 17:28:01.699] [info] Controller idle = 4
[2026-06-29 17:28:01.699] [info] Controller idle = 8
[2026-06-29 17:28:01.699] [info] Controller idle = 3
[2026-06-29 17:28:01.699] [info] Controller idle = 2
[2026-06-29 17:28:01.699] [info] Controller idle = 1
[2026-06-29 17:28:01.699] [info] Controller idle = 33497
[2026-06-29 17:28:01.699] [info] Controller idle = 4
[2026-06-29 17:28:01.699] [info] Controller idle = 1
[2026-06-29 17:28:01.699] [info] Controller idle = 3
[2026-06-29 17:28:01.699] [info] Controller idle = 2
[2026-06-29 17:28:01.699] [info] Controller idle = 3
[2026-06-29 17:28:01.699] [info] Controller idle = 1
[2026-06-29 17:28:01.699] [info] Controller idle = 1
[2026-06-29 17:28:01.699] [info] Controller idle = 1
[2026-06-29 17:28:01.699] [info] Controller idle = 1
[2026-06-29 17:28:01.699] [info] Controller idle = 1
[2026-06-29 17:28:01.699] [info] Controller idle = 2
[2026-06-29 17:28:01.699] [info] Controller idle = 3
[2026-06-29 17:28:01.699] [info] Controller idle = 2
[2026-06-29 17:28:01.699] [info] Controller idle = 4
[2026-06-29 17:28:01.699] [info] Controller idle = 8
[2026-06-29 17:28:01.699] [info] Controller idle = 1
[2026-06-29 17:28:01.699] [info] Controller idle = 4
[2026-06-29 17:28:01.699] [info] Controller idle = 1
[2026-06-29 17:28:01.699] [info] Controller idle = 1
[2026-06-29 17:28:01.699] [info] Controller idle = 2
[2026-06-29 17:28:01.699] [info] Controller idle = 1
[2026-06-29 17:28:01.699] [info] Controller idle = 1
[2026-06-29 17:28:01.699] [info] Controller idle = 2
[2026-06-29 17:28:01.699] [info] Controller idle = 1
[2026-06-29 17:28:01.699] [info] Controller idle = 4
[2026-06-29 17:28:01.699] [info] Controller idle = 1
[2026-06-29 17:28:01.699] [info] Controller idle = 1
[2026-06-29 17:28:01.699] [info] Controller idle = 8
[2026-06-29 17:28:01.699] [info] Controller idle = 1
[2026-06-29 17:28:01.699] [info] Controller idle = 1
[2026-06-29 17:28:01.699] [info] Controller idle = 1
[2026-06-29 17:28:01.699] [info] Controller idle = 9
[2026-06-29 17:28:01.699] [info] Controller idle = 4
[2026-06-29 17:28:01.699] [info] Controller idle = 3
[2026-06-29 17:28:01.699] [info] Controller idle = 2
[2026-06-29 17:28:01.699] [info] Controller idle = 1
[2026-06-29 17:28:01.699] [info] Controller idle = 1
[2026-06-29 17:28:01.699] [info] Controller idle = 7
[2026-06-29 17:28:01.699] [info] Controller idle = 16
[2026-06-29 17:28:01.699] [info] Controller idle = 7
[2026-06-29 17:28:01.699] [info] Controller idle = 1
[2026-06-29 17:28:01.699] [info] Controller idle = 5
[2026-06-29 17:28:01.699] [info] Controller idle = 10
[2026-06-29 17:28:01.699] [info] Controller idle = 2
[2026-06-29 17:28:01.699] [info] Controller idle = 20
[2026-06-29 17:28:01.699] [info] Controller idle = 29659
[2026-06-29 17:28:01.699] [info] Controller idle = 32736
[2026-06-29 17:28:01.699] [info] Controller idle = 1
[2026-06-29 17:28:01.699] [info] Controller idle = 1
[2026-06-29 17:28:01.699] [info] Controller idle = 4
[2026-06-29 17:28:01.699] [info] Controller idle = 6
[2026-06-29 17:28:01.699] [info] Controller idle = 2
[2026-06-29 17:28:01.699] [info] Controller idle = 2
[2026-06-29 17:28:01.699] [info] Controller idle = 29162
[2026-06-29 17:28:01.699] [info] Controller idle = 4
[2026-06-29 17:28:01.699] [info] Controller idle = 1
[2026-06-29 17:28:01.699] [info] Controller idle = 2
[2026-06-29 17:28:01.699] [info] Controller idle = 4
[2026-06-29 17:28:01.699] [info] Controller idle = 1
[2026-06-29 17:28:01.699] [info] Controller idle = 4
[2026-06-29 17:28:01.699] [info] Controller idle = 1
[2026-06-29 17:28:01.699] [info] Controller idle = 3
[2026-06-29 17:28:01.699] [info] Controller idle = 3
[2026-06-29 17:28:01.699] [info] Controller idle = 8
[2026-06-29 17:28:01.699] [info] Controller idle = 1
[2026-06-29 17:28:01.699] [info] Controller idle = 2
[2026-06-29 17:28:01.699] [info] Controller idle = 8898
[2026-06-29 17:28:01.699] [info] Controller idle = 4
[2026-06-29 17:28:01.699] [info] Controller idle = 2
[2026-06-29 17:28:01.700] [info] Controller idle = 9
[2026-06-29 17:28:01.700] [info] Controller idle = 1
[2026-06-29 17:28:01.700] [info] Controller idle = 14
[2026-06-29 17:28:01.700] [info] Controller idle = 4
[2026-06-29 17:28:01.700] [info] Controller idle = 2
[2026-06-29 17:28:01.700] [info] Controller idle = 2
[2026-06-29 17:28:01.700] [info] Controller idle = 1
[2026-06-29 17:28:01.700] [info] Controller idle = 1
[2026-06-29 17:28:01.700] [info] Controller idle = 1
[2026-06-29 17:28:01.700] [info] Controller idle = 4
[2026-06-29 17:28:01.700] [info] Controller idle = 6
[2026-06-29 17:28:01.700] [info] Controller idle = 2
[2026-06-29 17:28:01.700] [info] Controller idle = 11
[2026-06-29 17:28:01.700] [info] Controller idle = 3
[2026-06-29 17:28:01.700] [info] Controller idle = 5
[2026-06-29 17:28:01.700] [info] Controller idle = 6411
[2026-06-29 17:28:01.700] [info] Controller idle = 1537
[2026-06-29 17:28:01.700] [info] Controller idle = 2
[2026-06-29 17:28:01.700] [info] Controller idle = 4
[2026-06-29 17:28:01.700] [info] Controller idle = 2
[2026-06-29 17:28:01.700] [info] Controller idle = 1
[2026-06-29 17:28:01.700] [info] Controller idle = 2
[2026-06-29 17:28:01.700] [info] Controller idle = 1
[2026-06-29 17:28:01.700] [info] Controller idle = 4
[2026-06-29 17:28:01.700] [info] Controller idle = 9163
[2026-06-29 17:28:01.700] [info] Controller idle = 2
[2026-06-29 17:28:01.700] [info] Controller idle = 1
[2026-06-29 17:28:01.700] [info] Controller idle = 2
[2026-06-29 17:28:01.700] [info] Controller idle = 1
[2026-06-29 17:28:01.700] [info] Controller idle = 1
[2026-06-29 17:28:01.700] [info] Controller idle = 3
[2026-06-29 17:28:01.700] [info] Controller idle = 1
[2026-06-29 17:28:01.700] [info] Controller idle = 3
[2026-06-29 17:28:01.700] [info] Controller idle = 2
[2026-06-29 17:28:01.700] [info] Controller idle = 3
[2026-06-29 17:28:01.700] [info] Controller idle = 3
[2026-06-29 17:28:01.700] [info] Controller idle = 1
[2026-06-29 17:28:01.700] [info] Controller idle = 23
[2026-06-29 17:28:01.700] [info] Controller idle = 13
[2026-06-29 17:28:01.700] [info] Controller idle = 6415
[2026-06-29 17:28:01.700] [info] Controller idle = 9081
[2026-06-29 17:28:01.700] [info] Controller idle = 2
[2026-06-29 17:28:01.700] [info] Controller idle = 2
[2026-06-29 17:28:01.700] [info] Controller idle = 1
[2026-06-29 17:28:01.700] [info] Controller idle = 1
[2026-06-29 17:28:01.700] [info] Controller idle = 1
[2026-06-29 17:28:01.700] [info] Controller idle = 9
[2026-06-29 17:28:01.700] [info] Controller idle = 6435
[2026-06-29 17:28:01.700] [info] Controller idle = 9273
[2026-06-29 17:28:01.700] [info] Controller idle = 13
[2026-06-29 17:28:01.700] [info] Controller idle = 2
[2026-06-29 17:28:01.700] [info] Controller idle = 1
[2026-06-29 17:28:01.700] [info] Controller idle = 2
[2026-06-29 17:28:01.700] [info] Controller idle = 2
[2026-06-29 17:28:01.700] [info] Controller idle = 1
[2026-06-29 17:28:01.700] [info] Controller idle = 1
[2026-06-29 17:28:01.700] [info] Controller idle = 2
[2026-06-29 17:28:01.700] [info] Controller idle = 1
[2026-06-29 17:28:01.700] [info] Controller idle = 3
[2026-06-29 17:28:01.700] [info] Controller idle = 1
[2026-06-29 17:28:01.700] [info] Controller idle = 11
[2026-06-29 17:28:01.700] [info] Controller idle = 6418
[2026-06-29 17:28:01.700] [info] Controller idle = 1
[2026-06-29 17:28:01.700] [info] Controller idle = 2754
[2026-06-29 17:28:01.700] [info] Controller idle = 1568
[2026-06-29 17:28:01.700] [info] Controller idle = 1
[2026-06-29 17:28:01.700] [info] Controller idle = 2
[2026-06-29 17:28:01.700] [info] Controller idle = 1575
[2026-06-29 17:28:01.700] [info] Controller idle = 1540
[2026-06-29 17:28:01.700] [info] Controller idle = 2
[2026-06-29 17:28:01.700] [info] Controller idle = 3
[2026-06-29 17:28:01.700] [info] Controller idle = 1
[2026-06-29 17:28:01.700] [info] Controller idle = 672
[2026-06-29 17:28:01.700] [info] Controller idle = 4862
[2026-06-29 17:28:01.700] [info] Controller idle = 3680
[2026-06-29 17:28:01.700] [info] Controller idle = 3702
[2026-06-29 17:28:01.700] [info] Controller idle = 3684
[2026-06-29 17:28:01.700] [info] Controller idle = 3951
[2026-06-29 17:28:01.700] [info] Controller idle = 3685
[2026-06-29 17:28:01.700] [info] Controller idle = 3702
[2026-06-29 17:28:01.700] [info] Controller idle = 3672
[2026-06-29 17:28:01.700] [info] Controller idle = 1
[2026-06-29 17:28:01.700] [info] Controller idle = 4091
[2026-06-29 17:28:01.700] [info] Controller idle = 3692
[2026-06-29 17:28:01.700] [info] Controller idle = 1
[2026-06-29 17:28:01.700] [info] Controller idle = 1
[2026-06-29 17:28:01.700] [info] Controller idle = 1
[2026-06-29 17:28:01.700] [info] Controller idle = 2
[2026-06-29 17:28:01.700] [info] Controller idle = 2
[2026-06-29 17:28:01.700] [info] Controller idle = 1
[2026-06-29 17:28:01.700] [info] Controller idle = 2
[2026-06-29 17:28:01.700] [info] Controller idle = 3697
[2026-06-29 17:28:01.700] [info] Controller idle = 1
[2026-06-29 17:28:01.700] [info] Controller idle = 1
[2026-06-29 17:28:01.700] [info] Controller idle = 3688
[2026-06-29 17:28:01.700] [info] Controller idle = 2783
[2026-06-29 17:28:01.700] [info] Controller idle = 59
[2026-06-29 17:28:01.700] [info] Controller idle = 65
[2026-06-29 17:28:01.700] [info] Controller idle = 2419
[2026-06-29 17:28:01.700] [info] Controller idle = 2
[2026-06-29 17:28:01.700] [info] Controller idle = 9
[2026-06-29 17:28:01.700] [info] Controller idle = 1
[2026-06-29 17:28:01.700] [info] Controller idle = 93
[2026-06-29 17:28:01.700] [info] Controller idle = 3
[2026-06-29 17:28:01.700] [info] Controller idle = 3
[2026-06-29 17:28:01.700] [info] Controller idle = 2
[2026-06-29 17:28:01.700] [info] Controller idle = 2
[2026-06-29 17:28:01.700] [info] Controller idle = 18
[2026-06-29 17:28:01.700] [info] Controller idle = 83
[2026-06-29 17:28:01.700] [info] Controller idle = 1
[2026-06-29 17:28:01.700] [info] Controller idle = 11
[2026-06-29 17:28:01.700] [info] Controller idle = 15
[2026-06-29 17:28:01.700] [info] Controller idle = 1
[2026-06-29 17:28:01.700] [info] Controller idle = 7
[2026-06-29 17:28:01.700] [info] Controller idle = 2
[2026-06-29 17:28:01.700] [info] Controller idle = 1
[2026-06-29 17:28:01.700] [info] Controller idle = 1
[2026-06-29 17:28:01.700] [info] Controller idle = 2437
[2026-06-29 17:28:01.700] [info] Controller idle = 1
[2026-06-29 17:28:01.700] [info] Controller idle = 2
[2026-06-29 17:28:01.700] [info] Controller idle = 9
[2026-06-29 17:28:01.700] [info] Controller idle = 95
[2026-06-29 17:28:01.700] [info] Controller idle = 2
[2026-06-29 17:28:01.700] [info] Controller idle = 4
[2026-06-29 17:28:01.700] [info] Controller idle = 1
[2026-06-29 17:28:01.700] [info] Controller idle = 104
[2026-06-29 17:28:01.700] [info] Controller idle = 5
[2026-06-29 17:28:01.700] [info] Controller idle = 4
[2026-06-29 17:28:01.700] [info] Controller idle = 23
[2026-06-29 17:28:01.700] [info] Controller idle = 4
[2026-06-29 17:28:01.700] [info] Controller idle = 11
[2026-06-29 17:28:01.700] [info] Controller idle = 2
[2026-06-29 17:28:01.700] [info] Controller idle = 4
[2026-06-29 17:28:01.700] [info] Controller idle = 2430
[2026-06-29 17:28:01.700] [info] Controller idle = 5
[2026-06-29 17:28:01.700] [info] Controller idle = 98
[2026-06-29 17:28:01.700] [info] Controller idle = 8
[2026-06-29 17:28:01.700] [info] Controller idle = 5
[2026-06-29 17:28:01.700] [info] Controller idle = 3
[2026-06-29 17:28:01.700] [info] Controller idle = 3
[2026-06-29 17:28:01.700] [info] Controller idle = 93
[2026-06-29 17:28:01.700] [info] Controller idle = 19
[2026-06-29 17:28:01.700] [info] Controller idle = 2
[2026-06-29 17:28:01.700] [info] Controller idle = 2
[2026-06-29 17:28:01.700] [info] Controller idle = 1
[2026-06-29 17:28:01.700] [info] Controller idle = 3
[2026-06-29 17:28:01.700] [info] Controller idle = 9
[2026-06-29 17:28:01.700] [info] Controller idle = 3
[2026-06-29 17:28:01.700] [info] Controller idle = 8
[2026-06-29 17:28:01.700] [info] Controller idle = 5
[2026-06-29 17:28:01.700] [info] Controller idle = 2432
[2026-06-29 17:28:01.700] [info] Controller idle = 63
[2026-06-29 17:28:01.700] [info] Controller idle = 65
[2026-06-29 17:28:01.700] [info] Controller idle = 2406
[2026-06-29 17:28:01.700] [info] Controller idle = 5
[2026-06-29 17:28:01.700] [info] Controller idle = 2
[2026-06-29 17:28:01.700] [info] Controller idle = 17
[2026-06-29 17:28:01.700] [info] Controller idle = 1
[2026-06-29 17:28:01.700] [info] Controller idle = 78
[2026-06-29 17:28:01.700] [info] Controller idle = 1
[2026-06-29 17:28:01.700] [info] Controller idle = 7
[2026-06-29 17:28:01.700] [info] Controller idle = 5
[2026-06-29 17:28:01.700] [info] Controller idle = 3
[2026-06-29 17:28:01.700] [info] Controller idle = 6
[2026-06-29 17:28:01.700] [info] Controller idle = 9
[2026-06-29 17:28:01.700] [info] Controller idle = 88
[2026-06-29 17:28:01.700] [info] Controller idle = 1
[2026-06-29 17:28:01.700] [info] Controller idle = 2
[2026-06-29 17:28:01.700] [info] Controller idle = 1
[2026-06-29 17:28:01.700] [info] Controller idle = 5
[2026-06-29 17:28:01.700] [info] Controller idle = 6
[2026-06-29 17:28:01.700] [info] Controller idle = 2
[2026-06-29 17:28:01.700] [info] Controller idle = 16
[2026-06-29 17:28:01.700] [info] Controller idle = 6
[2026-06-29 17:28:01.700] [info] Controller idle = 16
[2026-06-29 17:28:01.700] [info] Controller idle = 2441
[2026-06-29 17:28:01.700] [info] Controller idle = 3
[2026-06-29 17:28:01.700] [info] Controller idle = 13
[2026-06-29 17:28:01.700] [info] Controller idle = 5
[2026-06-29 17:28:01.700] [info] Controller idle = 3
[2026-06-29 17:28:01.700] [info] Controller idle = 1
[2026-06-29 17:28:01.700] [info] Controller idle = 83
[2026-06-29 17:28:01.700] [info] Controller idle = 2
[2026-06-29 17:28:01.700] [info] Controller idle = 24
[2026-06-29 17:28:01.700] [info] Controller idle = 89
[2026-06-29 17:28:01.700] [info] Controller idle = 2
[2026-06-29 17:28:01.700] [info] Controller idle = 2
[2026-06-29 17:28:01.700] [info] Controller idle = 9
[2026-06-29 17:28:01.700] [info] Controller idle = 12
[2026-06-29 17:28:01.700] [info] Controller idle = 1
[2026-06-29 17:28:01.700] [info] Controller idle = 3
[2026-06-29 17:28:01.700] [info] Controller idle = 3
[2026-06-29 17:28:01.700] [info] Controller idle = 1
[2026-06-29 17:28:01.700] [info] Controller idle = 1
[2026-06-29 17:28:01.700] [info] Controller idle = 1
[2026-06-29 17:28:01.700] [info] Controller idle = 1
[2026-06-29 17:28:01.700] [info] Controller idle = 4
[2026-06-29 17:28:01.700] [info] Controller idle = 2436
[2026-06-29 17:28:01.700] [info] Controller idle = 1
[2026-06-29 17:28:01.700] [info] Controller idle = 1
[2026-06-29 17:28:01.700] [info] Controller idle = 6
[2026-06-29 17:28:01.700] [info] Controller idle = 8
[2026-06-29 17:28:01.700] [info] Controller idle = 92
[2026-06-29 17:28:01.700] [info] Controller idle = 4
[2026-06-29 17:28:01.700] [info] Controller idle = 1
[2026-06-29 17:28:01.700] [info] Controller idle = 1
[2026-06-29 17:28:01.700] [info] Controller idle = 5
[2026-06-29 17:28:01.700] [info] Controller idle = 9
[2026-06-29 17:28:01.700] [info] Controller idle = 2
[2026-06-29 17:28:01.700] [info] Controller idle = 101
[2026-06-29 17:28:01.700] [info] Controller idle = 12
[2026-06-29 17:28:01.700] [info] Controller idle = 1
[2026-06-29 17:28:01.700] [info] Controller idle = 9
[2026-06-29 17:28:01.700] [info] Controller idle = 1
[2026-06-29 17:28:01.700] [info] Controller idle = 3
[2026-06-29 17:28:01.700] [info] Controller idle = 540
[2026-06-29 17:28:01.700] [info] Controller idle = 107
[2026-06-29 17:28:01.700] [info] Controller idle = 3
[2026-06-29 17:28:01.700] [info] Controller idle = 3
[2026-06-29 17:28:01.700] [info] Controller idle = 3
[2026-06-29 17:28:01.700] [info] Controller idle = 5
[2026-06-29 17:28:01.700] [info] Controller idle = 1
[2026-06-29 17:28:01.700] [info] Controller idle = 9
[2026-06-29 17:28:01.700] [info] Controller idle = 3
[2026-06-29 17:28:01.700] [info] Controller idle = 2
[2026-06-29 17:28:01.700] [info] Controller idle = 1
[2026-06-29 17:28:01.700] [info] Controller idle = 1
[2026-06-29 17:28:01.700] [info] Controller idle = 1
[2026-06-29 17:28:01.700] [info] Controller idle = 1
[2026-06-29 17:28:01.700] [info] Controller idle = 29
[2026-06-29 17:28:01.700] [info] Controller idle = 3
[2026-06-29 17:28:01.700] [info] Controller idle = 3
[2026-06-29 17:28:01.700] [info] Controller idle = 3
[2026-06-29 17:28:01.700] [info] Controller idle = 1
[2026-06-29 17:28:01.700] [info] Controller idle = 8
[2026-06-29 17:28:01.700] [info] Controller idle = 10
[2026-06-29 17:28:01.700] [info] Controller idle = 1
[2026-06-29 17:28:01.700] [info] Controller idle = 1
[2026-06-29 17:28:01.700] [info] Controller idle = 1
[2026-06-29 17:28:01.700] [info] Controller idle = 11
[2026-06-29 17:28:01.700] [info] Controller idle = 1
[2026-06-29 17:28:01.700] [info] Controller idle = 126
[2026-06-29 17:28:01.700] [info] Controller idle = 9
[2026-06-29 17:28:01.700] [info] Controller idle = 10
[2026-06-29 17:28:01.700] [info] Controller idle = 2
[2026-06-29 17:28:01.700] [info] Controller idle = 1
[2026-06-29 17:28:01.700] [info] Controller idle = 1
[2026-06-29 17:28:01.700] [info] Controller idle = 1
[2026-06-29 17:28:01.700] [info] Controller idle = 4
[2026-06-29 17:28:01.700] [info] Controller idle = 1
[2026-06-29 17:28:01.700] [info] Controller idle = 2
[2026-06-29 17:28:01.700] [info] Controller idle = 23
[2026-06-29 17:28:01.700] [info] Controller idle = 1
[2026-06-29 17:28:01.700] [info] Controller idle = 1
[2026-06-29 17:28:01.700] [info] Controller idle = 5
[2026-06-29 17:28:01.700] [info] Controller idle = 1
[2026-06-29 17:28:01.700] [info] Controller idle = 14
[2026-06-29 17:28:01.700] [info] Controller idle = 6
[2026-06-29 17:28:01.700] [info] Controller idle = 1
[2026-06-29 17:28:01.700] [info] Controller idle = 8
[2026-06-29 17:28:01.700] [info] Controller idle = 6
[2026-06-29 17:28:01.700] [info] Controller idle = 4
[2026-06-29 17:28:01.700] [info] Controller idle = 130
[2026-06-29 17:28:01.700] [info] Controller idle = 4
[2026-06-29 17:28:01.700] [info] Controller idle = 4
[2026-06-29 17:28:01.700] [info] Controller idle = 1
[2026-06-29 17:28:01.700] [info] Controller idle = 1
[2026-06-29 17:28:01.700] [info] Controller idle = 1
[2026-06-29 17:28:01.700] [info] Controller idle = 4
[2026-06-29 17:28:01.700] [info] Controller idle = 3
[2026-06-29 17:28:01.700] [info] Controller idle = 5
[2026-06-29 17:28:01.700] [info] Controller idle = 4
[2026-06-29 17:28:01.700] [info] Controller idle = 3
[2026-06-29 17:28:01.700] [info] Controller idle = 43
[2026-06-29 17:28:01.700] [info] Controller idle = 8
[2026-06-29 17:28:01.700] [info] Controller idle = 8
[2026-06-29 17:28:01.700] [info] Controller idle = 1
[2026-06-29 17:28:01.700] [info] Controller idle = 1
[2026-06-29 17:28:01.700] [info] Controller idle = 1
[2026-06-29 17:28:01.700] [info] Controller idle = 2
[2026-06-29 17:28:01.700] [info] Controller idle = 6
[2026-06-29 17:28:01.700] [info] Controller idle = 2
[2026-06-29 17:28:01.700] [info] Controller idle = 1
[2026-06-29 17:28:01.700] [info] Controller idle = 2
[2026-06-29 17:28:01.700] [info] Controller idle = 128
[2026-06-29 17:28:01.700] [info] Controller idle = 105
[2026-06-29 17:28:01.700] [info] Controller idle = 3
[2026-06-29 17:28:01.700] [info] Controller idle = 4
[2026-06-29 17:28:01.700] [info] Controller idle = 5
[2026-06-29 17:28:01.700] [info] Controller idle = 2
[2026-06-29 17:28:01.700] [info] Controller idle = 2
[2026-06-29 17:28:01.700] [info] Controller idle = 15
[2026-06-29 17:28:01.700] [info] Controller idle = 1
[2026-06-29 17:28:01.700] [info] Controller idle = 1
[2026-06-29 17:28:01.700] [info] Controller idle = 38
[2026-06-29 17:28:01.700] [info] Controller idle = 1
[2026-06-29 17:28:01.700] [info] Controller idle = 4
[2026-06-29 17:28:01.700] [info] Controller idle = 8
[2026-06-29 17:28:01.700] [info] Controller idle = 3
[2026-06-29 17:28:01.700] [info] Controller idle = 15
[2026-06-29 17:28:01.700] [info] Controller idle = 10
[2026-06-29 17:28:01.700] [info] Controller idle = 9
[2026-06-29 17:28:01.700] [info] Controller idle = 2
[2026-06-29 17:28:01.700] [info] Controller idle = 1
[2026-06-29 17:28:01.700] [info] Controller idle = 1
[2026-06-29 17:28:01.700] [info] Controller idle = 124
[2026-06-29 17:28:01.700] [info] Controller idle = 8
[2026-06-29 17:28:01.700] [info] Controller idle = 3
[2026-06-29 17:28:01.700] [info] Controller idle = 4
[2026-06-29 17:28:01.700] [info] Controller idle = 1
[2026-06-29 17:28:01.700] [info] Controller idle = 3
[2026-06-29 17:28:01.700] [info] Controller idle = 2
[2026-06-29 17:28:01.700] [info] Controller idle = 4
[2026-06-29 17:28:01.700] [info] Controller idle = 4
[2026-06-29 17:28:01.700] [info] Controller idle = 32
[2026-06-29 17:28:01.700] [info] Controller idle = 3
[2026-06-29 17:28:01.700] [info] Controller idle = 3
[2026-06-29 17:28:01.700] [info] Controller idle = 14
[2026-06-29 17:28:01.700] [info] Controller idle = 1
[2026-06-29 17:28:01.700] [info] Controller idle = 9
[2026-06-29 17:28:01.700] [info] Controller idle = 4
[2026-06-29 17:28:01.700] [info] Controller idle = 3
[2026-06-29 17:28:01.700] [info] Controller idle = 1
[2026-06-29 17:28:01.700] [info] Controller idle = 1
[2026-06-29 17:28:01.700] [info] Controller idle = 1
[2026-06-29 17:28:01.700] [info] Controller idle = 140
[2026-06-29 17:28:01.700] [info] Controller idle = 13
[2026-06-29 17:28:01.700] [info] Controller idle = 1
[2026-06-29 17:28:01.700] [info] Controller idle = 2
[2026-06-29 17:28:01.700] [info] Controller idle = 1
[2026-06-29 17:28:01.700] [info] Controller idle = 1
[2026-06-29 17:28:01.700] [info] Controller idle = 9
[2026-06-29 17:28:01.700] [info] Controller idle = 1
[2026-06-29 17:28:01.700] [info] Controller idle = 4
[2026-06-29 17:28:01.700] [info] Controller idle = 30
[2026-06-29 17:28:01.700] [info] Controller idle = 1
[2026-06-29 17:28:01.700] [info] Controller idle = 2
[2026-06-29 17:28:01.700] [info] Controller idle = 4
[2026-06-29 17:28:01.700] [info] Controller idle = 7
[2026-06-29 17:28:01.700] [info] Controller idle = 3
[2026-06-29 17:28:01.700] [info] Controller idle = 1
[2026-06-29 17:28:01.700] [info] Controller idle = 4972
[2026-06-29 17:28:01.700] [info] Controller idle = 5367
[2026-06-29 17:28:01.700] [info] Controller idle = 2
[2026-06-29 17:28:01.700] [info] Controller idle = 1
[2026-06-29 17:28:01.700] [info] Controller idle = 1
[2026-06-29 17:28:01.700] [info] Controller idle = 1
[2026-06-29 17:28:01.700] [info] Controller idle = 1
[2026-06-29 17:28:01.700] [info] Controller idle = 5
[2026-06-29 17:28:01.700] [info] Controller idle = 9
[2026-06-29 17:28:01.700] [info] Controller idle = 1
[2026-06-29 17:28:01.700] [info] Controller idle = 4
[2026-06-29 17:28:01.700] [info] Controller idle = 1
[2026-06-29 17:28:01.700] [info] Controller idle = 1
[2026-06-29 17:28:01.700] [info] Controller idle = 8
[2026-06-29 17:28:01.700] [info] Controller idle = 2
[2026-06-29 17:28:01.700] [info] Controller idle = 5402
[2026-06-29 17:28:01.700] [info] Controller idle = 1
[2026-06-29 17:28:01.700] [info] Controller idle = 5
[2026-06-29 17:28:01.700] [info] Controller idle = 7
[2026-06-29 17:28:01.700] [info] Controller idle = 1
[2026-06-29 17:28:01.700] [info] Controller idle = 1
[2026-06-29 17:28:01.700] [info] Controller idle = 4
[2026-06-29 17:28:01.701] [info] Controller idle = 1
[2026-06-29 17:28:01.701] [info] Controller idle = 3
[2026-06-29 17:28:01.701] [info] Controller idle = 4
[2026-06-29 17:28:01.701] [info] Controller idle = 1
[2026-06-29 17:28:01.701] [info] Controller idle = 10
[2026-06-29 17:28:01.701] [info] Controller idle = 1
[2026-06-29 17:28:01.701] [info] Controller idle = 2
[2026-06-29 17:28:01.701] [info] Controller idle = 2
[2026-06-29 17:28:01.701] [info] Controller idle = 1
[2026-06-29 17:28:01.701] [info] Controller idle = 5
[2026-06-29 17:28:01.701] [info] Controller idle = 2
[2026-06-29 17:28:01.701] [info] Controller idle = 5387
[2026-06-29 17:28:01.701] [info] Controller idle = 1
[2026-06-29 17:28:01.701] [info] Controller idle = 2
[2026-06-29 17:28:01.701] [info] Controller idle = 1
[2026-06-29 17:28:01.701] [info] Controller idle = 3
[2026-06-29 17:28:01.701] [info] Controller idle = 1
[2026-06-29 17:28:01.701] [info] Controller idle = 1
[2026-06-29 17:28:01.701] [info] Controller idle = 9
[2026-06-29 17:28:01.701] [info] Controller idle = 3
[2026-06-29 17:28:01.701] [info] Controller idle = 1
[2026-06-29 17:28:01.701] [info] Controller idle = 5397
[2026-06-29 17:28:01.701] [info] Controller idle = 5363
[2026-06-29 17:28:01.701] [info] Controller idle = 1
[2026-06-29 17:28:01.701] [info] Controller idle = 4
[2026-06-29 17:28:01.701] [info] Controller idle = 1
[2026-06-29 17:28:01.701] [info] Controller idle = 3
[2026-06-29 17:28:01.701] [info] Controller idle = 4
[2026-06-29 17:28:01.701] [info] Controller idle = 1
[2026-06-29 17:28:01.701] [info] Controller idle = 1
[2026-06-29 17:28:01.701] [info] Controller idle = 1
[2026-06-29 17:28:01.701] [info] Controller idle = 4
[2026-06-29 17:28:01.701] [info] Controller idle = 1
[2026-06-29 17:28:01.701] [info] Controller idle = 2
[2026-06-29 17:28:01.701] [info] Controller idle = 5
[2026-06-29 17:28:01.701] [info] Controller idle = 1
[2026-06-29 17:28:01.701] [info] Controller idle = 1
[2026-06-29 17:28:01.701] [info] Controller idle = 3
[2026-06-29 17:28:01.701] [info] Controller idle = 5397
[2026-06-29 17:28:01.701] [info] Controller idle = 4
[2026-06-29 17:28:01.701] [info] Controller idle = 1
[2026-06-29 17:28:01.701] [info] Controller idle = 2
[2026-06-29 17:28:01.701] [info] Controller idle = 6
[2026-06-29 17:28:01.701] [info] Controller idle = 3
[2026-06-29 17:28:01.701] [info] Controller idle = 4
[2026-06-29 17:28:01.701] [info] Controller idle = 1
[2026-06-29 17:28:01.701] [info] Controller idle = 1
[2026-06-29 17:28:01.701] [info] Controller idle = 2
[2026-06-29 17:28:01.701] [info] Controller idle = 1
[2026-06-29 17:28:01.701] [info] Controller idle = 9
[2026-06-29 17:28:01.701] [info] Controller idle = 5409
[2026-06-29 17:28:01.701] [info] Controller idle = 4
[2026-06-29 17:28:01.701] [info] Controller idle = 1
[2026-06-29 17:28:01.701] [info] Controller idle = 4
[2026-06-29 17:28:01.701] [info] Controller idle = 2
[2026-06-29 17:28:01.701] [info] Controller idle = 2
[2026-06-29 17:28:01.701] [info] Controller idle = 1
[2026-06-29 17:28:01.701] [info] Controller idle = 5
[2026-06-29 17:28:01.701] [info] Controller idle = 3
[2026-06-29 17:28:01.701] [info] Controller idle = 3
[2026-06-29 17:28:01.701] [info] Controller idle = 3
[2026-06-29 17:28:01.701] [info] Controller idle = 3
[2026-06-29 17:28:01.701] [info] Controller idle = 1
[2026-06-29 17:28:01.701] [info] Controller idle = 5021
[2026-06-29 17:28:01.701] [info] Controller idle = 5361
[2026-06-29 17:28:01.701] [info] Controller idle = 2
[2026-06-29 17:28:01.701] [info] Controller idle = 1
[2026-06-29 17:28:01.701] [info] Controller idle = 2
[2026-06-29 17:28:01.701] [info] Controller idle = 22
[2026-06-29 17:28:01.701] [info] Controller idle = 2
[2026-06-29 17:28:01.701] [info] Controller idle = 2
[2026-06-29 17:28:01.701] [info] Controller idle = 1
[2026-06-29 17:28:01.701] [info] Controller idle = 5
[2026-06-29 17:28:01.701] [info] Controller idle = 9
[2026-06-29 17:28:01.701] [info] Controller idle = 1
[2026-06-29 17:28:01.701] [info] Controller idle = 3
[2026-06-29 17:28:01.701] [info] Controller idle = 3
[2026-06-29 17:28:01.701] [info] Controller idle = 9
[2026-06-29 17:28:01.701] [info] Controller idle = 5396
[2026-06-29 17:28:01.701] [info] Controller idle = 3
[2026-06-29 17:28:01.701] [info] Controller idle = 10
[2026-06-29 17:28:01.701] [info] Controller idle = 3
[2026-06-29 17:28:01.701] [info] Controller idle = 2
[2026-06-29 17:28:01.701] [info] Controller idle = 4
[2026-06-29 17:28:01.701] [info] Controller idle = 3
[2026-06-29 17:28:01.701] [info] Controller idle = 1
[2026-06-29 17:28:01.701] [info] Controller idle = 7
[2026-06-29 17:28:01.701] [info] Controller idle = 3
[2026-06-29 17:28:01.701] [info] Controller idle = 1
[2026-06-29 17:28:01.701] [info] Controller idle = 3
[2026-06-29 17:28:01.701] [info] Controller idle = 3
[2026-06-29 17:28:01.701] [info] Controller idle = 5400
[2026-06-29 17:28:01.701] [info] Controller idle = 1
[2026-06-29 17:28:01.701] [info] Controller idle = 1
[2026-06-29 17:28:01.701] [info] Controller idle = 1
[2026-06-29 17:28:01.701] [info] Controller idle = 10
[2026-06-29 17:28:01.701] [info] Controller idle = 14
[2026-06-29 17:28:01.701] [info] Controller idle = 1
[2026-06-29 17:28:01.701] [info] Controller idle = 4
[2026-06-29 17:28:01.701] [info] Controller idle = 8
[2026-06-29 17:28:01.701] [info] Controller idle = 3
[2026-06-29 17:28:01.701] [info] Controller idle = 1
[2026-06-29 17:28:01.701] [info] Controller idle = 9
[2026-06-29 17:28:01.701] [info] Controller idle = 5369
[2026-06-29 17:28:01.701] [info] Controller idle = 1
[2026-06-29 17:28:01.701] [info] Controller idle = 5364
[2026-06-29 17:28:01.701] [info] Controller idle = 1
[2026-06-29 17:28:01.701] [info] Controller idle = 4
[2026-06-29 17:28:01.701] [info] Controller idle = 2
[2026-06-29 17:28:01.701] [info] Controller idle = 1
[2026-06-29 17:28:01.701] [info] Controller idle = 10
[2026-06-29 17:28:01.701] [info] Controller idle = 1
[2026-06-29 17:28:01.701] [info] Controller idle = 7
[2026-06-29 17:28:01.701] [info] Controller idle = 2
[2026-06-29 17:28:01.701] [info] Controller idle = 2
[2026-06-29 17:28:01.701] [info] Controller idle = 1
[2026-06-29 17:28:01.701] [info] Controller idle = 1
[2026-06-29 17:28:01.701] [info] Controller idle = 2
[2026-06-29 17:28:01.701] [info] Controller idle = 2
[2026-06-29 17:28:01.701] [info] Controller idle = 3
[2026-06-29 17:28:01.701] [info] Controller idle = 1
[2026-06-29 17:28:01.701] [info] Controller idle = 1
[2026-06-29 17:28:01.701] [info] Controller idle = 1
[2026-06-29 17:28:01.701] [info] Controller idle = 5405
[2026-06-29 17:28:01.701] [info] Controller idle = 2
[2026-06-29 17:28:01.701] [info] Controller idle = 5
[2026-06-29 17:28:01.701] [info] Controller idle = 4
[2026-06-29 17:28:01.701] [info] Controller idle = 8
[2026-06-29 17:28:01.701] [info] Controller idle = 3
[2026-06-29 17:28:01.701] [info] Controller idle = 4
[2026-06-29 17:28:01.701] [info] Controller idle = 9
[2026-06-29 17:28:01.701] [info] Controller idle = 8
[2026-06-29 17:28:01.701] [info] Controller idle = 3
[2026-06-29 17:28:01.701] [info] Controller idle = 1
[2026-06-29 17:28:01.701] [info] Controller idle = 5
[2026-06-29 17:28:01.701] [info] Controller idle = 2
[2026-06-29 17:28:01.701] [info] Controller idle = 2
[2026-06-29 17:28:01.701] [info] Controller idle = 4
[2026-06-29 17:28:01.701] [info] Controller idle = 1
[2026-06-29 17:28:01.701] [info] Controller idle = 6
[2026-06-29 17:28:01.701] [info] Controller idle = 1
[2026-06-29 17:28:01.701] [info] Controller idle = 1
[2026-06-29 17:28:01.701] [info] Controller idle = 2
[2026-06-29 17:28:01.701] [info] Controller idle = 5397
[2026-06-29 17:28:01.701] [info] Controller idle = 8
[2026-06-29 17:28:01.701] [info] Controller idle = 5
[2026-06-29 17:28:01.701] [info] Controller idle = 2
[2026-06-29 17:28:01.701] [info] Controller idle = 2
[2026-06-29 17:28:01.701] [info] Controller idle = 4871
[2026-06-29 17:28:01.701] [info] Controller idle = 80
[2026-06-29 17:28:01.701] [info] Controller idle = 90
[2026-06-29 17:28:01.701] [info] Controller idle = 1
[2026-06-29 17:28:01.701] [info] Controller idle = 5136
[2026-06-29 17:28:01.701] [info] Controller idle = 2
[2026-06-29 17:28:01.701] [info] Controller idle = 3
[2026-06-29 17:28:01.701] [info] Controller idle = 125
[2026-06-29 17:28:01.701] [info] Controller idle = 10
[2026-06-29 17:28:01.701] [info] Controller idle = 1
[2026-06-29 17:28:01.701] [info] Controller idle = 1
[2026-06-29 17:28:01.701] [info] Controller idle = 3
[2026-06-29 17:28:01.701] [info] Controller idle = 3
[2026-06-29 17:28:01.701] [info] Controller idle = 6
[2026-06-29 17:28:01.701] [info] Controller idle = 2
[2026-06-29 17:28:01.701] [info] Controller idle = 4
[2026-06-29 17:28:01.701] [info] Controller idle = 2
[2026-06-29 17:28:01.701] [info] Controller idle = 1
[2026-06-29 17:28:01.701] [info] Controller idle = 125
[2026-06-29 17:28:01.701] [info] Controller idle = 4
[2026-06-29 17:28:01.701] [info] Controller idle = 9
[2026-06-29 17:28:01.701] [info] Controller idle = 1
[2026-06-29 17:28:01.701] [info] Controller idle = 3
[2026-06-29 17:28:01.701] [info] Controller idle = 6
[2026-06-29 17:28:01.701] [info] Controller idle = 4
[2026-06-29 17:28:01.701] [info] Controller idle = 1
[2026-06-29 17:28:01.701] [info] Controller idle = 5146
[2026-06-29 17:28:01.701] [info] Controller idle = 6
[2026-06-29 17:28:01.701] [info] Controller idle = 1
[2026-06-29 17:28:01.701] [info] Controller idle = 3
[2026-06-29 17:28:01.701] [info] Controller idle = 2
[2026-06-29 17:28:01.701] [info] Controller idle = 1
[2026-06-29 17:28:01.701] [info] Controller idle = 119
[2026-06-29 17:28:01.701] [info] Controller idle = 16
[2026-06-29 17:28:01.701] [info] Controller idle = 9
[2026-06-29 17:28:01.701] [info] Controller idle = 1
[2026-06-29 17:28:01.701] [info] Controller idle = 2
[2026-06-29 17:28:01.701] [info] Controller idle = 15
[2026-06-29 17:28:01.701] [info] Controller idle = 119
[2026-06-29 17:28:01.701] [info] Controller idle = 1
[2026-06-29 17:28:01.701] [info] Controller idle = 1
[2026-06-29 17:28:01.701] [info] Controller idle = 3
[2026-06-29 17:28:01.701] [info] Controller idle = 1
[2026-06-29 17:28:01.701] [info] Controller idle = 4
[2026-06-29 17:28:01.701] [info] Controller idle = 1
[2026-06-29 17:28:01.701] [info] Controller idle = 5154
[2026-06-29 17:28:01.701] [info] Controller idle = 3
[2026-06-29 17:28:01.701] [info] Controller idle = 6
[2026-06-29 17:28:01.701] [info] Controller idle = 1
[2026-06-29 17:28:01.701] [info] Controller idle = 21
[2026-06-29 17:28:01.701] [info] Controller idle = 89
[2026-06-29 17:28:01.701] [info] Controller idle = 6
[2026-06-29 17:28:01.701] [info] Controller idle = 5
[2026-06-29 17:28:01.701] [info] Controller idle = 2
[2026-06-29 17:28:01.701] [info] Controller idle = 1
[2026-06-29 17:28:01.701] [info] Controller idle = 1
[2026-06-29 17:28:01.701] [info] Controller idle = 1
[2026-06-29 17:28:01.701] [info] Controller idle = 15
[2026-06-29 17:28:01.701] [info] Controller idle = 1
[2026-06-29 17:28:01.701] [info] Controller idle = 5
[2026-06-29 17:28:01.701] [info] Controller idle = 6
[2026-06-29 17:28:01.701] [info] Controller idle = 2
[2026-06-29 17:28:01.701] [info] Controller idle = 5
[2026-06-29 17:28:01.701] [info] Controller idle = 116
[2026-06-29 17:28:01.701] [info] Controller idle = 2
[2026-06-29 17:28:01.701] [info] Controller idle = 1
[2026-06-29 17:28:01.701] [info] Controller idle = 3
[2026-06-29 17:28:01.701] [info] Controller idle = 3
[2026-06-29 17:28:01.701] [info] Controller idle = 2
[2026-06-29 17:28:01.701] [info] Controller idle = 1
[2026-06-29 17:28:01.701] [info] Controller idle = 1
[2026-06-29 17:28:01.701] [info] Controller idle = 1
[2026-06-29 17:28:01.701] [info] Controller idle = 5149
[2026-06-29 17:28:01.701] [info] Controller idle = 80
[2026-06-29 17:28:01.701] [info] Controller idle = 99
[2026-06-29 17:28:01.701] [info] Controller idle = 5128
[2026-06-29 17:28:01.701] [info] Controller idle = 1
[2026-06-29 17:28:01.701] [info] Controller idle = 1
[2026-06-29 17:28:01.701] [info] Controller idle = 4
[2026-06-29 17:28:01.701] [info] Controller idle = 6
[2026-06-29 17:28:01.701] [info] Controller idle = 112
[2026-06-29 17:28:01.701] [info] Controller idle = 14
[2026-06-29 17:28:01.701] [info] Controller idle = 1
[2026-06-29 17:28:01.701] [info] Controller idle = 1
[2026-06-29 17:28:01.701] [info] Controller idle = 2
[2026-06-29 17:28:01.701] [info] Controller idle = 7
[2026-06-29 17:28:01.701] [info] Controller idle = 3
[2026-06-29 17:28:01.701] [info] Controller idle = 6
[2026-06-29 17:28:01.701] [info] Controller idle = 2
[2026-06-29 17:28:01.701] [info] Controller idle = 126
[2026-06-29 17:28:01.701] [info] Controller idle = 1
[2026-06-29 17:28:01.701] [info] Controller idle = 10
[2026-06-29 17:28:01.701] [info] Controller idle = 5
[2026-06-29 17:28:01.701] [info] Controller idle = 1
[2026-06-29 17:28:01.701] [info] Controller idle = 2
[2026-06-29 17:28:01.701] [info] Controller idle = 5153
[2026-06-29 17:28:01.701] [info] Controller idle = 1
[2026-06-29 17:28:01.701] [info] Controller idle = 4
[2026-06-29 17:28:01.701] [info] Controller idle = 1
[2026-06-29 17:28:01.701] [info] Controller idle = 1
[2026-06-29 17:28:01.701] [info] Controller idle = 3
[2026-06-29 17:28:01.701] [info] Controller idle = 2
[2026-06-29 17:28:01.701] [info] Controller idle = 113
[2026-06-29 17:28:01.701] [info] Controller idle = 4
[2026-06-29 17:28:01.701] [info] Controller idle = 5
[2026-06-29 17:28:01.701] [info] Controller idle = 11
[2026-06-29 17:28:01.701] [info] Controller idle = 1
[2026-06-29 17:28:01.701] [info] Controller idle = 15
[2026-06-29 17:28:01.701] [info] Controller idle = 1
[2026-06-29 17:28:01.701] [info] Controller idle = 10
[2026-06-29 17:28:01.701] [info] Controller idle = 2
[2026-06-29 17:28:01.701] [info] Controller idle = 1
[2026-06-29 17:28:01.701] [info] Controller idle = 117
[2026-06-29 17:28:01.701] [info] Controller idle = 3
[2026-06-29 17:28:01.701] [info] Controller idle = 3
[2026-06-29 17:28:01.701] [info] Controller idle = 6
[2026-06-29 17:28:01.701] [info] Controller idle = 1
[2026-06-29 17:28:01.701] [info] Controller idle = 6
[2026-06-29 17:28:01.701] [info] Controller idle = 5156
[2026-06-29 17:28:01.701] [info] Controller idle = 1
[2026-06-29 17:28:01.701] [info] Controller idle = 1
[2026-06-29 17:28:01.701] [info] Controller idle = 1
[2026-06-29 17:28:01.701] [info] Controller idle = 3
[2026-06-29 17:28:01.701] [info] Controller idle = 117
[2026-06-29 17:28:01.701] [info] Controller idle = 11
[2026-06-29 17:28:01.701] [info] Controller idle = 2
[2026-06-29 17:28:01.701] [info] Controller idle = 2
[2026-06-29 17:28:01.701] [info] Controller idle = 11
[2026-06-29 17:28:01.701] [info] Controller idle = 131
[2026-06-29 17:28:01.701] [info] Controller idle = 34
[2026-06-29 17:28:01.701] [info] Controller idle = 1045
[2026-06-29 17:28:01.701] [info] Controller idle = 38
MemorySystem:
  impl: GenericDRAM
  total_num_other_requests: 0
  total_num_write_requests: 77646
  total_num_read_requests: 55437
  memory_system_cycles: 2594267

  DRAM:
    impl: HBM2
    dram_commands: 207564
  AddrMapper:
    impl: RoBaRaCoCh
  Controller:
    impl: Generic
    id: Channel 0
    Scheduler:
      impl: FRFCFS
    RefreshManager:
      impl: AllBank



Frontend:
  impl: GEM5

[2026-06-29 17:28:01.701] [info] Row hits: 95638, Row misses: 943, Row conflicts: 36119
[2026-06-29 17:28:01.701] [info] Controller idle = 11
[2026-06-29 17:28:01.701] [info] Controller idle = 26677
[2026-06-29 17:28:01.701] [info] Controller idle = 25734
[2026-06-29 17:28:01.701] [info] Controller idle = 25746
[2026-06-29 17:28:01.701] [info] Controller idle = 25736
[2026-06-29 17:28:01.701] [info] Controller idle = 25700
[2026-06-29 17:28:01.701] [info] Controller idle = 25729
[2026-06-29 17:28:01.701] [info] Controller idle = 25732
[2026-06-29 17:28:01.701] [info] Controller idle = 25937
[2026-06-29 17:28:01.701] [info] Controller idle = 25772
[2026-06-29 17:28:01.701] [info] Controller idle = 231790
[2026-06-29 17:28:01.701] [info] Controller idle = 231791
[2026-06-29 17:28:01.701] [info] Controller idle = 1
[2026-06-29 17:28:01.701] [info] Controller idle = 231770
[2026-06-29 17:28:01.701] [info] Controller idle = 1
[2026-06-29 17:28:01.701] [info] Controller idle = 231623
[2026-06-29 17:28:01.701] [info] Controller idle = 231590
[2026-06-29 17:28:01.701] [info] Controller idle = 2
[2026-06-29 17:28:01.701] [info] Controller idle = 1
[2026-06-29 17:28:01.701] [info] Controller idle = 231820
[2026-06-29 17:28:01.701] [info] Controller idle = 232690
[2026-06-29 17:28:01.701] [info] Controller idle = 23013
[2026-06-29 17:28:01.701] [info] Controller idle = 8003
[2026-06-29 17:28:01.701] [info] Controller idle = 7
[2026-06-29 17:28:01.701] [info] Controller idle = 3
[2026-06-29 17:28:01.701] [info] Controller idle = 1
[2026-06-29 17:28:01.701] [info] Controller idle = 2
[2026-06-29 17:28:01.701] [info] Controller idle = 7
[2026-06-29 17:28:01.701] [info] Controller idle = 1
[2026-06-29 17:28:01.701] [info] Controller idle = 1
[2026-06-29 17:28:01.701] [info] Controller idle = 1
[2026-06-29 17:28:01.701] [info] Controller idle = 1
[2026-06-29 17:28:01.701] [info] Controller idle = 2
[2026-06-29 17:28:01.701] [info] Controller idle = 1
[2026-06-29 17:28:01.701] [info] Controller idle = 1
[2026-06-29 17:28:01.701] [info] Controller idle = 1
[2026-06-29 17:28:01.701] [info] Controller idle = 1
[2026-06-29 17:28:01.701] [info] Controller idle = 11
[2026-06-29 17:28:01.701] [info] Controller idle = 4
[2026-06-29 17:28:01.701] [info] Controller idle = 2
[2026-06-29 17:28:01.701] [info] Controller idle = 11
[2026-06-29 17:28:01.701] [info] Controller idle = 1
[2026-06-29 17:28:01.701] [info] Controller idle = 3
[2026-06-29 17:28:01.701] [info] Controller idle = 3
[2026-06-29 17:28:01.701] [info] Controller idle = 1
[2026-06-29 17:28:01.701] [info] Controller idle = 2
[2026-06-29 17:28:01.701] [info] Controller idle = 1
[2026-06-29 17:28:01.701] [info] Controller idle = 1
[2026-06-29 17:28:01.701] [info] Controller idle = 5
[2026-06-29 17:28:01.701] [info] Controller idle = 4
[2026-06-29 17:28:01.701] [info] Controller idle = 2
[2026-06-29 17:28:01.701] [info] Controller idle = 2
[2026-06-29 17:28:01.701] [info] Controller idle = 1
[2026-06-29 17:28:01.702] [info] Controller idle = 1
[2026-06-29 17:28:01.702] [info] Controller idle = 1
[2026-06-29 17:28:01.702] [info] Controller idle = 13
[2026-06-29 17:28:01.702] [info] Controller idle = 2
[2026-06-29 17:28:01.702] [info] Controller idle = 8
[2026-06-29 17:28:01.702] [info] Controller idle = 3
[2026-06-29 17:28:01.702] [info] Controller idle = 4
[2026-06-29 17:28:01.702] [info] Controller idle = 9
[2026-06-29 17:28:01.702] [info] Controller idle = 8
[2026-06-29 17:28:01.702] [info] Controller idle = 1
[2026-06-29 17:28:01.702] [info] Controller idle = 1
[2026-06-29 17:28:01.702] [info] Controller idle = 1
[2026-06-29 17:28:01.702] [info] Controller idle = 8
[2026-06-29 17:28:01.702] [info] Controller idle = 1
[2026-06-29 17:28:01.702] [info] Controller idle = 2
[2026-06-29 17:28:01.702] [info] Controller idle = 12
[2026-06-29 17:28:01.702] [info] Controller idle = 1
[2026-06-29 17:28:01.702] [info] Controller idle = 6
[2026-06-29 17:28:01.702] [info] Controller idle = 1
[2026-06-29 17:28:01.702] [info] Controller idle = 11
[2026-06-29 17:28:01.702] [info] Controller idle = 11
[2026-06-29 17:28:01.702] [info] Controller idle = 22
[2026-06-29 17:28:01.702] [info] Controller idle = 2
[2026-06-29 17:28:01.702] [info] Controller idle = 2
[2026-06-29 17:28:01.702] [info] Controller idle = 4
[2026-06-29 17:28:01.702] [info] Controller idle = 2
[2026-06-29 17:28:01.702] [info] Controller idle = 5
[2026-06-29 17:28:01.702] [info] Controller idle = 9
[2026-06-29 17:28:01.702] [info] Controller idle = 9
[2026-06-29 17:28:01.702] [info] Controller idle = 18
[2026-06-29 17:28:01.702] [info] Controller idle = 26
[2026-06-29 17:28:01.702] [info] Controller idle = 21504
[2026-06-29 17:28:01.702] [info] Controller idle = 8013
[2026-06-29 17:28:01.702] [info] Controller idle = 3
[2026-06-29 17:28:01.702] [info] Controller idle = 9
[2026-06-29 17:28:01.702] [info] Controller idle = 1
[2026-06-29 17:28:01.702] [info] Controller idle = 2
[2026-06-29 17:28:01.702] [info] Controller idle = 9
[2026-06-29 17:28:01.702] [info] Controller idle = 4
[2026-06-29 17:28:01.702] [info] Controller idle = 34771
[2026-06-29 17:28:01.702] [info] Controller idle = 29320
[2026-06-29 17:28:01.702] [info] Controller idle = 1
[2026-06-29 17:28:01.702] [info] Controller idle = 3
[2026-06-29 17:28:01.702] [info] Controller idle = 33559
[2026-06-29 17:28:01.702] [info] Controller idle = 1
[2026-06-29 17:28:01.702] [info] Controller idle = 8
[2026-06-29 17:28:01.702] [info] Controller idle = 5
[2026-06-29 17:28:01.702] [info] Controller idle = 1
[2026-06-29 17:28:01.702] [info] Controller idle = 8
[2026-06-29 17:28:01.702] [info] Controller idle = 3
[2026-06-29 17:28:01.702] [info] Controller idle = 10
[2026-06-29 17:28:01.702] [info] Controller idle = 1
[2026-06-29 17:28:01.702] [info] Controller idle = 1
[2026-06-29 17:28:01.702] [info] Controller idle = 1
[2026-06-29 17:28:01.702] [info] Controller idle = 4
[2026-06-29 17:28:01.702] [info] Controller idle = 4
[2026-06-29 17:28:01.702] [info] Controller idle = 6
[2026-06-29 17:28:01.702] [info] Controller idle = 1
[2026-06-29 17:28:01.702] [info] Controller idle = 2
[2026-06-29 17:28:01.702] [info] Controller idle = 1
[2026-06-29 17:28:01.702] [info] Controller idle = 1
[2026-06-29 17:28:01.702] [info] Controller idle = 10
[2026-06-29 17:28:01.702] [info] Controller idle = 1
[2026-06-29 17:28:01.702] [info] Controller idle = 1
[2026-06-29 17:28:01.702] [info] Controller idle = 7
[2026-06-29 17:28:01.702] [info] Controller idle = 14
[2026-06-29 17:28:01.702] [info] Controller idle = 6
[2026-06-29 17:28:01.702] [info] Controller idle = 3
[2026-06-29 17:28:01.702] [info] Controller idle = 4
[2026-06-29 17:28:01.702] [info] Controller idle = 2
[2026-06-29 17:28:01.702] [info] Controller idle = 5
[2026-06-29 17:28:01.702] [info] Controller idle = 8
[2026-06-29 17:28:01.702] [info] Controller idle = 6
[2026-06-29 17:28:01.702] [info] Controller idle = 2
[2026-06-29 17:28:01.702] [info] Controller idle = 12
[2026-06-29 17:28:01.702] [info] Controller idle = 2
[2026-06-29 17:28:01.702] [info] Controller idle = 1
[2026-06-29 17:28:01.702] [info] Controller idle = 1
[2026-06-29 17:28:01.702] [info] Controller idle = 4
[2026-06-29 17:28:01.702] [info] Controller idle = 1
[2026-06-29 17:28:01.702] [info] Controller idle = 9
[2026-06-29 17:28:01.702] [info] Controller idle = 1
[2026-06-29 17:28:01.702] [info] Controller idle = 3
[2026-06-29 17:28:01.702] [info] Controller idle = 14
[2026-06-29 17:28:01.702] [info] Controller idle = 1
[2026-06-29 17:28:01.702] [info] Controller idle = 3
[2026-06-29 17:28:01.702] [info] Controller idle = 2
[2026-06-29 17:28:01.702] [info] Controller idle = 29639
[2026-06-29 17:28:01.702] [info] Controller idle = 15
[2026-06-29 17:28:01.702] [info] Controller idle = 2
[2026-06-29 17:28:01.702] [info] Controller idle = 5
[2026-06-29 17:28:01.702] [info] Controller idle = 2
[2026-06-29 17:28:01.702] [info] Controller idle = 4
[2026-06-29 17:28:01.702] [info] Controller idle = 32680
[2026-06-29 17:28:01.702] [info] Controller idle = 1
[2026-06-29 17:28:01.702] [info] Controller idle = 5
[2026-06-29 17:28:01.702] [info] Controller idle = 8
[2026-06-29 17:28:01.702] [info] Controller idle = 2
[2026-06-29 17:28:01.702] [info] Controller idle = 17
[2026-06-29 17:28:01.702] [info] Controller idle = 2
[2026-06-29 17:28:01.702] [info] Controller idle = 5
[2026-06-29 17:28:01.702] [info] Controller idle = 29179
[2026-06-29 17:28:01.702] [info] Controller idle = 1
[2026-06-29 17:28:01.702] [info] Controller idle = 4
[2026-06-29 17:28:01.702] [info] Controller idle = 4
[2026-06-29 17:28:01.702] [info] Controller idle = 1
[2026-06-29 17:28:01.702] [info] Controller idle = 3
[2026-06-29 17:28:01.702] [info] Controller idle = 8
[2026-06-29 17:28:01.702] [info] Controller idle = 8978
[2026-06-29 17:28:01.702] [info] Controller idle = 8
[2026-06-29 17:28:01.702] [info] Controller idle = 2
[2026-06-29 17:28:01.702] [info] Controller idle = 1
[2026-06-29 17:28:01.702] [info] Controller idle = 1
[2026-06-29 17:28:01.702] [info] Controller idle = 1
[2026-06-29 17:28:01.702] [info] Controller idle = 1
[2026-06-29 17:28:01.702] [info] Controller idle = 10
[2026-06-29 17:28:01.702] [info] Controller idle = 1
[2026-06-29 17:28:01.702] [info] Controller idle = 1
[2026-06-29 17:28:01.702] [info] Controller idle = 1
[2026-06-29 17:28:01.702] [info] Controller idle = 1
[2026-06-29 17:28:01.702] [info] Controller idle = 2
[2026-06-29 17:28:01.702] [info] Controller idle = 1
[2026-06-29 17:28:01.702] [info] Controller idle = 1
[2026-06-29 17:28:01.702] [info] Controller idle = 2
[2026-06-29 17:28:01.702] [info] Controller idle = 3
[2026-06-29 17:28:01.702] [info] Controller idle = 1
[2026-06-29 17:28:01.702] [info] Controller idle = 6
[2026-06-29 17:28:01.702] [info] Controller idle = 6380
[2026-06-29 17:28:01.702] [info] Controller idle = 1577
[2026-06-29 17:28:01.702] [info] Controller idle = 2
[2026-06-29 17:28:01.702] [info] Controller idle = 4
[2026-06-29 17:28:01.702] [info] Controller idle = 9162
[2026-06-29 17:28:01.702] [info] Controller idle = 1
[2026-06-29 17:28:01.702] [info] Controller idle = 9
[2026-06-29 17:28:01.702] [info] Controller idle = 1
[2026-06-29 17:28:01.702] [info] Controller idle = 3
[2026-06-29 17:28:01.702] [info] Controller idle = 3
[2026-06-29 17:28:01.702] [info] Controller idle = 4
[2026-06-29 17:28:01.702] [info] Controller idle = 5
[2026-06-29 17:28:01.702] [info] Controller idle = 1
[2026-06-29 17:28:01.702] [info] Controller idle = 9
[2026-06-29 17:28:01.702] [info] Controller idle = 6429
[2026-06-29 17:28:01.702] [info] Controller idle = 8992
[2026-06-29 17:28:01.702] [info] Controller idle = 5
[2026-06-29 17:28:01.702] [info] Controller idle = 9
[2026-06-29 17:28:01.702] [info] Controller idle = 3
[2026-06-29 17:28:01.702] [info] Controller idle = 1
[2026-06-29 17:28:01.702] [info] Controller idle = 1
[2026-06-29 17:28:01.702] [info] Controller idle = 3
[2026-06-29 17:28:01.702] [info] Controller idle = 1
[2026-06-29 17:28:01.702] [info] Controller idle = 1
[2026-06-29 17:28:01.702] [info] Controller idle = 4
[2026-06-29 17:28:01.702] [info] Controller idle = 2
[2026-06-29 17:28:01.702] [info] Controller idle = 1
[2026-06-29 17:28:01.702] [info] Controller idle = 1
[2026-06-29 17:28:01.702] [info] Controller idle = 7
[2026-06-29 17:28:01.702] [info] Controller idle = 6413
[2026-06-29 17:28:01.702] [info] Controller idle = 1
[2026-06-29 17:28:01.702] [info] Controller idle = 9101
[2026-06-29 17:28:01.702] [info] Controller idle = 2
[2026-06-29 17:28:01.702] [info] Controller idle = 3
[2026-06-29 17:28:01.702] [info] Controller idle = 2
[2026-06-29 17:28:01.702] [info] Controller idle = 1
[2026-06-29 17:28:01.702] [info] Controller idle = 2
[2026-06-29 17:28:01.702] [info] Controller idle = 2
[2026-06-29 17:28:01.702] [info] Controller idle = 1
[2026-06-29 17:28:01.702] [info] Controller idle = 1
[2026-06-29 17:28:01.702] [info] Controller idle = 14
[2026-06-29 17:28:01.702] [info] Controller idle = 3
[2026-06-29 17:28:01.702] [info] Controller idle = 1
[2026-06-29 17:28:01.702] [info] Controller idle = 6427
[2026-06-29 17:28:01.702] [info] Controller idle = 2789
[2026-06-29 17:28:01.702] [info] Controller idle = 1526
[2026-06-29 17:28:01.702] [info] Controller idle = 4
[2026-06-29 17:28:01.702] [info] Controller idle = 1
[2026-06-29 17:28:01.702] [info] Controller idle = 5
[2026-06-29 17:28:01.702] [info] Controller idle = 1582
[2026-06-29 17:28:01.702] [info] Controller idle = 1502
[2026-06-29 17:28:01.702] [info] Controller idle = 2
[2026-06-29 17:28:01.702] [info] Controller idle = 678
[2026-06-29 17:28:01.702] [info] Controller idle = 4780
[2026-06-29 17:28:01.702] [info] Controller idle = 3676
[2026-06-29 17:28:01.702] [info] Controller idle = 3701
[2026-06-29 17:28:01.702] [info] Controller idle = 3669
[2026-06-29 17:28:01.702] [info] Controller idle = 4034
[2026-06-29 17:28:01.702] [info] Controller idle = 3658
[2026-06-29 17:28:01.702] [info] Controller idle = 3693
[2026-06-29 17:28:01.702] [info] Controller idle = 3702
[2026-06-29 17:28:01.702] [info] Controller idle = 4093
[2026-06-29 17:28:01.702] [info] Controller idle = 3681
[2026-06-29 17:28:01.702] [info] Controller idle = 2
[2026-06-29 17:28:01.702] [info] Controller idle = 3722
[2026-06-29 17:28:01.702] [info] Controller idle = 1
[2026-06-29 17:28:01.702] [info] Controller idle = 3656
[2026-06-29 17:28:01.702] [info] Controller idle = 2848
[2026-06-29 17:28:01.702] [info] Controller idle = 65
[2026-06-29 17:28:01.702] [info] Controller idle = 71
[2026-06-29 17:28:01.702] [info] Controller idle = 2420
[2026-06-29 17:28:01.702] [info] Controller idle = 1
[2026-06-29 17:28:01.702] [info] Controller idle = 8
[2026-06-29 17:28:01.702] [info] Controller idle = 5
[2026-06-29 17:28:01.702] [info] Controller idle = 1
[2026-06-29 17:28:01.702] [info] Controller idle = 1
[2026-06-29 17:28:01.702] [info] Controller idle = 83
[2026-06-29 17:28:01.702] [info] Controller idle = 3
[2026-06-29 17:28:01.702] [info] Controller idle = 13
[2026-06-29 17:28:01.702] [info] Controller idle = 1
[2026-06-29 17:28:01.702] [info] Controller idle = 94
[2026-06-29 17:28:01.702] [info] Controller idle = 1
[2026-06-29 17:28:01.702] [info] Controller idle = 3
[2026-06-29 17:28:01.702] [info] Controller idle = 10
[2026-06-29 17:28:01.702] [info] Controller idle = 1
[2026-06-29 17:28:01.702] [info] Controller idle = 1
[2026-06-29 17:28:01.702] [info] Controller idle = 9
[2026-06-29 17:28:01.702] [info] Controller idle = 1
[2026-06-29 17:28:01.702] [info] Controller idle = 1
[2026-06-29 17:28:01.702] [info] Controller idle = 2
[2026-06-29 17:28:01.702] [info] Controller idle = 2
[2026-06-29 17:28:01.702] [info] Controller idle = 3
[2026-06-29 17:28:01.702] [info] Controller idle = 2438
[2026-06-29 17:28:01.702] [info] Controller idle = 1
[2026-06-29 17:28:01.702] [info] Controller idle = 2
[2026-06-29 17:28:01.702] [info] Controller idle = 4
[2026-06-29 17:28:01.702] [info] Controller idle = 10
[2026-06-29 17:28:01.702] [info] Controller idle = 91
[2026-06-29 17:28:01.702] [info] Controller idle = 3
[2026-06-29 17:28:01.702] [info] Controller idle = 3
[2026-06-29 17:28:01.702] [info] Controller idle = 7
[2026-06-29 17:28:01.702] [info] Controller idle = 1
[2026-06-29 17:28:01.702] [info] Controller idle = 4
[2026-06-29 17:28:01.702] [info] Controller idle = 93
[2026-06-29 17:28:01.702] [info] Controller idle = 6
[2026-06-29 17:28:01.702] [info] Controller idle = 2
[2026-06-29 17:28:01.702] [info] Controller idle = 7
[2026-06-29 17:28:01.702] [info] Controller idle = 3
[2026-06-29 17:28:01.702] [info] Controller idle = 10
[2026-06-29 17:28:01.702] [info] Controller idle = 2
[2026-06-29 17:28:01.702] [info] Controller idle = 6
[2026-06-29 17:28:01.702] [info] Controller idle = 2
[2026-06-29 17:28:01.702] [info] Controller idle = 12
[2026-06-29 17:28:01.702] [info] Controller idle = 2431
[2026-06-29 17:28:01.702] [info] Controller idle = 5
[2026-06-29 17:28:01.702] [info] Controller idle = 11
[2026-06-29 17:28:01.702] [info] Controller idle = 3
[2026-06-29 17:28:01.702] [info] Controller idle = 4
[2026-06-29 17:28:01.702] [info] Controller idle = 1
[2026-06-29 17:28:01.702] [info] Controller idle = 83
[2026-06-29 17:28:01.702] [info] Controller idle = 7
[2026-06-29 17:28:01.702] [info] Controller idle = 3
[2026-06-29 17:28:01.702] [info] Controller idle = 1
[2026-06-29 17:28:01.702] [info] Controller idle = 2
[2026-06-29 17:28:01.702] [info] Controller idle = 1
[2026-06-29 17:28:01.702] [info] Controller idle = 6
[2026-06-29 17:28:01.702] [info] Controller idle = 90
[2026-06-29 17:28:01.702] [info] Controller idle = 7
[2026-06-29 17:28:01.702] [info] Controller idle = 2
[2026-06-29 17:28:01.702] [info] Controller idle = 3
[2026-06-29 17:28:01.702] [info] Controller idle = 33
[2026-06-29 17:28:01.702] [info] Controller idle = 1
[2026-06-29 17:28:01.702] [info] Controller idle = 6
[2026-06-29 17:28:01.702] [info] Controller idle = 1
[2026-06-29 17:28:01.702] [info] Controller idle = 2435
[2026-06-29 17:28:01.702] [info] Controller idle = 65
[2026-06-29 17:28:01.702] [info] Controller idle = 69
[2026-06-29 17:28:01.702] [info] Controller idle = 2403
[2026-06-29 17:28:01.702] [info] Controller idle = 1
[2026-06-29 17:28:01.702] [info] Controller idle = 15
[2026-06-29 17:28:01.702] [info] Controller idle = 1
[2026-06-29 17:28:01.702] [info] Controller idle = 8
[2026-06-29 17:28:01.702] [info] Controller idle = 78
[2026-06-29 17:28:01.702] [info] Controller idle = 1
[2026-06-29 17:28:01.702] [info] Controller idle = 9
[2026-06-29 17:28:01.702] [info] Controller idle = 2
[2026-06-29 17:28:01.702] [info] Controller idle = 1
[2026-06-29 17:28:01.702] [info] Controller idle = 5
[2026-06-29 17:28:01.702] [info] Controller idle = 1
[2026-06-29 17:28:01.702] [info] Controller idle = 2
[2026-06-29 17:28:01.702] [info] Controller idle = 91
[2026-06-29 17:28:01.702] [info] Controller idle = 1
[2026-06-29 17:28:01.702] [info] Controller idle = 10
[2026-06-29 17:28:01.702] [info] Controller idle = 8
[2026-06-29 17:28:01.702] [info] Controller idle = 15
[2026-06-29 17:28:01.702] [info] Controller idle = 1
[2026-06-29 17:28:01.702] [info] Controller idle = 10
[2026-06-29 17:28:01.702] [info] Controller idle = 4
[2026-06-29 17:28:01.702] [info] Controller idle = 2
[2026-06-29 17:28:01.702] [info] Controller idle = 1
[2026-06-29 17:28:01.702] [info] Controller idle = 2432
[2026-06-29 17:28:01.702] [info] Controller idle = 3
[2026-06-29 17:28:01.702] [info] Controller idle = 6
[2026-06-29 17:28:01.702] [info] Controller idle = 4
[2026-06-29 17:28:01.702] [info] Controller idle = 4
[2026-06-29 17:28:01.702] [info] Controller idle = 1
[2026-06-29 17:28:01.702] [info] Controller idle = 1
[2026-06-29 17:28:01.702] [info] Controller idle = 87
[2026-06-29 17:28:01.702] [info] Controller idle = 2
[2026-06-29 17:28:01.702] [info] Controller idle = 5
[2026-06-29 17:28:01.702] [info] Controller idle = 6
[2026-06-29 17:28:01.702] [info] Controller idle = 2
[2026-06-29 17:28:01.702] [info] Controller idle = 2
[2026-06-29 17:28:01.702] [info] Controller idle = 92
[2026-06-29 17:28:01.702] [info] Controller idle = 3
[2026-06-29 17:28:01.702] [info] Controller idle = 2
[2026-06-29 17:28:01.702] [info] Controller idle = 4
[2026-06-29 17:28:01.702] [info] Controller idle = 1
[2026-06-29 17:28:01.702] [info] Controller idle = 3
[2026-06-29 17:28:01.702] [info] Controller idle = 2
[2026-06-29 17:28:01.702] [info] Controller idle = 16
[2026-06-29 17:28:01.702] [info] Controller idle = 3
[2026-06-29 17:28:01.702] [info] Controller idle = 17
[2026-06-29 17:28:01.702] [info] Controller idle = 9
[2026-06-29 17:28:01.702] [info] Controller idle = 2426
[2026-06-29 17:28:01.702] [info] Controller idle = 1
[2026-06-29 17:28:01.702] [info] Controller idle = 1
[2026-06-29 17:28:01.702] [info] Controller idle = 16
[2026-06-29 17:28:01.702] [info] Controller idle = 86
[2026-06-29 17:28:01.702] [info] Controller idle = 5
[2026-06-29 17:28:01.702] [info] Controller idle = 3
[2026-06-29 17:28:01.702] [info] Controller idle = 1
[2026-06-29 17:28:01.702] [info] Controller idle = 3
[2026-06-29 17:28:01.702] [info] Controller idle = 4
[2026-06-29 17:28:01.702] [info] Controller idle = 6
[2026-06-29 17:28:01.702] [info] Controller idle = 98
[2026-06-29 17:28:01.702] [info] Controller idle = 8
[2026-06-29 17:28:01.702] [info] Controller idle = 3
[2026-06-29 17:28:01.702] [info] Controller idle = 4
[2026-06-29 17:28:01.702] [info] Controller idle = 14
[2026-06-29 17:28:01.702] [info] Controller idle = 1
[2026-06-29 17:28:01.702] [info] Controller idle = 532
[2026-06-29 17:28:01.702] [info] Controller idle = 113
[2026-06-29 17:28:01.702] [info] Controller idle = 1
[2026-06-29 17:28:01.702] [info] Controller idle = 1
[2026-06-29 17:28:01.702] [info] Controller idle = 2
[2026-06-29 17:28:01.702] [info] Controller idle = 8
[2026-06-29 17:28:01.702] [info] Controller idle = 1
[2026-06-29 17:28:01.702] [info] Controller idle = 2
[2026-06-29 17:28:01.702] [info] Controller idle = 1
[2026-06-29 17:28:01.702] [info] Controller idle = 14
[2026-06-29 17:28:01.702] [info] Controller idle = 4
[2026-06-29 17:28:01.702] [info] Controller idle = 25
[2026-06-29 17:28:01.702] [info] Controller idle = 4
[2026-06-29 17:28:01.702] [info] Controller idle = 1
[2026-06-29 17:28:01.702] [info] Controller idle = 1
[2026-06-29 17:28:01.702] [info] Controller idle = 1
[2026-06-29 17:28:01.702] [info] Controller idle = 1
[2026-06-29 17:28:01.702] [info] Controller idle = 22
[2026-06-29 17:28:01.702] [info] Controller idle = 1
[2026-06-29 17:28:01.702] [info] Controller idle = 12
[2026-06-29 17:28:01.702] [info] Controller idle = 3
[2026-06-29 17:28:01.702] [info] Controller idle = 2
[2026-06-29 17:28:01.702] [info] Controller idle = 117
[2026-06-29 17:28:01.702] [info] Controller idle = 4
[2026-06-29 17:28:01.702] [info] Controller idle = 2
[2026-06-29 17:28:01.702] [info] Controller idle = 8
[2026-06-29 17:28:01.702] [info] Controller idle = 7
[2026-06-29 17:28:01.702] [info] Controller idle = 4
[2026-06-29 17:28:01.702] [info] Controller idle = 1
[2026-06-29 17:28:01.702] [info] Controller idle = 2
[2026-06-29 17:28:01.702] [info] Controller idle = 1
[2026-06-29 17:28:01.702] [info] Controller idle = 4
[2026-06-29 17:28:01.702] [info] Controller idle = 27
[2026-06-29 17:28:01.702] [info] Controller idle = 1
[2026-06-29 17:28:01.702] [info] Controller idle = 1
[2026-06-29 17:28:01.702] [info] Controller idle = 7
[2026-06-29 17:28:01.702] [info] Controller idle = 18
[2026-06-29 17:28:01.702] [info] Controller idle = 3
[2026-06-29 17:28:01.703] [info] Controller idle = 1
[2026-06-29 17:28:01.703] [info] Controller idle = 1
[2026-06-29 17:28:01.703] [info] Controller idle = 10
[2026-06-29 17:28:01.703] [info] Controller idle = 10
[2026-06-29 17:28:01.703] [info] Controller idle = 130
[2026-06-29 17:28:01.703] [info] Controller idle = 4
[2026-06-29 17:28:01.703] [info] Controller idle = 4
[2026-06-29 17:28:01.703] [info] Controller idle = 1
[2026-06-29 17:28:01.703] [info] Controller idle = 13
[2026-06-29 17:28:01.703] [info] Controller idle = 1
[2026-06-29 17:28:01.703] [info] Controller idle = 1
[2026-06-29 17:28:01.703] [info] Controller idle = 2
[2026-06-29 17:28:01.703] [info] Controller idle = 4
[2026-06-29 17:28:01.703] [info] Controller idle = 4
[2026-06-29 17:28:01.703] [info] Controller idle = 3
[2026-06-29 17:28:01.703] [info] Controller idle = 5
[2026-06-29 17:28:01.703] [info] Controller idle = 28
[2026-06-29 17:28:01.703] [info] Controller idle = 1
[2026-06-29 17:28:01.703] [info] Controller idle = 6
[2026-06-29 17:28:01.703] [info] Controller idle = 3
[2026-06-29 17:28:01.703] [info] Controller idle = 7
[2026-06-29 17:28:01.703] [info] Controller idle = 4
[2026-06-29 17:28:01.703] [info] Controller idle = 8
[2026-06-29 17:28:01.703] [info] Controller idle = 132
[2026-06-29 17:28:01.703] [info] Controller idle = 108
[2026-06-29 17:28:01.703] [info] Controller idle = 1
[2026-06-29 17:28:01.703] [info] Controller idle = 5
[2026-06-29 17:28:01.703] [info] Controller idle = 8
[2026-06-29 17:28:01.703] [info] Controller idle = 7
[2026-06-29 17:28:01.703] [info] Controller idle = 1
[2026-06-29 17:28:01.703] [info] Controller idle = 2
[2026-06-29 17:28:01.703] [info] Controller idle = 3
[2026-06-29 17:28:01.703] [info] Controller idle = 41
[2026-06-29 17:28:01.703] [info] Controller idle = 1
[2026-06-29 17:28:01.703] [info] Controller idle = 3
[2026-06-29 17:28:01.703] [info] Controller idle = 9
[2026-06-29 17:28:01.703] [info] Controller idle = 7
[2026-06-29 17:28:01.703] [info] Controller idle = 2
[2026-06-29 17:28:01.703] [info] Controller idle = 2
[2026-06-29 17:28:01.703] [info] Controller idle = 1
[2026-06-29 17:28:01.703] [info] Controller idle = 8
[2026-06-29 17:28:01.703] [info] Controller idle = 5
[2026-06-29 17:28:01.703] [info] Controller idle = 11
[2026-06-29 17:28:01.703] [info] Controller idle = 11
[2026-06-29 17:28:01.703] [info] Controller idle = 129
[2026-06-29 17:28:01.703] [info] Controller idle = 2
[2026-06-29 17:28:01.703] [info] Controller idle = 5
[2026-06-29 17:28:01.703] [info] Controller idle = 1
[2026-06-29 17:28:01.703] [info] Controller idle = 4
[2026-06-29 17:28:01.703] [info] Controller idle = 4
[2026-06-29 17:28:01.703] [info] Controller idle = 11
[2026-06-29 17:28:01.703] [info] Controller idle = 1
[2026-06-29 17:28:01.703] [info] Controller idle = 1
[2026-06-29 17:28:01.703] [info] Controller idle = 32
[2026-06-29 17:28:01.703] [info] Controller idle = 3
[2026-06-29 17:28:01.703] [info] Controller idle = 3
[2026-06-29 17:28:01.703] [info] Controller idle = 1
[2026-06-29 17:28:01.703] [info] Controller idle = 3
[2026-06-29 17:28:01.703] [info] Controller idle = 11
[2026-06-29 17:28:01.703] [info] Controller idle = 5
[2026-06-29 17:28:01.703] [info] Controller idle = 1
[2026-06-29 17:28:01.703] [info] Controller idle = 14
[2026-06-29 17:28:01.703] [info] Controller idle = 132
[2026-06-29 17:28:01.703] [info] Controller idle = 7
[2026-06-29 17:28:01.703] [info] Controller idle = 1
[2026-06-29 17:28:01.703] [info] Controller idle = 13
[2026-06-29 17:28:01.703] [info] Controller idle = 11
[2026-06-29 17:28:01.703] [info] Controller idle = 1
[2026-06-29 17:28:01.703] [info] Controller idle = 4
[2026-06-29 17:28:01.703] [info] Controller idle = 1
[2026-06-29 17:28:01.703] [info] Controller idle = 1
[2026-06-29 17:28:01.703] [info] Controller idle = 7
[2026-06-29 17:28:01.703] [info] Controller idle = 24
[2026-06-29 17:28:01.703] [info] Controller idle = 8
[2026-06-29 17:28:01.703] [info] Controller idle = 4
[2026-06-29 17:28:01.703] [info] Controller idle = 4
[2026-06-29 17:28:01.703] [info] Controller idle = 11
[2026-06-29 17:28:01.703] [info] Controller idle = 3
[2026-06-29 17:28:01.703] [info] Controller idle = 1
[2026-06-29 17:28:01.703] [info] Controller idle = 4995
[2026-06-29 17:28:01.703] [info] Controller idle = 5366
[2026-06-29 17:28:01.703] [info] Controller idle = 3
[2026-06-29 17:28:01.703] [info] Controller idle = 1
[2026-06-29 17:28:01.703] [info] Controller idle = 1
[2026-06-29 17:28:01.703] [info] Controller idle = 1
[2026-06-29 17:28:01.703] [info] Controller idle = 1
[2026-06-29 17:28:01.703] [info] Controller idle = 4
[2026-06-29 17:28:01.703] [info] Controller idle = 1
[2026-06-29 17:28:01.703] [info] Controller idle = 3
[2026-06-29 17:28:01.703] [info] Controller idle = 3
[2026-06-29 17:28:01.703] [info] Controller idle = 1
[2026-06-29 17:28:01.703] [info] Controller idle = 2
[2026-06-29 17:28:01.703] [info] Controller idle = 5403
[2026-06-29 17:28:01.703] [info] Controller idle = 1
[2026-06-29 17:28:01.703] [info] Controller idle = 1
[2026-06-29 17:28:01.703] [info] Controller idle = 15
[2026-06-29 17:28:01.703] [info] Controller idle = 2
[2026-06-29 17:28:01.703] [info] Controller idle = 1
[2026-06-29 17:28:01.703] [info] Controller idle = 3
[2026-06-29 17:28:01.703] [info] Controller idle = 6
[2026-06-29 17:28:01.703] [info] Controller idle = 2
[2026-06-29 17:28:01.703] [info] Controller idle = 2
[2026-06-29 17:28:01.703] [info] Controller idle = 2
[2026-06-29 17:28:01.703] [info] Controller idle = 1
[2026-06-29 17:28:01.703] [info] Controller idle = 1
[2026-06-29 17:28:01.703] [info] Controller idle = 4
[2026-06-29 17:28:01.703] [info] Controller idle = 5400
[2026-06-29 17:28:01.703] [info] Controller idle = 4
[2026-06-29 17:28:01.703] [info] Controller idle = 2
[2026-06-29 17:28:01.703] [info] Controller idle = 4
[2026-06-29 17:28:01.703] [info] Controller idle = 2
[2026-06-29 17:28:01.703] [info] Controller idle = 11
[2026-06-29 17:28:01.703] [info] Controller idle = 3
[2026-06-29 17:28:01.703] [info] Controller idle = 1
[2026-06-29 17:28:01.703] [info] Controller idle = 3
[2026-06-29 17:28:01.703] [info] Controller idle = 1
[2026-06-29 17:28:01.703] [info] Controller idle = 1
[2026-06-29 17:28:01.703] [info] Controller idle = 5394
[2026-06-29 17:28:01.703] [info] Controller idle = 5362
[2026-06-29 17:28:01.703] [info] Controller idle = 1
[2026-06-29 17:28:01.703] [info] Controller idle = 5
[2026-06-29 17:28:01.703] [info] Controller idle = 3
[2026-06-29 17:28:01.703] [info] Controller idle = 1
[2026-06-29 17:28:01.703] [info] Controller idle = 1
[2026-06-29 17:28:01.703] [info] Controller idle = 2
[2026-06-29 17:28:01.703] [info] Controller idle = 2
[2026-06-29 17:28:01.703] [info] Controller idle = 3
[2026-06-29 17:28:01.703] [info] Controller idle = 1
[2026-06-29 17:28:01.703] [info] Controller idle = 5
[2026-06-29 17:28:01.703] [info] Controller idle = 5
[2026-06-29 17:28:01.703] [info] Controller idle = 5
[2026-06-29 17:28:01.703] [info] Controller idle = 5411
[2026-06-29 17:28:01.703] [info] Controller idle = 1
[2026-06-29 17:28:01.703] [info] Controller idle = 1
[2026-06-29 17:28:01.703] [info] Controller idle = 1
[2026-06-29 17:28:01.703] [info] Controller idle = 1
[2026-06-29 17:28:01.703] [info] Controller idle = 1
[2026-06-29 17:28:01.703] [info] Controller idle = 1
[2026-06-29 17:28:01.703] [info] Controller idle = 1
[2026-06-29 17:28:01.703] [info] Controller idle = 2
[2026-06-29 17:28:01.703] [info] Controller idle = 3
[2026-06-29 17:28:01.703] [info] Controller idle = 3
[2026-06-29 17:28:01.703] [info] Controller idle = 5418
[2026-06-29 17:28:01.703] [info] Controller idle = 1
[2026-06-29 17:28:01.703] [info] Controller idle = 2
[2026-06-29 17:28:01.703] [info] Controller idle = 1
[2026-06-29 17:28:01.703] [info] Controller idle = 1
[2026-06-29 17:28:01.703] [info] Controller idle = 1
[2026-06-29 17:28:01.703] [info] Controller idle = 1
[2026-06-29 17:28:01.703] [info] Controller idle = 2
[2026-06-29 17:28:01.703] [info] Controller idle = 1
[2026-06-29 17:28:01.703] [info] Controller idle = 2
[2026-06-29 17:28:01.703] [info] Controller idle = 5044
[2026-06-29 17:28:01.703] [info] Controller idle = 5364
[2026-06-29 17:28:01.703] [info] Controller idle = 1
[2026-06-29 17:28:01.703] [info] Controller idle = 1
[2026-06-29 17:28:01.703] [info] Controller idle = 2
[2026-06-29 17:28:01.703] [info] Controller idle = 1
[2026-06-29 17:28:01.703] [info] Controller idle = 1
[2026-06-29 17:28:01.703] [info] Controller idle = 9
[2026-06-29 17:28:01.703] [info] Controller idle = 2
[2026-06-29 17:28:01.703] [info] Controller idle = 2
[2026-06-29 17:28:01.703] [info] Controller idle = 1
[2026-06-29 17:28:01.703] [info] Controller idle = 1
[2026-06-29 17:28:01.703] [info] Controller idle = 6
[2026-06-29 17:28:01.703] [info] Controller idle = 2
[2026-06-29 17:28:01.703] [info] Controller idle = 1
[2026-06-29 17:28:01.703] [info] Controller idle = 6
[2026-06-29 17:28:01.703] [info] Controller idle = 6
[2026-06-29 17:28:01.703] [info] Controller idle = 2
[2026-06-29 17:28:01.703] [info] Controller idle = 1
[2026-06-29 17:28:01.703] [info] Controller idle = 1
[2026-06-29 17:28:01.703] [info] Controller idle = 2
[2026-06-29 17:28:01.703] [info] Controller idle = 6
[2026-06-29 17:28:01.703] [info] Controller idle = 1
[2026-06-29 17:28:01.703] [info] Controller idle = 1
[2026-06-29 17:28:01.703] [info] Controller idle = 1
[2026-06-29 17:28:01.703] [info] Controller idle = 2
[2026-06-29 17:28:01.703] [info] Controller idle = 5389
[2026-06-29 17:28:01.703] [info] Controller idle = 7
[2026-06-29 17:28:01.703] [info] Controller idle = 1
[2026-06-29 17:28:01.703] [info] Controller idle = 9
[2026-06-29 17:28:01.703] [info] Controller idle = 1
[2026-06-29 17:28:01.703] [info] Controller idle = 4
[2026-06-29 17:28:01.703] [info] Controller idle = 2
[2026-06-29 17:28:01.703] [info] Controller idle = 1
[2026-06-29 17:28:01.703] [info] Controller idle = 1
[2026-06-29 17:28:01.703] [info] Controller idle = 3
[2026-06-29 17:28:01.703] [info] Controller idle = 1
[2026-06-29 17:28:01.703] [info] Controller idle = 2
[2026-06-29 17:28:01.703] [info] Controller idle = 2
[2026-06-29 17:28:01.703] [info] Controller idle = 2
[2026-06-29 17:28:01.703] [info] Controller idle = 1
[2026-06-29 17:28:01.703] [info] Controller idle = 1
[2026-06-29 17:28:01.703] [info] Controller idle = 5400
[2026-06-29 17:28:01.703] [info] Controller idle = 3
[2026-06-29 17:28:01.703] [info] Controller idle = 1
[2026-06-29 17:28:01.703] [info] Controller idle = 1
[2026-06-29 17:28:01.703] [info] Controller idle = 2
[2026-06-29 17:28:01.703] [info] Controller idle = 4
[2026-06-29 17:28:01.703] [info] Controller idle = 3
[2026-06-29 17:28:01.703] [info] Controller idle = 1
[2026-06-29 17:28:01.703] [info] Controller idle = 1
[2026-06-29 17:28:01.703] [info] Controller idle = 2
[2026-06-29 17:28:01.703] [info] Controller idle = 4
[2026-06-29 17:28:01.703] [info] Controller idle = 1
[2026-06-29 17:28:01.703] [info] Controller idle = 5391
[2026-06-29 17:28:01.703] [info] Controller idle = 1
[2026-06-29 17:28:01.703] [info] Controller idle = 5368
[2026-06-29 17:28:01.703] [info] Controller idle = 1
[2026-06-29 17:28:01.703] [info] Controller idle = 3
[2026-06-29 17:28:01.703] [info] Controller idle = 1
[2026-06-29 17:28:01.703] [info] Controller idle = 2
[2026-06-29 17:28:01.703] [info] Controller idle = 7
[2026-06-29 17:28:01.703] [info] Controller idle = 4
[2026-06-29 17:28:01.703] [info] Controller idle = 1
[2026-06-29 17:28:01.703] [info] Controller idle = 2
[2026-06-29 17:28:01.703] [info] Controller idle = 4
[2026-06-29 17:28:01.703] [info] Controller idle = 1
[2026-06-29 17:28:01.703] [info] Controller idle = 1
[2026-06-29 17:28:01.703] [info] Controller idle = 1
[2026-06-29 17:28:01.703] [info] Controller idle = 4
[2026-06-29 17:28:01.703] [info] Controller idle = 1
[2026-06-29 17:28:01.703] [info] Controller idle = 2
[2026-06-29 17:28:01.703] [info] Controller idle = 2
[2026-06-29 17:28:01.703] [info] Controller idle = 2
[2026-06-29 17:28:01.703] [info] Controller idle = 1
[2026-06-29 17:28:01.703] [info] Controller idle = 4
[2026-06-29 17:28:01.703] [info] Controller idle = 6
[2026-06-29 17:28:01.703] [info] Controller idle = 5418
[2026-06-29 17:28:01.703] [info] Controller idle = 2
[2026-06-29 17:28:01.703] [info] Controller idle = 4
[2026-06-29 17:28:01.703] [info] Controller idle = 11
[2026-06-29 17:28:01.703] [info] Controller idle = 2
[2026-06-29 17:28:01.703] [info] Controller idle = 1
[2026-06-29 17:28:01.703] [info] Controller idle = 3
[2026-06-29 17:28:01.703] [info] Controller idle = 3
[2026-06-29 17:28:01.703] [info] Controller idle = 2
[2026-06-29 17:28:01.703] [info] Controller idle = 4
[2026-06-29 17:28:01.703] [info] Controller idle = 4
[2026-06-29 17:28:01.703] [info] Controller idle = 3
[2026-06-29 17:28:01.703] [info] Controller idle = 1
[2026-06-29 17:28:01.703] [info] Controller idle = 1
[2026-06-29 17:28:01.703] [info] Controller idle = 1
[2026-06-29 17:28:01.703] [info] Controller idle = 1
[2026-06-29 17:28:01.703] [info] Controller idle = 5398
[2026-06-29 17:28:01.703] [info] Controller idle = 11
[2026-06-29 17:28:01.703] [info] Controller idle = 4
[2026-06-29 17:28:01.703] [info] Controller idle = 1
[2026-06-29 17:28:01.703] [info] Controller idle = 1
[2026-06-29 17:28:01.703] [info] Controller idle = 1
[2026-06-29 17:28:01.703] [info] Controller idle = 12
[2026-06-29 17:28:01.703] [info] Controller idle = 2
[2026-06-29 17:28:01.703] [info] Controller idle = 4858
[2026-06-29 17:28:01.703] [info] Controller idle = 84
[2026-06-29 17:28:01.703] [info] Controller idle = 89
[2026-06-29 17:28:01.703] [info] Controller idle = 1
[2026-06-29 17:28:01.703] [info] Controller idle = 5141
[2026-06-29 17:28:01.703] [info] Controller idle = 7
[2026-06-29 17:28:01.703] [info] Controller idle = 119
[2026-06-29 17:28:01.703] [info] Controller idle = 7
[2026-06-29 17:28:01.703] [info] Controller idle = 3
[2026-06-29 17:28:01.703] [info] Controller idle = 11
[2026-06-29 17:28:01.703] [info] Controller idle = 2
[2026-06-29 17:28:01.703] [info] Controller idle = 4
[2026-06-29 17:28:01.704] [info] Controller idle = 146
[2026-06-29 17:28:01.704] [info] Controller idle = 2
[2026-06-29 17:28:01.704] [info] Controller idle = 1
[2026-06-29 17:28:01.704] [info] Controller idle = 5
[2026-06-29 17:28:01.704] [info] Controller idle = 1
[2026-06-29 17:28:01.704] [info] Controller idle = 6
[2026-06-29 17:28:01.704] [info] Controller idle = 2
[2026-06-29 17:28:01.704] [info] Controller idle = 5146
[2026-06-29 17:28:01.704] [info] Controller idle = 8
[2026-06-29 17:28:01.704] [info] Controller idle = 2
[2026-06-29 17:28:01.704] [info] Controller idle = 12
[2026-06-29 17:28:01.704] [info] Controller idle = 122
[2026-06-29 17:28:01.704] [info] Controller idle = 1
[2026-06-29 17:28:01.704] [info] Controller idle = 11
[2026-06-29 17:28:01.704] [info] Controller idle = 10
[2026-06-29 17:28:01.704] [info] Controller idle = 1
[2026-06-29 17:28:01.704] [info] Controller idle = 10
[2026-06-29 17:28:01.704] [info] Controller idle = 7
[2026-06-29 17:28:01.704] [info] Controller idle = 9
[2026-06-29 17:28:01.704] [info] Controller idle = 114
[2026-06-29 17:28:01.704] [info] Controller idle = 2
[2026-06-29 17:28:01.704] [info] Controller idle = 5
[2026-06-29 17:28:01.704] [info] Controller idle = 2
[2026-06-29 17:28:01.704] [info] Controller idle = 5160
[2026-06-29 17:28:01.704] [info] Controller idle = 3
[2026-06-29 17:28:01.704] [info] Controller idle = 10
[2026-06-29 17:28:01.704] [info] Controller idle = 6
[2026-06-29 17:28:01.704] [info] Controller idle = 5
[2026-06-29 17:28:01.704] [info] Controller idle = 4
[2026-06-29 17:28:01.704] [info] Controller idle = 5
[2026-06-29 17:28:01.704] [info] Controller idle = 90
[2026-06-29 17:28:01.704] [info] Controller idle = 4
[2026-06-29 17:28:01.704] [info] Controller idle = 1
[2026-06-29 17:28:01.704] [info] Controller idle = 14
[2026-06-29 17:28:01.704] [info] Controller idle = 8
[2026-06-29 17:28:01.704] [info] Controller idle = 7
[2026-06-29 17:28:01.704] [info] Controller idle = 7
[2026-06-29 17:28:01.704] [info] Controller idle = 3
[2026-06-29 17:28:01.704] [info] Controller idle = 4
[2026-06-29 17:28:01.704] [info] Controller idle = 1
[2026-06-29 17:28:01.704] [info] Controller idle = 117
[2026-06-29 17:28:01.704] [info] Controller idle = 2
[2026-06-29 17:28:01.704] [info] Controller idle = 1
[2026-06-29 17:28:01.704] [info] Controller idle = 3
[2026-06-29 17:28:01.704] [info] Controller idle = 4
[2026-06-29 17:28:01.704] [info] Controller idle = 1
[2026-06-29 17:28:01.704] [info] Controller idle = 2
[2026-06-29 17:28:01.704] [info] Controller idle = 5
[2026-06-29 17:28:01.704] [info] Controller idle = 3
[2026-06-29 17:28:01.704] [info] Controller idle = 5148
[2026-06-29 17:28:01.704] [info] Controller idle = 85
[2026-06-29 17:28:01.704] [info] Controller idle = 99
[2026-06-29 17:28:01.704] [info] Controller idle = 5128
[2026-06-29 17:28:01.704] [info] Controller idle = 1
[2026-06-29 17:28:01.704] [info] Controller idle = 4
[2026-06-29 17:28:01.704] [info] Controller idle = 1
[2026-06-29 17:28:01.704] [info] Controller idle = 1
[2026-06-29 17:28:01.704] [info] Controller idle = 8
[2026-06-29 17:28:01.704] [info] Controller idle = 112
[2026-06-29 17:28:01.704] [info] Controller idle = 10
[2026-06-29 17:28:01.704] [info] Controller idle = 1
[2026-06-29 17:28:01.704] [info] Controller idle = 6
[2026-06-29 17:28:01.704] [info] Controller idle = 1
[2026-06-29 17:28:01.704] [info] Controller idle = 5
[2026-06-29 17:28:01.704] [info] Controller idle = 1
[2026-06-29 17:28:01.704] [info] Controller idle = 1
[2026-06-29 17:28:01.704] [info] Controller idle = 9
[2026-06-29 17:28:01.704] [info] Controller idle = 1
[2026-06-29 17:28:01.704] [info] Controller idle = 9
[2026-06-29 17:28:01.704] [info] Controller idle = 115
[2026-06-29 17:28:01.704] [info] Controller idle = 1
[2026-06-29 17:28:01.704] [info] Controller idle = 8
[2026-06-29 17:28:01.704] [info] Controller idle = 11
[2026-06-29 17:28:01.704] [info] Controller idle = 1
[2026-06-29 17:28:01.704] [info] Controller idle = 5152
[2026-06-29 17:28:01.704] [info] Controller idle = 1
[2026-06-29 17:28:01.704] [info] Controller idle = 1
[2026-06-29 17:28:01.704] [info] Controller idle = 1
[2026-06-29 17:28:01.704] [info] Controller idle = 2
[2026-06-29 17:28:01.704] [info] Controller idle = 4
[2026-06-29 17:28:01.704] [info] Controller idle = 1
[2026-06-29 17:28:01.704] [info] Controller idle = 116
[2026-06-29 17:28:01.704] [info] Controller idle = 8
[2026-06-29 17:28:01.704] [info] Controller idle = 1
[2026-06-29 17:28:01.704] [info] Controller idle = 1
[2026-06-29 17:28:01.704] [info] Controller idle = 3
[2026-06-29 17:28:01.704] [info] Controller idle = 5
[2026-06-29 17:28:01.704] [info] Controller idle = 4
[2026-06-29 17:28:01.704] [info] Controller idle = 5
[2026-06-29 17:28:01.704] [info] Controller idle = 3
[2026-06-29 17:28:01.704] [info] Controller idle = 23
[2026-06-29 17:28:01.704] [info] Controller idle = 5
[2026-06-29 17:28:01.704] [info] Controller idle = 114
[2026-06-29 17:28:01.704] [info] Controller idle = 1
[2026-06-29 17:28:01.704] [info] Controller idle = 3
[2026-06-29 17:28:01.704] [info] Controller idle = 5
[2026-06-29 17:28:01.704] [info] Controller idle = 4
[2026-06-29 17:28:01.704] [info] Controller idle = 5
[2026-06-29 17:28:01.704] [info] Controller idle = 5156
[2026-06-29 17:28:01.704] [info] Controller idle = 2
[2026-06-29 17:28:01.704] [info] Controller idle = 4
[2026-06-29 17:28:01.704] [info] Controller idle = 9
[2026-06-29 17:28:01.704] [info] Controller idle = 4
[2026-06-29 17:28:01.704] [info] Controller idle = 109
[2026-06-29 17:28:01.704] [info] Controller idle = 5
[2026-06-29 17:28:01.704] [info] Controller idle = 1
[2026-06-29 17:28:01.704] [info] Controller idle = 5
[2026-06-29 17:28:01.704] [info] Controller idle = 2
[2026-06-29 17:28:01.704] [info] Controller idle = 2
[2026-06-29 17:28:01.704] [info] Controller idle = 2
[2026-06-29 17:28:01.704] [info] Controller idle = 1
[2026-06-29 17:28:01.704] [info] Controller idle = 2
[2026-06-29 17:28:01.704] [info] Controller idle = 1
[2026-06-29 17:28:01.704] [info] Controller idle = 3
[2026-06-29 17:28:01.704] [info] Controller idle = 2
[2026-06-29 17:28:01.704] [info] Controller idle = 8
[2026-06-29 17:28:01.704] [info] Controller idle = 1
[2026-06-29 17:28:01.704] [info] Controller idle = 9
[2026-06-29 17:28:01.704] [info] Controller idle = 1
[2026-06-29 17:28:01.704] [info] Controller idle = 119
[2026-06-29 17:28:01.704] [info] Controller idle = 12
[2026-06-29 17:28:01.704] [info] Controller idle = 1047
[2026-06-29 17:28:01.704] [info] Controller idle = 38
MemorySystem:
  impl: GenericDRAM
  total_num_other_requests: 0
  total_num_write_requests: 77647
  total_num_read_requests: 55378
  memory_system_cycles: 2594267

  DRAM:
    impl: HBM2
    dram_commands: 206762
  AddrMapper:
    impl: RoBaRaCoCh
  Controller:
    impl: Generic
    id: Channel 0
    Scheduler:
      impl: FRFCFS
    RefreshManager:
      impl: AllBank



Frontend:
  impl: GEM5

[2026-06-29 17:28:01.704] [info] Row hits: 95635, Row misses: 967, Row conflicts: 36028
[2026-06-29 17:28:01.704] [info] Controller idle = 11
[2026-06-29 17:28:01.704] [info] Controller idle = 26665
[2026-06-29 17:28:01.704] [info] Controller idle = 25734
[2026-06-29 17:28:01.704] [info] Controller idle = 25727
[2026-06-29 17:28:01.704] [info] Controller idle = 25717
[2026-06-29 17:28:01.704] [info] Controller idle = 25703
[2026-06-29 17:28:01.704] [info] Controller idle = 25722
[2026-06-29 17:28:01.704] [info] Controller idle = 25727
[2026-06-29 17:28:01.704] [info] Controller idle = 25937
[2026-06-29 17:28:01.704] [info] Controller idle = 25772
[2026-06-29 17:28:01.704] [info] Controller idle = 231759
[2026-06-29 17:28:01.704] [info] Controller idle = 231798
[2026-06-29 17:28:01.704] [info] Controller idle = 231809
[2026-06-29 17:28:01.704] [info] Controller idle = 4
[2026-06-29 17:28:01.704] [info] Controller idle = 231598
[2026-06-29 17:28:01.704] [info] Controller idle = 231626
[2026-06-29 17:28:01.704] [info] Controller idle = 6
[2026-06-29 17:28:01.704] [info] Controller idle = 231892
[2026-06-29 17:28:01.704] [info] Controller idle = 7
[2026-06-29 17:28:01.704] [info] Controller idle = 5
[2026-06-29 17:28:01.704] [info] Controller idle = 232745
[2026-06-29 17:28:01.704] [info] Controller idle = 22973
[2026-06-29 17:28:01.704] [info] Controller idle = 8003
[2026-06-29 17:28:01.704] [info] Controller idle = 1
[2026-06-29 17:28:01.704] [info] Controller idle = 1
[2026-06-29 17:28:01.704] [info] Controller idle = 7
[2026-06-29 17:28:01.704] [info] Controller idle = 1
[2026-06-29 17:28:01.704] [info] Controller idle = 12
[2026-06-29 17:28:01.704] [info] Controller idle = 1
[2026-06-29 17:28:01.704] [info] Controller idle = 2
[2026-06-29 17:28:01.704] [info] Controller idle = 1
[2026-06-29 17:28:01.704] [info] Controller idle = 8
[2026-06-29 17:28:01.704] [info] Controller idle = 2
[2026-06-29 17:28:01.704] [info] Controller idle = 2
[2026-06-29 17:28:01.704] [info] Controller idle = 1
[2026-06-29 17:28:01.704] [info] Controller idle = 1
[2026-06-29 17:28:01.704] [info] Controller idle = 2
[2026-06-29 17:28:01.704] [info] Controller idle = 1
[2026-06-29 17:28:01.704] [info] Controller idle = 3
[2026-06-29 17:28:01.704] [info] Controller idle = 5
[2026-06-29 17:28:01.704] [info] Controller idle = 4
[2026-06-29 17:28:01.704] [info] Controller idle = 1
[2026-06-29 17:28:01.704] [info] Controller idle = 3
[2026-06-29 17:28:01.704] [info] Controller idle = 2
[2026-06-29 17:28:01.704] [info] Controller idle = 1
[2026-06-29 17:28:01.704] [info] Controller idle = 1
[2026-06-29 17:28:01.704] [info] Controller idle = 2
[2026-06-29 17:28:01.704] [info] Controller idle = 6
[2026-06-29 17:28:01.704] [info] Controller idle = 1
[2026-06-29 17:28:01.704] [info] Controller idle = 4
[2026-06-29 17:28:01.704] [info] Controller idle = 1
[2026-06-29 17:28:01.704] [info] Controller idle = 1
[2026-06-29 17:28:01.704] [info] Controller idle = 4
[2026-06-29 17:28:01.704] [info] Controller idle = 10
[2026-06-29 17:28:01.704] [info] Controller idle = 1
[2026-06-29 17:28:01.704] [info] Controller idle = 10
[2026-06-29 17:28:01.704] [info] Controller idle = 7
[2026-06-29 17:28:01.704] [info] Controller idle = 4
[2026-06-29 17:28:01.704] [info] Controller idle = 16
[2026-06-29 17:28:01.704] [info] Controller idle = 2
[2026-06-29 17:28:01.704] [info] Controller idle = 3
[2026-06-29 17:28:01.704] [info] Controller idle = 1
[2026-06-29 17:28:01.704] [info] Controller idle = 6
[2026-06-29 17:28:01.704] [info] Controller idle = 1
[2026-06-29 17:28:01.704] [info] Controller idle = 14
[2026-06-29 17:28:01.704] [info] Controller idle = 1
[2026-06-29 17:28:01.704] [info] Controller idle = 5
[2026-06-29 17:28:01.704] [info] Controller idle = 13
[2026-06-29 17:28:01.704] [info] Controller idle = 6
[2026-06-29 17:28:01.704] [info] Controller idle = 3
[2026-06-29 17:28:01.704] [info] Controller idle = 1
[2026-06-29 17:28:01.704] [info] Controller idle = 11
[2026-06-29 17:28:01.704] [info] Controller idle = 9
[2026-06-29 17:28:01.704] [info] Controller idle = 5
[2026-06-29 17:28:01.704] [info] Controller idle = 3
[2026-06-29 17:28:01.704] [info] Controller idle = 20
[2026-06-29 17:28:01.704] [info] Controller idle = 1
[2026-06-29 17:28:01.704] [info] Controller idle = 1
[2026-06-29 17:28:01.704] [info] Controller idle = 3
[2026-06-29 17:28:01.704] [info] Controller idle = 1
[2026-06-29 17:28:01.704] [info] Controller idle = 15
[2026-06-29 17:28:01.704] [info] Controller idle = 1
[2026-06-29 17:28:01.704] [info] Controller idle = 18
[2026-06-29 17:28:01.704] [info] Controller idle = 3
[2026-06-29 17:28:01.704] [info] Controller idle = 21525
[2026-06-29 17:28:01.704] [info] Controller idle = 8013
[2026-06-29 17:28:01.704] [info] Controller idle = 3
[2026-06-29 17:28:01.704] [info] Controller idle = 3
[2026-06-29 17:28:01.704] [info] Controller idle = 4
[2026-06-29 17:28:01.704] [info] Controller idle = 1
[2026-06-29 17:28:01.704] [info] Controller idle = 1
[2026-06-29 17:28:01.704] [info] Controller idle = 1
[2026-06-29 17:28:01.704] [info] Controller idle = 34337
[2026-06-29 17:28:01.704] [info] Controller idle = 2
[2026-06-29 17:28:01.704] [info] Controller idle = 4
[2026-06-29 17:28:01.704] [info] Controller idle = 6
[2026-06-29 17:28:01.704] [info] Controller idle = 29263
[2026-06-29 17:28:01.704] [info] Controller idle = 1
[2026-06-29 17:28:01.704] [info] Controller idle = 1
[2026-06-29 17:28:01.704] [info] Controller idle = 1
[2026-06-29 17:28:01.704] [info] Controller idle = 4
[2026-06-29 17:28:01.704] [info] Controller idle = 1
[2026-06-29 17:28:01.704] [info] Controller idle = 33563
[2026-06-29 17:28:01.704] [info] Controller idle = 4
[2026-06-29 17:28:01.704] [info] Controller idle = 1
[2026-06-29 17:28:01.704] [info] Controller idle = 3
[2026-06-29 17:28:01.704] [info] Controller idle = 11
[2026-06-29 17:28:01.704] [info] Controller idle = 1
[2026-06-29 17:28:01.704] [info] Controller idle = 4
[2026-06-29 17:28:01.704] [info] Controller idle = 3
[2026-06-29 17:28:01.704] [info] Controller idle = 3
[2026-06-29 17:28:01.704] [info] Controller idle = 3
[2026-06-29 17:28:01.704] [info] Controller idle = 3
[2026-06-29 17:28:01.704] [info] Controller idle = 4
[2026-06-29 17:28:01.704] [info] Controller idle = 3
[2026-06-29 17:28:01.704] [info] Controller idle = 1
[2026-06-29 17:28:01.704] [info] Controller idle = 3
[2026-06-29 17:28:01.704] [info] Controller idle = 4
[2026-06-29 17:28:01.704] [info] Controller idle = 1
[2026-06-29 17:28:01.704] [info] Controller idle = 1
[2026-06-29 17:28:01.704] [info] Controller idle = 10
[2026-06-29 17:28:01.704] [info] Controller idle = 10
[2026-06-29 17:28:01.704] [info] Controller idle = 1
[2026-06-29 17:28:01.704] [info] Controller idle = 3
[2026-06-29 17:28:01.704] [info] Controller idle = 2
[2026-06-29 17:28:01.704] [info] Controller idle = 2
[2026-06-29 17:28:01.704] [info] Controller idle = 1
[2026-06-29 17:28:01.704] [info] Controller idle = 4
[2026-06-29 17:28:01.704] [info] Controller idle = 2
[2026-06-29 17:28:01.704] [info] Controller idle = 8
[2026-06-29 17:28:01.704] [info] Controller idle = 4
[2026-06-29 17:28:01.704] [info] Controller idle = 2
[2026-06-29 17:28:01.704] [info] Controller idle = 1
[2026-06-29 17:28:01.704] [info] Controller idle = 3
[2026-06-29 17:28:01.704] [info] Controller idle = 2
[2026-06-29 17:28:01.704] [info] Controller idle = 1
[2026-06-29 17:28:01.704] [info] Controller idle = 3
[2026-06-29 17:28:01.704] [info] Controller idle = 1
[2026-06-29 17:28:01.704] [info] Controller idle = 3
[2026-06-29 17:28:01.704] [info] Controller idle = 1
[2026-06-29 17:28:01.704] [info] Controller idle = 7
[2026-06-29 17:28:01.704] [info] Controller idle = 22
[2026-06-29 17:28:01.704] [info] Controller idle = 29681
[2026-06-29 17:28:01.704] [info] Controller idle = 5
[2026-06-29 17:28:01.704] [info] Controller idle = 1
[2026-06-29 17:28:01.704] [info] Controller idle = 4
[2026-06-29 17:28:01.704] [info] Controller idle = 4
[2026-06-29 17:28:01.704] [info] Controller idle = 33076
[2026-06-29 17:28:01.704] [info] Controller idle = 2
[2026-06-29 17:28:01.704] [info] Controller idle = 12
[2026-06-29 17:28:01.704] [info] Controller idle = 3
[2026-06-29 17:28:01.704] [info] Controller idle = 6
[2026-06-29 17:28:01.704] [info] Controller idle = 1
[2026-06-29 17:28:01.704] [info] Controller idle = 1
[2026-06-29 17:28:01.704] [info] Controller idle = 9
[2026-06-29 17:28:01.704] [info] Controller idle = 29204
[2026-06-29 17:28:01.704] [info] Controller idle = 5
[2026-06-29 17:28:01.705] [info] Controller idle = 2
[2026-06-29 17:28:01.705] [info] Controller idle = 11
[2026-06-29 17:28:01.705] [info] Controller idle = 1
[2026-06-29 17:28:01.705] [info] Controller idle = 4
[2026-06-29 17:28:01.705] [info] Controller idle = 6
[2026-06-29 17:28:01.705] [info] Controller idle = 1
[2026-06-29 17:28:01.705] [info] Controller idle = 9
[2026-06-29 17:28:01.705] [info] Controller idle = 10
[2026-06-29 17:28:01.705] [info] Controller idle = 7
[2026-06-29 17:28:01.705] [info] Controller idle = 9116
[2026-06-29 17:28:01.705] [info] Controller idle = 1
[2026-06-29 17:28:01.705] [info] Controller idle = 2
[2026-06-29 17:28:01.705] [info] Controller idle = 1
[2026-06-29 17:28:01.705] [info] Controller idle = 1
[2026-06-29 17:28:01.705] [info] Controller idle = 1
[2026-06-29 17:28:01.705] [info] Controller idle = 3
[2026-06-29 17:28:01.705] [info] Controller idle = 5
[2026-06-29 17:28:01.705] [info] Controller idle = 3
[2026-06-29 17:28:01.705] [info] Controller idle = 1
[2026-06-29 17:28:01.705] [info] Controller idle = 1
[2026-06-29 17:28:01.705] [info] Controller idle = 1
[2026-06-29 17:28:01.705] [info] Controller idle = 1
[2026-06-29 17:28:01.705] [info] Controller idle = 1
[2026-06-29 17:28:01.705] [info] Controller idle = 1
[2026-06-29 17:28:01.705] [info] Controller idle = 2
[2026-06-29 17:28:01.705] [info] Controller idle = 1
[2026-06-29 17:28:01.705] [info] Controller idle = 23
[2026-06-29 17:28:01.705] [info] Controller idle = 6387
[2026-06-29 17:28:01.705] [info] Controller idle = 1560
[2026-06-29 17:28:01.705] [info] Controller idle = 1
[2026-06-29 17:28:01.705] [info] Controller idle = 2
[2026-06-29 17:28:01.705] [info] Controller idle = 4
[2026-06-29 17:28:01.705] [info] Controller idle = 2
[2026-06-29 17:28:01.705] [info] Controller idle = 1
[2026-06-29 17:28:01.705] [info] Controller idle = 1
[2026-06-29 17:28:01.705] [info] Controller idle = 1
[2026-06-29 17:28:01.705] [info] Controller idle = 9159
[2026-06-29 17:28:01.705] [info] Controller idle = 1
[2026-06-29 17:28:01.705] [info] Controller idle = 1
[2026-06-29 17:28:01.705] [info] Controller idle = 6
[2026-06-29 17:28:01.705] [info] Controller idle = 1
[2026-06-29 17:28:01.705] [info] Controller idle = 1
[2026-06-29 17:28:01.705] [info] Controller idle = 12
[2026-06-29 17:28:01.705] [info] Controller idle = 1
[2026-06-29 17:28:01.705] [info] Controller idle = 1
[2026-06-29 17:28:01.705] [info] Controller idle = 3
[2026-06-29 17:28:01.705] [info] Controller idle = 1
[2026-06-29 17:28:01.705] [info] Controller idle = 1
[2026-06-29 17:28:01.705] [info] Controller idle = 2
[2026-06-29 17:28:01.705] [info] Controller idle = 8
[2026-06-29 17:28:01.705] [info] Controller idle = 1
[2026-06-29 17:28:01.705] [info] Controller idle = 16
[2026-06-29 17:28:01.705] [info] Controller idle = 1
[2026-06-29 17:28:01.705] [info] Controller idle = 10
[2026-06-29 17:28:01.705] [info] Controller idle = 1
[2026-06-29 17:28:01.705] [info] Controller idle = 16
[2026-06-29 17:28:01.705] [info] Controller idle = 6407
[2026-06-29 17:28:01.705] [info] Controller idle = 9125
[2026-06-29 17:28:01.705] [info] Controller idle = 1
[2026-06-29 17:28:01.705] [info] Controller idle = 1
[2026-06-29 17:28:01.705] [info] Controller idle = 2
[2026-06-29 17:28:01.705] [info] Controller idle = 1
[2026-06-29 17:28:01.705] [info] Controller idle = 1
[2026-06-29 17:28:01.705] [info] Controller idle = 2
[2026-06-29 17:28:01.705] [info] Controller idle = 2
[2026-06-29 17:28:01.705] [info] Controller idle = 1
[2026-06-29 17:28:01.705] [info] Controller idle = 3
[2026-06-29 17:28:01.705] [info] Controller idle = 4
[2026-06-29 17:28:01.705] [info] Controller idle = 4
[2026-06-29 17:28:01.705] [info] Controller idle = 1
[2026-06-29 17:28:01.705] [info] Controller idle = 2
[2026-06-29 17:28:01.705] [info] Controller idle = 5
[2026-06-29 17:28:01.705] [info] Controller idle = 4
[2026-06-29 17:28:01.705] [info] Controller idle = 3
[2026-06-29 17:28:01.705] [info] Controller idle = 1
[2026-06-29 17:28:01.705] [info] Controller idle = 1
[2026-06-29 17:28:01.705] [info] Controller idle = 3
[2026-06-29 17:28:01.705] [info] Controller idle = 3
[2026-06-29 17:28:01.705] [info] Controller idle = 6431
[2026-06-29 17:28:01.705] [info] Controller idle = 2
[2026-06-29 17:28:01.705] [info] Controller idle = 9008
[2026-06-29 17:28:01.705] [info] Controller idle = 2
[2026-06-29 17:28:01.705] [info] Controller idle = 1
[2026-06-29 17:28:01.705] [info] Controller idle = 4
[2026-06-29 17:28:01.705] [info] Controller idle = 5
[2026-06-29 17:28:01.705] [info] Controller idle = 1
[2026-06-29 17:28:01.705] [info] Controller idle = 6
[2026-06-29 17:28:01.705] [info] Controller idle = 1
[2026-06-29 17:28:01.705] [info] Controller idle = 12
[2026-06-29 17:28:01.705] [info] Controller idle = 1
[2026-06-29 17:28:01.705] [info] Controller idle = 4
[2026-06-29 17:28:01.705] [info] Controller idle = 5
[2026-06-29 17:28:01.705] [info] Controller idle = 2
[2026-06-29 17:28:01.705] [info] Controller idle = 3
[2026-06-29 17:28:01.705] [info] Controller idle = 5
[2026-06-29 17:28:01.705] [info] Controller idle = 1
[2026-06-29 17:28:01.705] [info] Controller idle = 2
[2026-06-29 17:28:01.705] [info] Controller idle = 22
[2026-06-29 17:28:01.705] [info] Controller idle = 6422
[2026-06-29 17:28:01.705] [info] Controller idle = 2757
[2026-06-29 17:28:01.705] [info] Controller idle = 1533
[2026-06-29 17:28:01.705] [info] Controller idle = 1546
[2026-06-29 17:28:01.705] [info] Controller idle = 3
[2026-06-29 17:28:01.705] [info] Controller idle = 1546
[2026-06-29 17:28:01.705] [info] Controller idle = 1
[2026-06-29 17:28:01.705] [info] Controller idle = 6
[2026-06-29 17:28:01.705] [info] Controller idle = 1
[2026-06-29 17:28:01.705] [info] Controller idle = 636
[2026-06-29 17:28:01.705] [info] Controller idle = 4855
[2026-06-29 17:28:01.705] [info] Controller idle = 3684
[2026-06-29 17:28:01.705] [info] Controller idle = 3686
[2026-06-29 17:28:01.705] [info] Controller idle = 1
[2026-06-29 17:28:01.705] [info] Controller idle = 3659
[2026-06-29 17:28:01.705] [info] Controller idle = 3939
[2026-06-29 17:28:01.705] [info] Controller idle = 3694
[2026-06-29 17:28:01.705] [info] Controller idle = 11
[2026-06-29 17:28:01.705] [info] Controller idle = 3693
[2026-06-29 17:28:01.705] [info] Controller idle = 3698
[2026-06-29 17:28:01.705] [info] Controller idle = 3
[2026-06-29 17:28:01.705] [info] Controller idle = 4096
[2026-06-29 17:28:01.705] [info] Controller idle = 1
[2026-06-29 17:28:01.705] [info] Controller idle = 1
[2026-06-29 17:28:01.705] [info] Controller idle = 3665
[2026-06-29 17:28:01.705] [info] Controller idle = 3698
[2026-06-29 17:28:01.705] [info] Controller idle = 1
[2026-06-29 17:28:01.705] [info] Controller idle = 1
[2026-06-29 17:28:01.705] [info] Controller idle = 3705
[2026-06-29 17:28:01.705] [info] Controller idle = 2777
[2026-06-29 17:28:01.705] [info] Controller idle = 60
[2026-06-29 17:28:01.705] [info] Controller idle = 63
[2026-06-29 17:28:01.705] [info] Controller idle = 3
[2026-06-29 17:28:01.705] [info] Controller idle = 2448
[2026-06-29 17:28:01.705] [info] Controller idle = 4
[2026-06-29 17:28:01.705] [info] Controller idle = 78
[2026-06-29 17:28:01.705] [info] Controller idle = 15
[2026-06-29 17:28:01.705] [info] Controller idle = 93
[2026-06-29 17:28:01.705] [info] Controller idle = 3
[2026-06-29 17:28:01.705] [info] Controller idle = 3
[2026-06-29 17:28:01.705] [info] Controller idle = 2
[2026-06-29 17:28:01.705] [info] Controller idle = 2
[2026-06-29 17:28:01.705] [info] Controller idle = 2
[2026-06-29 17:28:01.705] [info] Controller idle = 15
[2026-06-29 17:28:01.705] [info] Controller idle = 3
[2026-06-29 17:28:01.705] [info] Controller idle = 4
[2026-06-29 17:28:01.705] [info] Controller idle = 1
[2026-06-29 17:28:01.705] [info] Controller idle = 1
[2026-06-29 17:28:01.705] [info] Controller idle = 2442
[2026-06-29 17:28:01.705] [info] Controller idle = 1
[2026-06-29 17:28:01.705] [info] Controller idle = 6
[2026-06-29 17:28:01.705] [info] Controller idle = 18
[2026-06-29 17:28:01.705] [info] Controller idle = 4
[2026-06-29 17:28:01.705] [info] Controller idle = 79
[2026-06-29 17:28:01.705] [info] Controller idle = 3
[2026-06-29 17:28:01.705] [info] Controller idle = 4
[2026-06-29 17:28:01.705] [info] Controller idle = 2
[2026-06-29 17:28:01.705] [info] Controller idle = 5
[2026-06-29 17:28:01.705] [info] Controller idle = 105
[2026-06-29 17:28:01.705] [info] Controller idle = 4
[2026-06-29 17:28:01.705] [info] Controller idle = 1
[2026-06-29 17:28:01.705] [info] Controller idle = 2
[2026-06-29 17:28:01.705] [info] Controller idle = 10
[2026-06-29 17:28:01.705] [info] Controller idle = 4
[2026-06-29 17:28:01.705] [info] Controller idle = 18
[2026-06-29 17:28:01.705] [info] Controller idle = 15
[2026-06-29 17:28:01.705] [info] Controller idle = 1
[2026-06-29 17:28:01.705] [info] Controller idle = 2
[2026-06-29 17:28:01.705] [info] Controller idle = 2423
[2026-06-29 17:28:01.705] [info] Controller idle = 4
[2026-06-29 17:28:01.705] [info] Controller idle = 11
[2026-06-29 17:28:01.705] [info] Controller idle = 82
[2026-06-29 17:28:01.705] [info] Controller idle = 1
[2026-06-29 17:28:01.705] [info] Controller idle = 5
[2026-06-29 17:28:01.705] [info] Controller idle = 2
[2026-06-29 17:28:01.705] [info] Controller idle = 2
[2026-06-29 17:28:01.705] [info] Controller idle = 3
[2026-06-29 17:28:01.705] [info] Controller idle = 103
[2026-06-29 17:28:01.705] [info] Controller idle = 9
[2026-06-29 17:28:01.705] [info] Controller idle = 14
[2026-06-29 17:28:01.705] [info] Controller idle = 12
[2026-06-29 17:28:01.705] [info] Controller idle = 5
[2026-06-29 17:28:01.705] [info] Controller idle = 16
[2026-06-29 17:28:01.705] [info] Controller idle = 2433
[2026-06-29 17:28:01.705] [info] Controller idle = 67
[2026-06-29 17:28:01.705] [info] Controller idle = 67
[2026-06-29 17:28:01.705] [info] Controller idle = 1
[2026-06-29 17:28:01.705] [info] Controller idle = 2435
[2026-06-29 17:28:01.705] [info] Controller idle = 3
[2026-06-29 17:28:01.705] [info] Controller idle = 11
[2026-06-29 17:28:01.705] [info] Controller idle = 75
[2026-06-29 17:28:01.705] [info] Controller idle = 9
[2026-06-29 17:28:01.705] [info] Controller idle = 5
[2026-06-29 17:28:01.705] [info] Controller idle = 6
[2026-06-29 17:28:01.705] [info] Controller idle = 10
[2026-06-29 17:28:01.705] [info] Controller idle = 90
[2026-06-29 17:28:01.705] [info] Controller idle = 1
[2026-06-29 17:28:01.705] [info] Controller idle = 1
[2026-06-29 17:28:01.705] [info] Controller idle = 2
[2026-06-29 17:28:01.705] [info] Controller idle = 8
[2026-06-29 17:28:01.705] [info] Controller idle = 3
[2026-06-29 17:28:01.705] [info] Controller idle = 15
[2026-06-29 17:28:01.705] [info] Controller idle = 1
[2026-06-29 17:28:01.705] [info] Controller idle = 9
[2026-06-29 17:28:01.705] [info] Controller idle = 1
[2026-06-29 17:28:01.705] [info] Controller idle = 2
[2026-06-29 17:28:01.705] [info] Controller idle = 1
[2026-06-29 17:28:01.705] [info] Controller idle = 2435
[2026-06-29 17:28:01.705] [info] Controller idle = 1
[2026-06-29 17:28:01.705] [info] Controller idle = 10
[2026-06-29 17:28:01.705] [info] Controller idle = 2
[2026-06-29 17:28:01.705] [info] Controller idle = 87
[2026-06-29 17:28:01.705] [info] Controller idle = 4
[2026-06-29 17:28:01.705] [info] Controller idle = 6
[2026-06-29 17:28:01.705] [info] Controller idle = 2
[2026-06-29 17:28:01.705] [info] Controller idle = 5
[2026-06-29 17:28:01.705] [info] Controller idle = 10
[2026-06-29 17:28:01.705] [info] Controller idle = 2
[2026-06-29 17:28:01.705] [info] Controller idle = 91
[2026-06-29 17:28:01.705] [info] Controller idle = 1
[2026-06-29 17:28:01.705] [info] Controller idle = 1
[2026-06-29 17:28:01.705] [info] Controller idle = 7
[2026-06-29 17:28:01.705] [info] Controller idle = 2
[2026-06-29 17:28:01.705] [info] Controller idle = 13
[2026-06-29 17:28:01.705] [info] Controller idle = 14
[2026-06-29 17:28:01.705] [info] Controller idle = 9
[2026-06-29 17:28:01.705] [info] Controller idle = 4
[2026-06-29 17:28:01.705] [info] Controller idle = 2433
[2026-06-29 17:28:01.705] [info] Controller idle = 1
[2026-06-29 17:28:01.705] [info] Controller idle = 4
[2026-06-29 17:28:01.705] [info] Controller idle = 6
[2026-06-29 17:28:01.705] [info] Controller idle = 88
[2026-06-29 17:28:01.705] [info] Controller idle = 4
[2026-06-29 17:28:01.705] [info] Controller idle = 3
[2026-06-29 17:28:01.705] [info] Controller idle = 2
[2026-06-29 17:28:01.705] [info] Controller idle = 6
[2026-06-29 17:28:01.705] [info] Controller idle = 3
[2026-06-29 17:28:01.705] [info] Controller idle = 90
[2026-06-29 17:28:01.705] [info] Controller idle = 17
[2026-06-29 17:28:01.705] [info] Controller idle = 3
[2026-06-29 17:28:01.705] [info] Controller idle = 11
[2026-06-29 17:28:01.705] [info] Controller idle = 3
[2026-06-29 17:28:01.705] [info] Controller idle = 5
[2026-06-29 17:28:01.705] [info] Controller idle = 562
[2026-06-29 17:28:01.705] [info] Controller idle = 103
[2026-06-29 17:28:01.705] [info] Controller idle = 2
[2026-06-29 17:28:01.705] [info] Controller idle = 2
[2026-06-29 17:28:01.705] [info] Controller idle = 1
[2026-06-29 17:28:01.705] [info] Controller idle = 18
[2026-06-29 17:28:01.705] [info] Controller idle = 10
[2026-06-29 17:28:01.705] [info] Controller idle = 5
[2026-06-29 17:28:01.705] [info] Controller idle = 1
[2026-06-29 17:28:01.705] [info] Controller idle = 27
[2026-06-29 17:28:01.705] [info] Controller idle = 6
[2026-06-29 17:28:01.705] [info] Controller idle = 1
[2026-06-29 17:28:01.705] [info] Controller idle = 2
[2026-06-29 17:28:01.705] [info] Controller idle = 4
[2026-06-29 17:28:01.705] [info] Controller idle = 10
[2026-06-29 17:28:01.705] [info] Controller idle = 8
[2026-06-29 17:28:01.705] [info] Controller idle = 3
[2026-06-29 17:28:01.705] [info] Controller idle = 140
[2026-06-29 17:28:01.705] [info] Controller idle = 1
[2026-06-29 17:28:01.705] [info] Controller idle = 1
[2026-06-29 17:28:01.705] [info] Controller idle = 3
[2026-06-29 17:28:01.705] [info] Controller idle = 1
[2026-06-29 17:28:01.705] [info] Controller idle = 6
[2026-06-29 17:28:01.705] [info] Controller idle = 1
[2026-06-29 17:28:01.705] [info] Controller idle = 1
[2026-06-29 17:28:01.705] [info] Controller idle = 2
[2026-06-29 17:28:01.705] [info] Controller idle = 11
[2026-06-29 17:28:01.705] [info] Controller idle = 28
[2026-06-29 17:28:01.705] [info] Controller idle = 1
[2026-06-29 17:28:01.705] [info] Controller idle = 3
[2026-06-29 17:28:01.705] [info] Controller idle = 6
[2026-06-29 17:28:01.705] [info] Controller idle = 4
[2026-06-29 17:28:01.705] [info] Controller idle = 1
[2026-06-29 17:28:01.705] [info] Controller idle = 3
[2026-06-29 17:28:01.705] [info] Controller idle = 7
[2026-06-29 17:28:01.705] [info] Controller idle = 1
[2026-06-29 17:28:01.705] [info] Controller idle = 1
[2026-06-29 17:28:01.705] [info] Controller idle = 6
[2026-06-29 17:28:01.705] [info] Controller idle = 9
[2026-06-29 17:28:01.705] [info] Controller idle = 3
[2026-06-29 17:28:01.705] [info] Controller idle = 5
[2026-06-29 17:28:01.705] [info] Controller idle = 129
[2026-06-29 17:28:01.705] [info] Controller idle = 1
[2026-06-29 17:28:01.705] [info] Controller idle = 2
[2026-06-29 17:28:01.705] [info] Controller idle = 1
[2026-06-29 17:28:01.705] [info] Controller idle = 14
[2026-06-29 17:28:01.705] [info] Controller idle = 1
[2026-06-29 17:28:01.705] [info] Controller idle = 1
[2026-06-29 17:28:01.705] [info] Controller idle = 5
[2026-06-29 17:28:01.705] [info] Controller idle = 16
[2026-06-29 17:28:01.705] [info] Controller idle = 24
[2026-06-29 17:28:01.705] [info] Controller idle = 2
[2026-06-29 17:28:01.705] [info] Controller idle = 1
[2026-06-29 17:28:01.705] [info] Controller idle = 1
[2026-06-29 17:28:01.705] [info] Controller idle = 1
[2026-06-29 17:28:01.705] [info] Controller idle = 2
[2026-06-29 17:28:01.705] [info] Controller idle = 1
[2026-06-29 17:28:01.705] [info] Controller idle = 2
[2026-06-29 17:28:01.705] [info] Controller idle = 2
[2026-06-29 17:28:01.705] [info] Controller idle = 17
[2026-06-29 17:28:01.705] [info] Controller idle = 3
[2026-06-29 17:28:01.705] [info] Controller idle = 9
[2026-06-29 17:28:01.705] [info] Controller idle = 10
[2026-06-29 17:28:01.705] [info] Controller idle = 123
[2026-06-29 17:28:01.705] [info] Controller idle = 106
[2026-06-29 17:28:01.705] [info] Controller idle = 13
[2026-06-29 17:28:01.705] [info] Controller idle = 2
[2026-06-29 17:28:01.705] [info] Controller idle = 3
[2026-06-29 17:28:01.705] [info] Controller idle = 2
[2026-06-29 17:28:01.705] [info] Controller idle = 5
[2026-06-29 17:28:01.705] [info] Controller idle = 2
[2026-06-29 17:28:01.705] [info] Controller idle = 4
[2026-06-29 17:28:01.705] [info] Controller idle = 3
[2026-06-29 17:28:01.705] [info] Controller idle = 31
[2026-06-29 17:28:01.705] [info] Controller idle = 5
[2026-06-29 17:28:01.705] [info] Controller idle = 2
[2026-06-29 17:28:01.705] [info] Controller idle = 11
[2026-06-29 17:28:01.705] [info] Controller idle = 2
[2026-06-29 17:28:01.705] [info] Controller idle = 7
[2026-06-29 17:28:01.705] [info] Controller idle = 6
[2026-06-29 17:28:01.705] [info] Controller idle = 2
[2026-06-29 17:28:01.705] [info] Controller idle = 2
[2026-06-29 17:28:01.705] [info] Controller idle = 12
[2026-06-29 17:28:01.705] [info] Controller idle = 15
[2026-06-29 17:28:01.705] [info] Controller idle = 125
[2026-06-29 17:28:01.705] [info] Controller idle = 2
[2026-06-29 17:28:01.705] [info] Controller idle = 2
[2026-06-29 17:28:01.705] [info] Controller idle = 4
[2026-06-29 17:28:01.705] [info] Controller idle = 8
[2026-06-29 17:28:01.705] [info] Controller idle = 2
[2026-06-29 17:28:01.705] [info] Controller idle = 2
[2026-06-29 17:28:01.705] [info] Controller idle = 1
[2026-06-29 17:28:01.705] [info] Controller idle = 1
[2026-06-29 17:28:01.705] [info] Controller idle = 1
[2026-06-29 17:28:01.705] [info] Controller idle = 1
[2026-06-29 17:28:01.705] [info] Controller idle = 5
[2026-06-29 17:28:01.705] [info] Controller idle = 4
[2026-06-29 17:28:01.705] [info] Controller idle = 2
[2026-06-29 17:28:01.705] [info] Controller idle = 25
[2026-06-29 17:28:01.705] [info] Controller idle = 4
[2026-06-29 17:28:01.705] [info] Controller idle = 17
[2026-06-29 17:28:01.705] [info] Controller idle = 1
[2026-06-29 17:28:01.705] [info] Controller idle = 10
[2026-06-29 17:28:01.705] [info] Controller idle = 5
[2026-06-29 17:28:01.705] [info] Controller idle = 2
[2026-06-29 17:28:01.705] [info] Controller idle = 1
[2026-06-29 17:28:01.705] [info] Controller idle = 3
[2026-06-29 17:28:01.705] [info] Controller idle = 1
[2026-06-29 17:28:01.705] [info] Controller idle = 2
[2026-06-29 17:28:01.705] [info] Controller idle = 1
[2026-06-29 17:28:01.705] [info] Controller idle = 4
[2026-06-29 17:28:01.705] [info] Controller idle = 125
[2026-06-29 17:28:01.705] [info] Controller idle = 1
[2026-06-29 17:28:01.705] [info] Controller idle = 1
[2026-06-29 17:28:01.705] [info] Controller idle = 7
[2026-06-29 17:28:01.706] [info] Controller idle = 5
[2026-06-29 17:28:01.706] [info] Controller idle = 15
[2026-06-29 17:28:01.706] [info] Controller idle = 1
[2026-06-29 17:28:01.706] [info] Controller idle = 13
[2026-06-29 17:28:01.706] [info] Controller idle = 1
[2026-06-29 17:28:01.706] [info] Controller idle = 1
[2026-06-29 17:28:01.706] [info] Controller idle = 1
[2026-06-29 17:28:01.706] [info] Controller idle = 16
[2026-06-29 17:28:01.706] [info] Controller idle = 1
[2026-06-29 17:28:01.706] [info] Controller idle = 12
[2026-06-29 17:28:01.706] [info] Controller idle = 14
[2026-06-29 17:28:01.706] [info] Controller idle = 3
[2026-06-29 17:28:01.706] [info] Controller idle = 4965
[2026-06-29 17:28:01.706] [info] Controller idle = 5367
[2026-06-29 17:28:01.706] [info] Controller idle = 2
[2026-06-29 17:28:01.706] [info] Controller idle = 6
[2026-06-29 17:28:01.706] [info] Controller idle = 8
[2026-06-29 17:28:01.706] [info] Controller idle = 3
[2026-06-29 17:28:01.706] [info] Controller idle = 1
[2026-06-29 17:28:01.706] [info] Controller idle = 7
[2026-06-29 17:28:01.706] [info] Controller idle = 5399
[2026-06-29 17:28:01.706] [info] Controller idle = 1
[2026-06-29 17:28:01.706] [info] Controller idle = 1
[2026-06-29 17:28:01.706] [info] Controller idle = 2
[2026-06-29 17:28:01.706] [info] Controller idle = 1
[2026-06-29 17:28:01.706] [info] Controller idle = 5
[2026-06-29 17:28:01.706] [info] Controller idle = 1
[2026-06-29 17:28:01.706] [info] Controller idle = 5410
[2026-06-29 17:28:01.706] [info] Controller idle = 2
[2026-06-29 17:28:01.706] [info] Controller idle = 2
[2026-06-29 17:28:01.706] [info] Controller idle = 3
[2026-06-29 17:28:01.706] [info] Controller idle = 1
[2026-06-29 17:28:01.706] [info] Controller idle = 1
[2026-06-29 17:28:01.706] [info] Controller idle = 1
[2026-06-29 17:28:01.706] [info] Controller idle = 1
[2026-06-29 17:28:01.706] [info] Controller idle = 2
[2026-06-29 17:28:01.706] [info] Controller idle = 1
[2026-06-29 17:28:01.706] [info] Controller idle = 1
[2026-06-29 17:28:01.706] [info] Controller idle = 9
[2026-06-29 17:28:01.706] [info] Controller idle = 1
[2026-06-29 17:28:01.706] [info] Controller idle = 17
[2026-06-29 17:28:01.706] [info] Controller idle = 5400
[2026-06-29 17:28:01.706] [info] Controller idle = 5361
[2026-06-29 17:28:01.706] [info] Controller idle = 1
[2026-06-29 17:28:01.706] [info] Controller idle = 3
[2026-06-29 17:28:01.706] [info] Controller idle = 2
[2026-06-29 17:28:01.706] [info] Controller idle = 10
[2026-06-29 17:28:01.706] [info] Controller idle = 1
[2026-06-29 17:28:01.706] [info] Controller idle = 2
[2026-06-29 17:28:01.706] [info] Controller idle = 1
[2026-06-29 17:28:01.706] [info] Controller idle = 1
[2026-06-29 17:28:01.706] [info] Controller idle = 1
[2026-06-29 17:28:01.706] [info] Controller idle = 1
[2026-06-29 17:28:01.706] [info] Controller idle = 2
[2026-06-29 17:28:01.706] [info] Controller idle = 5
[2026-06-29 17:28:01.706] [info] Controller idle = 2
[2026-06-29 17:28:01.706] [info] Controller idle = 2
[2026-06-29 17:28:01.706] [info] Controller idle = 1
[2026-06-29 17:28:01.706] [info] Controller idle = 4
[2026-06-29 17:28:01.706] [info] Controller idle = 2
[2026-06-29 17:28:01.706] [info] Controller idle = 1
[2026-06-29 17:28:01.706] [info] Controller idle = 6
[2026-06-29 17:28:01.706] [info] Controller idle = 12
[2026-06-29 17:28:01.706] [info] Controller idle = 5
[2026-06-29 17:28:01.706] [info] Controller idle = 5394
[2026-06-29 17:28:01.706] [info] Controller idle = 8
[2026-06-29 17:28:01.706] [info] Controller idle = 2
[2026-06-29 17:28:01.706] [info] Controller idle = 1
[2026-06-29 17:28:01.706] [info] Controller idle = 4
[2026-06-29 17:28:01.706] [info] Controller idle = 1
[2026-06-29 17:28:01.706] [info] Controller idle = 3
[2026-06-29 17:28:01.706] [info] Controller idle = 1
[2026-06-29 17:28:01.706] [info] Controller idle = 1
[2026-06-29 17:28:01.706] [info] Controller idle = 1
[2026-06-29 17:28:01.706] [info] Controller idle = 5417
[2026-06-29 17:28:01.706] [info] Controller idle = 1
[2026-06-29 17:28:01.706] [info] Controller idle = 2
[2026-06-29 17:28:01.706] [info] Controller idle = 1
[2026-06-29 17:28:01.706] [info] Controller idle = 1
[2026-06-29 17:28:01.706] [info] Controller idle = 1
[2026-06-29 17:28:01.706] [info] Controller idle = 8
[2026-06-29 17:28:01.706] [info] Controller idle = 1
[2026-06-29 17:28:01.706] [info] Controller idle = 1
[2026-06-29 17:28:01.706] [info] Controller idle = 5024
[2026-06-29 17:28:01.706] [info] Controller idle = 1
[2026-06-29 17:28:01.706] [info] Controller idle = 5375
[2026-06-29 17:28:01.706] [info] Controller idle = 4
[2026-06-29 17:28:01.706] [info] Controller idle = 1
[2026-06-29 17:28:01.706] [info] Controller idle = 7
[2026-06-29 17:28:01.706] [info] Controller idle = 1
[2026-06-29 17:28:01.706] [info] Controller idle = 1
[2026-06-29 17:28:01.706] [info] Controller idle = 1
[2026-06-29 17:28:01.706] [info] Controller idle = 4
[2026-06-29 17:28:01.706] [info] Controller idle = 2
[2026-06-29 17:28:01.706] [info] Controller idle = 2
[2026-06-29 17:28:01.706] [info] Controller idle = 5406
[2026-06-29 17:28:01.706] [info] Controller idle = 1
[2026-06-29 17:28:01.706] [info] Controller idle = 2
[2026-06-29 17:28:01.706] [info] Controller idle = 3
[2026-06-29 17:28:01.706] [info] Controller idle = 4
[2026-06-29 17:28:01.706] [info] Controller idle = 4
[2026-06-29 17:28:01.706] [info] Controller idle = 1
[2026-06-29 17:28:01.706] [info] Controller idle = 1
[2026-06-29 17:28:01.706] [info] Controller idle = 2
[2026-06-29 17:28:01.706] [info] Controller idle = 2
[2026-06-29 17:28:01.706] [info] Controller idle = 1
[2026-06-29 17:28:01.706] [info] Controller idle = 2
[2026-06-29 17:28:01.706] [info] Controller idle = 3
[2026-06-29 17:28:01.706] [info] Controller idle = 3
[2026-06-29 17:28:01.706] [info] Controller idle = 1
[2026-06-29 17:28:01.706] [info] Controller idle = 3
[2026-06-29 17:28:01.706] [info] Controller idle = 5404
[2026-06-29 17:28:01.706] [info] Controller idle = 2
[2026-06-29 17:28:01.706] [info] Controller idle = 16
[2026-06-29 17:28:01.706] [info] Controller idle = 1
[2026-06-29 17:28:01.706] [info] Controller idle = 2
[2026-06-29 17:28:01.706] [info] Controller idle = 1
[2026-06-29 17:28:01.706] [info] Controller idle = 2
[2026-06-29 17:28:01.706] [info] Controller idle = 4
[2026-06-29 17:28:01.706] [info] Controller idle = 4
[2026-06-29 17:28:01.706] [info] Controller idle = 1
[2026-06-29 17:28:01.706] [info] Controller idle = 2
[2026-06-29 17:28:01.706] [info] Controller idle = 2
[2026-06-29 17:28:01.706] [info] Controller idle = 2
[2026-06-29 17:28:01.706] [info] Controller idle = 1
[2026-06-29 17:28:01.706] [info] Controller idle = 4
[2026-06-29 17:28:01.706] [info] Controller idle = 5396
[2026-06-29 17:28:01.706] [info] Controller idle = 5368
[2026-06-29 17:28:01.706] [info] Controller idle = 5
[2026-06-29 17:28:01.706] [info] Controller idle = 4
[2026-06-29 17:28:01.706] [info] Controller idle = 9
[2026-06-29 17:28:01.706] [info] Controller idle = 3
[2026-06-29 17:28:01.706] [info] Controller idle = 2
[2026-06-29 17:28:01.706] [info] Controller idle = 2
[2026-06-29 17:28:01.706] [info] Controller idle = 2
[2026-06-29 17:28:01.706] [info] Controller idle = 2
[2026-06-29 17:28:01.706] [info] Controller idle = 3
[2026-06-29 17:28:01.706] [info] Controller idle = 3
[2026-06-29 17:28:01.706] [info] Controller idle = 2
[2026-06-29 17:28:01.706] [info] Controller idle = 5404
[2026-06-29 17:28:01.706] [info] Controller idle = 1
[2026-06-29 17:28:01.706] [info] Controller idle = 1
[2026-06-29 17:28:01.706] [info] Controller idle = 7
[2026-06-29 17:28:01.706] [info] Controller idle = 1
[2026-06-29 17:28:01.706] [info] Controller idle = 1
[2026-06-29 17:28:01.706] [info] Controller idle = 2
[2026-06-29 17:28:01.706] [info] Controller idle = 15
[2026-06-29 17:28:01.706] [info] Controller idle = 5
[2026-06-29 17:28:01.706] [info] Controller idle = 5
[2026-06-29 17:28:01.706] [info] Controller idle = 1
[2026-06-29 17:28:01.706] [info] Controller idle = 4
[2026-06-29 17:28:01.706] [info] Controller idle = 3
[2026-06-29 17:28:01.706] [info] Controller idle = 2
[2026-06-29 17:28:01.706] [info] Controller idle = 4
[2026-06-29 17:28:01.706] [info] Controller idle = 1
[2026-06-29 17:28:01.706] [info] Controller idle = 1
[2026-06-29 17:28:01.706] [info] Controller idle = 2
[2026-06-29 17:28:01.706] [info] Controller idle = 2
[2026-06-29 17:28:01.706] [info] Controller idle = 1
[2026-06-29 17:28:01.706] [info] Controller idle = 1
[2026-06-29 17:28:01.706] [info] Controller idle = 2
[2026-06-29 17:28:01.706] [info] Controller idle = 1
[2026-06-29 17:28:01.706] [info] Controller idle = 2
[2026-06-29 17:28:01.706] [info] Controller idle = 1
[2026-06-29 17:28:01.706] [info] Controller idle = 5389
[2026-06-29 17:28:01.706] [info] Controller idle = 3
[2026-06-29 17:28:01.706] [info] Controller idle = 6
[2026-06-29 17:28:01.706] [info] Controller idle = 1
[2026-06-29 17:28:01.706] [info] Controller idle = 2
[2026-06-29 17:28:01.706] [info] Controller idle = 1
[2026-06-29 17:28:01.706] [info] Controller idle = 5
[2026-06-29 17:28:01.706] [info] Controller idle = 1
[2026-06-29 17:28:01.706] [info] Controller idle = 1
[2026-06-29 17:28:01.706] [info] Controller idle = 5
[2026-06-29 17:28:01.706] [info] Controller idle = 1
[2026-06-29 17:28:01.706] [info] Controller idle = 4813
[2026-06-29 17:28:01.706] [info] Controller idle = 88
[2026-06-29 17:28:01.706] [info] Controller idle = 103
[2026-06-29 17:28:01.706] [info] Controller idle = 5132
[2026-06-29 17:28:01.706] [info] Controller idle = 2
[2026-06-29 17:28:01.706] [info] Controller idle = 5
[2026-06-29 17:28:01.706] [info] Controller idle = 5
[2026-06-29 17:28:01.706] [info] Controller idle = 1
[2026-06-29 17:28:01.706] [info] Controller idle = 113
[2026-06-29 17:28:01.706] [info] Controller idle = 1
[2026-06-29 17:28:01.706] [info] Controller idle = 1
[2026-06-29 17:28:01.706] [info] Controller idle = 10
[2026-06-29 17:28:01.706] [info] Controller idle = 1
[2026-06-29 17:28:01.706] [info] Controller idle = 7
[2026-06-29 17:28:01.706] [info] Controller idle = 4
[2026-06-29 17:28:01.706] [info] Controller idle = 5
[2026-06-29 17:28:01.706] [info] Controller idle = 6
[2026-06-29 17:28:01.706] [info] Controller idle = 2
[2026-06-29 17:28:01.706] [info] Controller idle = 6
[2026-06-29 17:28:01.706] [info] Controller idle = 119
[2026-06-29 17:28:01.706] [info] Controller idle = 2
[2026-06-29 17:28:01.706] [info] Controller idle = 1
[2026-06-29 17:28:01.706] [info] Controller idle = 1
[2026-06-29 17:28:01.706] [info] Controller idle = 3
[2026-06-29 17:28:01.706] [info] Controller idle = 1
[2026-06-29 17:28:01.706] [info] Controller idle = 1
[2026-06-29 17:28:01.706] [info] Controller idle = 3
[2026-06-29 17:28:01.706] [info] Controller idle = 1
[2026-06-29 17:28:01.706] [info] Controller idle = 1
[2026-06-29 17:28:01.706] [info] Controller idle = 5160
[2026-06-29 17:28:01.706] [info] Controller idle = 1
[2026-06-29 17:28:01.706] [info] Controller idle = 1
[2026-06-29 17:28:01.706] [info] Controller idle = 4
[2026-06-29 17:28:01.706] [info] Controller idle = 11
[2026-06-29 17:28:01.706] [info] Controller idle = 8
[2026-06-29 17:28:01.706] [info] Controller idle = 92
[2026-06-29 17:28:01.706] [info] Controller idle = 3
[2026-06-29 17:28:01.706] [info] Controller idle = 9
[2026-06-29 17:28:01.706] [info] Controller idle = 12
[2026-06-29 17:28:01.706] [info] Controller idle = 1
[2026-06-29 17:28:01.706] [info] Controller idle = 1
[2026-06-29 17:28:01.706] [info] Controller idle = 1
[2026-06-29 17:28:01.706] [info] Controller idle = 6
[2026-06-29 17:28:01.706] [info] Controller idle = 1
[2026-06-29 17:28:01.706] [info] Controller idle = 123
[2026-06-29 17:28:01.706] [info] Controller idle = 2
[2026-06-29 17:28:01.706] [info] Controller idle = 12
[2026-06-29 17:28:01.706] [info] Controller idle = 5158
[2026-06-29 17:28:01.706] [info] Controller idle = 1
[2026-06-29 17:28:01.706] [info] Controller idle = 19
[2026-06-29 17:28:01.706] [info] Controller idle = 6
[2026-06-29 17:28:01.706] [info] Controller idle = 105
[2026-06-29 17:28:01.706] [info] Controller idle = 10
[2026-06-29 17:28:01.706] [info] Controller idle = 5
[2026-06-29 17:28:01.706] [info] Controller idle = 2
[2026-06-29 17:28:01.706] [info] Controller idle = 2
[2026-06-29 17:28:01.706] [info] Controller idle = 7
[2026-06-29 17:28:01.706] [info] Controller idle = 1
[2026-06-29 17:28:01.706] [info] Controller idle = 2
[2026-06-29 17:28:01.706] [info] Controller idle = 4
[2026-06-29 17:28:01.706] [info] Controller idle = 130
[2026-06-29 17:28:01.706] [info] Controller idle = 1
[2026-06-29 17:28:01.706] [info] Controller idle = 1
[2026-06-29 17:28:01.706] [info] Controller idle = 10
[2026-06-29 17:28:01.706] [info] Controller idle = 5154
[2026-06-29 17:28:01.706] [info] Controller idle = 89
[2026-06-29 17:28:01.706] [info] Controller idle = 97
[2026-06-29 17:28:01.706] [info] Controller idle = 1
[2026-06-29 17:28:01.706] [info] Controller idle = 1
[2026-06-29 17:28:01.706] [info] Controller idle = 5137
[2026-06-29 17:28:01.706] [info] Controller idle = 1
[2026-06-29 17:28:01.706] [info] Controller idle = 4
[2026-06-29 17:28:01.706] [info] Controller idle = 137
[2026-06-29 17:28:01.706] [info] Controller idle = 2
[2026-06-29 17:28:01.706] [info] Controller idle = 7
[2026-06-29 17:28:01.706] [info] Controller idle = 3
[2026-06-29 17:28:01.706] [info] Controller idle = 10
[2026-06-29 17:28:01.706] [info] Controller idle = 5
[2026-06-29 17:28:01.706] [info] Controller idle = 5
[2026-06-29 17:28:01.706] [info] Controller idle = 14
[2026-06-29 17:28:01.706] [info] Controller idle = 123
[2026-06-29 17:28:01.706] [info] Controller idle = 6
[2026-06-29 17:28:01.706] [info] Controller idle = 2
[2026-06-29 17:28:01.706] [info] Controller idle = 5
[2026-06-29 17:28:01.706] [info] Controller idle = 7
[2026-06-29 17:28:01.706] [info] Controller idle = 9
[2026-06-29 17:28:01.706] [info] Controller idle = 5154
[2026-06-29 17:28:01.706] [info] Controller idle = 3
[2026-06-29 17:28:01.706] [info] Controller idle = 4
[2026-06-29 17:28:01.706] [info] Controller idle = 2
[2026-06-29 17:28:01.706] [info] Controller idle = 2
[2026-06-29 17:28:01.706] [info] Controller idle = 1
[2026-06-29 17:28:01.706] [info] Controller idle = 109
[2026-06-29 17:28:01.706] [info] Controller idle = 9
[2026-06-29 17:28:01.706] [info] Controller idle = 26
[2026-06-29 17:28:01.706] [info] Controller idle = 1
[2026-06-29 17:28:01.706] [info] Controller idle = 2
[2026-06-29 17:28:01.706] [info] Controller idle = 1
[2026-06-29 17:28:01.706] [info] Controller idle = 1
[2026-06-29 17:28:01.706] [info] Controller idle = 125
[2026-06-29 17:28:01.706] [info] Controller idle = 10
[2026-06-29 17:28:01.706] [info] Controller idle = 10
[2026-06-29 17:28:01.706] [info] Controller idle = 5149
[2026-06-29 17:28:01.706] [info] Controller idle = 2
[2026-06-29 17:28:01.706] [info] Controller idle = 1
[2026-06-29 17:28:01.706] [info] Controller idle = 4
[2026-06-29 17:28:01.706] [info] Controller idle = 119
[2026-06-29 17:28:01.706] [info] Controller idle = 1
[2026-06-29 17:28:01.706] [info] Controller idle = 22
[2026-06-29 17:28:01.706] [info] Controller idle = 5
[2026-06-29 17:28:01.706] [info] Controller idle = 2
[2026-06-29 17:28:01.706] [info] Controller idle = 5
[2026-06-29 17:28:01.706] [info] Controller idle = 5
[2026-06-29 17:28:01.706] [info] Controller idle = 2
[2026-06-29 17:28:01.706] [info] Controller idle = 1
[2026-06-29 17:28:01.706] [info] Controller idle = 2
[2026-06-29 17:28:01.706] [info] Controller idle = 121
[2026-06-29 17:28:01.706] [info] Controller idle = 1
[2026-06-29 17:28:01.706] [info] Controller idle = 1
[2026-06-29 17:28:01.706] [info] Controller idle = 23
[2026-06-29 17:28:01.706] [info] Controller idle = 1047
[2026-06-29 17:28:01.706] [info] Controller idle = 20
[2026-06-29 17:28:01.706] [info] Controller idle = 14
MemorySystem:
  impl: GenericDRAM
  total_num_other_requests: 0
  total_num_write_requests: 77649
  total_num_read_requests: 55318
  memory_system_cycles: 2594267

  DRAM:
    impl: HBM2
    dram_commands: 206554
  AddrMapper:
    impl: RoBaRaCoCh
  Controller:
    impl: Generic
    id: Channel 0
    Scheduler:
      impl: FRFCFS
    RefreshManager:
      impl: AllBank



Frontend:
  impl: GEM5

[2026-06-29 17:28:01.706] [info] Row hits: 95840, Row misses: 992, Row conflicts: 35894
[2026-06-29 17:28:01.706] [info] Controller idle = 11
[2026-06-29 17:28:01.706] [info] Controller idle = 5
[2026-06-29 17:28:01.706] [info] Controller idle = 26667
[2026-06-29 17:28:01.706] [info] Controller idle = 25723
[2026-06-29 17:28:01.706] [info] Controller idle = 25729
[2026-06-29 17:28:01.706] [info] Controller idle = 25713
[2026-06-29 17:28:01.706] [info] Controller idle = 25713
[2026-06-29 17:28:01.706] [info] Controller idle = 25727
[2026-06-29 17:28:01.706] [info] Controller idle = 25727
[2026-06-29 17:28:01.706] [info] Controller idle = 25937
[2026-06-29 17:28:01.706] [info] Controller idle = 25772
[2026-06-29 17:28:01.706] [info] Controller idle = 3
[2026-06-29 17:28:01.706] [info] Controller idle = 3
[2026-06-29 17:28:01.706] [info] Controller idle = 1
[2026-06-29 17:28:01.706] [info] Controller idle = 231766
[2026-06-29 17:28:01.706] [info] Controller idle = 231756
[2026-06-29 17:28:01.706] [info] Controller idle = 231699
[2026-06-29 17:28:01.706] [info] Controller idle = 231640
[2026-06-29 17:28:01.706] [info] Controller idle = 231605
[2026-06-29 17:28:01.706] [info] Controller idle = 231905
[2026-06-29 17:28:01.706] [info] Controller idle = 232617
[2026-06-29 17:28:01.706] [info] Controller idle = 23188
[2026-06-29 17:28:01.706] [info] Controller idle = 8003
[2026-06-29 17:28:01.706] [info] Controller idle = 5
[2026-06-29 17:28:01.706] [info] Controller idle = 1
[2026-06-29 17:28:01.706] [info] Controller idle = 2
[2026-06-29 17:28:01.706] [info] Controller idle = 1
[2026-06-29 17:28:01.706] [info] Controller idle = 3
[2026-06-29 17:28:01.706] [info] Controller idle = 4
[2026-06-29 17:28:01.706] [info] Controller idle = 9
[2026-06-29 17:28:01.706] [info] Controller idle = 3
[2026-06-29 17:28:01.706] [info] Controller idle = 1
[2026-06-29 17:28:01.706] [info] Controller idle = 1
[2026-06-29 17:28:01.706] [info] Controller idle = 4
[2026-06-29 17:28:01.706] [info] Controller idle = 8
[2026-06-29 17:28:01.706] [info] Controller idle = 3
[2026-06-29 17:28:01.707] [info] Controller idle = 2
[2026-06-29 17:28:01.707] [info] Controller idle = 2
[2026-06-29 17:28:01.707] [info] Controller idle = 1
[2026-06-29 17:28:01.707] [info] Controller idle = 6
[2026-06-29 17:28:01.707] [info] Controller idle = 3
[2026-06-29 17:28:01.707] [info] Controller idle = 3
[2026-06-29 17:28:01.707] [info] Controller idle = 2
[2026-06-29 17:28:01.707] [info] Controller idle = 1
[2026-06-29 17:28:01.707] [info] Controller idle = 1
[2026-06-29 17:28:01.707] [info] Controller idle = 1
[2026-06-29 17:28:01.707] [info] Controller idle = 2
[2026-06-29 17:28:01.707] [info] Controller idle = 1
[2026-06-29 17:28:01.707] [info] Controller idle = 5
[2026-06-29 17:28:01.707] [info] Controller idle = 2
[2026-06-29 17:28:01.707] [info] Controller idle = 4
[2026-06-29 17:28:01.707] [info] Controller idle = 1
[2026-06-29 17:28:01.707] [info] Controller idle = 10
[2026-06-29 17:28:01.707] [info] Controller idle = 2
[2026-06-29 17:28:01.707] [info] Controller idle = 6
[2026-06-29 17:28:01.707] [info] Controller idle = 2
[2026-06-29 17:28:01.707] [info] Controller idle = 5
[2026-06-29 17:28:01.707] [info] Controller idle = 1
[2026-06-29 17:28:01.707] [info] Controller idle = 3
[2026-06-29 17:28:01.707] [info] Controller idle = 5
[2026-06-29 17:28:01.707] [info] Controller idle = 3
[2026-06-29 17:28:01.707] [info] Controller idle = 5
[2026-06-29 17:28:01.707] [info] Controller idle = 2
[2026-06-29 17:28:01.707] [info] Controller idle = 1
[2026-06-29 17:28:01.707] [info] Controller idle = 1
[2026-06-29 17:28:01.707] [info] Controller idle = 3
[2026-06-29 17:28:01.707] [info] Controller idle = 3
[2026-06-29 17:28:01.707] [info] Controller idle = 5
[2026-06-29 17:28:01.707] [info] Controller idle = 1
[2026-06-29 17:28:01.707] [info] Controller idle = 1
[2026-06-29 17:28:01.707] [info] Controller idle = 25
[2026-06-29 17:28:01.707] [info] Controller idle = 26
[2026-06-29 17:28:01.707] [info] Controller idle = 1
[2026-06-29 17:28:01.707] [info] Controller idle = 1
[2026-06-29 17:28:01.707] [info] Controller idle = 11
[2026-06-29 17:28:01.707] [info] Controller idle = 7
[2026-06-29 17:28:01.707] [info] Controller idle = 9
[2026-06-29 17:28:01.707] [info] Controller idle = 10
[2026-06-29 17:28:01.707] [info] Controller idle = 7
[2026-06-29 17:28:01.707] [info] Controller idle = 1
[2026-06-29 17:28:01.707] [info] Controller idle = 1
[2026-06-29 17:28:01.707] [info] Controller idle = 21526
[2026-06-29 17:28:01.707] [info] Controller idle = 8013
[2026-06-29 17:28:01.707] [info] Controller idle = 5
[2026-06-29 17:28:01.707] [info] Controller idle = 1
[2026-06-29 17:28:01.707] [info] Controller idle = 1
[2026-06-29 17:28:01.707] [info] Controller idle = 2
[2026-06-29 17:28:01.707] [info] Controller idle = 3
[2026-06-29 17:28:01.707] [info] Controller idle = 14
[2026-06-29 17:28:01.707] [info] Controller idle = 4
[2026-06-29 17:28:01.707] [info] Controller idle = 1
[2026-06-29 17:28:01.707] [info] Controller idle = 3
[2026-06-29 17:28:01.707] [info] Controller idle = 2
[2026-06-29 17:28:01.707] [info] Controller idle = 3
[2026-06-29 17:28:01.707] [info] Controller idle = 11
[2026-06-29 17:28:01.707] [info] Controller idle = 34199
[2026-06-29 17:28:01.707] [info] Controller idle = 29282
[2026-06-29 17:28:01.707] [info] Controller idle = 33573
[2026-06-29 17:28:01.707] [info] Controller idle = 1
[2026-06-29 17:28:01.707] [info] Controller idle = 1
[2026-06-29 17:28:01.707] [info] Controller idle = 16
[2026-06-29 17:28:01.707] [info] Controller idle = 1
[2026-06-29 17:28:01.707] [info] Controller idle = 13
[2026-06-29 17:28:01.707] [info] Controller idle = 1
[2026-06-29 17:28:01.707] [info] Controller idle = 1
[2026-06-29 17:28:01.707] [info] Controller idle = 5
[2026-06-29 17:28:01.707] [info] Controller idle = 3
[2026-06-29 17:28:01.707] [info] Controller idle = 4
[2026-06-29 17:28:01.707] [info] Controller idle = 5
[2026-06-29 17:28:01.707] [info] Controller idle = 1
[2026-06-29 17:28:01.707] [info] Controller idle = 5
[2026-06-29 17:28:01.707] [info] Controller idle = 1
[2026-06-29 17:28:01.707] [info] Controller idle = 8
[2026-06-29 17:28:01.707] [info] Controller idle = 1
[2026-06-29 17:28:01.707] [info] Controller idle = 1
[2026-06-29 17:28:01.707] [info] Controller idle = 1
[2026-06-29 17:28:01.707] [info] Controller idle = 3
[2026-06-29 17:28:01.707] [info] Controller idle = 17
[2026-06-29 17:28:01.707] [info] Controller idle = 1
[2026-06-29 17:28:01.707] [info] Controller idle = 1
[2026-06-29 17:28:01.707] [info] Controller idle = 1
[2026-06-29 17:28:01.707] [info] Controller idle = 15
[2026-06-29 17:28:01.707] [info] Controller idle = 1
[2026-06-29 17:28:01.707] [info] Controller idle = 1
[2026-06-29 17:28:01.707] [info] Controller idle = 1
[2026-06-29 17:28:01.707] [info] Controller idle = 5
[2026-06-29 17:28:01.707] [info] Controller idle = 1
[2026-06-29 17:28:01.707] [info] Controller idle = 9
[2026-06-29 17:28:01.707] [info] Controller idle = 1
[2026-06-29 17:28:01.707] [info] Controller idle = 2
[2026-06-29 17:28:01.707] [info] Controller idle = 1
[2026-06-29 17:28:01.707] [info] Controller idle = 1
[2026-06-29 17:28:01.707] [info] Controller idle = 3
[2026-06-29 17:28:01.707] [info] Controller idle = 7
[2026-06-29 17:28:01.707] [info] Controller idle = 1
[2026-06-29 17:28:01.707] [info] Controller idle = 2
[2026-06-29 17:28:01.707] [info] Controller idle = 6
[2026-06-29 17:28:01.707] [info] Controller idle = 1
[2026-06-29 17:28:01.707] [info] Controller idle = 29672
[2026-06-29 17:28:01.707] [info] Controller idle = 4
[2026-06-29 17:28:01.707] [info] Controller idle = 5
[2026-06-29 17:28:01.707] [info] Controller idle = 5
[2026-06-29 17:28:01.707] [info] Controller idle = 2
[2026-06-29 17:28:01.707] [info] Controller idle = 7
[2026-06-29 17:28:01.707] [info] Controller idle = 2
[2026-06-29 17:28:01.707] [info] Controller idle = 32984
[2026-06-29 17:28:01.707] [info] Controller idle = 9
[2026-06-29 17:28:01.707] [info] Controller idle = 1
[2026-06-29 17:28:01.707] [info] Controller idle = 1
[2026-06-29 17:28:01.707] [info] Controller idle = 6
[2026-06-29 17:28:01.707] [info] Controller idle = 16
[2026-06-29 17:28:01.707] [info] Controller idle = 1
[2026-06-29 17:28:01.707] [info] Controller idle = 29219
[2026-06-29 17:28:01.707] [info] Controller idle = 2
[2026-06-29 17:28:01.707] [info] Controller idle = 1
[2026-06-29 17:28:01.707] [info] Controller idle = 11
[2026-06-29 17:28:01.707] [info] Controller idle = 11
[2026-06-29 17:28:01.707] [info] Controller idle = 7
[2026-06-29 17:28:01.707] [info] Controller idle = 1
[2026-06-29 17:28:01.707] [info] Controller idle = 5
[2026-06-29 17:28:01.707] [info] Controller idle = 8940
[2026-06-29 17:28:01.707] [info] Controller idle = 1
[2026-06-29 17:28:01.707] [info] Controller idle = 1
[2026-06-29 17:28:01.707] [info] Controller idle = 3
[2026-06-29 17:28:01.707] [info] Controller idle = 8
[2026-06-29 17:28:01.707] [info] Controller idle = 1
[2026-06-29 17:28:01.707] [info] Controller idle = 2
[2026-06-29 17:28:01.707] [info] Controller idle = 6422
[2026-06-29 17:28:01.707] [info] Controller idle = 1499
[2026-06-29 17:28:01.707] [info] Controller idle = 1
[2026-06-29 17:28:01.707] [info] Controller idle = 1
[2026-06-29 17:28:01.707] [info] Controller idle = 2
[2026-06-29 17:28:01.707] [info] Controller idle = 2
[2026-06-29 17:28:01.707] [info] Controller idle = 1
[2026-06-29 17:28:01.707] [info] Controller idle = 1
[2026-06-29 17:28:01.707] [info] Controller idle = 1
[2026-06-29 17:28:01.707] [info] Controller idle = 1
[2026-06-29 17:28:01.707] [info] Controller idle = 1
[2026-06-29 17:28:01.707] [info] Controller idle = 8
[2026-06-29 17:28:01.707] [info] Controller idle = 2
[2026-06-29 17:28:01.707] [info] Controller idle = 1
[2026-06-29 17:28:01.707] [info] Controller idle = 3
[2026-06-29 17:28:01.707] [info] Controller idle = 9300
[2026-06-29 17:28:01.707] [info] Controller idle = 1
[2026-06-29 17:28:01.707] [info] Controller idle = 1
[2026-06-29 17:28:01.707] [info] Controller idle = 7
[2026-06-29 17:28:01.707] [info] Controller idle = 1
[2026-06-29 17:28:01.707] [info] Controller idle = 4
[2026-06-29 17:28:01.707] [info] Controller idle = 1
[2026-06-29 17:28:01.707] [info] Controller idle = 12
[2026-06-29 17:28:01.707] [info] Controller idle = 3
[2026-06-29 17:28:01.707] [info] Controller idle = 5
[2026-06-29 17:28:01.707] [info] Controller idle = 17
[2026-06-29 17:28:01.707] [info] Controller idle = 5
[2026-06-29 17:28:01.707] [info] Controller idle = 8
[2026-06-29 17:28:01.707] [info] Controller idle = 2
[2026-06-29 17:28:01.707] [info] Controller idle = 6414
[2026-06-29 17:28:01.707] [info] Controller idle = 9159
[2026-06-29 17:28:01.707] [info] Controller idle = 2
[2026-06-29 17:28:01.707] [info] Controller idle = 3
[2026-06-29 17:28:01.707] [info] Controller idle = 4
[2026-06-29 17:28:01.707] [info] Controller idle = 3
[2026-06-29 17:28:01.707] [info] Controller idle = 3
[2026-06-29 17:28:01.707] [info] Controller idle = 2
[2026-06-29 17:28:01.707] [info] Controller idle = 4
[2026-06-29 17:28:01.707] [info] Controller idle = 16
[2026-06-29 17:28:01.707] [info] Controller idle = 6418
[2026-06-29 17:28:01.707] [info] Controller idle = 2
[2026-06-29 17:28:01.707] [info] Controller idle = 9222
[2026-06-29 17:28:01.707] [info] Controller idle = 1
[2026-06-29 17:28:01.707] [info] Controller idle = 3
[2026-06-29 17:28:01.707] [info] Controller idle = 1
[2026-06-29 17:28:01.707] [info] Controller idle = 10
[2026-06-29 17:28:01.707] [info] Controller idle = 11
[2026-06-29 17:28:01.707] [info] Controller idle = 1
[2026-06-29 17:28:01.707] [info] Controller idle = 6421
[2026-06-29 17:28:01.707] [info] Controller idle = 2802
[2026-06-29 17:28:01.707] [info] Controller idle = 1532
[2026-06-29 17:28:01.707] [info] Controller idle = 1
[2026-06-29 17:28:01.707] [info] Controller idle = 1
[2026-06-29 17:28:01.707] [info] Controller idle = 1
[2026-06-29 17:28:01.707] [info] Controller idle = 1541
[2026-06-29 17:28:01.707] [info] Controller idle = 1542
[2026-06-29 17:28:01.707] [info] Controller idle = 3
[2026-06-29 17:28:01.707] [info] Controller idle = 6
[2026-06-29 17:28:01.707] [info] Controller idle = 662
[2026-06-29 17:28:01.707] [info] Controller idle = 4850
[2026-06-29 17:28:01.707] [info] Controller idle = 3659
[2026-06-29 17:28:01.707] [info] Controller idle = 3691
[2026-06-29 17:28:01.707] [info] Controller idle = 3659
[2026-06-29 17:28:01.707] [info] Controller idle = 3990
[2026-06-29 17:28:01.707] [info] Controller idle = 3696
[2026-06-29 17:28:01.707] [info] Controller idle = 3697
[2026-06-29 17:28:01.707] [info] Controller idle = 3669
[2026-06-29 17:28:01.707] [info] Controller idle = 1
[2026-06-29 17:28:01.707] [info] Controller idle = 4065
[2026-06-29 17:28:01.707] [info] Controller idle = 3672
[2026-06-29 17:28:01.707] [info] Controller idle = 9
[2026-06-29 17:28:01.707] [info] Controller idle = 1
[2026-06-29 17:28:01.707] [info] Controller idle = 3699
[2026-06-29 17:28:01.707] [info] Controller idle = 1
[2026-06-29 17:28:01.707] [info] Controller idle = 5
[2026-06-29 17:28:01.707] [info] Controller idle = 3651
[2026-06-29 17:28:01.707] [info] Controller idle = 2812
[2026-06-29 17:28:01.707] [info] Controller idle = 60
[2026-06-29 17:28:01.707] [info] Controller idle = 63
[2026-06-29 17:28:01.707] [info] Controller idle = 1
[2026-06-29 17:28:01.707] [info] Controller idle = 2426
[2026-06-29 17:28:01.707] [info] Controller idle = 1
[2026-06-29 17:28:01.707] [info] Controller idle = 2
[2026-06-29 17:28:01.707] [info] Controller idle = 1
[2026-06-29 17:28:01.707] [info] Controller idle = 14
[2026-06-29 17:28:01.707] [info] Controller idle = 4
[2026-06-29 17:28:01.707] [info] Controller idle = 85
[2026-06-29 17:28:01.707] [info] Controller idle = 3
[2026-06-29 17:28:01.707] [info] Controller idle = 5
[2026-06-29 17:28:01.707] [info] Controller idle = 16
[2026-06-29 17:28:01.707] [info] Controller idle = 95
[2026-06-29 17:28:01.707] [info] Controller idle = 4
[2026-06-29 17:28:01.707] [info] Controller idle = 10
[2026-06-29 17:28:01.707] [info] Controller idle = 1
[2026-06-29 17:28:01.707] [info] Controller idle = 15
[2026-06-29 17:28:01.707] [info] Controller idle = 5
[2026-06-29 17:28:01.707] [info] Controller idle = 4
[2026-06-29 17:28:01.707] [info] Controller idle = 3
[2026-06-29 17:28:01.707] [info] Controller idle = 2
[2026-06-29 17:28:01.707] [info] Controller idle = 2
[2026-06-29 17:28:01.707] [info] Controller idle = 2438
[2026-06-29 17:28:01.707] [info] Controller idle = 4
[2026-06-29 17:28:01.707] [info] Controller idle = 3
[2026-06-29 17:28:01.707] [info] Controller idle = 2
[2026-06-29 17:28:01.707] [info] Controller idle = 2
[2026-06-29 17:28:01.707] [info] Controller idle = 16
[2026-06-29 17:28:01.707] [info] Controller idle = 83
[2026-06-29 17:28:01.707] [info] Controller idle = 2
[2026-06-29 17:28:01.707] [info] Controller idle = 3
[2026-06-29 17:28:01.707] [info] Controller idle = 28
[2026-06-29 17:28:01.707] [info] Controller idle = 1
[2026-06-29 17:28:01.707] [info] Controller idle = 1
[2026-06-29 17:28:01.707] [info] Controller idle = 85
[2026-06-29 17:28:01.707] [info] Controller idle = 1
[2026-06-29 17:28:01.707] [info] Controller idle = 1
[2026-06-29 17:28:01.707] [info] Controller idle = 3
[2026-06-29 17:28:01.707] [info] Controller idle = 6
[2026-06-29 17:28:01.707] [info] Controller idle = 7
[2026-06-29 17:28:01.707] [info] Controller idle = 2
[2026-06-29 17:28:01.707] [info] Controller idle = 2
[2026-06-29 17:28:01.707] [info] Controller idle = 10
[2026-06-29 17:28:01.707] [info] Controller idle = 11
[2026-06-29 17:28:01.707] [info] Controller idle = 3
[2026-06-29 17:28:01.707] [info] Controller idle = 1
[2026-06-29 17:28:01.707] [info] Controller idle = 2435
[2026-06-29 17:28:01.707] [info] Controller idle = 1
[2026-06-29 17:28:01.707] [info] Controller idle = 1
[2026-06-29 17:28:01.707] [info] Controller idle = 8
[2026-06-29 17:28:01.707] [info] Controller idle = 2
[2026-06-29 17:28:01.707] [info] Controller idle = 1
[2026-06-29 17:28:01.707] [info] Controller idle = 1
[2026-06-29 17:28:01.707] [info] Controller idle = 1
[2026-06-29 17:28:01.707] [info] Controller idle = 1
[2026-06-29 17:28:01.707] [info] Controller idle = 87
[2026-06-29 17:28:01.707] [info] Controller idle = 3
[2026-06-29 17:28:01.707] [info] Controller idle = 4
[2026-06-29 17:28:01.707] [info] Controller idle = 2
[2026-06-29 17:28:01.707] [info] Controller idle = 4
[2026-06-29 17:28:01.707] [info] Controller idle = 99
[2026-06-29 17:28:01.707] [info] Controller idle = 21
[2026-06-29 17:28:01.707] [info] Controller idle = 1
[2026-06-29 17:28:01.707] [info] Controller idle = 1
[2026-06-29 17:28:01.707] [info] Controller idle = 14
[2026-06-29 17:28:01.707] [info] Controller idle = 5
[2026-06-29 17:28:01.707] [info] Controller idle = 4
[2026-06-29 17:28:01.707] [info] Controller idle = 3
[2026-06-29 17:28:01.707] [info] Controller idle = 1
[2026-06-29 17:28:01.707] [info] Controller idle = 1
[2026-06-29 17:28:01.707] [info] Controller idle = 2433
[2026-06-29 17:28:01.707] [info] Controller idle = 60
[2026-06-29 17:28:01.707] [info] Controller idle = 68
[2026-06-29 17:28:01.707] [info] Controller idle = 2406
[2026-06-29 17:28:01.707] [info] Controller idle = 1
[2026-06-29 17:28:01.707] [info] Controller idle = 1
[2026-06-29 17:28:01.707] [info] Controller idle = 3
[2026-06-29 17:28:01.707] [info] Controller idle = 1
[2026-06-29 17:28:01.707] [info] Controller idle = 9
[2026-06-29 17:28:01.707] [info] Controller idle = 3
[2026-06-29 17:28:01.707] [info] Controller idle = 84
[2026-06-29 17:28:01.707] [info] Controller idle = 15
[2026-06-29 17:28:01.707] [info] Controller idle = 5
[2026-06-29 17:28:01.707] [info] Controller idle = 1
[2026-06-29 17:28:01.707] [info] Controller idle = 2
[2026-06-29 17:28:01.707] [info] Controller idle = 2
[2026-06-29 17:28:01.707] [info] Controller idle = 91
[2026-06-29 17:28:01.707] [info] Controller idle = 6
[2026-06-29 17:28:01.707] [info] Controller idle = 5
[2026-06-29 17:28:01.707] [info] Controller idle = 6
[2026-06-29 17:28:01.707] [info] Controller idle = 2
[2026-06-29 17:28:01.707] [info] Controller idle = 1
[2026-06-29 17:28:01.707] [info] Controller idle = 16
[2026-06-29 17:28:01.707] [info] Controller idle = 5
[2026-06-29 17:28:01.707] [info] Controller idle = 11
[2026-06-29 17:28:01.707] [info] Controller idle = 2
[2026-06-29 17:28:01.707] [info] Controller idle = 2
[2026-06-29 17:28:01.707] [info] Controller idle = 4
[2026-06-29 17:28:01.707] [info] Controller idle = 2435
[2026-06-29 17:28:01.707] [info] Controller idle = 1
[2026-06-29 17:28:01.707] [info] Controller idle = 4
[2026-06-29 17:28:01.707] [info] Controller idle = 5
[2026-06-29 17:28:01.707] [info] Controller idle = 91
[2026-06-29 17:28:01.707] [info] Controller idle = 2
[2026-06-29 17:28:01.707] [info] Controller idle = 1
[2026-06-29 17:28:01.707] [info] Controller idle = 4
[2026-06-29 17:28:01.707] [info] Controller idle = 94
[2026-06-29 17:28:01.707] [info] Controller idle = 10
[2026-06-29 17:28:01.707] [info] Controller idle = 11
[2026-06-29 17:28:01.707] [info] Controller idle = 1
[2026-06-29 17:28:01.707] [info] Controller idle = 4
[2026-06-29 17:28:01.707] [info] Controller idle = 3
[2026-06-29 17:28:01.707] [info] Controller idle = 1
[2026-06-29 17:28:01.707] [info] Controller idle = 1
[2026-06-29 17:28:01.707] [info] Controller idle = 6
[2026-06-29 17:28:01.707] [info] Controller idle = 3
[2026-06-29 17:28:01.707] [info] Controller idle = 2445
[2026-06-29 17:28:01.707] [info] Controller idle = 13
[2026-06-29 17:28:01.707] [info] Controller idle = 2
[2026-06-29 17:28:01.707] [info] Controller idle = 86
[2026-06-29 17:28:01.707] [info] Controller idle = 4
[2026-06-29 17:28:01.707] [info] Controller idle = 2
[2026-06-29 17:28:01.707] [info] Controller idle = 3
[2026-06-29 17:28:01.707] [info] Controller idle = 2
[2026-06-29 17:28:01.707] [info] Controller idle = 12
[2026-06-29 17:28:01.707] [info] Controller idle = 90
[2026-06-29 17:28:01.707] [info] Controller idle = 1
[2026-06-29 17:28:01.707] [info] Controller idle = 5
[2026-06-29 17:28:01.707] [info] Controller idle = 5
[2026-06-29 17:28:01.707] [info] Controller idle = 1
[2026-06-29 17:28:01.707] [info] Controller idle = 3
[2026-06-29 17:28:01.707] [info] Controller idle = 13
[2026-06-29 17:28:01.707] [info] Controller idle = 1
[2026-06-29 17:28:01.707] [info] Controller idle = 565
[2026-06-29 17:28:01.707] [info] Controller idle = 114
[2026-06-29 17:28:01.707] [info] Controller idle = 3
[2026-06-29 17:28:01.707] [info] Controller idle = 19
[2026-06-29 17:28:01.707] [info] Controller idle = 14
[2026-06-29 17:28:01.707] [info] Controller idle = 1
[2026-06-29 17:28:01.707] [info] Controller idle = 6
[2026-06-29 17:28:01.707] [info] Controller idle = 26
[2026-06-29 17:28:01.707] [info] Controller idle = 1
[2026-06-29 17:28:01.707] [info] Controller idle = 5
[2026-06-29 17:28:01.707] [info] Controller idle = 2
[2026-06-29 17:28:01.707] [info] Controller idle = 4
[2026-06-29 17:28:01.707] [info] Controller idle = 20
[2026-06-29 17:28:01.707] [info] Controller idle = 1
[2026-06-29 17:28:01.707] [info] Controller idle = 10
[2026-06-29 17:28:01.707] [info] Controller idle = 1
[2026-06-29 17:28:01.707] [info] Controller idle = 1
[2026-06-29 17:28:01.707] [info] Controller idle = 136
[2026-06-29 17:28:01.708] [info] Controller idle = 5
[2026-06-29 17:28:01.708] [info] Controller idle = 11
[2026-06-29 17:28:01.708] [info] Controller idle = 2
[2026-06-29 17:28:01.708] [info] Controller idle = 1
[2026-06-29 17:28:01.708] [info] Controller idle = 8
[2026-06-29 17:28:01.708] [info] Controller idle = 3
[2026-06-29 17:28:01.708] [info] Controller idle = 1
[2026-06-29 17:28:01.708] [info] Controller idle = 22
[2026-06-29 17:28:01.708] [info] Controller idle = 4
[2026-06-29 17:28:01.708] [info] Controller idle = 3
[2026-06-29 17:28:01.708] [info] Controller idle = 2
[2026-06-29 17:28:01.708] [info] Controller idle = 2
[2026-06-29 17:28:01.708] [info] Controller idle = 2
[2026-06-29 17:28:01.708] [info] Controller idle = 2
[2026-06-29 17:28:01.708] [info] Controller idle = 10
[2026-06-29 17:28:01.708] [info] Controller idle = 4
[2026-06-29 17:28:01.708] [info] Controller idle = 1
[2026-06-29 17:28:01.708] [info] Controller idle = 3
[2026-06-29 17:28:01.708] [info] Controller idle = 1
[2026-06-29 17:28:01.708] [info] Controller idle = 6
[2026-06-29 17:28:01.708] [info] Controller idle = 8
[2026-06-29 17:28:01.708] [info] Controller idle = 136
[2026-06-29 17:28:01.708] [info] Controller idle = 5
[2026-06-29 17:28:01.708] [info] Controller idle = 3
[2026-06-29 17:28:01.708] [info] Controller idle = 2
[2026-06-29 17:28:01.708] [info] Controller idle = 15
[2026-06-29 17:28:01.708] [info] Controller idle = 3
[2026-06-29 17:28:01.708] [info] Controller idle = 2
[2026-06-29 17:28:01.708] [info] Controller idle = 38
[2026-06-29 17:28:01.708] [info] Controller idle = 1
[2026-06-29 17:28:01.708] [info] Controller idle = 1
[2026-06-29 17:28:01.708] [info] Controller idle = 1
[2026-06-29 17:28:01.708] [info] Controller idle = 1
[2026-06-29 17:28:01.708] [info] Controller idle = 6
[2026-06-29 17:28:01.708] [info] Controller idle = 2
[2026-06-29 17:28:01.708] [info] Controller idle = 2
[2026-06-29 17:28:01.708] [info] Controller idle = 9
[2026-06-29 17:28:01.708] [info] Controller idle = 3
[2026-06-29 17:28:01.708] [info] Controller idle = 4
[2026-06-29 17:28:01.708] [info] Controller idle = 4
[2026-06-29 17:28:01.708] [info] Controller idle = 2
[2026-06-29 17:28:01.708] [info] Controller idle = 125
[2026-06-29 17:28:01.708] [info] Controller idle = 111
[2026-06-29 17:28:01.708] [info] Controller idle = 1
[2026-06-29 17:28:01.708] [info] Controller idle = 9
[2026-06-29 17:28:01.708] [info] Controller idle = 6
[2026-06-29 17:28:01.708] [info] Controller idle = 1
[2026-06-29 17:28:01.708] [info] Controller idle = 3
[2026-06-29 17:28:01.708] [info] Controller idle = 2
[2026-06-29 17:28:01.708] [info] Controller idle = 1
[2026-06-29 17:28:01.708] [info] Controller idle = 28
[2026-06-29 17:28:01.708] [info] Controller idle = 1
[2026-06-29 17:28:01.708] [info] Controller idle = 1
[2026-06-29 17:28:01.708] [info] Controller idle = 1
[2026-06-29 17:28:01.708] [info] Controller idle = 1
[2026-06-29 17:28:01.708] [info] Controller idle = 10
[2026-06-29 17:28:01.708] [info] Controller idle = 5
[2026-06-29 17:28:01.708] [info] Controller idle = 5
[2026-06-29 17:28:01.708] [info] Controller idle = 4
[2026-06-29 17:28:01.708] [info] Controller idle = 1
[2026-06-29 17:28:01.708] [info] Controller idle = 3
[2026-06-29 17:28:01.708] [info] Controller idle = 3
[2026-06-29 17:28:01.708] [info] Controller idle = 2
[2026-06-29 17:28:01.708] [info] Controller idle = 135
[2026-06-29 17:28:01.708] [info] Controller idle = 1
[2026-06-29 17:28:01.708] [info] Controller idle = 3
[2026-06-29 17:28:01.708] [info] Controller idle = 4
[2026-06-29 17:28:01.708] [info] Controller idle = 6
[2026-06-29 17:28:01.708] [info] Controller idle = 2
[2026-06-29 17:28:01.708] [info] Controller idle = 1
[2026-06-29 17:28:01.708] [info] Controller idle = 3
[2026-06-29 17:28:01.708] [info] Controller idle = 40
[2026-06-29 17:28:01.708] [info] Controller idle = 3
[2026-06-29 17:28:01.708] [info] Controller idle = 1
[2026-06-29 17:28:01.708] [info] Controller idle = 1
[2026-06-29 17:28:01.708] [info] Controller idle = 2
[2026-06-29 17:28:01.708] [info] Controller idle = 2
[2026-06-29 17:28:01.708] [info] Controller idle = 1
[2026-06-29 17:28:01.708] [info] Controller idle = 2
[2026-06-29 17:28:01.708] [info] Controller idle = 9
[2026-06-29 17:28:01.708] [info] Controller idle = 1
[2026-06-29 17:28:01.708] [info] Controller idle = 1
[2026-06-29 17:28:01.708] [info] Controller idle = 24
[2026-06-29 17:28:01.708] [info] Controller idle = 135
[2026-06-29 17:28:01.708] [info] Controller idle = 7
[2026-06-29 17:28:01.708] [info] Controller idle = 2
[2026-06-29 17:28:01.708] [info] Controller idle = 1
[2026-06-29 17:28:01.708] [info] Controller idle = 1
[2026-06-29 17:28:01.708] [info] Controller idle = 3
[2026-06-29 17:28:01.708] [info] Controller idle = 2
[2026-06-29 17:28:01.708] [info] Controller idle = 1
[2026-06-29 17:28:01.708] [info] Controller idle = 11
[2026-06-29 17:28:01.708] [info] Controller idle = 35
[2026-06-29 17:28:01.708] [info] Controller idle = 4
[2026-06-29 17:28:01.708] [info] Controller idle = 8
[2026-06-29 17:28:01.708] [info] Controller idle = 1
[2026-06-29 17:28:01.708] [info] Controller idle = 5
[2026-06-29 17:28:01.708] [info] Controller idle = 4
[2026-06-29 17:28:01.708] [info] Controller idle = 8
[2026-06-29 17:28:01.708] [info] Controller idle = 2
[2026-06-29 17:28:01.708] [info] Controller idle = 4969
[2026-06-29 17:28:01.708] [info] Controller idle = 5372
[2026-06-29 17:28:01.708] [info] Controller idle = 1
[2026-06-29 17:28:01.708] [info] Controller idle = 10
[2026-06-29 17:28:01.708] [info] Controller idle = 1
[2026-06-29 17:28:01.708] [info] Controller idle = 1
[2026-06-29 17:28:01.708] [info] Controller idle = 2
[2026-06-29 17:28:01.708] [info] Controller idle = 1
[2026-06-29 17:28:01.708] [info] Controller idle = 1
[2026-06-29 17:28:01.708] [info] Controller idle = 1
[2026-06-29 17:28:01.708] [info] Controller idle = 16
[2026-06-29 17:28:01.708] [info] Controller idle = 5397
[2026-06-29 17:28:01.708] [info] Controller idle = 3
[2026-06-29 17:28:01.708] [info] Controller idle = 4
[2026-06-29 17:28:01.708] [info] Controller idle = 2
[2026-06-29 17:28:01.708] [info] Controller idle = 7
[2026-06-29 17:28:01.708] [info] Controller idle = 2
[2026-06-29 17:28:01.708] [info] Controller idle = 3
[2026-06-29 17:28:01.708] [info] Controller idle = 1
[2026-06-29 17:28:01.708] [info] Controller idle = 3
[2026-06-29 17:28:01.708] [info] Controller idle = 2
[2026-06-29 17:28:01.708] [info] Controller idle = 1
[2026-06-29 17:28:01.708] [info] Controller idle = 4
[2026-06-29 17:28:01.708] [info] Controller idle = 7
[2026-06-29 17:28:01.708] [info] Controller idle = 9
[2026-06-29 17:28:01.708] [info] Controller idle = 1
[2026-06-29 17:28:01.708] [info] Controller idle = 5392
[2026-06-29 17:28:01.708] [info] Controller idle = 4
[2026-06-29 17:28:01.708] [info] Controller idle = 2
[2026-06-29 17:28:01.708] [info] Controller idle = 2
[2026-06-29 17:28:01.708] [info] Controller idle = 9
[2026-06-29 17:28:01.708] [info] Controller idle = 1
[2026-06-29 17:28:01.708] [info] Controller idle = 1
[2026-06-29 17:28:01.708] [info] Controller idle = 1
[2026-06-29 17:28:01.708] [info] Controller idle = 4
[2026-06-29 17:28:01.708] [info] Controller idle = 1
[2026-06-29 17:28:01.708] [info] Controller idle = 4
[2026-06-29 17:28:01.708] [info] Controller idle = 3
[2026-06-29 17:28:01.708] [info] Controller idle = 5400
[2026-06-29 17:28:01.708] [info] Controller idle = 5366
[2026-06-29 17:28:01.708] [info] Controller idle = 1
[2026-06-29 17:28:01.708] [info] Controller idle = 7
[2026-06-29 17:28:01.708] [info] Controller idle = 9
[2026-06-29 17:28:01.708] [info] Controller idle = 1
[2026-06-29 17:28:01.708] [info] Controller idle = 3
[2026-06-29 17:28:01.708] [info] Controller idle = 4
[2026-06-29 17:28:01.708] [info] Controller idle = 1
[2026-06-29 17:28:01.708] [info] Controller idle = 2
[2026-06-29 17:28:01.708] [info] Controller idle = 1
[2026-06-29 17:28:01.708] [info] Controller idle = 1
[2026-06-29 17:28:01.708] [info] Controller idle = 1
[2026-06-29 17:28:01.708] [info] Controller idle = 2
[2026-06-29 17:28:01.708] [info] Controller idle = 4
[2026-06-29 17:28:01.708] [info] Controller idle = 6
[2026-06-29 17:28:01.708] [info] Controller idle = 2
[2026-06-29 17:28:01.708] [info] Controller idle = 8
[2026-06-29 17:28:01.708] [info] Controller idle = 5399
[2026-06-29 17:28:01.708] [info] Controller idle = 1
[2026-06-29 17:28:01.708] [info] Controller idle = 4
[2026-06-29 17:28:01.708] [info] Controller idle = 4
[2026-06-29 17:28:01.708] [info] Controller idle = 4
[2026-06-29 17:28:01.708] [info] Controller idle = 3
[2026-06-29 17:28:01.708] [info] Controller idle = 3
[2026-06-29 17:28:01.708] [info] Controller idle = 1
[2026-06-29 17:28:01.708] [info] Controller idle = 5417
[2026-06-29 17:28:01.708] [info] Controller idle = 9
[2026-06-29 17:28:01.708] [info] Controller idle = 5
[2026-06-29 17:28:01.708] [info] Controller idle = 6
[2026-06-29 17:28:01.708] [info] Controller idle = 3
[2026-06-29 17:28:01.708] [info] Controller idle = 3
[2026-06-29 17:28:01.708] [info] Controller idle = 1
[2026-06-29 17:28:01.708] [info] Controller idle = 5012
[2026-06-29 17:28:01.708] [info] Controller idle = 2
[2026-06-29 17:28:01.708] [info] Controller idle = 5364
[2026-06-29 17:28:01.708] [info] Controller idle = 1
[2026-06-29 17:28:01.708] [info] Controller idle = 21
[2026-06-29 17:28:01.708] [info] Controller idle = 1
[2026-06-29 17:28:01.708] [info] Controller idle = 2
[2026-06-29 17:28:01.708] [info] Controller idle = 1
[2026-06-29 17:28:01.708] [info] Controller idle = 3
[2026-06-29 17:28:01.708] [info] Controller idle = 3
[2026-06-29 17:28:01.708] [info] Controller idle = 4
[2026-06-29 17:28:01.708] [info] Controller idle = 2
[2026-06-29 17:28:01.708] [info] Controller idle = 1
[2026-06-29 17:28:01.708] [info] Controller idle = 1
[2026-06-29 17:28:01.708] [info] Controller idle = 1
[2026-06-29 17:28:01.708] [info] Controller idle = 1
[2026-06-29 17:28:01.708] [info] Controller idle = 2
[2026-06-29 17:28:01.708] [info] Controller idle = 5403
[2026-06-29 17:28:01.708] [info] Controller idle = 5
[2026-06-29 17:28:01.708] [info] Controller idle = 4
[2026-06-29 17:28:01.708] [info] Controller idle = 7
[2026-06-29 17:28:01.708] [info] Controller idle = 2
[2026-06-29 17:28:01.708] [info] Controller idle = 11
[2026-06-29 17:28:01.708] [info] Controller idle = 9
[2026-06-29 17:28:01.708] [info] Controller idle = 3
[2026-06-29 17:28:01.708] [info] Controller idle = 1
[2026-06-29 17:28:01.708] [info] Controller idle = 1
[2026-06-29 17:28:01.708] [info] Controller idle = 1
[2026-06-29 17:28:01.708] [info] Controller idle = 3
[2026-06-29 17:28:01.708] [info] Controller idle = 4
[2026-06-29 17:28:01.708] [info] Controller idle = 1
[2026-06-29 17:28:01.708] [info] Controller idle = 2
[2026-06-29 17:28:01.708] [info] Controller idle = 8
[2026-06-29 17:28:01.708] [info] Controller idle = 2
[2026-06-29 17:28:01.708] [info] Controller idle = 1
[2026-06-29 17:28:01.708] [info] Controller idle = 5395
[2026-06-29 17:28:01.708] [info] Controller idle = 1
[2026-06-29 17:28:01.708] [info] Controller idle = 4
[2026-06-29 17:28:01.708] [info] Controller idle = 2
[2026-06-29 17:28:01.708] [info] Controller idle = 1
[2026-06-29 17:28:01.708] [info] Controller idle = 1
[2026-06-29 17:28:01.708] [info] Controller idle = 15
[2026-06-29 17:28:01.708] [info] Controller idle = 1
[2026-06-29 17:28:01.708] [info] Controller idle = 1
[2026-06-29 17:28:01.708] [info] Controller idle = 3
[2026-06-29 17:28:01.708] [info] Controller idle = 1
[2026-06-29 17:28:01.708] [info] Controller idle = 1
[2026-06-29 17:28:01.708] [info] Controller idle = 3
[2026-06-29 17:28:01.708] [info] Controller idle = 3
[2026-06-29 17:28:01.708] [info] Controller idle = 6
[2026-06-29 17:28:01.708] [info] Controller idle = 5
[2026-06-29 17:28:01.708] [info] Controller idle = 1
[2026-06-29 17:28:01.708] [info] Controller idle = 1
[2026-06-29 17:28:01.708] [info] Controller idle = 1
[2026-06-29 17:28:01.708] [info] Controller idle = 1
[2026-06-29 17:28:01.708] [info] Controller idle = 1
[2026-06-29 17:28:01.708] [info] Controller idle = 5381
[2026-06-29 17:28:01.708] [info] Controller idle = 3
[2026-06-29 17:28:01.708] [info] Controller idle = 1
[2026-06-29 17:28:01.708] [info] Controller idle = 5368
[2026-06-29 17:28:01.708] [info] Controller idle = 1
[2026-06-29 17:28:01.708] [info] Controller idle = 1
[2026-06-29 17:28:01.708] [info] Controller idle = 2
[2026-06-29 17:28:01.708] [info] Controller idle = 8
[2026-06-29 17:28:01.708] [info] Controller idle = 1
[2026-06-29 17:28:01.708] [info] Controller idle = 3
[2026-06-29 17:28:01.708] [info] Controller idle = 10
[2026-06-29 17:28:01.708] [info] Controller idle = 1
[2026-06-29 17:28:01.708] [info] Controller idle = 2
[2026-06-29 17:28:01.708] [info] Controller idle = 1
[2026-06-29 17:28:01.708] [info] Controller idle = 1
[2026-06-29 17:28:01.708] [info] Controller idle = 5
[2026-06-29 17:28:01.708] [info] Controller idle = 1
[2026-06-29 17:28:01.708] [info] Controller idle = 2
[2026-06-29 17:28:01.708] [info] Controller idle = 5
[2026-06-29 17:28:01.708] [info] Controller idle = 5398
[2026-06-29 17:28:01.708] [info] Controller idle = 1
[2026-06-29 17:28:01.708] [info] Controller idle = 1
[2026-06-29 17:28:01.708] [info] Controller idle = 2
[2026-06-29 17:28:01.708] [info] Controller idle = 5
[2026-06-29 17:28:01.708] [info] Controller idle = 2
[2026-06-29 17:28:01.708] [info] Controller idle = 6
[2026-06-29 17:28:01.708] [info] Controller idle = 1
[2026-06-29 17:28:01.708] [info] Controller idle = 9
[2026-06-29 17:28:01.708] [info] Controller idle = 5
[2026-06-29 17:28:01.708] [info] Controller idle = 3
[2026-06-29 17:28:01.708] [info] Controller idle = 2
[2026-06-29 17:28:01.708] [info] Controller idle = 1
[2026-06-29 17:28:01.708] [info] Controller idle = 3
[2026-06-29 17:28:01.708] [info] Controller idle = 2
[2026-06-29 17:28:01.708] [info] Controller idle = 5
[2026-06-29 17:28:01.708] [info] Controller idle = 4
[2026-06-29 17:28:01.708] [info] Controller idle = 2
[2026-06-29 17:28:01.708] [info] Controller idle = 1
[2026-06-29 17:28:01.708] [info] Controller idle = 1
[2026-06-29 17:28:01.708] [info] Controller idle = 1
[2026-06-29 17:28:01.708] [info] Controller idle = 5392
[2026-06-29 17:28:01.708] [info] Controller idle = 1
[2026-06-29 17:28:01.708] [info] Controller idle = 1
[2026-06-29 17:28:01.708] [info] Controller idle = 7
[2026-06-29 17:28:01.708] [info] Controller idle = 4
[2026-06-29 17:28:01.708] [info] Controller idle = 1
[2026-06-29 17:28:01.708] [info] Controller idle = 9
[2026-06-29 17:28:01.708] [info] Controller idle = 4854
[2026-06-29 17:28:01.708] [info] Controller idle = 84
[2026-06-29 17:28:01.708] [info] Controller idle = 85
[2026-06-29 17:28:01.708] [info] Controller idle = 1
[2026-06-29 17:28:01.708] [info] Controller idle = 5135
[2026-06-29 17:28:01.708] [info] Controller idle = 1
[2026-06-29 17:28:01.708] [info] Controller idle = 10
[2026-06-29 17:28:01.708] [info] Controller idle = 116
[2026-06-29 17:28:01.708] [info] Controller idle = 4
[2026-06-29 17:28:01.708] [info] Controller idle = 1
[2026-06-29 17:28:01.708] [info] Controller idle = 2
[2026-06-29 17:28:01.708] [info] Controller idle = 4
[2026-06-29 17:28:01.708] [info] Controller idle = 3
[2026-06-29 17:28:01.708] [info] Controller idle = 9
[2026-06-29 17:28:01.708] [info] Controller idle = 4
[2026-06-29 17:28:01.708] [info] Controller idle = 9
[2026-06-29 17:28:01.708] [info] Controller idle = 8
[2026-06-29 17:28:01.708] [info] Controller idle = 2
[2026-06-29 17:28:01.708] [info] Controller idle = 2
[2026-06-29 17:28:01.708] [info] Controller idle = 123
[2026-06-29 17:28:01.708] [info] Controller idle = 2
[2026-06-29 17:28:01.708] [info] Controller idle = 1
[2026-06-29 17:28:01.708] [info] Controller idle = 5
[2026-06-29 17:28:01.708] [info] Controller idle = 1
[2026-06-29 17:28:01.708] [info] Controller idle = 2
[2026-06-29 17:28:01.708] [info] Controller idle = 5154
[2026-06-29 17:28:01.708] [info] Controller idle = 15
[2026-06-29 17:28:01.708] [info] Controller idle = 8
[2026-06-29 17:28:01.708] [info] Controller idle = 129
[2026-06-29 17:28:01.708] [info] Controller idle = 3
[2026-06-29 17:28:01.708] [info] Controller idle = 15
[2026-06-29 17:28:01.708] [info] Controller idle = 1
[2026-06-29 17:28:01.708] [info] Controller idle = 1
[2026-06-29 17:28:01.708] [info] Controller idle = 1
[2026-06-29 17:28:01.708] [info] Controller idle = 15
[2026-06-29 17:28:01.708] [info] Controller idle = 9
[2026-06-29 17:28:01.708] [info] Controller idle = 115
[2026-06-29 17:28:01.708] [info] Controller idle = 4
[2026-06-29 17:28:01.708] [info] Controller idle = 3
[2026-06-29 17:28:01.708] [info] Controller idle = 4
[2026-06-29 17:28:01.708] [info] Controller idle = 5157
[2026-06-29 17:28:01.708] [info] Controller idle = 3
[2026-06-29 17:28:01.708] [info] Controller idle = 3
[2026-06-29 17:28:01.708] [info] Controller idle = 3
[2026-06-29 17:28:01.708] [info] Controller idle = 2
[2026-06-29 17:28:01.708] [info] Controller idle = 8
[2026-06-29 17:28:01.708] [info] Controller idle = 1
[2026-06-29 17:28:01.708] [info] Controller idle = 1
[2026-06-29 17:28:01.708] [info] Controller idle = 1
[2026-06-29 17:28:01.708] [info] Controller idle = 95
[2026-06-29 17:28:01.708] [info] Controller idle = 10
[2026-06-29 17:28:01.708] [info] Controller idle = 3
[2026-06-29 17:28:01.708] [info] Controller idle = 1
[2026-06-29 17:28:01.708] [info] Controller idle = 1
[2026-06-29 17:28:01.708] [info] Controller idle = 6
[2026-06-29 17:28:01.708] [info] Controller idle = 2
[2026-06-29 17:28:01.708] [info] Controller idle = 4
[2026-06-29 17:28:01.708] [info] Controller idle = 1
[2026-06-29 17:28:01.708] [info] Controller idle = 1
[2026-06-29 17:28:01.708] [info] Controller idle = 7
[2026-06-29 17:28:01.708] [info] Controller idle = 1
[2026-06-29 17:28:01.708] [info] Controller idle = 121
[2026-06-29 17:28:01.708] [info] Controller idle = 3
[2026-06-29 17:28:01.708] [info] Controller idle = 1
[2026-06-29 17:28:01.708] [info] Controller idle = 8
[2026-06-29 17:28:01.708] [info] Controller idle = 1
[2026-06-29 17:28:01.708] [info] Controller idle = 3
[2026-06-29 17:28:01.708] [info] Controller idle = 5146
[2026-06-29 17:28:01.708] [info] Controller idle = 84
[2026-06-29 17:28:01.708] [info] Controller idle = 94
[2026-06-29 17:28:01.708] [info] Controller idle = 4
[2026-06-29 17:28:01.708] [info] Controller idle = 5135
[2026-06-29 17:28:01.708] [info] Controller idle = 3
[2026-06-29 17:28:01.708] [info] Controller idle = 3
[2026-06-29 17:28:01.708] [info] Controller idle = 2
[2026-06-29 17:28:01.708] [info] Controller idle = 115
[2026-06-29 17:28:01.708] [info] Controller idle = 2
[2026-06-29 17:28:01.708] [info] Controller idle = 4
[2026-06-29 17:28:01.708] [info] Controller idle = 5
[2026-06-29 17:28:01.708] [info] Controller idle = 27
[2026-06-29 17:28:01.708] [info] Controller idle = 4
[2026-06-29 17:28:01.708] [info] Controller idle = 1
[2026-06-29 17:28:01.708] [info] Controller idle = 125
[2026-06-29 17:28:01.708] [info] Controller idle = 1
[2026-06-29 17:28:01.708] [info] Controller idle = 1
[2026-06-29 17:28:01.708] [info] Controller idle = 1
[2026-06-29 17:28:01.708] [info] Controller idle = 1
[2026-06-29 17:28:01.708] [info] Controller idle = 2
[2026-06-29 17:28:01.708] [info] Controller idle = 5
[2026-06-29 17:28:01.709] [info] Controller idle = 5159
[2026-06-29 17:28:01.709] [info] Controller idle = 1
[2026-06-29 17:28:01.709] [info] Controller idle = 9
[2026-06-29 17:28:01.709] [info] Controller idle = 1
[2026-06-29 17:28:01.709] [info] Controller idle = 1
[2026-06-29 17:28:01.709] [info] Controller idle = 3
[2026-06-29 17:28:01.709] [info] Controller idle = 5
[2026-06-29 17:28:01.709] [info] Controller idle = 114
[2026-06-29 17:28:01.709] [info] Controller idle = 4
[2026-06-29 17:28:01.709] [info] Controller idle = 1
[2026-06-29 17:28:01.709] [info] Controller idle = 4
[2026-06-29 17:28:01.709] [info] Controller idle = 3
[2026-06-29 17:28:01.709] [info] Controller idle = 3
[2026-06-29 17:28:01.709] [info] Controller idle = 6
[2026-06-29 17:28:01.709] [info] Controller idle = 1
[2026-06-29 17:28:01.709] [info] Controller idle = 1
[2026-06-29 17:28:01.709] [info] Controller idle = 4
[2026-06-29 17:28:01.709] [info] Controller idle = 4
[2026-06-29 17:28:01.709] [info] Controller idle = 5
[2026-06-29 17:28:01.709] [info] Controller idle = 130
[2026-06-29 17:28:01.709] [info] Controller idle = 4
[2026-06-29 17:28:01.709] [info] Controller idle = 2
[2026-06-29 17:28:01.709] [info] Controller idle = 1
[2026-06-29 17:28:01.709] [info] Controller idle = 17
[2026-06-29 17:28:01.709] [info] Controller idle = 5155
[2026-06-29 17:28:01.709] [info] Controller idle = 1
[2026-06-29 17:28:01.709] [info] Controller idle = 1
[2026-06-29 17:28:01.709] [info] Controller idle = 3
[2026-06-29 17:28:01.709] [info] Controller idle = 2
[2026-06-29 17:28:01.709] [info] Controller idle = 1
[2026-06-29 17:28:01.709] [info] Controller idle = 2
[2026-06-29 17:28:01.709] [info] Controller idle = 4
[2026-06-29 17:28:01.709] [info] Controller idle = 1
[2026-06-29 17:28:01.709] [info] Controller idle = 109
[2026-06-29 17:28:01.709] [info] Controller idle = 19
[2026-06-29 17:28:01.709] [info] Controller idle = 4
[2026-06-29 17:28:01.709] [info] Controller idle = 1
[2026-06-29 17:28:01.709] [info] Controller idle = 4
[2026-06-29 17:28:01.709] [info] Controller idle = 1
[2026-06-29 17:28:01.709] [info] Controller idle = 2
[2026-06-29 17:28:01.709] [info] Controller idle = 4
[2026-06-29 17:28:01.709] [info] Controller idle = 124
[2026-06-29 17:28:01.709] [info] Controller idle = 5
[2026-06-29 17:28:01.709] [info] Controller idle = 1047
[2026-06-29 17:28:01.709] [info] Controller idle = 34
MemorySystem:
  impl: GenericDRAM
  total_num_other_requests: 0
  total_num_write_requests: 77646
  total_num_read_requests: 55435
  memory_system_cycles: 2594267

  DRAM:
    impl: HBM2
    dram_commands: 206428
  AddrMapper:
    impl: RoBaRaCoCh
  Controller:
    impl: Generic
    id: Channel 0
    Scheduler:
      impl: FRFCFS
    RefreshManager:
      impl: AllBank



Frontend:
  impl: GEM5

[2026-06-29 17:28:01.709] [info] Row hits: 95300, Row misses: 966, Row conflicts: 36475
[2026-06-29 17:28:01.709] [info] Controller idle = 11
[2026-06-29 17:28:01.709] [info] Controller idle = 26671
[2026-06-29 17:28:01.709] [info] Controller idle = 25724
[2026-06-29 17:28:01.709] [info] Controller idle = 25726
[2026-06-29 17:28:01.709] [info] Controller idle = 25712
[2026-06-29 17:28:01.709] [info] Controller idle = 25723
[2026-06-29 17:28:01.709] [info] Controller idle = 25719
[2026-06-29 17:28:01.709] [info] Controller idle = 25724
[2026-06-29 17:28:01.709] [info] Controller idle = 25937
[2026-06-29 17:28:01.709] [info] Controller idle = 25772
[2026-06-29 17:28:01.709] [info] Controller idle = 231647
[2026-06-29 17:28:01.709] [info] Controller idle = 3
[2026-06-29 17:28:01.709] [info] Controller idle = 2
[2026-06-29 17:28:01.709] [info] Controller idle = 231677
[2026-06-29 17:28:01.709] [info] Controller idle = 2
[2026-06-29 17:28:01.709] [info] Controller idle = 1
[2026-06-29 17:28:01.709] [info] Controller idle = 1
[2026-06-29 17:28:01.709] [info] Controller idle = 4
[2026-06-29 17:28:01.709] [info] Controller idle = 2
[2026-06-29 17:28:01.709] [info] Controller idle = 231638
[2026-06-29 17:28:01.709] [info] Controller idle = 7
[2026-06-29 17:28:01.709] [info] Controller idle = 1
[2026-06-29 17:28:01.709] [info] Controller idle = 7
[2026-06-29 17:28:01.709] [info] Controller idle = 231586
[2026-06-29 17:28:01.709] [info] Controller idle = 231611
[2026-06-29 17:28:01.709] [info] Controller idle = 10
[2026-06-29 17:28:01.709] [info] Controller idle = 231833
[2026-06-29 17:28:01.709] [info] Controller idle = 1
[2026-06-29 17:28:01.709] [info] Controller idle = 232633
[2026-06-29 17:28:01.709] [info] Controller idle = 23179
[2026-06-29 17:28:01.709] [info] Controller idle = 8003
[2026-06-29 17:28:01.709] [info] Controller idle = 6
[2026-06-29 17:28:01.709] [info] Controller idle = 11
[2026-06-29 17:28:01.709] [info] Controller idle = 3
[2026-06-29 17:28:01.709] [info] Controller idle = 3
[2026-06-29 17:28:01.709] [info] Controller idle = 1
[2026-06-29 17:28:01.709] [info] Controller idle = 4
[2026-06-29 17:28:01.709] [info] Controller idle = 1
[2026-06-29 17:28:01.709] [info] Controller idle = 6
[2026-06-29 17:28:01.709] [info] Controller idle = 3
[2026-06-29 17:28:01.709] [info] Controller idle = 1
[2026-06-29 17:28:01.709] [info] Controller idle = 5
[2026-06-29 17:28:01.709] [info] Controller idle = 1
[2026-06-29 17:28:01.709] [info] Controller idle = 2
[2026-06-29 17:28:01.709] [info] Controller idle = 4
[2026-06-29 17:28:01.709] [info] Controller idle = 1
[2026-06-29 17:28:01.709] [info] Controller idle = 2
[2026-06-29 17:28:01.709] [info] Controller idle = 3
[2026-06-29 17:28:01.709] [info] Controller idle = 1
[2026-06-29 17:28:01.709] [info] Controller idle = 11
[2026-06-29 17:28:01.709] [info] Controller idle = 14
[2026-06-29 17:28:01.709] [info] Controller idle = 1
[2026-06-29 17:28:01.709] [info] Controller idle = 2
[2026-06-29 17:28:01.709] [info] Controller idle = 5
[2026-06-29 17:28:01.709] [info] Controller idle = 2
[2026-06-29 17:28:01.709] [info] Controller idle = 1
[2026-06-29 17:28:01.709] [info] Controller idle = 2
[2026-06-29 17:28:01.709] [info] Controller idle = 1
[2026-06-29 17:28:01.709] [info] Controller idle = 5
[2026-06-29 17:28:01.709] [info] Controller idle = 17
[2026-06-29 17:28:01.709] [info] Controller idle = 2
[2026-06-29 17:28:01.709] [info] Controller idle = 1
[2026-06-29 17:28:01.709] [info] Controller idle = 12
[2026-06-29 17:28:01.709] [info] Controller idle = 7
[2026-06-29 17:28:01.709] [info] Controller idle = 10
[2026-06-29 17:28:01.709] [info] Controller idle = 3
[2026-06-29 17:28:01.709] [info] Controller idle = 25
[2026-06-29 17:28:01.709] [info] Controller idle = 1
[2026-06-29 17:28:01.709] [info] Controller idle = 1
[2026-06-29 17:28:01.709] [info] Controller idle = 3
[2026-06-29 17:28:01.709] [info] Controller idle = 1
[2026-06-29 17:28:01.709] [info] Controller idle = 4
[2026-06-29 17:28:01.709] [info] Controller idle = 5
[2026-06-29 17:28:01.709] [info] Controller idle = 1
[2026-06-29 17:28:01.709] [info] Controller idle = 30
[2026-06-29 17:28:01.709] [info] Controller idle = 10
[2026-06-29 17:28:01.709] [info] Controller idle = 1
[2026-06-29 17:28:01.709] [info] Controller idle = 12
[2026-06-29 17:28:01.709] [info] Controller idle = 14
[2026-06-29 17:28:01.709] [info] Controller idle = 2
[2026-06-29 17:28:01.709] [info] Controller idle = 1
[2026-06-29 17:28:01.709] [info] Controller idle = 4
[2026-06-29 17:28:01.709] [info] Controller idle = 5
[2026-06-29 17:28:01.709] [info] Controller idle = 2
[2026-06-29 17:28:01.709] [info] Controller idle = 8
[2026-06-29 17:28:01.709] [info] Controller idle = 1
[2026-06-29 17:28:01.709] [info] Controller idle = 1
[2026-06-29 17:28:01.709] [info] Controller idle = 22
[2026-06-29 17:28:01.709] [info] Controller idle = 1
[2026-06-29 17:28:01.709] [info] Controller idle = 3
[2026-06-29 17:28:01.709] [info] Controller idle = 21503
[2026-06-29 17:28:01.709] [info] Controller idle = 8013
[2026-06-29 17:28:01.709] [info] Controller idle = 14
[2026-06-29 17:28:01.709] [info] Controller idle = 8
[2026-06-29 17:28:01.709] [info] Controller idle = 1
[2026-06-29 17:28:01.709] [info] Controller idle = 2
[2026-06-29 17:28:01.709] [info] Controller idle = 3
[2026-06-29 17:28:01.709] [info] Controller idle = 4
[2026-06-29 17:28:01.709] [info] Controller idle = 2
[2026-06-29 17:28:01.709] [info] Controller idle = 2
[2026-06-29 17:28:01.709] [info] Controller idle = 1
[2026-06-29 17:28:01.709] [info] Controller idle = 1
[2026-06-29 17:28:01.709] [info] Controller idle = 1
[2026-06-29 17:28:01.709] [info] Controller idle = 1
[2026-06-29 17:28:01.709] [info] Controller idle = 1
[2026-06-29 17:28:01.709] [info] Controller idle = 9
[2026-06-29 17:28:01.709] [info] Controller idle = 6
[2026-06-29 17:28:01.709] [info] Controller idle = 33992
[2026-06-29 17:28:01.709] [info] Controller idle = 29263
[2026-06-29 17:28:01.709] [info] Controller idle = 1
[2026-06-29 17:28:01.709] [info] Controller idle = 1
[2026-06-29 17:28:01.709] [info] Controller idle = 33373
[2026-06-29 17:28:01.709] [info] Controller idle = 2
[2026-06-29 17:28:01.709] [info] Controller idle = 1
[2026-06-29 17:28:01.709] [info] Controller idle = 4
[2026-06-29 17:28:01.709] [info] Controller idle = 1
[2026-06-29 17:28:01.709] [info] Controller idle = 3
[2026-06-29 17:28:01.709] [info] Controller idle = 2
[2026-06-29 17:28:01.709] [info] Controller idle = 8
[2026-06-29 17:28:01.709] [info] Controller idle = 2
[2026-06-29 17:28:01.709] [info] Controller idle = 1
[2026-06-29 17:28:01.709] [info] Controller idle = 1
[2026-06-29 17:28:01.709] [info] Controller idle = 1
[2026-06-29 17:28:01.709] [info] Controller idle = 2
[2026-06-29 17:28:01.709] [info] Controller idle = 5
[2026-06-29 17:28:01.709] [info] Controller idle = 1
[2026-06-29 17:28:01.709] [info] Controller idle = 2
[2026-06-29 17:28:01.709] [info] Controller idle = 2
[2026-06-29 17:28:01.709] [info] Controller idle = 1
[2026-06-29 17:28:01.709] [info] Controller idle = 21
[2026-06-29 17:28:01.709] [info] Controller idle = 12
[2026-06-29 17:28:01.709] [info] Controller idle = 1
[2026-06-29 17:28:01.709] [info] Controller idle = 8
[2026-06-29 17:28:01.709] [info] Controller idle = 2
[2026-06-29 17:28:01.709] [info] Controller idle = 11
[2026-06-29 17:28:01.709] [info] Controller idle = 2
[2026-06-29 17:28:01.709] [info] Controller idle = 4
[2026-06-29 17:28:01.709] [info] Controller idle = 6
[2026-06-29 17:28:01.709] [info] Controller idle = 1
[2026-06-29 17:28:01.709] [info] Controller idle = 3
[2026-06-29 17:28:01.709] [info] Controller idle = 17
[2026-06-29 17:28:01.709] [info] Controller idle = 29671
[2026-06-29 17:28:01.709] [info] Controller idle = 9
[2026-06-29 17:28:01.709] [info] Controller idle = 32844
[2026-06-29 17:28:01.709] [info] Controller idle = 1
[2026-06-29 17:28:01.709] [info] Controller idle = 3
[2026-06-29 17:28:01.709] [info] Controller idle = 4
[2026-06-29 17:28:01.709] [info] Controller idle = 1
[2026-06-29 17:28:01.709] [info] Controller idle = 9
[2026-06-29 17:28:01.709] [info] Controller idle = 3
[2026-06-29 17:28:01.709] [info] Controller idle = 12
[2026-06-29 17:28:01.709] [info] Controller idle = 29176
[2026-06-29 17:28:01.709] [info] Controller idle = 6
[2026-06-29 17:28:01.709] [info] Controller idle = 5
[2026-06-29 17:28:01.709] [info] Controller idle = 1
[2026-06-29 17:28:01.709] [info] Controller idle = 1
[2026-06-29 17:28:01.709] [info] Controller idle = 7
[2026-06-29 17:28:01.709] [info] Controller idle = 2
[2026-06-29 17:28:01.709] [info] Controller idle = 17
[2026-06-29 17:28:01.709] [info] Controller idle = 2
[2026-06-29 17:28:01.709] [info] Controller idle = 9272
[2026-06-29 17:28:01.709] [info] Controller idle = 1
[2026-06-29 17:28:01.709] [info] Controller idle = 1
[2026-06-29 17:28:01.709] [info] Controller idle = 1
[2026-06-29 17:28:01.709] [info] Controller idle = 1
[2026-06-29 17:28:01.709] [info] Controller idle = 2
[2026-06-29 17:28:01.709] [info] Controller idle = 4
[2026-06-29 17:28:01.709] [info] Controller idle = 5
[2026-06-29 17:28:01.709] [info] Controller idle = 3
[2026-06-29 17:28:01.709] [info] Controller idle = 3
[2026-06-29 17:28:01.709] [info] Controller idle = 2
[2026-06-29 17:28:01.709] [info] Controller idle = 2
[2026-06-29 17:28:01.709] [info] Controller idle = 30
[2026-06-29 17:28:01.709] [info] Controller idle = 1
[2026-06-29 17:28:01.709] [info] Controller idle = 6397
[2026-06-29 17:28:01.709] [info] Controller idle = 1548
[2026-06-29 17:28:01.709] [info] Controller idle = 1
[2026-06-29 17:28:01.709] [info] Controller idle = 1
[2026-06-29 17:28:01.709] [info] Controller idle = 1
[2026-06-29 17:28:01.709] [info] Controller idle = 7
[2026-06-29 17:28:01.709] [info] Controller idle = 19
[2026-06-29 17:28:01.709] [info] Controller idle = 5
[2026-06-29 17:28:01.709] [info] Controller idle = 3
[2026-06-29 17:28:01.709] [info] Controller idle = 9206
[2026-06-29 17:28:01.709] [info] Controller idle = 2
[2026-06-29 17:28:01.709] [info] Controller idle = 1
[2026-06-29 17:28:01.709] [info] Controller idle = 1
[2026-06-29 17:28:01.709] [info] Controller idle = 1
[2026-06-29 17:28:01.709] [info] Controller idle = 1
[2026-06-29 17:28:01.709] [info] Controller idle = 10
[2026-06-29 17:28:01.709] [info] Controller idle = 3
[2026-06-29 17:28:01.709] [info] Controller idle = 8
[2026-06-29 17:28:01.709] [info] Controller idle = 8
[2026-06-29 17:28:01.709] [info] Controller idle = 1
[2026-06-29 17:28:01.709] [info] Controller idle = 1
[2026-06-29 17:28:01.709] [info] Controller idle = 1
[2026-06-29 17:28:01.709] [info] Controller idle = 1
[2026-06-29 17:28:01.709] [info] Controller idle = 1
[2026-06-29 17:28:01.709] [info] Controller idle = 1
[2026-06-29 17:28:01.709] [info] Controller idle = 1
[2026-06-29 17:28:01.709] [info] Controller idle = 6402
[2026-06-29 17:28:01.709] [info] Controller idle = 9061
[2026-06-29 17:28:01.709] [info] Controller idle = 1
[2026-06-29 17:28:01.709] [info] Controller idle = 1
[2026-06-29 17:28:01.709] [info] Controller idle = 1
[2026-06-29 17:28:01.709] [info] Controller idle = 1
[2026-06-29 17:28:01.709] [info] Controller idle = 2
[2026-06-29 17:28:01.709] [info] Controller idle = 2
[2026-06-29 17:28:01.709] [info] Controller idle = 1
[2026-06-29 17:28:01.709] [info] Controller idle = 1
[2026-06-29 17:28:01.709] [info] Controller idle = 6
[2026-06-29 17:28:01.709] [info] Controller idle = 2
[2026-06-29 17:28:01.709] [info] Controller idle = 2
[2026-06-29 17:28:01.709] [info] Controller idle = 3
[2026-06-29 17:28:01.709] [info] Controller idle = 1
[2026-06-29 17:28:01.709] [info] Controller idle = 3
[2026-06-29 17:28:01.709] [info] Controller idle = 2
[2026-06-29 17:28:01.709] [info] Controller idle = 1
[2026-06-29 17:28:01.709] [info] Controller idle = 3
[2026-06-29 17:28:01.709] [info] Controller idle = 2
[2026-06-29 17:28:01.709] [info] Controller idle = 1
[2026-06-29 17:28:01.709] [info] Controller idle = 6422
[2026-06-29 17:28:01.709] [info] Controller idle = 9087
[2026-06-29 17:28:01.709] [info] Controller idle = 3
[2026-06-29 17:28:01.709] [info] Controller idle = 2
[2026-06-29 17:28:01.709] [info] Controller idle = 2
[2026-06-29 17:28:01.709] [info] Controller idle = 4
[2026-06-29 17:28:01.709] [info] Controller idle = 1
[2026-06-29 17:28:01.709] [info] Controller idle = 4
[2026-06-29 17:28:01.709] [info] Controller idle = 1
[2026-06-29 17:28:01.709] [info] Controller idle = 1
[2026-06-29 17:28:01.709] [info] Controller idle = 1
[2026-06-29 17:28:01.709] [info] Controller idle = 2
[2026-06-29 17:28:01.709] [info] Controller idle = 8
[2026-06-29 17:28:01.709] [info] Controller idle = 2
[2026-06-29 17:28:01.709] [info] Controller idle = 5
[2026-06-29 17:28:01.709] [info] Controller idle = 11
[2026-06-29 17:28:01.709] [info] Controller idle = 10
[2026-06-29 17:28:01.709] [info] Controller idle = 6445
[2026-06-29 17:28:01.709] [info] Controller idle = 2767
[2026-06-29 17:28:01.709] [info] Controller idle = 1564
[2026-06-29 17:28:01.709] [info] Controller idle = 1561
[2026-06-29 17:28:01.709] [info] Controller idle = 1
[2026-06-29 17:28:01.709] [info] Controller idle = 1551
[2026-06-29 17:28:01.709] [info] Controller idle = 1
[2026-06-29 17:28:01.709] [info] Controller idle = 2
[2026-06-29 17:28:01.709] [info] Controller idle = 618
[2026-06-29 17:28:01.709] [info] Controller idle = 4906
[2026-06-29 17:28:01.709] [info] Controller idle = 3683
[2026-06-29 17:28:01.709] [info] Controller idle = 3706
[2026-06-29 17:28:01.709] [info] Controller idle = 3652
[2026-06-29 17:28:01.709] [info] Controller idle = 3959
[2026-06-29 17:28:01.709] [info] Controller idle = 3
[2026-06-29 17:28:01.709] [info] Controller idle = 3685
[2026-06-29 17:28:01.709] [info] Controller idle = 3683
[2026-06-29 17:28:01.709] [info] Controller idle = 3696
[2026-06-29 17:28:01.709] [info] Controller idle = 3
[2026-06-29 17:28:01.709] [info] Controller idle = 4019
[2026-06-29 17:28:01.709] [info] Controller idle = 1
[2026-06-29 17:28:01.709] [info] Controller idle = 1
[2026-06-29 17:28:01.709] [info] Controller idle = 3677
[2026-06-29 17:28:01.709] [info] Controller idle = 3
[2026-06-29 17:28:01.709] [info] Controller idle = 3695
[2026-06-29 17:28:01.709] [info] Controller idle = 1
[2026-06-29 17:28:01.709] [info] Controller idle = 3687
[2026-06-29 17:28:01.709] [info] Controller idle = 2759
[2026-06-29 17:28:01.709] [info] Controller idle = 60
[2026-06-29 17:28:01.709] [info] Controller idle = 70
[2026-06-29 17:28:01.709] [info] Controller idle = 2418
[2026-06-29 17:28:01.709] [info] Controller idle = 1
[2026-06-29 17:28:01.709] [info] Controller idle = 2
[2026-06-29 17:28:01.709] [info] Controller idle = 2
[2026-06-29 17:28:01.709] [info] Controller idle = 6
[2026-06-29 17:28:01.709] [info] Controller idle = 3
[2026-06-29 17:28:01.709] [info] Controller idle = 97
[2026-06-29 17:28:01.709] [info] Controller idle = 1
[2026-06-29 17:28:01.709] [info] Controller idle = 1
[2026-06-29 17:28:01.709] [info] Controller idle = 5
[2026-06-29 17:28:01.709] [info] Controller idle = 5
[2026-06-29 17:28:01.709] [info] Controller idle = 4
[2026-06-29 17:28:01.709] [info] Controller idle = 1
[2026-06-29 17:28:01.709] [info] Controller idle = 1
[2026-06-29 17:28:01.709] [info] Controller idle = 6
[2026-06-29 17:28:01.709] [info] Controller idle = 1
[2026-06-29 17:28:01.710] [info] Controller idle = 83
[2026-06-29 17:28:01.710] [info] Controller idle = 3
[2026-06-29 17:28:01.710] [info] Controller idle = 9
[2026-06-29 17:28:01.710] [info] Controller idle = 11
[2026-06-29 17:28:01.710] [info] Controller idle = 5
[2026-06-29 17:28:01.710] [info] Controller idle = 5
[2026-06-29 17:28:01.710] [info] Controller idle = 2
[2026-06-29 17:28:01.710] [info] Controller idle = 2
[2026-06-29 17:28:01.710] [info] Controller idle = 2
[2026-06-29 17:28:01.710] [info] Controller idle = 4
[2026-06-29 17:28:01.710] [info] Controller idle = 1
[2026-06-29 17:28:01.710] [info] Controller idle = 2434
[2026-06-29 17:28:01.710] [info] Controller idle = 5
[2026-06-29 17:28:01.710] [info] Controller idle = 3
[2026-06-29 17:28:01.710] [info] Controller idle = 5
[2026-06-29 17:28:01.710] [info] Controller idle = 4
[2026-06-29 17:28:01.710] [info] Controller idle = 4
[2026-06-29 17:28:01.710] [info] Controller idle = 90
[2026-06-29 17:28:01.710] [info] Controller idle = 5
[2026-06-29 17:28:01.710] [info] Controller idle = 1
[2026-06-29 17:28:01.710] [info] Controller idle = 3
[2026-06-29 17:28:01.710] [info] Controller idle = 9
[2026-06-29 17:28:01.710] [info] Controller idle = 4
[2026-06-29 17:28:01.710] [info] Controller idle = 86
[2026-06-29 17:28:01.710] [info] Controller idle = 1
[2026-06-29 17:28:01.710] [info] Controller idle = 4
[2026-06-29 17:28:01.710] [info] Controller idle = 2
[2026-06-29 17:28:01.710] [info] Controller idle = 1
[2026-06-29 17:28:01.710] [info] Controller idle = 17
[2026-06-29 17:28:01.710] [info] Controller idle = 3
[2026-06-29 17:28:01.710] [info] Controller idle = 1
[2026-06-29 17:28:01.710] [info] Controller idle = 6
[2026-06-29 17:28:01.710] [info] Controller idle = 8
[2026-06-29 17:28:01.710] [info] Controller idle = 2
[2026-06-29 17:28:01.710] [info] Controller idle = 2429
[2026-06-29 17:28:01.710] [info] Controller idle = 4
[2026-06-29 17:28:01.710] [info] Controller idle = 2
[2026-06-29 17:28:01.710] [info] Controller idle = 3
[2026-06-29 17:28:01.710] [info] Controller idle = 5
[2026-06-29 17:28:01.710] [info] Controller idle = 1
[2026-06-29 17:28:01.710] [info] Controller idle = 3
[2026-06-29 17:28:01.710] [info] Controller idle = 84
[2026-06-29 17:28:01.710] [info] Controller idle = 1
[2026-06-29 17:28:01.710] [info] Controller idle = 1
[2026-06-29 17:28:01.710] [info] Controller idle = 1
[2026-06-29 17:28:01.710] [info] Controller idle = 1
[2026-06-29 17:28:01.710] [info] Controller idle = 2
[2026-06-29 17:28:01.710] [info] Controller idle = 1
[2026-06-29 17:28:01.710] [info] Controller idle = 4
[2026-06-29 17:28:01.710] [info] Controller idle = 104
[2026-06-29 17:28:01.710] [info] Controller idle = 2
[2026-06-29 17:28:01.710] [info] Controller idle = 32
[2026-06-29 17:28:01.710] [info] Controller idle = 1
[2026-06-29 17:28:01.710] [info] Controller idle = 1
[2026-06-29 17:28:01.710] [info] Controller idle = 5
[2026-06-29 17:28:01.710] [info] Controller idle = 9
[2026-06-29 17:28:01.710] [info] Controller idle = 2429
[2026-06-29 17:28:01.710] [info] Controller idle = 64
[2026-06-29 17:28:01.710] [info] Controller idle = 66
[2026-06-29 17:28:01.710] [info] Controller idle = 2414
[2026-06-29 17:28:01.710] [info] Controller idle = 11
[2026-06-29 17:28:01.710] [info] Controller idle = 16
[2026-06-29 17:28:01.710] [info] Controller idle = 1
[2026-06-29 17:28:01.710] [info] Controller idle = 80
[2026-06-29 17:28:01.710] [info] Controller idle = 3
[2026-06-29 17:28:01.710] [info] Controller idle = 2
[2026-06-29 17:28:01.710] [info] Controller idle = 1
[2026-06-29 17:28:01.710] [info] Controller idle = 5
[2026-06-29 17:28:01.710] [info] Controller idle = 1
[2026-06-29 17:28:01.710] [info] Controller idle = 6
[2026-06-29 17:28:01.710] [info] Controller idle = 2
[2026-06-29 17:28:01.710] [info] Controller idle = 90
[2026-06-29 17:28:01.710] [info] Controller idle = 1
[2026-06-29 17:28:01.710] [info] Controller idle = 1
[2026-06-29 17:28:01.710] [info] Controller idle = 4
[2026-06-29 17:28:01.710] [info] Controller idle = 8
[2026-06-29 17:28:01.710] [info] Controller idle = 3
[2026-06-29 17:28:01.710] [info] Controller idle = 13
[2026-06-29 17:28:01.710] [info] Controller idle = 1
[2026-06-29 17:28:01.710] [info] Controller idle = 1
[2026-06-29 17:28:01.710] [info] Controller idle = 6
[2026-06-29 17:28:01.710] [info] Controller idle = 12
[2026-06-29 17:28:01.710] [info] Controller idle = 2433
[2026-06-29 17:28:01.710] [info] Controller idle = 1
[2026-06-29 17:28:01.710] [info] Controller idle = 6
[2026-06-29 17:28:01.710] [info] Controller idle = 3
[2026-06-29 17:28:01.710] [info] Controller idle = 1
[2026-06-29 17:28:01.710] [info] Controller idle = 2
[2026-06-29 17:28:01.710] [info] Controller idle = 89
[2026-06-29 17:28:01.710] [info] Controller idle = 1
[2026-06-29 17:28:01.710] [info] Controller idle = 9
[2026-06-29 17:28:01.710] [info] Controller idle = 2
[2026-06-29 17:28:01.710] [info] Controller idle = 5
[2026-06-29 17:28:01.710] [info] Controller idle = 5
[2026-06-29 17:28:01.710] [info] Controller idle = 95
[2026-06-29 17:28:01.710] [info] Controller idle = 2
[2026-06-29 17:28:01.710] [info] Controller idle = 1
[2026-06-29 17:28:01.710] [info] Controller idle = 18
[2026-06-29 17:28:01.710] [info] Controller idle = 1
[2026-06-29 17:28:01.710] [info] Controller idle = 7
[2026-06-29 17:28:01.710] [info] Controller idle = 5
[2026-06-29 17:28:01.710] [info] Controller idle = 1
[2026-06-29 17:28:01.710] [info] Controller idle = 2442
[2026-06-29 17:28:01.710] [info] Controller idle = 1
[2026-06-29 17:28:01.710] [info] Controller idle = 2
[2026-06-29 17:28:01.710] [info] Controller idle = 1
[2026-06-29 17:28:01.710] [info] Controller idle = 1
[2026-06-29 17:28:01.710] [info] Controller idle = 1
[2026-06-29 17:28:01.710] [info] Controller idle = 92
[2026-06-29 17:28:01.710] [info] Controller idle = 12
[2026-06-29 17:28:01.710] [info] Controller idle = 1
[2026-06-29 17:28:01.710] [info] Controller idle = 1
[2026-06-29 17:28:01.710] [info] Controller idle = 92
[2026-06-29 17:28:01.710] [info] Controller idle = 11
[2026-06-29 17:28:01.710] [info] Controller idle = 1
[2026-06-29 17:28:01.710] [info] Controller idle = 1
[2026-06-29 17:28:01.710] [info] Controller idle = 2
[2026-06-29 17:28:01.710] [info] Controller idle = 4
[2026-06-29 17:28:01.710] [info] Controller idle = 12
[2026-06-29 17:28:01.710] [info] Controller idle = 577
[2026-06-29 17:28:01.710] [info] Controller idle = 2
[2026-06-29 17:28:01.710] [info] Controller idle = 105
[2026-06-29 17:28:01.710] [info] Controller idle = 2
[2026-06-29 17:28:01.710] [info] Controller idle = 5
[2026-06-29 17:28:01.710] [info] Controller idle = 14
[2026-06-29 17:28:01.710] [info] Controller idle = 1
[2026-06-29 17:28:01.710] [info] Controller idle = 7
[2026-06-29 17:28:01.710] [info] Controller idle = 1
[2026-06-29 17:28:01.710] [info] Controller idle = 6
[2026-06-29 17:28:01.710] [info] Controller idle = 4
[2026-06-29 17:28:01.710] [info] Controller idle = 3
[2026-06-29 17:28:01.710] [info] Controller idle = 1
[2026-06-29 17:28:01.710] [info] Controller idle = 1
[2026-06-29 17:28:01.710] [info] Controller idle = 22
[2026-06-29 17:28:01.710] [info] Controller idle = 1
[2026-06-29 17:28:01.710] [info] Controller idle = 1
[2026-06-29 17:28:01.710] [info] Controller idle = 4
[2026-06-29 17:28:01.710] [info] Controller idle = 9
[2026-06-29 17:28:01.710] [info] Controller idle = 5
[2026-06-29 17:28:01.710] [info] Controller idle = 11
[2026-06-29 17:28:01.710] [info] Controller idle = 1
[2026-06-29 17:28:01.710] [info] Controller idle = 2
[2026-06-29 17:28:01.710] [info] Controller idle = 4
[2026-06-29 17:28:01.710] [info] Controller idle = 1
[2026-06-29 17:28:01.710] [info] Controller idle = 12
[2026-06-29 17:28:01.710] [info] Controller idle = 1
[2026-06-29 17:28:01.710] [info] Controller idle = 127
[2026-06-29 17:28:01.710] [info] Controller idle = 1
[2026-06-29 17:28:01.710] [info] Controller idle = 1
[2026-06-29 17:28:01.710] [info] Controller idle = 7
[2026-06-29 17:28:01.710] [info] Controller idle = 5
[2026-06-29 17:28:01.710] [info] Controller idle = 1
[2026-06-29 17:28:01.710] [info] Controller idle = 3
[2026-06-29 17:28:01.710] [info] Controller idle = 2
[2026-06-29 17:28:01.710] [info] Controller idle = 3
[2026-06-29 17:28:01.710] [info] Controller idle = 4
[2026-06-29 17:28:01.710] [info] Controller idle = 35
[2026-06-29 17:28:01.710] [info] Controller idle = 1
[2026-06-29 17:28:01.710] [info] Controller idle = 7
[2026-06-29 17:28:01.710] [info] Controller idle = 14
[2026-06-29 17:28:01.710] [info] Controller idle = 7
[2026-06-29 17:28:01.710] [info] Controller idle = 5
[2026-06-29 17:28:01.710] [info] Controller idle = 5
[2026-06-29 17:28:01.710] [info] Controller idle = 2
[2026-06-29 17:28:01.710] [info] Controller idle = 8
[2026-06-29 17:28:01.710] [info] Controller idle = 18
[2026-06-29 17:28:01.710] [info] Controller idle = 122
[2026-06-29 17:28:01.710] [info] Controller idle = 1
[2026-06-29 17:28:01.710] [info] Controller idle = 2
[2026-06-29 17:28:01.710] [info] Controller idle = 11
[2026-06-29 17:28:01.710] [info] Controller idle = 4
[2026-06-29 17:28:01.710] [info] Controller idle = 2
[2026-06-29 17:28:01.710] [info] Controller idle = 10
[2026-06-29 17:28:01.710] [info] Controller idle = 9
[2026-06-29 17:28:01.710] [info] Controller idle = 1
[2026-06-29 17:28:01.710] [info] Controller idle = 3
[2026-06-29 17:28:01.710] [info] Controller idle = 2
[2026-06-29 17:28:01.710] [info] Controller idle = 1
[2026-06-29 17:28:01.710] [info] Controller idle = 17
[2026-06-29 17:28:01.710] [info] Controller idle = 2
[2026-06-29 17:28:01.710] [info] Controller idle = 1
[2026-06-29 17:28:01.710] [info] Controller idle = 3
[2026-06-29 17:28:01.710] [info] Controller idle = 6
[2026-06-29 17:28:01.710] [info] Controller idle = 15
[2026-06-29 17:28:01.710] [info] Controller idle = 1
[2026-06-29 17:28:01.710] [info] Controller idle = 1
[2026-06-29 17:28:01.710] [info] Controller idle = 2
[2026-06-29 17:28:01.710] [info] Controller idle = 142
[2026-06-29 17:28:01.710] [info] Controller idle = 7
[2026-06-29 17:28:01.710] [info] Controller idle = 107
[2026-06-29 17:28:01.710] [info] Controller idle = 1
[2026-06-29 17:28:01.710] [info] Controller idle = 6
[2026-06-29 17:28:01.710] [info] Controller idle = 1
[2026-06-29 17:28:01.710] [info] Controller idle = 10
[2026-06-29 17:28:01.710] [info] Controller idle = 1
[2026-06-29 17:28:01.710] [info] Controller idle = 1
[2026-06-29 17:28:01.710] [info] Controller idle = 1
[2026-06-29 17:28:01.710] [info] Controller idle = 5
[2026-06-29 17:28:01.710] [info] Controller idle = 1
[2026-06-29 17:28:01.710] [info] Controller idle = 1
[2026-06-29 17:28:01.710] [info] Controller idle = 2
[2026-06-29 17:28:01.710] [info] Controller idle = 28
[2026-06-29 17:28:01.710] [info] Controller idle = 1
[2026-06-29 17:28:01.710] [info] Controller idle = 18
[2026-06-29 17:28:01.710] [info] Controller idle = 1
[2026-06-29 17:28:01.710] [info] Controller idle = 6
[2026-06-29 17:28:01.710] [info] Controller idle = 2
[2026-06-29 17:28:01.710] [info] Controller idle = 2
[2026-06-29 17:28:01.710] [info] Controller idle = 10
[2026-06-29 17:28:01.710] [info] Controller idle = 4
[2026-06-29 17:28:01.710] [info] Controller idle = 134
[2026-06-29 17:28:01.710] [info] Controller idle = 2
[2026-06-29 17:28:01.710] [info] Controller idle = 1
[2026-06-29 17:28:01.710] [info] Controller idle = 13
[2026-06-29 17:28:01.710] [info] Controller idle = 2
[2026-06-29 17:28:01.710] [info] Controller idle = 9
[2026-06-29 17:28:01.710] [info] Controller idle = 4
[2026-06-29 17:28:01.710] [info] Controller idle = 9
[2026-06-29 17:28:01.710] [info] Controller idle = 2
[2026-06-29 17:28:01.710] [info] Controller idle = 1
[2026-06-29 17:28:01.710] [info] Controller idle = 20
[2026-06-29 17:28:01.710] [info] Controller idle = 29
[2026-06-29 17:28:01.710] [info] Controller idle = 1
[2026-06-29 17:28:01.710] [info] Controller idle = 8
[2026-06-29 17:28:01.710] [info] Controller idle = 1
[2026-06-29 17:28:01.710] [info] Controller idle = 2
[2026-06-29 17:28:01.710] [info] Controller idle = 1
[2026-06-29 17:28:01.710] [info] Controller idle = 1
[2026-06-29 17:28:01.710] [info] Controller idle = 5
[2026-06-29 17:28:01.710] [info] Controller idle = 139
[2026-06-29 17:28:01.710] [info] Controller idle = 4
[2026-06-29 17:28:01.710] [info] Controller idle = 4
[2026-06-29 17:28:01.711] [info] Controller idle = 3
[2026-06-29 17:28:01.711] [info] Controller idle = 1
[2026-06-29 17:28:01.711] [info] Controller idle = 5
[2026-06-29 17:28:01.711] [info] Controller idle = 2
[2026-06-29 17:28:01.711] [info] Controller idle = 9
[2026-06-29 17:28:01.711] [info] Controller idle = 1
[2026-06-29 17:28:01.711] [info] Controller idle = 12
[2026-06-29 17:28:01.711] [info] Controller idle = 4
[2026-06-29 17:28:01.711] [info] Controller idle = 29
[2026-06-29 17:28:01.711] [info] Controller idle = 17
[2026-06-29 17:28:01.711] [info] Controller idle = 3
[2026-06-29 17:28:01.711] [info] Controller idle = 12
[2026-06-29 17:28:01.711] [info] Controller idle = 4977
[2026-06-29 17:28:01.711] [info] Controller idle = 5363
[2026-06-29 17:28:01.711] [info] Controller idle = 2
[2026-06-29 17:28:01.711] [info] Controller idle = 1
[2026-06-29 17:28:01.711] [info] Controller idle = 6
[2026-06-29 17:28:01.711] [info] Controller idle = 6
[2026-06-29 17:28:01.711] [info] Controller idle = 1
[2026-06-29 17:28:01.711] [info] Controller idle = 5
[2026-06-29 17:28:01.711] [info] Controller idle = 1
[2026-06-29 17:28:01.711] [info] Controller idle = 1
[2026-06-29 17:28:01.711] [info] Controller idle = 2
[2026-06-29 17:28:01.711] [info] Controller idle = 3
[2026-06-29 17:28:01.711] [info] Controller idle = 4
[2026-06-29 17:28:01.711] [info] Controller idle = 10
[2026-06-29 17:28:01.711] [info] Controller idle = 10
[2026-06-29 17:28:01.711] [info] Controller idle = 4
[2026-06-29 17:28:01.711] [info] Controller idle = 5395
[2026-06-29 17:28:01.711] [info] Controller idle = 4
[2026-06-29 17:28:01.711] [info] Controller idle = 3
[2026-06-29 17:28:01.711] [info] Controller idle = 17
[2026-06-29 17:28:01.711] [info] Controller idle = 2
[2026-06-29 17:28:01.711] [info] Controller idle = 3
[2026-06-29 17:28:01.711] [info] Controller idle = 1
[2026-06-29 17:28:01.711] [info] Controller idle = 4
[2026-06-29 17:28:01.711] [info] Controller idle = 2
[2026-06-29 17:28:01.711] [info] Controller idle = 2
[2026-06-29 17:28:01.711] [info] Controller idle = 3
[2026-06-29 17:28:01.711] [info] Controller idle = 5402
[2026-06-29 17:28:01.711] [info] Controller idle = 8
[2026-06-29 17:28:01.711] [info] Controller idle = 2
[2026-06-29 17:28:01.711] [info] Controller idle = 5
[2026-06-29 17:28:01.711] [info] Controller idle = 4
[2026-06-29 17:28:01.711] [info] Controller idle = 2
[2026-06-29 17:28:01.711] [info] Controller idle = 5423
[2026-06-29 17:28:01.711] [info] Controller idle = 5366
[2026-06-29 17:28:01.711] [info] Controller idle = 1
[2026-06-29 17:28:01.711] [info] Controller idle = 1
[2026-06-29 17:28:01.711] [info] Controller idle = 2
[2026-06-29 17:28:01.711] [info] Controller idle = 1
[2026-06-29 17:28:01.711] [info] Controller idle = 2
[2026-06-29 17:28:01.711] [info] Controller idle = 2
[2026-06-29 17:28:01.711] [info] Controller idle = 1
[2026-06-29 17:28:01.711] [info] Controller idle = 4
[2026-06-29 17:28:01.711] [info] Controller idle = 2
[2026-06-29 17:28:01.711] [info] Controller idle = 3
[2026-06-29 17:28:01.711] [info] Controller idle = 4
[2026-06-29 17:28:01.711] [info] Controller idle = 1
[2026-06-29 17:28:01.711] [info] Controller idle = 6
[2026-06-29 17:28:01.711] [info] Controller idle = 8
[2026-06-29 17:28:01.711] [info] Controller idle = 1
[2026-06-29 17:28:01.711] [info] Controller idle = 3
[2026-06-29 17:28:01.711] [info] Controller idle = 1
[2026-06-29 17:28:01.711] [info] Controller idle = 1
[2026-06-29 17:28:01.711] [info] Controller idle = 4
[2026-06-29 17:28:01.711] [info] Controller idle = 6
[2026-06-29 17:28:01.711] [info] Controller idle = 2
[2026-06-29 17:28:01.711] [info] Controller idle = 1
[2026-06-29 17:28:01.711] [info] Controller idle = 5391
[2026-06-29 17:28:01.711] [info] Controller idle = 1
[2026-06-29 17:28:01.711] [info] Controller idle = 1
[2026-06-29 17:28:01.711] [info] Controller idle = 5
[2026-06-29 17:28:01.711] [info] Controller idle = 4
[2026-06-29 17:28:01.711] [info] Controller idle = 2
[2026-06-29 17:28:01.711] [info] Controller idle = 2
[2026-06-29 17:28:01.711] [info] Controller idle = 3
[2026-06-29 17:28:01.711] [info] Controller idle = 1
[2026-06-29 17:28:01.711] [info] Controller idle = 2
[2026-06-29 17:28:01.711] [info] Controller idle = 6
[2026-06-29 17:28:01.711] [info] Controller idle = 16
[2026-06-29 17:28:01.711] [info] Controller idle = 1
[2026-06-29 17:28:01.711] [info] Controller idle = 5405
[2026-06-29 17:28:01.711] [info] Controller idle = 1
[2026-06-29 17:28:01.711] [info] Controller idle = 1
[2026-06-29 17:28:01.711] [info] Controller idle = 3
[2026-06-29 17:28:01.711] [info] Controller idle = 1
[2026-06-29 17:28:01.711] [info] Controller idle = 4
[2026-06-29 17:28:01.711] [info] Controller idle = 1
[2026-06-29 17:28:01.711] [info] Controller idle = 1
[2026-06-29 17:28:01.711] [info] Controller idle = 3
[2026-06-29 17:28:01.711] [info] Controller idle = 5031
[2026-06-29 17:28:01.711] [info] Controller idle = 5363
[2026-06-29 17:28:01.711] [info] Controller idle = 8
[2026-06-29 17:28:01.711] [info] Controller idle = 1
[2026-06-29 17:28:01.711] [info] Controller idle = 2
[2026-06-29 17:28:01.711] [info] Controller idle = 1
[2026-06-29 17:28:01.711] [info] Controller idle = 1
[2026-06-29 17:28:01.711] [info] Controller idle = 1
[2026-06-29 17:28:01.711] [info] Controller idle = 24
[2026-06-29 17:28:01.711] [info] Controller idle = 5388
[2026-06-29 17:28:01.711] [info] Controller idle = 3
[2026-06-29 17:28:01.711] [info] Controller idle = 1
[2026-06-29 17:28:01.711] [info] Controller idle = 11
[2026-06-29 17:28:01.711] [info] Controller idle = 5
[2026-06-29 17:28:01.711] [info] Controller idle = 5395
[2026-06-29 17:28:01.711] [info] Controller idle = 2
[2026-06-29 17:28:01.711] [info] Controller idle = 12
[2026-06-29 17:28:01.711] [info] Controller idle = 4
[2026-06-29 17:28:01.711] [info] Controller idle = 1
[2026-06-29 17:28:01.711] [info] Controller idle = 1
[2026-06-29 17:28:01.711] [info] Controller idle = 1
[2026-06-29 17:28:01.711] [info] Controller idle = 2
[2026-06-29 17:28:01.711] [info] Controller idle = 4
[2026-06-29 17:28:01.711] [info] Controller idle = 2
[2026-06-29 17:28:01.711] [info] Controller idle = 2
[2026-06-29 17:28:01.711] [info] Controller idle = 2
[2026-06-29 17:28:01.711] [info] Controller idle = 1
[2026-06-29 17:28:01.711] [info] Controller idle = 5401
[2026-06-29 17:28:01.711] [info] Controller idle = 5359
[2026-06-29 17:28:01.711] [info] Controller idle = 3
[2026-06-29 17:28:01.711] [info] Controller idle = 1
[2026-06-29 17:28:01.711] [info] Controller idle = 5
[2026-06-29 17:28:01.711] [info] Controller idle = 2
[2026-06-29 17:28:01.711] [info] Controller idle = 9
[2026-06-29 17:28:01.711] [info] Controller idle = 3
[2026-06-29 17:28:01.711] [info] Controller idle = 6
[2026-06-29 17:28:01.711] [info] Controller idle = 3
[2026-06-29 17:28:01.711] [info] Controller idle = 1
[2026-06-29 17:28:01.711] [info] Controller idle = 1
[2026-06-29 17:28:01.711] [info] Controller idle = 2
[2026-06-29 17:28:01.711] [info] Controller idle = 3
[2026-06-29 17:28:01.711] [info] Controller idle = 1
[2026-06-29 17:28:01.711] [info] Controller idle = 1
[2026-06-29 17:28:01.711] [info] Controller idle = 1
[2026-06-29 17:28:01.711] [info] Controller idle = 3
[2026-06-29 17:28:01.711] [info] Controller idle = 2
[2026-06-29 17:28:01.711] [info] Controller idle = 5397
[2026-06-29 17:28:01.711] [info] Controller idle = 1
[2026-06-29 17:28:01.711] [info] Controller idle = 10
[2026-06-29 17:28:01.711] [info] Controller idle = 11
[2026-06-29 17:28:01.711] [info] Controller idle = 2
[2026-06-29 17:28:01.711] [info] Controller idle = 2
[2026-06-29 17:28:01.711] [info] Controller idle = 1
[2026-06-29 17:28:01.711] [info] Controller idle = 1
[2026-06-29 17:28:01.711] [info] Controller idle = 5
[2026-06-29 17:28:01.711] [info] Controller idle = 4
[2026-06-29 17:28:01.711] [info] Controller idle = 1
[2026-06-29 17:28:01.711] [info] Controller idle = 2
[2026-06-29 17:28:01.711] [info] Controller idle = 2
[2026-06-29 17:28:01.711] [info] Controller idle = 2
[2026-06-29 17:28:01.711] [info] Controller idle = 1
[2026-06-29 17:28:01.711] [info] Controller idle = 1
[2026-06-29 17:28:01.711] [info] Controller idle = 6
[2026-06-29 17:28:01.711] [info] Controller idle = 4
[2026-06-29 17:28:01.711] [info] Controller idle = 1
[2026-06-29 17:28:01.711] [info] Controller idle = 5390
[2026-06-29 17:28:01.711] [info] Controller idle = 1
[2026-06-29 17:28:01.711] [info] Controller idle = 2
[2026-06-29 17:28:01.711] [info] Controller idle = 3
[2026-06-29 17:28:01.711] [info] Controller idle = 4
[2026-06-29 17:28:01.711] [info] Controller idle = 1
[2026-06-29 17:28:01.711] [info] Controller idle = 3
[2026-06-29 17:28:01.711] [info] Controller idle = 2
[2026-06-29 17:28:01.711] [info] Controller idle = 4
[2026-06-29 17:28:01.711] [info] Controller idle = 1
[2026-06-29 17:28:01.711] [info] Controller idle = 1
[2026-06-29 17:28:01.711] [info] Controller idle = 1
[2026-06-29 17:28:01.711] [info] Controller idle = 2
[2026-06-29 17:28:01.711] [info] Controller idle = 1
[2026-06-29 17:28:01.711] [info] Controller idle = 7
[2026-06-29 17:28:01.711] [info] Controller idle = 4832
[2026-06-29 17:28:01.711] [info] Controller idle = 89
[2026-06-29 17:28:01.711] [info] Controller idle = 103
[2026-06-29 17:28:01.711] [info] Controller idle = 5138
[2026-06-29 17:28:01.711] [info] Controller idle = 1
[2026-06-29 17:28:01.711] [info] Controller idle = 3
[2026-06-29 17:28:01.711] [info] Controller idle = 4
[2026-06-29 17:28:01.711] [info] Controller idle = 10
[2026-06-29 17:28:01.711] [info] Controller idle = 1
[2026-06-29 17:28:01.711] [info] Controller idle = 109
[2026-06-29 17:28:01.711] [info] Controller idle = 1
[2026-06-29 17:28:01.711] [info] Controller idle = 10
[2026-06-29 17:28:01.711] [info] Controller idle = 2
[2026-06-29 17:28:01.711] [info] Controller idle = 16
[2026-06-29 17:28:01.711] [info] Controller idle = 9
[2026-06-29 17:28:01.711] [info] Controller idle = 6
[2026-06-29 17:28:01.711] [info] Controller idle = 8
[2026-06-29 17:28:01.711] [info] Controller idle = 118
[2026-06-29 17:28:01.711] [info] Controller idle = 5
[2026-06-29 17:28:01.711] [info] Controller idle = 1
[2026-06-29 17:28:01.711] [info] Controller idle = 1
[2026-06-29 17:28:01.711] [info] Controller idle = 1
[2026-06-29 17:28:01.711] [info] Controller idle = 4
[2026-06-29 17:28:01.711] [info] Controller idle = 3
[2026-06-29 17:28:01.711] [info] Controller idle = 5
[2026-06-29 17:28:01.711] [info] Controller idle = 5160
[2026-06-29 17:28:01.711] [info] Controller idle = 1
[2026-06-29 17:28:01.711] [info] Controller idle = 3
[2026-06-29 17:28:01.711] [info] Controller idle = 5
[2026-06-29 17:28:01.711] [info] Controller idle = 11
[2026-06-29 17:28:01.711] [info] Controller idle = 2
[2026-06-29 17:28:01.711] [info] Controller idle = 93
[2026-06-29 17:28:01.711] [info] Controller idle = 1
[2026-06-29 17:28:01.711] [info] Controller idle = 11
[2026-06-29 17:28:01.711] [info] Controller idle = 4
[2026-06-29 17:28:01.711] [info] Controller idle = 8
[2026-06-29 17:28:01.711] [info] Controller idle = 6
[2026-06-29 17:28:01.711] [info] Controller idle = 1
[2026-06-29 17:28:01.711] [info] Controller idle = 1
[2026-06-29 17:28:01.711] [info] Controller idle = 2
[2026-06-29 17:28:01.711] [info] Controller idle = 14
[2026-06-29 17:28:01.711] [info] Controller idle = 114
[2026-06-29 17:28:01.711] [info] Controller idle = 1
[2026-06-29 17:28:01.711] [info] Controller idle = 1
[2026-06-29 17:28:01.711] [info] Controller idle = 25
[2026-06-29 17:28:01.711] [info] Controller idle = 5154
[2026-06-29 17:28:01.711] [info] Controller idle = 3
[2026-06-29 17:28:01.711] [info] Controller idle = 1
[2026-06-29 17:28:01.711] [info] Controller idle = 119
[2026-06-29 17:28:01.711] [info] Controller idle = 2
[2026-06-29 17:28:01.711] [info] Controller idle = 1
[2026-06-29 17:28:01.711] [info] Controller idle = 1
[2026-06-29 17:28:01.711] [info] Controller idle = 15
[2026-06-29 17:28:01.711] [info] Controller idle = 2
[2026-06-29 17:28:01.711] [info] Controller idle = 1
[2026-06-29 17:28:01.711] [info] Controller idle = 4
[2026-06-29 17:28:01.711] [info] Controller idle = 5
[2026-06-29 17:28:01.711] [info] Controller idle = 4
[2026-06-29 17:28:01.711] [info] Controller idle = 122
[2026-06-29 17:28:01.711] [info] Controller idle = 1
[2026-06-29 17:28:01.711] [info] Controller idle = 12
[2026-06-29 17:28:01.711] [info] Controller idle = 5151
[2026-06-29 17:28:01.711] [info] Controller idle = 87
[2026-06-29 17:28:01.711] [info] Controller idle = 97
[2026-06-29 17:28:01.711] [info] Controller idle = 1
[2026-06-29 17:28:01.711] [info] Controller idle = 1
[2026-06-29 17:28:01.711] [info] Controller idle = 1
[2026-06-29 17:28:01.711] [info] Controller idle = 5131
[2026-06-29 17:28:01.711] [info] Controller idle = 1
[2026-06-29 17:28:01.711] [info] Controller idle = 2
[2026-06-29 17:28:01.711] [info] Controller idle = 5
[2026-06-29 17:28:01.711] [info] Controller idle = 3
[2026-06-29 17:28:01.711] [info] Controller idle = 115
[2026-06-29 17:28:01.711] [info] Controller idle = 1
[2026-06-29 17:28:01.711] [info] Controller idle = 1
[2026-06-29 17:28:01.711] [info] Controller idle = 5
[2026-06-29 17:28:01.711] [info] Controller idle = 2
[2026-06-29 17:28:01.711] [info] Controller idle = 1
[2026-06-29 17:28:01.711] [info] Controller idle = 5
[2026-06-29 17:28:01.711] [info] Controller idle = 1
[2026-06-29 17:28:01.711] [info] Controller idle = 1
[2026-06-29 17:28:01.711] [info] Controller idle = 10
[2026-06-29 17:28:01.711] [info] Controller idle = 1
[2026-06-29 17:28:01.711] [info] Controller idle = 4
[2026-06-29 17:28:01.711] [info] Controller idle = 1
[2026-06-29 17:28:01.711] [info] Controller idle = 123
[2026-06-29 17:28:01.711] [info] Controller idle = 8
[2026-06-29 17:28:01.711] [info] Controller idle = 3
[2026-06-29 17:28:01.711] [info] Controller idle = 3
[2026-06-29 17:28:01.711] [info] Controller idle = 6
[2026-06-29 17:28:01.711] [info] Controller idle = 5159
[2026-06-29 17:28:01.711] [info] Controller idle = 2
[2026-06-29 17:28:01.711] [info] Controller idle = 4
[2026-06-29 17:28:01.711] [info] Controller idle = 1
[2026-06-29 17:28:01.711] [info] Controller idle = 3
[2026-06-29 17:28:01.711] [info] Controller idle = 1
[2026-06-29 17:28:01.711] [info] Controller idle = 2
[2026-06-29 17:28:01.711] [info] Controller idle = 3
[2026-06-29 17:28:01.711] [info] Controller idle = 111
[2026-06-29 17:28:01.711] [info] Controller idle = 11
[2026-06-29 17:28:01.711] [info] Controller idle = 5
[2026-06-29 17:28:01.711] [info] Controller idle = 1
[2026-06-29 17:28:01.711] [info] Controller idle = 1
[2026-06-29 17:28:01.711] [info] Controller idle = 1
[2026-06-29 17:28:01.711] [info] Controller idle = 14
[2026-06-29 17:28:01.711] [info] Controller idle = 11
[2026-06-29 17:28:01.711] [info] Controller idle = 122
[2026-06-29 17:28:01.711] [info] Controller idle = 1
[2026-06-29 17:28:01.711] [info] Controller idle = 1
[2026-06-29 17:28:01.711] [info] Controller idle = 1
[2026-06-29 17:28:01.711] [info] Controller idle = 11
[2026-06-29 17:28:01.711] [info] Controller idle = 2
[2026-06-29 17:28:01.711] [info] Controller idle = 5155
[2026-06-29 17:28:01.711] [info] Controller idle = 2
[2026-06-29 17:28:01.711] [info] Controller idle = 1
[2026-06-29 17:28:01.711] [info] Controller idle = 3
[2026-06-29 17:28:01.711] [info] Controller idle = 1
[2026-06-29 17:28:01.711] [info] Controller idle = 1
[2026-06-29 17:28:01.711] [info] Controller idle = 118
[2026-06-29 17:28:01.711] [info] Controller idle = 1
[2026-06-29 17:28:01.711] [info] Controller idle = 10
[2026-06-29 17:28:01.711] [info] Controller idle = 1
[2026-06-29 17:28:01.711] [info] Controller idle = 1
[2026-06-29 17:28:01.711] [info] Controller idle = 1
[2026-06-29 17:28:01.711] [info] Controller idle = 4
[2026-06-29 17:28:01.711] [info] Controller idle = 1
[2026-06-29 17:28:01.711] [info] Controller idle = 3
[2026-06-29 17:28:01.711] [info] Controller idle = 2
[2026-06-29 17:28:01.711] [info] Controller idle = 20
[2026-06-29 17:28:01.711] [info] Controller idle = 9
[2026-06-29 17:28:01.711] [info] Controller idle = 1
[2026-06-29 17:28:01.711] [info] Controller idle = 112
[2026-06-29 17:28:01.711] [info] Controller idle = 1
[2026-06-29 17:28:01.711] [info] Controller idle = 82
[2026-06-29 17:28:01.711] [info] Controller idle = 3
[2026-06-29 17:28:01.711] [info] Controller idle = 1086
MemorySystem:
  impl: GenericDRAM
  total_num_other_requests: 0
  total_num_write_requests: 77648
  total_num_read_requests: 55385
  memory_system_cycles: 2594267

  DRAM:
    impl: HBM2
    dram_commands: 207553
  AddrMapper:
    impl: RoBaRaCoCh
  Controller:
    impl: Generic
    id: Channel 0
    Scheduler:
      impl: FRFCFS
    RefreshManager:
      impl: AllBank



Frontend:
  impl: GEM5

[2026-06-29 17:28:01.712] [info] Row hits: 95319, Row misses: 937, Row conflicts: 36437
[2026-06-29 17:28:01.712] [info] Controller idle = 11
[2026-06-29 17:28:01.712] [info] Controller idle = 26657
[2026-06-29 17:28:01.712] [info] Controller idle = 25726
[2026-06-29 17:28:01.712] [info] Controller idle = 25731
[2026-06-29 17:28:01.712] [info] Controller idle = 25728
[2026-06-29 17:28:01.712] [info] Controller idle = 25719
[2026-06-29 17:28:01.712] [info] Controller idle = 25716
[2026-06-29 17:28:01.712] [info] Controller idle = 25726
[2026-06-29 17:28:01.712] [info] Controller idle = 25937
[2026-06-29 17:28:01.712] [info] Controller idle = 25772
[2026-06-29 17:28:01.712] [info] Controller idle = 231734
[2026-06-29 17:28:01.712] [info] Controller idle = 231659
[2026-06-29 17:28:01.712] [info] Controller idle = 231720
[2026-06-29 17:28:01.712] [info] Controller idle = 231533
[2026-06-29 17:28:01.712] [info] Controller idle = 4
[2026-06-29 17:28:01.712] [info] Controller idle = 1
[2026-06-29 17:28:01.712] [info] Controller idle = 3
[2026-06-29 17:28:01.712] [info] Controller idle = 11
[2026-06-29 17:28:01.712] [info] Controller idle = 4
[2026-06-29 17:28:01.712] [info] Controller idle = 2
[2026-06-29 17:28:01.712] [info] Controller idle = 1
[2026-06-29 17:28:01.712] [info] Controller idle = 1
[2026-06-29 17:28:01.712] [info] Controller idle = 2
[2026-06-29 17:28:01.712] [info] Controller idle = 231703
[2026-06-29 17:28:01.712] [info] Controller idle = 231952
[2026-06-29 17:28:01.712] [info] Controller idle = 2
[2026-06-29 17:28:01.712] [info] Controller idle = 4
[2026-06-29 17:28:01.712] [info] Controller idle = 1
[2026-06-29 17:28:01.712] [info] Controller idle = 3
[2026-06-29 17:28:01.712] [info] Controller idle = 1
[2026-06-29 17:28:01.712] [info] Controller idle = 1
[2026-06-29 17:28:01.712] [info] Controller idle = 1
[2026-06-29 17:28:01.712] [info] Controller idle = 1
[2026-06-29 17:28:01.712] [info] Controller idle = 232675
[2026-06-29 17:28:01.712] [info] Controller idle = 22852
[2026-06-29 17:28:01.712] [info] Controller idle = 8003
[2026-06-29 17:28:01.712] [info] Controller idle = 3
[2026-06-29 17:28:01.712] [info] Controller idle = 1
[2026-06-29 17:28:01.712] [info] Controller idle = 2
[2026-06-29 17:28:01.712] [info] Controller idle = 2
[2026-06-29 17:28:01.712] [info] Controller idle = 4
[2026-06-29 17:28:01.712] [info] Controller idle = 8
[2026-06-29 17:28:01.712] [info] Controller idle = 9
[2026-06-29 17:28:01.712] [info] Controller idle = 3
[2026-06-29 17:28:01.712] [info] Controller idle = 1
[2026-06-29 17:28:01.712] [info] Controller idle = 2
[2026-06-29 17:28:01.712] [info] Controller idle = 3
[2026-06-29 17:28:01.712] [info] Controller idle = 3
[2026-06-29 17:28:01.712] [info] Controller idle = 9
[2026-06-29 17:28:01.712] [info] Controller idle = 10
[2026-06-29 17:28:01.712] [info] Controller idle = 1
[2026-06-29 17:28:01.712] [info] Controller idle = 2
[2026-06-29 17:28:01.712] [info] Controller idle = 3
[2026-06-29 17:28:01.712] [info] Controller idle = 1
[2026-06-29 17:28:01.712] [info] Controller idle = 2
[2026-06-29 17:28:01.712] [info] Controller idle = 1
[2026-06-29 17:28:01.712] [info] Controller idle = 1
[2026-06-29 17:28:01.712] [info] Controller idle = 2
[2026-06-29 17:28:01.712] [info] Controller idle = 1
[2026-06-29 17:28:01.712] [info] Controller idle = 1
[2026-06-29 17:28:01.712] [info] Controller idle = 3
[2026-06-29 17:28:01.712] [info] Controller idle = 1
[2026-06-29 17:28:01.712] [info] Controller idle = 3
[2026-06-29 17:28:01.712] [info] Controller idle = 4
[2026-06-29 17:28:01.712] [info] Controller idle = 1
[2026-06-29 17:28:01.712] [info] Controller idle = 4
[2026-06-29 17:28:01.712] [info] Controller idle = 16
[2026-06-29 17:28:01.712] [info] Controller idle = 3
[2026-06-29 17:28:01.712] [info] Controller idle = 4
[2026-06-29 17:28:01.712] [info] Controller idle = 3
[2026-06-29 17:28:01.712] [info] Controller idle = 3
[2026-06-29 17:28:01.712] [info] Controller idle = 3
[2026-06-29 17:28:01.712] [info] Controller idle = 6
[2026-06-29 17:28:01.712] [info] Controller idle = 2
[2026-06-29 17:28:01.712] [info] Controller idle = 8
[2026-06-29 17:28:01.712] [info] Controller idle = 12
[2026-06-29 17:28:01.712] [info] Controller idle = 1
[2026-06-29 17:28:01.712] [info] Controller idle = 1
[2026-06-29 17:28:01.712] [info] Controller idle = 16
[2026-06-29 17:28:01.712] [info] Controller idle = 12
[2026-06-29 17:28:01.712] [info] Controller idle = 2
[2026-06-29 17:28:01.712] [info] Controller idle = 10
[2026-06-29 17:28:01.712] [info] Controller idle = 11
[2026-06-29 17:28:01.712] [info] Controller idle = 5
[2026-06-29 17:28:01.712] [info] Controller idle = 1
[2026-06-29 17:28:01.712] [info] Controller idle = 1
[2026-06-29 17:28:01.712] [info] Controller idle = 9
[2026-06-29 17:28:01.712] [info] Controller idle = 1
[2026-06-29 17:28:01.712] [info] Controller idle = 2
[2026-06-29 17:28:01.712] [info] Controller idle = 5
[2026-06-29 17:28:01.712] [info] Controller idle = 3
[2026-06-29 17:28:01.712] [info] Controller idle = 1
[2026-06-29 17:28:01.712] [info] Controller idle = 15
[2026-06-29 17:28:01.712] [info] Controller idle = 4
[2026-06-29 17:28:01.712] [info] Controller idle = 4
[2026-06-29 17:28:01.712] [info] Controller idle = 5
[2026-06-29 17:28:01.712] [info] Controller idle = 1
[2026-06-29 17:28:01.712] [info] Controller idle = 5
[2026-06-29 17:28:01.712] [info] Controller idle = 3
[2026-06-29 17:28:01.712] [info] Controller idle = 3
[2026-06-29 17:28:01.712] [info] Controller idle = 1
[2026-06-29 17:28:01.712] [info] Controller idle = 1
[2026-06-29 17:28:01.712] [info] Controller idle = 1
[2026-06-29 17:28:01.712] [info] Controller idle = 11
[2026-06-29 17:28:01.712] [info] Controller idle = 3
[2026-06-29 17:28:01.712] [info] Controller idle = 5
[2026-06-29 17:28:01.712] [info] Controller idle = 1
[2026-06-29 17:28:01.712] [info] Controller idle = 23
[2026-06-29 17:28:01.712] [info] Controller idle = 21513
[2026-06-29 17:28:01.712] [info] Controller idle = 8013
[2026-06-29 17:28:01.712] [info] Controller idle = 2
[2026-06-29 17:28:01.712] [info] Controller idle = 1
[2026-06-29 17:28:01.712] [info] Controller idle = 1
[2026-06-29 17:28:01.712] [info] Controller idle = 1
[2026-06-29 17:28:01.712] [info] Controller idle = 2
[2026-06-29 17:28:01.712] [info] Controller idle = 8
[2026-06-29 17:28:01.712] [info] Controller idle = 8
[2026-06-29 17:28:01.712] [info] Controller idle = 1
[2026-06-29 17:28:01.712] [info] Controller idle = 10
[2026-06-29 17:28:01.712] [info] Controller idle = 3
[2026-06-29 17:28:01.712] [info] Controller idle = 2
[2026-06-29 17:28:01.712] [info] Controller idle = 2
[2026-06-29 17:28:01.712] [info] Controller idle = 1
[2026-06-29 17:28:01.712] [info] Controller idle = 1
[2026-06-29 17:28:01.712] [info] Controller idle = 34035
[2026-06-29 17:28:01.712] [info] Controller idle = 29290
[2026-06-29 17:28:01.712] [info] Controller idle = 1
[2026-06-29 17:28:01.712] [info] Controller idle = 1
[2026-06-29 17:28:01.712] [info] Controller idle = 1
[2026-06-29 17:28:01.712] [info] Controller idle = 33368
[2026-06-29 17:28:01.712] [info] Controller idle = 2
[2026-06-29 17:28:01.712] [info] Controller idle = 1
[2026-06-29 17:28:01.712] [info] Controller idle = 1
[2026-06-29 17:28:01.712] [info] Controller idle = 1
[2026-06-29 17:28:01.712] [info] Controller idle = 1
[2026-06-29 17:28:01.712] [info] Controller idle = 1
[2026-06-29 17:28:01.712] [info] Controller idle = 1
[2026-06-29 17:28:01.712] [info] Controller idle = 1
[2026-06-29 17:28:01.712] [info] Controller idle = 1
[2026-06-29 17:28:01.712] [info] Controller idle = 1
[2026-06-29 17:28:01.712] [info] Controller idle = 1
[2026-06-29 17:28:01.712] [info] Controller idle = 1
[2026-06-29 17:28:01.712] [info] Controller idle = 1
[2026-06-29 17:28:01.712] [info] Controller idle = 2
[2026-06-29 17:28:01.712] [info] Controller idle = 4
[2026-06-29 17:28:01.712] [info] Controller idle = 1
[2026-06-29 17:28:01.712] [info] Controller idle = 5
[2026-06-29 17:28:01.712] [info] Controller idle = 4
[2026-06-29 17:28:01.712] [info] Controller idle = 1
[2026-06-29 17:28:01.712] [info] Controller idle = 3
[2026-06-29 17:28:01.712] [info] Controller idle = 5
[2026-06-29 17:28:01.712] [info] Controller idle = 3
[2026-06-29 17:28:01.712] [info] Controller idle = 2
[2026-06-29 17:28:01.712] [info] Controller idle = 1
[2026-06-29 17:28:01.712] [info] Controller idle = 1
[2026-06-29 17:28:01.712] [info] Controller idle = 1
[2026-06-29 17:28:01.712] [info] Controller idle = 2
[2026-06-29 17:28:01.712] [info] Controller idle = 1
[2026-06-29 17:28:01.712] [info] Controller idle = 3
[2026-06-29 17:28:01.712] [info] Controller idle = 4
[2026-06-29 17:28:01.712] [info] Controller idle = 1
[2026-06-29 17:28:01.712] [info] Controller idle = 1
[2026-06-29 17:28:01.712] [info] Controller idle = 4
[2026-06-29 17:28:01.712] [info] Controller idle = 6
[2026-06-29 17:28:01.712] [info] Controller idle = 1
[2026-06-29 17:28:01.712] [info] Controller idle = 17
[2026-06-29 17:28:01.712] [info] Controller idle = 29667
[2026-06-29 17:28:01.712] [info] Controller idle = 3
[2026-06-29 17:28:01.712] [info] Controller idle = 1
[2026-06-29 17:28:01.712] [info] Controller idle = 4
[2026-06-29 17:28:01.712] [info] Controller idle = 8
[2026-06-29 17:28:01.712] [info] Controller idle = 4
[2026-06-29 17:28:01.712] [info] Controller idle = 3
[2026-06-29 17:28:01.712] [info] Controller idle = 4
[2026-06-29 17:28:01.712] [info] Controller idle = 4
[2026-06-29 17:28:01.712] [info] Controller idle = 32973
[2026-06-29 17:28:01.712] [info] Controller idle = 8
[2026-06-29 17:28:01.712] [info] Controller idle = 1
[2026-06-29 17:28:01.712] [info] Controller idle = 3
[2026-06-29 17:28:01.712] [info] Controller idle = 1
[2026-06-29 17:28:01.712] [info] Controller idle = 5
[2026-06-29 17:28:01.712] [info] Controller idle = 13
[2026-06-29 17:28:01.712] [info] Controller idle = 2
[2026-06-29 17:28:01.712] [info] Controller idle = 7
[2026-06-29 17:28:01.712] [info] Controller idle = 29208
[2026-06-29 17:28:01.712] [info] Controller idle = 4
[2026-06-29 17:28:01.712] [info] Controller idle = 3
[2026-06-29 17:28:01.712] [info] Controller idle = 1
[2026-06-29 17:28:01.712] [info] Controller idle = 9
[2026-06-29 17:28:01.712] [info] Controller idle = 9001
[2026-06-29 17:28:01.712] [info] Controller idle = 2
[2026-06-29 17:28:01.712] [info] Controller idle = 2
[2026-06-29 17:28:01.712] [info] Controller idle = 1
[2026-06-29 17:28:01.712] [info] Controller idle = 4
[2026-06-29 17:28:01.712] [info] Controller idle = 1
[2026-06-29 17:28:01.712] [info] Controller idle = 1
[2026-06-29 17:28:01.712] [info] Controller idle = 1
[2026-06-29 17:28:01.712] [info] Controller idle = 3
[2026-06-29 17:28:01.712] [info] Controller idle = 4
[2026-06-29 17:28:01.712] [info] Controller idle = 1
[2026-06-29 17:28:01.712] [info] Controller idle = 11
[2026-06-29 17:28:01.712] [info] Controller idle = 4
[2026-06-29 17:28:01.712] [info] Controller idle = 6388
[2026-06-29 17:28:01.712] [info] Controller idle = 1511
[2026-06-29 17:28:01.712] [info] Controller idle = 1
[2026-06-29 17:28:01.712] [info] Controller idle = 1
[2026-06-29 17:28:01.712] [info] Controller idle = 2
[2026-06-29 17:28:01.712] [info] Controller idle = 5
[2026-06-29 17:28:01.712] [info] Controller idle = 9087
[2026-06-29 17:28:01.712] [info] Controller idle = 2
[2026-06-29 17:28:01.712] [info] Controller idle = 2
[2026-06-29 17:28:01.712] [info] Controller idle = 1
[2026-06-29 17:28:01.712] [info] Controller idle = 2
[2026-06-29 17:28:01.712] [info] Controller idle = 1
[2026-06-29 17:28:01.712] [info] Controller idle = 1
[2026-06-29 17:28:01.712] [info] Controller idle = 2
[2026-06-29 17:28:01.712] [info] Controller idle = 7
[2026-06-29 17:28:01.712] [info] Controller idle = 1
[2026-06-29 17:28:01.712] [info] Controller idle = 1
[2026-06-29 17:28:01.712] [info] Controller idle = 1
[2026-06-29 17:28:01.712] [info] Controller idle = 1
[2026-06-29 17:28:01.712] [info] Controller idle = 4
[2026-06-29 17:28:01.712] [info] Controller idle = 1
[2026-06-29 17:28:01.712] [info] Controller idle = 8
[2026-06-29 17:28:01.712] [info] Controller idle = 6
[2026-06-29 17:28:01.712] [info] Controller idle = 6423
[2026-06-29 17:28:01.712] [info] Controller idle = 9136
[2026-06-29 17:28:01.712] [info] Controller idle = 2
[2026-06-29 17:28:01.712] [info] Controller idle = 1
[2026-06-29 17:28:01.712] [info] Controller idle = 3
[2026-06-29 17:28:01.712] [info] Controller idle = 3
[2026-06-29 17:28:01.712] [info] Controller idle = 1
[2026-06-29 17:28:01.712] [info] Controller idle = 1
[2026-06-29 17:28:01.712] [info] Controller idle = 1
[2026-06-29 17:28:01.712] [info] Controller idle = 5
[2026-06-29 17:28:01.712] [info] Controller idle = 12
[2026-06-29 17:28:01.712] [info] Controller idle = 6431
[2026-06-29 17:28:01.712] [info] Controller idle = 9178
[2026-06-29 17:28:01.712] [info] Controller idle = 8
[2026-06-29 17:28:01.712] [info] Controller idle = 1
[2026-06-29 17:28:01.712] [info] Controller idle = 3
[2026-06-29 17:28:01.712] [info] Controller idle = 4
[2026-06-29 17:28:01.712] [info] Controller idle = 1
[2026-06-29 17:28:01.712] [info] Controller idle = 2
[2026-06-29 17:28:01.712] [info] Controller idle = 10
[2026-06-29 17:28:01.712] [info] Controller idle = 2
[2026-06-29 17:28:01.712] [info] Controller idle = 1
[2026-06-29 17:28:01.712] [info] Controller idle = 1
[2026-06-29 17:28:01.712] [info] Controller idle = 1
[2026-06-29 17:28:01.712] [info] Controller idle = 4
[2026-06-29 17:28:01.712] [info] Controller idle = 3
[2026-06-29 17:28:01.712] [info] Controller idle = 1
[2026-06-29 17:28:01.712] [info] Controller idle = 1
[2026-06-29 17:28:01.712] [info] Controller idle = 6
[2026-06-29 17:28:01.712] [info] Controller idle = 4
[2026-06-29 17:28:01.712] [info] Controller idle = 4
[2026-06-29 17:28:01.712] [info] Controller idle = 12
[2026-06-29 17:28:01.712] [info] Controller idle = 10
[2026-06-29 17:28:01.712] [info] Controller idle = 1
[2026-06-29 17:28:01.712] [info] Controller idle = 7
[2026-06-29 17:28:01.712] [info] Controller idle = 5
[2026-06-29 17:28:01.712] [info] Controller idle = 1
[2026-06-29 17:28:01.712] [info] Controller idle = 4
[2026-06-29 17:28:01.712] [info] Controller idle = 6436
[2026-06-29 17:28:01.712] [info] Controller idle = 2697
[2026-06-29 17:28:01.712] [info] Controller idle = 1556
[2026-06-29 17:28:01.712] [info] Controller idle = 1
[2026-06-29 17:28:01.712] [info] Controller idle = 1544
[2026-06-29 17:28:01.712] [info] Controller idle = 1
[2026-06-29 17:28:01.712] [info] Controller idle = 1542
[2026-06-29 17:28:01.712] [info] Controller idle = 1
[2026-06-29 17:28:01.712] [info] Controller idle = 1
[2026-06-29 17:28:01.712] [info] Controller idle = 607
[2026-06-29 17:28:01.712] [info] Controller idle = 4833
[2026-06-29 17:28:01.712] [info] Controller idle = 3678
[2026-06-29 17:28:01.712] [info] Controller idle = 3702
[2026-06-29 17:28:01.712] [info] Controller idle = 1
[2026-06-29 17:28:01.712] [info] Controller idle = 3650
[2026-06-29 17:28:01.712] [info] Controller idle = 4066
[2026-06-29 17:28:01.712] [info] Controller idle = 7
[2026-06-29 17:28:01.712] [info] Controller idle = 3700
[2026-06-29 17:28:01.712] [info] Controller idle = 3685
[2026-06-29 17:28:01.712] [info] Controller idle = 3691
[2026-06-29 17:28:01.712] [info] Controller idle = 4048
[2026-06-29 17:28:01.712] [info] Controller idle = 4
[2026-06-29 17:28:01.712] [info] Controller idle = 3669
[2026-06-29 17:28:01.712] [info] Controller idle = 9
[2026-06-29 17:28:01.712] [info] Controller idle = 3689
[2026-06-29 17:28:01.712] [info] Controller idle = 1
[2026-06-29 17:28:01.712] [info] Controller idle = 1
[2026-06-29 17:28:01.712] [info] Controller idle = 3694
[2026-06-29 17:28:01.712] [info] Controller idle = 2851
[2026-06-29 17:28:01.712] [info] Controller idle = 60
[2026-06-29 17:28:01.712] [info] Controller idle = 65
[2026-06-29 17:28:01.712] [info] Controller idle = 2411
[2026-06-29 17:28:01.712] [info] Controller idle = 1
[2026-06-29 17:28:01.712] [info] Controller idle = 10
[2026-06-29 17:28:01.712] [info] Controller idle = 106
[2026-06-29 17:28:01.712] [info] Controller idle = 5
[2026-06-29 17:28:01.712] [info] Controller idle = 15
[2026-06-29 17:28:01.712] [info] Controller idle = 88
[2026-06-29 17:28:01.712] [info] Controller idle = 9
[2026-06-29 17:28:01.712] [info] Controller idle = 4
[2026-06-29 17:28:01.712] [info] Controller idle = 9
[2026-06-29 17:28:01.712] [info] Controller idle = 1
[2026-06-29 17:28:01.712] [info] Controller idle = 4
[2026-06-29 17:28:01.712] [info] Controller idle = 1
[2026-06-29 17:28:01.712] [info] Controller idle = 5
[2026-06-29 17:28:01.712] [info] Controller idle = 2435
[2026-06-29 17:28:01.712] [info] Controller idle = 4
[2026-06-29 17:28:01.712] [info] Controller idle = 4
[2026-06-29 17:28:01.712] [info] Controller idle = 3
[2026-06-29 17:28:01.712] [info] Controller idle = 14
[2026-06-29 17:28:01.712] [info] Controller idle = 82
[2026-06-29 17:28:01.712] [info] Controller idle = 4
[2026-06-29 17:28:01.712] [info] Controller idle = 4
[2026-06-29 17:28:01.712] [info] Controller idle = 1
[2026-06-29 17:28:01.712] [info] Controller idle = 6
[2026-06-29 17:28:01.712] [info] Controller idle = 94
[2026-06-29 17:28:01.712] [info] Controller idle = 7
[2026-06-29 17:28:01.712] [info] Controller idle = 3
[2026-06-29 17:28:01.712] [info] Controller idle = 16
[2026-06-29 17:28:01.712] [info] Controller idle = 15
[2026-06-29 17:28:01.712] [info] Controller idle = 3
[2026-06-29 17:28:01.712] [info] Controller idle = 2
[2026-06-29 17:28:01.712] [info] Controller idle = 1
[2026-06-29 17:28:01.712] [info] Controller idle = 2
[2026-06-29 17:28:01.712] [info] Controller idle = 17
[2026-06-29 17:28:01.712] [info] Controller idle = 2426
[2026-06-29 17:28:01.712] [info] Controller idle = 4
[2026-06-29 17:28:01.712] [info] Controller idle = 5
[2026-06-29 17:28:01.712] [info] Controller idle = 4
[2026-06-29 17:28:01.712] [info] Controller idle = 1
[2026-06-29 17:28:01.712] [info] Controller idle = 82
[2026-06-29 17:28:01.712] [info] Controller idle = 11
[2026-06-29 17:28:01.712] [info] Controller idle = 2
[2026-06-29 17:28:01.712] [info] Controller idle = 1
[2026-06-29 17:28:01.712] [info] Controller idle = 1
[2026-06-29 17:28:01.712] [info] Controller idle = 108
[2026-06-29 17:28:01.712] [info] Controller idle = 1
[2026-06-29 17:28:01.712] [info] Controller idle = 4
[2026-06-29 17:28:01.712] [info] Controller idle = 1
[2026-06-29 17:28:01.712] [info] Controller idle = 14
[2026-06-29 17:28:01.712] [info] Controller idle = 11
[2026-06-29 17:28:01.712] [info] Controller idle = 1
[2026-06-29 17:28:01.712] [info] Controller idle = 2
[2026-06-29 17:28:01.712] [info] Controller idle = 2434
[2026-06-29 17:28:01.712] [info] Controller idle = 58
[2026-06-29 17:28:01.712] [info] Controller idle = 74
[2026-06-29 17:28:01.712] [info] Controller idle = 2428
[2026-06-29 17:28:01.712] [info] Controller idle = 2
[2026-06-29 17:28:01.712] [info] Controller idle = 2
[2026-06-29 17:28:01.712] [info] Controller idle = 1
[2026-06-29 17:28:01.712] [info] Controller idle = 2
[2026-06-29 17:28:01.712] [info] Controller idle = 2
[2026-06-29 17:28:01.712] [info] Controller idle = 1
[2026-06-29 17:28:01.712] [info] Controller idle = 85
[2026-06-29 17:28:01.712] [info] Controller idle = 3
[2026-06-29 17:28:01.712] [info] Controller idle = 1
[2026-06-29 17:28:01.712] [info] Controller idle = 6
[2026-06-29 17:28:01.712] [info] Controller idle = 4
[2026-06-29 17:28:01.712] [info] Controller idle = 101
[2026-06-29 17:28:01.712] [info] Controller idle = 1
[2026-06-29 17:28:01.712] [info] Controller idle = 1
[2026-06-29 17:28:01.712] [info] Controller idle = 2
[2026-06-29 17:28:01.712] [info] Controller idle = 2
[2026-06-29 17:28:01.712] [info] Controller idle = 5
[2026-06-29 17:28:01.712] [info] Controller idle = 28
[2026-06-29 17:28:01.712] [info] Controller idle = 5
[2026-06-29 17:28:01.712] [info] Controller idle = 2
[2026-06-29 17:28:01.712] [info] Controller idle = 5
[2026-06-29 17:28:01.712] [info] Controller idle = 2
[2026-06-29 17:28:01.712] [info] Controller idle = 1
[2026-06-29 17:28:01.712] [info] Controller idle = 2
[2026-06-29 17:28:01.712] [info] Controller idle = 2434
[2026-06-29 17:28:01.712] [info] Controller idle = 1
[2026-06-29 17:28:01.712] [info] Controller idle = 5
[2026-06-29 17:28:01.712] [info] Controller idle = 2
[2026-06-29 17:28:01.712] [info] Controller idle = 1
[2026-06-29 17:28:01.712] [info] Controller idle = 89
[2026-06-29 17:28:01.712] [info] Controller idle = 4
[2026-06-29 17:28:01.712] [info] Controller idle = 3
[2026-06-29 17:28:01.712] [info] Controller idle = 1
[2026-06-29 17:28:01.712] [info] Controller idle = 16
[2026-06-29 17:28:01.712] [info] Controller idle = 1
[2026-06-29 17:28:01.712] [info] Controller idle = 3
[2026-06-29 17:28:01.712] [info] Controller idle = 2
[2026-06-29 17:28:01.712] [info] Controller idle = 96
[2026-06-29 17:28:01.712] [info] Controller idle = 1
[2026-06-29 17:28:01.712] [info] Controller idle = 1
[2026-06-29 17:28:01.712] [info] Controller idle = 16
[2026-06-29 17:28:01.712] [info] Controller idle = 1
[2026-06-29 17:28:01.712] [info] Controller idle = 1
[2026-06-29 17:28:01.712] [info] Controller idle = 15
[2026-06-29 17:28:01.712] [info] Controller idle = 1
[2026-06-29 17:28:01.712] [info] Controller idle = 2
[2026-06-29 17:28:01.712] [info] Controller idle = 1
[2026-06-29 17:28:01.712] [info] Controller idle = 1
[2026-06-29 17:28:01.712] [info] Controller idle = 2436
[2026-06-29 17:28:01.712] [info] Controller idle = 1
[2026-06-29 17:28:01.712] [info] Controller idle = 2
[2026-06-29 17:28:01.712] [info] Controller idle = 5
[2026-06-29 17:28:01.712] [info] Controller idle = 98
[2026-06-29 17:28:01.712] [info] Controller idle = 6
[2026-06-29 17:28:01.712] [info] Controller idle = 1
[2026-06-29 17:28:01.712] [info] Controller idle = 2
[2026-06-29 17:28:01.712] [info] Controller idle = 2
[2026-06-29 17:28:01.712] [info] Controller idle = 96
[2026-06-29 17:28:01.712] [info] Controller idle = 11
[2026-06-29 17:28:01.712] [info] Controller idle = 1
[2026-06-29 17:28:01.712] [info] Controller idle = 1
[2026-06-29 17:28:01.712] [info] Controller idle = 5
[2026-06-29 17:28:01.712] [info] Controller idle = 1
[2026-06-29 17:28:01.712] [info] Controller idle = 4
[2026-06-29 17:28:01.713] [info] Controller idle = 8
[2026-06-29 17:28:01.713] [info] Controller idle = 555
[2026-06-29 17:28:01.713] [info] Controller idle = 2
[2026-06-29 17:28:01.713] [info] Controller idle = 101
[2026-06-29 17:28:01.713] [info] Controller idle = 2
[2026-06-29 17:28:01.713] [info] Controller idle = 1
[2026-06-29 17:28:01.713] [info] Controller idle = 5
[2026-06-29 17:28:01.713] [info] Controller idle = 1
[2026-06-29 17:28:01.713] [info] Controller idle = 1
[2026-06-29 17:28:01.713] [info] Controller idle = 4
[2026-06-29 17:28:01.713] [info] Controller idle = 1
[2026-06-29 17:28:01.713] [info] Controller idle = 1
[2026-06-29 17:28:01.713] [info] Controller idle = 4
[2026-06-29 17:28:01.713] [info] Controller idle = 17
[2026-06-29 17:28:01.713] [info] Controller idle = 4
[2026-06-29 17:28:01.713] [info] Controller idle = 4
[2026-06-29 17:28:01.713] [info] Controller idle = 5
[2026-06-29 17:28:01.713] [info] Controller idle = 13
[2026-06-29 17:28:01.713] [info] Controller idle = 1
[2026-06-29 17:28:01.713] [info] Controller idle = 1
[2026-06-29 17:28:01.713] [info] Controller idle = 1
[2026-06-29 17:28:01.713] [info] Controller idle = 4
[2026-06-29 17:28:01.713] [info] Controller idle = 2
[2026-06-29 17:28:01.713] [info] Controller idle = 22
[2026-06-29 17:28:01.713] [info] Controller idle = 1
[2026-06-29 17:28:01.713] [info] Controller idle = 1
[2026-06-29 17:28:01.713] [info] Controller idle = 1
[2026-06-29 17:28:01.713] [info] Controller idle = 1
[2026-06-29 17:28:01.713] [info] Controller idle = 1
[2026-06-29 17:28:01.713] [info] Controller idle = 2
[2026-06-29 17:28:01.713] [info] Controller idle = 136
[2026-06-29 17:28:01.713] [info] Controller idle = 1
[2026-06-29 17:28:01.713] [info] Controller idle = 1
[2026-06-29 17:28:01.713] [info] Controller idle = 11
[2026-06-29 17:28:01.713] [info] Controller idle = 10
[2026-06-29 17:28:01.713] [info] Controller idle = 1
[2026-06-29 17:28:01.713] [info] Controller idle = 28
[2026-06-29 17:28:01.713] [info] Controller idle = 1
[2026-06-29 17:28:01.713] [info] Controller idle = 1
[2026-06-29 17:28:01.713] [info] Controller idle = 3
[2026-06-29 17:28:01.713] [info] Controller idle = 1
[2026-06-29 17:28:01.713] [info] Controller idle = 1
[2026-06-29 17:28:01.713] [info] Controller idle = 13
[2026-06-29 17:28:01.713] [info] Controller idle = 8
[2026-06-29 17:28:01.713] [info] Controller idle = 8
[2026-06-29 17:28:01.713] [info] Controller idle = 5
[2026-06-29 17:28:01.713] [info] Controller idle = 4
[2026-06-29 17:28:01.713] [info] Controller idle = 128
[2026-06-29 17:28:01.713] [info] Controller idle = 1
[2026-06-29 17:28:01.713] [info] Controller idle = 8
[2026-06-29 17:28:01.713] [info] Controller idle = 14
[2026-06-29 17:28:01.713] [info] Controller idle = 11
[2026-06-29 17:28:01.713] [info] Controller idle = 2
[2026-06-29 17:28:01.713] [info] Controller idle = 1
[2026-06-29 17:28:01.713] [info] Controller idle = 8
[2026-06-29 17:28:01.713] [info] Controller idle = 1
[2026-06-29 17:28:01.713] [info] Controller idle = 3
[2026-06-29 17:28:01.713] [info] Controller idle = 3
[2026-06-29 17:28:01.713] [info] Controller idle = 17
[2026-06-29 17:28:01.713] [info] Controller idle = 2
[2026-06-29 17:28:01.713] [info] Controller idle = 1
[2026-06-29 17:28:01.713] [info] Controller idle = 1
[2026-06-29 17:28:01.713] [info] Controller idle = 4
[2026-06-29 17:28:01.713] [info] Controller idle = 1
[2026-06-29 17:28:01.713] [info] Controller idle = 14
[2026-06-29 17:28:01.713] [info] Controller idle = 1
[2026-06-29 17:28:01.713] [info] Controller idle = 8
[2026-06-29 17:28:01.713] [info] Controller idle = 10
[2026-06-29 17:28:01.713] [info] Controller idle = 4
[2026-06-29 17:28:01.713] [info] Controller idle = 3
[2026-06-29 17:28:01.713] [info] Controller idle = 128
[2026-06-29 17:28:01.713] [info] Controller idle = 101
[2026-06-29 17:28:01.713] [info] Controller idle = 1
[2026-06-29 17:28:01.713] [info] Controller idle = 4
[2026-06-29 17:28:01.713] [info] Controller idle = 8
[2026-06-29 17:28:01.713] [info] Controller idle = 10
[2026-06-29 17:28:01.713] [info] Controller idle = 2
[2026-06-29 17:28:01.713] [info] Controller idle = 4
[2026-06-29 17:28:01.713] [info] Controller idle = 1
[2026-06-29 17:28:01.713] [info] Controller idle = 2
[2026-06-29 17:28:01.713] [info] Controller idle = 5
[2026-06-29 17:28:01.713] [info] Controller idle = 22
[2026-06-29 17:28:01.713] [info] Controller idle = 2
[2026-06-29 17:28:01.713] [info] Controller idle = 21
[2026-06-29 17:28:01.713] [info] Controller idle = 3
[2026-06-29 17:28:01.713] [info] Controller idle = 2
[2026-06-29 17:28:01.713] [info] Controller idle = 2
[2026-06-29 17:28:01.713] [info] Controller idle = 1
[2026-06-29 17:28:01.713] [info] Controller idle = 13
[2026-06-29 17:28:01.713] [info] Controller idle = 131
[2026-06-29 17:28:01.713] [info] Controller idle = 2
[2026-06-29 17:28:01.713] [info] Controller idle = 4
[2026-06-29 17:28:01.713] [info] Controller idle = 2
[2026-06-29 17:28:01.713] [info] Controller idle = 5
[2026-06-29 17:28:01.713] [info] Controller idle = 1
[2026-06-29 17:28:01.713] [info] Controller idle = 8
[2026-06-29 17:28:01.713] [info] Controller idle = 2
[2026-06-29 17:28:01.713] [info] Controller idle = 5
[2026-06-29 17:28:01.713] [info] Controller idle = 34
[2026-06-29 17:28:01.713] [info] Controller idle = 17
[2026-06-29 17:28:01.713] [info] Controller idle = 3
[2026-06-29 17:28:01.713] [info] Controller idle = 6
[2026-06-29 17:28:01.713] [info] Controller idle = 11
[2026-06-29 17:28:01.713] [info] Controller idle = 2
[2026-06-29 17:28:01.713] [info] Controller idle = 4
[2026-06-29 17:28:01.713] [info] Controller idle = 3
[2026-06-29 17:28:01.713] [info] Controller idle = 1
[2026-06-29 17:28:01.713] [info] Controller idle = 1
[2026-06-29 17:28:01.713] [info] Controller idle = 5
[2026-06-29 17:28:01.713] [info] Controller idle = 6
[2026-06-29 17:28:01.713] [info] Controller idle = 126
[2026-06-29 17:28:01.713] [info] Controller idle = 5
[2026-06-29 17:28:01.713] [info] Controller idle = 4
[2026-06-29 17:28:01.713] [info] Controller idle = 1
[2026-06-29 17:28:01.713] [info] Controller idle = 2
[2026-06-29 17:28:01.713] [info] Controller idle = 4
[2026-06-29 17:28:01.713] [info] Controller idle = 8
[2026-06-29 17:28:01.713] [info] Controller idle = 5
[2026-06-29 17:28:01.713] [info] Controller idle = 7
[2026-06-29 17:28:01.713] [info] Controller idle = 6
[2026-06-29 17:28:01.713] [info] Controller idle = 22
[2026-06-29 17:28:01.713] [info] Controller idle = 1
[2026-06-29 17:28:01.713] [info] Controller idle = 6
[2026-06-29 17:28:01.713] [info] Controller idle = 1
[2026-06-29 17:28:01.713] [info] Controller idle = 2
[2026-06-29 17:28:01.713] [info] Controller idle = 2
[2026-06-29 17:28:01.713] [info] Controller idle = 9
[2026-06-29 17:28:01.713] [info] Controller idle = 4965
[2026-06-29 17:28:01.713] [info] Controller idle = 5368
[2026-06-29 17:28:01.713] [info] Controller idle = 4
[2026-06-29 17:28:01.713] [info] Controller idle = 3
[2026-06-29 17:28:01.713] [info] Controller idle = 5
[2026-06-29 17:28:01.713] [info] Controller idle = 1
[2026-06-29 17:28:01.713] [info] Controller idle = 1
[2026-06-29 17:28:01.713] [info] Controller idle = 1
[2026-06-29 17:28:01.713] [info] Controller idle = 2
[2026-06-29 17:28:01.713] [info] Controller idle = 2
[2026-06-29 17:28:01.713] [info] Controller idle = 4
[2026-06-29 17:28:01.713] [info] Controller idle = 2
[2026-06-29 17:28:01.713] [info] Controller idle = 1
[2026-06-29 17:28:01.713] [info] Controller idle = 4
[2026-06-29 17:28:01.713] [info] Controller idle = 1
[2026-06-29 17:28:01.713] [info] Controller idle = 2
[2026-06-29 17:28:01.713] [info] Controller idle = 1
[2026-06-29 17:28:01.713] [info] Controller idle = 1
[2026-06-29 17:28:01.713] [info] Controller idle = 4
[2026-06-29 17:28:01.713] [info] Controller idle = 4
[2026-06-29 17:28:01.713] [info] Controller idle = 2
[2026-06-29 17:28:01.713] [info] Controller idle = 5399
[2026-06-29 17:28:01.713] [info] Controller idle = 1
[2026-06-29 17:28:01.713] [info] Controller idle = 1
[2026-06-29 17:28:01.713] [info] Controller idle = 4
[2026-06-29 17:28:01.713] [info] Controller idle = 6
[2026-06-29 17:28:01.713] [info] Controller idle = 1
[2026-06-29 17:28:01.713] [info] Controller idle = 9
[2026-06-29 17:28:01.713] [info] Controller idle = 2
[2026-06-29 17:28:01.713] [info] Controller idle = 1
[2026-06-29 17:28:01.713] [info] Controller idle = 1
[2026-06-29 17:28:01.713] [info] Controller idle = 6
[2026-06-29 17:28:01.713] [info] Controller idle = 5
[2026-06-29 17:28:01.713] [info] Controller idle = 5
[2026-06-29 17:28:01.713] [info] Controller idle = 5398
[2026-06-29 17:28:01.713] [info] Controller idle = 9
[2026-06-29 17:28:01.713] [info] Controller idle = 5
[2026-06-29 17:28:01.713] [info] Controller idle = 1
[2026-06-29 17:28:01.713] [info] Controller idle = 1
[2026-06-29 17:28:01.713] [info] Controller idle = 1
[2026-06-29 17:28:01.713] [info] Controller idle = 2
[2026-06-29 17:28:01.713] [info] Controller idle = 4
[2026-06-29 17:28:01.713] [info] Controller idle = 1
[2026-06-29 17:28:01.713] [info] Controller idle = 1
[2026-06-29 17:28:01.713] [info] Controller idle = 4
[2026-06-29 17:28:01.713] [info] Controller idle = 4
[2026-06-29 17:28:01.713] [info] Controller idle = 1
[2026-06-29 17:28:01.713] [info] Controller idle = 1
[2026-06-29 17:28:01.713] [info] Controller idle = 5406
[2026-06-29 17:28:01.713] [info] Controller idle = 5364
[2026-06-29 17:28:01.713] [info] Controller idle = 1
[2026-06-29 17:28:01.713] [info] Controller idle = 1
[2026-06-29 17:28:01.713] [info] Controller idle = 3
[2026-06-29 17:28:01.713] [info] Controller idle = 4
[2026-06-29 17:28:01.713] [info] Controller idle = 4
[2026-06-29 17:28:01.713] [info] Controller idle = 1
[2026-06-29 17:28:01.713] [info] Controller idle = 4
[2026-06-29 17:28:01.713] [info] Controller idle = 3
[2026-06-29 17:28:01.713] [info] Controller idle = 4
[2026-06-29 17:28:01.713] [info] Controller idle = 2
[2026-06-29 17:28:01.713] [info] Controller idle = 8
[2026-06-29 17:28:01.713] [info] Controller idle = 4
[2026-06-29 17:28:01.713] [info] Controller idle = 5
[2026-06-29 17:28:01.713] [info] Controller idle = 1
[2026-06-29 17:28:01.713] [info] Controller idle = 1
[2026-06-29 17:28:01.713] [info] Controller idle = 1
[2026-06-29 17:28:01.713] [info] Controller idle = 1
[2026-06-29 17:28:01.713] [info] Controller idle = 5406
[2026-06-29 17:28:01.713] [info] Controller idle = 14
[2026-06-29 17:28:01.713] [info] Controller idle = 5
[2026-06-29 17:28:01.713] [info] Controller idle = 4
[2026-06-29 17:28:01.713] [info] Controller idle = 1
[2026-06-29 17:28:01.713] [info] Controller idle = 1
[2026-06-29 17:28:01.713] [info] Controller idle = 1
[2026-06-29 17:28:01.713] [info] Controller idle = 1
[2026-06-29 17:28:01.713] [info] Controller idle = 1
[2026-06-29 17:28:01.713] [info] Controller idle = 3
[2026-06-29 17:28:01.713] [info] Controller idle = 8
[2026-06-29 17:28:01.713] [info] Controller idle = 1
[2026-06-29 17:28:01.713] [info] Controller idle = 8
[2026-06-29 17:28:01.713] [info] Controller idle = 3
[2026-06-29 17:28:01.713] [info] Controller idle = 5399
[2026-06-29 17:28:01.713] [info] Controller idle = 8
[2026-06-29 17:28:01.713] [info] Controller idle = 1
[2026-06-29 17:28:01.713] [info] Controller idle = 1
[2026-06-29 17:28:01.713] [info] Controller idle = 1
[2026-06-29 17:28:01.713] [info] Controller idle = 5
[2026-06-29 17:28:01.713] [info] Controller idle = 8
[2026-06-29 17:28:01.713] [info] Controller idle = 2
[2026-06-29 17:28:01.713] [info] Controller idle = 1
[2026-06-29 17:28:01.713] [info] Controller idle = 2
[2026-06-29 17:28:01.713] [info] Controller idle = 1
[2026-06-29 17:28:01.713] [info] Controller idle = 1
[2026-06-29 17:28:01.713] [info] Controller idle = 5026
[2026-06-29 17:28:01.713] [info] Controller idle = 5362
[2026-06-29 17:28:01.713] [info] Controller idle = 11
[2026-06-29 17:28:01.713] [info] Controller idle = 1
[2026-06-29 17:28:01.713] [info] Controller idle = 2
[2026-06-29 17:28:01.713] [info] Controller idle = 5
[2026-06-29 17:28:01.713] [info] Controller idle = 4
[2026-06-29 17:28:01.713] [info] Controller idle = 5
[2026-06-29 17:28:01.713] [info] Controller idle = 2
[2026-06-29 17:28:01.713] [info] Controller idle = 7
[2026-06-29 17:28:01.713] [info] Controller idle = 2
[2026-06-29 17:28:01.713] [info] Controller idle = 8
[2026-06-29 17:28:01.713] [info] Controller idle = 2
[2026-06-29 17:28:01.713] [info] Controller idle = 1
[2026-06-29 17:28:01.713] [info] Controller idle = 18
[2026-06-29 17:28:01.713] [info] Controller idle = 5388
[2026-06-29 17:28:01.713] [info] Controller idle = 5
[2026-06-29 17:28:01.713] [info] Controller idle = 4
[2026-06-29 17:28:01.713] [info] Controller idle = 1
[2026-06-29 17:28:01.713] [info] Controller idle = 1
[2026-06-29 17:28:01.713] [info] Controller idle = 8
[2026-06-29 17:28:01.713] [info] Controller idle = 1
[2026-06-29 17:28:01.713] [info] Controller idle = 1
[2026-06-29 17:28:01.713] [info] Controller idle = 1
[2026-06-29 17:28:01.713] [info] Controller idle = 3
[2026-06-29 17:28:01.713] [info] Controller idle = 4
[2026-06-29 17:28:01.713] [info] Controller idle = 4
[2026-06-29 17:28:01.713] [info] Controller idle = 2
[2026-06-29 17:28:01.713] [info] Controller idle = 2
[2026-06-29 17:28:01.713] [info] Controller idle = 1
[2026-06-29 17:28:01.713] [info] Controller idle = 5393
[2026-06-29 17:28:01.713] [info] Controller idle = 2
[2026-06-29 17:28:01.713] [info] Controller idle = 1
[2026-06-29 17:28:01.713] [info] Controller idle = 3
[2026-06-29 17:28:01.713] [info] Controller idle = 1
[2026-06-29 17:28:01.713] [info] Controller idle = 4
[2026-06-29 17:28:01.713] [info] Controller idle = 2
[2026-06-29 17:28:01.713] [info] Controller idle = 5
[2026-06-29 17:28:01.713] [info] Controller idle = 1
[2026-06-29 17:28:01.713] [info] Controller idle = 4
[2026-06-29 17:28:01.713] [info] Controller idle = 1
[2026-06-29 17:28:01.713] [info] Controller idle = 2
[2026-06-29 17:28:01.713] [info] Controller idle = 3
[2026-06-29 17:28:01.713] [info] Controller idle = 3
[2026-06-29 17:28:01.713] [info] Controller idle = 1
[2026-06-29 17:28:01.713] [info] Controller idle = 1
[2026-06-29 17:28:01.713] [info] Controller idle = 3
[2026-06-29 17:28:01.713] [info] Controller idle = 7
[2026-06-29 17:28:01.713] [info] Controller idle = 1
[2026-06-29 17:28:01.713] [info] Controller idle = 5407
[2026-06-29 17:28:01.713] [info] Controller idle = 5354
[2026-06-29 17:28:01.713] [info] Controller idle = 2
[2026-06-29 17:28:01.713] [info] Controller idle = 5
[2026-06-29 17:28:01.713] [info] Controller idle = 11
[2026-06-29 17:28:01.713] [info] Controller idle = 2
[2026-06-29 17:28:01.713] [info] Controller idle = 3
[2026-06-29 17:28:01.713] [info] Controller idle = 3
[2026-06-29 17:28:01.713] [info] Controller idle = 2
[2026-06-29 17:28:01.713] [info] Controller idle = 1
[2026-06-29 17:28:01.713] [info] Controller idle = 1
[2026-06-29 17:28:01.713] [info] Controller idle = 4
[2026-06-29 17:28:01.713] [info] Controller idle = 3
[2026-06-29 17:28:01.713] [info] Controller idle = 2
[2026-06-29 17:28:01.713] [info] Controller idle = 5403
[2026-06-29 17:28:01.713] [info] Controller idle = 1
[2026-06-29 17:28:01.713] [info] Controller idle = 5
[2026-06-29 17:28:01.713] [info] Controller idle = 2
[2026-06-29 17:28:01.713] [info] Controller idle = 5
[2026-06-29 17:28:01.713] [info] Controller idle = 1
[2026-06-29 17:28:01.713] [info] Controller idle = 1
[2026-06-29 17:28:01.713] [info] Controller idle = 3
[2026-06-29 17:28:01.713] [info] Controller idle = 1
[2026-06-29 17:28:01.713] [info] Controller idle = 5
[2026-06-29 17:28:01.713] [info] Controller idle = 2
[2026-06-29 17:28:01.713] [info] Controller idle = 1
[2026-06-29 17:28:01.713] [info] Controller idle = 1
[2026-06-29 17:28:01.713] [info] Controller idle = 1
[2026-06-29 17:28:01.713] [info] Controller idle = 1
[2026-06-29 17:28:01.713] [info] Controller idle = 9
[2026-06-29 17:28:01.713] [info] Controller idle = 5403
[2026-06-29 17:28:01.713] [info] Controller idle = 3
[2026-06-29 17:28:01.713] [info] Controller idle = 1
[2026-06-29 17:28:01.713] [info] Controller idle = 2
[2026-06-29 17:28:01.713] [info] Controller idle = 3
[2026-06-29 17:28:01.713] [info] Controller idle = 2
[2026-06-29 17:28:01.713] [info] Controller idle = 1
[2026-06-29 17:28:01.713] [info] Controller idle = 1
[2026-06-29 17:28:01.713] [info] Controller idle = 4
[2026-06-29 17:28:01.713] [info] Controller idle = 1
[2026-06-29 17:28:01.713] [info] Controller idle = 1
[2026-06-29 17:28:01.713] [info] Controller idle = 1
[2026-06-29 17:28:01.713] [info] Controller idle = 3
[2026-06-29 17:28:01.713] [info] Controller idle = 4859
[2026-06-29 17:28:01.713] [info] Controller idle = 90
[2026-06-29 17:28:01.713] [info] Controller idle = 104
[2026-06-29 17:28:01.713] [info] Controller idle = 5137
[2026-06-29 17:28:01.713] [info] Controller idle = 1
[2026-06-29 17:28:01.713] [info] Controller idle = 1
[2026-06-29 17:28:01.713] [info] Controller idle = 4
[2026-06-29 17:28:01.713] [info] Controller idle = 3
[2026-06-29 17:28:01.713] [info] Controller idle = 1
[2026-06-29 17:28:01.713] [info] Controller idle = 114
[2026-06-29 17:28:01.713] [info] Controller idle = 3
[2026-06-29 17:28:01.713] [info] Controller idle = 1
[2026-06-29 17:28:01.713] [info] Controller idle = 3
[2026-06-29 17:28:01.713] [info] Controller idle = 1
[2026-06-29 17:28:01.713] [info] Controller idle = 15
[2026-06-29 17:28:01.713] [info] Controller idle = 1
[2026-06-29 17:28:01.713] [info] Controller idle = 2
[2026-06-29 17:28:01.713] [info] Controller idle = 2
[2026-06-29 17:28:01.713] [info] Controller idle = 8
[2026-06-29 17:28:01.713] [info] Controller idle = 1
[2026-06-29 17:28:01.713] [info] Controller idle = 6
[2026-06-29 17:28:01.713] [info] Controller idle = 116
[2026-06-29 17:28:01.713] [info] Controller idle = 2
[2026-06-29 17:28:01.713] [info] Controller idle = 1
[2026-06-29 17:28:01.713] [info] Controller idle = 14
[2026-06-29 17:28:01.713] [info] Controller idle = 6
[2026-06-29 17:28:01.713] [info] Controller idle = 5165
[2026-06-29 17:28:01.713] [info] Controller idle = 1
[2026-06-29 17:28:01.713] [info] Controller idle = 5
[2026-06-29 17:28:01.713] [info] Controller idle = 5
[2026-06-29 17:28:01.713] [info] Controller idle = 2
[2026-06-29 17:28:01.713] [info] Controller idle = 99
[2026-06-29 17:28:01.713] [info] Controller idle = 8
[2026-06-29 17:28:01.713] [info] Controller idle = 5
[2026-06-29 17:28:01.713] [info] Controller idle = 1
[2026-06-29 17:28:01.713] [info] Controller idle = 18
[2026-06-29 17:28:01.713] [info] Controller idle = 5
[2026-06-29 17:28:01.713] [info] Controller idle = 5
[2026-06-29 17:28:01.713] [info] Controller idle = 3
[2026-06-29 17:28:01.713] [info] Controller idle = 7
[2026-06-29 17:28:01.713] [info] Controller idle = 4
[2026-06-29 17:28:01.713] [info] Controller idle = 5
[2026-06-29 17:28:01.713] [info] Controller idle = 114
[2026-06-29 17:28:01.713] [info] Controller idle = 1
[2026-06-29 17:28:01.713] [info] Controller idle = 1
[2026-06-29 17:28:01.713] [info] Controller idle = 1
[2026-06-29 17:28:01.713] [info] Controller idle = 2
[2026-06-29 17:28:01.713] [info] Controller idle = 1
[2026-06-29 17:28:01.713] [info] Controller idle = 4
[2026-06-29 17:28:01.713] [info] Controller idle = 5167
[2026-06-29 17:28:01.713] [info] Controller idle = 1
[2026-06-29 17:28:01.713] [info] Controller idle = 2
[2026-06-29 17:28:01.713] [info] Controller idle = 7
[2026-06-29 17:28:01.713] [info] Controller idle = 1
[2026-06-29 17:28:01.713] [info] Controller idle = 1
[2026-06-29 17:28:01.713] [info] Controller idle = 122
[2026-06-29 17:28:01.713] [info] Controller idle = 8
[2026-06-29 17:28:01.713] [info] Controller idle = 2
[2026-06-29 17:28:01.713] [info] Controller idle = 1
[2026-06-29 17:28:01.713] [info] Controller idle = 3
[2026-06-29 17:28:01.713] [info] Controller idle = 1
[2026-06-29 17:28:01.713] [info] Controller idle = 3
[2026-06-29 17:28:01.713] [info] Controller idle = 2
[2026-06-29 17:28:01.713] [info] Controller idle = 3
[2026-06-29 17:28:01.713] [info] Controller idle = 3
[2026-06-29 17:28:01.713] [info] Controller idle = 4
[2026-06-29 17:28:01.713] [info] Controller idle = 1
[2026-06-29 17:28:01.713] [info] Controller idle = 121
[2026-06-29 17:28:01.713] [info] Controller idle = 1
[2026-06-29 17:28:01.713] [info] Controller idle = 1
[2026-06-29 17:28:01.713] [info] Controller idle = 1
[2026-06-29 17:28:01.713] [info] Controller idle = 10
[2026-06-29 17:28:01.713] [info] Controller idle = 5153
[2026-06-29 17:28:01.713] [info] Controller idle = 89
[2026-06-29 17:28:01.713] [info] Controller idle = 96
[2026-06-29 17:28:01.713] [info] Controller idle = 1
[2026-06-29 17:28:01.713] [info] Controller idle = 1
[2026-06-29 17:28:01.713] [info] Controller idle = 1
[2026-06-29 17:28:01.713] [info] Controller idle = 5125
[2026-06-29 17:28:01.713] [info] Controller idle = 5
[2026-06-29 17:28:01.713] [info] Controller idle = 5
[2026-06-29 17:28:01.713] [info] Controller idle = 1
[2026-06-29 17:28:01.713] [info] Controller idle = 6
[2026-06-29 17:28:01.713] [info] Controller idle = 8
[2026-06-29 17:28:01.713] [info] Controller idle = 114
[2026-06-29 17:28:01.713] [info] Controller idle = 5
[2026-06-29 17:28:01.713] [info] Controller idle = 14
[2026-06-29 17:28:01.713] [info] Controller idle = 1
[2026-06-29 17:28:01.713] [info] Controller idle = 11
[2026-06-29 17:28:01.713] [info] Controller idle = 1
[2026-06-29 17:28:01.713] [info] Controller idle = 120
[2026-06-29 17:28:01.713] [info] Controller idle = 8
[2026-06-29 17:28:01.713] [info] Controller idle = 2
[2026-06-29 17:28:01.713] [info] Controller idle = 10
[2026-06-29 17:28:01.713] [info] Controller idle = 5152
[2026-06-29 17:28:01.713] [info] Controller idle = 1
[2026-06-29 17:28:01.713] [info] Controller idle = 1
[2026-06-29 17:28:01.713] [info] Controller idle = 5
[2026-06-29 17:28:01.713] [info] Controller idle = 1
[2026-06-29 17:28:01.713] [info] Controller idle = 3
[2026-06-29 17:28:01.713] [info] Controller idle = 5
[2026-06-29 17:28:01.713] [info] Controller idle = 110
[2026-06-29 17:28:01.713] [info] Controller idle = 4
[2026-06-29 17:28:01.713] [info] Controller idle = 5
[2026-06-29 17:28:01.713] [info] Controller idle = 3
[2026-06-29 17:28:01.713] [info] Controller idle = 4
[2026-06-29 17:28:01.713] [info] Controller idle = 3
[2026-06-29 17:28:01.713] [info] Controller idle = 1
[2026-06-29 17:28:01.713] [info] Controller idle = 4
[2026-06-29 17:28:01.713] [info] Controller idle = 2
[2026-06-29 17:28:01.713] [info] Controller idle = 3
[2026-06-29 17:28:01.713] [info] Controller idle = 9
[2026-06-29 17:28:01.713] [info] Controller idle = 3
[2026-06-29 17:28:01.713] [info] Controller idle = 4
[2026-06-29 17:28:01.713] [info] Controller idle = 122
[2026-06-29 17:28:01.713] [info] Controller idle = 3
[2026-06-29 17:28:01.713] [info] Controller idle = 1
[2026-06-29 17:28:01.713] [info] Controller idle = 4
[2026-06-29 17:28:01.713] [info] Controller idle = 3
[2026-06-29 17:28:01.713] [info] Controller idle = 5155
[2026-06-29 17:28:01.713] [info] Controller idle = 3
[2026-06-29 17:28:01.713] [info] Controller idle = 1
[2026-06-29 17:28:01.713] [info] Controller idle = 2
[2026-06-29 17:28:01.713] [info] Controller idle = 2
[2026-06-29 17:28:01.713] [info] Controller idle = 5
[2026-06-29 17:28:01.713] [info] Controller idle = 2
[2026-06-29 17:28:01.713] [info] Controller idle = 2
[2026-06-29 17:28:01.713] [info] Controller idle = 114
[2026-06-29 17:28:01.713] [info] Controller idle = 1
[2026-06-29 17:28:01.713] [info] Controller idle = 2
[2026-06-29 17:28:01.713] [info] Controller idle = 1
[2026-06-29 17:28:01.713] [info] Controller idle = 1
[2026-06-29 17:28:01.713] [info] Controller idle = 1
[2026-06-29 17:28:01.713] [info] Controller idle = 1
[2026-06-29 17:28:01.713] [info] Controller idle = 10
[2026-06-29 17:28:01.713] [info] Controller idle = 4
[2026-06-29 17:28:01.713] [info] Controller idle = 9
[2026-06-29 17:28:01.713] [info] Controller idle = 3
[2026-06-29 17:28:01.713] [info] Controller idle = 4
[2026-06-29 17:28:01.713] [info] Controller idle = 3
[2026-06-29 17:28:01.713] [info] Controller idle = 121
[2026-06-29 17:28:01.713] [info] Controller idle = 1
[2026-06-29 17:28:01.713] [info] Controller idle = 34
[2026-06-29 17:28:01.713] [info] Controller idle = 1046
[2026-06-29 17:28:01.713] [info] Controller idle = 1
[2026-06-29 17:28:01.713] [info] Controller idle = 20
[2026-06-29 17:28:01.713] [info] Controller idle = 14
MemorySystem:
  impl: GenericDRAM
  total_num_other_requests: 0
  total_num_write_requests: 77648
  total_num_read_requests: 55368
  memory_system_cycles: 2594267

  DRAM:
    impl: HBM2
    dram_commands: 207359
  AddrMapper:
    impl: RoBaRaCoCh
  Controller:
    impl: Generic
    id: Channel 0
    Scheduler:
      impl: FRFCFS
    RefreshManager:
      impl: AllBank



Frontend:
  impl: GEM5

[2026-06-29 17:28:01.714] [info] Row hits: 95574, Row misses: 993, Row conflicts: 36177
[2026-06-29 17:28:01.714] [info] Controller idle = 11
[2026-06-29 17:28:01.714] [info] Controller idle = 26665
[2026-06-29 17:28:01.714] [info] Controller idle = 25734
[2026-06-29 17:28:01.714] [info] Controller idle = 25736
[2026-06-29 17:28:01.714] [info] Controller idle = 25718
[2026-06-29 17:28:01.714] [info] Controller idle = 25715
[2026-06-29 17:28:01.714] [info] Controller idle = 25722
[2026-06-29 17:28:01.714] [info] Controller idle = 25727
[2026-06-29 17:28:01.714] [info] Controller idle = 25937
[2026-06-29 17:28:01.714] [info] Controller idle = 25772
[2026-06-29 17:28:01.714] [info] Controller idle = 231805
[2026-06-29 17:28:01.714] [info] Controller idle = 231719
[2026-06-29 17:28:01.714] [info] Controller idle = 1
[2026-06-29 17:28:01.714] [info] Controller idle = 2
[2026-06-29 17:28:01.714] [info] Controller idle = 2
[2026-06-29 17:28:01.714] [info] Controller idle = 231745
[2026-06-29 17:28:01.714] [info] Controller idle = 2
[2026-06-29 17:28:01.714] [info] Controller idle = 231542
[2026-06-29 17:28:01.714] [info] Controller idle = 1
[2026-06-29 17:28:01.714] [info] Controller idle = 1
[2026-06-29 17:28:01.714] [info] Controller idle = 231701
[2026-06-29 17:28:01.714] [info] Controller idle = 5
[2026-06-29 17:28:01.714] [info] Controller idle = 9
[2026-06-29 17:28:01.714] [info] Controller idle = 1
[2026-06-29 17:28:01.714] [info] Controller idle = 5
[2026-06-29 17:28:01.714] [info] Controller idle = 1
[2026-06-29 17:28:01.714] [info] Controller idle = 1
[2026-06-29 17:28:01.714] [info] Controller idle = 231846
[2026-06-29 17:28:01.714] [info] Controller idle = 232663
[2026-06-29 17:28:01.714] [info] Controller idle = 22713
[2026-06-29 17:28:01.714] [info] Controller idle = 8003
[2026-06-29 17:28:01.714] [info] Controller idle = 3
[2026-06-29 17:28:01.714] [info] Controller idle = 2
[2026-06-29 17:28:01.714] [info] Controller idle = 1
[2026-06-29 17:28:01.714] [info] Controller idle = 1
[2026-06-29 17:28:01.714] [info] Controller idle = 5
[2026-06-29 17:28:01.714] [info] Controller idle = 1
[2026-06-29 17:28:01.714] [info] Controller idle = 1
[2026-06-29 17:28:01.714] [info] Controller idle = 17
[2026-06-29 17:28:01.714] [info] Controller idle = 4
[2026-06-29 17:28:01.714] [info] Controller idle = 1
[2026-06-29 17:28:01.714] [info] Controller idle = 5
[2026-06-29 17:28:01.714] [info] Controller idle = 3
[2026-06-29 17:28:01.714] [info] Controller idle = 1
[2026-06-29 17:28:01.714] [info] Controller idle = 1
[2026-06-29 17:28:01.714] [info] Controller idle = 1
[2026-06-29 17:28:01.714] [info] Controller idle = 1
[2026-06-29 17:28:01.714] [info] Controller idle = 16
[2026-06-29 17:28:01.714] [info] Controller idle = 1
[2026-06-29 17:28:01.714] [info] Controller idle = 1
[2026-06-29 17:28:01.714] [info] Controller idle = 1
[2026-06-29 17:28:01.714] [info] Controller idle = 1
[2026-06-29 17:28:01.714] [info] Controller idle = 8
[2026-06-29 17:28:01.714] [info] Controller idle = 1
[2026-06-29 17:28:01.714] [info] Controller idle = 2
[2026-06-29 17:28:01.714] [info] Controller idle = 3
[2026-06-29 17:28:01.714] [info] Controller idle = 6
[2026-06-29 17:28:01.714] [info] Controller idle = 5
[2026-06-29 17:28:01.714] [info] Controller idle = 4
[2026-06-29 17:28:01.714] [info] Controller idle = 2
[2026-06-29 17:28:01.714] [info] Controller idle = 4
[2026-06-29 17:28:01.714] [info] Controller idle = 10
[2026-06-29 17:28:01.714] [info] Controller idle = 1
[2026-06-29 17:28:01.714] [info] Controller idle = 1
[2026-06-29 17:28:01.714] [info] Controller idle = 1
[2026-06-29 17:28:01.714] [info] Controller idle = 20
[2026-06-29 17:28:01.714] [info] Controller idle = 2
[2026-06-29 17:28:01.714] [info] Controller idle = 1
[2026-06-29 17:28:01.714] [info] Controller idle = 1
[2026-06-29 17:28:01.714] [info] Controller idle = 3
[2026-06-29 17:28:01.714] [info] Controller idle = 7
[2026-06-29 17:28:01.714] [info] Controller idle = 3
[2026-06-29 17:28:01.714] [info] Controller idle = 1
[2026-06-29 17:28:01.714] [info] Controller idle = 1
[2026-06-29 17:28:01.714] [info] Controller idle = 4
[2026-06-29 17:28:01.714] [info] Controller idle = 1
[2026-06-29 17:28:01.714] [info] Controller idle = 1
[2026-06-29 17:28:01.714] [info] Controller idle = 3
[2026-06-29 17:28:01.714] [info] Controller idle = 1
[2026-06-29 17:28:01.714] [info] Controller idle = 3
[2026-06-29 17:28:01.714] [info] Controller idle = 1
[2026-06-29 17:28:01.714] [info] Controller idle = 10
[2026-06-29 17:28:01.714] [info] Controller idle = 1
[2026-06-29 17:28:01.714] [info] Controller idle = 1
[2026-06-29 17:28:01.714] [info] Controller idle = 27
[2026-06-29 17:28:01.714] [info] Controller idle = 4
[2026-06-29 17:28:01.714] [info] Controller idle = 16
[2026-06-29 17:28:01.714] [info] Controller idle = 21516
[2026-06-29 17:28:01.714] [info] Controller idle = 8013
[2026-06-29 17:28:01.714] [info] Controller idle = 3
[2026-06-29 17:28:01.714] [info] Controller idle = 1
[2026-06-29 17:28:01.714] [info] Controller idle = 2
[2026-06-29 17:28:01.714] [info] Controller idle = 1
[2026-06-29 17:28:01.714] [info] Controller idle = 1
[2026-06-29 17:28:01.714] [info] Controller idle = 1
[2026-06-29 17:28:01.714] [info] Controller idle = 1
[2026-06-29 17:28:01.714] [info] Controller idle = 1
[2026-06-29 17:28:01.714] [info] Controller idle = 2
[2026-06-29 17:28:01.714] [info] Controller idle = 1
[2026-06-29 17:28:01.714] [info] Controller idle = 1
[2026-06-29 17:28:01.714] [info] Controller idle = 3
[2026-06-29 17:28:01.714] [info] Controller idle = 3
[2026-06-29 17:28:01.714] [info] Controller idle = 4
[2026-06-29 17:28:01.714] [info] Controller idle = 1
[2026-06-29 17:28:01.714] [info] Controller idle = 34349
[2026-06-29 17:28:01.714] [info] Controller idle = 8
[2026-06-29 17:28:01.714] [info] Controller idle = 29258
[2026-06-29 17:28:01.714] [info] Controller idle = 4
[2026-06-29 17:28:01.714] [info] Controller idle = 33252
[2026-06-29 17:28:01.714] [info] Controller idle = 1
[2026-06-29 17:28:01.714] [info] Controller idle = 4
[2026-06-29 17:28:01.714] [info] Controller idle = 2
[2026-06-29 17:28:01.714] [info] Controller idle = 1
[2026-06-29 17:28:01.714] [info] Controller idle = 1
[2026-06-29 17:28:01.714] [info] Controller idle = 1
[2026-06-29 17:28:01.714] [info] Controller idle = 1
[2026-06-29 17:28:01.714] [info] Controller idle = 4
[2026-06-29 17:28:01.714] [info] Controller idle = 2
[2026-06-29 17:28:01.714] [info] Controller idle = 10
[2026-06-29 17:28:01.714] [info] Controller idle = 2
[2026-06-29 17:28:01.714] [info] Controller idle = 2
[2026-06-29 17:28:01.714] [info] Controller idle = 4
[2026-06-29 17:28:01.714] [info] Controller idle = 11
[2026-06-29 17:28:01.714] [info] Controller idle = 2
[2026-06-29 17:28:01.714] [info] Controller idle = 9
[2026-06-29 17:28:01.714] [info] Controller idle = 1
[2026-06-29 17:28:01.714] [info] Controller idle = 1
[2026-06-29 17:28:01.714] [info] Controller idle = 3
[2026-06-29 17:28:01.714] [info] Controller idle = 9
[2026-06-29 17:28:01.714] [info] Controller idle = 3
[2026-06-29 17:28:01.714] [info] Controller idle = 1
[2026-06-29 17:28:01.714] [info] Controller idle = 3
[2026-06-29 17:28:01.714] [info] Controller idle = 1
[2026-06-29 17:28:01.714] [info] Controller idle = 6
[2026-06-29 17:28:01.714] [info] Controller idle = 1
[2026-06-29 17:28:01.714] [info] Controller idle = 5
[2026-06-29 17:28:01.714] [info] Controller idle = 10
[2026-06-29 17:28:01.714] [info] Controller idle = 3
[2026-06-29 17:28:01.714] [info] Controller idle = 4
[2026-06-29 17:28:01.714] [info] Controller idle = 26
[2026-06-29 17:28:01.714] [info] Controller idle = 2
[2026-06-29 17:28:01.714] [info] Controller idle = 29653
[2026-06-29 17:28:01.714] [info] Controller idle = 3
[2026-06-29 17:28:01.714] [info] Controller idle = 1
[2026-06-29 17:28:01.714] [info] Controller idle = 5
[2026-06-29 17:28:01.714] [info] Controller idle = 1
[2026-06-29 17:28:01.714] [info] Controller idle = 1
[2026-06-29 17:28:01.714] [info] Controller idle = 1
[2026-06-29 17:28:01.714] [info] Controller idle = 1
[2026-06-29 17:28:01.714] [info] Controller idle = 33058
[2026-06-29 17:28:01.714] [info] Controller idle = 13
[2026-06-29 17:28:01.714] [info] Controller idle = 11
[2026-06-29 17:28:01.714] [info] Controller idle = 3
[2026-06-29 17:28:01.714] [info] Controller idle = 2
[2026-06-29 17:28:01.714] [info] Controller idle = 16
[2026-06-29 17:28:01.714] [info] Controller idle = 29202
[2026-06-29 17:28:01.714] [info] Controller idle = 10
[2026-06-29 17:28:01.714] [info] Controller idle = 8
[2026-06-29 17:28:01.714] [info] Controller idle = 8
[2026-06-29 17:28:01.714] [info] Controller idle = 2
[2026-06-29 17:28:01.714] [info] Controller idle = 9093
[2026-06-29 17:28:01.714] [info] Controller idle = 1
[2026-06-29 17:28:01.714] [info] Controller idle = 1
[2026-06-29 17:28:01.714] [info] Controller idle = 1
[2026-06-29 17:28:01.714] [info] Controller idle = 1
[2026-06-29 17:28:01.714] [info] Controller idle = 5
[2026-06-29 17:28:01.714] [info] Controller idle = 1
[2026-06-29 17:28:01.714] [info] Controller idle = 1
[2026-06-29 17:28:01.714] [info] Controller idle = 1
[2026-06-29 17:28:01.714] [info] Controller idle = 2
[2026-06-29 17:28:01.714] [info] Controller idle = 2
[2026-06-29 17:28:01.714] [info] Controller idle = 9
[2026-06-29 17:28:01.714] [info] Controller idle = 22
[2026-06-29 17:28:01.714] [info] Controller idle = 26
[2026-06-29 17:28:01.714] [info] Controller idle = 6385
[2026-06-29 17:28:01.714] [info] Controller idle = 1610
[2026-06-29 17:28:01.714] [info] Controller idle = 1
[2026-06-29 17:28:01.714] [info] Controller idle = 4
[2026-06-29 17:28:01.714] [info] Controller idle = 1
[2026-06-29 17:28:01.714] [info] Controller idle = 4
[2026-06-29 17:28:01.714] [info] Controller idle = 9058
[2026-06-29 17:28:01.714] [info] Controller idle = 3
[2026-06-29 17:28:01.714] [info] Controller idle = 2
[2026-06-29 17:28:01.714] [info] Controller idle = 1
[2026-06-29 17:28:01.714] [info] Controller idle = 9
[2026-06-29 17:28:01.714] [info] Controller idle = 3
[2026-06-29 17:28:01.714] [info] Controller idle = 1
[2026-06-29 17:28:01.714] [info] Controller idle = 9
[2026-06-29 17:28:01.714] [info] Controller idle = 4
[2026-06-29 17:28:01.714] [info] Controller idle = 2
[2026-06-29 17:28:01.714] [info] Controller idle = 1
[2026-06-29 17:28:01.714] [info] Controller idle = 4
[2026-06-29 17:28:01.714] [info] Controller idle = 3
[2026-06-29 17:28:01.714] [info] Controller idle = 5
[2026-06-29 17:28:01.714] [info] Controller idle = 1
[2026-06-29 17:28:01.714] [info] Controller idle = 5
[2026-06-29 17:28:01.714] [info] Controller idle = 1
[2026-06-29 17:28:01.714] [info] Controller idle = 4
[2026-06-29 17:28:01.714] [info] Controller idle = 2
[2026-06-29 17:28:01.714] [info] Controller idle = 8
[2026-06-29 17:28:01.714] [info] Controller idle = 3
[2026-06-29 17:28:01.714] [info] Controller idle = 6415
[2026-06-29 17:28:01.714] [info] Controller idle = 9182
[2026-06-29 17:28:01.714] [info] Controller idle = 2
[2026-06-29 17:28:01.714] [info] Controller idle = 5
[2026-06-29 17:28:01.714] [info] Controller idle = 1
[2026-06-29 17:28:01.714] [info] Controller idle = 1
[2026-06-29 17:28:01.714] [info] Controller idle = 4
[2026-06-29 17:28:01.714] [info] Controller idle = 1
[2026-06-29 17:28:01.714] [info] Controller idle = 1
[2026-06-29 17:28:01.714] [info] Controller idle = 5
[2026-06-29 17:28:01.714] [info] Controller idle = 1
[2026-06-29 17:28:01.714] [info] Controller idle = 1
[2026-06-29 17:28:01.714] [info] Controller idle = 3
[2026-06-29 17:28:01.714] [info] Controller idle = 6427
[2026-06-29 17:28:01.714] [info] Controller idle = 1
[2026-06-29 17:28:01.714] [info] Controller idle = 4
[2026-06-29 17:28:01.714] [info] Controller idle = 9162
[2026-06-29 17:28:01.714] [info] Controller idle = 1
[2026-06-29 17:28:01.714] [info] Controller idle = 1
[2026-06-29 17:28:01.714] [info] Controller idle = 2
[2026-06-29 17:28:01.714] [info] Controller idle = 1
[2026-06-29 17:28:01.714] [info] Controller idle = 2
[2026-06-29 17:28:01.714] [info] Controller idle = 9
[2026-06-29 17:28:01.714] [info] Controller idle = 5
[2026-06-29 17:28:01.714] [info] Controller idle = 7
[2026-06-29 17:28:01.714] [info] Controller idle = 3
[2026-06-29 17:28:01.714] [info] Controller idle = 1
[2026-06-29 17:28:01.714] [info] Controller idle = 2
[2026-06-29 17:28:01.714] [info] Controller idle = 2
[2026-06-29 17:28:01.714] [info] Controller idle = 5
[2026-06-29 17:28:01.714] [info] Controller idle = 10
[2026-06-29 17:28:01.714] [info] Controller idle = 5
[2026-06-29 17:28:01.714] [info] Controller idle = 1
[2026-06-29 17:28:01.714] [info] Controller idle = 6429
[2026-06-29 17:28:01.714] [info] Controller idle = 2782
[2026-06-29 17:28:01.714] [info] Controller idle = 1547
[2026-06-29 17:28:01.714] [info] Controller idle = 1
[2026-06-29 17:28:01.714] [info] Controller idle = 2
[2026-06-29 17:28:01.714] [info] Controller idle = 1546
[2026-06-29 17:28:01.714] [info] Controller idle = 1507
[2026-06-29 17:28:01.714] [info] Controller idle = 4
[2026-06-29 17:28:01.714] [info] Controller idle = 5
[2026-06-29 17:28:01.714] [info] Controller idle = 707
[2026-06-29 17:28:01.714] [info] Controller idle = 4954
[2026-06-29 17:28:01.714] [info] Controller idle = 3652
[2026-06-29 17:28:01.714] [info] Controller idle = 3698
[2026-06-29 17:28:01.714] [info] Controller idle = 3658
[2026-06-29 17:28:01.714] [info] Controller idle = 4021
[2026-06-29 17:28:01.714] [info] Controller idle = 11
[2026-06-29 17:28:01.714] [info] Controller idle = 3690
[2026-06-29 17:28:01.714] [info] Controller idle = 3697
[2026-06-29 17:28:01.714] [info] Controller idle = 3690
[2026-06-29 17:28:01.714] [info] Controller idle = 3
[2026-06-29 17:28:01.714] [info] Controller idle = 3967
[2026-06-29 17:28:01.714] [info] Controller idle = 3679
[2026-06-29 17:28:01.714] [info] Controller idle = 3702
[2026-06-29 17:28:01.714] [info] Controller idle = 3
[2026-06-29 17:28:01.714] [info] Controller idle = 3671
[2026-06-29 17:28:01.714] [info] Controller idle = 2829
[2026-06-29 17:28:01.714] [info] Controller idle = 62
[2026-06-29 17:28:01.714] [info] Controller idle = 69
[2026-06-29 17:28:01.714] [info] Controller idle = 2433
[2026-06-29 17:28:01.714] [info] Controller idle = 10
[2026-06-29 17:28:01.714] [info] Controller idle = 1
[2026-06-29 17:28:01.714] [info] Controller idle = 1
[2026-06-29 17:28:01.714] [info] Controller idle = 4
[2026-06-29 17:28:01.714] [info] Controller idle = 78
[2026-06-29 17:28:01.714] [info] Controller idle = 3
[2026-06-29 17:28:01.714] [info] Controller idle = 1
[2026-06-29 17:28:01.714] [info] Controller idle = 2
[2026-06-29 17:28:01.714] [info] Controller idle = 1
[2026-06-29 17:28:01.714] [info] Controller idle = 9
[2026-06-29 17:28:01.714] [info] Controller idle = 4
[2026-06-29 17:28:01.714] [info] Controller idle = 90
[2026-06-29 17:28:01.714] [info] Controller idle = 1
[2026-06-29 17:28:01.714] [info] Controller idle = 23
[2026-06-29 17:28:01.714] [info] Controller idle = 1
[2026-06-29 17:28:01.714] [info] Controller idle = 1
[2026-06-29 17:28:01.714] [info] Controller idle = 8
[2026-06-29 17:28:01.714] [info] Controller idle = 2
[2026-06-29 17:28:01.714] [info] Controller idle = 2433
[2026-06-29 17:28:01.714] [info] Controller idle = 5
[2026-06-29 17:28:01.714] [info] Controller idle = 3
[2026-06-29 17:28:01.714] [info] Controller idle = 8
[2026-06-29 17:28:01.714] [info] Controller idle = 6
[2026-06-29 17:28:01.714] [info] Controller idle = 1
[2026-06-29 17:28:01.714] [info] Controller idle = 83
[2026-06-29 17:28:01.714] [info] Controller idle = 2
[2026-06-29 17:28:01.714] [info] Controller idle = 2
[2026-06-29 17:28:01.714] [info] Controller idle = 1
[2026-06-29 17:28:01.714] [info] Controller idle = 1
[2026-06-29 17:28:01.714] [info] Controller idle = 105
[2026-06-29 17:28:01.714] [info] Controller idle = 1
[2026-06-29 17:28:01.714] [info] Controller idle = 7
[2026-06-29 17:28:01.714] [info] Controller idle = 3
[2026-06-29 17:28:01.714] [info] Controller idle = 29
[2026-06-29 17:28:01.714] [info] Controller idle = 4
[2026-06-29 17:28:01.714] [info] Controller idle = 1
[2026-06-29 17:28:01.714] [info] Controller idle = 4
[2026-06-29 17:28:01.714] [info] Controller idle = 1
[2026-06-29 17:28:01.714] [info] Controller idle = 2435
[2026-06-29 17:28:01.714] [info] Controller idle = 3
[2026-06-29 17:28:01.714] [info] Controller idle = 16
[2026-06-29 17:28:01.714] [info] Controller idle = 91
[2026-06-29 17:28:01.714] [info] Controller idle = 10
[2026-06-29 17:28:01.714] [info] Controller idle = 4
[2026-06-29 17:28:01.714] [info] Controller idle = 92
[2026-06-29 17:28:01.714] [info] Controller idle = 10
[2026-06-29 17:28:01.714] [info] Controller idle = 4
[2026-06-29 17:28:01.714] [info] Controller idle = 3
[2026-06-29 17:28:01.714] [info] Controller idle = 4
[2026-06-29 17:28:01.714] [info] Controller idle = 1
[2026-06-29 17:28:01.714] [info] Controller idle = 12
[2026-06-29 17:28:01.714] [info] Controller idle = 1
[2026-06-29 17:28:01.714] [info] Controller idle = 2
[2026-06-29 17:28:01.714] [info] Controller idle = 4
[2026-06-29 17:28:01.714] [info] Controller idle = 5
[2026-06-29 17:28:01.714] [info] Controller idle = 2431
[2026-06-29 17:28:01.714] [info] Controller idle = 58
[2026-06-29 17:28:01.714] [info] Controller idle = 67
[2026-06-29 17:28:01.714] [info] Controller idle = 2402
[2026-06-29 17:28:01.714] [info] Controller idle = 1
[2026-06-29 17:28:01.714] [info] Controller idle = 9
[2026-06-29 17:28:01.714] [info] Controller idle = 5
[2026-06-29 17:28:01.714] [info] Controller idle = 1
[2026-06-29 17:28:01.714] [info] Controller idle = 9
[2026-06-29 17:28:01.714] [info] Controller idle = 3
[2026-06-29 17:28:01.714] [info] Controller idle = 77
[2026-06-29 17:28:01.714] [info] Controller idle = 3
[2026-06-29 17:28:01.714] [info] Controller idle = 13
[2026-06-29 17:28:01.714] [info] Controller idle = 1
[2026-06-29 17:28:01.714] [info] Controller idle = 6
[2026-06-29 17:28:01.714] [info] Controller idle = 4
[2026-06-29 17:28:01.714] [info] Controller idle = 89
[2026-06-29 17:28:01.714] [info] Controller idle = 2
[2026-06-29 17:28:01.714] [info] Controller idle = 1
[2026-06-29 17:28:01.714] [info] Controller idle = 5
[2026-06-29 17:28:01.715] [info] Controller idle = 3
[2026-06-29 17:28:01.715] [info] Controller idle = 18
[2026-06-29 17:28:01.715] [info] Controller idle = 9
[2026-06-29 17:28:01.715] [info] Controller idle = 11
[2026-06-29 17:28:01.715] [info] Controller idle = 2435
[2026-06-29 17:28:01.715] [info] Controller idle = 1
[2026-06-29 17:28:01.715] [info] Controller idle = 1
[2026-06-29 17:28:01.715] [info] Controller idle = 3
[2026-06-29 17:28:01.715] [info] Controller idle = 3
[2026-06-29 17:28:01.715] [info] Controller idle = 90
[2026-06-29 17:28:01.715] [info] Controller idle = 2
[2026-06-29 17:28:01.715] [info] Controller idle = 2
[2026-06-29 17:28:01.715] [info] Controller idle = 3
[2026-06-29 17:28:01.715] [info] Controller idle = 5
[2026-06-29 17:28:01.715] [info] Controller idle = 1
[2026-06-29 17:28:01.715] [info] Controller idle = 2
[2026-06-29 17:28:01.715] [info] Controller idle = 96
[2026-06-29 17:28:01.715] [info] Controller idle = 4
[2026-06-29 17:28:01.715] [info] Controller idle = 3
[2026-06-29 17:28:01.715] [info] Controller idle = 1
[2026-06-29 17:28:01.715] [info] Controller idle = 2
[2026-06-29 17:28:01.715] [info] Controller idle = 5
[2026-06-29 17:28:01.715] [info] Controller idle = 9
[2026-06-29 17:28:01.715] [info] Controller idle = 10
[2026-06-29 17:28:01.715] [info] Controller idle = 1
[2026-06-29 17:28:01.715] [info] Controller idle = 30
[2026-06-29 17:28:01.715] [info] Controller idle = 2433
[2026-06-29 17:28:01.715] [info] Controller idle = 3
[2026-06-29 17:28:01.715] [info] Controller idle = 93
[2026-06-29 17:28:01.715] [info] Controller idle = 5
[2026-06-29 17:28:01.715] [info] Controller idle = 7
[2026-06-29 17:28:01.715] [info] Controller idle = 4
[2026-06-29 17:28:01.715] [info] Controller idle = 1
[2026-06-29 17:28:01.715] [info] Controller idle = 5
[2026-06-29 17:28:01.715] [info] Controller idle = 2
[2026-06-29 17:28:01.715] [info] Controller idle = 93
[2026-06-29 17:28:01.715] [info] Controller idle = 7
[2026-06-29 17:28:01.715] [info] Controller idle = 3
[2026-06-29 17:28:01.715] [info] Controller idle = 1
[2026-06-29 17:28:01.715] [info] Controller idle = 2
[2026-06-29 17:28:01.715] [info] Controller idle = 2
[2026-06-29 17:28:01.715] [info] Controller idle = 13
[2026-06-29 17:28:01.715] [info] Controller idle = 1
[2026-06-29 17:28:01.715] [info] Controller idle = 1
[2026-06-29 17:28:01.715] [info] Controller idle = 552
[2026-06-29 17:28:01.715] [info] Controller idle = 120
[2026-06-29 17:28:01.715] [info] Controller idle = 3
[2026-06-29 17:28:01.715] [info] Controller idle = 14
[2026-06-29 17:28:01.715] [info] Controller idle = 2
[2026-06-29 17:28:01.715] [info] Controller idle = 11
[2026-06-29 17:28:01.715] [info] Controller idle = 40
[2026-06-29 17:28:01.715] [info] Controller idle = 1
[2026-06-29 17:28:01.715] [info] Controller idle = 4
[2026-06-29 17:28:01.715] [info] Controller idle = 1
[2026-06-29 17:28:01.715] [info] Controller idle = 2
[2026-06-29 17:28:01.715] [info] Controller idle = 4
[2026-06-29 17:28:01.715] [info] Controller idle = 4
[2026-06-29 17:28:01.715] [info] Controller idle = 1
[2026-06-29 17:28:01.715] [info] Controller idle = 10
[2026-06-29 17:28:01.715] [info] Controller idle = 1
[2026-06-29 17:28:01.715] [info] Controller idle = 1
[2026-06-29 17:28:01.715] [info] Controller idle = 3
[2026-06-29 17:28:01.715] [info] Controller idle = 3
[2026-06-29 17:28:01.715] [info] Controller idle = 6
[2026-06-29 17:28:01.715] [info] Controller idle = 130
[2026-06-29 17:28:01.715] [info] Controller idle = 6
[2026-06-29 17:28:01.715] [info] Controller idle = 3
[2026-06-29 17:28:01.715] [info] Controller idle = 10
[2026-06-29 17:28:01.715] [info] Controller idle = 1
[2026-06-29 17:28:01.715] [info] Controller idle = 2
[2026-06-29 17:28:01.715] [info] Controller idle = 1
[2026-06-29 17:28:01.715] [info] Controller idle = 5
[2026-06-29 17:28:01.715] [info] Controller idle = 1
[2026-06-29 17:28:01.715] [info] Controller idle = 2
[2026-06-29 17:28:01.715] [info] Controller idle = 21
[2026-06-29 17:28:01.715] [info] Controller idle = 4
[2026-06-29 17:28:01.715] [info] Controller idle = 6
[2026-06-29 17:28:01.715] [info] Controller idle = 2
[2026-06-29 17:28:01.715] [info] Controller idle = 4
[2026-06-29 17:28:01.715] [info] Controller idle = 10
[2026-06-29 17:28:01.715] [info] Controller idle = 10
[2026-06-29 17:28:01.715] [info] Controller idle = 3
[2026-06-29 17:28:01.715] [info] Controller idle = 1
[2026-06-29 17:28:01.715] [info] Controller idle = 3
[2026-06-29 17:28:01.715] [info] Controller idle = 2
[2026-06-29 17:28:01.715] [info] Controller idle = 133
[2026-06-29 17:28:01.715] [info] Controller idle = 9
[2026-06-29 17:28:01.715] [info] Controller idle = 16
[2026-06-29 17:28:01.715] [info] Controller idle = 1
[2026-06-29 17:28:01.715] [info] Controller idle = 4
[2026-06-29 17:28:01.715] [info] Controller idle = 38
[2026-06-29 17:28:01.715] [info] Controller idle = 4
[2026-06-29 17:28:01.715] [info] Controller idle = 3
[2026-06-29 17:28:01.715] [info] Controller idle = 1
[2026-06-29 17:28:01.715] [info] Controller idle = 9
[2026-06-29 17:28:01.715] [info] Controller idle = 1
[2026-06-29 17:28:01.715] [info] Controller idle = 2
[2026-06-29 17:28:01.715] [info] Controller idle = 1
[2026-06-29 17:28:01.715] [info] Controller idle = 16
[2026-06-29 17:28:01.715] [info] Controller idle = 1
[2026-06-29 17:28:01.715] [info] Controller idle = 5
[2026-06-29 17:28:01.715] [info] Controller idle = 1
[2026-06-29 17:28:01.715] [info] Controller idle = 125
[2026-06-29 17:28:01.715] [info] Controller idle = 106
[2026-06-29 17:28:01.715] [info] Controller idle = 1
[2026-06-29 17:28:01.715] [info] Controller idle = 7
[2026-06-29 17:28:01.715] [info] Controller idle = 2
[2026-06-29 17:28:01.715] [info] Controller idle = 4
[2026-06-29 17:28:01.715] [info] Controller idle = 1
[2026-06-29 17:28:01.715] [info] Controller idle = 34
[2026-06-29 17:28:01.715] [info] Controller idle = 1
[2026-06-29 17:28:01.715] [info] Controller idle = 1
[2026-06-29 17:28:01.715] [info] Controller idle = 8
[2026-06-29 17:28:01.715] [info] Controller idle = 9
[2026-06-29 17:28:01.715] [info] Controller idle = 5
[2026-06-29 17:28:01.715] [info] Controller idle = 5
[2026-06-29 17:28:01.715] [info] Controller idle = 1
[2026-06-29 17:28:01.715] [info] Controller idle = 4
[2026-06-29 17:28:01.715] [info] Controller idle = 3
[2026-06-29 17:28:01.715] [info] Controller idle = 3
[2026-06-29 17:28:01.715] [info] Controller idle = 4
[2026-06-29 17:28:01.715] [info] Controller idle = 137
[2026-06-29 17:28:01.715] [info] Controller idle = 7
[2026-06-29 17:28:01.715] [info] Controller idle = 3
[2026-06-29 17:28:01.715] [info] Controller idle = 2
[2026-06-29 17:28:01.715] [info] Controller idle = 1
[2026-06-29 17:28:01.715] [info] Controller idle = 1
[2026-06-29 17:28:01.715] [info] Controller idle = 3
[2026-06-29 17:28:01.715] [info] Controller idle = 10
[2026-06-29 17:28:01.715] [info] Controller idle = 28
[2026-06-29 17:28:01.715] [info] Controller idle = 12
[2026-06-29 17:28:01.715] [info] Controller idle = 2
[2026-06-29 17:28:01.715] [info] Controller idle = 4
[2026-06-29 17:28:01.715] [info] Controller idle = 1
[2026-06-29 17:28:01.715] [info] Controller idle = 3
[2026-06-29 17:28:01.715] [info] Controller idle = 4
[2026-06-29 17:28:01.715] [info] Controller idle = 1
[2026-06-29 17:28:01.715] [info] Controller idle = 10
[2026-06-29 17:28:01.715] [info] Controller idle = 3
[2026-06-29 17:28:01.715] [info] Controller idle = 1
[2026-06-29 17:28:01.715] [info] Controller idle = 132
[2026-06-29 17:28:01.715] [info] Controller idle = 11
[2026-06-29 17:28:01.715] [info] Controller idle = 9
[2026-06-29 17:28:01.715] [info] Controller idle = 1
[2026-06-29 17:28:01.715] [info] Controller idle = 1
[2026-06-29 17:28:01.715] [info] Controller idle = 9
[2026-06-29 17:28:01.715] [info] Controller idle = 1
[2026-06-29 17:28:01.715] [info] Controller idle = 1
[2026-06-29 17:28:01.715] [info] Controller idle = 55
[2026-06-29 17:28:01.715] [info] Controller idle = 1
[2026-06-29 17:28:01.715] [info] Controller idle = 1
[2026-06-29 17:28:01.715] [info] Controller idle = 1
[2026-06-29 17:28:01.715] [info] Controller idle = 2
[2026-06-29 17:28:01.715] [info] Controller idle = 1
[2026-06-29 17:28:01.715] [info] Controller idle = 4986
[2026-06-29 17:28:01.715] [info] Controller idle = 5367
[2026-06-29 17:28:01.715] [info] Controller idle = 4
[2026-06-29 17:28:01.715] [info] Controller idle = 2
[2026-06-29 17:28:01.715] [info] Controller idle = 3
[2026-06-29 17:28:01.715] [info] Controller idle = 13
[2026-06-29 17:28:01.715] [info] Controller idle = 2
[2026-06-29 17:28:01.715] [info] Controller idle = 1
[2026-06-29 17:28:01.715] [info] Controller idle = 1
[2026-06-29 17:28:01.715] [info] Controller idle = 1
[2026-06-29 17:28:01.715] [info] Controller idle = 5405
[2026-06-29 17:28:01.715] [info] Controller idle = 1
[2026-06-29 17:28:01.715] [info] Controller idle = 1
[2026-06-29 17:28:01.715] [info] Controller idle = 5
[2026-06-29 17:28:01.715] [info] Controller idle = 1
[2026-06-29 17:28:01.715] [info] Controller idle = 3
[2026-06-29 17:28:01.715] [info] Controller idle = 2
[2026-06-29 17:28:01.715] [info] Controller idle = 1
[2026-06-29 17:28:01.715] [info] Controller idle = 7
[2026-06-29 17:28:01.715] [info] Controller idle = 2
[2026-06-29 17:28:01.715] [info] Controller idle = 1
[2026-06-29 17:28:01.715] [info] Controller idle = 5
[2026-06-29 17:28:01.715] [info] Controller idle = 6
[2026-06-29 17:28:01.715] [info] Controller idle = 4
[2026-06-29 17:28:01.715] [info] Controller idle = 5
[2026-06-29 17:28:01.715] [info] Controller idle = 4
[2026-06-29 17:28:01.715] [info] Controller idle = 5398
[2026-06-29 17:28:01.715] [info] Controller idle = 1
[2026-06-29 17:28:01.715] [info] Controller idle = 3
[2026-06-29 17:28:01.715] [info] Controller idle = 2
[2026-06-29 17:28:01.715] [info] Controller idle = 1
[2026-06-29 17:28:01.715] [info] Controller idle = 10
[2026-06-29 17:28:01.715] [info] Controller idle = 1
[2026-06-29 17:28:01.715] [info] Controller idle = 5
[2026-06-29 17:28:01.715] [info] Controller idle = 5
[2026-06-29 17:28:01.715] [info] Controller idle = 1
[2026-06-29 17:28:01.715] [info] Controller idle = 1
[2026-06-29 17:28:01.715] [info] Controller idle = 9
[2026-06-29 17:28:01.715] [info] Controller idle = 7
[2026-06-29 17:28:01.715] [info] Controller idle = 5
[2026-06-29 17:28:01.715] [info] Controller idle = 1
[2026-06-29 17:28:01.715] [info] Controller idle = 1
[2026-06-29 17:28:01.715] [info] Controller idle = 5392
[2026-06-29 17:28:01.715] [info] Controller idle = 5364
[2026-06-29 17:28:01.715] [info] Controller idle = 1
[2026-06-29 17:28:01.715] [info] Controller idle = 15
[2026-06-29 17:28:01.715] [info] Controller idle = 2
[2026-06-29 17:28:01.715] [info] Controller idle = 16
[2026-06-29 17:28:01.715] [info] Controller idle = 3
[2026-06-29 17:28:01.715] [info] Controller idle = 6
[2026-06-29 17:28:01.715] [info] Controller idle = 1
[2026-06-29 17:28:01.715] [info] Controller idle = 19
[2026-06-29 17:28:01.715] [info] Controller idle = 6
[2026-06-29 17:28:01.715] [info] Controller idle = 5
[2026-06-29 17:28:01.715] [info] Controller idle = 2
[2026-06-29 17:28:01.715] [info] Controller idle = 5
[2026-06-29 17:28:01.715] [info] Controller idle = 2
[2026-06-29 17:28:01.715] [info] Controller idle = 5388
[2026-06-29 17:28:01.715] [info] Controller idle = 3
[2026-06-29 17:28:01.715] [info] Controller idle = 3
[2026-06-29 17:28:01.715] [info] Controller idle = 2
[2026-06-29 17:28:01.715] [info] Controller idle = 1
[2026-06-29 17:28:01.715] [info] Controller idle = 1
[2026-06-29 17:28:01.715] [info] Controller idle = 1
[2026-06-29 17:28:01.715] [info] Controller idle = 19
[2026-06-29 17:28:01.715] [info] Controller idle = 4
[2026-06-29 17:28:01.715] [info] Controller idle = 3
[2026-06-29 17:28:01.715] [info] Controller idle = 11
[2026-06-29 17:28:01.715] [info] Controller idle = 2
[2026-06-29 17:28:01.715] [info] Controller idle = 7
[2026-06-29 17:28:01.715] [info] Controller idle = 5394
[2026-06-29 17:28:01.715] [info] Controller idle = 2
[2026-06-29 17:28:01.715] [info] Controller idle = 6
[2026-06-29 17:28:01.715] [info] Controller idle = 4
[2026-06-29 17:28:01.715] [info] Controller idle = 1
[2026-06-29 17:28:01.715] [info] Controller idle = 2
[2026-06-29 17:28:01.715] [info] Controller idle = 1
[2026-06-29 17:28:01.715] [info] Controller idle = 4
[2026-06-29 17:28:01.715] [info] Controller idle = 3
[2026-06-29 17:28:01.715] [info] Controller idle = 5018
[2026-06-29 17:28:01.715] [info] Controller idle = 5357
[2026-06-29 17:28:01.715] [info] Controller idle = 1
[2026-06-29 17:28:01.715] [info] Controller idle = 12
[2026-06-29 17:28:01.715] [info] Controller idle = 4
[2026-06-29 17:28:01.715] [info] Controller idle = 1
[2026-06-29 17:28:01.715] [info] Controller idle = 1
[2026-06-29 17:28:01.715] [info] Controller idle = 1
[2026-06-29 17:28:01.715] [info] Controller idle = 6
[2026-06-29 17:28:01.715] [info] Controller idle = 3
[2026-06-29 17:28:01.715] [info] Controller idle = 1
[2026-06-29 17:28:01.715] [info] Controller idle = 9
[2026-06-29 17:28:01.715] [info] Controller idle = 2
[2026-06-29 17:28:01.715] [info] Controller idle = 1
[2026-06-29 17:28:01.715] [info] Controller idle = 14
[2026-06-29 17:28:01.715] [info] Controller idle = 5397
[2026-06-29 17:28:01.715] [info] Controller idle = 1
[2026-06-29 17:28:01.715] [info] Controller idle = 9
[2026-06-29 17:28:01.715] [info] Controller idle = 1
[2026-06-29 17:28:01.715] [info] Controller idle = 9
[2026-06-29 17:28:01.715] [info] Controller idle = 2
[2026-06-29 17:28:01.715] [info] Controller idle = 11
[2026-06-29 17:28:01.715] [info] Controller idle = 2
[2026-06-29 17:28:01.715] [info] Controller idle = 1
[2026-06-29 17:28:01.715] [info] Controller idle = 2
[2026-06-29 17:28:01.715] [info] Controller idle = 1
[2026-06-29 17:28:01.715] [info] Controller idle = 1
[2026-06-29 17:28:01.715] [info] Controller idle = 1
[2026-06-29 17:28:01.715] [info] Controller idle = 5403
[2026-06-29 17:28:01.715] [info] Controller idle = 1
[2026-06-29 17:28:01.715] [info] Controller idle = 1
[2026-06-29 17:28:01.715] [info] Controller idle = 2
[2026-06-29 17:28:01.715] [info] Controller idle = 1
[2026-06-29 17:28:01.715] [info] Controller idle = 6
[2026-06-29 17:28:01.715] [info] Controller idle = 3
[2026-06-29 17:28:01.715] [info] Controller idle = 2
[2026-06-29 17:28:01.715] [info] Controller idle = 1
[2026-06-29 17:28:01.715] [info] Controller idle = 3
[2026-06-29 17:28:01.715] [info] Controller idle = 1
[2026-06-29 17:28:01.715] [info] Controller idle = 4
[2026-06-29 17:28:01.715] [info] Controller idle = 1
[2026-06-29 17:28:01.715] [info] Controller idle = 1
[2026-06-29 17:28:01.715] [info] Controller idle = 3
[2026-06-29 17:28:01.715] [info] Controller idle = 4
[2026-06-29 17:28:01.715] [info] Controller idle = 5395
[2026-06-29 17:28:01.715] [info] Controller idle = 7
[2026-06-29 17:28:01.715] [info] Controller idle = 5353
[2026-06-29 17:28:01.715] [info] Controller idle = 1
[2026-06-29 17:28:01.715] [info] Controller idle = 1
[2026-06-29 17:28:01.715] [info] Controller idle = 3
[2026-06-29 17:28:01.715] [info] Controller idle = 2
[2026-06-29 17:28:01.715] [info] Controller idle = 2
[2026-06-29 17:28:01.715] [info] Controller idle = 1
[2026-06-29 17:28:01.715] [info] Controller idle = 3
[2026-06-29 17:28:01.715] [info] Controller idle = 3
[2026-06-29 17:28:01.715] [info] Controller idle = 3
[2026-06-29 17:28:01.715] [info] Controller idle = 1
[2026-06-29 17:28:01.715] [info] Controller idle = 5
[2026-06-29 17:28:01.715] [info] Controller idle = 5
[2026-06-29 17:28:01.715] [info] Controller idle = 1
[2026-06-29 17:28:01.715] [info] Controller idle = 8
[2026-06-29 17:28:01.715] [info] Controller idle = 1
[2026-06-29 17:28:01.715] [info] Controller idle = 1
[2026-06-29 17:28:01.715] [info] Controller idle = 5398
[2026-06-29 17:28:01.715] [info] Controller idle = 1
[2026-06-29 17:28:01.715] [info] Controller idle = 1
[2026-06-29 17:28:01.715] [info] Controller idle = 13
[2026-06-29 17:28:01.715] [info] Controller idle = 1
[2026-06-29 17:28:01.715] [info] Controller idle = 2
[2026-06-29 17:28:01.715] [info] Controller idle = 10
[2026-06-29 17:28:01.715] [info] Controller idle = 1
[2026-06-29 17:28:01.715] [info] Controller idle = 1
[2026-06-29 17:28:01.715] [info] Controller idle = 1
[2026-06-29 17:28:01.715] [info] Controller idle = 1
[2026-06-29 17:28:01.715] [info] Controller idle = 3
[2026-06-29 17:28:01.715] [info] Controller idle = 1
[2026-06-29 17:28:01.715] [info] Controller idle = 5405
[2026-06-29 17:28:01.715] [info] Controller idle = 10
[2026-06-29 17:28:01.715] [info] Controller idle = 15
[2026-06-29 17:28:01.715] [info] Controller idle = 1
[2026-06-29 17:28:01.715] [info] Controller idle = 2
[2026-06-29 17:28:01.715] [info] Controller idle = 8
[2026-06-29 17:28:01.715] [info] Controller idle = 4869
[2026-06-29 17:28:01.715] [info] Controller idle = 88
[2026-06-29 17:28:01.715] [info] Controller idle = 91
[2026-06-29 17:28:01.715] [info] Controller idle = 1
[2026-06-29 17:28:01.715] [info] Controller idle = 5136
[2026-06-29 17:28:01.715] [info] Controller idle = 1
[2026-06-29 17:28:01.715] [info] Controller idle = 3
[2026-06-29 17:28:01.715] [info] Controller idle = 6
[2026-06-29 17:28:01.715] [info] Controller idle = 5
[2026-06-29 17:28:01.715] [info] Controller idle = 2
[2026-06-29 17:28:01.715] [info] Controller idle = 111
[2026-06-29 17:28:01.715] [info] Controller idle = 3
[2026-06-29 17:28:01.715] [info] Controller idle = 4
[2026-06-29 17:28:01.715] [info] Controller idle = 5
[2026-06-29 17:28:01.715] [info] Controller idle = 9
[2026-06-29 17:28:01.715] [info] Controller idle = 3
[2026-06-29 17:28:01.715] [info] Controller idle = 6
[2026-06-29 17:28:01.715] [info] Controller idle = 1
[2026-06-29 17:28:01.715] [info] Controller idle = 134
[2026-06-29 17:28:01.715] [info] Controller idle = 6
[2026-06-29 17:28:01.715] [info] Controller idle = 10
[2026-06-29 17:28:01.715] [info] Controller idle = 3
[2026-06-29 17:28:01.715] [info] Controller idle = 2
[2026-06-29 17:28:01.715] [info] Controller idle = 5145
[2026-06-29 17:28:01.715] [info] Controller idle = 3
[2026-06-29 17:28:01.715] [info] Controller idle = 6
[2026-06-29 17:28:01.715] [info] Controller idle = 7
[2026-06-29 17:28:01.715] [info] Controller idle = 4
[2026-06-29 17:28:01.715] [info] Controller idle = 135
[2026-06-29 17:28:01.715] [info] Controller idle = 2
[2026-06-29 17:28:01.715] [info] Controller idle = 2
[2026-06-29 17:28:01.715] [info] Controller idle = 6
[2026-06-29 17:28:01.715] [info] Controller idle = 3
[2026-06-29 17:28:01.715] [info] Controller idle = 5
[2026-06-29 17:28:01.715] [info] Controller idle = 2
[2026-06-29 17:28:01.715] [info] Controller idle = 6
[2026-06-29 17:28:01.715] [info] Controller idle = 4
[2026-06-29 17:28:01.715] [info] Controller idle = 4
[2026-06-29 17:28:01.715] [info] Controller idle = 118
[2026-06-29 17:28:01.715] [info] Controller idle = 4
[2026-06-29 17:28:01.715] [info] Controller idle = 7
[2026-06-29 17:28:01.715] [info] Controller idle = 2
[2026-06-29 17:28:01.715] [info] Controller idle = 3
[2026-06-29 17:28:01.715] [info] Controller idle = 1
[2026-06-29 17:28:01.715] [info] Controller idle = 5158
[2026-06-29 17:28:01.715] [info] Controller idle = 3
[2026-06-29 17:28:01.715] [info] Controller idle = 4
[2026-06-29 17:28:01.715] [info] Controller idle = 12
[2026-06-29 17:28:01.715] [info] Controller idle = 1
[2026-06-29 17:28:01.715] [info] Controller idle = 99
[2026-06-29 17:28:01.715] [info] Controller idle = 1
[2026-06-29 17:28:01.715] [info] Controller idle = 1
[2026-06-29 17:28:01.715] [info] Controller idle = 5
[2026-06-29 17:28:01.715] [info] Controller idle = 12
[2026-06-29 17:28:01.715] [info] Controller idle = 3
[2026-06-29 17:28:01.715] [info] Controller idle = 3
[2026-06-29 17:28:01.715] [info] Controller idle = 15
[2026-06-29 17:28:01.715] [info] Controller idle = 115
[2026-06-29 17:28:01.715] [info] Controller idle = 2
[2026-06-29 17:28:01.715] [info] Controller idle = 1
[2026-06-29 17:28:01.715] [info] Controller idle = 1
[2026-06-29 17:28:01.715] [info] Controller idle = 4
[2026-06-29 17:28:01.715] [info] Controller idle = 4
[2026-06-29 17:28:01.715] [info] Controller idle = 1
[2026-06-29 17:28:01.715] [info] Controller idle = 3
[2026-06-29 17:28:01.715] [info] Controller idle = 2
[2026-06-29 17:28:01.715] [info] Controller idle = 5144
[2026-06-29 17:28:01.715] [info] Controller idle = 85
[2026-06-29 17:28:01.715] [info] Controller idle = 96
[2026-06-29 17:28:01.715] [info] Controller idle = 4
[2026-06-29 17:28:01.715] [info] Controller idle = 5127
[2026-06-29 17:28:01.715] [info] Controller idle = 1
[2026-06-29 17:28:01.715] [info] Controller idle = 6
[2026-06-29 17:28:01.715] [info] Controller idle = 6
[2026-06-29 17:28:01.715] [info] Controller idle = 4
[2026-06-29 17:28:01.715] [info] Controller idle = 1
[2026-06-29 17:28:01.716] [info] Controller idle = 112
[2026-06-29 17:28:01.716] [info] Controller idle = 5
[2026-06-29 17:28:01.716] [info] Controller idle = 5
[2026-06-29 17:28:01.716] [info] Controller idle = 1
[2026-06-29 17:28:01.716] [info] Controller idle = 1
[2026-06-29 17:28:01.716] [info] Controller idle = 4
[2026-06-29 17:28:01.716] [info] Controller idle = 3
[2026-06-29 17:28:01.716] [info] Controller idle = 6
[2026-06-29 17:28:01.716] [info] Controller idle = 1
[2026-06-29 17:28:01.716] [info] Controller idle = 1
[2026-06-29 17:28:01.716] [info] Controller idle = 1
[2026-06-29 17:28:01.716] [info] Controller idle = 2
[2026-06-29 17:28:01.716] [info] Controller idle = 123
[2026-06-29 17:28:01.716] [info] Controller idle = 1
[2026-06-29 17:28:01.716] [info] Controller idle = 1
[2026-06-29 17:28:01.716] [info] Controller idle = 2
[2026-06-29 17:28:01.716] [info] Controller idle = 10
[2026-06-29 17:28:01.716] [info] Controller idle = 5158
[2026-06-29 17:28:01.716] [info] Controller idle = 6
[2026-06-29 17:28:01.716] [info] Controller idle = 2
[2026-06-29 17:28:01.716] [info] Controller idle = 1
[2026-06-29 17:28:01.716] [info] Controller idle = 6
[2026-06-29 17:28:01.716] [info] Controller idle = 118
[2026-06-29 17:28:01.716] [info] Controller idle = 1
[2026-06-29 17:28:01.716] [info] Controller idle = 6
[2026-06-29 17:28:01.716] [info] Controller idle = 1
[2026-06-29 17:28:01.716] [info] Controller idle = 4
[2026-06-29 17:28:01.716] [info] Controller idle = 2
[2026-06-29 17:28:01.716] [info] Controller idle = 1
[2026-06-29 17:28:01.716] [info] Controller idle = 4
[2026-06-29 17:28:01.716] [info] Controller idle = 4
[2026-06-29 17:28:01.716] [info] Controller idle = 4
[2026-06-29 17:28:01.716] [info] Controller idle = 127
[2026-06-29 17:28:01.716] [info] Controller idle = 7
[2026-06-29 17:28:01.716] [info] Controller idle = 3
[2026-06-29 17:28:01.716] [info] Controller idle = 1
[2026-06-29 17:28:01.716] [info] Controller idle = 5159
[2026-06-29 17:28:01.716] [info] Controller idle = 15
[2026-06-29 17:28:01.716] [info] Controller idle = 4
[2026-06-29 17:28:01.716] [info] Controller idle = 2
[2026-06-29 17:28:01.716] [info] Controller idle = 3
[2026-06-29 17:28:01.716] [info] Controller idle = 101
[2026-06-29 17:28:01.716] [info] Controller idle = 4
[2026-06-29 17:28:01.716] [info] Controller idle = 17
[2026-06-29 17:28:01.716] [info] Controller idle = 4
[2026-06-29 17:28:01.716] [info] Controller idle = 1
[2026-06-29 17:28:01.716] [info] Controller idle = 1
[2026-06-29 17:28:01.716] [info] Controller idle = 9
[2026-06-29 17:28:01.716] [info] Controller idle = 8
[2026-06-29 17:28:01.716] [info] Controller idle = 1
[2026-06-29 17:28:01.716] [info] Controller idle = 1
[2026-06-29 17:28:01.716] [info] Controller idle = 121
[2026-06-29 17:28:01.716] [info] Controller idle = 4
[2026-06-29 17:28:01.716] [info] Controller idle = 80
[2026-06-29 17:28:01.716] [info] Controller idle = 1047
[2026-06-29 17:28:01.716] [info] Controller idle = 1
[2026-06-29 17:28:01.716] [info] Controller idle = 18
[2026-06-29 17:28:01.716] [info] Controller idle = 13
MemorySystem:
  impl: GenericDRAM
  total_num_other_requests: 0
  total_num_write_requests: 77646
  total_num_read_requests: 55378
  memory_system_cycles: 2594267

  DRAM:
    impl: HBM2
    dram_commands: 207012
  AddrMapper:
    impl: RoBaRaCoCh
  Controller:
    impl: Generic
    id: Channel 0
    Scheduler:
      impl: FRFCFS
    RefreshManager:
      impl: AllBank



[2026-06-29 17:28:01.716] [info] Simulation time: 217.711834 seconds
[2026-06-29 17:28:01.716] [info] Total tile: 192, simulated tile per seconds(TPS): 0.920183
