[2026-05-26 12:37:53.485] [info] CPU 0: Partition 0
[2026-05-26 12:37:53.485] [info] CPU 1: Partition 0
[2026-05-26 12:37:53.485] [info] CPU 2: Partition 0
[2026-05-26 12:37:53.485] [info] CPU 3: Partition 0
[2026-05-26 12:37:53.485] [info] Running in language mode
[2026-05-26 12:37:53.485] [info] Simulator Configuration:
[2026-05-26 12:37:53.485] [info] [Core 0] Systolic Array Throughput: 131072 GFLOPS, Spad size: 32768 KB, Accumulator size: 4096 KB
[2026-05-26 12:37:53.485] [info] [Core 1] Systolic Array Throughput: 131072 GFLOPS, Spad size: 32768 KB, Accumulator size: 4096 KB
[2026-05-26 12:37:53.485] [info] [Core 2] Systolic Array Throughput: 131072 GFLOPS, Spad size: 32768 KB, Accumulator size: 4096 KB
[2026-05-26 12:37:53.485] [info] [Core 3] Systolic Array Throughput: 131072 GFLOPS, Spad size: 32768 KB, Accumulator size: 4096 KB
[2026-05-26 12:37:53.485] [info] DRAM Bandwidth 614 GB/s
[2026-05-26 12:37:53.485] [info] Ramulator2 config: /workspace/ONNXim/configs/../configs/ramulator2_configs/HBM2.yaml
[2026-05-26 12:37:53.492] [info] Initialize Booksim2
[2026-05-26 12:37:53.492] [info] Config path : /workspace/ONNXim/configs/../configs/booksim2_configs/fly_c64_m16.icnt
[2026-05-26 12:37:53.495] [info] Register Language Model: tiny_transformer
[2026-05-26 12:37:53.495] [info] Tensor Parallelsim 1, Pipeline Parallelism 1
[2026-05-26 12:37:53.495] [info] Weight size: 0.01 GB
[2026-05-26 12:37:53.495] [info] Simple Language scheduler selected
[2026-05-26 12:37:53.495] [info] num layer 1 num sim layer 1
[2026-05-26 12:37:53.495] [info] ======Start Simulation=====
[2026-05-26 12:37:53.495] [info] Total Memory Usage: 0.01 GB
[2026-05-26 12:37:53.495] [info] Weight Memory Usage: 0.01 GB
[2026-05-26 12:37:53.495] [info] KV Memory Usage: 0.00 GB
[2026-05-26 12:37:53.495] [info] Activation Memory Usage: 0.00 GB
[2026-05-26 12:37:53.495] [debug] [Gemm] input_shape: [64, 232]
[2026-05-26 12:37:53.495] [debug] [Gemm] output_shape : [64, 696]
[2026-05-26 12:37:53.495] [info] [GEMM] spad_size: 33554432 accum_size: 4194304
[2026-05-26 12:37:53.495] [info] [GEMM] required_sram_size: 131072 required_accum_size: 32768
[2026-05-26 12:37:53.495] [info] [GEMM] Used mapping: Total N:64 C:232 M:696 | Outer N:1 C:1 M:6 | Inner N:128 C:256 M:128
[2026-05-26 12:37:53.497] [info] [GemmWs] Keys K = 232, N = 64, M = 696
[2026-05-26 12:37:53.497] [info] [GemmWS]: total 0.02071296 GFLOPs, 0.00044312002 GB
[2026-05-26 12:37:53.497] [info] [GemmWS]: Theoretical time(ms): 0.0007216938229248626 Compute time: 0.0001580273476520233 Memory time: 0.0007216938229248626
[2026-05-26 12:37:53.497] [debug] [KVCacheConcat] input_token_lengths: [64]
[2026-05-26 12:37:53.497] [debug] [KVCacheConcat] number of tiles: 1
[2026-05-26 12:37:53.498] [info] [Attention] total_spad_size_per_head: 22272 B
[2026-05-26 12:37:53.498] [info] [Attention] total_acc_size_per_head: 8192 B
[2026-05-26 12:37:53.498] [info] [Attention] q_len: 64, seq_len: 64, dk: 58, heads per tile 1
[2026-05-26 12:37:53.498] [info] [Attention] Spad size 16777216
[2026-05-26 12:37:53.498] [info] [Attention] Accum spad size 2097152
[2026-05-26 12:37:53.498] [info] Mapping info Total Loop: N256 C58 M64 S1 R1 Q1 P1 Tile Out Loop: N4 C1 M1 S1 R1 Q1 P1 Tile In Loop: N64 C58 M64 S1 R1 Q1 P1
[2026-05-26 12:37:53.500] [info] [Attention] QK 0.001900544 GFLOPs
[2026-05-26 12:37:53.500] [info] [Attention] total 0.003964928 GFLOPs, 0.000118784 GB
[2026-05-26 12:37:53.500] [info] [Attention] Theoretical time(ms): 0.00019345929 Compute time: 4.9000002e-05 Memory time: 0.00019345929
[2026-05-26 12:37:53.500] [info] [Attention] QK compute 0.0000ms Softmax compute 0.0000ms SV compute 0.0000ms
[2026-05-26 12:37:53.500] [debug] [Gemm] input_shape: [64, 232]
[2026-05-26 12:37:53.500] [debug] [Gemm] output_shape : [64, 232]
[2026-05-26 12:37:53.500] [info] [GEMM] spad_size: 33554432 accum_size: 4194304
[2026-05-26 12:37:53.500] [info] [GEMM] required_sram_size: 131072 required_accum_size: 32768
[2026-05-26 12:37:53.500] [info] [GEMM] Used mapping: Total N:64 C:232 M:232 | Outer N:1 C:1 M:2 | Inner N:128 C:256 M:128
[2026-05-26 12:37:53.501] [info] [GemmWs] Keys K = 232, N = 64, M = 232
[2026-05-26 12:37:53.501] [info] [GemmWS]: total 0.0069043194 GFLOPs, 0.000167504 GB
[2026-05-26 12:37:53.501] [info] [GemmWS]: Theoretical time(ms): 0.00027280782433081185 Compute time: 5.267577662948497e-05 Memory time: 0.00027280782433081185
[2026-05-26 12:37:53.501] [info] [SkipLayerNorm] tokens_per_tile: 8
[2026-05-26 12:37:53.501] [debug] [Gemm] input_shape: [64, 232]
[2026-05-26 12:37:53.501] [debug] [Gemm] output_shape : [64, 512]
[2026-05-26 12:37:53.501] [info] [GEMM] spad_size: 33554432 accum_size: 4194304
[2026-05-26 12:37:53.501] [info] [GEMM] required_sram_size: 131072 required_accum_size: 32768
[2026-05-26 12:37:53.501] [info] [GEMM] Used mapping: Total N:64 C:232 M:512 | Outer N:1 C:1 M:4 | Inner N:128 C:256 M:128
[2026-05-26 12:37:53.503] [info] [GemmWs] Keys K = 232, N = 64, M = 512
[2026-05-26 12:37:53.503] [info] [GemmWS]: total 0.015204352 GFLOPs, 0.0003328 GB
[2026-05-26 12:37:53.503] [info] [GemmWS]: Theoretical time(ms): 0.0005420195634542324 Compute time: 0.00011600000249245568 Memory time: 0.0005420195634542324
[2026-05-26 12:37:53.503] [info] [BiasAct] tokens_per_tile: 8
[2026-05-26 12:37:53.503] [debug] [Gemm] input_shape: [64, 512]
[2026-05-26 12:37:53.503] [debug] [Gemm] output_shape : [64, 232]
[2026-05-26 12:37:53.503] [info] [GEMM] spad_size: 33554432 accum_size: 4194304
[2026-05-26 12:37:53.503] [info] [GEMM] required_sram_size: 262144 required_accum_size: 32768
[2026-05-26 12:37:53.503] [info] [GEMM] Used mapping: Total N:64 C:512 M:232 | Outer N:1 C:1 M:2 | Inner N:128 C:512 M:128
[2026-05-26 12:37:53.504] [info] [GemmWs] Keys K = 512, N = 64, M = 232
[2026-05-26 12:37:53.504] [info] [GemmWS]: total 0.0152191995 GFLOPs, 0.000333264 GB
[2026-05-26 12:37:53.504] [info] [GemmWS]: Theoretical time(ms): 0.000542775239864568 Compute time: 0.00011611327721539055 Memory time: 0.000542775239864568
[2026-05-26 12:37:53.504] [info] [SkipLayerNorm] tokens_per_tile: 8
[2026-05-26 12:37:53.504] [debug] runnable op, 
[2026-05-26 12:37:53.504] [info]  Model initialization time: 0.009309 seconds
[2026-05-26 12:37:53.504] [info] Schedule model: tiny_transformer at 1000 us
[2026-05-26 12:37:53.504] [info] MODEL tiny_transformer Scheduled, Total Request: 1
[2026-05-26 12:37:53.504] [info] executable layer count 1
[2026-05-26 12:37:53.504] [info] Start layer layer0.attn.QKVgen
[2026-05-26 12:37:53.504] [debug] Layer layer0.attn.QKVgen Core 0 Get Tile at 0
[2026-05-26 12:37:53.504] [debug] Layer layer0.attn.QKVgen Core 1 Get Tile at 0
[2026-05-26 12:37:53.504] [debug] Layer layer0.attn.QKVgen Core 2 Get Tile at 0
[2026-05-26 12:37:53.504] [debug] Layer layer0.attn.QKVgen Core 3 Get Tile at 0
[2026-05-26 12:37:53.504] [info] HBM2-CH_0: BW utilization 0% (0 reads, 0 writes)
[2026-05-26 12:37:53.504] [debug] HBM2-CH_1: BW utilization 0% (0 reads, 0 writes)
[2026-05-26 12:37:53.504] [debug] HBM2-CH_2: BW utilization 0% (0 reads, 0 writes)
[2026-05-26 12:37:53.504] [debug] HBM2-CH_3: BW utilization 0% (0 reads, 0 writes)
[2026-05-26 12:37:53.504] [debug] HBM2-CH_4: BW utilization 0% (0 reads, 0 writes)
[2026-05-26 12:37:53.504] [debug] HBM2-CH_5: BW utilization 0% (0 reads, 0 writes)
[2026-05-26 12:37:53.504] [debug] HBM2-CH_6: BW utilization 0% (0 reads, 0 writes)
[2026-05-26 12:37:53.504] [debug] HBM2-CH_7: BW utilization 0% (0 reads, 0 writes)
[2026-05-26 12:37:53.504] [debug] HBM2-CH_8: BW utilization 0% (0 reads, 0 writes)
[2026-05-26 12:37:53.504] [debug] HBM2-CH_9: BW utilization 0% (0 reads, 0 writes)
[2026-05-26 12:37:53.504] [debug] HBM2-CH_10: BW utilization 0% (0 reads, 0 writes)
[2026-05-26 12:37:53.504] [debug] HBM2-CH_11: BW utilization 0% (0 reads, 0 writes)
[2026-05-26 12:37:53.504] [debug] HBM2-CH_12: BW utilization 0% (0 reads, 0 writes)
[2026-05-26 12:37:53.504] [debug] HBM2-CH_13: BW utilization 0% (0 reads, 0 writes)
[2026-05-26 12:37:53.504] [debug] HBM2-CH_14: BW utilization 0% (0 reads, 0 writes)
[2026-05-26 12:37:53.504] [debug] HBM2-CH_15: BW utilization 0% (0 reads, 0 writes)
[2026-05-26 12:37:53.504] [debug] Layer layer0.attn.QKVgen Core 1 Get Tile at 1
[2026-05-26 12:37:53.504] [debug] Layer layer0.attn.QKVgen Core 2 Get Tile at 1
[2026-05-26 12:37:53.597] [info] DRAM: Idle 2.20%
[2026-05-26 12:37:53.614] [info] Core [0] : MatMul active cycle 0 Vector active cycle 0 
[2026-05-26 12:37:53.614] [info] Core [0] : issued tile 1 
[2026-05-26 12:37:53.614] [info] Core [0] : Memory unit idle cycle 325 Systolic bubble cycle 0 Core idle cycle 0 
[2026-05-26 12:37:53.614] [info] Core [0] : PE Utilization(%) 0.00, Systolic Bubble(%) 0.00, Vector Unit Utilization(%) 0.00, Total cycle: 500
[2026-05-26 12:37:53.614] [debug] Core [1] : MatMul active cycle 0 Vector active cycle 0 
[2026-05-26 12:37:53.614] [debug] Core [1] : issued tile 2 
[2026-05-26 12:37:53.614] [debug] Core [1] : Memory unit idle cycle 150 Systolic bubble cycle 0 Core idle cycle 0 
[2026-05-26 12:37:53.614] [debug] Core [1] : PE Utilization(%) 0.00, Systolic Bubble(%) 0.00, Vector Unit Utilization(%) 0.00, Total cycle: 500
[2026-05-26 12:37:53.614] [debug] Core [2] : MatMul active cycle 0 Vector active cycle 0 
[2026-05-26 12:37:53.614] [debug] Core [2] : issued tile 2 
[2026-05-26 12:37:53.614] [debug] Core [2] : Memory unit idle cycle 216 Systolic bubble cycle 0 Core idle cycle 0 
[2026-05-26 12:37:53.614] [debug] Core [2] : PE Utilization(%) 0.00, Systolic Bubble(%) 0.00, Vector Unit Utilization(%) 0.00, Total cycle: 500
[2026-05-26 12:37:53.614] [debug] Core [3] : MatMul active cycle 0 Vector active cycle 0 
[2026-05-26 12:37:53.614] [debug] Core [3] : issued tile 1 
[2026-05-26 12:37:53.614] [debug] Core [3] : Memory unit idle cycle 325 Systolic bubble cycle 0 Core idle cycle 0 
[2026-05-26 12:37:53.614] [debug] Core [3] : PE Utilization(%) 0.00, Systolic Bubble(%) 0.00, Vector Unit Utilization(%) 0.00, Total cycle: 500
[2026-05-26 12:37:53.680] [info] DRAM: Idle 0.00%
[2026-05-26 12:37:53.702] [info] Core [0] : MatMul active cycle 146 Vector active cycle 0 
[2026-05-26 12:37:53.702] [info] Core [0] : issued tile 1 
[2026-05-26 12:37:53.702] [info] Core [0] : Memory unit idle cycle 500 Systolic bubble cycle 0 Core idle cycle 0 
[2026-05-26 12:37:53.702] [info] Core [0] : PE Utilization(%) 0.00, Systolic Bubble(%) 0.00, Vector Unit Utilization(%) 0.00, Total cycle: 1000
[2026-05-26 12:37:53.702] [debug] Core [1] : MatMul active cycle 47 Vector active cycle 0 
[2026-05-26 12:37:53.702] [debug] Core [1] : issued tile 2 
[2026-05-26 12:37:53.702] [debug] Core [1] : Memory unit idle cycle 500 Systolic bubble cycle 0 Core idle cycle 0 
[2026-05-26 12:37:53.702] [debug] Core [1] : PE Utilization(%) 0.00, Systolic Bubble(%) 0.00, Vector Unit Utilization(%) 0.00, Total cycle: 1000
[2026-05-26 12:37:53.702] [debug] Core [2] : MatMul active cycle 80 Vector active cycle 0 
[2026-05-26 12:37:53.702] [debug] Core [2] : issued tile 2 
[2026-05-26 12:37:53.702] [debug] Core [2] : Memory unit idle cycle 500 Systolic bubble cycle 0 Core idle cycle 0 
[2026-05-26 12:37:53.702] [debug] Core [2] : PE Utilization(%) 0.00, Systolic Bubble(%) 0.00, Vector Unit Utilization(%) 0.00, Total cycle: 1000
[2026-05-26 12:37:53.702] [debug] Core [3] : MatMul active cycle 92 Vector active cycle 0 
[2026-05-26 12:37:53.702] [debug] Core [3] : issued tile 1 
[2026-05-26 12:37:53.702] [debug] Core [3] : Memory unit idle cycle 500 Systolic bubble cycle 0 Core idle cycle 0 
[2026-05-26 12:37:53.702] [debug] Core [3] : PE Utilization(%) 0.00, Systolic Bubble(%) 0.00, Vector Unit Utilization(%) 0.00, Total cycle: 1000
[2026-05-26 12:37:53.714] [info] DRAM: Idle 23.80%
[2026-05-26 12:37:53.716] [info] Core [0] : MatMul active cycle 500 Vector active cycle 0 
[2026-05-26 12:37:53.716] [info] Core [0] : issued tile 1 
[2026-05-26 12:37:53.716] [info] Core [0] : Memory unit idle cycle 500 Systolic bubble cycle 3203072 Core idle cycle 0 
[2026-05-26 12:37:53.716] [info] Core [0] : PE Utilization(%) 39.10, Systolic Bubble(%) 39.10, Vector Unit Utilization(%) 0.00, Total cycle: 1500
[2026-05-26 12:37:53.716] [debug] Core [1] : MatMul active cycle 500 Vector active cycle 0 
[2026-05-26 12:37:53.716] [debug] Core [1] : issued tile 2 
[2026-05-26 12:37:53.716] [debug] Core [1] : Memory unit idle cycle 500 Systolic bubble cycle 2392064 Core idle cycle 0 
[2026-05-26 12:37:53.716] [debug] Core [1] : PE Utilization(%) 29.20, Systolic Bubble(%) 29.20, Vector Unit Utilization(%) 0.00, Total cycle: 1500
[2026-05-26 12:37:53.716] [debug] Core [2] : MatMul active cycle 500 Vector active cycle 0 
[2026-05-26 12:37:53.716] [debug] Core [2] : issued tile 2 
[2026-05-26 12:37:53.716] [debug] Core [2] : Memory unit idle cycle 500 Systolic bubble cycle 2662400 Core idle cycle 0 
[2026-05-26 12:37:53.716] [debug] Core [2] : PE Utilization(%) 32.50, Systolic Bubble(%) 32.50, Vector Unit Utilization(%) 0.00, Total cycle: 1500
[2026-05-26 12:37:53.716] [debug] Core [3] : MatMul active cycle 500 Vector active cycle 0 
[2026-05-26 12:37:53.716] [debug] Core [3] : issued tile 1 
[2026-05-26 12:37:53.716] [debug] Core [3] : Memory unit idle cycle 500 Systolic bubble cycle 2760704 Core idle cycle 0 
[2026-05-26 12:37:53.716] [debug] Core [3] : PE Utilization(%) 33.70, Systolic Bubble(%) 33.70, Vector Unit Utilization(%) 0.00, Total cycle: 1500
[2026-05-26 12:37:53.716] [debug] Layer 18 Core 0 Finish Tile at 1557 Remain tile 6
[2026-05-26 12:37:53.720] [debug] Layer 18 Core 3 Finish Tile at 1611 Remain tile 5
[2026-05-26 12:37:53.721] [debug] Layer 18 Core 2 Finish Tile at 1623 Remain tile 4
[2026-05-26 12:37:53.726] [debug] Layer 18 Core 1 Finish Tile at 1656 Remain tile 3
[2026-05-26 12:37:53.727] [info] DRAM: Idle 75.60%
[2026-05-26 12:37:53.736] [debug] Layer 18 Core 2 Finish Tile at 1879 Remain tile 2
[2026-05-26 12:37:53.738] [debug] Layer 18 Core 1 Finish Tile at 1912 Remain tile 1
[2026-05-26 12:37:53.738] [info] Layer layer0.attn.QKVgen finish at 1912
[2026-05-26 12:37:53.738] [info] Total compute time 1912
[2026-05-26 12:37:53.738] [info] executable layer count 1
[2026-05-26 12:37:53.738] [info] Start layer layer0.attn.KVccat
[2026-05-26 12:37:53.738] [debug] Layer layer0.attn.KVccat Core 0 Get Tile at 1913
[2026-05-26 12:37:53.738] [debug] Layer 20 Core 0 Finish Tile at 1914 Remain tile 1
[2026-05-26 12:37:53.738] [info] Layer layer0.attn.KVccat finish at 1914
[2026-05-26 12:37:53.738] [info] Total compute time 2
[2026-05-26 12:37:53.738] [info] executable layer count 1
[2026-05-26 12:37:53.738] [info] Start layer layer0.attn.Attention.0
[2026-05-26 12:37:53.738] [debug] Layer layer0.attn.Attention.0 Core 0 Get Tile at 1914
[2026-05-26 12:37:53.738] [debug] Layer layer0.attn.Attention.0 Core 1 Get Tile at 1914
[2026-05-26 12:37:53.738] [debug] Layer layer0.attn.Attention.0 Core 2 Get Tile at 1914
[2026-05-26 12:37:53.739] [debug] Layer layer0.attn.Attention.0 Core 3 Get Tile at 1914
[2026-05-26 12:37:53.756] [info] Core [0] : MatMul active cycle 55 Vector active cycle 0 
[2026-05-26 12:37:53.756] [info] Core [0] : issued tile 1 
[2026-05-26 12:37:53.756] [info] Core [0] : Memory unit idle cycle 424 Systolic bubble cycle 450560 Core idle cycle 269 
[2026-05-26 12:37:53.756] [info] Core [0] : PE Utilization(%) 5.50, Systolic Bubble(%) 5.50, Vector Unit Utilization(%) 0.00, Total cycle: 2000
[2026-05-26 12:37:53.756] [debug] Core [1] : MatMul active cycle 410 Vector active cycle 0 
[2026-05-26 12:37:53.756] [debug] Core [1] : issued tile 1 
[2026-05-26 12:37:53.756] [debug] Core [1] : Memory unit idle cycle 392 Systolic bubble cycle 3358720 Core idle cycle 0 
[2026-05-26 12:37:53.756] [debug] Core [1] : PE Utilization(%) 41.00, Systolic Bubble(%) 41.00, Vector Unit Utilization(%) 0.00, Total cycle: 2000
[2026-05-26 12:37:53.756] [debug] Core [2] : MatMul active cycle 377 Vector active cycle 0 
[2026-05-26 12:37:53.756] [debug] Core [2] : issued tile 1 
[2026-05-26 12:37:53.756] [debug] Core [2] : Memory unit idle cycle 408 Systolic bubble cycle 4268032 Core idle cycle 0 
[2026-05-26 12:37:53.756] [debug] Core [2] : PE Utilization(%) 23.30, Systolic Bubble(%) 52.10, Vector Unit Utilization(%) 0.00, Total cycle: 2000
[2026-05-26 12:37:53.756] [debug] Core [3] : MatMul active cycle 109 Vector active cycle 0 
[2026-05-26 12:37:53.756] [debug] Core [3] : issued tile 1 
[2026-05-26 12:37:53.756] [debug] Core [3] : Memory unit idle cycle 424 Systolic bubble cycle 892928 Core idle cycle 175 
[2026-05-26 12:37:53.756] [debug] Core [3] : PE Utilization(%) 10.90, Systolic Bubble(%) 10.90, Vector Unit Utilization(%) 0.00, Total cycle: 2000
[2026-05-26 12:37:53.772] [info] DRAM: Idle 33.60%
[2026-05-26 12:37:53.786] [info] DRAM: Idle 64.20%
[2026-05-26 12:37:53.786] [info] Core [0] : MatMul active cycle 312 Vector active cycle 0 
[2026-05-26 12:37:53.786] [info] Core [0] : issued tile 1 
[2026-05-26 12:37:53.786] [info] Core [0] : Memory unit idle cycle 500 Systolic bubble cycle 700416 Core idle cycle 0 
[2026-05-26 12:37:53.786] [info] Core [0] : PE Utilization(%) 2.85, Systolic Bubble(%) 8.55, Vector Unit Utilization(%) 0.00, Total cycle: 2500
[2026-05-26 12:37:53.786] [debug] Core [1] : MatMul active cycle 279 Vector active cycle 0 
[2026-05-26 12:37:53.786] [debug] Core [1] : issued tile 1 
[2026-05-26 12:37:53.786] [debug] Core [1] : Memory unit idle cycle 500 Systolic bubble cycle 294912 Core idle cycle 0 
[2026-05-26 12:37:53.786] [debug] Core [1] : PE Utilization(%) 1.20, Systolic Bubble(%) 3.60, Vector Unit Utilization(%) 0.00, Total cycle: 2500
[2026-05-26 12:37:53.786] [debug] Core [2] : MatMul active cycle 352 Vector active cycle 0 
[2026-05-26 12:37:53.786] [debug] Core [2] : issued tile 1 
[2026-05-26 12:37:53.786] [debug] Core [2] : Memory unit idle cycle 500 Systolic bubble cycle 1191936 Core idle cycle 0 
[2026-05-26 12:37:53.786] [debug] Core [2] : PE Utilization(%) 4.85, Systolic Bubble(%) 14.55, Vector Unit Utilization(%) 0.00, Total cycle: 2500
[2026-05-26 12:37:53.786] [debug] Core [3] : MatMul active cycle 356 Vector active cycle 0 
[2026-05-26 12:37:53.786] [debug] Core [3] : issued tile 1 
[2026-05-26 12:37:53.786] [debug] Core [3] : Memory unit idle cycle 500 Systolic bubble cycle 1241088 Core idle cycle 0 
[2026-05-26 12:37:53.786] [debug] Core [3] : PE Utilization(%) 5.05, Systolic Bubble(%) 15.15, Vector Unit Utilization(%) 0.00, Total cycle: 2500
[2026-05-26 12:37:53.789] [info] DRAM: Idle 100.00%
[2026-05-26 12:37:53.789] [info] Core [0] : MatMul active cycle 354 Vector active cycle 278 
[2026-05-26 12:37:53.789] [info] Core [0] : issued tile 1 
[2026-05-26 12:37:53.789] [info] Core [0] : Memory unit idle cycle 500 Systolic bubble cycle 3207168 Core idle cycle 0 
[2026-05-26 12:37:53.789] [info] Core [0] : PE Utilization(%) 13.05, Systolic Bubble(%) 39.15, Vector Unit Utilization(%) 55.60, Total cycle: 3000
[2026-05-26 12:37:53.789] [debug] Core [1] : MatMul active cycle 354 Vector active cycle 278 
[2026-05-26 12:37:53.789] [debug] Core [1] : issued tile 1 
[2026-05-26 12:37:53.789] [debug] Core [1] : Memory unit idle cycle 500 Systolic bubble cycle 3612672 Core idle cycle 0 
[2026-05-26 12:37:53.789] [debug] Core [1] : PE Utilization(%) 14.70, Systolic Bubble(%) 44.10, Vector Unit Utilization(%) 55.60, Total cycle: 3000
[2026-05-26 12:37:53.789] [debug] Core [2] : MatMul active cycle 354 Vector active cycle 278 
[2026-05-26 12:37:53.789] [debug] Core [2] : issued tile 1 
[2026-05-26 12:37:53.789] [debug] Core [2] : Memory unit idle cycle 500 Systolic bubble cycle 2715648 Core idle cycle 0 
[2026-05-26 12:37:53.789] [debug] Core [2] : PE Utilization(%) 11.05, Systolic Bubble(%) 33.15, Vector Unit Utilization(%) 55.60, Total cycle: 3000
[2026-05-26 12:37:53.789] [debug] Core [3] : MatMul active cycle 354 Vector active cycle 278 
[2026-05-26 12:37:53.789] [debug] Core [3] : issued tile 1 
[2026-05-26 12:37:53.789] [debug] Core [3] : Memory unit idle cycle 500 Systolic bubble cycle 2666496 Core idle cycle 0 
[2026-05-26 12:37:53.789] [debug] Core [3] : PE Utilization(%) 10.85, Systolic Bubble(%) 32.55, Vector Unit Utilization(%) 55.60, Total cycle: 3000
[2026-05-26 12:37:53.792] [info] DRAM: Idle 100.00%
[2026-05-26 12:37:53.792] [debug] Layer 24 Core 3 Finish Tile at 3441 Remain tile 4
[2026-05-26 12:37:53.793] [debug] Layer 24 Core 2 Finish Tile at 3445 Remain tile 3
[2026-05-26 12:37:53.797] [debug] Layer 24 Core 0 Finish Tile at 3485 Remain tile 2
[2026-05-26 12:37:53.798] [info] Core [0] : MatMul active cycle 480 Vector active cycle 4 
[2026-05-26 12:37:53.798] [info] Core [0] : issued tile 0 
[2026-05-26 12:37:53.798] [info] Core [0] : Memory unit idle cycle 484 Systolic bubble cycle 4029696 Core idle cycle 0 
[2026-05-26 12:37:53.798] [info] Core [0] : PE Utilization(%) 14.41, Systolic Bubble(%) 49.19, Vector Unit Utilization(%) 0.80, Total cycle: 3500
[2026-05-26 12:37:53.798] [debug] Core [1] : MatMul active cycle 500 Vector active cycle 0 
[2026-05-26 12:37:53.798] [debug] Core [1] : issued tile 1 
[2026-05-26 12:37:53.798] [debug] Core [1] : Memory unit idle cycle 500 Systolic bubble cycle 3864960 Core idle cycle 0 
[2026-05-26 12:37:53.798] [debug] Core [1] : PE Utilization(%) 13.82, Systolic Bubble(%) 47.18, Vector Unit Utilization(%) 0.00, Total cycle: 3500
[2026-05-26 12:37:53.798] [debug] Core [2] : MatMul active cycle 440 Vector active cycle 4 
[2026-05-26 12:37:53.798] [debug] Core [2] : issued tile 0 
[2026-05-26 12:37:53.798] [debug] Core [2] : Memory unit idle cycle 482 Systolic bubble cycle 4029696 Core idle cycle 0 
[2026-05-26 12:37:53.798] [debug] Core [2] : PE Utilization(%) 14.41, Systolic Bubble(%) 49.19, Vector Unit Utilization(%) 0.80, Total cycle: 3500
[2026-05-26 12:37:53.798] [debug] Core [3] : MatMul active cycle 436 Vector active cycle 4 
[2026-05-26 12:37:53.798] [debug] Core [3] : issued tile 0 
[2026-05-26 12:37:53.798] [debug] Core [3] : Memory unit idle cycle 482 Systolic bubble cycle 4029696 Core idle cycle 0 
[2026-05-26 12:37:53.798] [debug] Core [3] : PE Utilization(%) 14.41, Systolic Bubble(%) 49.19, Vector Unit Utilization(%) 0.80, Total cycle: 3500
[2026-05-26 12:37:53.800] [debug] Layer 24 Core 1 Finish Tile at 3518 Remain tile 1
[2026-05-26 12:37:53.800] [info] Layer layer0.attn.Attention.0 finish at 3518
[2026-05-26 12:37:53.800] [info] Total compute time 1604
[2026-05-26 12:37:53.800] [info] executable layer count 1
[2026-05-26 12:37:53.800] [info] Start layer layer0.attn.Atccat
[2026-05-26 12:37:53.800] [debug] Layer layer0.attn.Atccat Core 1 Get Tile at 3518
[2026-05-26 12:37:53.800] [debug] Layer 26 Core 1 Finish Tile at 3519 Remain tile 1
[2026-05-26 12:37:53.800] [info] Layer layer0.attn.Atccat finish at 3519
[2026-05-26 12:37:53.800] [info] Total compute time 1
[2026-05-26 12:37:53.800] [info] executable layer count 1
[2026-05-26 12:37:53.800] [info] Start layer layer0.attn.proj
[2026-05-26 12:37:53.800] [debug] Layer layer0.attn.proj Core 1 Get Tile at 3519
[2026-05-26 12:37:53.800] [debug] Layer layer0.attn.proj Core 2 Get Tile at 3519
[2026-05-26 12:37:53.832] [info] DRAM: Idle 28.00%
[2026-05-26 12:37:53.857] [info] Core [0] : MatMul active cycle 0 Vector active cycle 0 
[2026-05-26 12:37:53.857] [info] Core [0] : issued tile 0 
[2026-05-26 12:37:53.857] [info] Core [0] : Memory unit idle cycle 498 Systolic bubble cycle 0 Core idle cycle 463 
[2026-05-26 12:37:53.857] [info] Core [0] : PE Utilization(%) 0.00, Systolic Bubble(%) 0.00, Vector Unit Utilization(%) 0.00, Total cycle: 4000
[2026-05-26 12:37:53.857] [debug] Core [1] : MatMul active cycle 17 Vector active cycle 4 
[2026-05-26 12:37:53.857] [debug] Core [1] : issued tile 1 
[2026-05-26 12:37:53.857] [debug] Core [1] : Memory unit idle cycle 307 Systolic bubble cycle 164736 Core idle cycle 0 
[2026-05-26 12:37:53.857] [debug] Core [1] : PE Utilization(%) 0.59, Systolic Bubble(%) 2.01, Vector Unit Utilization(%) 0.80, Total cycle: 4000
[2026-05-26 12:37:53.857] [debug] Core [2] : MatMul active cycle 39 Vector active cycle 0 
[2026-05-26 12:37:53.857] [debug] Core [2] : issued tile 1 
[2026-05-26 12:37:53.857] [debug] Core [2] : Memory unit idle cycle 346 Systolic bubble cycle 0 Core idle cycle 0 
[2026-05-26 12:37:53.857] [debug] Core [2] : PE Utilization(%) 0.00, Systolic Bubble(%) 0.00, Vector Unit Utilization(%) 0.00, Total cycle: 4000
[2026-05-26 12:37:53.857] [debug] Core [3] : MatMul active cycle 0 Vector active cycle 0 
[2026-05-26 12:37:53.857] [debug] Core [3] : issued tile 0 
[2026-05-26 12:37:53.857] [debug] Core [3] : Memory unit idle cycle 500 Systolic bubble cycle 0 Core idle cycle 483 
[2026-05-26 12:37:53.857] [debug] Core [3] : PE Utilization(%) 0.00, Systolic Bubble(%) 0.00, Vector Unit Utilization(%) 0.00, Total cycle: 4000
[2026-05-26 12:37:53.858] [info] DRAM: Idle 42.80%
[2026-05-26 12:37:53.860] [info] Core [0] : MatMul active cycle 0 Vector active cycle 0 
[2026-05-26 12:37:53.860] [info] Core [0] : issued tile 0 
[2026-05-26 12:37:53.860] [info] Core [0] : Memory unit idle cycle 500 Systolic bubble cycle 0 Core idle cycle 500 
[2026-05-26 12:37:53.860] [info] Core [0] : PE Utilization(%) 0.00, Systolic Bubble(%) 0.00, Vector Unit Utilization(%) 0.00, Total cycle: 4500
[2026-05-26 12:37:53.860] [debug] Core [1] : MatMul active cycle 500 Vector active cycle 0 
[2026-05-26 12:37:53.860] [debug] Core [1] : issued tile 1 
[2026-05-26 12:37:53.860] [debug] Core [1] : Memory unit idle cycle 500 Systolic bubble cycle 2039808 Core idle cycle 0 
[2026-05-26 12:37:53.860] [debug] Core [1] : PE Utilization(%) 24.90, Systolic Bubble(%) 24.90, Vector Unit Utilization(%) 0.00, Total cycle: 4500
[2026-05-26 12:37:53.860] [debug] Core [2] : MatMul active cycle 500 Vector active cycle 0 
[2026-05-26 12:37:53.860] [debug] Core [2] : issued tile 1 
[2026-05-26 12:37:53.860] [debug] Core [2] : Memory unit idle cycle 500 Systolic bubble cycle 2762752 Core idle cycle 0 
[2026-05-26 12:37:53.860] [debug] Core [2] : PE Utilization(%) 23.08, Systolic Bubble(%) 33.72, Vector Unit Utilization(%) 0.00, Total cycle: 4500
[2026-05-26 12:37:53.860] [debug] Core [3] : MatMul active cycle 0 Vector active cycle 0 
[2026-05-26 12:37:53.860] [debug] Core [3] : issued tile 0 
[2026-05-26 12:37:53.860] [debug] Core [3] : Memory unit idle cycle 500 Systolic bubble cycle 0 Core idle cycle 500 
[2026-05-26 12:37:53.860] [debug] Core [3] : PE Utilization(%) 0.00, Systolic Bubble(%) 0.00, Vector Unit Utilization(%) 0.00, Total cycle: 4500
[2026-05-26 12:37:53.861] [info] DRAM: Idle 100.00%
[2026-05-26 12:37:53.861] [debug] Layer 28 Core 2 Finish Tile at 4664 Remain tile 2
[2026-05-26 12:37:53.863] [debug] Layer 28 Core 1 Finish Tile at 4699 Remain tile 1
[2026-05-26 12:37:53.863] [info] Layer layer0.attn.proj finish at 4699
[2026-05-26 12:37:53.863] [info] Total compute time 1180
[2026-05-26 12:37:53.863] [info] executable layer count 1
[2026-05-26 12:37:53.863] [info] Start layer layer0.attn.ln
[2026-05-26 12:37:53.863] [debug] Layer layer0.attn.ln Core 1 Get Tile at 4699
[2026-05-26 12:37:53.863] [debug] Layer layer0.attn.ln Core 2 Get Tile at 4699
[2026-05-26 12:37:53.863] [debug] Layer layer0.attn.ln Core 3 Get Tile at 4699
[2026-05-26 12:37:53.863] [debug] Layer layer0.attn.ln Core 0 Get Tile at 4700
[2026-05-26 12:37:53.863] [debug] Layer layer0.attn.ln Core 1 Get Tile at 4700
[2026-05-26 12:37:53.863] [debug] Layer layer0.attn.ln Core 2 Get Tile at 4700
[2026-05-26 12:37:53.863] [debug] Layer layer0.attn.ln Core 3 Get Tile at 4700
[2026-05-26 12:37:53.864] [debug] Layer layer0.attn.ln Core 0 Get Tile at 4701
[2026-05-26 12:37:53.893] [debug] Layer 30 Core 3 Finish Tile at 4867 Remain tile 8
[2026-05-26 12:37:53.895] [debug] Layer 30 Core 2 Finish Tile at 4881 Remain tile 7
[2026-05-26 12:37:53.896] [debug] Layer 30 Core 0 Finish Tile at 4885 Remain tile 6
[2026-05-26 12:37:53.897] [debug] Layer 30 Core 3 Finish Tile at 4898 Remain tile 5
[2026-05-26 12:37:53.898] [debug] Layer 30 Core 0 Finish Tile at 4900 Remain tile 4
[2026-05-26 12:37:53.899] [debug] Layer 30 Core 2 Finish Tile at 4912 Remain tile 3
[2026-05-26 12:37:53.903] [debug] Layer 30 Core 1 Finish Tile at 4973 Remain tile 2
[2026-05-26 12:37:53.903] [debug] Layer 30 Core 1 Finish Tile at 4976 Remain tile 1
[2026-05-26 12:37:53.903] [info] Layer layer0.attn.ln finish at 4976
[2026-05-26 12:37:53.903] [info] Total compute time 277
[2026-05-26 12:37:53.903] [info] executable layer count 1
[2026-05-26 12:37:53.903] [info] Start layer layer0.ffn.fc1
[2026-05-26 12:37:53.903] [debug] Layer layer0.ffn.fc1 Core 1 Get Tile at 4976
[2026-05-26 12:37:53.903] [debug] Layer layer0.ffn.fc1 Core 2 Get Tile at 4976
[2026-05-26 12:37:53.903] [debug] Layer layer0.ffn.fc1 Core 3 Get Tile at 4976
[2026-05-26 12:37:53.903] [debug] Layer layer0.ffn.fc1 Core 0 Get Tile at 4977
[2026-05-26 12:37:53.907] [info] DRAM: Idle 22.40%
[2026-05-26 12:37:53.907] [info] Core [0] : MatMul active cycle 0 Vector active cycle 24 
[2026-05-26 12:37:53.907] [info] Core [0] : issued tile 1 
[2026-05-26 12:37:53.907] [info] Core [0] : Memory unit idle cycle 433 Systolic bubble cycle 0 Core idle cycle 200 
[2026-05-26 12:37:53.907] [info] Core [0] : PE Utilization(%) 0.00, Systolic Bubble(%) 0.00, Vector Unit Utilization(%) 4.80, Total cycle: 5000
[2026-05-26 12:37:53.907] [debug] Core [1] : MatMul active cycle 197 Vector active cycle 24 
[2026-05-26 12:37:53.907] [debug] Core [1] : issued tile 1 
[2026-05-26 12:37:53.907] [debug] Core [1] : Memory unit idle cycle 411 Systolic bubble cycle 1613824 Core idle cycle 0 
[2026-05-26 12:37:53.907] [debug] Core [1] : PE Utilization(%) 19.70, Systolic Bubble(%) 19.70, Vector Unit Utilization(%) 4.80, Total cycle: 5000
[2026-05-26 12:37:53.907] [debug] Core [2] : MatMul active cycle 162 Vector active cycle 24 
[2026-05-26 12:37:53.907] [debug] Core [2] : issued tile 1 
[2026-05-26 12:37:53.907] [debug] Core [2] : Memory unit idle cycle 404 Systolic bubble cycle 1575936 Core idle cycle 0 
[2026-05-26 12:37:53.907] [debug] Core [2] : PE Utilization(%) 13.16, Systolic Bubble(%) 19.24, Vector Unit Utilization(%) 4.80, Total cycle: 5000
[2026-05-26 12:37:53.907] [debug] Core [3] : MatMul active cycle 0 Vector active cycle 24 
[2026-05-26 12:37:53.907] [debug] Core [3] : issued tile 1 
[2026-05-26 12:37:53.907] [debug] Core [3] : Memory unit idle cycle 432 Systolic bubble cycle 0 Core idle cycle 199 
[2026-05-26 12:37:53.907] [debug] Core [3] : PE Utilization(%) 0.00, Systolic Bubble(%) 0.00, Vector Unit Utilization(%) 4.80, Total cycle: 5000
[2026-05-26 12:37:54.001] [info] DRAM: Idle 0.00%
[2026-05-26 12:37:54.019] [info] Core [0] : MatMul active cycle 0 Vector active cycle 0 
[2026-05-26 12:37:54.019] [info] Core [0] : issued tile 1 
[2026-05-26 12:37:54.019] [info] Core [0] : Memory unit idle cycle 348 Systolic bubble cycle 0 Core idle cycle 0 
[2026-05-26 12:37:54.019] [info] Core [0] : PE Utilization(%) 0.00, Systolic Bubble(%) 0.00, Vector Unit Utilization(%) 0.00, Total cycle: 5500
[2026-05-26 12:37:54.019] [debug] Core [1] : MatMul active cycle 0 Vector active cycle 0 
[2026-05-26 12:37:54.019] [debug] Core [1] : issued tile 1 
[2026-05-26 12:37:54.019] [debug] Core [1] : Memory unit idle cycle 339 Systolic bubble cycle 0 Core idle cycle 0 
[2026-05-26 12:37:54.019] [debug] Core [1] : PE Utilization(%) 0.00, Systolic Bubble(%) 0.00, Vector Unit Utilization(%) 0.00, Total cycle: 5500
[2026-05-26 12:37:54.019] [debug] Core [2] : MatMul active cycle 0 Vector active cycle 0 
[2026-05-26 12:37:54.019] [debug] Core [2] : issued tile 1 
[2026-05-26 12:37:54.019] [debug] Core [2] : Memory unit idle cycle 349 Systolic bubble cycle 0 Core idle cycle 0 
[2026-05-26 12:37:54.019] [debug] Core [2] : PE Utilization(%) 0.00, Systolic Bubble(%) 0.00, Vector Unit Utilization(%) 0.00, Total cycle: 5500
[2026-05-26 12:37:54.019] [debug] Core [3] : MatMul active cycle 0 Vector active cycle 0 
[2026-05-26 12:37:54.019] [debug] Core [3] : issued tile 1 
[2026-05-26 12:37:54.019] [debug] Core [3] : Memory unit idle cycle 349 Systolic bubble cycle 0 Core idle cycle 0 
[2026-05-26 12:37:54.019] [debug] Core [3] : PE Utilization(%) 0.00, Systolic Bubble(%) 0.00, Vector Unit Utilization(%) 0.00, Total cycle: 5500
[2026-05-26 12:37:54.068] [info] DRAM: Idle 8.80%
[2026-05-26 12:37:54.069] [info] Core [0] : MatMul active cycle 215 Vector active cycle 0 
[2026-05-26 12:37:54.069] [info] Core [0] : issued tile 1 
[2026-05-26 12:37:54.069] [info] Core [0] : Memory unit idle cycle 500 Systolic bubble cycle 0 Core idle cycle 0 
[2026-05-26 12:37:54.069] [info] Core [0] : PE Utilization(%) 0.00, Systolic Bubble(%) 0.00, Vector Unit Utilization(%) 0.00, Total cycle: 6000
[2026-05-26 12:37:54.069] [debug] Core [1] : MatMul active cycle 210 Vector active cycle 0 
[2026-05-26 12:37:54.069] [debug] Core [1] : issued tile 1 
[2026-05-26 12:37:54.069] [debug] Core [1] : Memory unit idle cycle 500 Systolic bubble cycle 0 Core idle cycle 0 
[2026-05-26 12:37:54.069] [debug] Core [1] : PE Utilization(%) 0.00, Systolic Bubble(%) 0.00, Vector Unit Utilization(%) 0.00, Total cycle: 6000
[2026-05-26 12:37:54.069] [debug] Core [2] : MatMul active cycle 217 Vector active cycle 0 
[2026-05-26 12:37:54.069] [debug] Core [2] : issued tile 1 
[2026-05-26 12:37:54.069] [debug] Core [2] : Memory unit idle cycle 500 Systolic bubble cycle 0 Core idle cycle 0 
[2026-05-26 12:37:54.069] [debug] Core [2] : PE Utilization(%) 0.00, Systolic Bubble(%) 0.00, Vector Unit Utilization(%) 0.00, Total cycle: 6000
[2026-05-26 12:37:54.069] [debug] Core [3] : MatMul active cycle 218 Vector active cycle 0 
[2026-05-26 12:37:54.069] [debug] Core [3] : issued tile 1 
[2026-05-26 12:37:54.069] [debug] Core [3] : Memory unit idle cycle 500 Systolic bubble cycle 0 Core idle cycle 0 
[2026-05-26 12:37:54.069] [debug] Core [3] : PE Utilization(%) 0.00, Systolic Bubble(%) 0.00, Vector Unit Utilization(%) 0.00, Total cycle: 6000
[2026-05-26 12:37:54.071] [info] DRAM: Idle 100.00%
[2026-05-26 12:37:54.072] [debug] Layer 32 Core 3 Finish Tile at 6485 Remain tile 4
[2026-05-26 12:37:54.072] [debug] Layer 32 Core 2 Finish Tile at 6486 Remain tile 3
[2026-05-26 12:37:54.072] [debug] Layer 32 Core 0 Finish Tile at 6488 Remain tile 2
[2026-05-26 12:37:54.073] [debug] Layer 32 Core 1 Finish Tile at 6493 Remain tile 1
[2026-05-26 12:37:54.073] [info] Layer layer0.ffn.fc1 finish at 6493
[2026-05-26 12:37:54.073] [info] Total compute time 1517
[2026-05-26 12:37:54.073] [info] executable layer count 1
[2026-05-26 12:37:54.073] [info] Start layer layer0.ffn.act
[2026-05-26 12:37:54.073] [debug] Layer layer0.ffn.act Core 1 Get Tile at 6493
[2026-05-26 12:37:54.073] [debug] Layer layer0.ffn.act Core 2 Get Tile at 6493
[2026-05-26 12:37:54.073] [debug] Layer layer0.ffn.act Core 3 Get Tile at 6493
[2026-05-26 12:37:54.073] [debug] Layer layer0.ffn.act Core 0 Get Tile at 6494
[2026-05-26 12:37:54.073] [debug] Layer layer0.ffn.act Core 1 Get Tile at 6494
[2026-05-26 12:37:54.073] [debug] Layer layer0.ffn.act Core 2 Get Tile at 6494
[2026-05-26 12:37:54.073] [debug] Layer layer0.ffn.act Core 3 Get Tile at 6494
[2026-05-26 12:37:54.073] [debug] Layer layer0.ffn.act Core 0 Get Tile at 6495
[2026-05-26 12:37:54.074] [info] Core [0] : MatMul active cycle 486 Vector active cycle 0 
[2026-05-26 12:37:54.074] [info] Core [0] : issued tile 2 
[2026-05-26 12:37:54.074] [info] Core [0] : Memory unit idle cycle 487 Systolic bubble cycle 3653632 Core idle cycle 0 
[2026-05-26 12:37:54.074] [info] Core [0] : PE Utilization(%) 44.60, Systolic Bubble(%) 44.60, Vector Unit Utilization(%) 0.00, Total cycle: 6500
[2026-05-26 12:37:54.074] [debug] Core [1] : MatMul active cycle 491 Vector active cycle 0 
[2026-05-26 12:37:54.074] [debug] Core [1] : issued tile 2 
[2026-05-26 12:37:54.074] [debug] Core [1] : Memory unit idle cycle 492 Systolic bubble cycle 3653632 Core idle cycle 0 
[2026-05-26 12:37:54.074] [debug] Core [1] : PE Utilization(%) 44.60, Systolic Bubble(%) 44.60, Vector Unit Utilization(%) 0.00, Total cycle: 6500
[2026-05-26 12:37:54.074] [debug] Core [2] : MatMul active cycle 484 Vector active cycle 0 
[2026-05-26 12:37:54.074] [debug] Core [2] : issued tile 2 
[2026-05-26 12:37:54.074] [debug] Core [2] : Memory unit idle cycle 485 Systolic bubble cycle 3653632 Core idle cycle 0 
[2026-05-26 12:37:54.074] [debug] Core [2] : PE Utilization(%) 44.60, Systolic Bubble(%) 44.60, Vector Unit Utilization(%) 0.00, Total cycle: 6500
[2026-05-26 12:37:54.074] [debug] Core [3] : MatMul active cycle 483 Vector active cycle 0 
[2026-05-26 12:37:54.074] [debug] Core [3] : issued tile 2 
[2026-05-26 12:37:54.074] [debug] Core [3] : Memory unit idle cycle 484 Systolic bubble cycle 3653632 Core idle cycle 0 
[2026-05-26 12:37:54.074] [debug] Core [3] : PE Utilization(%) 44.60, Systolic Bubble(%) 44.60, Vector Unit Utilization(%) 0.00, Total cycle: 6500
[2026-05-26 12:37:54.112] [info] DRAM: Idle 58.80%
[2026-05-26 12:37:54.134] [debug] Layer 34 Core 0 Finish Tile at 6816 Remain tile 8
[2026-05-26 12:37:54.134] [debug] Layer 34 Core 2 Finish Tile at 6820 Remain tile 7
[2026-05-26 12:37:54.134] [debug] Layer 34 Core 1 Finish Tile at 6822 Remain tile 6
[2026-05-26 12:37:54.134] [debug] Layer 34 Core 3 Finish Tile at 6822 Remain tile 5
[2026-05-26 12:37:54.135] [debug] Layer 34 Core 2 Finish Tile at 6828 Remain tile 4
[2026-05-26 12:37:54.135] [debug] Layer 34 Core 0 Finish Tile at 6830 Remain tile 3
[2026-05-26 12:37:54.136] [debug] Layer 34 Core 1 Finish Tile at 6832 Remain tile 2
[2026-05-26 12:37:54.136] [debug] Layer 34 Core 3 Finish Tile at 6834 Remain tile 1
[2026-05-26 12:37:54.136] [info] Layer layer0.ffn.act finish at 6834
[2026-05-26 12:37:54.136] [info] Total compute time 341
[2026-05-26 12:37:54.136] [info] executable layer count 1
[2026-05-26 12:37:54.136] [info] Start layer layer0.ffn.fc2
[2026-05-26 12:37:54.136] [debug] Layer layer0.ffn.fc2 Core 1 Get Tile at 6835
[2026-05-26 12:37:54.136] [debug] Layer layer0.ffn.fc2 Core 2 Get Tile at 6835
[2026-05-26 12:37:54.171] [info] Core [0] : MatMul active cycle 0 Vector active cycle 8 
[2026-05-26 12:37:54.171] [info] Core [0] : issued tile 0 
[2026-05-26 12:37:54.171] [info] Core [0] : Memory unit idle cycle 413 Systolic bubble cycle 0 Core idle cycle 0 
[2026-05-26 12:37:54.171] [info] Core [0] : PE Utilization(%) 0.00, Systolic Bubble(%) 0.00, Vector Unit Utilization(%) 1.60, Total cycle: 7000
[2026-05-26 12:37:54.171] [debug] Core [1] : MatMul active cycle 0 Vector active cycle 8 
[2026-05-26 12:37:54.171] [debug] Core [1] : issued tile 1 
[2026-05-26 12:37:54.171] [debug] Core [1] : Memory unit idle cycle 261 Systolic bubble cycle 0 Core idle cycle 0 
[2026-05-26 12:37:54.171] [debug] Core [1] : PE Utilization(%) 0.00, Systolic Bubble(%) 0.00, Vector Unit Utilization(%) 1.60, Total cycle: 7000
[2026-05-26 12:37:54.171] [debug] Core [2] : MatMul active cycle 0 Vector active cycle 8 
[2026-05-26 12:37:54.171] [debug] Core [2] : issued tile 1 
[2026-05-26 12:37:54.171] [debug] Core [2] : Memory unit idle cycle 266 Systolic bubble cycle 0 Core idle cycle 0 
[2026-05-26 12:37:54.171] [debug] Core [2] : PE Utilization(%) 0.00, Systolic Bubble(%) 0.00, Vector Unit Utilization(%) 1.60, Total cycle: 7000
[2026-05-26 12:37:54.171] [debug] Core [3] : MatMul active cycle 0 Vector active cycle 8 
[2026-05-26 12:37:54.171] [debug] Core [3] : issued tile 0 
[2026-05-26 12:37:54.171] [debug] Core [3] : Memory unit idle cycle 416 Systolic bubble cycle 0 Core idle cycle 0 
[2026-05-26 12:37:54.171] [debug] Core [3] : PE Utilization(%) 0.00, Systolic Bubble(%) 0.00, Vector Unit Utilization(%) 1.60, Total cycle: 7000
[2026-05-26 12:37:54.184] [info] DRAM: Idle 0.00%
[2026-05-26 12:37:54.245] [info] DRAM: Idle 0.00%
[2026-05-26 12:37:54.245] [info] Core [0] : MatMul active cycle 0 Vector active cycle 0 
[2026-05-26 12:37:54.245] [info] Core [0] : issued tile 0 
[2026-05-26 12:37:54.245] [info] Core [0] : Memory unit idle cycle 500 Systolic bubble cycle 0 Core idle cycle 0 
[2026-05-26 12:37:54.245] [info] Core [0] : PE Utilization(%) 0.00, Systolic Bubble(%) 0.00, Vector Unit Utilization(%) 0.00, Total cycle: 7500
[2026-05-26 12:37:54.245] [debug] Core [1] : MatMul active cycle 0 Vector active cycle 0 
[2026-05-26 12:37:54.245] [debug] Core [1] : issued tile 1 
[2026-05-26 12:37:54.245] [debug] Core [1] : Memory unit idle cycle 262 Systolic bubble cycle 0 Core idle cycle 0 
[2026-05-26 12:37:54.245] [debug] Core [1] : PE Utilization(%) 0.00, Systolic Bubble(%) 0.00, Vector Unit Utilization(%) 0.00, Total cycle: 7500
[2026-05-26 12:37:54.245] [debug] Core [2] : MatMul active cycle 0 Vector active cycle 0 
[2026-05-26 12:37:54.245] [debug] Core [2] : issued tile 1 
[2026-05-26 12:37:54.245] [debug] Core [2] : Memory unit idle cycle 312 Systolic bubble cycle 0 Core idle cycle 0 
[2026-05-26 12:37:54.245] [debug] Core [2] : PE Utilization(%) 0.00, Systolic Bubble(%) 0.00, Vector Unit Utilization(%) 0.00, Total cycle: 7500
[2026-05-26 12:37:54.245] [debug] Core [3] : MatMul active cycle 0 Vector active cycle 0 
[2026-05-26 12:37:54.245] [debug] Core [3] : issued tile 0 
[2026-05-26 12:37:54.245] [debug] Core [3] : Memory unit idle cycle 500 Systolic bubble cycle 0 Core idle cycle 0 
[2026-05-26 12:37:54.245] [debug] Core [3] : PE Utilization(%) 0.00, Systolic Bubble(%) 0.00, Vector Unit Utilization(%) 0.00, Total cycle: 7500
[2026-05-26 12:37:54.289] [info] DRAM: Idle 8.60%
[2026-05-26 12:37:54.290] [info] HBM2-CH_0: BW utilization 39% (3161 reads, 619 writes)
[2026-05-26 12:37:54.290] [debug] HBM2-CH_1: BW utilization 39% (3158 reads, 622 writes)
[2026-05-26 12:37:54.290] [debug] HBM2-CH_2: BW utilization 39% (3158 reads, 631 writes)
[2026-05-26 12:37:54.290] [debug] HBM2-CH_3: BW utilization 39% (3161 reads, 615 writes)
[2026-05-26 12:37:54.290] [debug] HBM2-CH_4: BW utilization 39% (3157 reads, 621 writes)
[2026-05-26 12:37:54.290] [debug] HBM2-CH_5: BW utilization 39% (3161 reads, 627 writes)
[2026-05-26 12:37:54.290] [debug] HBM2-CH_6: BW utilization 39% (3161 reads, 622 writes)
[2026-05-26 12:37:54.290] [debug] HBM2-CH_7: BW utilization 39% (3158 reads, 627 writes)
[2026-05-26 12:37:54.290] [debug] HBM2-CH_8: BW utilization 39% (3159 reads, 620 writes)
[2026-05-26 12:37:54.290] [debug] HBM2-CH_9: BW utilization 39% (3161 reads, 620 writes)
[2026-05-26 12:37:54.290] [debug] HBM2-CH_10: BW utilization 39% (3160 reads, 620 writes)
[2026-05-26 12:37:54.290] [debug] HBM2-CH_11: BW utilization 39% (3159 reads, 620 writes)
[2026-05-26 12:37:54.290] [debug] HBM2-CH_12: BW utilization 39% (3161 reads, 623 writes)
[2026-05-26 12:37:54.290] [debug] HBM2-CH_13: BW utilization 39% (3159 reads, 623 writes)
[2026-05-26 12:37:54.290] [debug] HBM2-CH_14: BW utilization 39% (3159 reads, 625 writes)
[2026-05-26 12:37:54.290] [debug] HBM2-CH_15: BW utilization 39% (3161 reads, 617 writes)
[2026-05-26 12:37:54.290] [info] Core [0] : MatMul active cycle 0 Vector active cycle 0 
[2026-05-26 12:37:54.290] [info] Core [0] : issued tile 0 
[2026-05-26 12:37:54.290] [info] Core [0] : Memory unit idle cycle 500 Systolic bubble cycle 0 Core idle cycle 145 
[2026-05-26 12:37:54.290] [info] Core [0] : PE Utilization(%) 0.00, Systolic Bubble(%) 0.00, Vector Unit Utilization(%) 0.00, Total cycle: 8000
[2026-05-26 12:37:54.290] [debug] Core [1] : MatMul active cycle 113 Vector active cycle 0 
[2026-05-26 12:37:54.290] [debug] Core [1] : issued tile 1 
[2026-05-26 12:37:54.290] [debug] Core [1] : Memory unit idle cycle 500 Systolic bubble cycle 0 Core idle cycle 0 
[2026-05-26 12:37:54.290] [debug] Core [1] : PE Utilization(%) 0.00, Systolic Bubble(%) 0.00, Vector Unit Utilization(%) 0.00, Total cycle: 8000
[2026-05-26 12:37:54.290] [debug] Core [2] : MatMul active cycle 153 Vector active cycle 0 
[2026-05-26 12:37:54.290] [debug] Core [2] : issued tile 1 
[2026-05-26 12:37:54.290] [debug] Core [2] : Memory unit idle cycle 500 Systolic bubble cycle 0 Core idle cycle 0 
[2026-05-26 12:37:54.290] [debug] Core [2] : PE Utilization(%) 0.00, Systolic Bubble(%) 0.00, Vector Unit Utilization(%) 0.00, Total cycle: 8000
[2026-05-26 12:37:54.290] [debug] Core [3] : MatMul active cycle 0 Vector active cycle 0 
[2026-05-26 12:37:54.290] [debug] Core [3] : issued tile 0 
[2026-05-26 12:37:54.290] [debug] Core [3] : Memory unit idle cycle 500 Systolic bubble cycle 0 Core idle cycle 122 
[2026-05-26 12:37:54.290] [debug] Core [3] : PE Utilization(%) 0.00, Systolic Bubble(%) 0.00, Vector Unit Utilization(%) 0.00, Total cycle: 8000
[2026-05-26 12:37:54.292] [info] DRAM: Idle 100.00%
[2026-05-26 12:37:54.293] [info] Core [0] : MatMul active cycle 0 Vector active cycle 0 
[2026-05-26 12:37:54.293] [info] Core [0] : issued tile 0 
[2026-05-26 12:37:54.293] [info] Core [0] : Memory unit idle cycle 500 Systolic bubble cycle 0 Core idle cycle 500 
[2026-05-26 12:37:54.293] [info] Core [0] : PE Utilization(%) 0.00, Systolic Bubble(%) 0.00, Vector Unit Utilization(%) 0.00, Total cycle: 8500
[2026-05-26 12:37:54.293] [debug] Core [1] : MatMul active cycle 500 Vector active cycle 0 
[2026-05-26 12:37:54.293] [debug] Core [1] : issued tile 1 
[2026-05-26 12:37:54.293] [debug] Core [1] : Memory unit idle cycle 500 Systolic bubble cycle 2932736 Core idle cycle 0 
[2026-05-26 12:37:54.293] [debug] Core [1] : PE Utilization(%) 35.80, Systolic Bubble(%) 35.80, Vector Unit Utilization(%) 0.00, Total cycle: 8500
[2026-05-26 12:37:54.293] [debug] Core [2] : MatMul active cycle 500 Vector active cycle 0 
[2026-05-26 12:37:54.293] [debug] Core [2] : issued tile 1 
[2026-05-26 12:37:54.293] [debug] Core [2] : Memory unit idle cycle 500 Systolic bubble cycle 3871744 Core idle cycle 0 
[2026-05-26 12:37:54.293] [debug] Core [2] : PE Utilization(%) 32.34, Systolic Bubble(%) 47.26, Vector Unit Utilization(%) 0.00, Total cycle: 8500
[2026-05-26 12:37:54.293] [debug] Core [3] : MatMul active cycle 0 Vector active cycle 0 
[2026-05-26 12:37:54.293] [debug] Core [3] : issued tile 0 
[2026-05-26 12:37:54.293] [debug] Core [3] : Memory unit idle cycle 500 Systolic bubble cycle 0 Core idle cycle 500 
[2026-05-26 12:37:54.293] [debug] Core [3] : PE Utilization(%) 0.00, Systolic Bubble(%) 0.00, Vector Unit Utilization(%) 0.00, Total cycle: 8500
[2026-05-26 12:37:54.295] [info] DRAM: Idle 100.00%
[2026-05-26 12:37:54.295] [debug] Layer 36 Core 2 Finish Tile at 8806 Remain tile 2
[2026-05-26 12:37:54.298] [debug] Layer 36 Core 1 Finish Tile at 8846 Remain tile 1
[2026-05-26 12:37:54.298] [info] Layer layer0.ffn.fc2 finish at 8846
[2026-05-26 12:37:54.298] [info] Total compute time 2012
[2026-05-26 12:37:54.298] [info] executable layer count 1
[2026-05-26 12:37:54.298] [info] Start layer layer0.ffn.ln
[2026-05-26 12:37:54.298] [debug] Layer layer0.ffn.ln Core 1 Get Tile at 8846
[2026-05-26 12:37:54.298] [debug] Layer layer0.ffn.ln Core 2 Get Tile at 8846
[2026-05-26 12:37:54.298] [debug] Layer layer0.ffn.ln Core 3 Get Tile at 8846
[2026-05-26 12:37:54.298] [debug] Layer layer0.ffn.ln Core 0 Get Tile at 8847
[2026-05-26 12:37:54.298] [debug] Layer layer0.ffn.ln Core 1 Get Tile at 8847
[2026-05-26 12:37:54.298] [debug] Layer layer0.ffn.ln Core 2 Get Tile at 8847
[2026-05-26 12:37:54.298] [debug] Layer layer0.ffn.ln Core 3 Get Tile at 8847
[2026-05-26 12:37:54.298] [debug] Layer layer0.ffn.ln Core 0 Get Tile at 8848
[2026-05-26 12:37:54.326] [info] Core [0] : MatMul active cycle 0 Vector active cycle 10 
[2026-05-26 12:37:54.326] [info] Core [0] : issued tile 2 
[2026-05-26 12:37:54.326] [info] Core [0] : Memory unit idle cycle 471 Systolic bubble cycle 0 Core idle cycle 347 
[2026-05-26 12:37:54.326] [info] Core [0] : PE Utilization(%) 0.00, Systolic Bubble(%) 0.00, Vector Unit Utilization(%) 2.00, Total cycle: 9000
[2026-05-26 12:37:54.326] [debug] Core [1] : MatMul active cycle 344 Vector active cycle 0 
[2026-05-26 12:37:54.326] [debug] Core [1] : issued tile 2 
[2026-05-26 12:37:54.326] [debug] Core [1] : Memory unit idle cycle 439 Systolic bubble cycle 2818048 Core idle cycle 0 
[2026-05-26 12:37:54.326] [debug] Core [1] : PE Utilization(%) 34.40, Systolic Bubble(%) 34.40, Vector Unit Utilization(%) 0.00, Total cycle: 9000
[2026-05-26 12:37:54.326] [debug] Core [2] : MatMul active cycle 304 Vector active cycle 10 
[2026-05-26 12:37:54.326] [debug] Core [2] : issued tile 2 
[2026-05-26 12:37:54.326] [debug] Core [2] : Memory unit idle cycle 443 Systolic bubble cycle 2957312 Core idle cycle 0 
[2026-05-26 12:37:54.326] [debug] Core [2] : PE Utilization(%) 24.70, Systolic Bubble(%) 36.10, Vector Unit Utilization(%) 2.00, Total cycle: 9000
[2026-05-26 12:37:54.326] [debug] Core [3] : MatMul active cycle 0 Vector active cycle 10 
[2026-05-26 12:37:54.326] [debug] Core [3] : issued tile 2 
[2026-05-26 12:37:54.326] [debug] Core [3] : Memory unit idle cycle 471 Systolic bubble cycle 0 Core idle cycle 346 
[2026-05-26 12:37:54.326] [debug] Core [3] : PE Utilization(%) 0.00, Systolic Bubble(%) 0.00, Vector Unit Utilization(%) 2.00, Total cycle: 9000
[2026-05-26 12:37:54.328] [debug] Layer 38 Core 0 Finish Tile at 9014 Remain tile 8
[2026-05-26 12:37:54.329] [debug] Layer 38 Core 3 Finish Tile at 9024 Remain tile 7
[2026-05-26 12:37:54.331] [debug] Layer 38 Core 3 Finish Tile at 9048 Remain tile 6
[2026-05-26 12:37:54.331] [debug] Layer 38 Core 0 Finish Tile at 9049 Remain tile 5
[2026-05-26 12:37:54.331] [debug] Layer 38 Core 2 Finish Tile at 9050 Remain tile 4
[2026-05-26 12:37:54.332] [debug] Layer 38 Core 2 Finish Tile at 9058 Remain tile 3
[2026-05-26 12:37:54.336] [debug] Layer 38 Core 1 Finish Tile at 9088 Remain tile 2
[2026-05-26 12:37:54.336] [debug] Layer 38 Core 1 Finish Tile at 9097 Remain tile 1
[2026-05-26 12:37:54.336] [info] Layer layer0.ffn.ln finish at 9097
[2026-05-26 12:37:54.336] [info] Total compute time 251
[2026-05-26 12:37:54.336] [info] Model[tiny_transformer] Request: 0 us, Start: 0 us, finish:9 us, Current Cycle:9097
[2026-05-26 12:37:54.336] [info] No total_seq_len!
[2026-05-26 12:37:54.337] [info] Total Memory Usage: 0.01 GB
[2026-05-26 12:37:54.337] [info] Weight Memory Usage: 0.01 GB
[2026-05-26 12:37:54.337] [info] KV Memory Usage: 0.00 GB
[2026-05-26 12:37:54.337] [info] Activation Memory Usage: 0.00 GB
[2026-05-26 12:37:54.337] [debug] [Gemm] input_shape: [1, 232]
[2026-05-26 12:37:54.337] [debug] [Gemm] output_shape : [1, 696]
[2026-05-26 12:37:54.337] [info] [GEMM] spad_size: 33554432 accum_size: 4194304
[2026-05-26 12:37:54.337] [info] [GEMM] required_sram_size: 131072 required_accum_size: 32768
[2026-05-26 12:37:54.337] [info] [GEMM] Used mapping: Total N:1 C:232 M:696 | Outer N:1 C:1 M:6 | Inner N:128 C:256 M:128
[2026-05-26 12:37:54.338] [info] [GemmWs] Keys K = 232, N = 1, M = 696
[2026-05-26 12:37:54.338] [info] [GemmWS]: total 0.00032364 GFLOPs, 0.000326192 GB
[2026-05-26 12:37:54.338] [info] [GemmWS]: Theoretical time(ms): 0.0005312573421178968 Compute time: 2.469177307062864e-06 Memory time: 0.0005312573421178968
[2026-05-26 12:37:54.338] [debug] [KVCacheConcat] input_token_lengths: [1]
[2026-05-26 12:37:54.338] [debug] [KVCacheConcat] number of tiles: 1
[2026-05-26 12:37:54.338] [info] [Attention] total_spad_size_per_head: 15428 B
[2026-05-26 12:37:54.338] [info] [Attention] total_acc_size_per_head: 132 B
[2026-05-26 12:37:54.338] [info] [Attention] q_len: 1, seq_len: 66, dk: 58, heads per tile 1
[2026-05-26 12:37:54.338] [info] [Attention] Spad size 16777216
[2026-05-26 12:37:54.338] [info] [Attention] Accum spad size 2097152
[2026-05-26 12:37:54.338] [info] Mapping info Total Loop: N4 C58 M66 S1 R1 Q1 P1 Tile Out Loop: N4 C1 M1 S1 R1 Q1 P1 Tile In Loop: N1 C58 M66 S1 R1 Q1 P1
[2026-05-26 12:37:54.339] [info] [Attention] QK 3.0624e-05 GFLOPs
[2026-05-26 12:37:54.339] [info] [Attention] total 6.3888e-05 GFLOPs, 6.2176e-05 GB
[2026-05-26 12:37:54.339] [info] [Attention] Theoretical time(ms): 0.00010126384 Compute time: 7.8955077e-07 Memory time: 0.00010126384
[2026-05-26 12:37:54.339] [info] [Attention] QK compute 0.0000ms Softmax compute 0.0000ms SV compute 0.0000ms
[2026-05-26 12:37:54.339] [debug] [Gemm] input_shape: [1, 232]
[2026-05-26 12:37:54.339] [debug] [Gemm] output_shape : [1, 232]
[2026-05-26 12:37:54.339] [info] [GEMM] spad_size: 33554432 accum_size: 4194304
[2026-05-26 12:37:54.339] [info] [GEMM] required_sram_size: 131072 required_accum_size: 32768
[2026-05-26 12:37:54.339] [info] [GEMM] Used mapping: Total N:1 C:232 M:232 | Outer N:1 C:1 M:2 | Inner N:128 C:256 M:128
[2026-05-26 12:37:54.339] [info] [GemmWs] Keys K = 232, N = 1, M = 232
[2026-05-26 12:37:54.339] [info] [GemmWS]: total 0.00010787999 GFLOPs, 0.000109040004 GB
[2026-05-26 12:37:54.339] [info] [GemmWS]: Theoretical time(ms): 0.00017758958392732893 Compute time: 8.230590098357027e-07 Memory time: 0.00017758958392732893
[2026-05-26 12:37:54.339] [info] [SkipLayerNorm] tokens_per_tile: 1
[2026-05-26 12:37:54.339] [debug] [Gemm] input_shape: [1, 232]
[2026-05-26 12:37:54.339] [debug] [Gemm] output_shape : [1, 512]
[2026-05-26 12:37:54.339] [info] [GEMM] spad_size: 33554432 accum_size: 4194304
[2026-05-26 12:37:54.339] [info] [GEMM] required_sram_size: 131072 required_accum_size: 32768
[2026-05-26 12:37:54.339] [info] [GEMM] Used mapping: Total N:1 C:232 M:512 | Outer N:1 C:1 M:4 | Inner N:128 C:256 M:128
[2026-05-26 12:37:54.340] [info] [GemmWs] Keys K = 232, N = 1, M = 512
[2026-05-26 12:37:54.340] [info] [GemmWS]: total 0.000237568 GFLOPs, 0.000239056 GB
[2026-05-26 12:37:54.340] [info] [GemmWS]: Theoretical time(ms): 0.0003893420057465846 Compute time: 1.81250003894462e-06 Memory time: 0.0003893420057465846
[2026-05-26 12:37:54.340] [info] [BiasAct] tokens_per_tile: 1
[2026-05-26 12:37:54.340] [debug] [Gemm] input_shape: [1, 512]
[2026-05-26 12:37:54.340] [debug] [Gemm] output_shape : [1, 232]
[2026-05-26 12:37:54.340] [info] [GEMM] spad_size: 33554432 accum_size: 4194304
[2026-05-26 12:37:54.340] [info] [GEMM] required_sram_size: 262144 required_accum_size: 32768
[2026-05-26 12:37:54.340] [info] [GEMM] Used mapping: Total N:1 C:512 M:232 | Outer N:1 C:1 M:2 | Inner N:128 C:512 M:128
[2026-05-26 12:37:54.341] [info] [GemmWs] Keys K = 512, N = 1, M = 232
[2026-05-26 12:37:54.341] [info] [GemmWS]: total 0.00023779999 GFLOPs, 0.00023952 GB
[2026-05-26 12:37:54.341] [info] [GemmWS]: Theoretical time(ms): 0.00039009771057862963 Compute time: 1.8142699564904774e-06 Memory time: 0.00039009771057862963
[2026-05-26 12:37:54.341] [info] [SkipLayerNorm] tokens_per_tile: 1
[2026-05-26 12:37:54.341] [debug] runnable op, 
[2026-05-26 12:37:54.341] [info]  Model initialization time: 0.004614 seconds
[2026-05-26 12:37:54.341] [info] Schedule model: tiny_transformer at 9099000 us
[2026-05-26 12:37:54.341] [info] MODEL tiny_transformer Scheduled, Total Request: 1
[2026-05-26 12:37:54.341] [info] executable layer count 1
[2026-05-26 12:37:54.341] [info] Start layer layer0.attn.QKVgen
[2026-05-26 12:37:54.341] [debug] Layer layer0.attn.QKVgen Core 0 Get Tile at 9098
[2026-05-26 12:37:54.341] [debug] Layer layer0.attn.QKVgen Core 1 Get Tile at 9098
[2026-05-26 12:37:54.341] [debug] Layer layer0.attn.QKVgen Core 2 Get Tile at 9098
[2026-05-26 12:37:54.341] [debug] Layer layer0.attn.QKVgen Core 3 Get Tile at 9098
[2026-05-26 12:37:54.341] [debug] Layer layer0.attn.QKVgen Core 0 Get Tile at 9099
[2026-05-26 12:37:54.341] [debug] Layer layer0.attn.QKVgen Core 3 Get Tile at 9099
[2026-05-26 12:37:54.355] [info] DRAM: Idle 16.00%
[2026-05-26 12:37:54.431] [info] Core [0] : MatMul active cycle 0 Vector active cycle 14 
[2026-05-26 12:37:54.431] [info] Core [0] : issued tile 2 
[2026-05-26 12:37:54.431] [info] Core [0] : Memory unit idle cycle 314 Systolic bubble cycle 0 Core idle cycle 0 
[2026-05-26 12:37:54.431] [info] Core [0] : PE Utilization(%) 0.00, Systolic Bubble(%) 0.00, Vector Unit Utilization(%) 2.80, Total cycle: 9500
[2026-05-26 12:37:54.431] [debug] Core [1] : MatMul active cycle 0 Vector active cycle 24 
[2026-05-26 12:37:54.431] [debug] Core [1] : issued tile 1 
[2026-05-26 12:37:54.431] [debug] Core [1] : Memory unit idle cycle 367 Systolic bubble cycle 0 Core idle cycle 0 
[2026-05-26 12:37:54.431] [debug] Core [1] : PE Utilization(%) 0.00, Systolic Bubble(%) 0.00, Vector Unit Utilization(%) 4.80, Total cycle: 9500
[2026-05-26 12:37:54.431] [debug] Core [2] : MatMul active cycle 0 Vector active cycle 14 
[2026-05-26 12:37:54.431] [debug] Core [2] : issued tile 1 
[2026-05-26 12:37:54.431] [debug] Core [2] : Memory unit idle cycle 366 Systolic bubble cycle 0 Core idle cycle 0 
[2026-05-26 12:37:54.431] [debug] Core [2] : PE Utilization(%) 0.00, Systolic Bubble(%) 0.00, Vector Unit Utilization(%) 2.80, Total cycle: 9500
[2026-05-26 12:37:54.431] [debug] Core [3] : MatMul active cycle 0 Vector active cycle 14 
[2026-05-26 12:37:54.431] [debug] Core [3] : issued tile 2 
[2026-05-26 12:37:54.431] [debug] Core [3] : Memory unit idle cycle 248 Systolic bubble cycle 0 Core idle cycle 0 
[2026-05-26 12:37:54.431] [debug] Core [3] : PE Utilization(%) 0.00, Systolic Bubble(%) 0.00, Vector Unit Utilization(%) 2.80, Total cycle: 9500
[2026-05-26 12:37:54.447] [info] DRAM: Idle 0.00%
[2026-05-26 12:37:54.484] [info] DRAM: Idle 28.00%
[2026-05-26 12:37:54.484] [info] Core [0] : MatMul active cycle 224 Vector active cycle 0 
[2026-05-26 12:37:54.484] [info] Core [0] : issued tile 2 
[2026-05-26 12:37:54.484] [info] Core [0] : Memory unit idle cycle 500 Systolic bubble cycle 0 Core idle cycle 0 
[2026-05-26 12:37:54.484] [info] Core [0] : PE Utilization(%) 0.00, Systolic Bubble(%) 0.00, Vector Unit Utilization(%) 0.00, Total cycle: 10000
[2026-05-26 12:37:54.484] [debug] Core [1] : MatMul active cycle 241 Vector active cycle 0 
[2026-05-26 12:37:54.484] [debug] Core [1] : issued tile 1 
[2026-05-26 12:37:54.484] [debug] Core [1] : Memory unit idle cycle 500 Systolic bubble cycle 0 Core idle cycle 0 
[2026-05-26 12:37:54.484] [debug] Core [1] : PE Utilization(%) 0.00, Systolic Bubble(%) 0.00, Vector Unit Utilization(%) 0.00, Total cycle: 10000
[2026-05-26 12:37:54.484] [debug] Core [2] : MatMul active cycle 245 Vector active cycle 0 
[2026-05-26 12:37:54.484] [debug] Core [2] : issued tile 1 
[2026-05-26 12:37:54.484] [debug] Core [2] : Memory unit idle cycle 500 Systolic bubble cycle 0 Core idle cycle 0 
[2026-05-26 12:37:54.484] [debug] Core [2] : PE Utilization(%) 0.00, Systolic Bubble(%) 0.00, Vector Unit Utilization(%) 0.00, Total cycle: 10000
[2026-05-26 12:37:54.484] [debug] Core [3] : MatMul active cycle 238 Vector active cycle 0 
[2026-05-26 12:37:54.484] [debug] Core [3] : issued tile 2 
[2026-05-26 12:37:54.484] [debug] Core [3] : Memory unit idle cycle 500 Systolic bubble cycle 0 Core idle cycle 0 
[2026-05-26 12:37:54.484] [debug] Core [3] : PE Utilization(%) 0.00, Systolic Bubble(%) 0.00, Vector Unit Utilization(%) 0.00, Total cycle: 10000
[2026-05-26 12:37:54.487] [debug] Layer 43 Core 2 Finish Tile at 10398 Remain tile 6
[2026-05-26 12:37:54.487] [debug] Layer 43 Core 1 Finish Tile at 10402 Remain tile 5
[2026-05-26 12:37:54.487] [debug] Layer 43 Core 3 Finish Tile at 10405 Remain tile 4
[2026-05-26 12:37:54.487] [info] DRAM: Idle 99.40%
[2026-05-26 12:37:54.487] [debug] Layer 43 Core 0 Finish Tile at 10419 Remain tile 3
[2026-05-26 12:37:54.488] [info] Core [0] : MatMul active cycle 500 Vector active cycle 0 
[2026-05-26 12:37:54.488] [info] Core [0] : issued tile 1 
[2026-05-26 12:37:54.488] [info] Core [0] : Memory unit idle cycle 499 Systolic bubble cycle 7630040 Core idle cycle 0 
[2026-05-26 12:37:54.488] [info] Core [0] : PE Utilization(%) 0.66, Systolic Bubble(%) 93.14, Vector Unit Utilization(%) 0.00, Total cycle: 10500
[2026-05-26 12:37:54.488] [debug] Core [1] : MatMul active cycle 400 Vector active cycle 0 
[2026-05-26 12:37:54.488] [debug] Core [1] : issued tile 0 
[2026-05-26 12:37:54.488] [debug] Core [1] : Memory unit idle cycle 499 Systolic bubble cycle 6274816 Core idle cycle 81 
[2026-05-26 12:37:54.488] [debug] Core [1] : PE Utilization(%) 0.60, Systolic Bubble(%) 76.60, Vector Unit Utilization(%) 0.00, Total cycle: 10500
[2026-05-26 12:37:54.488] [debug] Core [2] : MatMul active cycle 396 Vector active cycle 0 
[2026-05-26 12:37:54.488] [debug] Core [2] : issued tile 0 
[2026-05-26 12:37:54.488] [debug] Core [2] : Memory unit idle cycle 499 Systolic bubble cycle 6274816 Core idle cycle 85 
[2026-05-26 12:37:54.488] [debug] Core [2] : PE Utilization(%) 0.60, Systolic Bubble(%) 76.60, Vector Unit Utilization(%) 0.00, Total cycle: 10500
[2026-05-26 12:37:54.488] [debug] Core [3] : MatMul active cycle 500 Vector active cycle 0 
[2026-05-26 12:37:54.488] [debug] Core [3] : issued tile 1 
[2026-05-26 12:37:54.488] [debug] Core [3] : Memory unit idle cycle 499 Systolic bubble cycle 7851648 Core idle cycle 0 
[2026-05-26 12:37:54.488] [debug] Core [3] : PE Utilization(%) 0.75, Systolic Bubble(%) 95.85, Vector Unit Utilization(%) 0.00, Total cycle: 10500
[2026-05-26 12:37:54.489] [debug] Layer 43 Core 3 Finish Tile at 10661 Remain tile 2
[2026-05-26 12:37:54.489] [debug] Layer 43 Core 0 Finish Tile at 10675 Remain tile 1
[2026-05-26 12:37:54.489] [info] Layer layer0.attn.QKVgen finish at 10675
[2026-05-26 12:37:54.489] [info] Total compute time 1577
[2026-05-26 12:37:54.489] [info] executable layer count 1
[2026-05-26 12:37:54.489] [info] Start layer layer0.attn.KVccat
[2026-05-26 12:37:54.489] [debug] Layer layer0.attn.KVccat Core 2 Get Tile at 10675
[2026-05-26 12:37:54.489] [debug] Layer 45 Core 2 Finish Tile at 10676 Remain tile 1
[2026-05-26 12:37:54.489] [info] Layer layer0.attn.KVccat finish at 10676
[2026-05-26 12:37:54.489] [info] Total compute time 1
[2026-05-26 12:37:54.489] [info] executable layer count 1
[2026-05-26 12:37:54.489] [info] Start layer layer0.attn.Attention.0
[2026-05-26 12:37:54.489] [debug] Layer layer0.attn.Attention.0 Core 2 Get Tile at 10676
[2026-05-26 12:37:54.489] [debug] Layer layer0.attn.Attention.0 Core 3 Get Tile at 10676
[2026-05-26 12:37:54.489] [debug] Layer layer0.attn.Attention.0 Core 0 Get Tile at 10677
[2026-05-26 12:37:54.489] [debug] Layer layer0.attn.Attention.0 Core 1 Get Tile at 10677
[2026-05-26 12:37:54.515] [info] DRAM: Idle 61.20%
[2026-05-26 12:37:54.519] [info] Core [0] : MatMul active cycle 287 Vector active cycle 0 
[2026-05-26 12:37:54.519] [info] Core [0] : issued tile 1 
[2026-05-26 12:37:54.519] [info] Core [0] : Memory unit idle cycle 468 Systolic bubble cycle 2824744 Core idle cycle 0 
[2026-05-26 12:37:54.519] [info] Core [0] : PE Utilization(%) 0.12, Systolic Bubble(%) 34.48, Vector Unit Utilization(%) 0.00, Total cycle: 11000
[2026-05-26 12:37:54.519] [debug] Core [1] : MatMul active cycle 117 Vector active cycle 0 
[2026-05-26 12:37:54.519] [debug] Core [1] : issued tile 1 
[2026-05-26 12:37:54.519] [debug] Core [1] : Memory unit idle cycle 469 Systolic bubble cycle 0 Core idle cycle 177 
[2026-05-26 12:37:54.519] [debug] Core [1] : PE Utilization(%) 0.00, Systolic Bubble(%) 0.00, Vector Unit Utilization(%) 0.00, Total cycle: 11000
[2026-05-26 12:37:54.519] [debug] Core [2] : MatMul active cycle 111 Vector active cycle 0 
[2026-05-26 12:37:54.519] [debug] Core [2] : issued tile 1 
[2026-05-26 12:37:54.519] [debug] Core [2] : Memory unit idle cycle 469 Systolic bubble cycle 0 Core idle cycle 176 
[2026-05-26 12:37:54.519] [debug] Core [2] : PE Utilization(%) 0.00, Systolic Bubble(%) 0.00, Vector Unit Utilization(%) 0.00, Total cycle: 11000
[2026-05-26 12:37:54.519] [debug] Core [3] : MatMul active cycle 247 Vector active cycle 0 
[2026-05-26 12:37:54.519] [debug] Core [3] : issued tile 1 
[2026-05-26 12:37:54.519] [debug] Core [3] : Memory unit idle cycle 468 Systolic bubble cycle 2584704 Core idle cycle 0 
[2026-05-26 12:37:54.519] [debug] Core [3] : PE Utilization(%) 0.25, Systolic Bubble(%) 31.55, Vector Unit Utilization(%) 0.00, Total cycle: 11000
[2026-05-26 12:37:54.520] [info] DRAM: Idle 82.40%
[2026-05-26 12:37:54.522] [info] Core [0] : MatMul active cycle 485 Vector active cycle 16 
[2026-05-26 12:37:54.522] [info] Core [0] : issued tile 1 
[2026-05-26 12:37:54.522] [info] Core [0] : Memory unit idle cycle 500 Systolic bubble cycle 4210044 Core idle cycle 0 
[2026-05-26 12:37:54.522] [info] Core [0] : PE Utilization(%) 0.21, Systolic Bubble(%) 51.39, Vector Unit Utilization(%) 3.20, Total cycle: 11500
[2026-05-26 12:37:54.522] [debug] Core [1] : MatMul active cycle 485 Vector active cycle 16 
[2026-05-26 12:37:54.522] [debug] Core [1] : issued tile 1 
[2026-05-26 12:37:54.522] [debug] Core [1] : Memory unit idle cycle 500 Systolic bubble cycle 4210044 Core idle cycle 0 
[2026-05-26 12:37:54.522] [debug] Core [1] : PE Utilization(%) 0.21, Systolic Bubble(%) 51.39, Vector Unit Utilization(%) 3.20, Total cycle: 11500
[2026-05-26 12:37:54.522] [debug] Core [2] : MatMul active cycle 485 Vector active cycle 16 
[2026-05-26 12:37:54.522] [debug] Core [2] : issued tile 1 
[2026-05-26 12:37:54.522] [debug] Core [2] : Memory unit idle cycle 500 Systolic bubble cycle 4210044 Core idle cycle 0 
[2026-05-26 12:37:54.522] [debug] Core [2] : PE Utilization(%) 0.21, Systolic Bubble(%) 51.39, Vector Unit Utilization(%) 3.20, Total cycle: 11500
[2026-05-26 12:37:54.522] [debug] Core [3] : MatMul active cycle 485 Vector active cycle 16 
[2026-05-26 12:37:54.522] [debug] Core [3] : issued tile 1 
[2026-05-26 12:37:54.522] [debug] Core [3] : Memory unit idle cycle 500 Systolic bubble cycle 4210044 Core idle cycle 0 
[2026-05-26 12:37:54.522] [debug] Core [3] : PE Utilization(%) 0.21, Systolic Bubble(%) 51.39, Vector Unit Utilization(%) 3.20, Total cycle: 11500
[2026-05-26 12:37:54.523] [info] DRAM: Idle 100.00%
[2026-05-26 12:37:54.525] [debug] Layer 49 Core 1 Finish Tile at 11928 Remain tile 4
[2026-05-26 12:37:54.525] [debug] Layer 49 Core 0 Finish Tile at 11931 Remain tile 3
[2026-05-26 12:37:54.525] [debug] Layer 49 Core 2 Finish Tile at 11934 Remain tile 2
[2026-05-26 12:37:54.525] [debug] Layer 49 Core 3 Finish Tile at 11957 Remain tile 1
[2026-05-26 12:37:54.525] [info] Layer layer0.attn.Attention.0 finish at 11957
[2026-05-26 12:37:54.525] [info] Total compute time 1281
[2026-05-26 12:37:54.525] [info] executable layer count 1
[2026-05-26 12:37:54.525] [info] Start layer layer0.attn.Atccat
[2026-05-26 12:37:54.525] [debug] Layer layer0.attn.Atccat Core 3 Get Tile at 11957
[2026-05-26 12:37:54.525] [debug] Layer 51 Core 3 Finish Tile at 11958 Remain tile 1
[2026-05-26 12:37:54.525] [info] Layer layer0.attn.Atccat finish at 11958
[2026-05-26 12:37:54.525] [info] Total compute time 1
[2026-05-26 12:37:54.525] [info] executable layer count 1
[2026-05-26 12:37:54.525] [info] Start layer layer0.attn.proj
[2026-05-26 12:37:54.525] [debug] Layer layer0.attn.proj Core 3 Get Tile at 11958
[2026-05-26 12:37:54.525] [debug] Layer layer0.attn.proj Core 0 Get Tile at 11959
[2026-05-26 12:37:54.529] [info] Core [0] : MatMul active cycle 427 Vector active cycle 2 
[2026-05-26 12:37:54.529] [info] Core [0] : issued tile 1 
[2026-05-26 12:37:54.529] [info] Core [0] : Memory unit idle cycle 459 Systolic bubble cycle 4212108 Core idle cycle 0 
[2026-05-26 12:37:54.529] [info] Core [0] : PE Utilization(%) 0.18, Systolic Bubble(%) 51.42, Vector Unit Utilization(%) 0.40, Total cycle: 12000
[2026-05-26 12:37:54.529] [debug] Core [1] : MatMul active cycle 424 Vector active cycle 2 
[2026-05-26 12:37:54.529] [debug] Core [1] : issued tile 0 
[2026-05-26 12:37:54.529] [debug] Core [1] : Memory unit idle cycle 499 Systolic bubble cycle 4212108 Core idle cycle 40 
[2026-05-26 12:37:54.529] [debug] Core [1] : PE Utilization(%) 0.18, Systolic Bubble(%) 51.42, Vector Unit Utilization(%) 0.40, Total cycle: 12000
[2026-05-26 12:37:54.529] [debug] Core [2] : MatMul active cycle 430 Vector active cycle 2 
[2026-05-26 12:37:54.529] [debug] Core [2] : issued tile 0 
[2026-05-26 12:37:54.529] [debug] Core [2] : Memory unit idle cycle 499 Systolic bubble cycle 4212108 Core idle cycle 34 
[2026-05-26 12:37:54.529] [debug] Core [2] : PE Utilization(%) 0.18, Systolic Bubble(%) 51.42, Vector Unit Utilization(%) 0.40, Total cycle: 12000
[2026-05-26 12:37:54.529] [debug] Core [3] : MatMul active cycle 453 Vector active cycle 2 
[2026-05-26 12:37:54.529] [debug] Core [3] : issued tile 1 
[2026-05-26 12:37:54.529] [debug] Core [3] : Memory unit idle cycle 458 Systolic bubble cycle 4212108 Core idle cycle 0 
[2026-05-26 12:37:54.529] [debug] Core [3] : PE Utilization(%) 0.18, Systolic Bubble(%) 51.42, Vector Unit Utilization(%) 0.40, Total cycle: 12000
[2026-05-26 12:37:54.542] [info] DRAM: Idle 67.20%
[2026-05-26 12:37:54.562] [info] DRAM: Idle 60.40%
[2026-05-26 12:37:54.563] [info] Core [0] : MatMul active cycle 251 Vector active cycle 0 
[2026-05-26 12:37:54.563] [info] Core [0] : issued tile 1 
[2026-05-26 12:37:54.563] [info] Core [0] : Memory unit idle cycle 443 Systolic bubble cycle 0 Core idle cycle 0 
[2026-05-26 12:37:54.563] [info] Core [0] : PE Utilization(%) 0.00, Systolic Bubble(%) 0.00, Vector Unit Utilization(%) 0.00, Total cycle: 12500
[2026-05-26 12:37:54.563] [debug] Core [1] : MatMul active cycle 0 Vector active cycle 0 
[2026-05-26 12:37:54.563] [debug] Core [1] : issued tile 0 
[2026-05-26 12:37:54.563] [debug] Core [1] : Memory unit idle cycle 500 Systolic bubble cycle 0 Core idle cycle 500 
[2026-05-26 12:37:54.563] [debug] Core [1] : PE Utilization(%) 0.00, Systolic Bubble(%) 0.00, Vector Unit Utilization(%) 0.00, Total cycle: 12500
[2026-05-26 12:37:54.563] [debug] Core [2] : MatMul active cycle 0 Vector active cycle 0 
[2026-05-26 12:37:54.563] [debug] Core [2] : issued tile 0 
[2026-05-26 12:37:54.563] [debug] Core [2] : Memory unit idle cycle 500 Systolic bubble cycle 0 Core idle cycle 500 
[2026-05-26 12:37:54.563] [debug] Core [2] : PE Utilization(%) 0.00, Systolic Bubble(%) 0.00, Vector Unit Utilization(%) 0.00, Total cycle: 12500
[2026-05-26 12:37:54.563] [debug] Core [3] : MatMul active cycle 247 Vector active cycle 0 
[2026-05-26 12:37:54.563] [debug] Core [3] : issued tile 1 
[2026-05-26 12:37:54.563] [debug] Core [3] : Memory unit idle cycle 423 Systolic bubble cycle 0 Core idle cycle 0 
[2026-05-26 12:37:54.563] [debug] Core [3] : PE Utilization(%) 0.00, Systolic Bubble(%) 0.00, Vector Unit Utilization(%) 0.00, Total cycle: 12500
[2026-05-26 12:37:54.565] [debug] Layer 53 Core 0 Finish Tile at 12892 Remain tile 2
[2026-05-26 12:37:54.565] [debug] Layer 53 Core 3 Finish Tile at 12896 Remain tile 1
[2026-05-26 12:37:54.565] [info] Layer layer0.attn.proj finish at 12896
[2026-05-26 12:37:54.565] [info] Total compute time 938
[2026-05-26 12:37:54.565] [info] executable layer count 1
[2026-05-26 12:37:54.565] [info] Start layer layer0.attn.ln
[2026-05-26 12:37:54.565] [debug] Layer layer0.attn.ln Core 0 Get Tile at 12897
[2026-05-26 12:37:54.565] [info] DRAM: Idle 98.20%
[2026-05-26 12:37:54.566] [debug] Layer 55 Core 0 Finish Tile at 12940 Remain tile 1
[2026-05-26 12:37:54.566] [info] Layer layer0.attn.ln finish at 12940
[2026-05-26 12:37:54.566] [info] Total compute time 44
[2026-05-26 12:37:54.566] [info] executable layer count 1
[2026-05-26 12:37:54.566] [info] Start layer layer0.ffn.fc1
[2026-05-26 12:37:54.566] [debug] Layer layer0.ffn.fc1 Core 0 Get Tile at 12940
[2026-05-26 12:37:54.566] [debug] Layer layer0.ffn.fc1 Core 1 Get Tile at 12940
[2026-05-26 12:37:54.566] [debug] Layer layer0.ffn.fc1 Core 2 Get Tile at 12940
[2026-05-26 12:37:54.566] [debug] Layer layer0.ffn.fc1 Core 3 Get Tile at 12940
[2026-05-26 12:37:54.577] [info] Core [0] : MatMul active cycle 390 Vector active cycle 12 
[2026-05-26 12:37:54.577] [info] Core [0] : issued tile 1 
[2026-05-26 12:37:54.577] [info] Core [0] : Memory unit idle cycle 437 Systolic bubble cycle 6284080 Core idle cycle 0 
[2026-05-26 12:37:54.577] [info] Core [0] : PE Utilization(%) 0.49, Systolic Bubble(%) 76.71, Vector Unit Utilization(%) 2.40, Total cycle: 13000
[2026-05-26 12:37:54.577] [debug] Core [1] : MatMul active cycle 0 Vector active cycle 0 
[2026-05-26 12:37:54.577] [debug] Core [1] : issued tile 1 
[2026-05-26 12:37:54.577] [debug] Core [1] : Memory unit idle cycle 441 Systolic bubble cycle 0 Core idle cycle 440 
[2026-05-26 12:37:54.577] [debug] Core [1] : PE Utilization(%) 0.00, Systolic Bubble(%) 0.00, Vector Unit Utilization(%) 0.00, Total cycle: 13000
[2026-05-26 12:37:54.577] [debug] Core [2] : MatMul active cycle 0 Vector active cycle 0 
[2026-05-26 12:37:54.577] [debug] Core [2] : issued tile 1 
[2026-05-26 12:37:54.577] [debug] Core [2] : Memory unit idle cycle 441 Systolic bubble cycle 0 Core idle cycle 440 
[2026-05-26 12:37:54.577] [debug] Core [2] : PE Utilization(%) 0.00, Systolic Bubble(%) 0.00, Vector Unit Utilization(%) 0.00, Total cycle: 13000
[2026-05-26 12:37:54.577] [debug] Core [3] : MatMul active cycle 394 Vector active cycle 0 
[2026-05-26 12:37:54.577] [debug] Core [3] : issued tile 1 
[2026-05-26 12:37:54.577] [debug] Core [3] : Memory unit idle cycle 440 Systolic bubble cycle 6274816 Core idle cycle 27 
[2026-05-26 12:37:54.577] [debug] Core [3] : PE Utilization(%) 0.60, Systolic Bubble(%) 76.60, Vector Unit Utilization(%) 0.00, Total cycle: 13000
[2026-05-26 12:37:54.652] [info] DRAM: Idle 6.20%
[2026-05-26 12:37:54.674] [info] Core [0] : MatMul active cycle 6 Vector active cycle 0 
[2026-05-26 12:37:54.674] [info] Core [0] : issued tile 1 
[2026-05-26 12:37:54.674] [info] Core [0] : Memory unit idle cycle 442 Systolic bubble cycle 0 Core idle cycle 0 
[2026-05-26 12:37:54.674] [info] Core [0] : PE Utilization(%) 0.00, Systolic Bubble(%) 0.00, Vector Unit Utilization(%) 0.00, Total cycle: 13500
[2026-05-26 12:37:54.674] [debug] Core [1] : MatMul active cycle 12 Vector active cycle 0 
[2026-05-26 12:37:54.674] [debug] Core [1] : issued tile 1 
[2026-05-26 12:37:54.674] [debug] Core [1] : Memory unit idle cycle 442 Systolic bubble cycle 0 Core idle cycle 0 
[2026-05-26 12:37:54.674] [debug] Core [1] : PE Utilization(%) 0.00, Systolic Bubble(%) 0.00, Vector Unit Utilization(%) 0.00, Total cycle: 13500
[2026-05-26 12:37:54.674] [debug] Core [2] : MatMul active cycle 6 Vector active cycle 0 
[2026-05-26 12:37:54.674] [debug] Core [2] : issued tile 1 
[2026-05-26 12:37:54.674] [debug] Core [2] : Memory unit idle cycle 442 Systolic bubble cycle 0 Core idle cycle 0 
[2026-05-26 12:37:54.674] [debug] Core [2] : PE Utilization(%) 0.00, Systolic Bubble(%) 0.00, Vector Unit Utilization(%) 0.00, Total cycle: 13500
[2026-05-26 12:37:54.674] [debug] Core [3] : MatMul active cycle 13 Vector active cycle 0 
[2026-05-26 12:37:54.674] [debug] Core [3] : issued tile 1 
[2026-05-26 12:37:54.674] [debug] Core [3] : Memory unit idle cycle 442 Systolic bubble cycle 0 Core idle cycle 0 
[2026-05-26 12:37:54.674] [debug] Core [3] : PE Utilization(%) 0.00, Systolic Bubble(%) 0.00, Vector Unit Utilization(%) 0.00, Total cycle: 13500
[2026-05-26 12:37:54.676] [info] DRAM: Idle 62.40%
[2026-05-26 12:37:54.678] [info] Core [0] : MatMul active cycle 500 Vector active cycle 0 
[2026-05-26 12:37:54.678] [info] Core [0] : issued tile 1 
[2026-05-26 12:37:54.678] [info] Core [0] : Memory unit idle cycle 500 Systolic bubble cycle 4080256 Core idle cycle 0 
[2026-05-26 12:37:54.678] [info] Core [0] : PE Utilization(%) 0.39, Systolic Bubble(%) 49.81, Vector Unit Utilization(%) 0.00, Total cycle: 14000
[2026-05-26 12:37:54.678] [debug] Core [1] : MatMul active cycle 500 Vector active cycle 0 
[2026-05-26 12:37:54.678] [debug] Core [1] : issued tile 1 
[2026-05-26 12:37:54.678] [debug] Core [1] : Memory unit idle cycle 500 Systolic bubble cycle 4177792 Core idle cycle 0 
[2026-05-26 12:37:54.678] [debug] Core [1] : PE Utilization(%) 0.40, Systolic Bubble(%) 51.00, Vector Unit Utilization(%) 0.00, Total cycle: 14000
[2026-05-26 12:37:54.678] [debug] Core [2] : MatMul active cycle 500 Vector active cycle 0 
[2026-05-26 12:37:54.678] [debug] Core [2] : issued tile 1 
[2026-05-26 12:37:54.678] [debug] Core [2] : Memory unit idle cycle 500 Systolic bubble cycle 4080256 Core idle cycle 0 
[2026-05-26 12:37:54.678] [debug] Core [2] : PE Utilization(%) 0.39, Systolic Bubble(%) 49.81, Vector Unit Utilization(%) 0.00, Total cycle: 14000
[2026-05-26 12:37:54.678] [debug] Core [3] : MatMul active cycle 500 Vector active cycle 0 
[2026-05-26 12:37:54.678] [debug] Core [3] : issued tile 1 
[2026-05-26 12:37:54.678] [debug] Core [3] : Memory unit idle cycle 500 Systolic bubble cycle 4194048 Core idle cycle 0 
[2026-05-26 12:37:54.678] [debug] Core [3] : PE Utilization(%) 0.40, Systolic Bubble(%) 51.20, Vector Unit Utilization(%) 0.00, Total cycle: 14000
[2026-05-26 12:37:54.678] [debug] Layer 57 Core 3 Finish Tile at 14130 Remain tile 4
[2026-05-26 12:37:54.678] [debug] Layer 57 Core 1 Finish Tile at 14131 Remain tile 3
[2026-05-26 12:37:54.679] [debug] Layer 57 Core 0 Finish Tile at 14137 Remain tile 2
[2026-05-26 12:37:54.679] [debug] Layer 57 Core 2 Finish Tile at 14137 Remain tile 1
[2026-05-26 12:37:54.679] [info] Layer layer0.ffn.fc1 finish at 14137
[2026-05-26 12:37:54.679] [info] Total compute time 1197
[2026-05-26 12:37:54.679] [info] executable layer count 1
[2026-05-26 12:37:54.679] [info] Start layer layer0.ffn.act
[2026-05-26 12:37:54.679] [debug] Layer layer0.ffn.act Core 1 Get Tile at 14138
[2026-05-26 12:37:54.679] [info] DRAM: Idle 95.40%
[2026-05-26 12:37:54.680] [debug] Layer 59 Core 1 Finish Tile at 14183 Remain tile 1
[2026-05-26 12:37:54.680] [info] Layer layer0.ffn.act finish at 14183
[2026-05-26 12:37:54.680] [info] Total compute time 46
[2026-05-26 12:37:54.680] [info] executable layer count 1
[2026-05-26 12:37:54.680] [info] Start layer layer0.ffn.fc2
[2026-05-26 12:37:54.680] [debug] Layer layer0.ffn.fc2 Core 3 Get Tile at 14183
[2026-05-26 12:37:54.680] [debug] Layer layer0.ffn.fc2 Core 0 Get Tile at 14184
[2026-05-26 12:37:54.727] [info] Core [0] : MatMul active cycle 135 Vector active cycle 0 
[2026-05-26 12:37:54.727] [info] Core [0] : issued tile 1 
[2026-05-26 12:37:54.727] [info] Core [0] : Memory unit idle cycle 288 Systolic bubble cycle 2194560 Core idle cycle 30 
[2026-05-26 12:37:54.727] [info] Core [0] : PE Utilization(%) 0.21, Systolic Bubble(%) 26.79, Vector Unit Utilization(%) 0.00, Total cycle: 14500
[2026-05-26 12:37:54.727] [debug] Core [1] : MatMul active cycle 129 Vector active cycle 4 
[2026-05-26 12:37:54.727] [debug] Core [1] : issued tile 0 
[2026-05-26 12:37:54.727] [debug] Core [1] : Memory unit idle cycle 493 Systolic bubble cycle 2097024 Core idle cycle 299 
[2026-05-26 12:37:54.727] [debug] Core [1] : PE Utilization(%) 0.20, Systolic Bubble(%) 25.60, Vector Unit Utilization(%) 0.80, Total cycle: 14500
[2026-05-26 12:37:54.727] [debug] Core [2] : MatMul active cycle 135 Vector active cycle 0 
[2026-05-26 12:37:54.727] [debug] Core [2] : issued tile 0 
[2026-05-26 12:37:54.727] [debug] Core [2] : Memory unit idle cycle 499 Systolic bubble cycle 2194560 Core idle cycle 330 
[2026-05-26 12:37:54.727] [debug] Core [2] : PE Utilization(%) 0.21, Systolic Bubble(%) 26.79, Vector Unit Utilization(%) 0.00, Total cycle: 14500
[2026-05-26 12:37:54.727] [debug] Core [3] : MatMul active cycle 128 Vector active cycle 0 
[2026-05-26 12:37:54.727] [debug] Core [3] : issued tile 1 
[2026-05-26 12:37:54.727] [debug] Core [3] : Memory unit idle cycle 240 Systolic bubble cycle 2080768 Core idle cycle 36 
[2026-05-26 12:37:54.727] [debug] Core [3] : PE Utilization(%) 0.20, Systolic Bubble(%) 25.40, Vector Unit Utilization(%) 0.00, Total cycle: 14500
[2026-05-26 12:37:54.737] [info] DRAM: Idle 5.20%
[2026-05-26 12:37:54.760] [info] DRAM: Idle 48.80%
[2026-05-26 12:37:54.760] [info] Core [0] : MatMul active cycle 235 Vector active cycle 0 
[2026-05-26 12:37:54.760] [info] Core [0] : issued tile 1 
[2026-05-26 12:37:54.760] [info] Core [0] : Memory unit idle cycle 500 Systolic bubble cycle 0 Core idle cycle 0 
[2026-05-26 12:37:54.760] [info] Core [0] : PE Utilization(%) 0.00, Systolic Bubble(%) 0.00, Vector Unit Utilization(%) 0.00, Total cycle: 15000
[2026-05-26 12:37:54.760] [debug] Core [1] : MatMul active cycle 0 Vector active cycle 0 
[2026-05-26 12:37:54.760] [debug] Core [1] : issued tile 0 
[2026-05-26 12:37:54.760] [debug] Core [1] : Memory unit idle cycle 500 Systolic bubble cycle 0 Core idle cycle 500 
[2026-05-26 12:37:54.760] [debug] Core [1] : PE Utilization(%) 0.00, Systolic Bubble(%) 0.00, Vector Unit Utilization(%) 0.00, Total cycle: 15000
[2026-05-26 12:37:54.760] [debug] Core [2] : MatMul active cycle 0 Vector active cycle 0 
[2026-05-26 12:37:54.760] [debug] Core [2] : issued tile 0 
[2026-05-26 12:37:54.760] [debug] Core [2] : Memory unit idle cycle 500 Systolic bubble cycle 0 Core idle cycle 500 
[2026-05-26 12:37:54.760] [debug] Core [2] : PE Utilization(%) 0.00, Systolic Bubble(%) 0.00, Vector Unit Utilization(%) 0.00, Total cycle: 15000
[2026-05-26 12:37:54.760] [debug] Core [3] : MatMul active cycle 200 Vector active cycle 0 
[2026-05-26 12:37:54.760] [debug] Core [3] : issued tile 1 
[2026-05-26 12:37:54.760] [debug] Core [3] : Memory unit idle cycle 500 Systolic bubble cycle 0 Core idle cycle 0 
[2026-05-26 12:37:54.760] [debug] Core [3] : PE Utilization(%) 0.00, Systolic Bubble(%) 0.00, Vector Unit Utilization(%) 0.00, Total cycle: 15000
[2026-05-26 12:37:54.763] [info] DRAM: Idle 100.00%
[2026-05-26 12:37:54.763] [info] Core [0] : MatMul active cycle 500 Vector active cycle 0 
[2026-05-26 12:37:54.763] [info] Core [0] : issued tile 1 
[2026-05-26 12:37:54.763] [info] Core [0] : Memory unit idle cycle 500 Systolic bubble cycle 7814400 Core idle cycle 0 
[2026-05-26 12:37:54.763] [info] Core [0] : PE Utilization(%) 0.61, Systolic Bubble(%) 95.39, Vector Unit Utilization(%) 0.00, Total cycle: 15500
[2026-05-26 12:37:54.763] [debug] Core [1] : MatMul active cycle 0 Vector active cycle 0 
[2026-05-26 12:37:54.763] [debug] Core [1] : issued tile 0 
[2026-05-26 12:37:54.763] [debug] Core [1] : Memory unit idle cycle 500 Systolic bubble cycle 0 Core idle cycle 500 
[2026-05-26 12:37:54.763] [debug] Core [1] : PE Utilization(%) 0.00, Systolic Bubble(%) 0.00, Vector Unit Utilization(%) 0.00, Total cycle: 15500
[2026-05-26 12:37:54.763] [debug] Core [2] : MatMul active cycle 0 Vector active cycle 0 
[2026-05-26 12:37:54.763] [debug] Core [2] : issued tile 0 
[2026-05-26 12:37:54.763] [debug] Core [2] : Memory unit idle cycle 500 Systolic bubble cycle 0 Core idle cycle 500 
[2026-05-26 12:37:54.763] [debug] Core [2] : PE Utilization(%) 0.00, Systolic Bubble(%) 0.00, Vector Unit Utilization(%) 0.00, Total cycle: 15500
[2026-05-26 12:37:54.763] [debug] Core [3] : MatMul active cycle 500 Vector active cycle 0 
[2026-05-26 12:37:54.763] [debug] Core [3] : issued tile 1 
[2026-05-26 12:37:54.763] [debug] Core [3] : Memory unit idle cycle 500 Systolic bubble cycle 7233920 Core idle cycle 0 
[2026-05-26 12:37:54.763] [debug] Core [3] : PE Utilization(%) 0.70, Systolic Bubble(%) 88.30, Vector Unit Utilization(%) 0.00, Total cycle: 15500
[2026-05-26 12:37:54.764] [debug] Layer 61 Core 0 Finish Tile at 15664 Remain tile 2
[2026-05-26 12:37:54.765] [debug] Layer 61 Core 3 Finish Tile at 15699 Remain tile 1
[2026-05-26 12:37:54.765] [info] Layer layer0.ffn.fc2 finish at 15699
[2026-05-26 12:37:54.765] [info] Total compute time 1516
[2026-05-26 12:37:54.765] [info] executable layer count 1
[2026-05-26 12:37:54.765] [info] Start layer layer0.ffn.ln
[2026-05-26 12:37:54.765] [debug] Layer layer0.ffn.ln Core 2 Get Tile at 15700
[2026-05-26 12:37:54.765] [debug] Layer 63 Core 2 Finish Tile at 15743 Remain tile 1
[2026-05-26 12:37:54.765] [info] Layer layer0.ffn.ln finish at 15743
[2026-05-26 12:37:54.765] [info] Total compute time 44
[2026-05-26 12:37:54.765] [info] Model[tiny_transformer] Request: 9 us, Start: 9 us, finish:15 us, Current Cycle:15743
[2026-05-26 12:37:54.765] [info] No total_seq_len!
[2026-05-26 12:37:54.765] [info] Total Memory Usage: 0.01 GB
[2026-05-26 12:37:54.765] [info] Weight Memory Usage: 0.01 GB
[2026-05-26 12:37:54.765] [info] KV Memory Usage: 0.00 GB
[2026-05-26 12:37:54.765] [info] Activation Memory Usage: 0.00 GB
[2026-05-26 12:37:54.765] [debug] [Gemm] input_shape: [1, 232]
[2026-05-26 12:37:54.765] [debug] [Gemm] output_shape : [1, 696]
[2026-05-26 12:37:54.765] [info] [GEMM] spad_size: 33554432 accum_size: 4194304
[2026-05-26 12:37:54.765] [info] [GEMM] required_sram_size: 131072 required_accum_size: 32768
[2026-05-26 12:37:54.765] [info] [GEMM] Used mapping: Total N:1 C:232 M:696 | Outer N:1 C:1 M:6 | Inner N:128 C:256 M:128
[2026-05-26 12:37:54.767] [info] [GemmWs] Keys K = 232, N = 1, M = 696
[2026-05-26 12:37:54.767] [info] [GemmWS]: total 0.00032364 GFLOPs, 0.000326192 GB
[2026-05-26 12:37:54.767] [info] [GemmWS]: Theoretical time(ms): 0.0005312573421178968 Compute time: 2.469177307062864e-06 Memory time: 0.0005312573421178968
[2026-05-26 12:37:54.767] [debug] [KVCacheConcat] input_token_lengths: [1]
[2026-05-26 12:37:54.767] [debug] [KVCacheConcat] number of tiles: 1
[2026-05-26 12:37:54.767] [info] [Attention] total_spad_size_per_head: 15660 B
[2026-05-26 12:37:54.767] [info] [Attention] total_acc_size_per_head: 134 B
[2026-05-26 12:37:54.767] [info] [Attention] q_len: 1, seq_len: 67, dk: 58, heads per tile 1
[2026-05-26 12:37:54.767] [info] [Attention] Spad size 16777216
[2026-05-26 12:37:54.767] [info] [Attention] Accum spad size 2097152
[2026-05-26 12:37:54.767] [info] Mapping info Total Loop: N4 C58 M67 S1 R1 Q1 P1 Tile Out Loop: N4 C1 M1 S1 R1 Q1 P1 Tile In Loop: N1 C58 M67 S1 R1 Q1 P1
[2026-05-26 12:37:54.768] [info] [Attention] QK 3.1088e-05 GFLOPs
[2026-05-26 12:37:54.768] [info] [Attention] total 6.4855994e-05 GFLOPs, 6.3103995e-05 GB
[2026-05-26 12:37:54.768] [info] [Attention] Theoretical time(ms): 0.00010277524 Compute time: 8.0151364e-07 Memory time: 0.00010277524
[2026-05-26 12:37:54.768] [info] [Attention] QK compute 0.0000ms Softmax compute 0.0000ms SV compute 0.0000ms
[2026-05-26 12:37:54.768] [debug] [Gemm] input_shape: [1, 232]
[2026-05-26 12:37:54.768] [debug] [Gemm] output_shape : [1, 232]
[2026-05-26 12:37:54.768] [info] [GEMM] spad_size: 33554432 accum_size: 4194304
[2026-05-26 12:37:54.768] [info] [GEMM] required_sram_size: 131072 required_accum_size: 32768
[2026-05-26 12:37:54.768] [info] [GEMM] Used mapping: Total N:1 C:232 M:232 | Outer N:1 C:1 M:2 | Inner N:128 C:256 M:128
[2026-05-26 12:37:54.768] [info] [GemmWs] Keys K = 232, N = 1, M = 232
[2026-05-26 12:37:54.768] [info] [GemmWS]: total 0.00010787999 GFLOPs, 0.000109040004 GB
[2026-05-26 12:37:54.768] [info] [GemmWS]: Theoretical time(ms): 0.00017758958392732893 Compute time: 8.230590098357027e-07 Memory time: 0.00017758958392732893
[2026-05-26 12:37:54.768] [info] [SkipLayerNorm] tokens_per_tile: 1
[2026-05-26 12:37:54.768] [debug] [Gemm] input_shape: [1, 232]
[2026-05-26 12:37:54.768] [debug] [Gemm] output_shape : [1, 512]
[2026-05-26 12:37:54.768] [info] [GEMM] spad_size: 33554432 accum_size: 4194304
[2026-05-26 12:37:54.768] [info] [GEMM] required_sram_size: 131072 required_accum_size: 32768
[2026-05-26 12:37:54.768] [info] [GEMM] Used mapping: Total N:1 C:232 M:512 | Outer N:1 C:1 M:4 | Inner N:128 C:256 M:128
[2026-05-26 12:37:54.769] [info] [GemmWs] Keys K = 232, N = 1, M = 512
[2026-05-26 12:37:54.769] [info] [GemmWS]: total 0.000237568 GFLOPs, 0.000239056 GB
[2026-05-26 12:37:54.769] [info] [GemmWS]: Theoretical time(ms): 0.0003893420057465846 Compute time: 1.81250003894462e-06 Memory time: 0.0003893420057465846
[2026-05-26 12:37:54.769] [info] [BiasAct] tokens_per_tile: 1
[2026-05-26 12:37:54.769] [debug] [Gemm] input_shape: [1, 512]
[2026-05-26 12:37:54.769] [debug] [Gemm] output_shape : [1, 232]
[2026-05-26 12:37:54.769] [info] [GEMM] spad_size: 33554432 accum_size: 4194304
[2026-05-26 12:37:54.769] [info] [GEMM] required_sram_size: 262144 required_accum_size: 32768
[2026-05-26 12:37:54.769] [info] [GEMM] Used mapping: Total N:1 C:512 M:232 | Outer N:1 C:1 M:2 | Inner N:128 C:512 M:128
[2026-05-26 12:37:54.770] [info] [GemmWs] Keys K = 512, N = 1, M = 232
[2026-05-26 12:37:54.770] [info] [GemmWS]: total 0.00023779999 GFLOPs, 0.00023952 GB
[2026-05-26 12:37:54.770] [info] [GemmWS]: Theoretical time(ms): 0.00039009771057862963 Compute time: 1.8142699564904774e-06 Memory time: 0.00039009771057862963
[2026-05-26 12:37:54.770] [info] [SkipLayerNorm] tokens_per_tile: 1
[2026-05-26 12:37:54.770] [debug] runnable op, 
[2026-05-26 12:37:54.770] [info]  Model initialization time: 0.004701 seconds
[2026-05-26 12:37:54.770] [info] Schedule model: tiny_transformer at 15745000 us
[2026-05-26 12:37:54.770] [info] MODEL tiny_transformer Scheduled, Total Request: 1
[2026-05-26 12:37:54.770] [info] executable layer count 1
[2026-05-26 12:37:54.770] [info] Start layer layer0.attn.QKVgen
[2026-05-26 12:37:54.770] [debug] Layer layer0.attn.QKVgen Core 0 Get Tile at 15744
[2026-05-26 12:37:54.770] [debug] Layer layer0.attn.QKVgen Core 1 Get Tile at 15744
[2026-05-26 12:37:54.770] [debug] Layer layer0.attn.QKVgen Core 2 Get Tile at 15744
[2026-05-26 12:37:54.770] [debug] Layer layer0.attn.QKVgen Core 3 Get Tile at 15744
[2026-05-26 12:37:54.770] [debug] Layer layer0.attn.QKVgen Core 1 Get Tile at 15745
[2026-05-26 12:37:54.770] [debug] Layer layer0.attn.QKVgen Core 2 Get Tile at 15745
[2026-05-26 12:37:54.787] [info] DRAM: Idle 74.20%
[2026-05-26 12:37:54.827] [info] HBM2-CH_0: BW utilization 24% (2241 reads, 130 writes)
[2026-05-26 12:37:54.827] [debug] HBM2-CH_1: BW utilization 24% (2239 reads, 129 writes)
[2026-05-26 12:37:54.827] [debug] HBM2-CH_2: BW utilization 24% (2235 reads, 128 writes)
[2026-05-26 12:37:54.827] [debug] HBM2-CH_3: BW utilization 24% (2234 reads, 131 writes)
[2026-05-26 12:37:54.827] [debug] HBM2-CH_4: BW utilization 24% (2236 reads, 129 writes)
[2026-05-26 12:37:54.827] [debug] HBM2-CH_5: BW utilization 24% (2245 reads, 132 writes)
[2026-05-26 12:37:54.827] [debug] HBM2-CH_6: BW utilization 24% (2236 reads, 130 writes)
[2026-05-26 12:37:54.827] [debug] HBM2-CH_7: BW utilization 24% (2237 reads, 129 writes)
[2026-05-26 12:37:54.827] [debug] HBM2-CH_8: BW utilization 24% (2241 reads, 128 writes)
[2026-05-26 12:37:54.827] [debug] HBM2-CH_9: BW utilization 24% (2232 reads, 129 writes)
[2026-05-26 12:37:54.827] [debug] HBM2-CH_10: BW utilization 24% (2238 reads, 134 writes)
[2026-05-26 12:37:54.827] [debug] HBM2-CH_11: BW utilization 24% (2248 reads, 129 writes)
[2026-05-26 12:37:54.827] [debug] HBM2-CH_12: BW utilization 24% (2237 reads, 130 writes)
[2026-05-26 12:37:54.827] [debug] HBM2-CH_13: BW utilization 24% (2248 reads, 129 writes)
[2026-05-26 12:37:54.827] [debug] HBM2-CH_14: BW utilization 24% (2243 reads, 128 writes)
[2026-05-26 12:37:54.827] [debug] HBM2-CH_15: BW utilization 24% (2243 reads, 129 writes)
[2026-05-26 12:37:54.828] [info] Core [0] : MatMul active cycle 162 Vector active cycle 0 
[2026-05-26 12:37:54.828] [info] Core [0] : issued tile 1 
[2026-05-26 12:37:54.828] [info] Core [0] : Memory unit idle cycle 381 Systolic bubble cycle 2637360 Core idle cycle 48 
[2026-05-26 12:37:54.828] [info] Core [0] : PE Utilization(%) 0.21, Systolic Bubble(%) 32.19, Vector Unit Utilization(%) 0.00, Total cycle: 16000
[2026-05-26 12:37:54.828] [debug] Core [1] : MatMul active cycle 0 Vector active cycle 0 
[2026-05-26 12:37:54.828] [debug] Core [1] : issued tile 2 
[2026-05-26 12:37:54.828] [debug] Core [1] : Memory unit idle cycle 264 Systolic bubble cycle 0 Core idle cycle 244 
[2026-05-26 12:37:54.828] [debug] Core [1] : PE Utilization(%) 0.00, Systolic Bubble(%) 0.00, Vector Unit Utilization(%) 0.00, Total cycle: 16000
[2026-05-26 12:37:54.828] [debug] Core [2] : MatMul active cycle 0 Vector active cycle 12 
[2026-05-26 12:37:54.828] [debug] Core [2] : issued tile 2 
[2026-05-26 12:37:54.828] [debug] Core [2] : Memory unit idle cycle 327 Systolic bubble cycle 0 Core idle cycle 200 
[2026-05-26 12:37:54.828] [debug] Core [2] : PE Utilization(%) 0.00, Systolic Bubble(%) 0.00, Vector Unit Utilization(%) 2.40, Total cycle: 16000
[2026-05-26 12:37:54.828] [debug] Core [3] : MatMul active cycle 197 Vector active cycle 0 
[2026-05-26 12:37:54.828] [debug] Core [3] : issued tile 1 
[2026-05-26 12:37:54.828] [debug] Core [3] : Memory unit idle cycle 381 Systolic bubble cycle 3202432 Core idle cycle 28 
[2026-05-26 12:37:54.828] [debug] Core [3] : PE Utilization(%) 0.31, Systolic Bubble(%) 39.09, Vector Unit Utilization(%) 0.00, Total cycle: 16000
[2026-05-26 12:37:54.880] [info] DRAM: Idle 0.00%
[2026-05-26 12:37:54.910] [info] Core [0] : MatMul active cycle 138 Vector active cycle 0 
[2026-05-26 12:37:54.910] [info] Core [0] : issued tile 1 
[2026-05-26 12:37:54.910] [info] Core [0] : Memory unit idle cycle 500 Systolic bubble cycle 0 Core idle cycle 0 
[2026-05-26 12:37:54.910] [info] Core [0] : PE Utilization(%) 0.00, Systolic Bubble(%) 0.00, Vector Unit Utilization(%) 0.00, Total cycle: 16500
[2026-05-26 12:37:54.910] [debug] Core [1] : MatMul active cycle 99 Vector active cycle 0 
[2026-05-26 12:37:54.910] [debug] Core [1] : issued tile 2 
[2026-05-26 12:37:54.910] [debug] Core [1] : Memory unit idle cycle 500 Systolic bubble cycle 0 Core idle cycle 0 
[2026-05-26 12:37:54.910] [debug] Core [1] : PE Utilization(%) 0.00, Systolic Bubble(%) 0.00, Vector Unit Utilization(%) 0.00, Total cycle: 16500
[2026-05-26 12:37:54.910] [debug] Core [2] : MatMul active cycle 87 Vector active cycle 0 
[2026-05-26 12:37:54.910] [debug] Core [2] : issued tile 2 
[2026-05-26 12:37:54.910] [debug] Core [2] : Memory unit idle cycle 500 Systolic bubble cycle 0 Core idle cycle 0 
[2026-05-26 12:37:54.910] [debug] Core [2] : PE Utilization(%) 0.00, Systolic Bubble(%) 0.00, Vector Unit Utilization(%) 0.00, Total cycle: 16500
[2026-05-26 12:37:54.910] [debug] Core [3] : MatMul active cycle 93 Vector active cycle 0 
[2026-05-26 12:37:54.910] [debug] Core [3] : issued tile 1 
[2026-05-26 12:37:54.910] [debug] Core [3] : Memory unit idle cycle 500 Systolic bubble cycle 0 Core idle cycle 0 
[2026-05-26 12:37:54.910] [debug] Core [3] : PE Utilization(%) 0.00, Systolic Bubble(%) 0.00, Vector Unit Utilization(%) 0.00, Total cycle: 16500
[2026-05-26 12:37:54.911] [info] DRAM: Idle 33.60%
[2026-05-26 12:37:54.913] [info] Core [0] : MatMul active cycle 500 Vector active cycle 0 
[2026-05-26 12:37:54.913] [info] Core [0] : issued tile 1 
[2026-05-26 12:37:54.913] [info] Core [0] : Memory unit idle cycle 500 Systolic bubble cycle 6226048 Core idle cycle 0 
[2026-05-26 12:37:54.913] [info] Core [0] : PE Utilization(%) 0.60, Systolic Bubble(%) 76.00, Vector Unit Utilization(%) 0.00, Total cycle: 17000
[2026-05-26 12:37:54.913] [debug] Core [1] : MatMul active cycle 500 Vector active cycle 0 
[2026-05-26 12:37:54.913] [debug] Core [1] : issued tile 2 
[2026-05-26 12:37:54.913] [debug] Core [1] : Memory unit idle cycle 500 Systolic bubble cycle 5592064 Core idle cycle 0 
[2026-05-26 12:37:54.913] [debug] Core [1] : PE Utilization(%) 0.54, Systolic Bubble(%) 68.26, Vector Unit Utilization(%) 0.00, Total cycle: 17000
[2026-05-26 12:37:54.913] [debug] Core [2] : MatMul active cycle 500 Vector active cycle 0 
[2026-05-26 12:37:54.913] [debug] Core [2] : issued tile 2 
[2026-05-26 12:37:54.913] [debug] Core [2] : Memory unit idle cycle 500 Systolic bubble cycle 5396992 Core idle cycle 0 
[2026-05-26 12:37:54.913] [debug] Core [2] : PE Utilization(%) 0.52, Systolic Bubble(%) 65.88, Vector Unit Utilization(%) 0.00, Total cycle: 17000
[2026-05-26 12:37:54.913] [debug] Core [3] : MatMul active cycle 500 Vector active cycle 0 
[2026-05-26 12:37:54.913] [debug] Core [3] : issued tile 1 
[2026-05-26 12:37:54.913] [debug] Core [3] : Memory unit idle cycle 500 Systolic bubble cycle 5494528 Core idle cycle 0 
[2026-05-26 12:37:54.913] [debug] Core [3] : PE Utilization(%) 0.53, Systolic Bubble(%) 67.07, Vector Unit Utilization(%) 0.00, Total cycle: 17000
[2026-05-26 12:37:54.913] [debug] Layer 68 Core 0 Finish Tile at 17005 Remain tile 6
[2026-05-26 12:37:54.914] [debug] Layer 68 Core 1 Finish Tile at 17044 Remain tile 5
[2026-05-26 12:37:54.914] [debug] Layer 68 Core 3 Finish Tile at 17050 Remain tile 4
[2026-05-26 12:37:54.914] [debug] Layer 68 Core 2 Finish Tile at 17056 Remain tile 3
[2026-05-26 12:37:54.914] [info] DRAM: Idle 92.60%
[2026-05-26 12:37:54.916] [debug] Layer 68 Core 1 Finish Tile at 17300 Remain tile 2
[2026-05-26 12:37:54.916] [debug] Layer 68 Core 2 Finish Tile at 17312 Remain tile 1
[2026-05-26 12:37:54.916] [info] Layer layer0.attn.QKVgen finish at 17312
[2026-05-26 12:37:54.916] [info] Total compute time 1568
[2026-05-26 12:37:54.916] [info] executable layer count 1
[2026-05-26 12:37:54.916] [info] Start layer layer0.attn.KVccat
[2026-05-26 12:37:54.916] [debug] Layer layer0.attn.KVccat Core 3 Get Tile at 17312
[2026-05-26 12:37:54.916] [debug] Layer 70 Core 3 Finish Tile at 17313 Remain tile 1
[2026-05-26 12:37:54.916] [info] Layer layer0.attn.KVccat finish at 17313
[2026-05-26 12:37:54.916] [info] Total compute time 1
[2026-05-26 12:37:54.916] [info] executable layer count 1
[2026-05-26 12:37:54.916] [info] Start layer layer0.attn.Attention.0
[2026-05-26 12:37:54.916] [debug] Layer layer0.attn.Attention.0 Core 3 Get Tile at 17313
[2026-05-26 12:37:54.916] [debug] Layer layer0.attn.Attention.0 Core 0 Get Tile at 17314
[2026-05-26 12:37:54.916] [debug] Layer layer0.attn.Attention.0 Core 1 Get Tile at 17314
[2026-05-26 12:37:54.916] [debug] Layer layer0.attn.Attention.0 Core 2 Get Tile at 17314
[2026-05-26 12:37:54.942] [info] DRAM: Idle 57.80%
[2026-05-26 12:37:54.943] [info] Core [0] : MatMul active cycle 3 Vector active cycle 0 
[2026-05-26 12:37:54.943] [info] Core [0] : issued tile 1 
[2026-05-26 12:37:54.943] [info] Core [0] : Memory unit idle cycle 468 Systolic bubble cycle 48768 Core idle cycle 277 
[2026-05-26 12:37:54.943] [info] Core [0] : PE Utilization(%) 0.00, Systolic Bubble(%) 0.60, Vector Unit Utilization(%) 0.00, Total cycle: 17500
[2026-05-26 12:37:54.943] [debug] Core [1] : MatMul active cycle 298 Vector active cycle 0 
[2026-05-26 12:37:54.943] [debug] Core [1] : issued tile 1 
[2026-05-26 12:37:54.943] [debug] Core [1] : Memory unit idle cycle 467 Systolic bubble cycle 4844288 Core idle cycle 0 
[2026-05-26 12:37:54.943] [debug] Core [1] : PE Utilization(%) 0.47, Systolic Bubble(%) 59.13, Vector Unit Utilization(%) 0.00, Total cycle: 17500
[2026-05-26 12:37:54.943] [debug] Core [2] : MatMul active cycle 310 Vector active cycle 0 
[2026-05-26 12:37:54.943] [debug] Core [2] : issued tile 1 
[2026-05-26 12:37:54.943] [debug] Core [2] : Memory unit idle cycle 467 Systolic bubble cycle 5057792 Core idle cycle 0 
[2026-05-26 12:37:54.943] [debug] Core [2] : PE Utilization(%) 0.26, Systolic Bubble(%) 61.74, Vector Unit Utilization(%) 0.00, Total cycle: 17500
[2026-05-26 12:37:54.943] [debug] Core [3] : MatMul active cycle 49 Vector active cycle 0 
[2026-05-26 12:37:54.943] [debug] Core [3] : issued tile 1 
[2026-05-26 12:37:54.943] [debug] Core [3] : Memory unit idle cycle 468 Systolic bubble cycle 780288 Core idle cycle 246 
[2026-05-26 12:37:54.943] [debug] Core [3] : PE Utilization(%) 0.08, Systolic Bubble(%) 9.52, Vector Unit Utilization(%) 0.00, Total cycle: 17500
[2026-05-26 12:37:54.946] [info] DRAM: Idle 92.20%
[2026-05-26 12:37:54.947] [info] Core [0] : MatMul active cycle 478 Vector active cycle 0 
[2026-05-26 12:37:54.947] [info] Core [0] : issued tile 1 
[2026-05-26 12:37:54.947] [info] Core [0] : Memory unit idle cycle 500 Systolic bubble cycle 3638691 Core idle cycle 0 
[2026-05-26 12:37:54.947] [info] Core [0] : PE Utilization(%) 0.18, Systolic Bubble(%) 44.42, Vector Unit Utilization(%) 0.00, Total cycle: 18000
[2026-05-26 12:37:54.947] [debug] Core [1] : MatMul active cycle 487 Vector active cycle 0 
[2026-05-26 12:37:54.947] [debug] Core [1] : issued tile 1 
[2026-05-26 12:37:54.947] [debug] Core [1] : Memory unit idle cycle 500 Systolic bubble cycle 3785544 Core idle cycle 0 
[2026-05-26 12:37:54.947] [debug] Core [1] : PE Utilization(%) 0.19, Systolic Bubble(%) 46.21, Vector Unit Utilization(%) 0.00, Total cycle: 18000
[2026-05-26 12:37:54.947] [debug] Core [2] : MatMul active cycle 472 Vector active cycle 0 
[2026-05-26 12:37:54.947] [debug] Core [2] : issued tile 1 
[2026-05-26 12:37:54.947] [debug] Core [2] : Memory unit idle cycle 500 Systolic bubble cycle 3540789 Core idle cycle 0 
[2026-05-26 12:37:54.947] [debug] Core [2] : PE Utilization(%) 0.18, Systolic Bubble(%) 43.22, Vector Unit Utilization(%) 0.00, Total cycle: 18000
[2026-05-26 12:37:54.947] [debug] Core [3] : MatMul active cycle 500 Vector active cycle 0 
[2026-05-26 12:37:54.947] [debug] Core [3] : issued tile 1 
[2026-05-26 12:37:54.947] [debug] Core [3] : Memory unit idle cycle 500 Systolic bubble cycle 4013982 Core idle cycle 0 
[2026-05-26 12:37:54.947] [debug] Core [3] : PE Utilization(%) 0.20, Systolic Bubble(%) 49.00, Vector Unit Utilization(%) 0.00, Total cycle: 18000
[2026-05-26 12:37:54.949] [info] DRAM: Idle 100.00%
[2026-05-26 12:37:54.950] [info] Core [0] : MatMul active cycle 485 Vector active cycle 16 
[2026-05-26 12:37:54.950] [info] Core [0] : issued tile 1 
[2026-05-26 12:37:54.950] [info] Core [0] : Memory unit idle cycle 500 Systolic bubble cycle 3754665 Core idle cycle 0 
[2026-05-26 12:37:54.950] [info] Core [0] : PE Utilization(%) 0.17, Systolic Bubble(%) 45.83, Vector Unit Utilization(%) 3.20, Total cycle: 18500
[2026-05-26 12:37:54.950] [debug] Core [1] : MatMul active cycle 485 Vector active cycle 16 
[2026-05-26 12:37:54.950] [debug] Core [1] : issued tile 1 
[2026-05-26 12:37:54.950] [debug] Core [1] : Memory unit idle cycle 500 Systolic bubble cycle 3754746 Core idle cycle 0 
[2026-05-26 12:37:54.950] [debug] Core [1] : PE Utilization(%) 0.17, Systolic Bubble(%) 45.83, Vector Unit Utilization(%) 3.20, Total cycle: 18500
[2026-05-26 12:37:54.950] [debug] Core [2] : MatMul active cycle 485 Vector active cycle 16 
[2026-05-26 12:37:54.950] [debug] Core [2] : issued tile 1 
[2026-05-26 12:37:54.950] [debug] Core [2] : Memory unit idle cycle 500 Systolic bubble cycle 3754611 Core idle cycle 0 
[2026-05-26 12:37:54.950] [debug] Core [2] : PE Utilization(%) 0.17, Systolic Bubble(%) 45.83, Vector Unit Utilization(%) 3.20, Total cycle: 18500
[2026-05-26 12:37:54.950] [debug] Core [3] : MatMul active cycle 485 Vector active cycle 16 
[2026-05-26 12:37:54.950] [debug] Core [3] : issued tile 1 
[2026-05-26 12:37:54.950] [debug] Core [3] : Memory unit idle cycle 500 Systolic bubble cycle 3754872 Core idle cycle 0 
[2026-05-26 12:37:54.950] [debug] Core [3] : PE Utilization(%) 0.16, Systolic Bubble(%) 45.84, Vector Unit Utilization(%) 3.20, Total cycle: 18500
[2026-05-26 12:37:54.950] [debug] Layer 74 Core 3 Finish Tile at 18544 Remain tile 4
[2026-05-26 12:37:54.951] [debug] Layer 74 Core 1 Finish Tile at 18558 Remain tile 3
[2026-05-26 12:37:54.951] [debug] Layer 74 Core 0 Finish Tile at 18567 Remain tile 2
[2026-05-26 12:37:54.951] [debug] Layer 74 Core 2 Finish Tile at 18573 Remain tile 1
[2026-05-26 12:37:54.951] [info] Layer layer0.attn.Attention.0 finish at 18573
[2026-05-26 12:37:54.951] [info] Total compute time 1260
[2026-05-26 12:37:54.951] [info] executable layer count 1
[2026-05-26 12:37:54.951] [info] Start layer layer0.attn.Atccat
[2026-05-26 12:37:54.951] [debug] Layer layer0.attn.Atccat Core 0 Get Tile at 18574
[2026-05-26 12:37:54.951] [debug] Layer 76 Core 0 Finish Tile at 18575 Remain tile 1
[2026-05-26 12:37:54.951] [info] Layer layer0.attn.Atccat finish at 18575
[2026-05-26 12:37:54.951] [info] Total compute time 2
[2026-05-26 12:37:54.951] [info] executable layer count 1
[2026-05-26 12:37:54.951] [info] Start layer layer0.attn.proj
[2026-05-26 12:37:54.951] [debug] Layer layer0.attn.proj Core 1 Get Tile at 18575
[2026-05-26 12:37:54.951] [debug] Layer layer0.attn.proj Core 2 Get Tile at 18575
[2026-05-26 12:37:54.975] [info] DRAM: Idle 60.80%
[2026-05-26 12:37:54.989] [info] Core [0] : MatMul active cycle 63 Vector active cycle 2 
[2026-05-26 12:37:54.989] [info] Core [0] : issued tile 0 
[2026-05-26 12:37:54.989] [info] Core [0] : Memory unit idle cycle 499 Systolic bubble cycle 1028538 Core idle cycle 416 
[2026-05-26 12:37:54.989] [info] Core [0] : PE Utilization(%) 0.04, Systolic Bubble(%) 12.56, Vector Unit Utilization(%) 0.40, Total cycle: 19000
[2026-05-26 12:37:54.989] [debug] Core [1] : MatMul active cycle 185 Vector active cycle 2 
[2026-05-26 12:37:54.989] [debug] Core [1] : issued tile 1 
[2026-05-26 12:37:54.989] [debug] Core [1] : Memory unit idle cycle 381 Systolic bubble cycle 881604 Core idle cycle 0 
[2026-05-26 12:37:54.989] [debug] Core [1] : PE Utilization(%) 0.04, Systolic Bubble(%) 10.76, Vector Unit Utilization(%) 0.40, Total cycle: 19000
[2026-05-26 12:37:54.989] [debug] Core [2] : MatMul active cycle 202 Vector active cycle 2 
[2026-05-26 12:37:54.989] [debug] Core [2] : issued tile 1 
[2026-05-26 12:37:54.989] [debug] Core [2] : Memory unit idle cycle 402 Systolic bubble cycle 1126494 Core idle cycle 0 
[2026-05-26 12:37:54.989] [debug] Core [2] : PE Utilization(%) 0.05, Systolic Bubble(%) 13.75, Vector Unit Utilization(%) 0.40, Total cycle: 19000
[2026-05-26 12:37:54.989] [debug] Core [3] : MatMul active cycle 40 Vector active cycle 2 
[2026-05-26 12:37:54.989] [debug] Core [3] : issued tile 0 
[2026-05-26 12:37:54.989] [debug] Core [3] : Memory unit idle cycle 499 Systolic bubble cycle 653040 Core idle cycle 439 
[2026-05-26 12:37:54.989] [debug] Core [3] : PE Utilization(%) 0.03, Systolic Bubble(%) 7.97, Vector Unit Utilization(%) 0.40, Total cycle: 19000
[2026-05-26 12:37:54.990] [info] DRAM: Idle 72.00%
[2026-05-26 12:37:54.992] [info] Core [0] : MatMul active cycle 0 Vector active cycle 0 
[2026-05-26 12:37:54.992] [info] Core [0] : issued tile 0 
[2026-05-26 12:37:54.992] [info] Core [0] : Memory unit idle cycle 500 Systolic bubble cycle 0 Core idle cycle 500 
[2026-05-26 12:37:54.992] [info] Core [0] : PE Utilization(%) 0.00, Systolic Bubble(%) 0.00, Vector Unit Utilization(%) 0.00, Total cycle: 19500
[2026-05-26 12:37:54.992] [debug] Core [1] : MatMul active cycle 500 Vector active cycle 0 
[2026-05-26 12:37:54.992] [debug] Core [1] : issued tile 1 
[2026-05-26 12:37:54.992] [debug] Core [1] : Memory unit idle cycle 500 Systolic bubble cycle 6112256 Core idle cycle 0 
[2026-05-26 12:37:54.992] [debug] Core [1] : PE Utilization(%) 0.59, Systolic Bubble(%) 74.61, Vector Unit Utilization(%) 0.00, Total cycle: 19500
[2026-05-26 12:37:54.992] [debug] Core [2] : MatMul active cycle 500 Vector active cycle 0 
[2026-05-26 12:37:54.992] [debug] Core [2] : issued tile 1 
[2026-05-26 12:37:54.992] [debug] Core [2] : Memory unit idle cycle 500 Systolic bubble cycle 6153840 Core idle cycle 0 
[2026-05-26 12:37:54.992] [debug] Core [2] : PE Utilization(%) 0.48, Systolic Bubble(%) 75.12, Vector Unit Utilization(%) 0.00, Total cycle: 19500
[2026-05-26 12:37:54.992] [debug] Core [3] : MatMul active cycle 0 Vector active cycle 0 
[2026-05-26 12:37:54.992] [debug] Core [3] : issued tile 0 
[2026-05-26 12:37:54.992] [debug] Core [3] : Memory unit idle cycle 500 Systolic bubble cycle 0 Core idle cycle 500 
[2026-05-26 12:37:54.992] [debug] Core [3] : PE Utilization(%) 0.00, Systolic Bubble(%) 0.00, Vector Unit Utilization(%) 0.00, Total cycle: 19500
[2026-05-26 12:37:54.992] [debug] Layer 78 Core 2 Finish Tile at 19510 Remain tile 2
[2026-05-26 12:37:54.992] [debug] Layer 78 Core 1 Finish Tile at 19512 Remain tile 1
[2026-05-26 12:37:54.992] [info] Layer layer0.attn.proj finish at 19512
[2026-05-26 12:37:54.992] [info] Total compute time 937
[2026-05-26 12:37:54.992] [info] executable layer count 1
[2026-05-26 12:37:54.992] [info] Start layer layer0.attn.ln
[2026-05-26 12:37:54.992] [debug] Layer layer0.attn.ln Core 1 Get Tile at 19512
[2026-05-26 12:37:54.993] [debug] Layer 80 Core 1 Finish Tile at 19561 Remain tile 1
[2026-05-26 12:37:54.993] [info] Layer layer0.attn.ln finish at 19561
[2026-05-26 12:37:54.993] [info] Total compute time 49
[2026-05-26 12:37:54.993] [info] executable layer count 1
[2026-05-26 12:37:54.993] [info] Start layer layer0.ffn.fc1
[2026-05-26 12:37:54.993] [debug] Layer layer0.ffn.fc1 Core 1 Get Tile at 19561
[2026-05-26 12:37:54.993] [debug] Layer layer0.ffn.fc1 Core 2 Get Tile at 19561
[2026-05-26 12:37:54.993] [debug] Layer layer0.ffn.fc1 Core 3 Get Tile at 19561
[2026-05-26 12:37:54.993] [debug] Layer layer0.ffn.fc1 Core 0 Get Tile at 19562
[2026-05-26 12:37:54.996] [info] DRAM: Idle 92.40%
[2026-05-26 12:37:55.092] [info] DRAM: Idle 0.00%
[2026-05-26 12:37:55.094] [info] Core [0] : MatMul active cycle 0 Vector active cycle 0 
[2026-05-26 12:37:55.094] [info] Core [0] : issued tile 1 
[2026-05-26 12:37:55.094] [info] Core [0] : Memory unit idle cycle 383 Systolic bubble cycle 0 Core idle cycle 62 
[2026-05-26 12:37:55.094] [info] Core [0] : PE Utilization(%) 0.00, Systolic Bubble(%) 0.00, Vector Unit Utilization(%) 0.00, Total cycle: 20000
[2026-05-26 12:37:55.094] [debug] Core [1] : MatMul active cycle 10 Vector active cycle 12 
[2026-05-26 12:37:55.094] [debug] Core [1] : issued tile 1 
[2026-05-26 12:37:55.094] [debug] Core [1] : Memory unit idle cycle 379 Systolic bubble cycle 162560 Core idle cycle 0 
[2026-05-26 12:37:55.094] [debug] Core [1] : PE Utilization(%) 0.02, Systolic Bubble(%) 1.98, Vector Unit Utilization(%) 2.40, Total cycle: 20000
[2026-05-26 12:37:55.094] [debug] Core [2] : MatMul active cycle 8 Vector active cycle 0 
[2026-05-26 12:37:55.094] [debug] Core [2] : issued tile 1 
[2026-05-26 12:37:55.094] [debug] Core [2] : Memory unit idle cycle 382 Systolic bubble cycle 130240 Core idle cycle 11 
[2026-05-26 12:37:55.094] [debug] Core [2] : PE Utilization(%) 0.01, Systolic Bubble(%) 1.59, Vector Unit Utilization(%) 0.00, Total cycle: 20000
[2026-05-26 12:37:55.094] [debug] Core [3] : MatMul active cycle 0 Vector active cycle 0 
[2026-05-26 12:37:55.094] [debug] Core [3] : issued tile 1 
[2026-05-26 12:37:55.094] [debug] Core [3] : Memory unit idle cycle 383 Systolic bubble cycle 0 Core idle cycle 61 
[2026-05-26 12:37:55.094] [debug] Core [3] : PE Utilization(%) 0.00, Systolic Bubble(%) 0.00, Vector Unit Utilization(%) 0.00, Total cycle: 20000
[2026-05-26 12:37:55.108] [info] DRAM: Idle 73.00%
[2026-05-26 12:37:55.109] [info] Core [0] : MatMul active cycle 387 Vector active cycle 0 
[2026-05-26 12:37:55.109] [info] Core [0] : issued tile 1 
[2026-05-26 12:37:55.109] [info] Core [0] : Memory unit idle cycle 500 Systolic bubble cycle 2145792 Core idle cycle 0 
[2026-05-26 12:37:55.109] [info] Core [0] : PE Utilization(%) 0.21, Systolic Bubble(%) 26.19, Vector Unit Utilization(%) 0.00, Total cycle: 20500
[2026-05-26 12:37:55.109] [debug] Core [1] : MatMul active cycle 392 Vector active cycle 0 
[2026-05-26 12:37:55.109] [debug] Core [1] : issued tile 1 
[2026-05-26 12:37:55.109] [debug] Core [1] : Memory unit idle cycle 500 Systolic bubble cycle 2227072 Core idle cycle 0 
[2026-05-26 12:37:55.109] [debug] Core [1] : PE Utilization(%) 0.21, Systolic Bubble(%) 27.19, Vector Unit Utilization(%) 0.00, Total cycle: 20500
[2026-05-26 12:37:55.109] [debug] Core [2] : MatMul active cycle 386 Vector active cycle 0 
[2026-05-26 12:37:55.109] [debug] Core [2] : issued tile 1 
[2026-05-26 12:37:55.109] [debug] Core [2] : Memory unit idle cycle 500 Systolic bubble cycle 2129536 Core idle cycle 0 
[2026-05-26 12:37:55.109] [debug] Core [2] : PE Utilization(%) 0.20, Systolic Bubble(%) 26.00, Vector Unit Utilization(%) 0.00, Total cycle: 20500
[2026-05-26 12:37:55.109] [debug] Core [3] : MatMul active cycle 394 Vector active cycle 0 
[2026-05-26 12:37:55.109] [debug] Core [3] : issued tile 1 
[2026-05-26 12:37:55.109] [debug] Core [3] : Memory unit idle cycle 500 Systolic bubble cycle 2259584 Core idle cycle 0 
[2026-05-26 12:37:55.109] [debug] Core [3] : PE Utilization(%) 0.22, Systolic Bubble(%) 27.58, Vector Unit Utilization(%) 0.00, Total cycle: 20500
[2026-05-26 12:37:55.110] [debug] Layer 82 Core 3 Finish Tile at 20749 Remain tile 4
[2026-05-26 12:37:55.110] [debug] Layer 82 Core 1 Finish Tile at 20751 Remain tile 3
[2026-05-26 12:37:55.111] [debug] Layer 82 Core 0 Finish Tile at 20756 Remain tile 2
[2026-05-26 12:37:55.111] [debug] Layer 82 Core 2 Finish Tile at 20757 Remain tile 1
[2026-05-26 12:37:55.111] [info] Layer layer0.ffn.fc1 finish at 20757
[2026-05-26 12:37:55.111] [info] Total compute time 1196
[2026-05-26 12:37:55.111] [info] executable layer count 1
[2026-05-26 12:37:55.111] [info] Start layer layer0.ffn.act
[2026-05-26 12:37:55.111] [debug] Layer layer0.ffn.act Core 2 Get Tile at 20757
[2026-05-26 12:37:55.112] [debug] Layer 84 Core 2 Finish Tile at 20801 Remain tile 1
[2026-05-26 12:37:55.112] [info] Layer layer0.ffn.act finish at 20801
[2026-05-26 12:37:55.112] [info] Total compute time 44
[2026-05-26 12:37:55.112] [info] executable layer count 1
[2026-05-26 12:37:55.112] [info] Start layer layer0.ffn.fc2
[2026-05-26 12:37:55.112] [debug] Layer layer0.ffn.fc2 Core 2 Get Tile at 20801
[2026-05-26 12:37:55.112] [debug] Layer layer0.ffn.fc2 Core 1 Get Tile at 20802
[2026-05-26 12:37:55.114] [info] DRAM: Idle 90.00%
[2026-05-26 12:37:55.140] [info] Core [0] : MatMul active cycle 254 Vector active cycle 0 
[2026-05-26 12:37:55.141] [info] Core [0] : issued tile 0 
[2026-05-26 12:37:55.141] [info] Core [0] : Memory unit idle cycle 499 Systolic bubble cycle 4129024 Core idle cycle 212 
[2026-05-26 12:37:55.141] [info] Core [0] : PE Utilization(%) 0.40, Systolic Bubble(%) 50.40, Vector Unit Utilization(%) 0.00, Total cycle: 21000
[2026-05-26 12:37:55.141] [debug] Core [1] : MatMul active cycle 249 Vector active cycle 0 
[2026-05-26 12:37:55.141] [debug] Core [1] : issued tile 1 
[2026-05-26 12:37:55.141] [debug] Core [1] : Memory unit idle cycle 302 Systolic bubble cycle 4047744 Core idle cycle 34 
[2026-05-26 12:37:55.141] [debug] Core [1] : PE Utilization(%) 0.39, Systolic Bubble(%) 49.41, Vector Unit Utilization(%) 0.00, Total cycle: 21000
[2026-05-26 12:37:55.141] [debug] Core [2] : MatMul active cycle 255 Vector active cycle 4 
[2026-05-26 12:37:55.141] [debug] Core [2] : issued tile 1 
[2026-05-26 12:37:55.141] [debug] Core [2] : Memory unit idle cycle 295 Systolic bubble cycle 4145280 Core idle cycle 0 
[2026-05-26 12:37:55.141] [debug] Core [2] : PE Utilization(%) 0.40, Systolic Bubble(%) 50.60, Vector Unit Utilization(%) 0.80, Total cycle: 21000
[2026-05-26 12:37:55.141] [debug] Core [3] : MatMul active cycle 247 Vector active cycle 0 
[2026-05-26 12:37:55.141] [debug] Core [3] : issued tile 0 
[2026-05-26 12:37:55.141] [debug] Core [3] : Memory unit idle cycle 499 Systolic bubble cycle 4015232 Core idle cycle 234 
[2026-05-26 12:37:55.141] [debug] Core [3] : PE Utilization(%) 0.39, Systolic Bubble(%) 49.01, Vector Unit Utilization(%) 0.00, Total cycle: 21000
[2026-05-26 12:37:55.174] [info] DRAM: Idle 0.00%
[2026-05-26 12:37:55.190] [info] Core [0] : MatMul active cycle 0 Vector active cycle 0 
[2026-05-26 12:37:55.190] [info] Core [0] : issued tile 0 
[2026-05-26 12:37:55.190] [info] Core [0] : Memory unit idle cycle 500 Systolic bubble cycle 0 Core idle cycle 500 
[2026-05-26 12:37:55.190] [info] Core [0] : PE Utilization(%) 0.00, Systolic Bubble(%) 0.00, Vector Unit Utilization(%) 0.00, Total cycle: 21500
[2026-05-26 12:37:55.191] [debug] Core [1] : MatMul active cycle 71 Vector active cycle 0 
[2026-05-26 12:37:55.191] [debug] Core [1] : issued tile 1 
[2026-05-26 12:37:55.191] [debug] Core [1] : Memory unit idle cycle 438 Systolic bubble cycle 0 Core idle cycle 0 
[2026-05-26 12:37:55.191] [debug] Core [1] : PE Utilization(%) 0.00, Systolic Bubble(%) 0.00, Vector Unit Utilization(%) 0.00, Total cycle: 21500
[2026-05-26 12:37:55.191] [debug] Core [2] : MatMul active cycle 100 Vector active cycle 0 
[2026-05-26 12:37:55.191] [debug] Core [2] : issued tile 1 
[2026-05-26 12:37:55.191] [debug] Core [2] : Memory unit idle cycle 487 Systolic bubble cycle 0 Core idle cycle 0 
[2026-05-26 12:37:55.191] [debug] Core [2] : PE Utilization(%) 0.00, Systolic Bubble(%) 0.00, Vector Unit Utilization(%) 0.00, Total cycle: 21500
[2026-05-26 12:37:55.191] [debug] Core [3] : MatMul active cycle 0 Vector active cycle 0 
[2026-05-26 12:37:55.191] [debug] Core [3] : issued tile 0 
[2026-05-26 12:37:55.191] [debug] Core [3] : Memory unit idle cycle 500 Systolic bubble cycle 0 Core idle cycle 500 
[2026-05-26 12:37:55.191] [debug] Core [3] : PE Utilization(%) 0.00, Systolic Bubble(%) 0.00, Vector Unit Utilization(%) 0.00, Total cycle: 21500
[2026-05-26 12:37:55.192] [info] DRAM: Idle 57.20%
[2026-05-26 12:37:55.194] [info] Core [0] : MatMul active cycle 0 Vector active cycle 0 
[2026-05-26 12:37:55.194] [info] Core [0] : issued tile 0 
[2026-05-26 12:37:55.194] [info] Core [0] : Memory unit idle cycle 500 Systolic bubble cycle 0 Core idle cycle 500 
[2026-05-26 12:37:55.194] [info] Core [0] : PE Utilization(%) 0.00, Systolic Bubble(%) 0.00, Vector Unit Utilization(%) 0.00, Total cycle: 22000
[2026-05-26 12:37:55.194] [debug] Core [1] : MatMul active cycle 500 Vector active cycle 0 
[2026-05-26 12:37:55.194] [debug] Core [1] : issued tile 1 
[2026-05-26 12:37:55.194] [debug] Core [1] : Memory unit idle cycle 500 Systolic bubble cycle 5136896 Core idle cycle 0 
[2026-05-26 12:37:55.194] [debug] Core [1] : PE Utilization(%) 0.49, Systolic Bubble(%) 62.71, Vector Unit Utilization(%) 0.00, Total cycle: 22000
[2026-05-26 12:37:55.194] [debug] Core [2] : MatMul active cycle 500 Vector active cycle 0 
[2026-05-26 12:37:55.194] [debug] Core [2] : issued tile 1 
[2026-05-26 12:37:55.194] [debug] Core [2] : Memory unit idle cycle 500 Systolic bubble cycle 5616600 Core idle cycle 0 
[2026-05-26 12:37:55.194] [debug] Core [2] : PE Utilization(%) 0.44, Systolic Bubble(%) 68.56, Vector Unit Utilization(%) 0.00, Total cycle: 22000
[2026-05-26 12:37:55.194] [debug] Core [3] : MatMul active cycle 0 Vector active cycle 0 
[2026-05-26 12:37:55.194] [debug] Core [3] : issued tile 0 
[2026-05-26 12:37:55.194] [debug] Core [3] : Memory unit idle cycle 500 Systolic bubble cycle 0 Core idle cycle 500 
[2026-05-26 12:37:55.194] [debug] Core [3] : PE Utilization(%) 0.00, Systolic Bubble(%) 0.00, Vector Unit Utilization(%) 0.00, Total cycle: 22000
[2026-05-26 12:37:55.194] [info] DRAM: Idle 100.00%
[2026-05-26 12:37:55.196] [debug] Layer 86 Core 2 Finish Tile at 22299 Remain tile 2
[2026-05-26 12:37:55.196] [debug] Layer 86 Core 1 Finish Tile at 22328 Remain tile 1
[2026-05-26 12:37:55.196] [info] Layer layer0.ffn.fc2 finish at 22328
[2026-05-26 12:37:55.196] [info] Total compute time 1527
[2026-05-26 12:37:55.196] [info] executable layer count 1
[2026-05-26 12:37:55.196] [info] Start layer layer0.ffn.ln
[2026-05-26 12:37:55.196] [debug] Layer layer0.ffn.ln Core 3 Get Tile at 22328
[2026-05-26 12:37:55.197] [debug] Layer 88 Core 3 Finish Tile at 22372 Remain tile 1
[2026-05-26 12:37:55.197] [info] Layer layer0.ffn.ln finish at 22372
[2026-05-26 12:37:55.197] [info] Total compute time 44
[2026-05-26 12:37:55.197] [info] Model[tiny_transformer] Request: 15 us, Start: 15 us, finish:22 us, Current Cycle:22372
[2026-05-26 12:37:55.197] [info] No total_seq_len!
[2026-05-26 12:37:55.197] [info] Total Memory Usage: 0.01 GB
[2026-05-26 12:37:55.197] [info] Weight Memory Usage: 0.01 GB
[2026-05-26 12:37:55.197] [info] KV Memory Usage: 0.00 GB
[2026-05-26 12:37:55.197] [info] Activation Memory Usage: 0.00 GB
[2026-05-26 12:37:55.197] [debug] [Gemm] input_shape: [1, 232]
[2026-05-26 12:37:55.197] [debug] [Gemm] output_shape : [1, 696]
[2026-05-26 12:37:55.197] [info] [GEMM] spad_size: 33554432 accum_size: 4194304
[2026-05-26 12:37:55.197] [info] [GEMM] required_sram_size: 131072 required_accum_size: 32768
[2026-05-26 12:37:55.197] [info] [GEMM] Used mapping: Total N:1 C:232 M:696 | Outer N:1 C:1 M:6 | Inner N:128 C:256 M:128
[2026-05-26 12:37:55.198] [info] [GemmWs] Keys K = 232, N = 1, M = 696
[2026-05-26 12:37:55.198] [info] [GemmWS]: total 0.00032364 GFLOPs, 0.000326192 GB
[2026-05-26 12:37:55.198] [info] [GemmWS]: Theoretical time(ms): 0.0005312573421178968 Compute time: 2.469177307062864e-06 Memory time: 0.0005312573421178968
[2026-05-26 12:37:55.198] [debug] [KVCacheConcat] input_token_lengths: [1]
[2026-05-26 12:37:55.198] [debug] [KVCacheConcat] number of tiles: 1
[2026-05-26 12:37:55.198] [info] [Attention] total_spad_size_per_head: 15892 B
[2026-05-26 12:37:55.198] [info] [Attention] total_acc_size_per_head: 136 B
[2026-05-26 12:37:55.198] [info] [Attention] q_len: 1, seq_len: 68, dk: 58, heads per tile 1
[2026-05-26 12:37:55.198] [info] [Attention] Spad size 16777216
[2026-05-26 12:37:55.198] [info] [Attention] Accum spad size 2097152
[2026-05-26 12:37:55.198] [info] Mapping info Total Loop: N4 C58 M68 S1 R1 Q1 P1 Tile Out Loop: N4 C1 M1 S1 R1 Q1 P1 Tile In Loop: N1 C58 M68 S1 R1 Q1 P1
[2026-05-26 12:37:55.199] [info] [Attention] QK 3.1552e-05 GFLOPs
[2026-05-26 12:37:55.199] [info] [Attention] total 6.5824e-05 GFLOPs, 6.4032e-05 GB
[2026-05-26 12:37:55.199] [info] [Attention] Theoretical time(ms): 0.00010428664 Compute time: 8.134766e-07 Memory time: 0.00010428664
[2026-05-26 12:37:55.199] [info] [Attention] QK compute 0.0000ms Softmax compute 0.0000ms SV compute 0.0000ms
[2026-05-26 12:37:55.199] [debug] [Gemm] input_shape: [1, 232]
[2026-05-26 12:37:55.199] [debug] [Gemm] output_shape : [1, 232]
[2026-05-26 12:37:55.199] [info] [GEMM] spad_size: 33554432 accum_size: 4194304
[2026-05-26 12:37:55.199] [info] [GEMM] required_sram_size: 131072 required_accum_size: 32768
[2026-05-26 12:37:55.199] [info] [GEMM] Used mapping: Total N:1 C:232 M:232 | Outer N:1 C:1 M:2 | Inner N:128 C:256 M:128
[2026-05-26 12:37:55.199] [info] [GemmWs] Keys K = 232, N = 1, M = 232
[2026-05-26 12:37:55.199] [info] [GemmWS]: total 0.00010787999 GFLOPs, 0.000109040004 GB
[2026-05-26 12:37:55.199] [info] [GemmWS]: Theoretical time(ms): 0.00017758958392732893 Compute time: 8.230590098357027e-07 Memory time: 0.00017758958392732893
[2026-05-26 12:37:55.199] [info] [SkipLayerNorm] tokens_per_tile: 1
[2026-05-26 12:37:55.199] [debug] [Gemm] input_shape: [1, 232]
[2026-05-26 12:37:55.199] [debug] [Gemm] output_shape : [1, 512]
[2026-05-26 12:37:55.199] [info] [GEMM] spad_size: 33554432 accum_size: 4194304
[2026-05-26 12:37:55.199] [info] [GEMM] required_sram_size: 131072 required_accum_size: 32768
[2026-05-26 12:37:55.199] [info] [GEMM] Used mapping: Total N:1 C:232 M:512 | Outer N:1 C:1 M:4 | Inner N:128 C:256 M:128
[2026-05-26 12:37:55.200] [info] [GemmWs] Keys K = 232, N = 1, M = 512
[2026-05-26 12:37:55.200] [info] [GemmWS]: total 0.000237568 GFLOPs, 0.000239056 GB
[2026-05-26 12:37:55.200] [info] [GemmWS]: Theoretical time(ms): 0.0003893420057465846 Compute time: 1.81250003894462e-06 Memory time: 0.0003893420057465846
[2026-05-26 12:37:55.200] [info] [BiasAct] tokens_per_tile: 1
[2026-05-26 12:37:55.200] [debug] [Gemm] input_shape: [1, 512]
[2026-05-26 12:37:55.200] [debug] [Gemm] output_shape : [1, 232]
[2026-05-26 12:37:55.200] [info] [GEMM] spad_size: 33554432 accum_size: 4194304
[2026-05-26 12:37:55.200] [info] [GEMM] required_sram_size: 262144 required_accum_size: 32768
[2026-05-26 12:37:55.200] [info] [GEMM] Used mapping: Total N:1 C:512 M:232 | Outer N:1 C:1 M:2 | Inner N:128 C:512 M:128
[2026-05-26 12:37:55.201] [info] [GemmWs] Keys K = 512, N = 1, M = 232
[2026-05-26 12:37:55.201] [info] [GemmWS]: total 0.00023779999 GFLOPs, 0.00023952 GB
[2026-05-26 12:37:55.201] [info] [GemmWS]: Theoretical time(ms): 0.00039009771057862963 Compute time: 1.8142699564904774e-06 Memory time: 0.00039009771057862963
[2026-05-26 12:37:55.201] [info] [SkipLayerNorm] tokens_per_tile: 1
[2026-05-26 12:37:55.201] [debug] runnable op, 
[2026-05-26 12:37:55.201] [info]  Model initialization time: 0.004653 seconds
[2026-05-26 12:37:55.201] [info] Schedule model: tiny_transformer at 22374000 us
[2026-05-26 12:37:55.201] [info] MODEL tiny_transformer Scheduled, Total Request: 1
[2026-05-26 12:37:55.201] [info] executable layer count 1
[2026-05-26 12:37:55.201] [info] Start layer layer0.attn.QKVgen
[2026-05-26 12:37:55.201] [debug] Layer layer0.attn.QKVgen Core 0 Get Tile at 22373
[2026-05-26 12:37:55.201] [debug] Layer layer0.attn.QKVgen Core 1 Get Tile at 22373
[2026-05-26 12:37:55.201] [debug] Layer layer0.attn.QKVgen Core 2 Get Tile at 22373
[2026-05-26 12:37:55.201] [debug] Layer layer0.attn.QKVgen Core 3 Get Tile at 22373
[2026-05-26 12:37:55.201] [debug] Layer layer0.attn.QKVgen Core 0 Get Tile at 22374
[2026-05-26 12:37:55.201] [debug] Layer layer0.attn.QKVgen Core 3 Get Tile at 22374
[2026-05-26 12:37:55.227] [info] DRAM: Idle 65.40%
[2026-05-26 12:37:55.229] [info] Core [0] : MatMul active cycle 0 Vector active cycle 0 
[2026-05-26 12:37:55.229] [info] Core [0] : issued tile 2 
[2026-05-26 12:37:55.229] [info] Core [0] : Memory unit idle cycle 374 Systolic bubble cycle 0 Core idle cycle 373 
[2026-05-26 12:37:55.229] [info] Core [0] : PE Utilization(%) 0.00, Systolic Bubble(%) 0.00, Vector Unit Utilization(%) 0.00, Total cycle: 22500
[2026-05-26 12:37:55.229] [debug] Core [1] : MatMul active cycle 326 Vector active cycle 0 
[2026-05-26 12:37:55.229] [debug] Core [1] : issued tile 1 
[2026-05-26 12:37:55.229] [debug] Core [1] : Memory unit idle cycle 381 Systolic bubble cycle 5299456 Core idle cycle 28 
[2026-05-26 12:37:55.229] [debug] Core [1] : PE Utilization(%) 0.51, Systolic Bubble(%) 64.69, Vector Unit Utilization(%) 0.00, Total cycle: 22500
[2026-05-26 12:37:55.229] [debug] Core [2] : MatMul active cycle 297 Vector active cycle 0 
[2026-05-26 12:37:55.229] [debug] Core [2] : issued tile 1 
[2026-05-26 12:37:55.229] [debug] Core [2] : Memory unit idle cycle 381 Systolic bubble cycle 4835160 Core idle cycle 42 
[2026-05-26 12:37:55.229] [debug] Core [2] : PE Utilization(%) 0.38, Systolic Bubble(%) 59.02, Vector Unit Utilization(%) 0.00, Total cycle: 22500
[2026-05-26 12:37:55.229] [debug] Core [3] : MatMul active cycle 0 Vector active cycle 12 
[2026-05-26 12:37:55.229] [debug] Core [3] : issued tile 2 
[2026-05-26 12:37:55.229] [debug] Core [3] : Memory unit idle cycle 371 Systolic bubble cycle 0 Core idle cycle 328 
[2026-05-26 12:37:55.229] [debug] Core [3] : PE Utilization(%) 0.00, Systolic Bubble(%) 0.00, Vector Unit Utilization(%) 2.40, Total cycle: 22500
[2026-05-26 12:37:55.316] [info] DRAM: Idle 0.00%
[2026-05-26 12:37:55.328] [info] Core [0] : MatMul active cycle 0 Vector active cycle 0 
[2026-05-26 12:37:55.328] [info] Core [0] : issued tile 2 
[2026-05-26 12:37:55.328] [info] Core [0] : Memory unit idle cycle 456 Systolic bubble cycle 0 Core idle cycle 0 
[2026-05-26 12:37:55.328] [info] Core [0] : PE Utilization(%) 0.00, Systolic Bubble(%) 0.00, Vector Unit Utilization(%) 0.00, Total cycle: 23000
[2026-05-26 12:37:55.328] [debug] Core [1] : MatMul active cycle 24 Vector active cycle 0 
[2026-05-26 12:37:55.328] [debug] Core [1] : issued tile 1 
[2026-05-26 12:37:55.328] [debug] Core [1] : Memory unit idle cycle 500 Systolic bubble cycle 0 Core idle cycle 0 
[2026-05-26 12:37:55.328] [debug] Core [1] : PE Utilization(%) 0.00, Systolic Bubble(%) 0.00, Vector Unit Utilization(%) 0.00, Total cycle: 23000
[2026-05-26 12:37:55.328] [debug] Core [2] : MatMul active cycle 32 Vector active cycle 0 
[2026-05-26 12:37:55.328] [debug] Core [2] : issued tile 1 
[2026-05-26 12:37:55.328] [debug] Core [2] : Memory unit idle cycle 500 Systolic bubble cycle 0 Core idle cycle 0 
[2026-05-26 12:37:55.328] [debug] Core [2] : PE Utilization(%) 0.00, Systolic Bubble(%) 0.00, Vector Unit Utilization(%) 0.00, Total cycle: 23000
[2026-05-26 12:37:55.328] [debug] Core [3] : MatMul active cycle 10 Vector active cycle 0 
[2026-05-26 12:37:55.328] [debug] Core [3] : issued tile 2 
[2026-05-26 12:37:55.328] [debug] Core [3] : Memory unit idle cycle 390 Systolic bubble cycle 0 Core idle cycle 0 
[2026-05-26 12:37:55.328] [debug] Core [3] : PE Utilization(%) 0.00, Systolic Bubble(%) 0.00, Vector Unit Utilization(%) 0.00, Total cycle: 23000
[2026-05-26 12:37:55.340] [info] DRAM: Idle 47.20%
[2026-05-26 12:37:55.341] [info] Core [0] : MatMul active cycle 497 Vector active cycle 0 
[2026-05-26 12:37:55.341] [info] Core [0] : issued tile 2 
[2026-05-26 12:37:55.341] [info] Core [0] : Memory unit idle cycle 500 Systolic bubble cycle 3933952 Core idle cycle 0 
[2026-05-26 12:37:55.341] [info] Core [0] : PE Utilization(%) 0.38, Systolic Bubble(%) 48.02, Vector Unit Utilization(%) 0.00, Total cycle: 23500
[2026-05-26 12:37:55.341] [debug] Core [1] : MatMul active cycle 500 Vector active cycle 0 
[2026-05-26 12:37:55.341] [debug] Core [1] : issued tile 1 
[2026-05-26 12:37:55.341] [debug] Core [1] : Memory unit idle cycle 500 Systolic bubble cycle 4372864 Core idle cycle 0 
[2026-05-26 12:37:55.341] [debug] Core [1] : PE Utilization(%) 0.42, Systolic Bubble(%) 53.38, Vector Unit Utilization(%) 0.00, Total cycle: 23500
[2026-05-26 12:37:55.341] [debug] Core [2] : MatMul active cycle 500 Vector active cycle 0 
[2026-05-26 12:37:55.341] [debug] Core [2] : issued tile 1 
[2026-05-26 12:37:55.341] [debug] Core [2] : Memory unit idle cycle 500 Systolic bubble cycle 4502912 Core idle cycle 0 
[2026-05-26 12:37:55.341] [debug] Core [2] : PE Utilization(%) 0.43, Systolic Bubble(%) 54.97, Vector Unit Utilization(%) 0.00, Total cycle: 23500
[2026-05-26 12:37:55.341] [debug] Core [3] : MatMul active cycle 500 Vector active cycle 0 
[2026-05-26 12:37:55.341] [debug] Core [3] : issued tile 2 
[2026-05-26 12:37:55.341] [debug] Core [3] : Memory unit idle cycle 500 Systolic bubble cycle 4145280 Core idle cycle 0 
[2026-05-26 12:37:55.341] [debug] Core [3] : PE Utilization(%) 0.40, Systolic Bubble(%) 50.60, Vector Unit Utilization(%) 0.00, Total cycle: 23500
[2026-05-26 12:37:55.342] [debug] Layer 93 Core 2 Finish Tile at 23611 Remain tile 6
[2026-05-26 12:37:55.342] [debug] Layer 93 Core 1 Finish Tile at 23619 Remain tile 5
[2026-05-26 12:37:55.342] [debug] Layer 93 Core 3 Finish Tile at 23633 Remain tile 4
[2026-05-26 12:37:55.342] [debug] Layer 93 Core 0 Finish Tile at 23646 Remain tile 3
[2026-05-26 12:37:55.343] [info] DRAM: Idle 95.20%
[2026-05-26 12:37:55.344] [debug] Layer 93 Core 3 Finish Tile at 23889 Remain tile 2
[2026-05-26 12:37:55.344] [debug] Layer 93 Core 0 Finish Tile at 23902 Remain tile 1
[2026-05-26 12:37:55.344] [info] Layer layer0.attn.QKVgen finish at 23902
[2026-05-26 12:37:55.344] [info] Total compute time 1529
[2026-05-26 12:37:55.344] [info] executable layer count 1
[2026-05-26 12:37:55.344] [info] Start layer layer0.attn.KVccat
[2026-05-26 12:37:55.344] [debug] Layer layer0.attn.KVccat Core 0 Get Tile at 23902
[2026-05-26 12:37:55.344] [debug] Layer 95 Core 0 Finish Tile at 23903 Remain tile 1
[2026-05-26 12:37:55.344] [info] Layer layer0.attn.KVccat finish at 23903
[2026-05-26 12:37:55.344] [info] Total compute time 1
[2026-05-26 12:37:55.344] [info] executable layer count 1
[2026-05-26 12:37:55.344] [info] Start layer layer0.attn.Attention.0
[2026-05-26 12:37:55.344] [debug] Layer layer0.attn.Attention.0 Core 0 Get Tile at 23903
[2026-05-26 12:37:55.344] [debug] Layer layer0.attn.Attention.0 Core 1 Get Tile at 23903
[2026-05-26 12:37:55.344] [debug] Layer layer0.attn.Attention.0 Core 2 Get Tile at 23903
[2026-05-26 12:37:55.344] [debug] Layer layer0.attn.Attention.0 Core 3 Get Tile at 23903
[2026-05-26 12:37:55.361] [info] HBM2-CH_0: BW utilization 25% (2392 reads, 15 writes)
[2026-05-26 12:37:55.361] [debug] HBM2-CH_1: BW utilization 25% (2407 reads, 14 writes)
[2026-05-26 12:37:55.361] [debug] HBM2-CH_2: BW utilization 25% (2405 reads, 14 writes)
[2026-05-26 12:37:55.361] [debug] HBM2-CH_3: BW utilization 25% (2394 reads, 15 writes)
[2026-05-26 12:37:55.361] [debug] HBM2-CH_4: BW utilization 25% (2409 reads, 15 writes)
[2026-05-26 12:37:55.361] [debug] HBM2-CH_5: BW utilization 25% (2386 reads, 16 writes)
[2026-05-26 12:37:55.361] [debug] HBM2-CH_6: BW utilization 25% (2390 reads, 14 writes)
[2026-05-26 12:37:55.361] [debug] HBM2-CH_7: BW utilization 25% (2399 reads, 14 writes)
[2026-05-26 12:37:55.361] [debug] HBM2-CH_8: BW utilization 25% (2398 reads, 13 writes)
[2026-05-26 12:37:55.361] [debug] HBM2-CH_9: BW utilization 25% (2398 reads, 14 writes)
[2026-05-26 12:37:55.361] [debug] HBM2-CH_10: BW utilization 25% (2399 reads, 14 writes)
[2026-05-26 12:37:55.361] [debug] HBM2-CH_11: BW utilization 25% (2401 reads, 14 writes)
[2026-05-26 12:37:55.361] [debug] HBM2-CH_12: BW utilization 25% (2397 reads, 15 writes)
[2026-05-26 12:37:55.361] [debug] HBM2-CH_13: BW utilization 25% (2404 reads, 14 writes)
[2026-05-26 12:37:55.361] [debug] HBM2-CH_14: BW utilization 25% (2404 reads, 14 writes)
[2026-05-26 12:37:55.361] [debug] HBM2-CH_15: BW utilization 25% (2395 reads, 15 writes)
[2026-05-26 12:37:55.362] [info] Core [0] : MatMul active cycle 400 Vector active cycle 0 
[2026-05-26 12:37:55.362] [info] Core [0] : issued tile 1 
[2026-05-26 12:37:55.362] [info] Core [0] : Memory unit idle cycle 466 Systolic bubble cycle 6520832 Core idle cycle 0 
[2026-05-26 12:37:55.362] [info] Core [0] : PE Utilization(%) 0.40, Systolic Bubble(%) 79.60, Vector Unit Utilization(%) 0.00, Total cycle: 24000
[2026-05-26 12:37:55.362] [debug] Core [1] : MatMul active cycle 117 Vector active cycle 0 
[2026-05-26 12:37:55.362] [debug] Core [1] : issued tile 1 
[2026-05-26 12:37:55.362] [debug] Core [1] : Memory unit idle cycle 467 Systolic bubble cycle 1901952 Core idle cycle 267 
[2026-05-26 12:37:55.362] [debug] Core [1] : PE Utilization(%) 0.18, Systolic Bubble(%) 23.22, Vector Unit Utilization(%) 0.00, Total cycle: 24000
[2026-05-26 12:37:55.362] [debug] Core [2] : MatMul active cycle 109 Vector active cycle 0 
[2026-05-26 12:37:55.362] [debug] Core [2] : issued tile 1 
[2026-05-26 12:37:55.362] [debug] Core [2] : Memory unit idle cycle 467 Systolic bubble cycle 1771904 Core idle cycle 275 
[2026-05-26 12:37:55.362] [debug] Core [2] : PE Utilization(%) 0.17, Systolic Bubble(%) 21.63, Vector Unit Utilization(%) 0.00, Total cycle: 24000
[2026-05-26 12:37:55.362] [debug] Core [3] : MatMul active cycle 387 Vector active cycle 0 
[2026-05-26 12:37:55.362] [debug] Core [3] : issued tile 1 
[2026-05-26 12:37:55.362] [debug] Core [3] : Memory unit idle cycle 466 Systolic bubble cycle 6291072 Core idle cycle 0 
[2026-05-26 12:37:55.362] [debug] Core [3] : PE Utilization(%) 0.60, Systolic Bubble(%) 76.80, Vector Unit Utilization(%) 0.00, Total cycle: 24000
[2026-05-26 12:37:55.373] [info] DRAM: Idle 50.40%
[2026-05-26 12:37:55.375] [info] Core [0] : MatMul active cycle 407 Vector active cycle 0 
[2026-05-26 12:37:55.375] [info] Core [0] : issued tile 1 
[2026-05-26 12:37:55.375] [info] Core [0] : Memory unit idle cycle 500 Systolic bubble cycle 2480032 Core idle cycle 0 
[2026-05-26 12:37:55.375] [info] Core [0] : PE Utilization(%) 0.13, Systolic Bubble(%) 30.27, Vector Unit Utilization(%) 0.00, Total cycle: 24500
[2026-05-26 12:37:55.375] [debug] Core [1] : MatMul active cycle 410 Vector active cycle 0 
[2026-05-26 12:37:55.375] [debug] Core [1] : issued tile 1 
[2026-05-26 12:37:55.375] [debug] Core [1] : Memory unit idle cycle 500 Systolic bubble cycle 2528980 Core idle cycle 0 
[2026-05-26 12:37:55.375] [debug] Core [1] : PE Utilization(%) 0.13, Systolic Bubble(%) 30.87, Vector Unit Utilization(%) 0.00, Total cycle: 24500
[2026-05-26 12:37:55.375] [debug] Core [2] : MatMul active cycle 373 Vector active cycle 0 
[2026-05-26 12:37:55.375] [debug] Core [2] : issued tile 1 
[2026-05-26 12:37:55.375] [debug] Core [2] : Memory unit idle cycle 500 Systolic bubble cycle 1925288 Core idle cycle 0 
[2026-05-26 12:37:55.375] [debug] Core [2] : PE Utilization(%) 0.10, Systolic Bubble(%) 23.50, Vector Unit Utilization(%) 0.00, Total cycle: 24500
[2026-05-26 12:37:55.375] [debug] Core [3] : MatMul active cycle 387 Vector active cycle 0 
[2026-05-26 12:37:55.375] [debug] Core [3] : issued tile 1 
[2026-05-26 12:37:55.375] [debug] Core [3] : Memory unit idle cycle 500 Systolic bubble cycle 2153712 Core idle cycle 0 
[2026-05-26 12:37:55.375] [debug] Core [3] : PE Utilization(%) 0.11, Systolic Bubble(%) 26.29, Vector Unit Utilization(%) 0.00, Total cycle: 24500
[2026-05-26 12:37:55.375] [info] DRAM: Idle 100.00%
[2026-05-26 12:37:55.378] [info] DRAM: Idle 100.00%
[2026-05-26 12:37:55.378] [info] Core [0] : MatMul active cycle 485 Vector active cycle 16 
[2026-05-26 12:37:55.378] [info] Core [0] : issued tile 1 
[2026-05-26 12:37:55.378] [info] Core [0] : Memory unit idle cycle 500 Systolic bubble cycle 3753920 Core idle cycle 0 
[2026-05-26 12:37:55.378] [info] Core [0] : PE Utilization(%) 0.18, Systolic Bubble(%) 45.82, Vector Unit Utilization(%) 3.20, Total cycle: 25000
[2026-05-26 12:37:55.378] [debug] Core [1] : MatMul active cycle 485 Vector active cycle 16 
[2026-05-26 12:37:55.378] [debug] Core [1] : issued tile 1 
[2026-05-26 12:37:55.378] [debug] Core [1] : Memory unit idle cycle 500 Systolic bubble cycle 3753950 Core idle cycle 0 
[2026-05-26 12:37:55.378] [debug] Core [1] : PE Utilization(%) 0.18, Systolic Bubble(%) 45.82, Vector Unit Utilization(%) 3.20, Total cycle: 25000
[2026-05-26 12:37:55.378] [debug] Core [2] : MatMul active cycle 485 Vector active cycle 16 
[2026-05-26 12:37:55.378] [debug] Core [2] : issued tile 1 
[2026-05-26 12:37:55.378] [debug] Core [2] : Memory unit idle cycle 500 Systolic bubble cycle 3753580 Core idle cycle 0 
[2026-05-26 12:37:55.378] [debug] Core [2] : PE Utilization(%) 0.18, Systolic Bubble(%) 45.82, Vector Unit Utilization(%) 3.20, Total cycle: 25000
[2026-05-26 12:37:55.378] [debug] Core [3] : MatMul active cycle 485 Vector active cycle 16 
[2026-05-26 12:37:55.378] [debug] Core [3] : issued tile 1 
[2026-05-26 12:37:55.378] [debug] Core [3] : Memory unit idle cycle 500 Systolic bubble cycle 3753720 Core idle cycle 0 
[2026-05-26 12:37:55.378] [debug] Core [3] : PE Utilization(%) 0.18, Systolic Bubble(%) 45.82, Vector Unit Utilization(%) 3.20, Total cycle: 25000
[2026-05-26 12:37:55.379] [debug] Layer 99 Core 1 Finish Tile at 25135 Remain tile 4
[2026-05-26 12:37:55.379] [debug] Layer 99 Core 0 Finish Tile at 25138 Remain tile 3
[2026-05-26 12:37:55.379] [debug] Layer 99 Core 3 Finish Tile at 25158 Remain tile 2
[2026-05-26 12:37:55.380] [debug] Layer 99 Core 2 Finish Tile at 25172 Remain tile 1
[2026-05-26 12:37:55.380] [info] Layer layer0.attn.Attention.0 finish at 25172
[2026-05-26 12:37:55.380] [info] Total compute time 1269
[2026-05-26 12:37:55.380] [info] executable layer count 1
[2026-05-26 12:37:55.380] [info] Start layer layer0.attn.Atccat
[2026-05-26 12:37:55.380] [debug] Layer layer0.attn.Atccat Core 1 Get Tile at 25173
[2026-05-26 12:37:55.380] [debug] Layer 101 Core 1 Finish Tile at 25174 Remain tile 1
[2026-05-26 12:37:55.380] [info] Layer layer0.attn.Atccat finish at 25174
[2026-05-26 12:37:55.380] [info] Total compute time 2
[2026-05-26 12:37:55.380] [info] executable layer count 1
[2026-05-26 12:37:55.380] [info] Start layer layer0.attn.proj
[2026-05-26 12:37:55.380] [debug] Layer layer0.attn.proj Core 3 Get Tile at 25174
[2026-05-26 12:37:55.380] [debug] Layer layer0.attn.proj Core 0 Get Tile at 25175
[2026-05-26 12:37:55.411] [info] DRAM: Idle 45.40%
[2026-05-26 12:37:55.415] [info] Core [0] : MatMul active cycle 165 Vector active cycle 2 
[2026-05-26 12:37:55.415] [info] Core [0] : issued tile 1 
[2026-05-26 12:37:55.415] [info] Core [0] : Memory unit idle cycle 402 Systolic bubble cycle 2187684 Core idle cycle 20 
[2026-05-26 12:37:55.415] [info] Core [0] : PE Utilization(%) 0.09, Systolic Bubble(%) 26.71, Vector Unit Utilization(%) 0.40, Total cycle: 25500
[2026-05-26 12:37:55.415] [debug] Core [1] : MatMul active cycle 131 Vector active cycle 2 
[2026-05-26 12:37:55.415] [debug] Core [1] : issued tile 0 
[2026-05-26 12:37:55.415] [debug] Core [1] : Memory unit idle cycle 499 Systolic bubble cycle 2138706 Core idle cycle 348 
[2026-05-26 12:37:55.415] [debug] Core [1] : PE Utilization(%) 0.09, Systolic Bubble(%) 26.11, Vector Unit Utilization(%) 0.40, Total cycle: 25500
[2026-05-26 12:37:55.415] [debug] Core [2] : MatMul active cycle 168 Vector active cycle 2 
[2026-05-26 12:37:55.415] [debug] Core [2] : issued tile 0 
[2026-05-26 12:37:55.415] [debug] Core [2] : Memory unit idle cycle 499 Systolic bubble cycle 2742768 Core idle cycle 311 
[2026-05-26 12:37:55.415] [debug] Core [2] : PE Utilization(%) 0.12, Systolic Bubble(%) 33.48, Vector Unit Utilization(%) 0.40, Total cycle: 25500
[2026-05-26 12:37:55.415] [debug] Core [3] : MatMul active cycle 175 Vector active cycle 2 
[2026-05-26 12:37:55.415] [debug] Core [3] : issued tile 1 
[2026-05-26 12:37:55.415] [debug] Core [3] : Memory unit idle cycle 381 Systolic bubble cycle 2514204 Core idle cycle 0 
[2026-05-26 12:37:55.415] [debug] Core [3] : PE Utilization(%) 0.11, Systolic Bubble(%) 30.69, Vector Unit Utilization(%) 0.40, Total cycle: 25500
[2026-05-26 12:37:55.417] [info] DRAM: Idle 84.80%
[2026-05-26 12:37:55.418] [info] Core [0] : MatMul active cycle 500 Vector active cycle 0 
[2026-05-26 12:37:55.418] [info] Core [0] : issued tile 1 
[2026-05-26 12:37:55.418] [info] Core [0] : Memory unit idle cycle 500 Systolic bubble cycle 4493280 Core idle cycle 0 
[2026-05-26 12:37:55.418] [info] Core [0] : PE Utilization(%) 0.35, Systolic Bubble(%) 54.85, Vector Unit Utilization(%) 0.00, Total cycle: 26000
[2026-05-26 12:37:55.418] [debug] Core [1] : MatMul active cycle 0 Vector active cycle 0 
[2026-05-26 12:37:55.418] [debug] Core [1] : issued tile 0 
[2026-05-26 12:37:55.418] [debug] Core [1] : Memory unit idle cycle 500 Systolic bubble cycle 0 Core idle cycle 500 
[2026-05-26 12:37:55.418] [debug] Core [1] : PE Utilization(%) 0.00, Systolic Bubble(%) 0.00, Vector Unit Utilization(%) 0.00, Total cycle: 26000
[2026-05-26 12:37:55.418] [debug] Core [2] : MatMul active cycle 0 Vector active cycle 0 
[2026-05-26 12:37:55.418] [debug] Core [2] : issued tile 0 
[2026-05-26 12:37:55.418] [debug] Core [2] : Memory unit idle cycle 500 Systolic bubble cycle 0 Core idle cycle 500 
[2026-05-26 12:37:55.418] [debug] Core [2] : PE Utilization(%) 0.00, Systolic Bubble(%) 0.00, Vector Unit Utilization(%) 0.00, Total cycle: 26000
[2026-05-26 12:37:55.418] [debug] Core [3] : MatMul active cycle 500 Vector active cycle 0 
[2026-05-26 12:37:55.418] [debug] Core [3] : issued tile 1 
[2026-05-26 12:37:55.418] [debug] Core [3] : Memory unit idle cycle 500 Systolic bubble cycle 4324096 Core idle cycle 0 
[2026-05-26 12:37:55.418] [debug] Core [3] : PE Utilization(%) 0.42, Systolic Bubble(%) 52.78, Vector Unit Utilization(%) 0.00, Total cycle: 26000
[2026-05-26 12:37:55.419] [debug] Layer 103 Core 0 Finish Tile at 26112 Remain tile 2
[2026-05-26 12:37:55.419] [debug] Layer 103 Core 3 Finish Tile at 26122 Remain tile 1
[2026-05-26 12:37:55.419] [info] Layer layer0.attn.proj finish at 26122
[2026-05-26 12:37:55.419] [info] Total compute time 948
[2026-05-26 12:37:55.419] [info] executable layer count 1
[2026-05-26 12:37:55.419] [info] Start layer layer0.attn.ln
[2026-05-26 12:37:55.419] [debug] Layer layer0.attn.ln Core 2 Get Tile at 26123
[2026-05-26 12:37:55.420] [debug] Layer 105 Core 2 Finish Tile at 26172 Remain tile 1
[2026-05-26 12:37:55.420] [info] Layer layer0.attn.ln finish at 26172
[2026-05-26 12:37:55.420] [info] Total compute time 50
[2026-05-26 12:37:55.420] [info] executable layer count 1
[2026-05-26 12:37:55.420] [info] Start layer layer0.ffn.fc1
[2026-05-26 12:37:55.420] [debug] Layer layer0.ffn.fc1 Core 2 Get Tile at 26172
[2026-05-26 12:37:55.420] [debug] Layer layer0.ffn.fc1 Core 3 Get Tile at 26172
[2026-05-26 12:37:55.420] [debug] Layer layer0.ffn.fc1 Core 0 Get Tile at 26173
[2026-05-26 12:37:55.420] [debug] Layer layer0.ffn.fc1 Core 1 Get Tile at 26173
[2026-05-26 12:37:55.433] [info] DRAM: Idle 77.40%
[2026-05-26 12:37:55.491] [info] Core [0] : MatMul active cycle 110 Vector active cycle 0 
[2026-05-26 12:37:55.491] [info] Core [0] : issued tile 1 
[2026-05-26 12:37:55.491] [info] Core [0] : Memory unit idle cycle 382 Systolic bubble cycle 1790800 Core idle cycle 29 
[2026-05-26 12:37:55.491] [info] Core [0] : PE Utilization(%) 0.14, Systolic Bubble(%) 21.86, Vector Unit Utilization(%) 0.00, Total cycle: 26500
[2026-05-26 12:37:55.491] [debug] Core [1] : MatMul active cycle 0 Vector active cycle 0 
[2026-05-26 12:37:55.491] [debug] Core [1] : issued tile 1 
[2026-05-26 12:37:55.491] [debug] Core [1] : Memory unit idle cycle 383 Systolic bubble cycle 0 Core idle cycle 173 
[2026-05-26 12:37:55.491] [debug] Core [1] : PE Utilization(%) 0.00, Systolic Bubble(%) 0.00, Vector Unit Utilization(%) 0.00, Total cycle: 26500
[2026-05-26 12:37:55.491] [debug] Core [2] : MatMul active cycle 0 Vector active cycle 12 
[2026-05-26 12:37:55.491] [debug] Core [2] : issued tile 1 
[2026-05-26 12:37:55.491] [debug] Core [2] : Memory unit idle cycle 380 Systolic bubble cycle 0 Core idle cycle 123 
[2026-05-26 12:37:55.491] [debug] Core [2] : PE Utilization(%) 0.00, Systolic Bubble(%) 0.00, Vector Unit Utilization(%) 2.40, Total cycle: 26500
[2026-05-26 12:37:55.491] [debug] Core [3] : MatMul active cycle 120 Vector active cycle 0 
[2026-05-26 12:37:55.491] [debug] Core [3] : issued tile 1 
[2026-05-26 12:37:55.491] [debug] Core [3] : Memory unit idle cycle 382 Systolic bubble cycle 1950720 Core idle cycle 33 
[2026-05-26 12:37:55.491] [debug] Core [3] : PE Utilization(%) 0.19, Systolic Bubble(%) 23.81, Vector Unit Utilization(%) 0.00, Total cycle: 26500
[2026-05-26 12:37:55.522] [info] DRAM: Idle 0.00%
[2026-05-26 12:37:55.528] [info] Core [0] : MatMul active cycle 275 Vector active cycle 0 
[2026-05-26 12:37:55.528] [info] Core [0] : issued tile 1 
[2026-05-26 12:37:55.528] [info] Core [0] : Memory unit idle cycle 500 Systolic bubble cycle 325120 Core idle cycle 0 
[2026-05-26 12:37:55.528] [info] Core [0] : PE Utilization(%) 0.03, Systolic Bubble(%) 3.97, Vector Unit Utilization(%) 0.00, Total cycle: 27000
[2026-05-26 12:37:55.528] [debug] Core [1] : MatMul active cycle 279 Vector active cycle 0 
[2026-05-26 12:37:55.528] [debug] Core [1] : issued tile 1 
[2026-05-26 12:37:55.528] [debug] Core [1] : Memory unit idle cycle 500 Systolic bubble cycle 390144 Core idle cycle 0 
[2026-05-26 12:37:55.528] [debug] Core [1] : PE Utilization(%) 0.04, Systolic Bubble(%) 4.76, Vector Unit Utilization(%) 0.00, Total cycle: 27000
[2026-05-26 12:37:55.528] [debug] Core [2] : MatMul active cycle 286 Vector active cycle 0 
[2026-05-26 12:37:55.528] [debug] Core [2] : issued tile 1 
[2026-05-26 12:37:55.528] [debug] Core [2] : Memory unit idle cycle 500 Systolic bubble cycle 503936 Core idle cycle 0 
[2026-05-26 12:37:55.528] [debug] Core [2] : PE Utilization(%) 0.05, Systolic Bubble(%) 6.15, Vector Unit Utilization(%) 0.00, Total cycle: 27000
[2026-05-26 12:37:55.528] [debug] Core [3] : MatMul active cycle 287 Vector active cycle 0 
[2026-05-26 12:37:55.528] [debug] Core [3] : issued tile 1 
[2026-05-26 12:37:55.528] [debug] Core [3] : Memory unit idle cycle 500 Systolic bubble cycle 520192 Core idle cycle 0 
[2026-05-26 12:37:55.528] [debug] Core [3] : PE Utilization(%) 0.05, Systolic Bubble(%) 6.35, Vector Unit Utilization(%) 0.00, Total cycle: 27000
[2026-05-26 12:37:55.528] [info] DRAM: Idle 85.80%
[2026-05-26 12:37:55.530] [debug] Layer 107 Core 3 Finish Tile at 27356 Remain tile 4
[2026-05-26 12:37:55.530] [debug] Layer 107 Core 2 Finish Tile at 27357 Remain tile 3
[2026-05-26 12:37:55.530] [debug] Layer 107 Core 1 Finish Tile at 27364 Remain tile 2
[2026-05-26 12:37:55.530] [debug] Layer 107 Core 0 Finish Tile at 27368 Remain tile 1
[2026-05-26 12:37:55.530] [info] Layer layer0.ffn.fc1 finish at 27368
[2026-05-26 12:37:55.530] [info] Total compute time 1196
[2026-05-26 12:37:55.530] [info] executable layer count 1
[2026-05-26 12:37:55.530] [info] Start layer layer0.ffn.act
[2026-05-26 12:37:55.530] [debug] Layer layer0.ffn.act Core 3 Get Tile at 27368
[2026-05-26 12:37:55.531] [debug] Layer 109 Core 3 Finish Tile at 27415 Remain tile 1
[2026-05-26 12:37:55.531] [info] Layer layer0.ffn.act finish at 27415
[2026-05-26 12:37:55.531] [info] Total compute time 47
[2026-05-26 12:37:55.531] [info] executable layer count 1
[2026-05-26 12:37:55.531] [info] Start layer layer0.ffn.fc2
[2026-05-26 12:37:55.531] [debug] Layer layer0.ffn.fc2 Core 3 Get Tile at 27415
[2026-05-26 12:37:55.531] [debug] Layer layer0.ffn.fc2 Core 0 Get Tile at 27416
[2026-05-26 12:37:55.540] [info] DRAM: Idle 75.00%
[2026-05-26 12:37:55.542] [info] Core [0] : MatMul active cycle 366 Vector active cycle 0 
[2026-05-26 12:37:55.542] [info] Core [0] : issued tile 1 
[2026-05-26 12:37:55.542] [info] Core [0] : Memory unit idle cycle 416 Systolic bubble cycle 5949696 Core idle cycle 31 
[2026-05-26 12:37:55.542] [info] Core [0] : PE Utilization(%) 0.57, Systolic Bubble(%) 72.63, Vector Unit Utilization(%) 0.00, Total cycle: 27500
[2026-05-26 12:37:55.542] [debug] Core [1] : MatMul active cycle 362 Vector active cycle 0 
[2026-05-26 12:37:55.542] [debug] Core [1] : issued tile 0 
[2026-05-26 12:37:55.542] [debug] Core [1] : Memory unit idle cycle 499 Systolic bubble cycle 5884672 Core idle cycle 119 
[2026-05-26 12:37:55.542] [debug] Core [1] : PE Utilization(%) 0.57, Systolic Bubble(%) 71.83, Vector Unit Utilization(%) 0.00, Total cycle: 27500
[2026-05-26 12:37:55.542] [debug] Core [2] : MatMul active cycle 355 Vector active cycle 0 
[2026-05-26 12:37:55.542] [debug] Core [2] : issued tile 0 
[2026-05-26 12:37:55.542] [debug] Core [2] : Memory unit idle cycle 499 Systolic bubble cycle 5770880 Core idle cycle 111 
[2026-05-26 12:37:55.542] [debug] Core [2] : PE Utilization(%) 0.55, Systolic Bubble(%) 70.45, Vector Unit Utilization(%) 0.00, Total cycle: 27500
[2026-05-26 12:37:55.542] [debug] Core [3] : MatMul active cycle 354 Vector active cycle 4 
[2026-05-26 12:37:55.542] [debug] Core [3] : issued tile 1 
[2026-05-26 12:37:55.542] [debug] Core [3] : Memory unit idle cycle 409 Systolic bubble cycle 5754624 Core idle cycle 0 
[2026-05-26 12:37:55.542] [debug] Core [3] : PE Utilization(%) 0.55, Systolic Bubble(%) 70.25, Vector Unit Utilization(%) 0.80, Total cycle: 27500
[2026-05-26 12:37:55.600] [info] DRAM: Idle 0.00%
[2026-05-26 12:37:55.608] [info] Core [0] : MatMul active cycle 0 Vector active cycle 0 
[2026-05-26 12:37:55.608] [info] Core [0] : issued tile 1 
[2026-05-26 12:37:55.608] [info] Core [0] : Memory unit idle cycle 372 Systolic bubble cycle 0 Core idle cycle 0 
[2026-05-26 12:37:55.608] [info] Core [0] : PE Utilization(%) 0.00, Systolic Bubble(%) 0.00, Vector Unit Utilization(%) 0.00, Total cycle: 28000
[2026-05-26 12:37:55.608] [debug] Core [1] : MatMul active cycle 0 Vector active cycle 0 
[2026-05-26 12:37:55.608] [debug] Core [1] : issued tile 0 
[2026-05-26 12:37:55.608] [debug] Core [1] : Memory unit idle cycle 500 Systolic bubble cycle 0 Core idle cycle 500 
[2026-05-26 12:37:55.608] [debug] Core [1] : PE Utilization(%) 0.00, Systolic Bubble(%) 0.00, Vector Unit Utilization(%) 0.00, Total cycle: 28000
[2026-05-26 12:37:55.608] [debug] Core [2] : MatMul active cycle 0 Vector active cycle 0 
[2026-05-26 12:37:55.608] [debug] Core [2] : issued tile 0 
[2026-05-26 12:37:55.608] [debug] Core [2] : Memory unit idle cycle 500 Systolic bubble cycle 0 Core idle cycle 500 
[2026-05-26 12:37:55.608] [debug] Core [2] : PE Utilization(%) 0.00, Systolic Bubble(%) 0.00, Vector Unit Utilization(%) 0.00, Total cycle: 28000
[2026-05-26 12:37:55.608] [debug] Core [3] : MatMul active cycle 0 Vector active cycle 0 
[2026-05-26 12:37:55.608] [debug] Core [3] : issued tile 1 
[2026-05-26 12:37:55.608] [debug] Core [3] : Memory unit idle cycle 325 Systolic bubble cycle 0 Core idle cycle 0 
[2026-05-26 12:37:55.608] [debug] Core [3] : PE Utilization(%) 0.00, Systolic Bubble(%) 0.00, Vector Unit Utilization(%) 0.00, Total cycle: 28000
[2026-05-26 12:37:55.611] [info] DRAM: Idle 72.40%
[2026-05-26 12:37:55.612] [info] Core [0] : MatMul active cycle 497 Vector active cycle 0 
[2026-05-26 12:37:55.612] [info] Core [0] : issued tile 1 
[2026-05-26 12:37:55.612] [info] Core [0] : Memory unit idle cycle 500 Systolic bubble cycle 3939760 Core idle cycle 0 
[2026-05-26 12:37:55.612] [info] Core [0] : PE Utilization(%) 0.31, Systolic Bubble(%) 48.09, Vector Unit Utilization(%) 0.00, Total cycle: 28500
[2026-05-26 12:37:55.612] [debug] Core [1] : MatMul active cycle 0 Vector active cycle 0 
[2026-05-26 12:37:55.612] [debug] Core [1] : issued tile 0 
[2026-05-26 12:37:55.612] [debug] Core [1] : Memory unit idle cycle 500 Systolic bubble cycle 0 Core idle cycle 500 
[2026-05-26 12:37:55.612] [debug] Core [1] : PE Utilization(%) 0.00, Systolic Bubble(%) 0.00, Vector Unit Utilization(%) 0.00, Total cycle: 28500
[2026-05-26 12:37:55.612] [debug] Core [2] : MatMul active cycle 0 Vector active cycle 0 
[2026-05-26 12:37:55.612] [debug] Core [2] : issued tile 0 
[2026-05-26 12:37:55.612] [debug] Core [2] : Memory unit idle cycle 500 Systolic bubble cycle 0 Core idle cycle 500 
[2026-05-26 12:37:55.612] [debug] Core [2] : PE Utilization(%) 0.00, Systolic Bubble(%) 0.00, Vector Unit Utilization(%) 0.00, Total cycle: 28500
[2026-05-26 12:37:55.612] [debug] Core [3] : MatMul active cycle 470 Vector active cycle 0 
[2026-05-26 12:37:55.612] [debug] Core [3] : issued tile 1 
[2026-05-26 12:37:55.612] [debug] Core [3] : Memory unit idle cycle 500 Systolic bubble cycle 3495040 Core idle cycle 0 
[2026-05-26 12:37:55.612] [debug] Core [3] : PE Utilization(%) 0.34, Systolic Bubble(%) 42.66, Vector Unit Utilization(%) 0.00, Total cycle: 28500
[2026-05-26 12:37:55.613] [info] DRAM: Idle 100.00%
[2026-05-26 12:37:55.614] [debug] Layer 111 Core 0 Finish Tile at 28902 Remain tile 2
[2026-05-26 12:37:55.615] [debug] Layer 111 Core 3 Finish Tile at 28929 Remain tile 1
[2026-05-26 12:37:55.615] [info] Layer layer0.ffn.fc2 finish at 28929
[2026-05-26 12:37:55.615] [info] Total compute time 1514
[2026-05-26 12:37:55.615] [info] executable layer count 1
[2026-05-26 12:37:55.615] [info] Start layer layer0.ffn.ln
[2026-05-26 12:37:55.615] [debug] Layer layer0.ffn.ln Core 0 Get Tile at 28930
[2026-05-26 12:37:55.615] [debug] Layer 113 Core 0 Finish Tile at 28974 Remain tile 1
[2026-05-26 12:37:55.615] [info] Layer layer0.ffn.ln finish at 28974
[2026-05-26 12:37:55.615] [info] Total compute time 45
[2026-05-26 12:37:55.615] [info] Model[tiny_transformer] Request: 22 us, Start: 22 us, finish:28 us, Current Cycle:28974
[2026-05-26 12:37:55.615] [info] No total_seq_len!
[2026-05-26 12:37:55.615] [info] Total Memory Usage: 0.01 GB
[2026-05-26 12:37:55.615] [info] Weight Memory Usage: 0.01 GB
[2026-05-26 12:37:55.615] [info] KV Memory Usage: 0.00 GB
[2026-05-26 12:37:55.615] [info] Activation Memory Usage: 0.00 GB
[2026-05-26 12:37:55.615] [debug] [Gemm] input_shape: [1, 232]
[2026-05-26 12:37:55.615] [debug] [Gemm] output_shape : [1, 696]
[2026-05-26 12:37:55.615] [info] [GEMM] spad_size: 33554432 accum_size: 4194304
[2026-05-26 12:37:55.615] [info] [GEMM] required_sram_size: 131072 required_accum_size: 32768
[2026-05-26 12:37:55.615] [info] [GEMM] Used mapping: Total N:1 C:232 M:696 | Outer N:1 C:1 M:6 | Inner N:128 C:256 M:128
[2026-05-26 12:37:55.617] [info] [GemmWs] Keys K = 232, N = 1, M = 696
[2026-05-26 12:37:55.617] [info] [GemmWS]: total 0.00032364 GFLOPs, 0.000326192 GB
[2026-05-26 12:37:55.617] [info] [GemmWS]: Theoretical time(ms): 0.0005312573421178968 Compute time: 2.469177307062864e-06 Memory time: 0.0005312573421178968
[2026-05-26 12:37:55.617] [debug] [KVCacheConcat] input_token_lengths: [1]
[2026-05-26 12:37:55.617] [debug] [KVCacheConcat] number of tiles: 1
[2026-05-26 12:37:55.617] [info] [Attention] total_spad_size_per_head: 16124 B
[2026-05-26 12:37:55.617] [info] [Attention] total_acc_size_per_head: 138 B
[2026-05-26 12:37:55.617] [info] [Attention] q_len: 1, seq_len: 69, dk: 58, heads per tile 1
[2026-05-26 12:37:55.617] [info] [Attention] Spad size 16777216
[2026-05-26 12:37:55.617] [info] [Attention] Accum spad size 2097152
[2026-05-26 12:37:55.617] [info] Mapping info Total Loop: N4 C58 M69 S1 R1 Q1 P1 Tile Out Loop: N4 C1 M1 S1 R1 Q1 P1 Tile In Loop: N1 C58 M69 S1 R1 Q1 P1
[2026-05-26 12:37:55.618] [info] [Attention] QK 3.2016e-05 GFLOPs
[2026-05-26 12:37:55.618] [info] [Attention] total 6.6791996e-05 GFLOPs, 6.496e-05 GB
[2026-05-26 12:37:55.618] [info] [Attention] Theoretical time(ms): 0.00010579804 Compute time: 8.2543943e-07 Memory time: 0.00010579804
[2026-05-26 12:37:55.618] [info] [Attention] QK compute 0.0000ms Softmax compute 0.0000ms SV compute 0.0000ms
[2026-05-26 12:37:55.618] [debug] [Gemm] input_shape: [1, 232]
[2026-05-26 12:37:55.618] [debug] [Gemm] output_shape : [1, 232]
[2026-05-26 12:37:55.618] [info] [GEMM] spad_size: 33554432 accum_size: 4194304
[2026-05-26 12:37:55.618] [info] [GEMM] required_sram_size: 131072 required_accum_size: 32768
[2026-05-26 12:37:55.618] [info] [GEMM] Used mapping: Total N:1 C:232 M:232 | Outer N:1 C:1 M:2 | Inner N:128 C:256 M:128
[2026-05-26 12:37:55.618] [info] [GemmWs] Keys K = 232, N = 1, M = 232
[2026-05-26 12:37:55.618] [info] [GemmWS]: total 0.00010787999 GFLOPs, 0.000109040004 GB
[2026-05-26 12:37:55.618] [info] [GemmWS]: Theoretical time(ms): 0.00017758958392732893 Compute time: 8.230590098357027e-07 Memory time: 0.00017758958392732893
[2026-05-26 12:37:55.618] [info] [SkipLayerNorm] tokens_per_tile: 1
[2026-05-26 12:37:55.618] [debug] [Gemm] input_shape: [1, 232]
[2026-05-26 12:37:55.618] [debug] [Gemm] output_shape : [1, 512]
[2026-05-26 12:37:55.618] [info] [GEMM] spad_size: 33554432 accum_size: 4194304
[2026-05-26 12:37:55.618] [info] [GEMM] required_sram_size: 131072 required_accum_size: 32768
[2026-05-26 12:37:55.618] [info] [GEMM] Used mapping: Total N:1 C:232 M:512 | Outer N:1 C:1 M:4 | Inner N:128 C:256 M:128
[2026-05-26 12:37:55.619] [info] [GemmWs] Keys K = 232, N = 1, M = 512
[2026-05-26 12:37:55.619] [info] [GemmWS]: total 0.000237568 GFLOPs, 0.000239056 GB
[2026-05-26 12:37:55.619] [info] [GemmWS]: Theoretical time(ms): 0.0003893420057465846 Compute time: 1.81250003894462e-06 Memory time: 0.0003893420057465846
[2026-05-26 12:37:55.619] [info] [BiasAct] tokens_per_tile: 1
[2026-05-26 12:37:55.619] [debug] [Gemm] input_shape: [1, 512]
[2026-05-26 12:37:55.619] [debug] [Gemm] output_shape : [1, 232]
[2026-05-26 12:37:55.619] [info] [GEMM] spad_size: 33554432 accum_size: 4194304
[2026-05-26 12:37:55.619] [info] [GEMM] required_sram_size: 262144 required_accum_size: 32768
[2026-05-26 12:37:55.619] [info] [GEMM] Used mapping: Total N:1 C:512 M:232 | Outer N:1 C:1 M:2 | Inner N:128 C:512 M:128
[2026-05-26 12:37:55.620] [info] [GemmWs] Keys K = 512, N = 1, M = 232
[2026-05-26 12:37:55.620] [info] [GemmWS]: total 0.00023779999 GFLOPs, 0.00023952 GB
[2026-05-26 12:37:55.620] [info] [GemmWS]: Theoretical time(ms): 0.00039009771057862963 Compute time: 1.8142699564904774e-06 Memory time: 0.00039009771057862963
[2026-05-26 12:37:55.620] [info] [SkipLayerNorm] tokens_per_tile: 1
[2026-05-26 12:37:55.620] [debug] runnable op, 
[2026-05-26 12:37:55.620] [info]  Model initialization time: 0.004711 seconds
[2026-05-26 12:37:55.620] [info] Schedule model: tiny_transformer at 28976000 us
[2026-05-26 12:37:55.620] [info] MODEL tiny_transformer Scheduled, Total Request: 1
[2026-05-26 12:37:55.620] [info] executable layer count 1
[2026-05-26 12:37:55.620] [info] Start layer layer0.attn.QKVgen
[2026-05-26 12:37:55.620] [debug] Layer layer0.attn.QKVgen Core 0 Get Tile at 28975
[2026-05-26 12:37:55.620] [debug] Layer layer0.attn.QKVgen Core 1 Get Tile at 28975
[2026-05-26 12:37:55.620] [debug] Layer layer0.attn.QKVgen Core 2 Get Tile at 28975
[2026-05-26 12:37:55.620] [debug] Layer layer0.attn.QKVgen Core 3 Get Tile at 28975
[2026-05-26 12:37:55.620] [debug] Layer layer0.attn.QKVgen Core 1 Get Tile at 28976
[2026-05-26 12:37:55.620] [debug] Layer layer0.attn.QKVgen Core 2 Get Tile at 28976
[2026-05-26 12:37:55.624] [info] Core [0] : MatMul active cycle 400 Vector active cycle 12 
[2026-05-26 12:37:55.624] [info] Core [0] : issued tile 1 
[2026-05-26 12:37:55.624] [info] Core [0] : Memory unit idle cycle 472 Systolic bubble cycle 6512000 Core idle cycle 0 
[2026-05-26 12:37:55.624] [info] Core [0] : PE Utilization(%) 0.51, Systolic Bubble(%) 79.49, Vector Unit Utilization(%) 2.40, Total cycle: 29000
[2026-05-26 12:37:55.624] [debug] Core [1] : MatMul active cycle 0 Vector active cycle 0 
[2026-05-26 12:37:55.624] [debug] Core [1] : issued tile 2 
[2026-05-26 12:37:55.624] [debug] Core [1] : Memory unit idle cycle 476 Systolic bubble cycle 0 Core idle cycle 475 
[2026-05-26 12:37:55.624] [debug] Core [1] : PE Utilization(%) 0.00, Systolic Bubble(%) 0.00, Vector Unit Utilization(%) 0.00, Total cycle: 29000
[2026-05-26 12:37:55.624] [debug] Core [2] : MatMul active cycle 0 Vector active cycle 0 
[2026-05-26 12:37:55.624] [debug] Core [2] : issued tile 2 
[2026-05-26 12:37:55.624] [debug] Core [2] : Memory unit idle cycle 476 Systolic bubble cycle 0 Core idle cycle 475 
[2026-05-26 12:37:55.624] [debug] Core [2] : PE Utilization(%) 0.00, Systolic Bubble(%) 0.00, Vector Unit Utilization(%) 0.00, Total cycle: 29000
[2026-05-26 12:37:55.624] [debug] Core [3] : MatMul active cycle 427 Vector active cycle 0 
[2026-05-26 12:37:55.624] [debug] Core [3] : issued tile 1 
[2026-05-26 12:37:55.624] [debug] Core [3] : Memory unit idle cycle 475 Systolic bubble cycle 6941312 Core idle cycle 29 
[2026-05-26 12:37:55.624] [debug] Core [3] : PE Utilization(%) 0.67, Systolic Bubble(%) 84.73, Vector Unit Utilization(%) 0.00, Total cycle: 29000
[2026-05-26 12:37:55.661] [info] DRAM: Idle 50.60%
[2026-05-26 12:37:55.734] [info] Core [0] : MatMul active cycle 0 Vector active cycle 0 
[2026-05-26 12:37:55.734] [info] Core [0] : issued tile 1 
[2026-05-26 12:37:55.734] [info] Core [0] : Memory unit idle cycle 406 Systolic bubble cycle 0 Core idle cycle 0 
[2026-05-26 12:37:55.734] [info] Core [0] : PE Utilization(%) 0.00, Systolic Bubble(%) 0.00, Vector Unit Utilization(%) 0.00, Total cycle: 29500
[2026-05-26 12:37:55.734] [debug] Core [1] : MatMul active cycle 0 Vector active cycle 0 
[2026-05-26 12:37:55.734] [debug] Core [1] : issued tile 2 
[2026-05-26 12:37:55.734] [debug] Core [1] : Memory unit idle cycle 288 Systolic bubble cycle 0 Core idle cycle 0 
[2026-05-26 12:37:55.734] [debug] Core [1] : PE Utilization(%) 0.00, Systolic Bubble(%) 0.00, Vector Unit Utilization(%) 0.00, Total cycle: 29500
[2026-05-26 12:37:55.734] [debug] Core [2] : MatMul active cycle 0 Vector active cycle 0 
[2026-05-26 12:37:55.734] [debug] Core [2] : issued tile 2 
[2026-05-26 12:37:55.734] [debug] Core [2] : Memory unit idle cycle 354 Systolic bubble cycle 0 Core idle cycle 0 
[2026-05-26 12:37:55.734] [debug] Core [2] : PE Utilization(%) 0.00, Systolic Bubble(%) 0.00, Vector Unit Utilization(%) 0.00, Total cycle: 29500
[2026-05-26 12:37:55.734] [debug] Core [3] : MatMul active cycle 0 Vector active cycle 0 
[2026-05-26 12:37:55.734] [debug] Core [3] : issued tile 1 
[2026-05-26 12:37:55.734] [debug] Core [3] : Memory unit idle cycle 406 Systolic bubble cycle 0 Core idle cycle 0 
[2026-05-26 12:37:55.734] [debug] Core [3] : PE Utilization(%) 0.00, Systolic Bubble(%) 0.00, Vector Unit Utilization(%) 0.00, Total cycle: 29500
[2026-05-26 12:37:55.744] [info] DRAM: Idle 0.00%
[2026-05-26 12:37:55.760] [info] DRAM: Idle 58.20%
[2026-05-26 12:37:55.761] [info] Core [0] : MatMul active cycle 417 Vector active cycle 0 
[2026-05-26 12:37:55.761] [info] Core [0] : issued tile 1 
[2026-05-26 12:37:55.761] [info] Core [0] : Memory unit idle cycle 500 Systolic bubble cycle 2633472 Core idle cycle 0 
[2026-05-26 12:37:55.761] [info] Core [0] : PE Utilization(%) 0.25, Systolic Bubble(%) 32.15, Vector Unit Utilization(%) 0.00, Total cycle: 30000
[2026-05-26 12:37:55.761] [debug] Core [1] : MatMul active cycle 378 Vector active cycle 0 
[2026-05-26 12:37:55.761] [debug] Core [1] : issued tile 2 
[2026-05-26 12:37:55.761] [debug] Core [1] : Memory unit idle cycle 500 Systolic bubble cycle 1999488 Core idle cycle 0 
[2026-05-26 12:37:55.761] [debug] Core [1] : PE Utilization(%) 0.19, Systolic Bubble(%) 24.41, Vector Unit Utilization(%) 0.00, Total cycle: 30000
[2026-05-26 12:37:55.761] [debug] Core [2] : MatMul active cycle 317 Vector active cycle 0 
[2026-05-26 12:37:55.761] [debug] Core [2] : issued tile 2 
[2026-05-26 12:37:55.761] [debug] Core [2] : Memory unit idle cycle 500 Systolic bubble cycle 1007872 Core idle cycle 0 
[2026-05-26 12:37:55.761] [debug] Core [2] : PE Utilization(%) 0.10, Systolic Bubble(%) 12.30, Vector Unit Utilization(%) 0.00, Total cycle: 30000
[2026-05-26 12:37:55.761] [debug] Core [3] : MatMul active cycle 401 Vector active cycle 0 
[2026-05-26 12:37:55.761] [debug] Core [3] : issued tile 1 
[2026-05-26 12:37:55.761] [debug] Core [3] : Memory unit idle cycle 500 Systolic bubble cycle 2373376 Core idle cycle 0 
[2026-05-26 12:37:55.761] [debug] Core [3] : PE Utilization(%) 0.23, Systolic Bubble(%) 28.97, Vector Unit Utilization(%) 0.00, Total cycle: 30000
[2026-05-26 12:37:55.762] [debug] Layer 118 Core 0 Finish Tile at 30226 Remain tile 6
[2026-05-26 12:37:55.762] [debug] Layer 118 Core 3 Finish Tile at 30242 Remain tile 5
[2026-05-26 12:37:55.762] [debug] Layer 118 Core 1 Finish Tile at 30265 Remain tile 4
[2026-05-26 12:37:55.763] [debug] Layer 118 Core 2 Finish Tile at 30326 Remain tile 3
[2026-05-26 12:37:55.763] [info] DRAM: Idle 95.40%
[2026-05-26 12:37:55.764] [info] Core [0] : MatMul active cycle 224 Vector active cycle 0 
[2026-05-26 12:37:55.764] [info] Core [0] : issued tile 0 
[2026-05-26 12:37:55.764] [info] Core [0] : Memory unit idle cycle 499 Systolic bubble cycle 3641344 Core idle cycle 257 
[2026-05-26 12:37:55.764] [info] Core [0] : PE Utilization(%) 0.35, Systolic Bubble(%) 44.45, Vector Unit Utilization(%) 0.00, Total cycle: 30500
[2026-05-26 12:37:55.764] [debug] Core [1] : MatMul active cycle 500 Vector active cycle 0 
[2026-05-26 12:37:55.764] [debug] Core [1] : issued tile 1 
[2026-05-26 12:37:55.764] [debug] Core [1] : Memory unit idle cycle 499 Systolic bubble cycle 8128000 Core idle cycle 0 
[2026-05-26 12:37:55.764] [debug] Core [1] : PE Utilization(%) 0.78, Systolic Bubble(%) 99.22, Vector Unit Utilization(%) 0.00, Total cycle: 30500
[2026-05-26 12:37:55.764] [debug] Core [2] : MatMul active cycle 500 Vector active cycle 0 
[2026-05-26 12:37:55.764] [debug] Core [2] : issued tile 1 
[2026-05-26 12:37:55.764] [debug] Core [2] : Memory unit idle cycle 499 Systolic bubble cycle 8140672 Core idle cycle 0 
[2026-05-26 12:37:55.764] [debug] Core [2] : PE Utilization(%) 0.63, Systolic Bubble(%) 99.37, Vector Unit Utilization(%) 0.00, Total cycle: 30500
[2026-05-26 12:37:55.764] [debug] Core [3] : MatMul active cycle 240 Vector active cycle 0 
[2026-05-26 12:37:55.764] [debug] Core [3] : issued tile 0 
[2026-05-26 12:37:55.764] [debug] Core [3] : Memory unit idle cycle 499 Systolic bubble cycle 3901440 Core idle cycle 241 
[2026-05-26 12:37:55.764] [debug] Core [3] : PE Utilization(%) 0.38, Systolic Bubble(%) 47.62, Vector Unit Utilization(%) 0.00, Total cycle: 30500
[2026-05-26 12:37:55.764] [debug] Layer 118 Core 1 Finish Tile at 30521 Remain tile 2
[2026-05-26 12:37:55.765] [debug] Layer 118 Core 2 Finish Tile at 30582 Remain tile 1
[2026-05-26 12:37:55.765] [info] Layer layer0.attn.QKVgen finish at 30582
[2026-05-26 12:37:55.765] [info] Total compute time 1607
[2026-05-26 12:37:55.765] [info] executable layer count 1
[2026-05-26 12:37:55.765] [info] Start layer layer0.attn.KVccat
[2026-05-26 12:37:55.765] [debug] Layer layer0.attn.KVccat Core 1 Get Tile at 30583
[2026-05-26 12:37:55.765] [debug] Layer 120 Core 1 Finish Tile at 30584 Remain tile 1
[2026-05-26 12:37:55.765] [info] Layer layer0.attn.KVccat finish at 30584
[2026-05-26 12:37:55.765] [info] Total compute time 2
[2026-05-26 12:37:55.765] [info] executable layer count 1
[2026-05-26 12:37:55.765] [info] Start layer layer0.attn.Attention.0
[2026-05-26 12:37:55.765] [debug] Layer layer0.attn.Attention.0 Core 1 Get Tile at 30584
[2026-05-26 12:37:55.765] [debug] Layer layer0.attn.Attention.0 Core 2 Get Tile at 30584
[2026-05-26 12:37:55.765] [debug] Layer layer0.attn.Attention.0 Core 3 Get Tile at 30584
[2026-05-26 12:37:55.765] [debug] Layer layer0.attn.Attention.0 Core 0 Get Tile at 30585
[2026-05-26 12:37:55.793] [info] DRAM: Idle 49.40%
[2026-05-26 12:37:55.795] [info] Core [0] : MatMul active cycle 205 Vector active cycle 0 
[2026-05-26 12:37:55.795] [info] Core [0] : issued tile 1 
[2026-05-26 12:37:55.795] [info] Core [0] : Memory unit idle cycle 468 Systolic bubble cycle 0 Core idle cycle 85 
[2026-05-26 12:37:55.795] [info] Core [0] : PE Utilization(%) 0.00, Systolic Bubble(%) 0.00, Vector Unit Utilization(%) 0.00, Total cycle: 31000
[2026-05-26 12:37:55.795] [debug] Core [1] : MatMul active cycle 234 Vector active cycle 0 
[2026-05-26 12:37:55.795] [debug] Core [1] : issued tile 1 
[2026-05-26 12:37:55.795] [debug] Core [1] : Memory unit idle cycle 467 Systolic bubble cycle 308864 Core idle cycle 46 
[2026-05-26 12:37:55.795] [debug] Core [1] : PE Utilization(%) 0.03, Systolic Bubble(%) 3.77, Vector Unit Utilization(%) 0.00, Total cycle: 31000
[2026-05-26 12:37:55.795] [debug] Core [2] : MatMul active cycle 293 Vector active cycle 0 
[2026-05-26 12:37:55.795] [debug] Core [2] : issued tile 1 
[2026-05-26 12:37:55.795] [debug] Core [2] : Memory unit idle cycle 467 Systolic bubble cycle 1306240 Core idle cycle 0 
[2026-05-26 12:37:55.795] [debug] Core [2] : PE Utilization(%) 0.05, Systolic Bubble(%) 15.95, Vector Unit Utilization(%) 0.00, Total cycle: 31000
[2026-05-26 12:37:55.795] [debug] Core [3] : MatMul active cycle 216 Vector active cycle 0 
[2026-05-26 12:37:55.795] [debug] Core [3] : issued tile 1 
[2026-05-26 12:37:55.795] [debug] Core [3] : Memory unit idle cycle 468 Systolic bubble cycle 0 Core idle cycle 84 
[2026-05-26 12:37:55.795] [debug] Core [3] : PE Utilization(%) 0.00, Systolic Bubble(%) 0.00, Vector Unit Utilization(%) 0.00, Total cycle: 31000
[2026-05-26 12:37:55.796] [info] DRAM: Idle 100.00%
[2026-05-26 12:37:55.798] [info] Core [0] : MatMul active cycle 485 Vector active cycle 16 
[2026-05-26 12:37:55.798] [info] Core [0] : issued tile 1 
[2026-05-26 12:37:55.798] [info] Core [0] : Memory unit idle cycle 500 Systolic bubble cycle 4209270 Core idle cycle 0 
[2026-05-26 12:37:55.798] [info] Core [0] : PE Utilization(%) 0.22, Systolic Bubble(%) 51.38, Vector Unit Utilization(%) 3.20, Total cycle: 31500
[2026-05-26 12:37:55.798] [debug] Core [1] : MatMul active cycle 485 Vector active cycle 16 
[2026-05-26 12:37:55.798] [debug] Core [1] : issued tile 1 
[2026-05-26 12:37:55.798] [debug] Core [1] : Memory unit idle cycle 500 Systolic bubble cycle 4209270 Core idle cycle 0 
[2026-05-26 12:37:55.798] [debug] Core [1] : PE Utilization(%) 0.22, Systolic Bubble(%) 51.38, Vector Unit Utilization(%) 3.20, Total cycle: 31500
[2026-05-26 12:37:55.798] [debug] Core [2] : MatMul active cycle 485 Vector active cycle 16 
[2026-05-26 12:37:55.798] [debug] Core [2] : issued tile 1 
[2026-05-26 12:37:55.798] [debug] Core [2] : Memory unit idle cycle 500 Systolic bubble cycle 4209270 Core idle cycle 0 
[2026-05-26 12:37:55.798] [debug] Core [2] : PE Utilization(%) 0.22, Systolic Bubble(%) 51.38, Vector Unit Utilization(%) 3.20, Total cycle: 31500
[2026-05-26 12:37:55.798] [debug] Core [3] : MatMul active cycle 485 Vector active cycle 16 
[2026-05-26 12:37:55.798] [debug] Core [3] : issued tile 1 
[2026-05-26 12:37:55.798] [debug] Core [3] : Memory unit idle cycle 500 Systolic bubble cycle 4209270 Core idle cycle 0 
[2026-05-26 12:37:55.798] [debug] Core [3] : PE Utilization(%) 0.22, Systolic Bubble(%) 51.38, Vector Unit Utilization(%) 3.20, Total cycle: 31500
[2026-05-26 12:37:55.799] [info] DRAM: Idle 100.00%
[2026-05-26 12:37:55.800] [debug] Layer 124 Core 3 Finish Tile at 31829 Remain tile 4
[2026-05-26 12:37:55.800] [debug] Layer 124 Core 1 Finish Tile at 31830 Remain tile 3
[2026-05-26 12:37:55.800] [debug] Layer 124 Core 2 Finish Tile at 31832 Remain tile 2
[2026-05-26 12:37:55.800] [debug] Layer 124 Core 0 Finish Tile at 31840 Remain tile 1
[2026-05-26 12:37:55.800] [info] Layer layer0.attn.Attention.0 finish at 31840
[2026-05-26 12:37:55.800] [info] Total compute time 1256
[2026-05-26 12:37:55.800] [info] executable layer count 1
[2026-05-26 12:37:55.800] [info] Start layer layer0.attn.Atccat
[2026-05-26 12:37:55.800] [debug] Layer layer0.attn.Atccat Core 2 Get Tile at 31840
[2026-05-26 12:37:55.800] [debug] Layer 126 Core 2 Finish Tile at 31841 Remain tile 1
[2026-05-26 12:37:55.800] [info] Layer layer0.attn.Atccat finish at 31841
[2026-05-26 12:37:55.800] [info] Total compute time 1
[2026-05-26 12:37:55.800] [info] executable layer count 1
[2026-05-26 12:37:55.800] [info] Start layer layer0.attn.proj
[2026-05-26 12:37:55.800] [debug] Layer layer0.attn.proj Core 2 Get Tile at 31841
[2026-05-26 12:37:55.800] [debug] Layer layer0.attn.proj Core 1 Get Tile at 31842
[2026-05-26 12:37:55.821] [info] HBM2-CH_0: BW utilization 21% (2098 reads, 12 writes)
[2026-05-26 12:37:55.821] [debug] HBM2-CH_1: BW utilization 22% (2112 reads, 14 writes)
[2026-05-26 12:37:55.821] [debug] HBM2-CH_2: BW utilization 22% (2111 reads, 13 writes)
[2026-05-26 12:37:55.821] [debug] HBM2-CH_3: BW utilization 21% (2100 reads, 11 writes)
[2026-05-26 12:37:55.821] [debug] HBM2-CH_4: BW utilization 22% (2102 reads, 13 writes)
[2026-05-26 12:37:55.821] [debug] HBM2-CH_5: BW utilization 21% (2097 reads, 12 writes)
[2026-05-26 12:37:55.821] [debug] HBM2-CH_6: BW utilization 21% (2089 reads, 12 writes)
[2026-05-26 12:37:55.821] [debug] HBM2-CH_7: BW utilization 22% (2114 reads, 12 writes)
[2026-05-26 12:37:55.821] [debug] HBM2-CH_8: BW utilization 22% (2112 reads, 13 writes)
[2026-05-26 12:37:55.821] [debug] HBM2-CH_9: BW utilization 21% (2095 reads, 13 writes)
[2026-05-26 12:37:55.821] [debug] HBM2-CH_10: BW utilization 21% (2096 reads, 13 writes)
[2026-05-26 12:37:55.821] [debug] HBM2-CH_11: BW utilization 22% (2115 reads, 13 writes)
[2026-05-26 12:37:55.821] [debug] HBM2-CH_12: BW utilization 21% (2096 reads, 12 writes)
[2026-05-26 12:37:55.821] [debug] HBM2-CH_13: BW utilization 22% (2110 reads, 14 writes)
[2026-05-26 12:37:55.821] [debug] HBM2-CH_14: BW utilization 22% (2116 reads, 14 writes)
[2026-05-26 12:37:55.821] [debug] HBM2-CH_15: BW utilization 21% (2092 reads, 13 writes)
[2026-05-26 12:37:55.822] [info] Core [0] : MatMul active cycle 336 Vector active cycle 2 
[2026-05-26 12:37:55.822] [info] Core [0] : issued tile 0 
[2026-05-26 12:37:55.822] [info] Core [0] : Memory unit idle cycle 499 Systolic bubble cycle 4212108 Core idle cycle 143 
[2026-05-26 12:37:55.822] [info] Core [0] : PE Utilization(%) 0.18, Systolic Bubble(%) 51.42, Vector Unit Utilization(%) 0.40, Total cycle: 32000
[2026-05-26 12:37:55.822] [debug] Core [1] : MatMul active cycle 326 Vector active cycle 2 
[2026-05-26 12:37:55.822] [debug] Core [1] : issued tile 1 
[2026-05-26 12:37:55.822] [debug] Core [1] : Memory unit idle cycle 381 Systolic bubble cycle 4212108 Core idle cycle 0 
[2026-05-26 12:37:55.822] [debug] Core [1] : PE Utilization(%) 0.18, Systolic Bubble(%) 51.42, Vector Unit Utilization(%) 0.40, Total cycle: 32000
[2026-05-26 12:37:55.822] [debug] Core [2] : MatMul active cycle 328 Vector active cycle 2 
[2026-05-26 12:37:55.822] [debug] Core [2] : issued tile 1 
[2026-05-26 12:37:55.822] [debug] Core [2] : Memory unit idle cycle 402 Systolic bubble cycle 4212108 Core idle cycle 0 
[2026-05-26 12:37:55.822] [debug] Core [2] : PE Utilization(%) 0.18, Systolic Bubble(%) 51.42, Vector Unit Utilization(%) 0.40, Total cycle: 32000
[2026-05-26 12:37:55.822] [debug] Core [3] : MatMul active cycle 325 Vector active cycle 2 
[2026-05-26 12:37:55.822] [debug] Core [3] : issued tile 0 
[2026-05-26 12:37:55.822] [debug] Core [3] : Memory unit idle cycle 499 Systolic bubble cycle 4212108 Core idle cycle 154 
[2026-05-26 12:37:55.822] [debug] Core [3] : PE Utilization(%) 0.18, Systolic Bubble(%) 51.42, Vector Unit Utilization(%) 0.40, Total cycle: 32000
[2026-05-26 12:37:55.831] [info] DRAM: Idle 46.40%
[2026-05-26 12:37:55.838] [info] DRAM: Idle 86.00%
[2026-05-26 12:37:55.838] [info] Core [0] : MatMul active cycle 0 Vector active cycle 0 
[2026-05-26 12:37:55.838] [info] Core [0] : issued tile 0 
[2026-05-26 12:37:55.838] [info] Core [0] : Memory unit idle cycle 500 Systolic bubble cycle 0 Core idle cycle 500 
[2026-05-26 12:37:55.838] [info] Core [0] : PE Utilization(%) 0.00, Systolic Bubble(%) 0.00, Vector Unit Utilization(%) 0.00, Total cycle: 32500
[2026-05-26 12:37:55.838] [debug] Core [1] : MatMul active cycle 362 Vector active cycle 0 
[2026-05-26 12:37:55.838] [debug] Core [1] : issued tile 1 
[2026-05-26 12:37:55.838] [debug] Core [1] : Memory unit idle cycle 500 Systolic bubble cycle 1739392 Core idle cycle 0 
[2026-05-26 12:37:55.838] [debug] Core [1] : PE Utilization(%) 0.17, Systolic Bubble(%) 21.23, Vector Unit Utilization(%) 0.00, Total cycle: 32500
[2026-05-26 12:37:55.838] [debug] Core [2] : MatMul active cycle 364 Vector active cycle 0 
[2026-05-26 12:37:55.838] [debug] Core [2] : issued tile 1 
[2026-05-26 12:37:55.838] [debug] Core [2] : Memory unit idle cycle 500 Systolic bubble cycle 1774520 Core idle cycle 0 
[2026-05-26 12:37:55.838] [debug] Core [2] : PE Utilization(%) 0.14, Systolic Bubble(%) 21.66, Vector Unit Utilization(%) 0.00, Total cycle: 32500
[2026-05-26 12:37:55.838] [debug] Core [3] : MatMul active cycle 0 Vector active cycle 0 
[2026-05-26 12:37:55.838] [debug] Core [3] : issued tile 0 
[2026-05-26 12:37:55.838] [debug] Core [3] : Memory unit idle cycle 500 Systolic bubble cycle 0 Core idle cycle 500 
[2026-05-26 12:37:55.838] [debug] Core [3] : PE Utilization(%) 0.00, Systolic Bubble(%) 0.00, Vector Unit Utilization(%) 0.00, Total cycle: 32500
[2026-05-26 12:37:55.840] [debug] Layer 128 Core 2 Finish Tile at 32779 Remain tile 2
[2026-05-26 12:37:55.840] [debug] Layer 128 Core 1 Finish Tile at 32781 Remain tile 1
[2026-05-26 12:37:55.840] [info] Layer layer0.attn.proj finish at 32781
[2026-05-26 12:37:55.840] [info] Total compute time 940
[2026-05-26 12:37:55.840] [info] executable layer count 1
[2026-05-26 12:37:55.840] [info] Start layer layer0.attn.ln
[2026-05-26 12:37:55.840] [debug] Layer layer0.attn.ln Core 3 Get Tile at 32781
[2026-05-26 12:37:55.841] [debug] Layer 130 Core 3 Finish Tile at 32830 Remain tile 1
[2026-05-26 12:37:55.841] [info] Layer layer0.attn.ln finish at 32830
[2026-05-26 12:37:55.841] [info] Total compute time 49
[2026-05-26 12:37:55.841] [info] executable layer count 1
[2026-05-26 12:37:55.841] [info] Start layer layer0.ffn.fc1
[2026-05-26 12:37:55.841] [debug] Layer layer0.ffn.fc1 Core 3 Get Tile at 32830
[2026-05-26 12:37:55.841] [debug] Layer layer0.ffn.fc1 Core 0 Get Tile at 32831
[2026-05-26 12:37:55.841] [debug] Layer layer0.ffn.fc1 Core 1 Get Tile at 32831
[2026-05-26 12:37:55.841] [debug] Layer layer0.ffn.fc1 Core 2 Get Tile at 32831
[2026-05-26 12:37:55.855] [info] DRAM: Idle 78.40%
[2026-05-26 12:37:55.878] [info] Core [0] : MatMul active cycle 0 Vector active cycle 0 
[2026-05-26 12:37:55.878] [info] Core [0] : issued tile 1 
[2026-05-26 12:37:55.878] [info] Core [0] : Memory unit idle cycle 383 Systolic bubble cycle 0 Core idle cycle 331 
[2026-05-26 12:37:55.878] [info] Core [0] : PE Utilization(%) 0.00, Systolic Bubble(%) 0.00, Vector Unit Utilization(%) 0.00, Total cycle: 33000
[2026-05-26 12:37:55.878] [debug] Core [1] : MatMul active cycle 279 Vector active cycle 0 
[2026-05-26 12:37:55.878] [debug] Core [1] : issued tile 1 
[2026-05-26 12:37:55.878] [debug] Core [1] : Memory unit idle cycle 382 Systolic bubble cycle 4535424 Core idle cycle 33 
[2026-05-26 12:37:55.878] [debug] Core [1] : PE Utilization(%) 0.44, Systolic Bubble(%) 55.36, Vector Unit Utilization(%) 0.00, Total cycle: 33000
[2026-05-26 12:37:55.878] [debug] Core [2] : MatMul active cycle 277 Vector active cycle 0 
[2026-05-26 12:37:55.878] [debug] Core [2] : issued tile 1 
[2026-05-26 12:37:55.878] [debug] Core [2] : Memory unit idle cycle 382 Systolic bubble cycle 4509560 Core idle cycle 12 
[2026-05-26 12:37:55.878] [debug] Core [2] : PE Utilization(%) 0.35, Systolic Bubble(%) 55.05, Vector Unit Utilization(%) 0.00, Total cycle: 33000
[2026-05-26 12:37:55.878] [debug] Core [3] : MatMul active cycle 0 Vector active cycle 12 
[2026-05-26 12:37:55.878] [debug] Core [3] : issued tile 1 
[2026-05-26 12:37:55.878] [debug] Core [3] : Memory unit idle cycle 380 Systolic bubble cycle 0 Core idle cycle 281 
[2026-05-26 12:37:55.878] [debug] Core [3] : PE Utilization(%) 0.00, Systolic Bubble(%) 0.00, Vector Unit Utilization(%) 2.40, Total cycle: 33000
[2026-05-26 12:37:55.944] [info] DRAM: Idle 0.00%
[2026-05-26 12:37:55.948] [info] Core [0] : MatMul active cycle 102 Vector active cycle 0 
[2026-05-26 12:37:55.948] [info] Core [0] : issued tile 1 
[2026-05-26 12:37:55.948] [info] Core [0] : Memory unit idle cycle 500 Systolic bubble cycle 0 Core idle cycle 0 
[2026-05-26 12:37:55.948] [info] Core [0] : PE Utilization(%) 0.00, Systolic Bubble(%) 0.00, Vector Unit Utilization(%) 0.00, Total cycle: 33500
[2026-05-26 12:37:55.948] [debug] Core [1] : MatMul active cycle 97 Vector active cycle 0 
[2026-05-26 12:37:55.948] [debug] Core [1] : issued tile 1 
[2026-05-26 12:37:55.948] [debug] Core [1] : Memory unit idle cycle 500 Systolic bubble cycle 0 Core idle cycle 0 
[2026-05-26 12:37:55.948] [debug] Core [1] : PE Utilization(%) 0.00, Systolic Bubble(%) 0.00, Vector Unit Utilization(%) 0.00, Total cycle: 33500
[2026-05-26 12:37:55.948] [debug] Core [2] : MatMul active cycle 104 Vector active cycle 0 
[2026-05-26 12:37:55.948] [debug] Core [2] : issued tile 1 
[2026-05-26 12:37:55.948] [debug] Core [2] : Memory unit idle cycle 500 Systolic bubble cycle 0 Core idle cycle 0 
[2026-05-26 12:37:55.948] [debug] Core [2] : PE Utilization(%) 0.00, Systolic Bubble(%) 0.00, Vector Unit Utilization(%) 0.00, Total cycle: 33500
[2026-05-26 12:37:55.948] [debug] Core [3] : MatMul active cycle 97 Vector active cycle 0 
[2026-05-26 12:37:55.948] [debug] Core [3] : issued tile 1 
[2026-05-26 12:37:55.948] [debug] Core [3] : Memory unit idle cycle 500 Systolic bubble cycle 0 Core idle cycle 0 
[2026-05-26 12:37:55.948] [debug] Core [3] : PE Utilization(%) 0.00, Systolic Bubble(%) 0.00, Vector Unit Utilization(%) 0.00, Total cycle: 33500
[2026-05-26 12:37:55.950] [info] DRAM: Idle 82.40%
[2026-05-26 12:37:55.951] [info] Core [0] : MatMul active cycle 500 Vector active cycle 0 
[2026-05-26 12:37:55.951] [info] Core [0] : issued tile 1 
[2026-05-26 12:37:55.951] [info] Core [0] : Memory unit idle cycle 500 Systolic bubble cycle 5640832 Core idle cycle 0 
[2026-05-26 12:37:55.951] [info] Core [0] : PE Utilization(%) 0.54, Systolic Bubble(%) 68.86, Vector Unit Utilization(%) 0.00, Total cycle: 34000
[2026-05-26 12:37:55.951] [debug] Core [1] : MatMul active cycle 500 Vector active cycle 0 
[2026-05-26 12:37:55.951] [debug] Core [1] : issued tile 1 
[2026-05-26 12:37:55.951] [debug] Core [1] : Memory unit idle cycle 500 Systolic bubble cycle 5559552 Core idle cycle 0 
[2026-05-26 12:37:55.951] [debug] Core [1] : PE Utilization(%) 0.53, Systolic Bubble(%) 67.87, Vector Unit Utilization(%) 0.00, Total cycle: 34000
[2026-05-26 12:37:55.951] [debug] Core [2] : MatMul active cycle 500 Vector active cycle 0 
[2026-05-26 12:37:55.951] [debug] Core [2] : issued tile 1 
[2026-05-26 12:37:55.951] [debug] Core [2] : Memory unit idle cycle 500 Systolic bubble cycle 5673344 Core idle cycle 0 
[2026-05-26 12:37:55.951] [debug] Core [2] : PE Utilization(%) 0.55, Systolic Bubble(%) 69.25, Vector Unit Utilization(%) 0.00, Total cycle: 34000
[2026-05-26 12:37:55.951] [debug] Core [3] : MatMul active cycle 500 Vector active cycle 0 
[2026-05-26 12:37:55.951] [debug] Core [3] : issued tile 1 
[2026-05-26 12:37:55.951] [debug] Core [3] : Memory unit idle cycle 500 Systolic bubble cycle 5559552 Core idle cycle 0 
[2026-05-26 12:37:55.951] [debug] Core [3] : PE Utilization(%) 0.53, Systolic Bubble(%) 67.87, Vector Unit Utilization(%) 0.00, Total cycle: 34000
[2026-05-26 12:37:55.952] [debug] Layer 132 Core 2 Finish Tile at 34039 Remain tile 4
[2026-05-26 12:37:55.952] [debug] Layer 132 Core 0 Finish Tile at 34041 Remain tile 3
[2026-05-26 12:37:55.952] [debug] Layer 132 Core 1 Finish Tile at 34046 Remain tile 2
[2026-05-26 12:37:55.952] [debug] Layer 132 Core 3 Finish Tile at 34046 Remain tile 1
[2026-05-26 12:37:55.952] [info] Layer layer0.ffn.fc1 finish at 34046
[2026-05-26 12:37:55.952] [info] Total compute time 1216
[2026-05-26 12:37:55.952] [info] executable layer count 1
[2026-05-26 12:37:55.952] [info] Start layer layer0.ffn.act
[2026-05-26 12:37:55.952] [debug] Layer layer0.ffn.act Core 0 Get Tile at 34047
[2026-05-26 12:37:55.953] [debug] Layer 134 Core 0 Finish Tile at 34096 Remain tile 1
[2026-05-26 12:37:55.953] [info] Layer layer0.ffn.act finish at 34096
[2026-05-26 12:37:55.953] [info] Total compute time 50
[2026-05-26 12:37:55.953] [info] executable layer count 1
[2026-05-26 12:37:55.953] [info] Start layer layer0.ffn.fc2
[2026-05-26 12:37:55.953] [debug] Layer layer0.ffn.fc2 Core 1 Get Tile at 34096
[2026-05-26 12:37:55.953] [debug] Layer layer0.ffn.fc2 Core 2 Get Tile at 34096
[2026-05-26 12:37:55.960] [info] DRAM: Idle 79.80%
[2026-05-26 12:37:56.010] [info] Core [0] : MatMul active cycle 39 Vector active cycle 4 
[2026-05-26 12:37:56.010] [info] Core [0] : issued tile 0 
[2026-05-26 12:37:56.010] [info] Core [0] : Memory unit idle cycle 493 Systolic bubble cycle 633984 Core idle cycle 386 
[2026-05-26 12:37:56.010] [info] Core [0] : PE Utilization(%) 0.06, Systolic Bubble(%) 7.74, Vector Unit Utilization(%) 0.80, Total cycle: 34500
[2026-05-26 12:37:56.010] [debug] Core [1] : MatMul active cycle 44 Vector active cycle 0 
[2026-05-26 12:37:56.010] [debug] Core [1] : issued tile 1 
[2026-05-26 12:37:56.010] [debug] Core [1] : Memory unit idle cycle 240 Systolic bubble cycle 715264 Core idle cycle 32 
[2026-05-26 12:37:56.010] [debug] Core [1] : PE Utilization(%) 0.07, Systolic Bubble(%) 8.73, Vector Unit Utilization(%) 0.00, Total cycle: 34500
[2026-05-26 12:37:56.010] [debug] Core [2] : MatMul active cycle 37 Vector active cycle 0 
[2026-05-26 12:37:56.010] [debug] Core [2] : issued tile 1 
[2026-05-26 12:37:56.010] [debug] Core [2] : Memory unit idle cycle 288 Systolic bubble cycle 601472 Core idle cycle 40 
[2026-05-26 12:37:56.010] [debug] Core [2] : PE Utilization(%) 0.06, Systolic Bubble(%) 7.34, Vector Unit Utilization(%) 0.00, Total cycle: 34500
[2026-05-26 12:37:56.010] [debug] Core [3] : MatMul active cycle 44 Vector active cycle 0 
[2026-05-26 12:37:56.010] [debug] Core [3] : issued tile 0 
[2026-05-26 12:37:56.010] [debug] Core [3] : Memory unit idle cycle 499 Systolic bubble cycle 715264 Core idle cycle 437 
[2026-05-26 12:37:56.010] [debug] Core [3] : PE Utilization(%) 0.07, Systolic Bubble(%) 8.73, Vector Unit Utilization(%) 0.00, Total cycle: 34500
[2026-05-26 12:37:56.020] [info] DRAM: Idle 0.00%
[2026-05-26 12:37:56.033] [info] DRAM: Idle 67.40%
[2026-05-26 12:37:56.033] [info] Core [0] : MatMul active cycle 0 Vector active cycle 0 
[2026-05-26 12:37:56.033] [info] Core [0] : issued tile 0 
[2026-05-26 12:37:56.033] [info] Core [0] : Memory unit idle cycle 500 Systolic bubble cycle 0 Core idle cycle 500 
[2026-05-26 12:37:56.033] [info] Core [0] : PE Utilization(%) 0.00, Systolic Bubble(%) 0.00, Vector Unit Utilization(%) 0.00, Total cycle: 35000
[2026-05-26 12:37:56.033] [debug] Core [1] : MatMul active cycle 285 Vector active cycle 0 
[2026-05-26 12:37:56.033] [debug] Core [1] : issued tile 1 
[2026-05-26 12:37:56.033] [debug] Core [1] : Memory unit idle cycle 500 Systolic bubble cycle 487680 Core idle cycle 0 
[2026-05-26 12:37:56.033] [debug] Core [1] : PE Utilization(%) 0.05, Systolic Bubble(%) 5.95, Vector Unit Utilization(%) 0.00, Total cycle: 35000
[2026-05-26 12:37:56.033] [debug] Core [2] : MatMul active cycle 322 Vector active cycle 0 
[2026-05-26 12:37:56.033] [debug] Core [2] : issued tile 1 
[2026-05-26 12:37:56.033] [debug] Core [2] : Memory unit idle cycle 500 Systolic bubble cycle 1090760 Core idle cycle 0 
[2026-05-26 12:37:56.033] [debug] Core [2] : PE Utilization(%) 0.09, Systolic Bubble(%) 13.31, Vector Unit Utilization(%) 0.00, Total cycle: 35000
[2026-05-26 12:37:56.033] [debug] Core [3] : MatMul active cycle 0 Vector active cycle 0 
[2026-05-26 12:37:56.033] [debug] Core [3] : issued tile 0 
[2026-05-26 12:37:56.033] [debug] Core [3] : Memory unit idle cycle 500 Systolic bubble cycle 0 Core idle cycle 500 
[2026-05-26 12:37:56.033] [debug] Core [3] : PE Utilization(%) 0.00, Systolic Bubble(%) 0.00, Vector Unit Utilization(%) 0.00, Total cycle: 35000
[2026-05-26 12:37:56.035] [info] DRAM: Idle 100.00%
[2026-05-26 12:37:56.036] [info] Core [0] : MatMul active cycle 0 Vector active cycle 0 
[2026-05-26 12:37:56.036] [info] Core [0] : issued tile 0 
[2026-05-26 12:37:56.036] [info] Core [0] : Memory unit idle cycle 500 Systolic bubble cycle 0 Core idle cycle 500 
[2026-05-26 12:37:56.036] [info] Core [0] : PE Utilization(%) 0.00, Systolic Bubble(%) 0.00, Vector Unit Utilization(%) 0.00, Total cycle: 35500
[2026-05-26 12:37:56.036] [debug] Core [1] : MatMul active cycle 500 Vector active cycle 0 
[2026-05-26 12:37:56.036] [debug] Core [1] : issued tile 1 
[2026-05-26 12:37:56.036] [debug] Core [1] : Memory unit idle cycle 500 Systolic bubble cycle 8128000 Core idle cycle 0 
[2026-05-26 12:37:56.036] [debug] Core [1] : PE Utilization(%) 0.78, Systolic Bubble(%) 99.22, Vector Unit Utilization(%) 0.00, Total cycle: 35500
[2026-05-26 12:37:56.036] [debug] Core [2] : MatMul active cycle 500 Vector active cycle 0 
[2026-05-26 12:37:56.036] [debug] Core [2] : issued tile 1 
[2026-05-26 12:37:56.036] [debug] Core [2] : Memory unit idle cycle 500 Systolic bubble cycle 8140000 Core idle cycle 0 
[2026-05-26 12:37:56.036] [debug] Core [2] : PE Utilization(%) 0.63, Systolic Bubble(%) 99.37, Vector Unit Utilization(%) 0.00, Total cycle: 35500
[2026-05-26 12:37:56.036] [debug] Core [3] : MatMul active cycle 0 Vector active cycle 0 
[2026-05-26 12:37:56.036] [debug] Core [3] : issued tile 0 
[2026-05-26 12:37:56.036] [debug] Core [3] : Memory unit idle cycle 500 Systolic bubble cycle 0 Core idle cycle 500 
[2026-05-26 12:37:56.036] [debug] Core [3] : PE Utilization(%) 0.00, Systolic Bubble(%) 0.00, Vector Unit Utilization(%) 0.00, Total cycle: 35500
[2026-05-26 12:37:56.037] [debug] Layer 136 Core 2 Finish Tile at 35577 Remain tile 2
[2026-05-26 12:37:56.037] [debug] Layer 136 Core 1 Finish Tile at 35614 Remain tile 1
[2026-05-26 12:37:56.037] [info] Layer layer0.ffn.fc2 finish at 35614
[2026-05-26 12:37:56.037] [info] Total compute time 1518
[2026-05-26 12:37:56.037] [info] executable layer count 1
[2026-05-26 12:37:56.037] [info] Start layer layer0.ffn.ln
[2026-05-26 12:37:56.037] [debug] Layer layer0.ffn.ln Core 1 Get Tile at 35614
[2026-05-26 12:37:56.038] [debug] Layer 138 Core 1 Finish Tile at 35659 Remain tile 1
[2026-05-26 12:37:56.038] [info] Layer layer0.ffn.ln finish at 35659
[2026-05-26 12:37:56.038] [info] Total compute time 45
[2026-05-26 12:37:56.038] [info] Model[tiny_transformer] Request: 28 us, Start: 28 us, finish:35 us, Current Cycle:35659
[2026-05-26 12:37:56.038] [info] No total_seq_len!
[2026-05-26 12:37:56.038] [info] Total Memory Usage: 0.01 GB
[2026-05-26 12:37:56.038] [info] Weight Memory Usage: 0.01 GB
[2026-05-26 12:37:56.038] [info] KV Memory Usage: 0.00 GB
[2026-05-26 12:37:56.038] [info] Activation Memory Usage: 0.00 GB
[2026-05-26 12:37:56.038] [debug] [Gemm] input_shape: [1, 232]
[2026-05-26 12:37:56.038] [debug] [Gemm] output_shape : [1, 696]
[2026-05-26 12:37:56.038] [info] [GEMM] spad_size: 33554432 accum_size: 4194304
[2026-05-26 12:37:56.038] [info] [GEMM] required_sram_size: 131072 required_accum_size: 32768
[2026-05-26 12:37:56.038] [info] [GEMM] Used mapping: Total N:1 C:232 M:696 | Outer N:1 C:1 M:6 | Inner N:128 C:256 M:128
[2026-05-26 12:37:56.039] [info] [GemmWs] Keys K = 232, N = 1, M = 696
[2026-05-26 12:37:56.039] [info] [GemmWS]: total 0.00032364 GFLOPs, 0.000326192 GB
[2026-05-26 12:37:56.039] [info] [GemmWS]: Theoretical time(ms): 0.0005312573421178968 Compute time: 2.469177307062864e-06 Memory time: 0.0005312573421178968
[2026-05-26 12:37:56.039] [debug] [KVCacheConcat] input_token_lengths: [1]
[2026-05-26 12:37:56.039] [debug] [KVCacheConcat] number of tiles: 1
[2026-05-26 12:37:56.039] [info] [Attention] total_spad_size_per_head: 16356 B
[2026-05-26 12:37:56.039] [info] [Attention] total_acc_size_per_head: 140 B
[2026-05-26 12:37:56.039] [info] [Attention] q_len: 1, seq_len: 70, dk: 58, heads per tile 1
[2026-05-26 12:37:56.039] [info] [Attention] Spad size 16777216
[2026-05-26 12:37:56.039] [info] [Attention] Accum spad size 2097152
[2026-05-26 12:37:56.039] [info] Mapping info Total Loop: N4 C58 M70 S1 R1 Q1 P1 Tile Out Loop: N4 C1 M1 S1 R1 Q1 P1 Tile In Loop: N1 C58 M70 S1 R1 Q1 P1
[2026-05-26 12:37:56.040] [info] [Attention] QK 3.248e-05 GFLOPs
[2026-05-26 12:37:56.040] [info] [Attention] total 6.776e-05 GFLOPs, 6.5887994e-05 GB
[2026-05-26 12:37:56.040] [info] [Attention] Theoretical time(ms): 0.00010730944 Compute time: 8.374023e-07 Memory time: 0.00010730944
[2026-05-26 12:37:56.040] [info] [Attention] QK compute 0.0000ms Softmax compute 0.0000ms SV compute 0.0000ms
[2026-05-26 12:37:56.040] [debug] [Gemm] input_shape: [1, 232]
[2026-05-26 12:37:56.040] [debug] [Gemm] output_shape : [1, 232]
[2026-05-26 12:37:56.040] [info] [GEMM] spad_size: 33554432 accum_size: 4194304
[2026-05-26 12:37:56.040] [info] [GEMM] required_sram_size: 131072 required_accum_size: 32768
[2026-05-26 12:37:56.040] [info] [GEMM] Used mapping: Total N:1 C:232 M:232 | Outer N:1 C:1 M:2 | Inner N:128 C:256 M:128
[2026-05-26 12:37:56.040] [info] [GemmWs] Keys K = 232, N = 1, M = 232
[2026-05-26 12:37:56.040] [info] [GemmWS]: total 0.00010787999 GFLOPs, 0.000109040004 GB
[2026-05-26 12:37:56.040] [info] [GemmWS]: Theoretical time(ms): 0.00017758958392732893 Compute time: 8.230590098357027e-07 Memory time: 0.00017758958392732893
[2026-05-26 12:37:56.040] [info] [SkipLayerNorm] tokens_per_tile: 1
[2026-05-26 12:37:56.040] [debug] [Gemm] input_shape: [1, 232]
[2026-05-26 12:37:56.040] [debug] [Gemm] output_shape : [1, 512]
[2026-05-26 12:37:56.040] [info] [GEMM] spad_size: 33554432 accum_size: 4194304
[2026-05-26 12:37:56.040] [info] [GEMM] required_sram_size: 131072 required_accum_size: 32768
[2026-05-26 12:37:56.040] [info] [GEMM] Used mapping: Total N:1 C:232 M:512 | Outer N:1 C:1 M:4 | Inner N:128 C:256 M:128
[2026-05-26 12:37:56.041] [info] [GemmWs] Keys K = 232, N = 1, M = 512
[2026-05-26 12:37:56.041] [info] [GemmWS]: total 0.000237568 GFLOPs, 0.000239056 GB
[2026-05-26 12:37:56.041] [info] [GemmWS]: Theoretical time(ms): 0.0003893420057465846 Compute time: 1.81250003894462e-06 Memory time: 0.0003893420057465846
[2026-05-26 12:37:56.041] [info] [BiasAct] tokens_per_tile: 1
[2026-05-26 12:37:56.041] [debug] [Gemm] input_shape: [1, 512]
[2026-05-26 12:37:56.041] [debug] [Gemm] output_shape : [1, 232]
[2026-05-26 12:37:56.041] [info] [GEMM] spad_size: 33554432 accum_size: 4194304
[2026-05-26 12:37:56.041] [info] [GEMM] required_sram_size: 262144 required_accum_size: 32768
[2026-05-26 12:37:56.041] [info] [GEMM] Used mapping: Total N:1 C:512 M:232 | Outer N:1 C:1 M:2 | Inner N:128 C:512 M:128
[2026-05-26 12:37:56.042] [info] [GemmWs] Keys K = 512, N = 1, M = 232
[2026-05-26 12:37:56.042] [info] [GemmWS]: total 0.00023779999 GFLOPs, 0.00023952 GB
[2026-05-26 12:37:56.042] [info] [GemmWS]: Theoretical time(ms): 0.00039009771057862963 Compute time: 1.8142699564904774e-06 Memory time: 0.00039009771057862963
[2026-05-26 12:37:56.042] [info] [SkipLayerNorm] tokens_per_tile: 1
[2026-05-26 12:37:56.042] [debug] runnable op, 
[2026-05-26 12:37:56.042] [info]  Model initialization time: 0.004786 seconds
[2026-05-26 12:37:56.042] [info] Schedule model: tiny_transformer at 35661000 us
[2026-05-26 12:37:56.042] [info] MODEL tiny_transformer Scheduled, Total Request: 1
[2026-05-26 12:37:56.042] [info] executable layer count 1
[2026-05-26 12:37:56.042] [info] Start layer layer0.attn.QKVgen
[2026-05-26 12:37:56.042] [debug] Layer layer0.attn.QKVgen Core 0 Get Tile at 35660
[2026-05-26 12:37:56.042] [debug] Layer layer0.attn.QKVgen Core 1 Get Tile at 35660
[2026-05-26 12:37:56.042] [debug] Layer layer0.attn.QKVgen Core 2 Get Tile at 35660
[2026-05-26 12:37:56.042] [debug] Layer layer0.attn.QKVgen Core 3 Get Tile at 35660
[2026-05-26 12:37:56.042] [debug] Layer layer0.attn.QKVgen Core 0 Get Tile at 35661
[2026-05-26 12:37:56.042] [debug] Layer layer0.attn.QKVgen Core 3 Get Tile at 35661
[2026-05-26 12:37:56.078] [info] DRAM: Idle 55.20%
[2026-05-26 12:37:56.119] [info] Core [0] : MatMul active cycle 0 Vector active cycle 0 
[2026-05-26 12:37:56.119] [info] Core [0] : issued tile 2 
[2026-05-26 12:37:56.119] [info] Core [0] : Memory unit idle cycle 330 Systolic bubble cycle 0 Core idle cycle 160 
[2026-05-26 12:37:56.119] [info] Core [0] : PE Utilization(%) 0.00, Systolic Bubble(%) 0.00, Vector Unit Utilization(%) 0.00, Total cycle: 36000
[2026-05-26 12:37:56.119] [debug] Core [1] : MatMul active cycle 112 Vector active cycle 12 
[2026-05-26 12:37:56.119] [debug] Core [1] : issued tile 1 
[2026-05-26 12:37:56.119] [debug] Core [1] : Memory unit idle cycle 378 Systolic bubble cycle 1820672 Core idle cycle 0 
[2026-05-26 12:37:56.119] [debug] Core [1] : PE Utilization(%) 0.17, Systolic Bubble(%) 22.23, Vector Unit Utilization(%) 2.40, Total cycle: 36000
[2026-05-26 12:37:56.119] [debug] Core [2] : MatMul active cycle 75 Vector active cycle 0 
[2026-05-26 12:37:56.119] [debug] Core [2] : issued tile 1 
[2026-05-26 12:37:56.119] [debug] Core [2] : Memory unit idle cycle 381 Systolic bubble cycle 1221000 Core idle cycle 51 
[2026-05-26 12:37:56.119] [debug] Core [2] : PE Utilization(%) 0.10, Systolic Bubble(%) 14.90, Vector Unit Utilization(%) 0.00, Total cycle: 36000
[2026-05-26 12:37:56.119] [debug] Core [3] : MatMul active cycle 0 Vector active cycle 0 
[2026-05-26 12:37:56.119] [debug] Core [3] : issued tile 2 
[2026-05-26 12:37:56.119] [debug] Core [3] : Memory unit idle cycle 264 Systolic bubble cycle 0 Core idle cycle 160 
[2026-05-26 12:37:56.119] [debug] Core [3] : PE Utilization(%) 0.00, Systolic Bubble(%) 0.00, Vector Unit Utilization(%) 0.00, Total cycle: 36000
[2026-05-26 12:37:56.163] [info] DRAM: Idle 0.00%
[2026-05-26 12:37:56.183] [info] Core [0] : MatMul active cycle 172 Vector active cycle 0 
[2026-05-26 12:37:56.183] [info] Core [0] : issued tile 2 
[2026-05-26 12:37:56.183] [info] Core [0] : Memory unit idle cycle 500 Systolic bubble cycle 0 Core idle cycle 0 
[2026-05-26 12:37:56.183] [info] Core [0] : PE Utilization(%) 0.00, Systolic Bubble(%) 0.00, Vector Unit Utilization(%) 0.00, Total cycle: 36500
[2026-05-26 12:37:56.183] [debug] Core [1] : MatMul active cycle 192 Vector active cycle 0 
[2026-05-26 12:37:56.183] [debug] Core [1] : issued tile 1 
[2026-05-26 12:37:56.183] [debug] Core [1] : Memory unit idle cycle 500 Systolic bubble cycle 0 Core idle cycle 0 
[2026-05-26 12:37:56.183] [debug] Core [1] : PE Utilization(%) 0.00, Systolic Bubble(%) 0.00, Vector Unit Utilization(%) 0.00, Total cycle: 36500
[2026-05-26 12:37:56.183] [debug] Core [2] : MatMul active cycle 230 Vector active cycle 0 
[2026-05-26 12:37:56.183] [debug] Core [2] : issued tile 1 
[2026-05-26 12:37:56.183] [debug] Core [2] : Memory unit idle cycle 500 Systolic bubble cycle 0 Core idle cycle 0 
[2026-05-26 12:37:56.183] [debug] Core [2] : PE Utilization(%) 0.00, Systolic Bubble(%) 0.00, Vector Unit Utilization(%) 0.00, Total cycle: 36500
[2026-05-26 12:37:56.183] [debug] Core [3] : MatMul active cycle 183 Vector active cycle 0 
[2026-05-26 12:37:56.183] [debug] Core [3] : issued tile 2 
[2026-05-26 12:37:56.183] [debug] Core [3] : Memory unit idle cycle 500 Systolic bubble cycle 0 Core idle cycle 0 
[2026-05-26 12:37:56.183] [debug] Core [3] : PE Utilization(%) 0.00, Systolic Bubble(%) 0.00, Vector Unit Utilization(%) 0.00, Total cycle: 36500
[2026-05-26 12:37:56.185] [info] DRAM: Idle 50.40%
[2026-05-26 12:37:56.187] [debug] Layer 143 Core 2 Finish Tile at 36913 Remain tile 6
[2026-05-26 12:37:56.187] [debug] Layer 143 Core 1 Finish Tile at 36951 Remain tile 5
[2026-05-26 12:37:56.187] [debug] Layer 143 Core 3 Finish Tile at 36960 Remain tile 4
[2026-05-26 12:37:56.187] [debug] Layer 143 Core 0 Finish Tile at 36971 Remain tile 3
[2026-05-26 12:37:56.188] [info] Core [0] : MatMul active cycle 500 Vector active cycle 0 
[2026-05-26 12:37:56.188] [info] Core [0] : issued tile 1 
[2026-05-26 12:37:56.188] [info] Core [0] : Memory unit idle cycle 499 Systolic bubble cycle 6780984 Core idle cycle 0 
[2026-05-26 12:37:56.188] [info] Core [0] : PE Utilization(%) 0.62, Systolic Bubble(%) 82.78, Vector Unit Utilization(%) 0.00, Total cycle: 37000
[2026-05-26 12:37:56.188] [debug] Core [1] : MatMul active cycle 449 Vector active cycle 0 
[2026-05-26 12:37:56.188] [debug] Core [1] : issued tile 0 
[2026-05-26 12:37:56.188] [debug] Core [1] : Memory unit idle cycle 499 Systolic bubble cycle 6274816 Core idle cycle 32 
[2026-05-26 12:37:56.188] [debug] Core [1] : PE Utilization(%) 0.60, Systolic Bubble(%) 76.60, Vector Unit Utilization(%) 0.00, Total cycle: 37000
[2026-05-26 12:37:56.188] [debug] Core [2] : MatMul active cycle 411 Vector active cycle 0 
[2026-05-26 12:37:56.188] [debug] Core [2] : issued tile 0 
[2026-05-26 12:37:56.188] [debug] Core [2] : Memory unit idle cycle 499 Systolic bubble cycle 6274816 Core idle cycle 70 
[2026-05-26 12:37:56.188] [debug] Core [2] : PE Utilization(%) 0.60, Systolic Bubble(%) 76.60, Vector Unit Utilization(%) 0.00, Total cycle: 37000
[2026-05-26 12:37:56.188] [debug] Core [3] : MatMul active cycle 500 Vector active cycle 0 
[2026-05-26 12:37:56.188] [debug] Core [3] : issued tile 1 
[2026-05-26 12:37:56.188] [debug] Core [3] : Memory unit idle cycle 499 Systolic bubble cycle 6957568 Core idle cycle 0 
[2026-05-26 12:37:56.188] [debug] Core [3] : PE Utilization(%) 0.67, Systolic Bubble(%) 84.93, Vector Unit Utilization(%) 0.00, Total cycle: 37000
[2026-05-26 12:37:56.188] [info] DRAM: Idle 95.60%
[2026-05-26 12:37:56.189] [debug] Layer 143 Core 3 Finish Tile at 37216 Remain tile 2
[2026-05-26 12:37:56.189] [debug] Layer 143 Core 0 Finish Tile at 37227 Remain tile 1
[2026-05-26 12:37:56.189] [info] Layer layer0.attn.QKVgen finish at 37227
[2026-05-26 12:37:56.189] [info] Total compute time 1567
[2026-05-26 12:37:56.189] [info] executable layer count 1
[2026-05-26 12:37:56.189] [info] Start layer layer0.attn.KVccat
[2026-05-26 12:37:56.189] [debug] Layer layer0.attn.KVccat Core 2 Get Tile at 37227
[2026-05-26 12:37:56.189] [debug] Layer 145 Core 2 Finish Tile at 37228 Remain tile 1
[2026-05-26 12:37:56.189] [info] Layer layer0.attn.KVccat finish at 37228
[2026-05-26 12:37:56.189] [info] Total compute time 1
[2026-05-26 12:37:56.189] [info] executable layer count 1
[2026-05-26 12:37:56.189] [info] Start layer layer0.attn.Attention.0
[2026-05-26 12:37:56.189] [debug] Layer layer0.attn.Attention.0 Core 2 Get Tile at 37228
[2026-05-26 12:37:56.189] [debug] Layer layer0.attn.Attention.0 Core 3 Get Tile at 37228
[2026-05-26 12:37:56.189] [debug] Layer layer0.attn.Attention.0 Core 0 Get Tile at 37229
[2026-05-26 12:37:56.189] [debug] Layer layer0.attn.Attention.0 Core 1 Get Tile at 37229
[2026-05-26 12:37:56.219] [info] DRAM: Idle 48.60%
[2026-05-26 12:37:56.220] [info] Core [0] : MatMul active cycle 319 Vector active cycle 0 
[2026-05-26 12:37:56.220] [info] Core [0] : issued tile 1 
[2026-05-26 12:37:56.220] [info] Core [0] : Memory unit idle cycle 466 Systolic bubble cycle 3673800 Core idle cycle 0 
[2026-05-26 12:37:56.220] [info] Core [0] : PE Utilization(%) 0.15, Systolic Bubble(%) 44.85, Vector Unit Utilization(%) 0.00, Total cycle: 37500
[2026-05-26 12:37:56.220] [debug] Core [1] : MatMul active cycle 69 Vector active cycle 0 
[2026-05-26 12:37:56.220] [debug] Core [1] : issued tile 1 
[2026-05-26 12:37:56.220] [debug] Core [1] : Memory unit idle cycle 468 Systolic bubble cycle 0 Core idle cycle 229 
[2026-05-26 12:37:56.220] [debug] Core [1] : PE Utilization(%) 0.00, Systolic Bubble(%) 0.00, Vector Unit Utilization(%) 0.00, Total cycle: 37500
[2026-05-26 12:37:56.220] [debug] Core [2] : MatMul active cycle 71 Vector active cycle 0 
[2026-05-26 12:37:56.220] [debug] Core [2] : issued tile 1 
[2026-05-26 12:37:56.220] [debug] Core [2] : Memory unit idle cycle 467 Systolic bubble cycle 0 Core idle cycle 228 
[2026-05-26 12:37:56.220] [debug] Core [2] : PE Utilization(%) 0.00, Systolic Bubble(%) 0.00, Vector Unit Utilization(%) 0.00, Total cycle: 37500
[2026-05-26 12:37:56.220] [debug] Core [3] : MatMul active cycle 275 Vector active cycle 0 
[2026-05-26 12:37:56.220] [debug] Core [3] : issued tile 1 
[2026-05-26 12:37:56.220] [debug] Core [3] : Memory unit idle cycle 467 Systolic bubble cycle 3478784 Core idle cycle 0 
[2026-05-26 12:37:56.220] [debug] Core [3] : PE Utilization(%) 0.33, Systolic Bubble(%) 42.47, Vector Unit Utilization(%) 0.00, Total cycle: 37500
[2026-05-26 12:37:56.222] [info] DRAM: Idle 100.00%
[2026-05-26 12:37:56.223] [info] Core [0] : MatMul active cycle 485 Vector active cycle 16 
[2026-05-26 12:37:56.223] [info] Core [0] : issued tile 1 
[2026-05-26 12:37:56.223] [info] Core [0] : Memory unit idle cycle 500 Systolic bubble cycle 4209012 Core idle cycle 0 
[2026-05-26 12:37:56.223] [info] Core [0] : PE Utilization(%) 0.22, Systolic Bubble(%) 51.38, Vector Unit Utilization(%) 3.20, Total cycle: 38000
[2026-05-26 12:37:56.223] [debug] Core [1] : MatMul active cycle 485 Vector active cycle 16 
[2026-05-26 12:37:56.223] [debug] Core [1] : issued tile 1 
[2026-05-26 12:37:56.223] [debug] Core [1] : Memory unit idle cycle 500 Systolic bubble cycle 4209012 Core idle cycle 0 
[2026-05-26 12:37:56.223] [debug] Core [1] : PE Utilization(%) 0.22, Systolic Bubble(%) 51.38, Vector Unit Utilization(%) 3.20, Total cycle: 38000
[2026-05-26 12:37:56.223] [debug] Core [2] : MatMul active cycle 485 Vector active cycle 16 
[2026-05-26 12:37:56.223] [debug] Core [2] : issued tile 1 
[2026-05-26 12:37:56.223] [debug] Core [2] : Memory unit idle cycle 500 Systolic bubble cycle 4209012 Core idle cycle 0 
[2026-05-26 12:37:56.223] [debug] Core [2] : PE Utilization(%) 0.22, Systolic Bubble(%) 51.38, Vector Unit Utilization(%) 3.20, Total cycle: 38000
[2026-05-26 12:37:56.223] [debug] Core [3] : MatMul active cycle 485 Vector active cycle 16 
[2026-05-26 12:37:56.223] [debug] Core [3] : issued tile 1 
[2026-05-26 12:37:56.223] [debug] Core [3] : Memory unit idle cycle 500 Systolic bubble cycle 4209012 Core idle cycle 0 
[2026-05-26 12:37:56.223] [debug] Core [3] : PE Utilization(%) 0.22, Systolic Bubble(%) 51.38, Vector Unit Utilization(%) 3.20, Total cycle: 38000
[2026-05-26 12:37:56.225] [info] DRAM: Idle 100.00%
[2026-05-26 12:37:56.226] [debug] Layer 149 Core 0 Finish Tile at 38451 Remain tile 4
[2026-05-26 12:37:56.226] [debug] Layer 149 Core 2 Finish Tile at 38474 Remain tile 3
[2026-05-26 12:37:56.226] [debug] Layer 149 Core 1 Finish Tile at 38476 Remain tile 2
[2026-05-26 12:37:56.226] [debug] Layer 149 Core 3 Finish Tile at 38484 Remain tile 1
[2026-05-26 12:37:56.226] [info] Layer layer0.attn.Attention.0 finish at 38484
[2026-05-26 12:37:56.226] [info] Total compute time 1256
[2026-05-26 12:37:56.226] [info] executable layer count 1
[2026-05-26 12:37:56.226] [info] Start layer layer0.attn.Atccat
[2026-05-26 12:37:56.226] [debug] Layer layer0.attn.Atccat Core 3 Get Tile at 38484
[2026-05-26 12:37:56.226] [debug] Layer 151 Core 3 Finish Tile at 38485 Remain tile 1
[2026-05-26 12:37:56.226] [info] Layer layer0.attn.Atccat finish at 38485
[2026-05-26 12:37:56.226] [info] Total compute time 1
[2026-05-26 12:37:56.226] [info] executable layer count 1
[2026-05-26 12:37:56.226] [info] Start layer layer0.attn.proj
[2026-05-26 12:37:56.226] [debug] Layer layer0.attn.proj Core 3 Get Tile at 38485
[2026-05-26 12:37:56.226] [debug] Layer layer0.attn.proj Core 0 Get Tile at 38486
[2026-05-26 12:37:56.227] [info] Core [0] : MatMul active cycle 447 Vector active cycle 2 
[2026-05-26 12:37:56.227] [info] Core [0] : issued tile 1 
[2026-05-26 12:37:56.227] [info] Core [0] : Memory unit idle cycle 486 Systolic bubble cycle 4212108 Core idle cycle 18 
[2026-05-26 12:37:56.227] [info] Core [0] : PE Utilization(%) 0.18, Systolic Bubble(%) 51.42, Vector Unit Utilization(%) 0.40, Total cycle: 38500
[2026-05-26 12:37:56.227] [debug] Core [1] : MatMul active cycle 472 Vector active cycle 2 
[2026-05-26 12:37:56.227] [debug] Core [1] : issued tile 0 
[2026-05-26 12:37:56.227] [debug] Core [1] : Memory unit idle cycle 499 Systolic bubble cycle 4212108 Core idle cycle 7 
[2026-05-26 12:37:56.227] [debug] Core [1] : PE Utilization(%) 0.18, Systolic Bubble(%) 51.42, Vector Unit Utilization(%) 0.40, Total cycle: 38500
[2026-05-26 12:37:56.227] [debug] Core [2] : MatMul active cycle 470 Vector active cycle 2 
[2026-05-26 12:37:56.227] [debug] Core [2] : issued tile 0 
[2026-05-26 12:37:56.227] [debug] Core [2] : Memory unit idle cycle 499 Systolic bubble cycle 4212108 Core idle cycle 9 
[2026-05-26 12:37:56.227] [debug] Core [2] : PE Utilization(%) 0.18, Systolic Bubble(%) 51.42, Vector Unit Utilization(%) 0.40, Total cycle: 38500
[2026-05-26 12:37:56.227] [debug] Core [3] : MatMul active cycle 480 Vector active cycle 2 
[2026-05-26 12:37:56.227] [debug] Core [3] : issued tile 1 
[2026-05-26 12:37:56.227] [debug] Core [3] : Memory unit idle cycle 485 Systolic bubble cycle 4212108 Core idle cycle 0 
[2026-05-26 12:37:56.227] [debug] Core [3] : PE Utilization(%) 0.18, Systolic Bubble(%) 51.42, Vector Unit Utilization(%) 0.40, Total cycle: 38500
[2026-05-26 12:37:56.259] [info] DRAM: Idle 41.60%
[2026-05-26 12:37:56.263] [info] Core [0] : MatMul active cycle 216 Vector active cycle 0 
[2026-05-26 12:37:56.263] [info] Core [0] : issued tile 1 
[2026-05-26 12:37:56.263] [info] Core [0] : Memory unit idle cycle 416 Systolic bubble cycle 0 Core idle cycle 0 
[2026-05-26 12:37:56.263] [info] Core [0] : PE Utilization(%) 0.00, Systolic Bubble(%) 0.00, Vector Unit Utilization(%) 0.00, Total cycle: 39000
[2026-05-26 12:37:56.263] [debug] Core [1] : MatMul active cycle 0 Vector active cycle 0 
[2026-05-26 12:37:56.263] [debug] Core [1] : issued tile 0 
[2026-05-26 12:37:56.263] [debug] Core [1] : Memory unit idle cycle 500 Systolic bubble cycle 0 Core idle cycle 500 
[2026-05-26 12:37:56.263] [debug] Core [1] : PE Utilization(%) 0.00, Systolic Bubble(%) 0.00, Vector Unit Utilization(%) 0.00, Total cycle: 39000
[2026-05-26 12:37:56.263] [debug] Core [2] : MatMul active cycle 0 Vector active cycle 0 
[2026-05-26 12:37:56.263] [debug] Core [2] : issued tile 0 
[2026-05-26 12:37:56.263] [debug] Core [2] : Memory unit idle cycle 500 Systolic bubble cycle 0 Core idle cycle 500 
[2026-05-26 12:37:56.263] [debug] Core [2] : PE Utilization(%) 0.00, Systolic Bubble(%) 0.00, Vector Unit Utilization(%) 0.00, Total cycle: 39000
[2026-05-26 12:37:56.263] [debug] Core [3] : MatMul active cycle 214 Vector active cycle 0 
[2026-05-26 12:37:56.263] [debug] Core [3] : issued tile 1 
[2026-05-26 12:37:56.263] [debug] Core [3] : Memory unit idle cycle 396 Systolic bubble cycle 0 Core idle cycle 0 
[2026-05-26 12:37:56.263] [debug] Core [3] : PE Utilization(%) 0.00, Systolic Bubble(%) 0.00, Vector Unit Utilization(%) 0.00, Total cycle: 39000
[2026-05-26 12:37:56.264] [info] DRAM: Idle 90.00%
[2026-05-26 12:37:56.266] [debug] Layer 153 Core 0 Finish Tile at 39427 Remain tile 2
[2026-05-26 12:37:56.266] [debug] Layer 153 Core 3 Finish Tile at 39429 Remain tile 1
[2026-05-26 12:37:56.266] [info] Layer layer0.attn.proj finish at 39429
[2026-05-26 12:37:56.266] [info] Total compute time 944
[2026-05-26 12:37:56.266] [info] executable layer count 1
[2026-05-26 12:37:56.266] [info] Start layer layer0.attn.ln
[2026-05-26 12:37:56.266] [debug] Layer layer0.attn.ln Core 0 Get Tile at 39430
[2026-05-26 12:37:56.266] [debug] Layer 155 Core 0 Finish Tile at 39478 Remain tile 1
[2026-05-26 12:37:56.266] [info] Layer layer0.attn.ln finish at 39478
[2026-05-26 12:37:56.266] [info] Total compute time 49
[2026-05-26 12:37:56.266] [info] executable layer count 1
[2026-05-26 12:37:56.266] [info] Start layer layer0.ffn.fc1
[2026-05-26 12:37:56.266] [debug] Layer layer0.ffn.fc1 Core 0 Get Tile at 39478
[2026-05-26 12:37:56.266] [debug] Layer layer0.ffn.fc1 Core 1 Get Tile at 39478
[2026-05-26 12:37:56.266] [debug] Layer layer0.ffn.fc1 Core 2 Get Tile at 39478
[2026-05-26 12:37:56.266] [debug] Layer layer0.ffn.fc1 Core 3 Get Tile at 39478
[2026-05-26 12:37:56.270] [info] Core [0] : MatMul active cycle 425 Vector active cycle 12 
[2026-05-26 12:37:56.270] [info] Core [0] : issued tile 1 
[2026-05-26 12:37:56.270] [info] Core [0] : Memory unit idle cycle 475 Systolic bubble cycle 6284080 Core idle cycle 0 
[2026-05-26 12:37:56.270] [info] Core [0] : PE Utilization(%) 0.49, Systolic Bubble(%) 76.71, Vector Unit Utilization(%) 2.40, Total cycle: 39500
[2026-05-26 12:37:56.270] [debug] Core [1] : MatMul active cycle 0 Vector active cycle 0 
[2026-05-26 12:37:56.270] [debug] Core [1] : issued tile 1 
[2026-05-26 12:37:56.270] [debug] Core [1] : Memory unit idle cycle 479 Systolic bubble cycle 0 Core idle cycle 478 
[2026-05-26 12:37:56.270] [debug] Core [1] : PE Utilization(%) 0.00, Systolic Bubble(%) 0.00, Vector Unit Utilization(%) 0.00, Total cycle: 39500
[2026-05-26 12:37:56.270] [debug] Core [2] : MatMul active cycle 0 Vector active cycle 0 
[2026-05-26 12:37:56.270] [debug] Core [2] : issued tile 1 
[2026-05-26 12:37:56.270] [debug] Core [2] : Memory unit idle cycle 479 Systolic bubble cycle 0 Core idle cycle 478 
[2026-05-26 12:37:56.270] [debug] Core [2] : PE Utilization(%) 0.00, Systolic Bubble(%) 0.00, Vector Unit Utilization(%) 0.00, Total cycle: 39500
[2026-05-26 12:37:56.270] [debug] Core [3] : MatMul active cycle 427 Vector active cycle 0 
[2026-05-26 12:37:56.270] [debug] Core [3] : issued tile 1 
[2026-05-26 12:37:56.270] [debug] Core [3] : Memory unit idle cycle 478 Systolic bubble cycle 6274816 Core idle cycle 32 
[2026-05-26 12:37:56.270] [debug] Core [3] : PE Utilization(%) 0.60, Systolic Bubble(%) 76.60, Vector Unit Utilization(%) 0.00, Total cycle: 39500
[2026-05-26 12:37:56.285] [info] DRAM: Idle 74.40%
[2026-05-26 12:37:56.372] [info] DRAM: Idle 0.00%
[2026-05-26 12:37:56.372] [info] HBM2-CH_0: BW utilization 26% (2497 reads, 13 writes)
[2026-05-26 12:37:56.372] [debug] HBM2-CH_1: BW utilization 26% (2494 reads, 14 writes)
[2026-05-26 12:37:56.372] [debug] HBM2-CH_2: BW utilization 26% (2485 reads, 15 writes)
[2026-05-26 12:37:56.372] [debug] HBM2-CH_3: BW utilization 25% (2477 reads, 13 writes)
[2026-05-26 12:37:56.372] [debug] HBM2-CH_4: BW utilization 26% (2486 reads, 14 writes)
[2026-05-26 12:37:56.372] [debug] HBM2-CH_5: BW utilization 26% (2489 reads, 12 writes)
[2026-05-26 12:37:56.372] [debug] HBM2-CH_6: BW utilization 26% (2488 reads, 13 writes)
[2026-05-26 12:37:56.372] [debug] HBM2-CH_7: BW utilization 25% (2477 reads, 14 writes)
[2026-05-26 12:37:56.372] [debug] HBM2-CH_8: BW utilization 26% (2482 reads, 15 writes)
[2026-05-26 12:37:56.372] [debug] HBM2-CH_9: BW utilization 26% (2483 reads, 13 writes)
[2026-05-26 12:37:56.372] [debug] HBM2-CH_10: BW utilization 25% (2481 reads, 13 writes)
[2026-05-26 12:37:56.372] [debug] HBM2-CH_11: BW utilization 25% (2478 reads, 15 writes)
[2026-05-26 12:37:56.372] [debug] HBM2-CH_12: BW utilization 25% (2470 reads, 12 writes)
[2026-05-26 12:37:56.372] [debug] HBM2-CH_13: BW utilization 26% (2493 reads, 13 writes)
[2026-05-26 12:37:56.372] [debug] HBM2-CH_14: BW utilization 26% (2489 reads, 14 writes)
[2026-05-26 12:37:56.372] [debug] HBM2-CH_15: BW utilization 25% (2470 reads, 13 writes)
[2026-05-26 12:37:56.373] [info] Core [0] : MatMul active cycle 0 Vector active cycle 0 
[2026-05-26 12:37:56.373] [info] Core [0] : issued tile 1 
[2026-05-26 12:37:56.373] [info] Core [0] : Memory unit idle cycle 404 Systolic bubble cycle 0 Core idle cycle 0 
[2026-05-26 12:37:56.373] [info] Core [0] : PE Utilization(%) 0.00, Systolic Bubble(%) 0.00, Vector Unit Utilization(%) 0.00, Total cycle: 40000
[2026-05-26 12:37:56.373] [debug] Core [1] : MatMul active cycle 0 Vector active cycle 0 
[2026-05-26 12:37:56.373] [debug] Core [1] : issued tile 1 
[2026-05-26 12:37:56.373] [debug] Core [1] : Memory unit idle cycle 404 Systolic bubble cycle 0 Core idle cycle 0 
[2026-05-26 12:37:56.373] [debug] Core [1] : PE Utilization(%) 0.00, Systolic Bubble(%) 0.00, Vector Unit Utilization(%) 0.00, Total cycle: 40000
[2026-05-26 12:37:56.373] [debug] Core [2] : MatMul active cycle 0 Vector active cycle 0 
[2026-05-26 12:37:56.373] [debug] Core [2] : issued tile 1 
[2026-05-26 12:37:56.373] [debug] Core [2] : Memory unit idle cycle 404 Systolic bubble cycle 0 Core idle cycle 0 
[2026-05-26 12:37:56.373] [debug] Core [2] : PE Utilization(%) 0.00, Systolic Bubble(%) 0.00, Vector Unit Utilization(%) 0.00, Total cycle: 40000
[2026-05-26 12:37:56.373] [debug] Core [3] : MatMul active cycle 0 Vector active cycle 0 
[2026-05-26 12:37:56.373] [debug] Core [3] : issued tile 1 
[2026-05-26 12:37:56.373] [debug] Core [3] : Memory unit idle cycle 404 Systolic bubble cycle 0 Core idle cycle 0 
[2026-05-26 12:37:56.373] [debug] Core [3] : PE Utilization(%) 0.00, Systolic Bubble(%) 0.00, Vector Unit Utilization(%) 0.00, Total cycle: 40000
[2026-05-26 12:37:56.377] [info] DRAM: Idle 83.40%
[2026-05-26 12:37:56.377] [info] Core [0] : MatMul active cycle 463 Vector active cycle 0 
[2026-05-26 12:37:56.377] [info] Core [0] : issued tile 1 
[2026-05-26 12:37:56.377] [info] Core [0] : Memory unit idle cycle 500 Systolic bubble cycle 3381248 Core idle cycle 0 
[2026-05-26 12:37:56.377] [info] Core [0] : PE Utilization(%) 0.32, Systolic Bubble(%) 41.28, Vector Unit Utilization(%) 0.00, Total cycle: 40500
[2026-05-26 12:37:56.377] [debug] Core [1] : MatMul active cycle 449 Vector active cycle 0 
[2026-05-26 12:37:56.377] [debug] Core [1] : issued tile 1 
[2026-05-26 12:37:56.377] [debug] Core [1] : Memory unit idle cycle 500 Systolic bubble cycle 3153664 Core idle cycle 0 
[2026-05-26 12:37:56.377] [debug] Core [1] : PE Utilization(%) 0.30, Systolic Bubble(%) 38.50, Vector Unit Utilization(%) 0.00, Total cycle: 40500
[2026-05-26 12:37:56.377] [debug] Core [2] : MatMul active cycle 456 Vector active cycle 0 
[2026-05-26 12:37:56.377] [debug] Core [2] : issued tile 1 
[2026-05-26 12:37:56.377] [debug] Core [2] : Memory unit idle cycle 500 Systolic bubble cycle 3267456 Core idle cycle 0 
[2026-05-26 12:37:56.377] [debug] Core [2] : PE Utilization(%) 0.31, Systolic Bubble(%) 39.89, Vector Unit Utilization(%) 0.00, Total cycle: 40500
[2026-05-26 12:37:56.377] [debug] Core [3] : MatMul active cycle 437 Vector active cycle 0 
[2026-05-26 12:37:56.377] [debug] Core [3] : issued tile 1 
[2026-05-26 12:37:56.377] [debug] Core [3] : Memory unit idle cycle 500 Systolic bubble cycle 2958592 Core idle cycle 0 
[2026-05-26 12:37:56.377] [debug] Core [3] : PE Utilization(%) 0.28, Systolic Bubble(%) 36.12, Vector Unit Utilization(%) 0.00, Total cycle: 40500
[2026-05-26 12:37:56.379] [debug] Layer 157 Core 0 Finish Tile at 40680 Remain tile 4
[2026-05-26 12:37:56.379] [debug] Layer 157 Core 2 Finish Tile at 40687 Remain tile 3
[2026-05-26 12:37:56.379] [debug] Layer 157 Core 1 Finish Tile at 40694 Remain tile 2
[2026-05-26 12:37:56.379] [debug] Layer 157 Core 3 Finish Tile at 40706 Remain tile 1
[2026-05-26 12:37:56.379] [info] Layer layer0.ffn.fc1 finish at 40706
[2026-05-26 12:37:56.379] [info] Total compute time 1228
[2026-05-26 12:37:56.379] [info] executable layer count 1
[2026-05-26 12:37:56.379] [info] Start layer layer0.ffn.act
[2026-05-26 12:37:56.379] [debug] Layer layer0.ffn.act Core 1 Get Tile at 40707
[2026-05-26 12:37:56.380] [debug] Layer 159 Core 1 Finish Tile at 40753 Remain tile 1
[2026-05-26 12:37:56.380] [info] Layer layer0.ffn.act finish at 40753
[2026-05-26 12:37:56.380] [info] Total compute time 47
[2026-05-26 12:37:56.380] [info] executable layer count 1
[2026-05-26 12:37:56.380] [info] Start layer layer0.ffn.fc2
[2026-05-26 12:37:56.380] [debug] Layer layer0.ffn.fc2 Core 3 Get Tile at 40753
[2026-05-26 12:37:56.380] [debug] Layer layer0.ffn.fc2 Core 0 Get Tile at 40754
[2026-05-26 12:37:56.388] [info] DRAM: Idle 75.20%
[2026-05-26 12:37:56.416] [info] Core [0] : MatMul active cycle 178 Vector active cycle 0 
[2026-05-26 12:37:56.416] [info] Core [0] : issued tile 1 
[2026-05-26 12:37:56.416] [info] Core [0] : Memory unit idle cycle 288 Systolic bubble cycle 2893568 Core idle cycle 42 
[2026-05-26 12:37:56.416] [info] Core [0] : PE Utilization(%) 0.28, Systolic Bubble(%) 35.32, Vector Unit Utilization(%) 0.00, Total cycle: 41000
[2026-05-26 12:37:56.416] [debug] Core [1] : MatMul active cycle 192 Vector active cycle 4 
[2026-05-26 12:37:56.416] [debug] Core [1] : issued tile 0 
[2026-05-26 12:37:56.416] [debug] Core [1] : Memory unit idle cycle 493 Systolic bubble cycle 3121152 Core idle cycle 0 
[2026-05-26 12:37:56.416] [debug] Core [1] : PE Utilization(%) 0.30, Systolic Bubble(%) 38.10, Vector Unit Utilization(%) 0.80, Total cycle: 41000
[2026-05-26 12:37:56.416] [debug] Core [2] : MatMul active cycle 185 Vector active cycle 0 
[2026-05-26 12:37:56.416] [debug] Core [2] : issued tile 0 
[2026-05-26 12:37:56.416] [debug] Core [2] : Memory unit idle cycle 499 Systolic bubble cycle 3007360 Core idle cycle 281 
[2026-05-26 12:37:56.416] [debug] Core [2] : PE Utilization(%) 0.29, Systolic Bubble(%) 36.71, Vector Unit Utilization(%) 0.00, Total cycle: 41000
[2026-05-26 12:37:56.416] [debug] Core [3] : MatMul active cycle 204 Vector active cycle 0 
[2026-05-26 12:37:56.416] [debug] Core [3] : issued tile 1 
[2026-05-26 12:37:56.416] [debug] Core [3] : Memory unit idle cycle 253 Systolic bubble cycle 3316224 Core idle cycle 30 
[2026-05-26 12:37:56.416] [debug] Core [3] : PE Utilization(%) 0.32, Systolic Bubble(%) 40.48, Vector Unit Utilization(%) 0.00, Total cycle: 41000
[2026-05-26 12:37:56.448] [info] DRAM: Idle 0.00%
[2026-05-26 12:37:56.458] [info] Core [0] : MatMul active cycle 171 Vector active cycle 0 
[2026-05-26 12:37:56.458] [info] Core [0] : issued tile 1 
[2026-05-26 12:37:56.458] [info] Core [0] : Memory unit idle cycle 500 Systolic bubble cycle 0 Core idle cycle 0 
[2026-05-26 12:37:56.458] [info] Core [0] : PE Utilization(%) 0.00, Systolic Bubble(%) 0.00, Vector Unit Utilization(%) 0.00, Total cycle: 41500
[2026-05-26 12:37:56.459] [debug] Core [1] : MatMul active cycle 0 Vector active cycle 0 
[2026-05-26 12:37:56.459] [debug] Core [1] : issued tile 0 
[2026-05-26 12:37:56.459] [debug] Core [1] : Memory unit idle cycle 500 Systolic bubble cycle 0 Core idle cycle 155 
[2026-05-26 12:37:56.459] [debug] Core [1] : PE Utilization(%) 0.00, Systolic Bubble(%) 0.00, Vector Unit Utilization(%) 0.00, Total cycle: 41500
[2026-05-26 12:37:56.459] [debug] Core [2] : MatMul active cycle 0 Vector active cycle 0 
[2026-05-26 12:37:56.459] [debug] Core [2] : issued tile 0 
[2026-05-26 12:37:56.459] [debug] Core [2] : Memory unit idle cycle 500 Systolic bubble cycle 0 Core idle cycle 500 
[2026-05-26 12:37:56.459] [debug] Core [2] : PE Utilization(%) 0.00, Systolic Bubble(%) 0.00, Vector Unit Utilization(%) 0.00, Total cycle: 41500
[2026-05-26 12:37:56.459] [debug] Core [3] : MatMul active cycle 127 Vector active cycle 0 
[2026-05-26 12:37:56.459] [debug] Core [3] : issued tile 1 
[2026-05-26 12:37:56.459] [debug] Core [3] : Memory unit idle cycle 487 Systolic bubble cycle 0 Core idle cycle 0 
[2026-05-26 12:37:56.459] [debug] Core [3] : PE Utilization(%) 0.00, Systolic Bubble(%) 0.00, Vector Unit Utilization(%) 0.00, Total cycle: 41500
[2026-05-26 12:37:56.459] [info] DRAM: Idle 68.80%
[2026-05-26 12:37:56.462] [info] Core [0] : MatMul active cycle 500 Vector active cycle 0 
[2026-05-26 12:37:56.462] [info] Core [0] : issued tile 1 
[2026-05-26 12:37:56.462] [info] Core [0] : Memory unit idle cycle 500 Systolic bubble cycle 6772480 Core idle cycle 0 
[2026-05-26 12:37:56.462] [info] Core [0] : PE Utilization(%) 0.53, Systolic Bubble(%) 82.67, Vector Unit Utilization(%) 0.00, Total cycle: 42000
[2026-05-26 12:37:56.462] [debug] Core [1] : MatMul active cycle 0 Vector active cycle 0 
[2026-05-26 12:37:56.462] [debug] Core [1] : issued tile 0 
[2026-05-26 12:37:56.462] [debug] Core [1] : Memory unit idle cycle 500 Systolic bubble cycle 0 Core idle cycle 500 
[2026-05-26 12:37:56.462] [debug] Core [1] : PE Utilization(%) 0.00, Systolic Bubble(%) 0.00, Vector Unit Utilization(%) 0.00, Total cycle: 42000
[2026-05-26 12:37:56.462] [debug] Core [2] : MatMul active cycle 0 Vector active cycle 0 
[2026-05-26 12:37:56.462] [debug] Core [2] : issued tile 0 
[2026-05-26 12:37:56.462] [debug] Core [2] : Memory unit idle cycle 500 Systolic bubble cycle 0 Core idle cycle 500 
[2026-05-26 12:37:56.462] [debug] Core [2] : PE Utilization(%) 0.00, Systolic Bubble(%) 0.00, Vector Unit Utilization(%) 0.00, Total cycle: 42000
[2026-05-26 12:37:56.462] [debug] Core [3] : MatMul active cycle 500 Vector active cycle 0 
[2026-05-26 12:37:56.462] [debug] Core [3] : issued tile 1 
[2026-05-26 12:37:56.462] [debug] Core [3] : Memory unit idle cycle 500 Systolic bubble cycle 6047232 Core idle cycle 0 
[2026-05-26 12:37:56.462] [debug] Core [3] : PE Utilization(%) 0.58, Systolic Bubble(%) 73.82, Vector Unit Utilization(%) 0.00, Total cycle: 42000
[2026-05-26 12:37:56.462] [info] DRAM: Idle 100.00%
[2026-05-26 12:37:56.463] [debug] Layer 161 Core 0 Finish Tile at 42228 Remain tile 2
[2026-05-26 12:37:56.464] [debug] Layer 161 Core 3 Finish Tile at 42272 Remain tile 1
[2026-05-26 12:37:56.464] [info] Layer layer0.ffn.fc2 finish at 42272
[2026-05-26 12:37:56.464] [info] Total compute time 1519
[2026-05-26 12:37:56.464] [info] executable layer count 1
[2026-05-26 12:37:56.464] [info] Start layer layer0.ffn.ln
[2026-05-26 12:37:56.464] [debug] Layer layer0.ffn.ln Core 2 Get Tile at 42273
[2026-05-26 12:37:56.464] [debug] Layer 163 Core 2 Finish Tile at 42317 Remain tile 1
[2026-05-26 12:37:56.464] [info] Layer layer0.ffn.ln finish at 42317
[2026-05-26 12:37:56.464] [info] Total compute time 45
[2026-05-26 12:37:56.464] [info] Model[tiny_transformer] Request: 35 us, Start: 35 us, finish:42 us, Current Cycle:42317
[2026-05-26 12:37:56.464] [info] No total_seq_len!
[2026-05-26 12:37:56.464] [info] Total Memory Usage: 0.01 GB
[2026-05-26 12:37:56.464] [info] Weight Memory Usage: 0.01 GB
[2026-05-26 12:37:56.464] [info] KV Memory Usage: 0.00 GB
[2026-05-26 12:37:56.464] [info] Activation Memory Usage: 0.00 GB
[2026-05-26 12:37:56.464] [debug] [Gemm] input_shape: [1, 232]
[2026-05-26 12:37:56.464] [debug] [Gemm] output_shape : [1, 696]
[2026-05-26 12:37:56.464] [info] [GEMM] spad_size: 33554432 accum_size: 4194304
[2026-05-26 12:37:56.464] [info] [GEMM] required_sram_size: 131072 required_accum_size: 32768
[2026-05-26 12:37:56.464] [info] [GEMM] Used mapping: Total N:1 C:232 M:696 | Outer N:1 C:1 M:6 | Inner N:128 C:256 M:128
[2026-05-26 12:37:56.466] [info] [GemmWs] Keys K = 232, N = 1, M = 696
[2026-05-26 12:37:56.466] [info] [GemmWS]: total 0.00032364 GFLOPs, 0.000326192 GB
[2026-05-26 12:37:56.466] [info] [GemmWS]: Theoretical time(ms): 0.0005312573421178968 Compute time: 2.469177307062864e-06 Memory time: 0.0005312573421178968
[2026-05-26 12:37:56.466] [debug] [KVCacheConcat] input_token_lengths: [1]
[2026-05-26 12:37:56.466] [debug] [KVCacheConcat] number of tiles: 1
[2026-05-26 12:37:56.466] [info] [Attention] total_spad_size_per_head: 16588 B
[2026-05-26 12:37:56.466] [info] [Attention] total_acc_size_per_head: 142 B
[2026-05-26 12:37:56.466] [info] [Attention] q_len: 1, seq_len: 71, dk: 58, heads per tile 1
[2026-05-26 12:37:56.466] [info] [Attention] Spad size 16777216
[2026-05-26 12:37:56.466] [info] [Attention] Accum spad size 2097152
[2026-05-26 12:37:56.466] [info] Mapping info Total Loop: N4 C58 M71 S1 R1 Q1 P1 Tile Out Loop: N4 C1 M1 S1 R1 Q1 P1 Tile In Loop: N1 C58 M71 S1 R1 Q1 P1
[2026-05-26 12:37:56.467] [info] [Attention] QK 3.2944e-05 GFLOPs
[2026-05-26 12:37:56.467] [info] [Attention] total 6.8728e-05 GFLOPs, 6.6816e-05 GB
[2026-05-26 12:37:56.467] [info] [Attention] Theoretical time(ms): 0.000108820845 Compute time: 8.493653e-07 Memory time: 0.000108820845
[2026-05-26 12:37:56.467] [info] [Attention] QK compute 0.0000ms Softmax compute 0.0000ms SV compute 0.0000ms
[2026-05-26 12:37:56.467] [debug] [Gemm] input_shape: [1, 232]
[2026-05-26 12:37:56.467] [debug] [Gemm] output_shape : [1, 232]
[2026-05-26 12:37:56.467] [info] [GEMM] spad_size: 33554432 accum_size: 4194304
[2026-05-26 12:37:56.467] [info] [GEMM] required_sram_size: 131072 required_accum_size: 32768
[2026-05-26 12:37:56.467] [info] [GEMM] Used mapping: Total N:1 C:232 M:232 | Outer N:1 C:1 M:2 | Inner N:128 C:256 M:128
[2026-05-26 12:37:56.467] [info] [GemmWs] Keys K = 232, N = 1, M = 232
[2026-05-26 12:37:56.467] [info] [GemmWS]: total 0.00010787999 GFLOPs, 0.000109040004 GB
[2026-05-26 12:37:56.467] [info] [GemmWS]: Theoretical time(ms): 0.00017758958392732893 Compute time: 8.230590098357027e-07 Memory time: 0.00017758958392732893
[2026-05-26 12:37:56.467] [info] [SkipLayerNorm] tokens_per_tile: 1
[2026-05-26 12:37:56.467] [debug] [Gemm] input_shape: [1, 232]
[2026-05-26 12:37:56.467] [debug] [Gemm] output_shape : [1, 512]
[2026-05-26 12:37:56.467] [info] [GEMM] spad_size: 33554432 accum_size: 4194304
[2026-05-26 12:37:56.467] [info] [GEMM] required_sram_size: 131072 required_accum_size: 32768
[2026-05-26 12:37:56.467] [info] [GEMM] Used mapping: Total N:1 C:232 M:512 | Outer N:1 C:1 M:4 | Inner N:128 C:256 M:128
[2026-05-26 12:37:56.468] [info] [GemmWs] Keys K = 232, N = 1, M = 512
[2026-05-26 12:37:56.468] [info] [GemmWS]: total 0.000237568 GFLOPs, 0.000239056 GB
[2026-05-26 12:37:56.468] [info] [GemmWS]: Theoretical time(ms): 0.0003893420057465846 Compute time: 1.81250003894462e-06 Memory time: 0.0003893420057465846
[2026-05-26 12:37:56.468] [info] [BiasAct] tokens_per_tile: 1
[2026-05-26 12:37:56.468] [debug] [Gemm] input_shape: [1, 512]
[2026-05-26 12:37:56.468] [debug] [Gemm] output_shape : [1, 232]
[2026-05-26 12:37:56.468] [info] [GEMM] spad_size: 33554432 accum_size: 4194304
[2026-05-26 12:37:56.468] [info] [GEMM] required_sram_size: 262144 required_accum_size: 32768
[2026-05-26 12:37:56.468] [info] [GEMM] Used mapping: Total N:1 C:512 M:232 | Outer N:1 C:1 M:2 | Inner N:128 C:512 M:128
[2026-05-26 12:37:56.469] [info] [GemmWs] Keys K = 512, N = 1, M = 232
[2026-05-26 12:37:56.469] [info] [GemmWS]: total 0.00023779999 GFLOPs, 0.00023952 GB
[2026-05-26 12:37:56.469] [info] [GemmWS]: Theoretical time(ms): 0.00039009771057862963 Compute time: 1.8142699564904774e-06 Memory time: 0.00039009771057862963
[2026-05-26 12:37:56.469] [info] [SkipLayerNorm] tokens_per_tile: 1
[2026-05-26 12:37:56.469] [debug] runnable op, 
[2026-05-26 12:37:56.469] [info]  Model initialization time: 0.004756 seconds
[2026-05-26 12:37:56.469] [info] Schedule model: tiny_transformer at 42319000 us
[2026-05-26 12:37:56.469] [info] MODEL tiny_transformer Scheduled, Total Request: 1
[2026-05-26 12:37:56.469] [info] executable layer count 1
[2026-05-26 12:37:56.469] [info] Start layer layer0.attn.QKVgen
[2026-05-26 12:37:56.469] [debug] Layer layer0.attn.QKVgen Core 0 Get Tile at 42318
[2026-05-26 12:37:56.469] [debug] Layer layer0.attn.QKVgen Core 1 Get Tile at 42318
[2026-05-26 12:37:56.469] [debug] Layer layer0.attn.QKVgen Core 2 Get Tile at 42318
[2026-05-26 12:37:56.469] [debug] Layer layer0.attn.QKVgen Core 3 Get Tile at 42318
[2026-05-26 12:37:56.469] [debug] Layer layer0.attn.QKVgen Core 1 Get Tile at 42319
[2026-05-26 12:37:56.469] [debug] Layer layer0.attn.QKVgen Core 2 Get Tile at 42319
[2026-05-26 12:37:56.506] [info] DRAM: Idle 54.20%
[2026-05-26 12:37:56.509] [info] Core [0] : MatMul active cycle 226 Vector active cycle 0 
[2026-05-26 12:37:56.509] [info] Core [0] : issued tile 1 
[2026-05-26 12:37:56.509] [info] Core [0] : Memory unit idle cycle 381 Systolic bubble cycle 3679280 Core idle cycle 58 
[2026-05-26 12:37:56.509] [info] Core [0] : PE Utilization(%) 0.29, Systolic Bubble(%) 44.91, Vector Unit Utilization(%) 0.00, Total cycle: 42500
[2026-05-26 12:37:56.509] [debug] Core [1] : MatMul active cycle 0 Vector active cycle 0 
[2026-05-26 12:37:56.509] [debug] Core [1] : issued tile 2 
[2026-05-26 12:37:56.509] [debug] Core [1] : Memory unit idle cycle 319 Systolic bubble cycle 0 Core idle cycle 318 
[2026-05-26 12:37:56.509] [debug] Core [1] : PE Utilization(%) 0.00, Systolic Bubble(%) 0.00, Vector Unit Utilization(%) 0.00, Total cycle: 42500
[2026-05-26 12:37:56.509] [debug] Core [2] : MatMul active cycle 0 Vector active cycle 12 
[2026-05-26 12:37:56.509] [debug] Core [2] : issued tile 2 
[2026-05-26 12:37:56.509] [debug] Core [2] : Memory unit idle cycle 327 Systolic bubble cycle 0 Core idle cycle 273 
[2026-05-26 12:37:56.509] [debug] Core [2] : PE Utilization(%) 0.00, Systolic Bubble(%) 0.00, Vector Unit Utilization(%) 2.40, Total cycle: 42500
[2026-05-26 12:37:56.509] [debug] Core [3] : MatMul active cycle 270 Vector active cycle 0 
[2026-05-26 12:37:56.509] [debug] Core [3] : issued tile 1 
[2026-05-26 12:37:56.509] [debug] Core [3] : Memory unit idle cycle 381 Systolic bubble cycle 4389120 Core idle cycle 29 
[2026-05-26 12:37:56.509] [debug] Core [3] : PE Utilization(%) 0.42, Systolic Bubble(%) 53.58, Vector Unit Utilization(%) 0.00, Total cycle: 42500
[2026-05-26 12:37:56.589] [info] DRAM: Idle 0.00%
[2026-05-26 12:37:56.601] [info] Core [0] : MatMul active cycle 10 Vector active cycle 0 
[2026-05-26 12:37:56.601] [info] Core [0] : issued tile 1 
[2026-05-26 12:37:56.601] [info] Core [0] : Memory unit idle cycle 500 Systolic bubble cycle 0 Core idle cycle 0 
[2026-05-26 12:37:56.601] [info] Core [0] : PE Utilization(%) 0.00, Systolic Bubble(%) 0.00, Vector Unit Utilization(%) 0.00, Total cycle: 43000
[2026-05-26 12:37:56.601] [debug] Core [1] : MatMul active cycle 18 Vector active cycle 0 
[2026-05-26 12:37:56.601] [debug] Core [1] : issued tile 2 
[2026-05-26 12:37:56.601] [debug] Core [1] : Memory unit idle cycle 445 Systolic bubble cycle 0 Core idle cycle 0 
[2026-05-26 12:37:56.601] [debug] Core [1] : PE Utilization(%) 0.00, Systolic Bubble(%) 0.00, Vector Unit Utilization(%) 0.00, Total cycle: 43000
[2026-05-26 12:37:56.601] [debug] Core [2] : MatMul active cycle 23 Vector active cycle 0 
[2026-05-26 12:37:56.601] [debug] Core [2] : issued tile 2 
[2026-05-26 12:37:56.601] [debug] Core [2] : Memory unit idle cycle 500 Systolic bubble cycle 0 Core idle cycle 0 
[2026-05-26 12:37:56.601] [debug] Core [2] : PE Utilization(%) 0.00, Systolic Bubble(%) 0.00, Vector Unit Utilization(%) 0.00, Total cycle: 43000
[2026-05-26 12:37:56.601] [debug] Core [3] : MatMul active cycle 81 Vector active cycle 0 
[2026-05-26 12:37:56.601] [debug] Core [3] : issued tile 1 
[2026-05-26 12:37:56.601] [debug] Core [3] : Memory unit idle cycle 500 Systolic bubble cycle 0 Core idle cycle 0 
[2026-05-26 12:37:56.601] [debug] Core [3] : PE Utilization(%) 0.00, Systolic Bubble(%) 0.00, Vector Unit Utilization(%) 0.00, Total cycle: 43000
[2026-05-26 12:37:56.608] [info] DRAM: Idle 54.60%
[2026-05-26 12:37:56.609] [info] Core [0] : MatMul active cycle 500 Vector active cycle 0 
[2026-05-26 12:37:56.609] [info] Core [0] : issued tile 1 
[2026-05-26 12:37:56.609] [info] Core [0] : Memory unit idle cycle 500 Systolic bubble cycle 4145280 Core idle cycle 0 
[2026-05-26 12:37:56.609] [info] Core [0] : PE Utilization(%) 0.40, Systolic Bubble(%) 50.60, Vector Unit Utilization(%) 0.00, Total cycle: 43500
[2026-05-26 12:37:56.609] [debug] Core [1] : MatMul active cycle 500 Vector active cycle 0 
[2026-05-26 12:37:56.609] [debug] Core [1] : issued tile 2 
[2026-05-26 12:37:56.609] [debug] Core [1] : Memory unit idle cycle 500 Systolic bubble cycle 4275328 Core idle cycle 0 
[2026-05-26 12:37:56.609] [debug] Core [1] : PE Utilization(%) 0.41, Systolic Bubble(%) 52.19, Vector Unit Utilization(%) 0.00, Total cycle: 43500
[2026-05-26 12:37:56.609] [debug] Core [2] : MatMul active cycle 500 Vector active cycle 0 
[2026-05-26 12:37:56.609] [debug] Core [2] : issued tile 2 
[2026-05-26 12:37:56.609] [debug] Core [2] : Memory unit idle cycle 500 Systolic bubble cycle 4356608 Core idle cycle 0 
[2026-05-26 12:37:56.609] [debug] Core [2] : PE Utilization(%) 0.42, Systolic Bubble(%) 53.18, Vector Unit Utilization(%) 0.00, Total cycle: 43500
[2026-05-26 12:37:56.609] [debug] Core [3] : MatMul active cycle 500 Vector active cycle 0 
[2026-05-26 12:37:56.609] [debug] Core [3] : issued tile 1 
[2026-05-26 12:37:56.609] [debug] Core [3] : Memory unit idle cycle 500 Systolic bubble cycle 5299456 Core idle cycle 0 
[2026-05-26 12:37:56.609] [debug] Core [3] : PE Utilization(%) 0.51, Systolic Bubble(%) 64.69, Vector Unit Utilization(%) 0.00, Total cycle: 43500
[2026-05-26 12:37:56.609] [debug] Layer 168 Core 3 Finish Tile at 43562 Remain tile 6
[2026-05-26 12:37:56.610] [debug] Layer 168 Core 2 Finish Tile at 43620 Remain tile 5
[2026-05-26 12:37:56.610] [debug] Layer 168 Core 1 Finish Tile at 43625 Remain tile 4
[2026-05-26 12:37:56.610] [debug] Layer 168 Core 0 Finish Tile at 43633 Remain tile 3
[2026-05-26 12:37:56.611] [info] DRAM: Idle 96.00%
[2026-05-26 12:37:56.612] [debug] Layer 168 Core 2 Finish Tile at 43876 Remain tile 2
[2026-05-26 12:37:56.612] [debug] Layer 168 Core 1 Finish Tile at 43881 Remain tile 1
[2026-05-26 12:37:56.612] [info] Layer layer0.attn.QKVgen finish at 43881
[2026-05-26 12:37:56.612] [info] Total compute time 1563
[2026-05-26 12:37:56.612] [info] executable layer count 1
[2026-05-26 12:37:56.612] [info] Start layer layer0.attn.KVccat
[2026-05-26 12:37:56.612] [debug] Layer layer0.attn.KVccat Core 3 Get Tile at 43881
[2026-05-26 12:37:56.612] [debug] Layer 170 Core 3 Finish Tile at 43882 Remain tile 1
[2026-05-26 12:37:56.612] [info] Layer layer0.attn.KVccat finish at 43882
[2026-05-26 12:37:56.612] [info] Total compute time 1
[2026-05-26 12:37:56.612] [info] executable layer count 1
[2026-05-26 12:37:56.612] [info] Start layer layer0.attn.Attention.0
[2026-05-26 12:37:56.612] [debug] Layer layer0.attn.Attention.0 Core 3 Get Tile at 43882
[2026-05-26 12:37:56.612] [debug] Layer layer0.attn.Attention.0 Core 0 Get Tile at 43883
[2026-05-26 12:37:56.612] [debug] Layer layer0.attn.Attention.0 Core 1 Get Tile at 43883
[2026-05-26 12:37:56.612] [debug] Layer layer0.attn.Attention.0 Core 2 Get Tile at 43883
[2026-05-26 12:37:56.633] [info] Core [0] : MatMul active cycle 131 Vector active cycle 0 
[2026-05-26 12:37:56.633] [info] Core [0] : issued tile 1 
[2026-05-26 12:37:56.633] [info] Core [0] : Memory unit idle cycle 466 Systolic bubble cycle 2129536 Core idle cycle 233 
[2026-05-26 12:37:56.633] [info] Core [0] : PE Utilization(%) 0.20, Systolic Bubble(%) 26.00, Vector Unit Utilization(%) 0.00, Total cycle: 44000
[2026-05-26 12:37:56.633] [debug] Core [1] : MatMul active cycle 379 Vector active cycle 0 
[2026-05-26 12:37:56.633] [debug] Core [1] : issued tile 1 
[2026-05-26 12:37:56.633] [debug] Core [1] : Memory unit idle cycle 465 Systolic bubble cycle 6161024 Core idle cycle 0 
[2026-05-26 12:37:56.633] [debug] Core [1] : PE Utilization(%) 0.59, Systolic Bubble(%) 75.21, Vector Unit Utilization(%) 0.00, Total cycle: 44000
[2026-05-26 12:37:56.633] [debug] Core [2] : MatMul active cycle 374 Vector active cycle 0 
[2026-05-26 12:37:56.633] [debug] Core [2] : issued tile 1 
[2026-05-26 12:37:56.633] [debug] Core [2] : Memory unit idle cycle 465 Systolic bubble cycle 6098176 Core idle cycle 0 
[2026-05-26 12:37:56.633] [debug] Core [2] : PE Utilization(%) 0.36, Systolic Bubble(%) 74.44, Vector Unit Utilization(%) 0.00, Total cycle: 44000
[2026-05-26 12:37:56.633] [debug] Core [3] : MatMul active cycle 60 Vector active cycle 0 
[2026-05-26 12:37:56.633] [debug] Core [3] : issued tile 1 
[2026-05-26 12:37:56.633] [debug] Core [3] : Memory unit idle cycle 466 Systolic bubble cycle 975360 Core idle cycle 303 
[2026-05-26 12:37:56.633] [debug] Core [3] : PE Utilization(%) 0.09, Systolic Bubble(%) 11.91, Vector Unit Utilization(%) 0.00, Total cycle: 44000
[2026-05-26 12:37:56.642] [info] DRAM: Idle 47.80%
[2026-05-26 12:37:56.644] [info] Core [0] : MatMul active cycle 389 Vector active cycle 0 
[2026-05-26 12:37:56.644] [info] Core [0] : issued tile 1 
[2026-05-26 12:37:56.644] [info] Core [0] : Memory unit idle cycle 500 Systolic bubble cycle 2185942 Core idle cycle 0 
[2026-05-26 12:37:56.644] [info] Core [0] : PE Utilization(%) 0.12, Systolic Bubble(%) 26.68, Vector Unit Utilization(%) 0.00, Total cycle: 44500
[2026-05-26 12:37:56.644] [debug] Core [1] : MatMul active cycle 415 Vector active cycle 0 
[2026-05-26 12:37:56.644] [debug] Core [1] : issued tile 1 
[2026-05-26 12:37:56.644] [debug] Core [1] : Memory unit idle cycle 500 Systolic bubble cycle 2610080 Core idle cycle 0 
[2026-05-26 12:37:56.644] [debug] Core [1] : PE Utilization(%) 0.14, Systolic Bubble(%) 31.86, Vector Unit Utilization(%) 0.00, Total cycle: 44500
[2026-05-26 12:37:56.644] [debug] Core [2] : MatMul active cycle 431 Vector active cycle 0 
[2026-05-26 12:37:56.644] [debug] Core [2] : issued tile 1 
[2026-05-26 12:37:56.644] [debug] Core [2] : Memory unit idle cycle 500 Systolic bubble cycle 2871088 Core idle cycle 0 
[2026-05-26 12:37:56.644] [debug] Core [2] : PE Utilization(%) 0.15, Systolic Bubble(%) 35.05, Vector Unit Utilization(%) 0.00, Total cycle: 44500
[2026-05-26 12:37:56.644] [debug] Core [3] : MatMul active cycle 441 Vector active cycle 0 
[2026-05-26 12:37:56.644] [debug] Core [3] : issued tile 1 
[2026-05-26 12:37:56.644] [debug] Core [3] : Memory unit idle cycle 500 Systolic bubble cycle 3034218 Core idle cycle 0 
[2026-05-26 12:37:56.644] [debug] Core [3] : PE Utilization(%) 0.16, Systolic Bubble(%) 37.04, Vector Unit Utilization(%) 0.00, Total cycle: 44500
[2026-05-26 12:37:56.645] [info] DRAM: Idle 100.00%
[2026-05-26 12:37:56.647] [info] DRAM: Idle 100.00%
[2026-05-26 12:37:56.647] [info] Core [0] : MatMul active cycle 485 Vector active cycle 16 
[2026-05-26 12:37:56.647] [info] Core [0] : issued tile 1 
[2026-05-26 12:37:56.647] [info] Core [0] : Memory unit idle cycle 500 Systolic bubble cycle 3753368 Core idle cycle 0 
[2026-05-26 12:37:56.647] [info] Core [0] : PE Utilization(%) 0.18, Systolic Bubble(%) 45.82, Vector Unit Utilization(%) 3.20, Total cycle: 45000
[2026-05-26 12:37:56.647] [debug] Core [1] : MatMul active cycle 485 Vector active cycle 16 
[2026-05-26 12:37:56.647] [debug] Core [1] : issued tile 1 
[2026-05-26 12:37:56.647] [debug] Core [1] : Memory unit idle cycle 500 Systolic bubble cycle 3753706 Core idle cycle 0 
[2026-05-26 12:37:56.647] [debug] Core [1] : PE Utilization(%) 0.18, Systolic Bubble(%) 45.82, Vector Unit Utilization(%) 3.20, Total cycle: 45000
[2026-05-26 12:37:56.647] [debug] Core [2] : MatMul active cycle 485 Vector active cycle 16 
[2026-05-26 12:37:56.647] [debug] Core [2] : issued tile 1 
[2026-05-26 12:37:56.647] [debug] Core [2] : Memory unit idle cycle 500 Systolic bubble cycle 3753914 Core idle cycle 0 
[2026-05-26 12:37:56.647] [debug] Core [2] : PE Utilization(%) 0.18, Systolic Bubble(%) 45.82, Vector Unit Utilization(%) 3.20, Total cycle: 45000
[2026-05-26 12:37:56.647] [debug] Core [3] : MatMul active cycle 485 Vector active cycle 16 
[2026-05-26 12:37:56.647] [debug] Core [3] : issued tile 1 
[2026-05-26 12:37:56.647] [debug] Core [3] : Memory unit idle cycle 500 Systolic bubble cycle 3754044 Core idle cycle 0 
[2026-05-26 12:37:56.647] [debug] Core [3] : PE Utilization(%) 0.17, Systolic Bubble(%) 45.83, Vector Unit Utilization(%) 3.20, Total cycle: 45000
[2026-05-26 12:37:56.648] [debug] Layer 174 Core 3 Finish Tile at 45104 Remain tile 4
[2026-05-26 12:37:56.648] [debug] Layer 174 Core 2 Finish Tile at 45114 Remain tile 3
[2026-05-26 12:37:56.648] [debug] Layer 174 Core 1 Finish Tile at 45130 Remain tile 2
[2026-05-26 12:37:56.649] [debug] Layer 174 Core 0 Finish Tile at 45156 Remain tile 1
[2026-05-26 12:37:56.649] [info] Layer layer0.attn.Attention.0 finish at 45156
[2026-05-26 12:37:56.649] [info] Total compute time 1274
[2026-05-26 12:37:56.649] [info] executable layer count 1
[2026-05-26 12:37:56.649] [info] Start layer layer0.attn.Atccat
[2026-05-26 12:37:56.649] [debug] Layer layer0.attn.Atccat Core 0 Get Tile at 45156
[2026-05-26 12:37:56.649] [debug] Layer 176 Core 0 Finish Tile at 45157 Remain tile 1
[2026-05-26 12:37:56.649] [info] Layer layer0.attn.Atccat finish at 45157
[2026-05-26 12:37:56.649] [info] Total compute time 1
[2026-05-26 12:37:56.649] [info] executable layer count 1
[2026-05-26 12:37:56.649] [info] Start layer layer0.attn.proj
[2026-05-26 12:37:56.649] [debug] Layer layer0.attn.proj Core 1 Get Tile at 45157
[2026-05-26 12:37:56.649] [debug] Layer layer0.attn.proj Core 2 Get Tile at 45157
[2026-05-26 12:37:56.681] [info] DRAM: Idle 43.00%
[2026-05-26 12:37:56.685] [info] Core [0] : MatMul active cycle 152 Vector active cycle 2 
[2026-05-26 12:37:56.685] [info] Core [0] : issued tile 0 
[2026-05-26 12:37:56.685] [info] Core [0] : Memory unit idle cycle 499 Systolic bubble cycle 2481552 Core idle cycle 327 
[2026-05-26 12:37:56.685] [info] Core [0] : PE Utilization(%) 0.11, Systolic Bubble(%) 30.29, Vector Unit Utilization(%) 0.40, Total cycle: 45500
[2026-05-26 12:37:56.685] [debug] Core [1] : MatMul active cycle 169 Vector active cycle 2 
[2026-05-26 12:37:56.685] [debug] Core [1] : issued tile 1 
[2026-05-26 12:37:56.685] [debug] Core [1] : Memory unit idle cycle 381 Systolic bubble cycle 2057076 Core idle cycle 10 
[2026-05-26 12:37:56.685] [debug] Core [1] : PE Utilization(%) 0.09, Systolic Bubble(%) 25.11, Vector Unit Utilization(%) 0.40, Total cycle: 45500
[2026-05-26 12:37:56.685] [debug] Core [2] : MatMul active cycle 134 Vector active cycle 2 
[2026-05-26 12:37:56.685] [debug] Core [2] : issued tile 1 
[2026-05-26 12:37:56.685] [debug] Core [2] : Memory unit idle cycle 402 Systolic bubble cycle 1795860 Core idle cycle 26 
[2026-05-26 12:37:56.685] [debug] Core [2] : PE Utilization(%) 0.08, Systolic Bubble(%) 21.92, Vector Unit Utilization(%) 0.40, Total cycle: 45500
[2026-05-26 12:37:56.685] [debug] Core [3] : MatMul active cycle 100 Vector active cycle 2 
[2026-05-26 12:37:56.685] [debug] Core [3] : issued tile 0 
[2026-05-26 12:37:56.685] [debug] Core [3] : Memory unit idle cycle 499 Systolic bubble cycle 1632600 Core idle cycle 379 
[2026-05-26 12:37:56.685] [debug] Core [3] : PE Utilization(%) 0.07, Systolic Bubble(%) 19.93, Vector Unit Utilization(%) 0.40, Total cycle: 45500
[2026-05-26 12:37:56.687] [info] DRAM: Idle 83.60%
[2026-05-26 12:37:56.688] [info] Core [0] : MatMul active cycle 0 Vector active cycle 0 
[2026-05-26 12:37:56.688] [info] Core [0] : issued tile 0 
[2026-05-26 12:37:56.688] [info] Core [0] : Memory unit idle cycle 500 Systolic bubble cycle 0 Core idle cycle 500 
[2026-05-26 12:37:56.688] [info] Core [0] : PE Utilization(%) 0.00, Systolic Bubble(%) 0.00, Vector Unit Utilization(%) 0.00, Total cycle: 46000
[2026-05-26 12:37:56.688] [debug] Core [1] : MatMul active cycle 500 Vector active cycle 0 
[2026-05-26 12:37:56.688] [debug] Core [1] : issued tile 1 
[2026-05-26 12:37:56.688] [debug] Core [1] : Memory unit idle cycle 500 Systolic bubble cycle 4681728 Core idle cycle 0 
[2026-05-26 12:37:56.688] [debug] Core [1] : PE Utilization(%) 0.45, Systolic Bubble(%) 57.15, Vector Unit Utilization(%) 0.00, Total cycle: 46000
[2026-05-26 12:37:56.688] [debug] Core [2] : MatMul active cycle 500 Vector active cycle 0 
[2026-05-26 12:37:56.688] [debug] Core [2] : issued tile 1 
[2026-05-26 12:37:56.688] [debug] Core [2] : Memory unit idle cycle 500 Systolic bubble cycle 4379320 Core idle cycle 0 
[2026-05-26 12:37:56.688] [debug] Core [2] : PE Utilization(%) 0.34, Systolic Bubble(%) 53.46, Vector Unit Utilization(%) 0.00, Total cycle: 46000
[2026-05-26 12:37:56.688] [debug] Core [3] : MatMul active cycle 0 Vector active cycle 0 
[2026-05-26 12:37:56.688] [debug] Core [3] : issued tile 0 
[2026-05-26 12:37:56.688] [debug] Core [3] : Memory unit idle cycle 500 Systolic bubble cycle 0 Core idle cycle 500 
[2026-05-26 12:37:56.688] [debug] Core [3] : PE Utilization(%) 0.00, Systolic Bubble(%) 0.00, Vector Unit Utilization(%) 0.00, Total cycle: 46000
[2026-05-26 12:37:56.688] [debug] Layer 178 Core 1 Finish Tile at 46100 Remain tile 2
[2026-05-26 12:37:56.689] [debug] Layer 178 Core 2 Finish Tile at 46119 Remain tile 1
[2026-05-26 12:37:56.689] [info] Layer layer0.attn.proj finish at 46119
[2026-05-26 12:37:56.689] [info] Total compute time 962
[2026-05-26 12:37:56.689] [info] executable layer count 1
[2026-05-26 12:37:56.689] [info] Start layer layer0.attn.ln
[2026-05-26 12:37:56.689] [debug] Layer layer0.attn.ln Core 1 Get Tile at 46120
[2026-05-26 12:37:56.689] [debug] Layer 180 Core 1 Finish Tile at 46170 Remain tile 1
[2026-05-26 12:37:56.689] [info] Layer layer0.attn.ln finish at 46170
[2026-05-26 12:37:56.689] [info] Total compute time 51
[2026-05-26 12:37:56.689] [info] executable layer count 1
[2026-05-26 12:37:56.689] [info] Start layer layer0.ffn.fc1
[2026-05-26 12:37:56.689] [debug] Layer layer0.ffn.fc1 Core 1 Get Tile at 46170
[2026-05-26 12:37:56.689] [debug] Layer layer0.ffn.fc1 Core 2 Get Tile at 46170
[2026-05-26 12:37:56.689] [debug] Layer layer0.ffn.fc1 Core 3 Get Tile at 46170
[2026-05-26 12:37:56.689] [debug] Layer layer0.ffn.fc1 Core 0 Get Tile at 46171
[2026-05-26 12:37:56.701] [info] DRAM: Idle 81.00%
[2026-05-26 12:37:56.762] [info] Core [0] : MatMul active cycle 0 Vector active cycle 0 
[2026-05-26 12:37:56.762] [info] Core [0] : issued tile 1 
[2026-05-26 12:37:56.762] [info] Core [0] : Memory unit idle cycle 383 Systolic bubble cycle 0 Core idle cycle 171 
[2026-05-26 12:37:56.762] [info] Core [0] : PE Utilization(%) 0.00, Systolic Bubble(%) 0.00, Vector Unit Utilization(%) 0.00, Total cycle: 46500
[2026-05-26 12:37:56.762] [debug] Core [1] : MatMul active cycle 98 Vector active cycle 12 
[2026-05-26 12:37:56.762] [debug] Core [1] : issued tile 1 
[2026-05-26 12:37:56.762] [debug] Core [1] : Memory unit idle cycle 379 Systolic bubble cycle 1593088 Core idle cycle 3 
[2026-05-26 12:37:56.762] [debug] Core [1] : PE Utilization(%) 0.15, Systolic Bubble(%) 19.45, Vector Unit Utilization(%) 2.40, Total cycle: 46500
[2026-05-26 12:37:56.762] [debug] Core [2] : MatMul active cycle 117 Vector active cycle 0 
[2026-05-26 12:37:56.762] [debug] Core [2] : issued tile 1 
[2026-05-26 12:37:56.762] [debug] Core [2] : Memory unit idle cycle 382 Systolic bubble cycle 1904760 Core idle cycle 11 
[2026-05-26 12:37:56.762] [debug] Core [2] : PE Utilization(%) 0.15, Systolic Bubble(%) 23.25, Vector Unit Utilization(%) 0.00, Total cycle: 46500
[2026-05-26 12:37:56.762] [debug] Core [3] : MatMul active cycle 0 Vector active cycle 0 
[2026-05-26 12:37:56.762] [debug] Core [3] : issued tile 1 
[2026-05-26 12:37:56.762] [debug] Core [3] : Memory unit idle cycle 383 Systolic bubble cycle 0 Core idle cycle 170 
[2026-05-26 12:37:56.762] [debug] Core [3] : PE Utilization(%) 0.00, Systolic Bubble(%) 0.00, Vector Unit Utilization(%) 0.00, Total cycle: 46500
[2026-05-26 12:37:56.791] [info] DRAM: Idle 0.00%
[2026-05-26 12:37:56.798] [info] Core [0] : MatMul active cycle 278 Vector active cycle 0 
[2026-05-26 12:37:56.798] [info] Core [0] : issued tile 1 
[2026-05-26 12:37:56.798] [info] Core [0] : Memory unit idle cycle 500 Systolic bubble cycle 373888 Core idle cycle 0 
[2026-05-26 12:37:56.798] [info] Core [0] : PE Utilization(%) 0.04, Systolic Bubble(%) 4.56, Vector Unit Utilization(%) 0.00, Total cycle: 47000
[2026-05-26 12:37:56.798] [debug] Core [1] : MatMul active cycle 278 Vector active cycle 0 
[2026-05-26 12:37:56.798] [debug] Core [1] : issued tile 1 
[2026-05-26 12:37:56.798] [debug] Core [1] : Memory unit idle cycle 500 Systolic bubble cycle 373888 Core idle cycle 0 
[2026-05-26 12:37:56.798] [debug] Core [1] : PE Utilization(%) 0.04, Systolic Bubble(%) 4.56, Vector Unit Utilization(%) 0.00, Total cycle: 47000
[2026-05-26 12:37:56.798] [debug] Core [2] : MatMul active cycle 274 Vector active cycle 0 
[2026-05-26 12:37:56.798] [debug] Core [2] : issued tile 1 
[2026-05-26 12:37:56.798] [debug] Core [2] : Memory unit idle cycle 500 Systolic bubble cycle 308864 Core idle cycle 0 
[2026-05-26 12:37:56.798] [debug] Core [2] : PE Utilization(%) 0.03, Systolic Bubble(%) 3.77, Vector Unit Utilization(%) 0.00, Total cycle: 47000
[2026-05-26 12:37:56.798] [debug] Core [3] : MatMul active cycle 282 Vector active cycle 0 
[2026-05-26 12:37:56.798] [debug] Core [3] : issued tile 1 
[2026-05-26 12:37:56.798] [debug] Core [3] : Memory unit idle cycle 500 Systolic bubble cycle 438912 Core idle cycle 0 
[2026-05-26 12:37:56.798] [debug] Core [3] : PE Utilization(%) 0.04, Systolic Bubble(%) 5.36, Vector Unit Utilization(%) 0.00, Total cycle: 47000
[2026-05-26 12:37:56.799] [info] DRAM: Idle 83.60%
[2026-05-26 12:37:56.801] [debug] Layer 182 Core 3 Finish Tile at 47361 Remain tile 4
[2026-05-26 12:37:56.801] [debug] Layer 182 Core 0 Finish Tile at 47365 Remain tile 3
[2026-05-26 12:37:56.801] [debug] Layer 182 Core 1 Finish Tile at 47365 Remain tile 2
[2026-05-26 12:37:56.801] [debug] Layer 182 Core 2 Finish Tile at 47369 Remain tile 1
[2026-05-26 12:37:56.801] [info] Layer layer0.ffn.fc1 finish at 47369
[2026-05-26 12:37:56.801] [info] Total compute time 1199
[2026-05-26 12:37:56.801] [info] executable layer count 1
[2026-05-26 12:37:56.801] [info] Start layer layer0.ffn.act
[2026-05-26 12:37:56.801] [debug] Layer layer0.ffn.act Core 2 Get Tile at 47369
[2026-05-26 12:37:56.802] [debug] Layer 184 Core 2 Finish Tile at 47412 Remain tile 1
[2026-05-26 12:37:56.802] [info] Layer layer0.ffn.act finish at 47412
[2026-05-26 12:37:56.802] [info] Total compute time 43
[2026-05-26 12:37:56.802] [info] executable layer count 1
[2026-05-26 12:37:56.802] [info] Start layer layer0.ffn.fc2
[2026-05-26 12:37:56.802] [debug] Layer layer0.ffn.fc2 Core 2 Get Tile at 47412
[2026-05-26 12:37:56.802] [debug] Layer layer0.ffn.fc2 Core 1 Get Tile at 47413
[2026-05-26 12:37:56.810] [info] DRAM: Idle 79.00%
[2026-05-26 12:37:56.813] [info] Core [0] : MatMul active cycle 363 Vector active cycle 0 
[2026-05-26 12:37:56.813] [info] Core [0] : issued tile 0 
[2026-05-26 12:37:56.813] [info] Core [0] : Memory unit idle cycle 499 Systolic bubble cycle 5900928 Core idle cycle 100 
[2026-05-26 12:37:56.813] [info] Core [0] : PE Utilization(%) 0.57, Systolic Bubble(%) 72.03, Vector Unit Utilization(%) 0.00, Total cycle: 47500
[2026-05-26 12:37:56.813] [debug] Core [1] : MatMul active cycle 363 Vector active cycle 0 
[2026-05-26 12:37:56.813] [debug] Core [1] : issued tile 1 
[2026-05-26 12:37:56.813] [debug] Core [1] : Memory unit idle cycle 413 Systolic bubble cycle 5900928 Core idle cycle 31 
[2026-05-26 12:37:56.813] [debug] Core [1] : PE Utilization(%) 0.57, Systolic Bubble(%) 72.03, Vector Unit Utilization(%) 0.00, Total cycle: 47500
[2026-05-26 12:37:56.813] [debug] Core [2] : MatMul active cycle 367 Vector active cycle 4 
[2026-05-26 12:37:56.813] [debug] Core [2] : issued tile 1 
[2026-05-26 12:37:56.813] [debug] Core [2] : Memory unit idle cycle 406 Systolic bubble cycle 5965952 Core idle cycle 0 
[2026-05-26 12:37:56.813] [debug] Core [2] : PE Utilization(%) 0.57, Systolic Bubble(%) 72.83, Vector Unit Utilization(%) 0.80, Total cycle: 47500
[2026-05-26 12:37:56.813] [debug] Core [3] : MatMul active cycle 359 Vector active cycle 0 
[2026-05-26 12:37:56.813] [debug] Core [3] : issued tile 0 
[2026-05-26 12:37:56.813] [debug] Core [3] : Memory unit idle cycle 499 Systolic bubble cycle 5835904 Core idle cycle 122 
[2026-05-26 12:37:56.813] [debug] Core [3] : PE Utilization(%) 0.56, Systolic Bubble(%) 71.24, Vector Unit Utilization(%) 0.00, Total cycle: 47500
[2026-05-26 12:37:56.871] [info] DRAM: Idle 0.00%
[2026-05-26 12:37:56.879] [info] HBM2-CH_0: BW utilization 25% (2393 reads, 17 writes)
[2026-05-26 12:37:56.879] [debug] HBM2-CH_1: BW utilization 25% (2402 reads, 13 writes)
[2026-05-26 12:37:56.879] [debug] HBM2-CH_2: BW utilization 25% (2415 reads, 14 writes)
[2026-05-26 12:37:56.879] [debug] HBM2-CH_3: BW utilization 25% (2410 reads, 16 writes)
[2026-05-26 12:37:56.879] [debug] HBM2-CH_4: BW utilization 25% (2419 reads, 15 writes)
[2026-05-26 12:37:56.879] [debug] HBM2-CH_5: BW utilization 25% (2412 reads, 16 writes)
[2026-05-26 12:37:56.879] [debug] HBM2-CH_6: BW utilization 25% (2414 reads, 17 writes)
[2026-05-26 12:37:56.879] [debug] HBM2-CH_7: BW utilization 25% (2423 reads, 15 writes)
[2026-05-26 12:37:56.879] [debug] HBM2-CH_8: BW utilization 25% (2419 reads, 14 writes)
[2026-05-26 12:37:56.879] [debug] HBM2-CH_9: BW utilization 25% (2413 reads, 17 writes)
[2026-05-26 12:37:56.879] [debug] HBM2-CH_10: BW utilization 25% (2410 reads, 16 writes)
[2026-05-26 12:37:56.879] [debug] HBM2-CH_11: BW utilization 25% (2425 reads, 14 writes)
[2026-05-26 12:37:56.879] [debug] HBM2-CH_12: BW utilization 25% (2418 reads, 17 writes)
[2026-05-26 12:37:56.879] [debug] HBM2-CH_13: BW utilization 25% (2408 reads, 15 writes)
[2026-05-26 12:37:56.879] [debug] HBM2-CH_14: BW utilization 25% (2405 reads, 14 writes)
[2026-05-26 12:37:56.879] [debug] HBM2-CH_15: BW utilization 25% (2417 reads, 16 writes)
[2026-05-26 12:37:56.880] [info] Core [0] : MatMul active cycle 0 Vector active cycle 0 
[2026-05-26 12:37:56.880] [info] Core [0] : issued tile 0 
[2026-05-26 12:37:56.880] [info] Core [0] : Memory unit idle cycle 500 Systolic bubble cycle 0 Core idle cycle 500 
[2026-05-26 12:37:56.880] [info] Core [0] : PE Utilization(%) 0.00, Systolic Bubble(%) 0.00, Vector Unit Utilization(%) 0.00, Total cycle: 48000
[2026-05-26 12:37:56.880] [debug] Core [1] : MatMul active cycle 0 Vector active cycle 0 
[2026-05-26 12:37:56.880] [debug] Core [1] : issued tile 1 
[2026-05-26 12:37:56.880] [debug] Core [1] : Memory unit idle cycle 327 Systolic bubble cycle 0 Core idle cycle 0 
[2026-05-26 12:37:56.880] [debug] Core [1] : PE Utilization(%) 0.00, Systolic Bubble(%) 0.00, Vector Unit Utilization(%) 0.00, Total cycle: 48000
[2026-05-26 12:37:56.880] [debug] Core [2] : MatMul active cycle 0 Vector active cycle 0 
[2026-05-26 12:37:56.880] [debug] Core [2] : issued tile 1 
[2026-05-26 12:37:56.880] [debug] Core [2] : Memory unit idle cycle 376 Systolic bubble cycle 0 Core idle cycle 0 
[2026-05-26 12:37:56.880] [debug] Core [2] : PE Utilization(%) 0.00, Systolic Bubble(%) 0.00, Vector Unit Utilization(%) 0.00, Total cycle: 48000
[2026-05-26 12:37:56.880] [debug] Core [3] : MatMul active cycle 0 Vector active cycle 0 
[2026-05-26 12:37:56.880] [debug] Core [3] : issued tile 0 
[2026-05-26 12:37:56.880] [debug] Core [3] : Memory unit idle cycle 500 Systolic bubble cycle 0 Core idle cycle 500 
[2026-05-26 12:37:56.880] [debug] Core [3] : PE Utilization(%) 0.00, Systolic Bubble(%) 0.00, Vector Unit Utilization(%) 0.00, Total cycle: 48000
[2026-05-26 12:37:56.882] [info] DRAM: Idle 71.20%
[2026-05-26 12:37:56.884] [info] Core [0] : MatMul active cycle 0 Vector active cycle 0 
[2026-05-26 12:37:56.884] [info] Core [0] : issued tile 0 
[2026-05-26 12:37:56.884] [info] Core [0] : Memory unit idle cycle 500 Systolic bubble cycle 0 Core idle cycle 500 
[2026-05-26 12:37:56.884] [info] Core [0] : PE Utilization(%) 0.00, Systolic Bubble(%) 0.00, Vector Unit Utilization(%) 0.00, Total cycle: 48500
[2026-05-26 12:37:56.884] [debug] Core [1] : MatMul active cycle 473 Vector active cycle 0 
[2026-05-26 12:37:56.884] [debug] Core [1] : issued tile 1 
[2026-05-26 12:37:56.884] [debug] Core [1] : Memory unit idle cycle 500 Systolic bubble cycle 3543808 Core idle cycle 0 
[2026-05-26 12:37:56.884] [debug] Core [1] : PE Utilization(%) 0.34, Systolic Bubble(%) 43.26, Vector Unit Utilization(%) 0.00, Total cycle: 48500
[2026-05-26 12:37:56.884] [debug] Core [2] : MatMul active cycle 498 Vector active cycle 0 
[2026-05-26 12:37:56.884] [debug] Core [2] : issued tile 1 
[2026-05-26 12:37:56.884] [debug] Core [2] : Memory unit idle cycle 500 Systolic bubble cycle 3956040 Core idle cycle 0 
[2026-05-26 12:37:56.884] [debug] Core [2] : PE Utilization(%) 0.31, Systolic Bubble(%) 48.29, Vector Unit Utilization(%) 0.00, Total cycle: 48500
[2026-05-26 12:37:56.884] [debug] Core [3] : MatMul active cycle 0 Vector active cycle 0 
[2026-05-26 12:37:56.884] [debug] Core [3] : issued tile 0 
[2026-05-26 12:37:56.884] [debug] Core [3] : Memory unit idle cycle 500 Systolic bubble cycle 0 Core idle cycle 500 
[2026-05-26 12:37:56.884] [debug] Core [3] : PE Utilization(%) 0.00, Systolic Bubble(%) 0.00, Vector Unit Utilization(%) 0.00, Total cycle: 48500
[2026-05-26 12:37:56.885] [info] DRAM: Idle 100.00%
[2026-05-26 12:37:56.886] [debug] Layer 186 Core 2 Finish Tile at 48901 Remain tile 2
[2026-05-26 12:37:56.886] [debug] Layer 186 Core 1 Finish Tile at 48926 Remain tile 1
[2026-05-26 12:37:56.886] [info] Layer layer0.ffn.fc2 finish at 48926
[2026-05-26 12:37:56.886] [info] Total compute time 1514
[2026-05-26 12:37:56.886] [info] executable layer count 1
[2026-05-26 12:37:56.886] [info] Start layer layer0.ffn.ln
[2026-05-26 12:37:56.886] [debug] Layer layer0.ffn.ln Core 3 Get Tile at 48926
[2026-05-26 12:37:56.887] [debug] Layer 188 Core 3 Finish Tile at 48971 Remain tile 1
[2026-05-26 12:37:56.887] [info] Layer layer0.ffn.ln finish at 48971
[2026-05-26 12:37:56.887] [info] Total compute time 45
[2026-05-26 12:37:56.887] [info] Model[tiny_transformer] Request: 42 us, Start: 42 us, finish:48 us, Current Cycle:48971
[2026-05-26 12:37:56.887] [info] No total_seq_len!
[2026-05-26 12:37:56.887] [info] Total Memory Usage: 0.01 GB
[2026-05-26 12:37:56.887] [info] Weight Memory Usage: 0.01 GB
[2026-05-26 12:37:56.887] [info] KV Memory Usage: 0.00 GB
[2026-05-26 12:37:56.887] [info] Activation Memory Usage: 0.00 GB
[2026-05-26 12:37:56.887] [debug] [Gemm] input_shape: [1, 232]
[2026-05-26 12:37:56.887] [debug] [Gemm] output_shape : [1, 696]
[2026-05-26 12:37:56.887] [info] [GEMM] spad_size: 33554432 accum_size: 4194304
[2026-05-26 12:37:56.887] [info] [GEMM] required_sram_size: 131072 required_accum_size: 32768
[2026-05-26 12:37:56.887] [info] [GEMM] Used mapping: Total N:1 C:232 M:696 | Outer N:1 C:1 M:6 | Inner N:128 C:256 M:128
[2026-05-26 12:37:56.889] [info] [GemmWs] Keys K = 232, N = 1, M = 696
[2026-05-26 12:37:56.889] [info] [GemmWS]: total 0.00032364 GFLOPs, 0.000326192 GB
[2026-05-26 12:37:56.889] [info] [GemmWS]: Theoretical time(ms): 0.0005312573421178968 Compute time: 2.469177307062864e-06 Memory time: 0.0005312573421178968
[2026-05-26 12:37:56.889] [debug] [KVCacheConcat] input_token_lengths: [1]
[2026-05-26 12:37:56.889] [debug] [KVCacheConcat] number of tiles: 1
[2026-05-26 12:37:56.889] [info] [Attention] total_spad_size_per_head: 16820 B
[2026-05-26 12:37:56.889] [info] [Attention] total_acc_size_per_head: 144 B
[2026-05-26 12:37:56.889] [info] [Attention] q_len: 1, seq_len: 72, dk: 58, heads per tile 1
[2026-05-26 12:37:56.889] [info] [Attention] Spad size 16777216
[2026-05-26 12:37:56.889] [info] [Attention] Accum spad size 2097152
[2026-05-26 12:37:56.889] [info] Mapping info Total Loop: N4 C58 M72 S1 R1 Q1 P1 Tile Out Loop: N4 C1 M1 S1 R1 Q1 P1 Tile In Loop: N1 C58 M72 S1 R1 Q1 P1
[2026-05-26 12:37:56.890] [info] [Attention] QK 3.3408e-05 GFLOPs
[2026-05-26 12:37:56.890] [info] [Attention] total 6.9696e-05 GFLOPs, 6.7744e-05 GB
[2026-05-26 12:37:56.890] [info] [Attention] Theoretical time(ms): 0.00011033224 Compute time: 8.6132815e-07 Memory time: 0.00011033224
[2026-05-26 12:37:56.890] [info] [Attention] QK compute 0.0000ms Softmax compute 0.0000ms SV compute 0.0000ms
[2026-05-26 12:37:56.890] [debug] [Gemm] input_shape: [1, 232]
[2026-05-26 12:37:56.890] [debug] [Gemm] output_shape : [1, 232]
[2026-05-26 12:37:56.890] [info] [GEMM] spad_size: 33554432 accum_size: 4194304
[2026-05-26 12:37:56.890] [info] [GEMM] required_sram_size: 131072 required_accum_size: 32768
[2026-05-26 12:37:56.890] [info] [GEMM] Used mapping: Total N:1 C:232 M:232 | Outer N:1 C:1 M:2 | Inner N:128 C:256 M:128
[2026-05-26 12:37:56.890] [info] [GemmWs] Keys K = 232, N = 1, M = 232
[2026-05-26 12:37:56.890] [info] [GemmWS]: total 0.00010787999 GFLOPs, 0.000109040004 GB
[2026-05-26 12:37:56.890] [info] [GemmWS]: Theoretical time(ms): 0.00017758958392732893 Compute time: 8.230590098357027e-07 Memory time: 0.00017758958392732893
[2026-05-26 12:37:56.890] [info] [SkipLayerNorm] tokens_per_tile: 1
[2026-05-26 12:37:56.890] [debug] [Gemm] input_shape: [1, 232]
[2026-05-26 12:37:56.890] [debug] [Gemm] output_shape : [1, 512]
[2026-05-26 12:37:56.890] [info] [GEMM] spad_size: 33554432 accum_size: 4194304
[2026-05-26 12:37:56.890] [info] [GEMM] required_sram_size: 131072 required_accum_size: 32768
[2026-05-26 12:37:56.890] [info] [GEMM] Used mapping: Total N:1 C:232 M:512 | Outer N:1 C:1 M:4 | Inner N:128 C:256 M:128
[2026-05-26 12:37:56.891] [info] [GemmWs] Keys K = 232, N = 1, M = 512
[2026-05-26 12:37:56.891] [info] [GemmWS]: total 0.000237568 GFLOPs, 0.000239056 GB
[2026-05-26 12:37:56.891] [info] [GemmWS]: Theoretical time(ms): 0.0003893420057465846 Compute time: 1.81250003894462e-06 Memory time: 0.0003893420057465846
[2026-05-26 12:37:56.891] [info] [BiasAct] tokens_per_tile: 1
[2026-05-26 12:37:56.891] [debug] [Gemm] input_shape: [1, 512]
[2026-05-26 12:37:56.891] [debug] [Gemm] output_shape : [1, 232]
[2026-05-26 12:37:56.891] [info] [GEMM] spad_size: 33554432 accum_size: 4194304
[2026-05-26 12:37:56.891] [info] [GEMM] required_sram_size: 262144 required_accum_size: 32768
[2026-05-26 12:37:56.891] [info] [GEMM] Used mapping: Total N:1 C:512 M:232 | Outer N:1 C:1 M:2 | Inner N:128 C:512 M:128
[2026-05-26 12:37:56.892] [info] [GemmWs] Keys K = 512, N = 1, M = 232
[2026-05-26 12:37:56.892] [info] [GemmWS]: total 0.00023779999 GFLOPs, 0.00023952 GB
[2026-05-26 12:37:56.892] [info] [GemmWS]: Theoretical time(ms): 0.00039009771057862963 Compute time: 1.8142699564904774e-06 Memory time: 0.00039009771057862963
[2026-05-26 12:37:56.892] [info] [SkipLayerNorm] tokens_per_tile: 1
[2026-05-26 12:37:56.892] [debug] runnable op, 
[2026-05-26 12:37:56.892] [info]  Model initialization time: 0.004794 seconds
[2026-05-26 12:37:56.892] [info] Schedule model: tiny_transformer at 48973000 us
[2026-05-26 12:37:56.892] [info] MODEL tiny_transformer Scheduled, Total Request: 1
[2026-05-26 12:37:56.892] [info] executable layer count 1
[2026-05-26 12:37:56.892] [info] Start layer layer0.attn.QKVgen
[2026-05-26 12:37:56.892] [debug] Layer layer0.attn.QKVgen Core 0 Get Tile at 48972
[2026-05-26 12:37:56.892] [debug] Layer layer0.attn.QKVgen Core 1 Get Tile at 48972
[2026-05-26 12:37:56.892] [debug] Layer layer0.attn.QKVgen Core 2 Get Tile at 48972
[2026-05-26 12:37:56.892] [debug] Layer layer0.attn.QKVgen Core 3 Get Tile at 48972
[2026-05-26 12:37:56.892] [debug] Layer layer0.attn.QKVgen Core 0 Get Tile at 48973
[2026-05-26 12:37:56.892] [debug] Layer layer0.attn.QKVgen Core 3 Get Tile at 48973
[2026-05-26 12:37:56.896] [info] Core [0] : MatMul active cycle 0 Vector active cycle 0 
[2026-05-26 12:37:56.896] [info] Core [0] : issued tile 2 
[2026-05-26 12:37:56.896] [info] Core [0] : Memory unit idle cycle 473 Systolic bubble cycle 0 Core idle cycle 472 
[2026-05-26 12:37:56.896] [info] Core [0] : PE Utilization(%) 0.00, Systolic Bubble(%) 0.00, Vector Unit Utilization(%) 0.00, Total cycle: 49000
[2026-05-26 12:37:56.896] [debug] Core [1] : MatMul active cycle 424 Vector active cycle 0 
[2026-05-26 12:37:56.896] [debug] Core [1] : issued tile 1 
[2026-05-26 12:37:56.896] [debug] Core [1] : Memory unit idle cycle 472 Systolic bubble cycle 6892544 Core idle cycle 29 
[2026-05-26 12:37:56.896] [debug] Core [1] : PE Utilization(%) 0.66, Systolic Bubble(%) 84.14, Vector Unit Utilization(%) 0.00, Total cycle: 49000
[2026-05-26 12:37:56.896] [debug] Core [2] : MatMul active cycle 399 Vector active cycle 0 
[2026-05-26 12:37:56.896] [debug] Core [2] : issued tile 1 
[2026-05-26 12:37:56.896] [debug] Core [2] : Memory unit idle cycle 472 Systolic bubble cycle 6495720 Core idle cycle 39 
[2026-05-26 12:37:56.896] [debug] Core [2] : PE Utilization(%) 0.51, Systolic Bubble(%) 79.29, Vector Unit Utilization(%) 0.00, Total cycle: 49000
[2026-05-26 12:37:56.896] [debug] Core [3] : MatMul active cycle 0 Vector active cycle 12 
[2026-05-26 12:37:56.896] [debug] Core [3] : issued tile 2 
[2026-05-26 12:37:56.896] [debug] Core [3] : Memory unit idle cycle 470 Systolic bubble cycle 0 Core idle cycle 426 
[2026-05-26 12:37:56.896] [debug] Core [3] : PE Utilization(%) 0.00, Systolic Bubble(%) 0.00, Vector Unit Utilization(%) 2.40, Total cycle: 49000
[2026-05-26 12:37:56.931] [info] DRAM: Idle 51.60%
[2026-05-26 12:37:57.007] [info] Core [0] : MatMul active cycle 0 Vector active cycle 0 
[2026-05-26 12:37:57.007] [info] Core [0] : issued tile 2 
[2026-05-26 12:37:57.007] [info] Core [0] : Memory unit idle cycle 357 Systolic bubble cycle 0 Core idle cycle 0 
[2026-05-26 12:37:57.007] [info] Core [0] : PE Utilization(%) 0.00, Systolic Bubble(%) 0.00, Vector Unit Utilization(%) 0.00, Total cycle: 49500
[2026-05-26 12:37:57.007] [debug] Core [1] : MatMul active cycle 0 Vector active cycle 0 
[2026-05-26 12:37:57.007] [debug] Core [1] : issued tile 1 
[2026-05-26 12:37:57.007] [debug] Core [1] : Memory unit idle cycle 409 Systolic bubble cycle 0 Core idle cycle 0 
[2026-05-26 12:37:57.007] [debug] Core [1] : PE Utilization(%) 0.00, Systolic Bubble(%) 0.00, Vector Unit Utilization(%) 0.00, Total cycle: 49500
[2026-05-26 12:37:57.007] [debug] Core [2] : MatMul active cycle 0 Vector active cycle 0 
[2026-05-26 12:37:57.007] [debug] Core [2] : issued tile 1 
[2026-05-26 12:37:57.007] [debug] Core [2] : Memory unit idle cycle 409 Systolic bubble cycle 0 Core idle cycle 0 
[2026-05-26 12:37:57.007] [debug] Core [2] : PE Utilization(%) 0.00, Systolic Bubble(%) 0.00, Vector Unit Utilization(%) 0.00, Total cycle: 49500
[2026-05-26 12:37:57.007] [debug] Core [3] : MatMul active cycle 0 Vector active cycle 0 
[2026-05-26 12:37:57.007] [debug] Core [3] : issued tile 2 
[2026-05-26 12:37:57.007] [debug] Core [3] : Memory unit idle cycle 291 Systolic bubble cycle 0 Core idle cycle 0 
[2026-05-26 12:37:57.007] [debug] Core [3] : PE Utilization(%) 0.00, Systolic Bubble(%) 0.00, Vector Unit Utilization(%) 0.00, Total cycle: 49500
[2026-05-26 12:37:57.016] [info] DRAM: Idle 0.00%
[2026-05-26 12:37:57.033] [info] DRAM: Idle 57.80%
[2026-05-26 12:37:57.033] [info] Core [0] : MatMul active cycle 355 Vector active cycle 0 
[2026-05-26 12:37:57.033] [info] Core [0] : issued tile 2 
[2026-05-26 12:37:57.033] [info] Core [0] : Memory unit idle cycle 500 Systolic bubble cycle 1625600 Core idle cycle 0 
[2026-05-26 12:37:57.033] [info] Core [0] : PE Utilization(%) 0.16, Systolic Bubble(%) 19.84, Vector Unit Utilization(%) 0.00, Total cycle: 50000
[2026-05-26 12:37:57.033] [debug] Core [1] : MatMul active cycle 374 Vector active cycle 0 
[2026-05-26 12:37:57.033] [debug] Core [1] : issued tile 1 
[2026-05-26 12:37:57.033] [debug] Core [1] : Memory unit idle cycle 500 Systolic bubble cycle 1934464 Core idle cycle 0 
[2026-05-26 12:37:57.033] [debug] Core [1] : PE Utilization(%) 0.19, Systolic Bubble(%) 23.61, Vector Unit Utilization(%) 0.00, Total cycle: 50000
[2026-05-26 12:37:57.033] [debug] Core [2] : MatMul active cycle 385 Vector active cycle 0 
[2026-05-26 12:37:57.033] [debug] Core [2] : issued tile 1 
[2026-05-26 12:37:57.033] [debug] Core [2] : Memory unit idle cycle 500 Systolic bubble cycle 2113280 Core idle cycle 0 
[2026-05-26 12:37:57.033] [debug] Core [2] : PE Utilization(%) 0.20, Systolic Bubble(%) 25.80, Vector Unit Utilization(%) 0.00, Total cycle: 50000
[2026-05-26 12:37:57.033] [debug] Core [3] : MatMul active cycle 367 Vector active cycle 0 
[2026-05-26 12:37:57.033] [debug] Core [3] : issued tile 2 
[2026-05-26 12:37:57.033] [debug] Core [3] : Memory unit idle cycle 500 Systolic bubble cycle 1820672 Core idle cycle 0 
[2026-05-26 12:37:57.033] [debug] Core [3] : PE Utilization(%) 0.17, Systolic Bubble(%) 22.23, Vector Unit Utilization(%) 0.00, Total cycle: 50000
[2026-05-26 12:37:57.035] [debug] Layer 193 Core 2 Finish Tile at 50258 Remain tile 6
[2026-05-26 12:37:57.035] [debug] Layer 193 Core 1 Finish Tile at 50269 Remain tile 5
[2026-05-26 12:37:57.035] [debug] Layer 193 Core 3 Finish Tile at 50276 Remain tile 4
[2026-05-26 12:37:57.035] [debug] Layer 193 Core 0 Finish Tile at 50288 Remain tile 3
[2026-05-26 12:37:57.036] [info] DRAM: Idle 95.60%
[2026-05-26 12:37:57.037] [info] Core [0] : MatMul active cycle 500 Vector active cycle 0 
[2026-05-26 12:37:57.037] [info] Core [0] : issued tile 1 
[2026-05-26 12:37:57.037] [info] Core [0] : Memory unit idle cycle 499 Systolic bubble cycle 8143408 Core idle cycle 0 
[2026-05-26 12:37:57.037] [info] Core [0] : PE Utilization(%) 0.59, Systolic Bubble(%) 99.41, Vector Unit Utilization(%) 0.00, Total cycle: 50500
[2026-05-26 12:37:57.037] [debug] Core [1] : MatMul active cycle 267 Vector active cycle 0 
[2026-05-26 12:37:57.037] [debug] Core [1] : issued tile 0 
[2026-05-26 12:37:57.037] [debug] Core [1] : Memory unit idle cycle 499 Systolic bubble cycle 4340352 Core idle cycle 214 
[2026-05-26 12:37:57.037] [debug] Core [1] : PE Utilization(%) 0.42, Systolic Bubble(%) 52.98, Vector Unit Utilization(%) 0.00, Total cycle: 50500
[2026-05-26 12:37:57.037] [debug] Core [2] : MatMul active cycle 256 Vector active cycle 0 
[2026-05-26 12:37:57.037] [debug] Core [2] : issued tile 0 
[2026-05-26 12:37:57.037] [debug] Core [2] : Memory unit idle cycle 499 Systolic bubble cycle 4161536 Core idle cycle 225 
[2026-05-26 12:37:57.037] [debug] Core [2] : PE Utilization(%) 0.40, Systolic Bubble(%) 50.80, Vector Unit Utilization(%) 0.00, Total cycle: 50500
[2026-05-26 12:37:57.037] [debug] Core [3] : MatMul active cycle 500 Vector active cycle 0 
[2026-05-26 12:37:57.037] [debug] Core [3] : issued tile 1 
[2026-05-26 12:37:57.037] [debug] Core [3] : Memory unit idle cycle 499 Systolic bubble cycle 8128000 Core idle cycle 0 
[2026-05-26 12:37:57.037] [debug] Core [3] : PE Utilization(%) 0.78, Systolic Bubble(%) 99.22, Vector Unit Utilization(%) 0.00, Total cycle: 50500
[2026-05-26 12:37:57.037] [debug] Layer 193 Core 3 Finish Tile at 50532 Remain tile 2
[2026-05-26 12:37:57.037] [debug] Layer 193 Core 0 Finish Tile at 50544 Remain tile 1
[2026-05-26 12:37:57.037] [info] Layer layer0.attn.QKVgen finish at 50544
[2026-05-26 12:37:57.037] [info] Total compute time 1572
[2026-05-26 12:37:57.037] [info] executable layer count 1
[2026-05-26 12:37:57.037] [info] Start layer layer0.attn.KVccat
[2026-05-26 12:37:57.037] [debug] Layer layer0.attn.KVccat Core 0 Get Tile at 50544
[2026-05-26 12:37:57.037] [debug] Layer 195 Core 0 Finish Tile at 50545 Remain tile 1
[2026-05-26 12:37:57.037] [info] Layer layer0.attn.KVccat finish at 50545
[2026-05-26 12:37:57.037] [info] Total compute time 1
[2026-05-26 12:37:57.037] [info] executable layer count 1
[2026-05-26 12:37:57.037] [info] Start layer layer0.attn.Attention.0
[2026-05-26 12:37:57.037] [debug] Layer layer0.attn.Attention.0 Core 0 Get Tile at 50545
[2026-05-26 12:37:57.037] [debug] Layer layer0.attn.Attention.0 Core 1 Get Tile at 50545
[2026-05-26 12:37:57.037] [debug] Layer layer0.attn.Attention.0 Core 2 Get Tile at 50545
[2026-05-26 12:37:57.037] [debug] Layer layer0.attn.Attention.0 Core 3 Get Tile at 50545
[2026-05-26 12:37:57.068] [info] DRAM: Idle 47.40%
[2026-05-26 12:37:57.069] [info] Core [0] : MatMul active cycle 274 Vector active cycle 0 
[2026-05-26 12:37:57.069] [info] Core [0] : issued tile 1 
[2026-05-26 12:37:57.069] [info] Core [0] : Memory unit idle cycle 466 Systolic bubble cycle 685776 Core idle cycle 0 
[2026-05-26 12:37:57.069] [info] Core [0] : PE Utilization(%) 0.03, Systolic Bubble(%) 8.37, Vector Unit Utilization(%) 0.00, Total cycle: 51000
[2026-05-26 12:37:57.069] [debug] Core [1] : MatMul active cycle 255 Vector active cycle 0 
[2026-05-26 12:37:57.069] [debug] Core [1] : issued tile 1 
[2026-05-26 12:37:57.069] [debug] Core [1] : Memory unit idle cycle 467 Systolic bubble cycle 0 Core idle cycle 45 
[2026-05-26 12:37:57.069] [debug] Core [1] : PE Utilization(%) 0.00, Systolic Bubble(%) 0.00, Vector Unit Utilization(%) 0.00, Total cycle: 51000
[2026-05-26 12:37:57.069] [debug] Core [2] : MatMul active cycle 241 Vector active cycle 0 
[2026-05-26 12:37:57.069] [debug] Core [2] : issued tile 1 
[2026-05-26 12:37:57.069] [debug] Core [2] : Memory unit idle cycle 467 Systolic bubble cycle 0 Core idle cycle 45 
[2026-05-26 12:37:57.069] [debug] Core [2] : PE Utilization(%) 0.00, Systolic Bubble(%) 0.00, Vector Unit Utilization(%) 0.00, Total cycle: 51000
[2026-05-26 12:37:57.069] [debug] Core [3] : MatMul active cycle 278 Vector active cycle 0 
[2026-05-26 12:37:57.069] [debug] Core [3] : issued tile 1 
[2026-05-26 12:37:57.069] [debug] Core [3] : Memory unit idle cycle 466 Systolic bubble cycle 487680 Core idle cycle 0 
[2026-05-26 12:37:57.069] [debug] Core [3] : PE Utilization(%) 0.05, Systolic Bubble(%) 5.95, Vector Unit Utilization(%) 0.00, Total cycle: 51000
[2026-05-26 12:37:57.071] [info] DRAM: Idle 100.00%
[2026-05-26 12:37:57.073] [info] Core [0] : MatMul active cycle 485 Vector active cycle 16 
[2026-05-26 12:37:57.073] [info] Core [0] : issued tile 1 
[2026-05-26 12:37:57.073] [info] Core [0] : Memory unit idle cycle 500 Systolic bubble cycle 4208496 Core idle cycle 0 
[2026-05-26 12:37:57.073] [info] Core [0] : PE Utilization(%) 0.23, Systolic Bubble(%) 51.37, Vector Unit Utilization(%) 3.20, Total cycle: 51500
[2026-05-26 12:37:57.073] [debug] Core [1] : MatMul active cycle 485 Vector active cycle 16 
[2026-05-26 12:37:57.073] [debug] Core [1] : issued tile 1 
[2026-05-26 12:37:57.073] [debug] Core [1] : Memory unit idle cycle 500 Systolic bubble cycle 4208496 Core idle cycle 0 
[2026-05-26 12:37:57.073] [debug] Core [1] : PE Utilization(%) 0.23, Systolic Bubble(%) 51.37, Vector Unit Utilization(%) 3.20, Total cycle: 51500
[2026-05-26 12:37:57.073] [debug] Core [2] : MatMul active cycle 485 Vector active cycle 16 
[2026-05-26 12:37:57.073] [debug] Core [2] : issued tile 1 
[2026-05-26 12:37:57.073] [debug] Core [2] : Memory unit idle cycle 500 Systolic bubble cycle 4208496 Core idle cycle 0 
[2026-05-26 12:37:57.073] [debug] Core [2] : PE Utilization(%) 0.23, Systolic Bubble(%) 51.37, Vector Unit Utilization(%) 3.20, Total cycle: 51500
[2026-05-26 12:37:57.073] [debug] Core [3] : MatMul active cycle 485 Vector active cycle 16 
[2026-05-26 12:37:57.073] [debug] Core [3] : issued tile 1 
[2026-05-26 12:37:57.073] [debug] Core [3] : Memory unit idle cycle 500 Systolic bubble cycle 4208496 Core idle cycle 0 
[2026-05-26 12:37:57.073] [debug] Core [3] : PE Utilization(%) 0.23, Systolic Bubble(%) 51.37, Vector Unit Utilization(%) 3.20, Total cycle: 51500
[2026-05-26 12:37:57.074] [info] DRAM: Idle 100.00%
[2026-05-26 12:37:57.075] [debug] Layer 199 Core 1 Finish Tile at 51790 Remain tile 4
[2026-05-26 12:37:57.075] [debug] Layer 199 Core 3 Finish Tile at 51797 Remain tile 3
[2026-05-26 12:37:57.075] [debug] Layer 199 Core 2 Finish Tile at 51804 Remain tile 2
[2026-05-26 12:37:57.075] [debug] Layer 199 Core 0 Finish Tile at 51813 Remain tile 1
[2026-05-26 12:37:57.075] [info] Layer layer0.attn.Attention.0 finish at 51813
[2026-05-26 12:37:57.075] [info] Total compute time 1268
[2026-05-26 12:37:57.075] [info] executable layer count 1
[2026-05-26 12:37:57.075] [info] Start layer layer0.attn.Atccat
[2026-05-26 12:37:57.075] [debug] Layer layer0.attn.Atccat Core 1 Get Tile at 51813
[2026-05-26 12:37:57.075] [debug] Layer 201 Core 1 Finish Tile at 51814 Remain tile 1
[2026-05-26 12:37:57.075] [info] Layer layer0.attn.Atccat finish at 51814
[2026-05-26 12:37:57.075] [info] Total compute time 1
[2026-05-26 12:37:57.075] [info] executable layer count 1
[2026-05-26 12:37:57.075] [info] Start layer layer0.attn.proj
[2026-05-26 12:37:57.075] [debug] Layer layer0.attn.proj Core 3 Get Tile at 51814
[2026-05-26 12:37:57.075] [debug] Layer layer0.attn.proj Core 0 Get Tile at 51815
[2026-05-26 12:37:57.101] [info] Core [0] : MatMul active cycle 309 Vector active cycle 2 
[2026-05-26 12:37:57.101] [info] Core [0] : issued tile 1 
[2026-05-26 12:37:57.101] [info] Core [0] : Memory unit idle cycle 402 Systolic bubble cycle 4212108 Core idle cycle 0 
[2026-05-26 12:37:57.101] [info] Core [0] : PE Utilization(%) 0.18, Systolic Bubble(%) 51.42, Vector Unit Utilization(%) 0.40, Total cycle: 52000
[2026-05-26 12:37:57.101] [debug] Core [1] : MatMul active cycle 286 Vector active cycle 2 
[2026-05-26 12:37:57.101] [debug] Core [1] : issued tile 0 
[2026-05-26 12:37:57.101] [debug] Core [1] : Memory unit idle cycle 499 Systolic bubble cycle 4212108 Core idle cycle 193 
[2026-05-26 12:37:57.101] [debug] Core [1] : PE Utilization(%) 0.18, Systolic Bubble(%) 51.42, Vector Unit Utilization(%) 0.40, Total cycle: 52000
[2026-05-26 12:37:57.101] [debug] Core [2] : MatMul active cycle 300 Vector active cycle 2 
[2026-05-26 12:37:57.101] [debug] Core [2] : issued tile 0 
[2026-05-26 12:37:57.101] [debug] Core [2] : Memory unit idle cycle 499 Systolic bubble cycle 4212108 Core idle cycle 179 
[2026-05-26 12:37:57.101] [debug] Core [2] : PE Utilization(%) 0.18, Systolic Bubble(%) 51.42, Vector Unit Utilization(%) 0.40, Total cycle: 52000
[2026-05-26 12:37:57.101] [debug] Core [3] : MatMul active cycle 293 Vector active cycle 2 
[2026-05-26 12:37:57.101] [debug] Core [3] : issued tile 1 
[2026-05-26 12:37:57.101] [debug] Core [3] : Memory unit idle cycle 381 Systolic bubble cycle 4212108 Core idle cycle 0 
[2026-05-26 12:37:57.101] [debug] Core [3] : PE Utilization(%) 0.18, Systolic Bubble(%) 51.42, Vector Unit Utilization(%) 0.40, Total cycle: 52000
[2026-05-26 12:37:57.108] [info] DRAM: Idle 41.60%
[2026-05-26 12:37:57.113] [info] DRAM: Idle 83.60%
[2026-05-26 12:37:57.113] [info] Core [0] : MatMul active cycle 374 Vector active cycle 0 
[2026-05-26 12:37:57.113] [info] Core [0] : issued tile 1 
[2026-05-26 12:37:57.113] [info] Core [0] : Memory unit idle cycle 500 Systolic bubble cycle 1937320 Core idle cycle 0 
[2026-05-26 12:37:57.113] [info] Core [0] : PE Utilization(%) 0.15, Systolic Bubble(%) 23.65, Vector Unit Utilization(%) 0.00, Total cycle: 52500
[2026-05-26 12:37:57.113] [debug] Core [1] : MatMul active cycle 0 Vector active cycle 0 
[2026-05-26 12:37:57.113] [debug] Core [1] : issued tile 0 
[2026-05-26 12:37:57.113] [debug] Core [1] : Memory unit idle cycle 500 Systolic bubble cycle 0 Core idle cycle 500 
[2026-05-26 12:37:57.113] [debug] Core [1] : PE Utilization(%) 0.00, Systolic Bubble(%) 0.00, Vector Unit Utilization(%) 0.00, Total cycle: 52500
[2026-05-26 12:37:57.113] [debug] Core [2] : MatMul active cycle 0 Vector active cycle 0 
[2026-05-26 12:37:57.113] [debug] Core [2] : issued tile 0 
[2026-05-26 12:37:57.113] [debug] Core [2] : Memory unit idle cycle 500 Systolic bubble cycle 0 Core idle cycle 500 
[2026-05-26 12:37:57.113] [debug] Core [2] : PE Utilization(%) 0.00, Systolic Bubble(%) 0.00, Vector Unit Utilization(%) 0.00, Total cycle: 52500
[2026-05-26 12:37:57.113] [debug] Core [3] : MatMul active cycle 360 Vector active cycle 0 
[2026-05-26 12:37:57.113] [debug] Core [3] : issued tile 1 
[2026-05-26 12:37:57.113] [debug] Core [3] : Memory unit idle cycle 500 Systolic bubble cycle 1706880 Core idle cycle 0 
[2026-05-26 12:37:57.113] [debug] Core [3] : PE Utilization(%) 0.16, Systolic Bubble(%) 20.84, Vector Unit Utilization(%) 0.00, Total cycle: 52500
[2026-05-26 12:37:57.115] [debug] Layer 203 Core 0 Finish Tile at 52769 Remain tile 2
[2026-05-26 12:37:57.115] [debug] Layer 203 Core 3 Finish Tile at 52783 Remain tile 1
[2026-05-26 12:37:57.115] [info] Layer layer0.attn.proj finish at 52783
[2026-05-26 12:37:57.115] [info] Total compute time 969
[2026-05-26 12:37:57.115] [info] executable layer count 1
[2026-05-26 12:37:57.115] [info] Start layer layer0.attn.ln
[2026-05-26 12:37:57.115] [debug] Layer layer0.attn.ln Core 2 Get Tile at 52784
[2026-05-26 12:37:57.116] [debug] Layer 205 Core 2 Finish Tile at 52834 Remain tile 1
[2026-05-26 12:37:57.116] [info] Layer layer0.attn.ln finish at 52834
[2026-05-26 12:37:57.116] [info] Total compute time 51
[2026-05-26 12:37:57.116] [info] executable layer count 1
[2026-05-26 12:37:57.116] [info] Start layer layer0.ffn.fc1
[2026-05-26 12:37:57.116] [debug] Layer layer0.ffn.fc1 Core 2 Get Tile at 52834
[2026-05-26 12:37:57.116] [debug] Layer layer0.ffn.fc1 Core 3 Get Tile at 52834
[2026-05-26 12:37:57.116] [debug] Layer layer0.ffn.fc1 Core 0 Get Tile at 52835
[2026-05-26 12:37:57.116] [debug] Layer layer0.ffn.fc1 Core 1 Get Tile at 52835
[2026-05-26 12:37:57.128] [info] DRAM: Idle 77.80%
[2026-05-26 12:37:57.152] [info] Core [0] : MatMul active cycle 267 Vector active cycle 0 
[2026-05-26 12:37:57.152] [info] Core [0] : issued tile 1 
[2026-05-26 12:37:57.152] [info] Core [0] : Memory unit idle cycle 382 Systolic bubble cycle 4346760 Core idle cycle 34 
[2026-05-26 12:37:57.152] [info] Core [0] : PE Utilization(%) 0.34, Systolic Bubble(%) 53.06, Vector Unit Utilization(%) 0.00, Total cycle: 53000
[2026-05-26 12:37:57.152] [debug] Core [1] : MatMul active cycle 0 Vector active cycle 0 
[2026-05-26 12:37:57.152] [debug] Core [1] : issued tile 1 
[2026-05-26 12:37:57.152] [debug] Core [1] : Memory unit idle cycle 383 Systolic bubble cycle 0 Core idle cycle 335 
[2026-05-26 12:37:57.152] [debug] Core [1] : PE Utilization(%) 0.00, Systolic Bubble(%) 0.00, Vector Unit Utilization(%) 0.00, Total cycle: 53000
[2026-05-26 12:37:57.152] [debug] Core [2] : MatMul active cycle 0 Vector active cycle 12 
[2026-05-26 12:37:57.152] [debug] Core [2] : issued tile 1 
[2026-05-26 12:37:57.152] [debug] Core [2] : Memory unit idle cycle 380 Systolic bubble cycle 0 Core idle cycle 284 
[2026-05-26 12:37:57.152] [debug] Core [2] : PE Utilization(%) 0.00, Systolic Bubble(%) 0.00, Vector Unit Utilization(%) 2.40, Total cycle: 53000
[2026-05-26 12:37:57.152] [debug] Core [3] : MatMul active cycle 281 Vector active cycle 0 
[2026-05-26 12:37:57.152] [debug] Core [3] : issued tile 1 
[2026-05-26 12:37:57.152] [debug] Core [3] : Memory unit idle cycle 382 Systolic bubble cycle 4567936 Core idle cycle 11 
[2026-05-26 12:37:57.152] [debug] Core [3] : PE Utilization(%) 0.44, Systolic Bubble(%) 55.76, Vector Unit Utilization(%) 0.00, Total cycle: 53000
[2026-05-26 12:37:57.217] [info] DRAM: Idle 0.00%
[2026-05-26 12:37:57.223] [info] Core [0] : MatMul active cycle 122 Vector active cycle 0 
[2026-05-26 12:37:57.223] [info] Core [0] : issued tile 1 
[2026-05-26 12:37:57.223] [info] Core [0] : Memory unit idle cycle 500 Systolic bubble cycle 0 Core idle cycle 0 
[2026-05-26 12:37:57.223] [info] Core [0] : PE Utilization(%) 0.00, Systolic Bubble(%) 0.00, Vector Unit Utilization(%) 0.00, Total cycle: 53500
[2026-05-26 12:37:57.223] [debug] Core [1] : MatMul active cycle 123 Vector active cycle 0 
[2026-05-26 12:37:57.223] [debug] Core [1] : issued tile 1 
[2026-05-26 12:37:57.223] [debug] Core [1] : Memory unit idle cycle 500 Systolic bubble cycle 0 Core idle cycle 0 
[2026-05-26 12:37:57.223] [debug] Core [1] : PE Utilization(%) 0.00, Systolic Bubble(%) 0.00, Vector Unit Utilization(%) 0.00, Total cycle: 53500
[2026-05-26 12:37:57.223] [debug] Core [2] : MatMul active cycle 121 Vector active cycle 0 
[2026-05-26 12:37:57.223] [debug] Core [2] : issued tile 1 
[2026-05-26 12:37:57.223] [debug] Core [2] : Memory unit idle cycle 500 Systolic bubble cycle 0 Core idle cycle 0 
[2026-05-26 12:37:57.223] [debug] Core [2] : PE Utilization(%) 0.00, Systolic Bubble(%) 0.00, Vector Unit Utilization(%) 0.00, Total cycle: 53500
[2026-05-26 12:37:57.223] [debug] Core [3] : MatMul active cycle 130 Vector active cycle 0 
[2026-05-26 12:37:57.223] [debug] Core [3] : issued tile 1 
[2026-05-26 12:37:57.223] [debug] Core [3] : Memory unit idle cycle 500 Systolic bubble cycle 0 Core idle cycle 0 
[2026-05-26 12:37:57.223] [debug] Core [3] : PE Utilization(%) 0.00, Systolic Bubble(%) 0.00, Vector Unit Utilization(%) 0.00, Total cycle: 53500
[2026-05-26 12:37:57.224] [info] DRAM: Idle 86.20%
[2026-05-26 12:37:57.226] [info] Core [0] : MatMul active cycle 500 Vector active cycle 0 
[2026-05-26 12:37:57.226] [info] Core [0] : issued tile 1 
[2026-05-26 12:37:57.226] [info] Core [0] : Memory unit idle cycle 500 Systolic bubble cycle 5965952 Core idle cycle 0 
[2026-05-26 12:37:57.226] [info] Core [0] : PE Utilization(%) 0.57, Systolic Bubble(%) 72.83, Vector Unit Utilization(%) 0.00, Total cycle: 54000
[2026-05-26 12:37:57.226] [debug] Core [1] : MatMul active cycle 500 Vector active cycle 0 
[2026-05-26 12:37:57.226] [debug] Core [1] : issued tile 1 
[2026-05-26 12:37:57.226] [debug] Core [1] : Memory unit idle cycle 500 Systolic bubble cycle 5982208 Core idle cycle 0 
[2026-05-26 12:37:57.226] [debug] Core [1] : PE Utilization(%) 0.57, Systolic Bubble(%) 73.03, Vector Unit Utilization(%) 0.00, Total cycle: 54000
[2026-05-26 12:37:57.226] [debug] Core [2] : MatMul active cycle 500 Vector active cycle 0 
[2026-05-26 12:37:57.226] [debug] Core [2] : issued tile 1 
[2026-05-26 12:37:57.226] [debug] Core [2] : Memory unit idle cycle 500 Systolic bubble cycle 5949696 Core idle cycle 0 
[2026-05-26 12:37:57.226] [debug] Core [2] : PE Utilization(%) 0.57, Systolic Bubble(%) 72.63, Vector Unit Utilization(%) 0.00, Total cycle: 54000
[2026-05-26 12:37:57.226] [debug] Core [3] : MatMul active cycle 500 Vector active cycle 0 
[2026-05-26 12:37:57.226] [debug] Core [3] : issued tile 1 
[2026-05-26 12:37:57.226] [debug] Core [3] : Memory unit idle cycle 500 Systolic bubble cycle 6096000 Core idle cycle 0 
[2026-05-26 12:37:57.226] [debug] Core [3] : PE Utilization(%) 0.59, Systolic Bubble(%) 74.41, Vector Unit Utilization(%) 0.00, Total cycle: 54000
[2026-05-26 12:37:57.226] [debug] Layer 207 Core 3 Finish Tile at 54013 Remain tile 4
[2026-05-26 12:37:57.226] [debug] Layer 207 Core 1 Finish Tile at 54020 Remain tile 3
[2026-05-26 12:37:57.226] [debug] Layer 207 Core 0 Finish Tile at 54021 Remain tile 2
[2026-05-26 12:37:57.226] [debug] Layer 207 Core 2 Finish Tile at 54022 Remain tile 1
[2026-05-26 12:37:57.226] [info] Layer layer0.ffn.fc1 finish at 54022
[2026-05-26 12:37:57.226] [info] Total compute time 1188
[2026-05-26 12:37:57.226] [info] executable layer count 1
[2026-05-26 12:37:57.226] [info] Start layer layer0.ffn.act
[2026-05-26 12:37:57.226] [debug] Layer layer0.ffn.act Core 3 Get Tile at 54022
[2026-05-26 12:37:57.227] [debug] Layer 209 Core 3 Finish Tile at 54068 Remain tile 1
[2026-05-26 12:37:57.227] [info] Layer layer0.ffn.act finish at 54068
[2026-05-26 12:37:57.227] [info] Total compute time 46
[2026-05-26 12:37:57.227] [info] executable layer count 1
[2026-05-26 12:37:57.227] [info] Start layer layer0.ffn.fc2
[2026-05-26 12:37:57.227] [debug] Layer layer0.ffn.fc2 Core 3 Get Tile at 54068
[2026-05-26 12:37:57.227] [debug] Layer layer0.ffn.fc2 Core 0 Get Tile at 54069
[2026-05-26 12:37:57.237] [info] DRAM: Idle 76.60%
[2026-05-26 12:37:57.289] [info] Core [0] : MatMul active cycle 19 Vector active cycle 0 
[2026-05-26 12:37:57.289] [info] Core [0] : issued tile 1 
[2026-05-26 12:37:57.289] [info] Core [0] : Memory unit idle cycle 288 Systolic bubble cycle 308864 Core idle cycle 30 
[2026-05-26 12:37:57.289] [info] Core [0] : PE Utilization(%) 0.03, Systolic Bubble(%) 3.77, Vector Unit Utilization(%) 0.00, Total cycle: 54500
[2026-05-26 12:37:57.289] [debug] Core [1] : MatMul active cycle 18 Vector active cycle 0 
[2026-05-26 12:37:57.289] [debug] Core [1] : issued tile 0 
[2026-05-26 12:37:57.289] [debug] Core [1] : Memory unit idle cycle 499 Systolic bubble cycle 292608 Core idle cycle 463 
[2026-05-26 12:37:57.289] [debug] Core [1] : PE Utilization(%) 0.03, Systolic Bubble(%) 3.57, Vector Unit Utilization(%) 0.00, Total cycle: 54500
[2026-05-26 12:37:57.289] [debug] Core [2] : MatMul active cycle 20 Vector active cycle 0 
[2026-05-26 12:37:57.289] [debug] Core [2] : issued tile 0 
[2026-05-26 12:37:57.289] [debug] Core [2] : Memory unit idle cycle 499 Systolic bubble cycle 325120 Core idle cycle 445 
[2026-05-26 12:37:57.289] [debug] Core [2] : PE Utilization(%) 0.03, Systolic Bubble(%) 3.97, Vector Unit Utilization(%) 0.00, Total cycle: 54500
[2026-05-26 12:37:57.289] [debug] Core [3] : MatMul active cycle 11 Vector active cycle 4 
[2026-05-26 12:37:57.289] [debug] Core [3] : issued tile 1 
[2026-05-26 12:37:57.289] [debug] Core [3] : Memory unit idle cycle 234 Systolic bubble cycle 178816 Core idle cycle 0 
[2026-05-26 12:37:57.289] [debug] Core [3] : PE Utilization(%) 0.02, Systolic Bubble(%) 2.18, Vector Unit Utilization(%) 0.80, Total cycle: 54500
[2026-05-26 12:37:57.297] [info] DRAM: Idle 0.00%
[2026-05-26 12:37:57.308] [info] DRAM: Idle 66.60%
[2026-05-26 12:37:57.308] [info] Core [0] : MatMul active cycle 332 Vector active cycle 0 
[2026-05-26 12:37:57.308] [info] Core [0] : issued tile 1 
[2026-05-26 12:37:57.308] [info] Core [0] : Memory unit idle cycle 500 Systolic bubble cycle 1253560 Core idle cycle 0 
[2026-05-26 12:37:57.308] [info] Core [0] : PE Utilization(%) 0.10, Systolic Bubble(%) 15.30, Vector Unit Utilization(%) 0.00, Total cycle: 55000
[2026-05-26 12:37:57.308] [debug] Core [1] : MatMul active cycle 0 Vector active cycle 0 
[2026-05-26 12:37:57.308] [debug] Core [1] : issued tile 0 
[2026-05-26 12:37:57.308] [debug] Core [1] : Memory unit idle cycle 500 Systolic bubble cycle 0 Core idle cycle 500 
[2026-05-26 12:37:57.308] [debug] Core [1] : PE Utilization(%) 0.00, Systolic Bubble(%) 0.00, Vector Unit Utilization(%) 0.00, Total cycle: 55000
[2026-05-26 12:37:57.308] [debug] Core [2] : MatMul active cycle 0 Vector active cycle 0 
[2026-05-26 12:37:57.308] [debug] Core [2] : issued tile 0 
[2026-05-26 12:37:57.308] [debug] Core [2] : Memory unit idle cycle 500 Systolic bubble cycle 0 Core idle cycle 500 
[2026-05-26 12:37:57.308] [debug] Core [2] : PE Utilization(%) 0.00, Systolic Bubble(%) 0.00, Vector Unit Utilization(%) 0.00, Total cycle: 55000
[2026-05-26 12:37:57.308] [debug] Core [3] : MatMul active cycle 290 Vector active cycle 0 
[2026-05-26 12:37:57.308] [debug] Core [3] : issued tile 1 
[2026-05-26 12:37:57.308] [debug] Core [3] : Memory unit idle cycle 500 Systolic bubble cycle 568960 Core idle cycle 0 
[2026-05-26 12:37:57.308] [debug] Core [3] : PE Utilization(%) 0.05, Systolic Bubble(%) 6.95, Vector Unit Utilization(%) 0.00, Total cycle: 55000
[2026-05-26 12:37:57.311] [info] DRAM: Idle 100.00%
[2026-05-26 12:37:57.311] [info] Core [0] : MatMul active cycle 500 Vector active cycle 0 
[2026-05-26 12:37:57.311] [info] Core [0] : issued tile 1 
[2026-05-26 12:37:57.311] [info] Core [0] : Memory unit idle cycle 500 Systolic bubble cycle 8140000 Core idle cycle 0 
[2026-05-26 12:37:57.311] [info] Core [0] : PE Utilization(%) 0.63, Systolic Bubble(%) 99.37, Vector Unit Utilization(%) 0.00, Total cycle: 55500
[2026-05-26 12:37:57.311] [debug] Core [1] : MatMul active cycle 0 Vector active cycle 0 
[2026-05-26 12:37:57.311] [debug] Core [1] : issued tile 0 
[2026-05-26 12:37:57.311] [debug] Core [1] : Memory unit idle cycle 500 Systolic bubble cycle 0 Core idle cycle 500 
[2026-05-26 12:37:57.311] [debug] Core [1] : PE Utilization(%) 0.00, Systolic Bubble(%) 0.00, Vector Unit Utilization(%) 0.00, Total cycle: 55500
[2026-05-26 12:37:57.311] [debug] Core [2] : MatMul active cycle 0 Vector active cycle 0 
[2026-05-26 12:37:57.311] [debug] Core [2] : issued tile 0 
[2026-05-26 12:37:57.311] [debug] Core [2] : Memory unit idle cycle 500 Systolic bubble cycle 0 Core idle cycle 500 
[2026-05-26 12:37:57.311] [debug] Core [2] : PE Utilization(%) 0.00, Systolic Bubble(%) 0.00, Vector Unit Utilization(%) 0.00, Total cycle: 55500
[2026-05-26 12:37:57.311] [debug] Core [3] : MatMul active cycle 500 Vector active cycle 0 
[2026-05-26 12:37:57.311] [debug] Core [3] : issued tile 1 
[2026-05-26 12:37:57.311] [debug] Core [3] : Memory unit idle cycle 500 Systolic bubble cycle 8128000 Core idle cycle 0 
[2026-05-26 12:37:57.311] [debug] Core [3] : PE Utilization(%) 0.78, Systolic Bubble(%) 99.22, Vector Unit Utilization(%) 0.00, Total cycle: 55500
[2026-05-26 12:37:57.312] [debug] Layer 211 Core 0 Finish Tile at 55567 Remain tile 2
[2026-05-26 12:37:57.312] [debug] Layer 211 Core 3 Finish Tile at 55609 Remain tile 1
[2026-05-26 12:37:57.312] [info] Layer layer0.ffn.fc2 finish at 55609
[2026-05-26 12:37:57.312] [info] Total compute time 1541
[2026-05-26 12:37:57.312] [info] executable layer count 1
[2026-05-26 12:37:57.312] [info] Start layer layer0.ffn.ln
[2026-05-26 12:37:57.312] [debug] Layer layer0.ffn.ln Core 0 Get Tile at 55610
[2026-05-26 12:37:57.313] [debug] Layer 213 Core 0 Finish Tile at 55653 Remain tile 1
[2026-05-26 12:37:57.313] [info] Layer layer0.ffn.ln finish at 55653
[2026-05-26 12:37:57.313] [info] Total compute time 44
[2026-05-26 12:37:57.313] [info] Model[tiny_transformer] Request: 48 us, Start: 48 us, finish:55 us, Current Cycle:55653
[2026-05-26 12:37:57.313] [info] No total_seq_len!
[2026-05-26 12:37:57.313] [info] Total Memory Usage: 0.01 GB
[2026-05-26 12:37:57.313] [info] Weight Memory Usage: 0.01 GB
[2026-05-26 12:37:57.313] [info] KV Memory Usage: 0.00 GB
[2026-05-26 12:37:57.313] [info] Activation Memory Usage: 0.00 GB
[2026-05-26 12:37:57.313] [debug] [Gemm] input_shape: [1, 232]
[2026-05-26 12:37:57.313] [debug] [Gemm] output_shape : [1, 696]
[2026-05-26 12:37:57.313] [info] [GEMM] spad_size: 33554432 accum_size: 4194304
[2026-05-26 12:37:57.313] [info] [GEMM] required_sram_size: 131072 required_accum_size: 32768
[2026-05-26 12:37:57.313] [info] [GEMM] Used mapping: Total N:1 C:232 M:696 | Outer N:1 C:1 M:6 | Inner N:128 C:256 M:128
[2026-05-26 12:37:57.314] [info] [GemmWs] Keys K = 232, N = 1, M = 696
[2026-05-26 12:37:57.314] [info] [GemmWS]: total 0.00032364 GFLOPs, 0.000326192 GB
[2026-05-26 12:37:57.314] [info] [GemmWS]: Theoretical time(ms): 0.0005312573421178968 Compute time: 2.469177307062864e-06 Memory time: 0.0005312573421178968
[2026-05-26 12:37:57.314] [debug] [KVCacheConcat] input_token_lengths: [1]
[2026-05-26 12:37:57.314] [debug] [KVCacheConcat] number of tiles: 1
[2026-05-26 12:37:57.314] [info] [Attention] total_spad_size_per_head: 17052 B
[2026-05-26 12:37:57.314] [info] [Attention] total_acc_size_per_head: 146 B
[2026-05-26 12:37:57.314] [info] [Attention] q_len: 1, seq_len: 73, dk: 58, heads per tile 1
[2026-05-26 12:37:57.314] [info] [Attention] Spad size 16777216
[2026-05-26 12:37:57.314] [info] [Attention] Accum spad size 2097152
[2026-05-26 12:37:57.314] [info] Mapping info Total Loop: N4 C58 M73 S1 R1 Q1 P1 Tile Out Loop: N4 C1 M1 S1 R1 Q1 P1 Tile In Loop: N1 C58 M73 S1 R1 Q1 P1
[2026-05-26 12:37:57.315] [info] [Attention] QK 3.3872e-05 GFLOPs
[2026-05-26 12:37:57.315] [info] [Attention] total 7.0664e-05 GFLOPs, 6.8671994e-05 GB
[2026-05-26 12:37:57.315] [info] [Attention] Theoretical time(ms): 0.00011184364 Compute time: 8.7329096e-07 Memory time: 0.00011184364
[2026-05-26 12:37:57.315] [info] [Attention] QK compute 0.0000ms Softmax compute 0.0000ms SV compute 0.0000ms
[2026-05-26 12:37:57.315] [debug] [Gemm] input_shape: [1, 232]
[2026-05-26 12:37:57.315] [debug] [Gemm] output_shape : [1, 232]
[2026-05-26 12:37:57.315] [info] [GEMM] spad_size: 33554432 accum_size: 4194304
[2026-05-26 12:37:57.315] [info] [GEMM] required_sram_size: 131072 required_accum_size: 32768
[2026-05-26 12:37:57.315] [info] [GEMM] Used mapping: Total N:1 C:232 M:232 | Outer N:1 C:1 M:2 | Inner N:128 C:256 M:128
[2026-05-26 12:37:57.316] [info] [GemmWs] Keys K = 232, N = 1, M = 232
[2026-05-26 12:37:57.316] [info] [GemmWS]: total 0.00010787999 GFLOPs, 0.000109040004 GB
[2026-05-26 12:37:57.316] [info] [GemmWS]: Theoretical time(ms): 0.00017758958392732893 Compute time: 8.230590098357027e-07 Memory time: 0.00017758958392732893
[2026-05-26 12:37:57.316] [info] [SkipLayerNorm] tokens_per_tile: 1
[2026-05-26 12:37:57.316] [debug] [Gemm] input_shape: [1, 232]
[2026-05-26 12:37:57.316] [debug] [Gemm] output_shape : [1, 512]
[2026-05-26 12:37:57.316] [info] [GEMM] spad_size: 33554432 accum_size: 4194304
[2026-05-26 12:37:57.316] [info] [GEMM] required_sram_size: 131072 required_accum_size: 32768
[2026-05-26 12:37:57.316] [info] [GEMM] Used mapping: Total N:1 C:232 M:512 | Outer N:1 C:1 M:4 | Inner N:128 C:256 M:128
[2026-05-26 12:37:57.317] [info] [GemmWs] Keys K = 232, N = 1, M = 512
[2026-05-26 12:37:57.317] [info] [GemmWS]: total 0.000237568 GFLOPs, 0.000239056 GB
[2026-05-26 12:37:57.317] [info] [GemmWS]: Theoretical time(ms): 0.0003893420057465846 Compute time: 1.81250003894462e-06 Memory time: 0.0003893420057465846
[2026-05-26 12:37:57.317] [info] [BiasAct] tokens_per_tile: 1
[2026-05-26 12:37:57.317] [debug] [Gemm] input_shape: [1, 512]
[2026-05-26 12:37:57.317] [debug] [Gemm] output_shape : [1, 232]
[2026-05-26 12:37:57.317] [info] [GEMM] spad_size: 33554432 accum_size: 4194304
[2026-05-26 12:37:57.317] [info] [GEMM] required_sram_size: 262144 required_accum_size: 32768
[2026-05-26 12:37:57.317] [info] [GEMM] Used mapping: Total N:1 C:512 M:232 | Outer N:1 C:1 M:2 | Inner N:128 C:512 M:128
[2026-05-26 12:37:57.318] [info] [GemmWs] Keys K = 512, N = 1, M = 232
[2026-05-26 12:37:57.318] [info] [GemmWS]: total 0.00023779999 GFLOPs, 0.00023952 GB
[2026-05-26 12:37:57.318] [info] [GemmWS]: Theoretical time(ms): 0.00039009771057862963 Compute time: 1.8142699564904774e-06 Memory time: 0.00039009771057862963
[2026-05-26 12:37:57.318] [info] [SkipLayerNorm] tokens_per_tile: 1
[2026-05-26 12:37:57.318] [debug] runnable op, 
[2026-05-26 12:37:57.318] [info]  Model initialization time: 0.004790 seconds
[2026-05-26 12:37:57.318] [info] Schedule model: tiny_transformer at 55655000 us
[2026-05-26 12:37:57.318] [info] MODEL tiny_transformer Scheduled, Total Request: 1
[2026-05-26 12:37:57.318] [info] executable layer count 1
[2026-05-26 12:37:57.318] [info] Start layer layer0.attn.QKVgen
[2026-05-26 12:37:57.318] [debug] Layer layer0.attn.QKVgen Core 0 Get Tile at 55654
[2026-05-26 12:37:57.318] [debug] Layer layer0.attn.QKVgen Core 1 Get Tile at 55654
[2026-05-26 12:37:57.318] [debug] Layer layer0.attn.QKVgen Core 2 Get Tile at 55654
[2026-05-26 12:37:57.318] [debug] Layer layer0.attn.QKVgen Core 3 Get Tile at 55654
[2026-05-26 12:37:57.318] [debug] Layer layer0.attn.QKVgen Core 1 Get Tile at 55655
[2026-05-26 12:37:57.318] [debug] Layer layer0.attn.QKVgen Core 2 Get Tile at 55655
[2026-05-26 12:37:57.352] [info] DRAM: Idle 56.20%
[2026-05-26 12:37:57.390] [info] HBM2-CH_0: BW utilization 23% (2203 reads, 12 writes)
[2026-05-26 12:37:57.390] [debug] HBM2-CH_1: BW utilization 23% (2228 reads, 14 writes)
[2026-05-26 12:37:57.390] [debug] HBM2-CH_2: BW utilization 23% (2215 reads, 15 writes)
[2026-05-26 12:37:57.390] [debug] HBM2-CH_3: BW utilization 23% (2213 reads, 13 writes)
[2026-05-26 12:37:57.390] [debug] HBM2-CH_4: BW utilization 23% (2221 reads, 15 writes)
[2026-05-26 12:37:57.390] [debug] HBM2-CH_5: BW utilization 23% (2203 reads, 12 writes)
[2026-05-26 12:37:57.390] [debug] HBM2-CH_6: BW utilization 23% (2213 reads, 13 writes)
[2026-05-26 12:37:57.390] [debug] HBM2-CH_7: BW utilization 23% (2218 reads, 16 writes)
[2026-05-26 12:37:57.390] [debug] HBM2-CH_8: BW utilization 23% (2232 reads, 15 writes)
[2026-05-26 12:37:57.390] [debug] HBM2-CH_9: BW utilization 23% (2213 reads, 12 writes)
[2026-05-26 12:37:57.390] [debug] HBM2-CH_10: BW utilization 23% (2208 reads, 12 writes)
[2026-05-26 12:37:57.390] [debug] HBM2-CH_11: BW utilization 23% (2219 reads, 15 writes)
[2026-05-26 12:37:57.390] [debug] HBM2-CH_12: BW utilization 23% (2214 reads, 14 writes)
[2026-05-26 12:37:57.390] [debug] HBM2-CH_13: BW utilization 23% (2230 reads, 15 writes)
[2026-05-26 12:37:57.390] [debug] HBM2-CH_14: BW utilization 23% (2235 reads, 13 writes)
[2026-05-26 12:37:57.390] [debug] HBM2-CH_15: BW utilization 23% (2211 reads, 14 writes)
[2026-05-26 12:37:57.395] [info] Core [0] : MatMul active cycle 65 Vector active cycle 12 
[2026-05-26 12:37:57.395] [info] Core [0] : issued tile 1 
[2026-05-26 12:37:57.395] [info] Core [0] : Memory unit idle cycle 378 Systolic bubble cycle 1058200 Core idle cycle 11 
[2026-05-26 12:37:57.395] [info] Core [0] : PE Utilization(%) 0.08, Systolic Bubble(%) 12.92, Vector Unit Utilization(%) 2.40, Total cycle: 56000
[2026-05-26 12:37:57.395] [debug] Core [1] : MatMul active cycle 0 Vector active cycle 0 
[2026-05-26 12:37:57.395] [debug] Core [1] : issued tile 2 
[2026-05-26 12:37:57.395] [debug] Core [1] : Memory unit idle cycle 264 Systolic bubble cycle 0 Core idle cycle 154 
[2026-05-26 12:37:57.395] [debug] Core [1] : PE Utilization(%) 0.00, Systolic Bubble(%) 0.00, Vector Unit Utilization(%) 0.00, Total cycle: 56000
[2026-05-26 12:37:57.395] [debug] Core [2] : MatMul active cycle 0 Vector active cycle 0 
[2026-05-26 12:37:57.395] [debug] Core [2] : issued tile 2 
[2026-05-26 12:37:57.395] [debug] Core [2] : Memory unit idle cycle 330 Systolic bubble cycle 0 Core idle cycle 154 
[2026-05-26 12:37:57.395] [debug] Core [2] : PE Utilization(%) 0.00, Systolic Bubble(%) 0.00, Vector Unit Utilization(%) 0.00, Total cycle: 56000
[2026-05-26 12:37:57.395] [debug] Core [3] : MatMul active cycle 107 Vector active cycle 0 
[2026-05-26 12:37:57.395] [debug] Core [3] : issued tile 1 
[2026-05-26 12:37:57.395] [debug] Core [3] : Memory unit idle cycle 381 Systolic bubble cycle 1739392 Core idle cycle 28 
[2026-05-26 12:37:57.395] [debug] Core [3] : PE Utilization(%) 0.17, Systolic Bubble(%) 21.23, Vector Unit Utilization(%) 0.00, Total cycle: 56000
[2026-05-26 12:37:57.437] [info] DRAM: Idle 0.00%
[2026-05-26 12:37:57.456] [info] Core [0] : MatMul active cycle 236 Vector active cycle 0 
[2026-05-26 12:37:57.456] [info] Core [0] : issued tile 1 
[2026-05-26 12:37:57.456] [info] Core [0] : Memory unit idle cycle 500 Systolic bubble cycle 0 Core idle cycle 0 
[2026-05-26 12:37:57.456] [info] Core [0] : PE Utilization(%) 0.00, Systolic Bubble(%) 0.00, Vector Unit Utilization(%) 0.00, Total cycle: 56500
[2026-05-26 12:37:57.456] [debug] Core [1] : MatMul active cycle 204 Vector active cycle 0 
[2026-05-26 12:37:57.456] [debug] Core [1] : issued tile 2 
[2026-05-26 12:37:57.456] [debug] Core [1] : Memory unit idle cycle 500 Systolic bubble cycle 0 Core idle cycle 0 
[2026-05-26 12:37:57.456] [debug] Core [1] : PE Utilization(%) 0.00, Systolic Bubble(%) 0.00, Vector Unit Utilization(%) 0.00, Total cycle: 56500
[2026-05-26 12:37:57.456] [debug] Core [2] : MatMul active cycle 226 Vector active cycle 0 
[2026-05-26 12:37:57.456] [debug] Core [2] : issued tile 2 
[2026-05-26 12:37:57.456] [debug] Core [2] : Memory unit idle cycle 500 Systolic bubble cycle 0 Core idle cycle 0 
[2026-05-26 12:37:57.456] [debug] Core [2] : PE Utilization(%) 0.00, Systolic Bubble(%) 0.00, Vector Unit Utilization(%) 0.00, Total cycle: 56500
[2026-05-26 12:37:57.456] [debug] Core [3] : MatMul active cycle 200 Vector active cycle 0 
[2026-05-26 12:37:57.456] [debug] Core [3] : issued tile 1 
[2026-05-26 12:37:57.456] [debug] Core [3] : Memory unit idle cycle 500 Systolic bubble cycle 0 Core idle cycle 0 
[2026-05-26 12:37:57.456] [debug] Core [3] : PE Utilization(%) 0.00, Systolic Bubble(%) 0.00, Vector Unit Utilization(%) 0.00, Total cycle: 56500
[2026-05-26 12:37:57.457] [info] DRAM: Idle 53.40%
[2026-05-26 12:37:57.459] [debug] Layer 218 Core 0 Finish Tile at 56907 Remain tile 6
[2026-05-26 12:37:57.459] [debug] Layer 218 Core 2 Finish Tile at 56917 Remain tile 5
[2026-05-26 12:37:57.459] [debug] Layer 218 Core 1 Finish Tile at 56939 Remain tile 4
[2026-05-26 12:37:57.459] [debug] Layer 218 Core 3 Finish Tile at 56943 Remain tile 3
[2026-05-26 12:37:57.460] [info] Core [0] : MatMul active cycle 405 Vector active cycle 0 
[2026-05-26 12:37:57.460] [info] Core [0] : issued tile 0 
[2026-05-26 12:37:57.460] [info] Core [0] : Memory unit idle cycle 499 Systolic bubble cycle 6274816 Core idle cycle 76 
[2026-05-26 12:37:57.460] [info] Core [0] : PE Utilization(%) 0.60, Systolic Bubble(%) 76.60, Vector Unit Utilization(%) 0.00, Total cycle: 57000
[2026-05-26 12:37:57.460] [debug] Core [1] : MatMul active cycle 500 Vector active cycle 0 
[2026-05-26 12:37:57.460] [debug] Core [1] : issued tile 1 
[2026-05-26 12:37:57.460] [debug] Core [1] : Memory unit idle cycle 499 Systolic bubble cycle 7298944 Core idle cycle 0 
[2026-05-26 12:37:57.460] [debug] Core [1] : PE Utilization(%) 0.70, Systolic Bubble(%) 89.10, Vector Unit Utilization(%) 0.00, Total cycle: 57000
[2026-05-26 12:37:57.460] [debug] Core [2] : MatMul active cycle 500 Vector active cycle 0 
[2026-05-26 12:37:57.460] [debug] Core [2] : issued tile 1 
[2026-05-26 12:37:57.460] [debug] Core [2] : Memory unit idle cycle 499 Systolic bubble cycle 7662696 Core idle cycle 0 
[2026-05-26 12:37:57.460] [debug] Core [2] : PE Utilization(%) 0.66, Systolic Bubble(%) 93.54, Vector Unit Utilization(%) 0.00, Total cycle: 57000
[2026-05-26 12:37:57.460] [debug] Core [3] : MatMul active cycle 441 Vector active cycle 0 
[2026-05-26 12:37:57.460] [debug] Core [3] : issued tile 0 
[2026-05-26 12:37:57.460] [debug] Core [3] : Memory unit idle cycle 499 Systolic bubble cycle 6274816 Core idle cycle 40 
[2026-05-26 12:37:57.460] [debug] Core [3] : PE Utilization(%) 0.60, Systolic Bubble(%) 76.60, Vector Unit Utilization(%) 0.00, Total cycle: 57000
[2026-05-26 12:37:57.460] [info] DRAM: Idle 95.60%
[2026-05-26 12:37:57.461] [debug] Layer 218 Core 2 Finish Tile at 57173 Remain tile 2
[2026-05-26 12:37:57.461] [debug] Layer 218 Core 1 Finish Tile at 57195 Remain tile 1
[2026-05-26 12:37:57.461] [info] Layer layer0.attn.QKVgen finish at 57195
[2026-05-26 12:37:57.461] [info] Total compute time 1541
[2026-05-26 12:37:57.461] [info] executable layer count 1
[2026-05-26 12:37:57.461] [info] Start layer layer0.attn.KVccat
[2026-05-26 12:37:57.461] [debug] Layer layer0.attn.KVccat Core 1 Get Tile at 57195
[2026-05-26 12:37:57.461] [debug] Layer 220 Core 1 Finish Tile at 57196 Remain tile 1
[2026-05-26 12:37:57.461] [info] Layer layer0.attn.KVccat finish at 57196
[2026-05-26 12:37:57.461] [info] Total compute time 1
[2026-05-26 12:37:57.461] [info] executable layer count 1
[2026-05-26 12:37:57.461] [info] Start layer layer0.attn.Attention.0
[2026-05-26 12:37:57.461] [debug] Layer layer0.attn.Attention.0 Core 1 Get Tile at 57196
[2026-05-26 12:37:57.461] [debug] Layer layer0.attn.Attention.0 Core 2 Get Tile at 57196
[2026-05-26 12:37:57.461] [debug] Layer layer0.attn.Attention.0 Core 3 Get Tile at 57196
[2026-05-26 12:37:57.461] [debug] Layer layer0.attn.Attention.0 Core 0 Get Tile at 57197
[2026-05-26 12:37:57.492] [info] DRAM: Idle 46.20%
[2026-05-26 12:37:57.492] [info] Core [0] : MatMul active cycle 82 Vector active cycle 0 
[2026-05-26 12:37:57.492] [info] Core [0] : issued tile 1 
[2026-05-26 12:37:57.492] [info] Core [0] : Memory unit idle cycle 466 Systolic bubble cycle 0 Core idle cycle 197 
[2026-05-26 12:37:57.492] [info] Core [0] : PE Utilization(%) 0.00, Systolic Bubble(%) 0.00, Vector Unit Utilization(%) 0.00, Total cycle: 57500
[2026-05-26 12:37:57.492] [debug] Core [1] : MatMul active cycle 265 Vector active cycle 0 
[2026-05-26 12:37:57.492] [debug] Core [1] : issued tile 1 
[2026-05-26 12:37:57.492] [debug] Core [1] : Memory unit idle cycle 465 Systolic bubble cycle 3137408 Core idle cycle 0 
[2026-05-26 12:37:57.492] [debug] Core [1] : PE Utilization(%) 0.30, Systolic Bubble(%) 38.30, Vector Unit Utilization(%) 0.00, Total cycle: 57500
[2026-05-26 12:37:57.492] [debug] Core [2] : MatMul active cycle 260 Vector active cycle 0 
[2026-05-26 12:37:57.492] [debug] Core [2] : issued tile 1 
[2026-05-26 12:37:57.492] [debug] Core [2] : Memory unit idle cycle 465 Systolic bubble cycle 2792088 Core idle cycle 6 
[2026-05-26 12:37:57.492] [debug] Core [2] : PE Utilization(%) 0.12, Systolic Bubble(%) 34.08, Vector Unit Utilization(%) 0.00, Total cycle: 57500
[2026-05-26 12:37:57.492] [debug] Core [3] : MatMul active cycle 89 Vector active cycle 0 
[2026-05-26 12:37:57.492] [debug] Core [3] : issued tile 1 
[2026-05-26 12:37:57.492] [debug] Core [3] : Memory unit idle cycle 466 Systolic bubble cycle 0 Core idle cycle 196 
[2026-05-26 12:37:57.492] [debug] Core [3] : PE Utilization(%) 0.00, Systolic Bubble(%) 0.00, Vector Unit Utilization(%) 0.00, Total cycle: 57500
[2026-05-26 12:37:57.495] [info] DRAM: Idle 100.00%
[2026-05-26 12:37:57.496] [info] Core [0] : MatMul active cycle 485 Vector active cycle 16 
[2026-05-26 12:37:57.496] [info] Core [0] : issued tile 1 
[2026-05-26 12:37:57.496] [info] Core [0] : Memory unit idle cycle 500 Systolic bubble cycle 4208238 Core idle cycle 0 
[2026-05-26 12:37:57.496] [info] Core [0] : PE Utilization(%) 0.23, Systolic Bubble(%) 51.37, Vector Unit Utilization(%) 3.20, Total cycle: 58000
[2026-05-26 12:37:57.496] [debug] Core [1] : MatMul active cycle 485 Vector active cycle 16 
[2026-05-26 12:37:57.496] [debug] Core [1] : issued tile 1 
[2026-05-26 12:37:57.496] [debug] Core [1] : Memory unit idle cycle 500 Systolic bubble cycle 4208238 Core idle cycle 0 
[2026-05-26 12:37:57.496] [debug] Core [1] : PE Utilization(%) 0.23, Systolic Bubble(%) 51.37, Vector Unit Utilization(%) 3.20, Total cycle: 58000
[2026-05-26 12:37:57.496] [debug] Core [2] : MatMul active cycle 485 Vector active cycle 16 
[2026-05-26 12:37:57.496] [debug] Core [2] : issued tile 1 
[2026-05-26 12:37:57.496] [debug] Core [2] : Memory unit idle cycle 500 Systolic bubble cycle 4208238 Core idle cycle 0 
[2026-05-26 12:37:57.496] [debug] Core [2] : PE Utilization(%) 0.23, Systolic Bubble(%) 51.37, Vector Unit Utilization(%) 3.20, Total cycle: 58000
[2026-05-26 12:37:57.496] [debug] Core [3] : MatMul active cycle 485 Vector active cycle 16 
[2026-05-26 12:37:57.496] [debug] Core [3] : issued tile 1 
[2026-05-26 12:37:57.496] [debug] Core [3] : Memory unit idle cycle 500 Systolic bubble cycle 4208238 Core idle cycle 0 
[2026-05-26 12:37:57.496] [debug] Core [3] : PE Utilization(%) 0.23, Systolic Bubble(%) 51.37, Vector Unit Utilization(%) 3.20, Total cycle: 58000
[2026-05-26 12:37:57.498] [info] DRAM: Idle 100.00%
[2026-05-26 12:37:57.499] [debug] Layer 224 Core 2 Finish Tile at 58456 Remain tile 4
[2026-05-26 12:37:57.499] [debug] Layer 224 Core 3 Finish Tile at 58456 Remain tile 3
[2026-05-26 12:37:57.499] [debug] Layer 224 Core 0 Finish Tile at 58463 Remain tile 2
[2026-05-26 12:37:57.499] [debug] Layer 224 Core 1 Finish Tile at 58473 Remain tile 1
[2026-05-26 12:37:57.499] [info] Layer layer0.attn.Attention.0 finish at 58473
[2026-05-26 12:37:57.499] [info] Total compute time 1277
[2026-05-26 12:37:57.499] [info] executable layer count 1
[2026-05-26 12:37:57.499] [info] Start layer layer0.attn.Atccat
[2026-05-26 12:37:57.499] [debug] Layer layer0.attn.Atccat Core 2 Get Tile at 58473
[2026-05-26 12:37:57.499] [debug] Layer 226 Core 2 Finish Tile at 58474 Remain tile 1
[2026-05-26 12:37:57.499] [info] Layer layer0.attn.Atccat finish at 58474
[2026-05-26 12:37:57.499] [info] Total compute time 1
[2026-05-26 12:37:57.499] [info] executable layer count 1
[2026-05-26 12:37:57.499] [info] Start layer layer0.attn.proj
[2026-05-26 12:37:57.499] [debug] Layer layer0.attn.proj Core 2 Get Tile at 58474
[2026-05-26 12:37:57.499] [debug] Layer layer0.attn.proj Core 1 Get Tile at 58475
[2026-05-26 12:37:57.501] [info] Core [0] : MatMul active cycle 459 Vector active cycle 2 
[2026-05-26 12:37:57.501] [info] Core [0] : issued tile 0 
[2026-05-26 12:37:57.501] [info] Core [0] : Memory unit idle cycle 499 Systolic bubble cycle 4212108 Core idle cycle 20 
[2026-05-26 12:37:57.501] [info] Core [0] : PE Utilization(%) 0.18, Systolic Bubble(%) 51.42, Vector Unit Utilization(%) 0.40, Total cycle: 58500
[2026-05-26 12:37:57.501] [debug] Core [1] : MatMul active cycle 469 Vector active cycle 2 
[2026-05-26 12:37:57.501] [debug] Core [1] : issued tile 1 
[2026-05-26 12:37:57.501] [debug] Core [1] : Memory unit idle cycle 475 Systolic bubble cycle 4212108 Core idle cycle 0 
[2026-05-26 12:37:57.501] [debug] Core [1] : PE Utilization(%) 0.18, Systolic Bubble(%) 51.42, Vector Unit Utilization(%) 0.40, Total cycle: 58500
[2026-05-26 12:37:57.501] [debug] Core [2] : MatMul active cycle 452 Vector active cycle 2 
[2026-05-26 12:37:57.501] [debug] Core [2] : issued tile 1 
[2026-05-26 12:37:57.501] [debug] Core [2] : Memory unit idle cycle 474 Systolic bubble cycle 4212108 Core idle cycle 1 
[2026-05-26 12:37:57.501] [debug] Core [2] : PE Utilization(%) 0.18, Systolic Bubble(%) 51.42, Vector Unit Utilization(%) 0.40, Total cycle: 58500
[2026-05-26 12:37:57.501] [debug] Core [3] : MatMul active cycle 452 Vector active cycle 2 
[2026-05-26 12:37:57.501] [debug] Core [3] : issued tile 0 
[2026-05-26 12:37:57.501] [debug] Core [3] : Memory unit idle cycle 499 Systolic bubble cycle 4212108 Core idle cycle 27 
[2026-05-26 12:37:57.501] [debug] Core [3] : PE Utilization(%) 0.18, Systolic Bubble(%) 51.42, Vector Unit Utilization(%) 0.40, Total cycle: 58500
[2026-05-26 12:37:57.532] [info] DRAM: Idle 41.00%
[2026-05-26 12:37:57.536] [info] Core [0] : MatMul active cycle 0 Vector active cycle 0 
[2026-05-26 12:37:57.536] [info] Core [0] : issued tile 0 
[2026-05-26 12:37:57.536] [info] Core [0] : Memory unit idle cycle 500 Systolic bubble cycle 0 Core idle cycle 500 
[2026-05-26 12:37:57.536] [info] Core [0] : PE Utilization(%) 0.00, Systolic Bubble(%) 0.00, Vector Unit Utilization(%) 0.00, Total cycle: 59000
[2026-05-26 12:37:57.536] [debug] Core [1] : MatMul active cycle 203 Vector active cycle 0 
[2026-05-26 12:37:57.536] [debug] Core [1] : issued tile 1 
[2026-05-26 12:37:57.536] [debug] Core [1] : Memory unit idle cycle 406 Systolic bubble cycle 0 Core idle cycle 0 
[2026-05-26 12:37:57.536] [debug] Core [1] : PE Utilization(%) 0.00, Systolic Bubble(%) 0.00, Vector Unit Utilization(%) 0.00, Total cycle: 59000
[2026-05-26 12:37:57.536] [debug] Core [2] : MatMul active cycle 236 Vector active cycle 0 
[2026-05-26 12:37:57.536] [debug] Core [2] : issued tile 1 
[2026-05-26 12:37:57.536] [debug] Core [2] : Memory unit idle cycle 428 Systolic bubble cycle 0 Core idle cycle 0 
[2026-05-26 12:37:57.536] [debug] Core [2] : PE Utilization(%) 0.00, Systolic Bubble(%) 0.00, Vector Unit Utilization(%) 0.00, Total cycle: 59000
[2026-05-26 12:37:57.536] [debug] Core [3] : MatMul active cycle 0 Vector active cycle 0 
[2026-05-26 12:37:57.536] [debug] Core [3] : issued tile 0 
[2026-05-26 12:37:57.536] [debug] Core [3] : Memory unit idle cycle 500 Systolic bubble cycle 0 Core idle cycle 500 
[2026-05-26 12:37:57.536] [debug] Core [3] : PE Utilization(%) 0.00, Systolic Bubble(%) 0.00, Vector Unit Utilization(%) 0.00, Total cycle: 59000
[2026-05-26 12:37:57.537] [info] DRAM: Idle 85.40%
[2026-05-26 12:37:57.538] [debug] Layer 228 Core 2 Finish Tile at 59407 Remain tile 2
[2026-05-26 12:37:57.539] [debug] Layer 228 Core 1 Finish Tile at 59440 Remain tile 1
[2026-05-26 12:37:57.539] [info] Layer layer0.attn.proj finish at 59440
[2026-05-26 12:37:57.539] [info] Total compute time 966
[2026-05-26 12:37:57.539] [info] executable layer count 1
[2026-05-26 12:37:57.539] [info] Start layer layer0.attn.ln
[2026-05-26 12:37:57.539] [debug] Layer layer0.attn.ln Core 3 Get Tile at 59440
[2026-05-26 12:37:57.539] [debug] Layer 230 Core 3 Finish Tile at 59491 Remain tile 1
[2026-05-26 12:37:57.539] [info] Layer layer0.attn.ln finish at 59491
[2026-05-26 12:37:57.539] [info] Total compute time 51
[2026-05-26 12:37:57.539] [info] executable layer count 1
[2026-05-26 12:37:57.539] [info] Start layer layer0.ffn.fc1
[2026-05-26 12:37:57.539] [debug] Layer layer0.ffn.fc1 Core 3 Get Tile at 59491
[2026-05-26 12:37:57.539] [debug] Layer layer0.ffn.fc1 Core 0 Get Tile at 59492
[2026-05-26 12:37:57.539] [debug] Layer layer0.ffn.fc1 Core 1 Get Tile at 59492
[2026-05-26 12:37:57.539] [debug] Layer layer0.ffn.fc1 Core 2 Get Tile at 59492
[2026-05-26 12:37:57.540] [info] Core [0] : MatMul active cycle 0 Vector active cycle 0 
[2026-05-26 12:37:57.540] [info] Core [0] : issued tile 1 
[2026-05-26 12:37:57.540] [info] Core [0] : Memory unit idle cycle 493 Systolic bubble cycle 0 Core idle cycle 492 
[2026-05-26 12:37:57.540] [info] Core [0] : PE Utilization(%) 0.00, Systolic Bubble(%) 0.00, Vector Unit Utilization(%) 0.00, Total cycle: 59500
[2026-05-26 12:37:57.540] [debug] Core [1] : MatMul active cycle 438 Vector active cycle 0 
[2026-05-26 12:37:57.540] [debug] Core [1] : issued tile 1 
[2026-05-26 12:37:57.540] [debug] Core [1] : Memory unit idle cycle 492 Systolic bubble cycle 6274816 Core idle cycle 12 
[2026-05-26 12:37:57.540] [debug] Core [1] : PE Utilization(%) 0.60, Systolic Bubble(%) 76.60, Vector Unit Utilization(%) 0.00, Total cycle: 59500
[2026-05-26 12:37:57.540] [debug] Core [2] : MatMul active cycle 405 Vector active cycle 0 
[2026-05-26 12:37:57.540] [debug] Core [2] : issued tile 1 
[2026-05-26 12:37:57.540] [debug] Core [2] : Memory unit idle cycle 492 Systolic bubble cycle 6284080 Core idle cycle 53 
[2026-05-26 12:37:57.540] [debug] Core [2] : PE Utilization(%) 0.49, Systolic Bubble(%) 76.71, Vector Unit Utilization(%) 0.00, Total cycle: 59500
[2026-05-26 12:37:57.540] [debug] Core [3] : MatMul active cycle 0 Vector active cycle 12 
[2026-05-26 12:37:57.540] [debug] Core [3] : issued tile 1 
[2026-05-26 12:37:57.540] [debug] Core [3] : Memory unit idle cycle 489 Systolic bubble cycle 0 Core idle cycle 440 
[2026-05-26 12:37:57.540] [debug] Core [3] : PE Utilization(%) 0.00, Systolic Bubble(%) 0.00, Vector Unit Utilization(%) 2.40, Total cycle: 59500
[2026-05-26 12:37:57.552] [info] DRAM: Idle 75.80%
[2026-05-26 12:37:57.641] [info] DRAM: Idle 0.00%
[2026-05-26 12:37:57.644] [info] Core [0] : MatMul active cycle 0 Vector active cycle 0 
[2026-05-26 12:37:57.644] [info] Core [0] : issued tile 1 
[2026-05-26 12:37:57.644] [info] Core [0] : Memory unit idle cycle 390 Systolic bubble cycle 0 Core idle cycle 0 
[2026-05-26 12:37:57.644] [info] Core [0] : PE Utilization(%) 0.00, Systolic Bubble(%) 0.00, Vector Unit Utilization(%) 0.00, Total cycle: 60000
[2026-05-26 12:37:57.644] [debug] Core [1] : MatMul active cycle 0 Vector active cycle 0 
[2026-05-26 12:37:57.644] [debug] Core [1] : issued tile 1 
[2026-05-26 12:37:57.644] [debug] Core [1] : Memory unit idle cycle 390 Systolic bubble cycle 0 Core idle cycle 0 
[2026-05-26 12:37:57.644] [debug] Core [1] : PE Utilization(%) 0.00, Systolic Bubble(%) 0.00, Vector Unit Utilization(%) 0.00, Total cycle: 60000
[2026-05-26 12:37:57.644] [debug] Core [2] : MatMul active cycle 0 Vector active cycle 0 
[2026-05-26 12:37:57.644] [debug] Core [2] : issued tile 1 
[2026-05-26 12:37:57.644] [debug] Core [2] : Memory unit idle cycle 390 Systolic bubble cycle 0 Core idle cycle 0 
[2026-05-26 12:37:57.644] [debug] Core [2] : PE Utilization(%) 0.00, Systolic Bubble(%) 0.00, Vector Unit Utilization(%) 0.00, Total cycle: 60000
[2026-05-26 12:37:57.644] [debug] Core [3] : MatMul active cycle 0 Vector active cycle 0 
[2026-05-26 12:37:57.644] [debug] Core [3] : issued tile 1 
[2026-05-26 12:37:57.644] [debug] Core [3] : Memory unit idle cycle 391 Systolic bubble cycle 0 Core idle cycle 0 
[2026-05-26 12:37:57.644] [debug] Core [3] : PE Utilization(%) 0.00, Systolic Bubble(%) 0.00, Vector Unit Utilization(%) 0.00, Total cycle: 60000
[2026-05-26 12:37:57.648] [info] DRAM: Idle 86.00%
[2026-05-26 12:37:57.649] [info] Core [0] : MatMul active cycle 466 Vector active cycle 0 
[2026-05-26 12:37:57.649] [info] Core [0] : issued tile 1 
[2026-05-26 12:37:57.649] [info] Core [0] : Memory unit idle cycle 500 Systolic bubble cycle 3430016 Core idle cycle 0 
[2026-05-26 12:37:57.649] [info] Core [0] : PE Utilization(%) 0.33, Systolic Bubble(%) 41.87, Vector Unit Utilization(%) 0.00, Total cycle: 60500
[2026-05-26 12:37:57.649] [debug] Core [1] : MatMul active cycle 458 Vector active cycle 0 
[2026-05-26 12:37:57.649] [debug] Core [1] : issued tile 1 
[2026-05-26 12:37:57.649] [debug] Core [1] : Memory unit idle cycle 500 Systolic bubble cycle 3299968 Core idle cycle 0 
[2026-05-26 12:37:57.649] [debug] Core [1] : PE Utilization(%) 0.32, Systolic Bubble(%) 40.28, Vector Unit Utilization(%) 0.00, Total cycle: 60500
[2026-05-26 12:37:57.649] [debug] Core [2] : MatMul active cycle 456 Vector active cycle 0 
[2026-05-26 12:37:57.649] [debug] Core [2] : issued tile 1 
[2026-05-26 12:37:57.649] [debug] Core [2] : Memory unit idle cycle 500 Systolic bubble cycle 3267456 Core idle cycle 0 
[2026-05-26 12:37:57.649] [debug] Core [2] : PE Utilization(%) 0.31, Systolic Bubble(%) 39.89, Vector Unit Utilization(%) 0.00, Total cycle: 60500
[2026-05-26 12:37:57.649] [debug] Core [3] : MatMul active cycle 464 Vector active cycle 0 
[2026-05-26 12:37:57.649] [debug] Core [3] : issued tile 1 
[2026-05-26 12:37:57.649] [debug] Core [3] : Memory unit idle cycle 500 Systolic bubble cycle 3397504 Core idle cycle 0 
[2026-05-26 12:37:57.649] [debug] Core [3] : PE Utilization(%) 0.33, Systolic Bubble(%) 41.47, Vector Unit Utilization(%) 0.00, Total cycle: 60500
[2026-05-26 12:37:57.650] [debug] Layer 232 Core 0 Finish Tile at 60677 Remain tile 4
[2026-05-26 12:37:57.650] [debug] Layer 232 Core 3 Finish Tile at 60679 Remain tile 3
[2026-05-26 12:37:57.650] [debug] Layer 232 Core 1 Finish Tile at 60685 Remain tile 2
[2026-05-26 12:37:57.650] [debug] Layer 232 Core 2 Finish Tile at 60687 Remain tile 1
[2026-05-26 12:37:57.650] [info] Layer layer0.ffn.fc1 finish at 60687
[2026-05-26 12:37:57.650] [info] Total compute time 1196
[2026-05-26 12:37:57.650] [info] executable layer count 1
[2026-05-26 12:37:57.650] [info] Start layer layer0.ffn.act
[2026-05-26 12:37:57.650] [debug] Layer layer0.ffn.act Core 0 Get Tile at 60688
[2026-05-26 12:37:57.651] [debug] Layer 234 Core 0 Finish Tile at 60732 Remain tile 1
[2026-05-26 12:37:57.651] [info] Layer layer0.ffn.act finish at 60732
[2026-05-26 12:37:57.651] [info] Total compute time 45
[2026-05-26 12:37:57.651] [info] executable layer count 1
[2026-05-26 12:37:57.651] [info] Start layer layer0.ffn.fc2
[2026-05-26 12:37:57.651] [debug] Layer layer0.ffn.fc2 Core 1 Get Tile at 60732
[2026-05-26 12:37:57.651] [debug] Layer layer0.ffn.fc2 Core 2 Get Tile at 60732
[2026-05-26 12:37:57.661] [info] DRAM: Idle 75.20%
[2026-05-26 12:37:57.690] [info] Core [0] : MatMul active cycle 175 Vector active cycle 4 
[2026-05-26 12:37:57.690] [info] Core [0] : issued tile 0 
[2026-05-26 12:37:57.690] [info] Core [0] : Memory unit idle cycle 493 Systolic bubble cycle 2844800 Core idle cycle 250 
[2026-05-26 12:37:57.691] [info] Core [0] : PE Utilization(%) 0.27, Systolic Bubble(%) 34.73, Vector Unit Utilization(%) 0.80, Total cycle: 61000
[2026-05-26 12:37:57.691] [debug] Core [1] : MatMul active cycle 183 Vector active cycle 0 
[2026-05-26 12:37:57.691] [debug] Core [1] : issued tile 1 
[2026-05-26 12:37:57.691] [debug] Core [1] : Memory unit idle cycle 240 Systolic bubble cycle 2974848 Core idle cycle 30 
[2026-05-26 12:37:57.691] [debug] Core [1] : PE Utilization(%) 0.29, Systolic Bubble(%) 36.31, Vector Unit Utilization(%) 0.00, Total cycle: 61000
[2026-05-26 12:37:57.691] [debug] Core [2] : MatMul active cycle 185 Vector active cycle 0 
[2026-05-26 12:37:57.691] [debug] Core [2] : issued tile 1 
[2026-05-26 12:37:57.691] [debug] Core [2] : Memory unit idle cycle 288 Systolic bubble cycle 3007360 Core idle cycle 28 
[2026-05-26 12:37:57.691] [debug] Core [2] : PE Utilization(%) 0.29, Systolic Bubble(%) 36.71, Vector Unit Utilization(%) 0.00, Total cycle: 61000
[2026-05-26 12:37:57.691] [debug] Core [3] : MatMul active cycle 177 Vector active cycle 0 
[2026-05-26 12:37:57.691] [debug] Core [3] : issued tile 0 
[2026-05-26 12:37:57.691] [debug] Core [3] : Memory unit idle cycle 499 Systolic bubble cycle 2877312 Core idle cycle 304 
[2026-05-26 12:37:57.691] [debug] Core [3] : PE Utilization(%) 0.28, Systolic Bubble(%) 35.12, Vector Unit Utilization(%) 0.00, Total cycle: 61000
[2026-05-26 12:37:57.720] [info] DRAM: Idle 0.00%
[2026-05-26 12:37:57.730] [info] Core [0] : MatMul active cycle 0 Vector active cycle 0 
[2026-05-26 12:37:57.730] [info] Core [0] : issued tile 0 
[2026-05-26 12:37:57.730] [info] Core [0] : Memory unit idle cycle 500 Systolic bubble cycle 0 Core idle cycle 500 
[2026-05-26 12:37:57.730] [info] Core [0] : PE Utilization(%) 0.00, Systolic Bubble(%) 0.00, Vector Unit Utilization(%) 0.00, Total cycle: 61500
[2026-05-26 12:37:57.730] [debug] Core [1] : MatMul active cycle 143 Vector active cycle 0 
[2026-05-26 12:37:57.730] [debug] Core [1] : issued tile 1 
[2026-05-26 12:37:57.730] [debug] Core [1] : Memory unit idle cycle 500 Systolic bubble cycle 0 Core idle cycle 0 
[2026-05-26 12:37:57.730] [debug] Core [1] : PE Utilization(%) 0.00, Systolic Bubble(%) 0.00, Vector Unit Utilization(%) 0.00, Total cycle: 61500
[2026-05-26 12:37:57.730] [debug] Core [2] : MatMul active cycle 183 Vector active cycle 0 
[2026-05-26 12:37:57.730] [debug] Core [2] : issued tile 1 
[2026-05-26 12:37:57.730] [debug] Core [2] : Memory unit idle cycle 500 Systolic bubble cycle 0 Core idle cycle 0 
[2026-05-26 12:37:57.730] [debug] Core [2] : PE Utilization(%) 0.00, Systolic Bubble(%) 0.00, Vector Unit Utilization(%) 0.00, Total cycle: 61500
[2026-05-26 12:37:57.730] [debug] Core [3] : MatMul active cycle 0 Vector active cycle 0 
[2026-05-26 12:37:57.730] [debug] Core [3] : issued tile 0 
[2026-05-26 12:37:57.730] [debug] Core [3] : Memory unit idle cycle 500 Systolic bubble cycle 0 Core idle cycle 500 
[2026-05-26 12:37:57.730] [debug] Core [3] : PE Utilization(%) 0.00, Systolic Bubble(%) 0.00, Vector Unit Utilization(%) 0.00, Total cycle: 61500
[2026-05-26 12:37:57.731] [info] DRAM: Idle 70.80%
[2026-05-26 12:37:57.734] [info] Core [0] : MatMul active cycle 0 Vector active cycle 0 
[2026-05-26 12:37:57.734] [info] Core [0] : issued tile 0 
[2026-05-26 12:37:57.734] [info] Core [0] : Memory unit idle cycle 500 Systolic bubble cycle 0 Core idle cycle 500 
[2026-05-26 12:37:57.734] [info] Core [0] : PE Utilization(%) 0.00, Systolic Bubble(%) 0.00, Vector Unit Utilization(%) 0.00, Total cycle: 62000
[2026-05-26 12:37:57.734] [debug] Core [1] : MatMul active cycle 500 Vector active cycle 0 
[2026-05-26 12:37:57.734] [debug] Core [1] : issued tile 1 
[2026-05-26 12:37:57.734] [debug] Core [1] : Memory unit idle cycle 500 Systolic bubble cycle 6307328 Core idle cycle 0 
[2026-05-26 12:37:57.734] [debug] Core [1] : PE Utilization(%) 0.61, Systolic Bubble(%) 76.99, Vector Unit Utilization(%) 0.00, Total cycle: 62000
[2026-05-26 12:37:57.734] [debug] Core [2] : MatMul active cycle 500 Vector active cycle 0 
[2026-05-26 12:37:57.734] [debug] Core [2] : issued tile 1 
[2026-05-26 12:37:57.734] [debug] Core [2] : Memory unit idle cycle 500 Systolic bubble cycle 6967840 Core idle cycle 0 
[2026-05-26 12:37:57.734] [debug] Core [2] : PE Utilization(%) 0.54, Systolic Bubble(%) 85.06, Vector Unit Utilization(%) 0.00, Total cycle: 62000
[2026-05-26 12:37:57.734] [debug] Core [3] : MatMul active cycle 0 Vector active cycle 0 
[2026-05-26 12:37:57.734] [debug] Core [3] : issued tile 0 
[2026-05-26 12:37:57.734] [debug] Core [3] : Memory unit idle cycle 500 Systolic bubble cycle 0 Core idle cycle 500 
[2026-05-26 12:37:57.734] [debug] Core [3] : PE Utilization(%) 0.00, Systolic Bubble(%) 0.00, Vector Unit Utilization(%) 0.00, Total cycle: 62000
[2026-05-26 12:37:57.734] [info] DRAM: Idle 100.00%
[2026-05-26 12:37:57.735] [debug] Layer 236 Core 2 Finish Tile at 62216 Remain tile 2
[2026-05-26 12:37:57.735] [debug] Layer 236 Core 1 Finish Tile at 62256 Remain tile 1
[2026-05-26 12:37:57.735] [info] Layer layer0.ffn.fc2 finish at 62256
[2026-05-26 12:37:57.735] [info] Total compute time 1524
[2026-05-26 12:37:57.735] [info] executable layer count 1
[2026-05-26 12:37:57.735] [info] Start layer layer0.ffn.ln
[2026-05-26 12:37:57.735] [debug] Layer layer0.ffn.ln Core 1 Get Tile at 62256
[2026-05-26 12:37:57.736] [debug] Layer 238 Core 1 Finish Tile at 62300 Remain tile 1
[2026-05-26 12:37:57.736] [info] Layer layer0.ffn.ln finish at 62300
[2026-05-26 12:37:57.736] [info] Total compute time 44
[2026-05-26 12:37:57.736] [info] Model[tiny_transformer] Request: 55 us, Start: 55 us, finish:62 us, Current Cycle:62300
[2026-05-26 12:37:57.736] [info] No total_seq_len!
[2026-05-26 12:37:57.736] [info] Total Memory Usage: 0.01 GB
[2026-05-26 12:37:57.736] [info] Weight Memory Usage: 0.01 GB
[2026-05-26 12:37:57.736] [info] KV Memory Usage: 0.00 GB
[2026-05-26 12:37:57.736] [info] Activation Memory Usage: 0.00 GB
[2026-05-26 12:37:57.736] [debug] [Gemm] input_shape: [1, 232]
[2026-05-26 12:37:57.736] [debug] [Gemm] output_shape : [1, 696]
[2026-05-26 12:37:57.736] [info] [GEMM] spad_size: 33554432 accum_size: 4194304
[2026-05-26 12:37:57.736] [info] [GEMM] required_sram_size: 131072 required_accum_size: 32768
[2026-05-26 12:37:57.736] [info] [GEMM] Used mapping: Total N:1 C:232 M:696 | Outer N:1 C:1 M:6 | Inner N:128 C:256 M:128
[2026-05-26 12:37:57.737] [info] [GemmWs] Keys K = 232, N = 1, M = 696
[2026-05-26 12:37:57.737] [info] [GemmWS]: total 0.00032364 GFLOPs, 0.000326192 GB
[2026-05-26 12:37:57.737] [info] [GemmWS]: Theoretical time(ms): 0.0005312573421178968 Compute time: 2.469177307062864e-06 Memory time: 0.0005312573421178968
[2026-05-26 12:37:57.737] [debug] [KVCacheConcat] input_token_lengths: [1]
[2026-05-26 12:37:57.737] [debug] [KVCacheConcat] number of tiles: 1
[2026-05-26 12:37:57.737] [info] [Attention] total_spad_size_per_head: 17284 B
[2026-05-26 12:37:57.737] [info] [Attention] total_acc_size_per_head: 148 B
[2026-05-26 12:37:57.737] [info] [Attention] q_len: 1, seq_len: 74, dk: 58, heads per tile 1
[2026-05-26 12:37:57.737] [info] [Attention] Spad size 16777216
[2026-05-26 12:37:57.737] [info] [Attention] Accum spad size 2097152
[2026-05-26 12:37:57.737] [info] Mapping info Total Loop: N4 C58 M74 S1 R1 Q1 P1 Tile Out Loop: N4 C1 M1 S1 R1 Q1 P1 Tile In Loop: N1 C58 M74 S1 R1 Q1 P1
[2026-05-26 12:37:57.738] [info] [Attention] QK 3.4336e-05 GFLOPs
[2026-05-26 12:37:57.738] [info] [Attention] total 7.163201e-05 GFLOPs, 6.96e-05 GB
[2026-05-26 12:37:57.738] [info] [Attention] Theoretical time(ms): 0.00011335505 Compute time: 8.8525394e-07 Memory time: 0.00011335505
[2026-05-26 12:37:57.738] [info] [Attention] QK compute 0.0000ms Softmax compute 0.0000ms SV compute 0.0000ms
[2026-05-26 12:37:57.738] [debug] [Gemm] input_shape: [1, 232]
[2026-05-26 12:37:57.738] [debug] [Gemm] output_shape : [1, 232]
[2026-05-26 12:37:57.738] [info] [GEMM] spad_size: 33554432 accum_size: 4194304
[2026-05-26 12:37:57.738] [info] [GEMM] required_sram_size: 131072 required_accum_size: 32768
[2026-05-26 12:37:57.738] [info] [GEMM] Used mapping: Total N:1 C:232 M:232 | Outer N:1 C:1 M:2 | Inner N:128 C:256 M:128
[2026-05-26 12:37:57.739] [info] [GemmWs] Keys K = 232, N = 1, M = 232
[2026-05-26 12:37:57.739] [info] [GemmWS]: total 0.00010787999 GFLOPs, 0.000109040004 GB
[2026-05-26 12:37:57.739] [info] [GemmWS]: Theoretical time(ms): 0.00017758958392732893 Compute time: 8.230590098357027e-07 Memory time: 0.00017758958392732893
[2026-05-26 12:37:57.739] [info] [SkipLayerNorm] tokens_per_tile: 1
[2026-05-26 12:37:57.739] [debug] [Gemm] input_shape: [1, 232]
[2026-05-26 12:37:57.739] [debug] [Gemm] output_shape : [1, 512]
[2026-05-26 12:37:57.739] [info] [GEMM] spad_size: 33554432 accum_size: 4194304
[2026-05-26 12:37:57.739] [info] [GEMM] required_sram_size: 131072 required_accum_size: 32768
[2026-05-26 12:37:57.739] [info] [GEMM] Used mapping: Total N:1 C:232 M:512 | Outer N:1 C:1 M:4 | Inner N:128 C:256 M:128
[2026-05-26 12:37:57.740] [info] [GemmWs] Keys K = 232, N = 1, M = 512
[2026-05-26 12:37:57.740] [info] [GemmWS]: total 0.000237568 GFLOPs, 0.000239056 GB
[2026-05-26 12:37:57.740] [info] [GemmWS]: Theoretical time(ms): 0.0003893420057465846 Compute time: 1.81250003894462e-06 Memory time: 0.0003893420057465846
[2026-05-26 12:37:57.740] [info] [BiasAct] tokens_per_tile: 1
[2026-05-26 12:37:57.740] [debug] [Gemm] input_shape: [1, 512]
[2026-05-26 12:37:57.740] [debug] [Gemm] output_shape : [1, 232]
[2026-05-26 12:37:57.740] [info] [GEMM] spad_size: 33554432 accum_size: 4194304
[2026-05-26 12:37:57.740] [info] [GEMM] required_sram_size: 262144 required_accum_size: 32768
[2026-05-26 12:37:57.740] [info] [GEMM] Used mapping: Total N:1 C:512 M:232 | Outer N:1 C:1 M:2 | Inner N:128 C:512 M:128
[2026-05-26 12:37:57.741] [info] [GemmWs] Keys K = 512, N = 1, M = 232
[2026-05-26 12:37:57.741] [info] [GemmWS]: total 0.00023779999 GFLOPs, 0.00023952 GB
[2026-05-26 12:37:57.741] [info] [GemmWS]: Theoretical time(ms): 0.00039009771057862963 Compute time: 1.8142699564904774e-06 Memory time: 0.00039009771057862963
[2026-05-26 12:37:57.741] [info] [SkipLayerNorm] tokens_per_tile: 1
[2026-05-26 12:37:57.741] [debug] runnable op, 
[2026-05-26 12:37:57.741] [info]  Model initialization time: 0.004864 seconds
[2026-05-26 12:37:57.741] [info] Schedule model: tiny_transformer at 62302000 us
[2026-05-26 12:37:57.741] [info] MODEL tiny_transformer Scheduled, Total Request: 1
[2026-05-26 12:37:57.741] [info] executable layer count 1
[2026-05-26 12:37:57.741] [info] Start layer layer0.attn.QKVgen
[2026-05-26 12:37:57.741] [debug] Layer layer0.attn.QKVgen Core 0 Get Tile at 62301
[2026-05-26 12:37:57.741] [debug] Layer layer0.attn.QKVgen Core 1 Get Tile at 62301
[2026-05-26 12:37:57.741] [debug] Layer layer0.attn.QKVgen Core 2 Get Tile at 62301
[2026-05-26 12:37:57.741] [debug] Layer layer0.attn.QKVgen Core 3 Get Tile at 62301
[2026-05-26 12:37:57.741] [debug] Layer layer0.attn.QKVgen Core 0 Get Tile at 62302
[2026-05-26 12:37:57.741] [debug] Layer layer0.attn.QKVgen Core 3 Get Tile at 62302
[2026-05-26 12:37:57.780] [info] DRAM: Idle 51.80%
[2026-05-26 12:37:57.786] [info] Core [0] : MatMul active cycle 0 Vector active cycle 0 
[2026-05-26 12:37:57.786] [info] Core [0] : issued tile 2 
[2026-05-26 12:37:57.786] [info] Core [0] : Memory unit idle cycle 330 Systolic bubble cycle 0 Core idle cycle 301 
[2026-05-26 12:37:57.786] [info] Core [0] : PE Utilization(%) 0.00, Systolic Bubble(%) 0.00, Vector Unit Utilization(%) 0.00, Total cycle: 62500
[2026-05-26 12:37:57.786] [debug] Core [1] : MatMul active cycle 254 Vector active cycle 12 
[2026-05-26 12:37:57.786] [debug] Core [1] : issued tile 1 
[2026-05-26 12:37:57.786] [debug] Core [1] : Memory unit idle cycle 378 Systolic bubble cycle 4129024 Core idle cycle 0 
[2026-05-26 12:37:57.786] [debug] Core [1] : PE Utilization(%) 0.40, Systolic Bubble(%) 50.40, Vector Unit Utilization(%) 2.40, Total cycle: 62500
[2026-05-26 12:37:57.786] [debug] Core [2] : MatMul active cycle 214 Vector active cycle 0 
[2026-05-26 12:37:57.786] [debug] Core [2] : issued tile 1 
[2026-05-26 12:37:57.786] [debug] Core [2] : Memory unit idle cycle 381 Systolic bubble cycle 3483920 Core idle cycle 53 
[2026-05-26 12:37:57.786] [debug] Core [2] : PE Utilization(%) 0.27, Systolic Bubble(%) 42.53, Vector Unit Utilization(%) 0.00, Total cycle: 62500
[2026-05-26 12:37:57.786] [debug] Core [3] : MatMul active cycle 0 Vector active cycle 0 
[2026-05-26 12:37:57.786] [debug] Core [3] : issued tile 2 
[2026-05-26 12:37:57.786] [debug] Core [3] : Memory unit idle cycle 302 Systolic bubble cycle 0 Core idle cycle 301 
[2026-05-26 12:37:57.786] [debug] Core [3] : PE Utilization(%) 0.00, Systolic Bubble(%) 0.00, Vector Unit Utilization(%) 0.00, Total cycle: 62500
[2026-05-26 12:37:57.863] [info] DRAM: Idle 0.00%
[2026-05-26 12:37:57.876] [info] Core [0] : MatMul active cycle 28 Vector active cycle 0 
[2026-05-26 12:37:57.876] [info] Core [0] : issued tile 2 
[2026-05-26 12:37:57.876] [info] Core [0] : Memory unit idle cycle 500 Systolic bubble cycle 0 Core idle cycle 0 
[2026-05-26 12:37:57.876] [info] Core [0] : PE Utilization(%) 0.00, Systolic Bubble(%) 0.00, Vector Unit Utilization(%) 0.00, Total cycle: 63000
[2026-05-26 12:37:57.876] [debug] Core [1] : MatMul active cycle 53 Vector active cycle 0 
[2026-05-26 12:37:57.876] [debug] Core [1] : issued tile 1 
[2026-05-26 12:37:57.876] [debug] Core [1] : Memory unit idle cycle 500 Systolic bubble cycle 0 Core idle cycle 0 
[2026-05-26 12:37:57.876] [debug] Core [1] : PE Utilization(%) 0.00, Systolic Bubble(%) 0.00, Vector Unit Utilization(%) 0.00, Total cycle: 63000
[2026-05-26 12:37:57.876] [debug] Core [2] : MatMul active cycle 110 Vector active cycle 0 
[2026-05-26 12:37:57.876] [debug] Core [2] : issued tile 1 
[2026-05-26 12:37:57.876] [debug] Core [2] : Memory unit idle cycle 500 Systolic bubble cycle 0 Core idle cycle 0 
[2026-05-26 12:37:57.876] [debug] Core [2] : PE Utilization(%) 0.00, Systolic Bubble(%) 0.00, Vector Unit Utilization(%) 0.00, Total cycle: 63000
[2026-05-26 12:37:57.876] [debug] Core [3] : MatMul active cycle 51 Vector active cycle 0 
[2026-05-26 12:37:57.876] [debug] Core [3] : issued tile 2 
[2026-05-26 12:37:57.876] [debug] Core [3] : Memory unit idle cycle 462 Systolic bubble cycle 0 Core idle cycle 0 
[2026-05-26 12:37:57.876] [debug] Core [3] : PE Utilization(%) 0.00, Systolic Bubble(%) 0.00, Vector Unit Utilization(%) 0.00, Total cycle: 63000
[2026-05-26 12:37:57.881] [info] DRAM: Idle 58.40%
[2026-05-26 12:37:57.882] [info] Core [0] : MatMul active cycle 500 Vector active cycle 0 
[2026-05-26 12:37:57.882] [info] Core [0] : issued tile 2 
[2026-05-26 12:37:57.882] [info] Core [0] : Memory unit idle cycle 500 Systolic bubble cycle 4437888 Core idle cycle 0 
[2026-05-26 12:37:57.882] [info] Core [0] : PE Utilization(%) 0.43, Systolic Bubble(%) 54.17, Vector Unit Utilization(%) 0.00, Total cycle: 63500
[2026-05-26 12:37:57.882] [debug] Core [1] : MatMul active cycle 500 Vector active cycle 0 
[2026-05-26 12:37:57.882] [debug] Core [1] : issued tile 1 
[2026-05-26 12:37:57.882] [debug] Core [1] : Memory unit idle cycle 500 Systolic bubble cycle 4844288 Core idle cycle 0 
[2026-05-26 12:37:57.882] [debug] Core [1] : PE Utilization(%) 0.47, Systolic Bubble(%) 59.13, Vector Unit Utilization(%) 0.00, Total cycle: 63500
[2026-05-26 12:37:57.882] [debug] Core [2] : MatMul active cycle 500 Vector active cycle 0 
[2026-05-26 12:37:57.882] [debug] Core [2] : issued tile 1 
[2026-05-26 12:37:57.882] [debug] Core [2] : Memory unit idle cycle 500 Systolic bubble cycle 5770880 Core idle cycle 0 
[2026-05-26 12:37:57.882] [debug] Core [2] : PE Utilization(%) 0.55, Systolic Bubble(%) 70.45, Vector Unit Utilization(%) 0.00, Total cycle: 63500
[2026-05-26 12:37:57.882] [debug] Core [3] : MatMul active cycle 500 Vector active cycle 0 
[2026-05-26 12:37:57.882] [debug] Core [3] : issued tile 2 
[2026-05-26 12:37:57.882] [debug] Core [3] : Memory unit idle cycle 500 Systolic bubble cycle 4811776 Core idle cycle 0 
[2026-05-26 12:37:57.882] [debug] Core [3] : PE Utilization(%) 0.46, Systolic Bubble(%) 58.74, Vector Unit Utilization(%) 0.00, Total cycle: 63500
[2026-05-26 12:37:57.882] [debug] Layer 243 Core 2 Finish Tile at 63533 Remain tile 6
[2026-05-26 12:37:57.883] [debug] Layer 243 Core 1 Finish Tile at 63590 Remain tile 5
[2026-05-26 12:37:57.883] [debug] Layer 243 Core 3 Finish Tile at 63592 Remain tile 4
[2026-05-26 12:37:57.883] [debug] Layer 243 Core 0 Finish Tile at 63615 Remain tile 3
[2026-05-26 12:37:57.884] [info] DRAM: Idle 95.20%
[2026-05-26 12:37:57.885] [debug] Layer 243 Core 3 Finish Tile at 63848 Remain tile 2
[2026-05-26 12:37:57.885] [debug] Layer 243 Core 0 Finish Tile at 63871 Remain tile 1
[2026-05-26 12:37:57.885] [info] Layer layer0.attn.QKVgen finish at 63871
[2026-05-26 12:37:57.885] [info] Total compute time 1570
[2026-05-26 12:37:57.885] [info] executable layer count 1
[2026-05-26 12:37:57.885] [info] Start layer layer0.attn.KVccat
[2026-05-26 12:37:57.885] [debug] Layer layer0.attn.KVccat Core 2 Get Tile at 63871
[2026-05-26 12:37:57.885] [debug] Layer 245 Core 2 Finish Tile at 63872 Remain tile 1
[2026-05-26 12:37:57.885] [info] Layer layer0.attn.KVccat finish at 63872
[2026-05-26 12:37:57.885] [info] Total compute time 1
[2026-05-26 12:37:57.885] [info] executable layer count 1
[2026-05-26 12:37:57.885] [info] Start layer layer0.attn.Attention.0
[2026-05-26 12:37:57.885] [debug] Layer layer0.attn.Attention.0 Core 2 Get Tile at 63872
[2026-05-26 12:37:57.885] [debug] Layer layer0.attn.Attention.0 Core 3 Get Tile at 63872
[2026-05-26 12:37:57.885] [debug] Layer layer0.attn.Attention.0 Core 0 Get Tile at 63873
[2026-05-26 12:37:57.885] [debug] Layer layer0.attn.Attention.0 Core 1 Get Tile at 63873
[2026-05-26 12:37:57.904] [info] HBM2-CH_0: BW utilization 24% (2355 reads, 15 writes)
[2026-05-26 12:37:57.904] [debug] HBM2-CH_1: BW utilization 24% (2344 reads, 15 writes)
[2026-05-26 12:37:57.904] [debug] HBM2-CH_2: BW utilization 24% (2355 reads, 15 writes)
[2026-05-26 12:37:57.904] [debug] HBM2-CH_3: BW utilization 24% (2353 reads, 15 writes)
[2026-05-26 12:37:57.904] [debug] HBM2-CH_4: BW utilization 24% (2343 reads, 15 writes)
[2026-05-26 12:37:57.904] [debug] HBM2-CH_5: BW utilization 24% (2344 reads, 14 writes)
[2026-05-26 12:37:57.904] [debug] HBM2-CH_6: BW utilization 24% (2342 reads, 14 writes)
[2026-05-26 12:37:57.904] [debug] HBM2-CH_7: BW utilization 24% (2349 reads, 15 writes)
[2026-05-26 12:37:57.904] [debug] HBM2-CH_8: BW utilization 24% (2349 reads, 15 writes)
[2026-05-26 12:37:57.904] [debug] HBM2-CH_9: BW utilization 24% (2347 reads, 15 writes)
[2026-05-26 12:37:57.904] [debug] HBM2-CH_10: BW utilization 24% (2347 reads, 13 writes)
[2026-05-26 12:37:57.904] [debug] HBM2-CH_11: BW utilization 24% (2344 reads, 14 writes)
[2026-05-26 12:37:57.904] [debug] HBM2-CH_12: BW utilization 24% (2344 reads, 13 writes)
[2026-05-26 12:37:57.904] [debug] HBM2-CH_13: BW utilization 24% (2347 reads, 14 writes)
[2026-05-26 12:37:57.904] [debug] HBM2-CH_14: BW utilization 24% (2344 reads, 14 writes)
[2026-05-26 12:37:57.904] [debug] HBM2-CH_15: BW utilization 24% (2351 reads, 14 writes)
[2026-05-26 12:37:57.908] [info] Core [0] : MatMul active cycle 369 Vector active cycle 0 
[2026-05-26 12:37:57.908] [info] Core [0] : issued tile 1 
[2026-05-26 12:37:57.908] [info] Core [0] : Memory unit idle cycle 464 Systolic bubble cycle 6016896 Core idle cycle 0 
[2026-05-26 12:37:57.908] [info] Core [0] : PE Utilization(%) 0.35, Systolic Bubble(%) 73.45, Vector Unit Utilization(%) 0.00, Total cycle: 64000
[2026-05-26 12:37:57.908] [debug] Core [1] : MatMul active cycle 88 Vector active cycle 0 
[2026-05-26 12:37:57.908] [debug] Core [1] : issued tile 1 
[2026-05-26 12:37:57.908] [debug] Core [1] : Memory unit idle cycle 465 Systolic bubble cycle 1430528 Core idle cycle 266 
[2026-05-26 12:37:57.908] [debug] Core [1] : PE Utilization(%) 0.14, Systolic Bubble(%) 17.46, Vector Unit Utilization(%) 0.00, Total cycle: 64000
[2026-05-26 12:37:57.908] [debug] Core [2] : MatMul active cycle 31 Vector active cycle 0 
[2026-05-26 12:37:57.908] [debug] Core [2] : issued tile 1 
[2026-05-26 12:37:57.908] [debug] Core [2] : Memory unit idle cycle 465 Systolic bubble cycle 503936 Core idle cycle 322 
[2026-05-26 12:37:57.908] [debug] Core [2] : PE Utilization(%) 0.05, Systolic Bubble(%) 6.15, Vector Unit Utilization(%) 0.00, Total cycle: 64000
[2026-05-26 12:37:57.908] [debug] Core [3] : MatMul active cycle 346 Vector active cycle 0 
[2026-05-26 12:37:57.908] [debug] Core [3] : issued tile 1 
[2026-05-26 12:37:57.908] [debug] Core [3] : Memory unit idle cycle 464 Systolic bubble cycle 5624576 Core idle cycle 7 
[2026-05-26 12:37:57.908] [debug] Core [3] : PE Utilization(%) 0.54, Systolic Bubble(%) 68.66, Vector Unit Utilization(%) 0.00, Total cycle: 64000
[2026-05-26 12:37:57.916] [info] DRAM: Idle 44.60%
[2026-05-26 12:37:57.919] [info] Core [0] : MatMul active cycle 448 Vector active cycle 0 
[2026-05-26 12:37:57.919] [info] Core [0] : issued tile 1 
[2026-05-26 12:37:57.919] [info] Core [0] : Memory unit idle cycle 500 Systolic bubble cycle 3147830 Core idle cycle 0 
[2026-05-26 12:37:57.919] [info] Core [0] : PE Utilization(%) 0.17, Systolic Bubble(%) 38.43, Vector Unit Utilization(%) 0.00, Total cycle: 64500
[2026-05-26 12:37:57.919] [debug] Core [1] : MatMul active cycle 398 Vector active cycle 0 
[2026-05-26 12:37:57.919] [debug] Core [1] : issued tile 1 
[2026-05-26 12:37:57.919] [debug] Core [1] : Memory unit idle cycle 500 Systolic bubble cycle 2332330 Core idle cycle 0 
[2026-05-26 12:37:57.919] [debug] Core [1] : PE Utilization(%) 0.13, Systolic Bubble(%) 28.47, Vector Unit Utilization(%) 0.00, Total cycle: 64500
[2026-05-26 12:37:57.919] [debug] Core [2] : MatMul active cycle 401 Vector active cycle 0 
[2026-05-26 12:37:57.919] [debug] Core [2] : issued tile 1 
[2026-05-26 12:37:57.919] [debug] Core [2] : Memory unit idle cycle 500 Systolic bubble cycle 2381260 Core idle cycle 0 
[2026-05-26 12:37:57.919] [debug] Core [2] : PE Utilization(%) 0.13, Systolic Bubble(%) 29.07, Vector Unit Utilization(%) 0.00, Total cycle: 64500
[2026-05-26 12:37:57.919] [debug] Core [3] : MatMul active cycle 393 Vector active cycle 0 
[2026-05-26 12:37:57.919] [debug] Core [3] : issued tile 1 
[2026-05-26 12:37:57.919] [debug] Core [3] : Memory unit idle cycle 500 Systolic bubble cycle 2250780 Core idle cycle 0 
[2026-05-26 12:37:57.919] [debug] Core [3] : PE Utilization(%) 0.12, Systolic Bubble(%) 27.48, Vector Unit Utilization(%) 0.00, Total cycle: 64500
[2026-05-26 12:37:57.919] [info] DRAM: Idle 100.00%
[2026-05-26 12:37:57.922] [info] DRAM: Idle 100.00%
[2026-05-26 12:37:57.922] [info] Core [0] : MatMul active cycle 485 Vector active cycle 16 
[2026-05-26 12:37:57.922] [info] Core [0] : issued tile 1 
[2026-05-26 12:37:57.922] [info] Core [0] : Memory unit idle cycle 500 Systolic bubble cycle 3753940 Core idle cycle 0 
[2026-05-26 12:37:57.922] [info] Core [0] : PE Utilization(%) 0.18, Systolic Bubble(%) 45.82, Vector Unit Utilization(%) 3.20, Total cycle: 65000
[2026-05-26 12:37:57.922] [debug] Core [1] : MatMul active cycle 485 Vector active cycle 16 
[2026-05-26 12:37:57.922] [debug] Core [1] : issued tile 1 
[2026-05-26 12:37:57.922] [debug] Core [1] : Memory unit idle cycle 500 Systolic bubble cycle 3753140 Core idle cycle 0 
[2026-05-26 12:37:57.922] [debug] Core [1] : PE Utilization(%) 0.19, Systolic Bubble(%) 45.81, Vector Unit Utilization(%) 3.20, Total cycle: 65000
[2026-05-26 12:37:57.922] [debug] Core [2] : MatMul active cycle 485 Vector active cycle 16 
[2026-05-26 12:37:57.922] [debug] Core [2] : issued tile 1 
[2026-05-26 12:37:57.922] [debug] Core [2] : Memory unit idle cycle 500 Systolic bubble cycle 3753188 Core idle cycle 0 
[2026-05-26 12:37:57.922] [debug] Core [2] : PE Utilization(%) 0.18, Systolic Bubble(%) 45.82, Vector Unit Utilization(%) 3.20, Total cycle: 65000
[2026-05-26 12:37:57.922] [debug] Core [3] : MatMul active cycle 485 Vector active cycle 16 
[2026-05-26 12:37:57.922] [debug] Core [3] : issued tile 1 
[2026-05-26 12:37:57.922] [debug] Core [3] : Memory unit idle cycle 500 Systolic bubble cycle 3753060 Core idle cycle 0 
[2026-05-26 12:37:57.922] [debug] Core [3] : PE Utilization(%) 0.19, Systolic Bubble(%) 45.81, Vector Unit Utilization(%) 3.20, Total cycle: 65000
[2026-05-26 12:37:57.923] [debug] Layer 249 Core 0 Finish Tile at 65097 Remain tile 4
[2026-05-26 12:37:57.923] [debug] Layer 249 Core 2 Finish Tile at 65144 Remain tile 3
[2026-05-26 12:37:57.923] [debug] Layer 249 Core 1 Finish Tile at 65147 Remain tile 2
[2026-05-26 12:37:57.923] [debug] Layer 249 Core 3 Finish Tile at 65152 Remain tile 1
[2026-05-26 12:37:57.923] [info] Layer layer0.attn.Attention.0 finish at 65152
[2026-05-26 12:37:57.923] [info] Total compute time 1280
[2026-05-26 12:37:57.923] [info] executable layer count 1
[2026-05-26 12:37:57.923] [info] Start layer layer0.attn.Atccat
[2026-05-26 12:37:57.923] [debug] Layer layer0.attn.Atccat Core 3 Get Tile at 65152
[2026-05-26 12:37:57.923] [debug] Layer 251 Core 3 Finish Tile at 65153 Remain tile 1
[2026-05-26 12:37:57.923] [info] Layer layer0.attn.Atccat finish at 65153
[2026-05-26 12:37:57.923] [info] Total compute time 1
[2026-05-26 12:37:57.923] [info] executable layer count 1
[2026-05-26 12:37:57.923] [info] Start layer layer0.attn.proj
[2026-05-26 12:37:57.923] [debug] Layer layer0.attn.proj Core 3 Get Tile at 65153
[2026-05-26 12:37:57.923] [debug] Layer layer0.attn.proj Core 0 Get Tile at 65154
[2026-05-26 12:37:57.955] [info] DRAM: Idle 44.40%
[2026-05-26 12:37:57.960] [info] Core [0] : MatMul active cycle 138 Vector active cycle 2 
[2026-05-26 12:37:57.960] [info] Core [0] : issued tile 1 
[2026-05-26 12:37:57.960] [info] Core [0] : Memory unit idle cycle 402 Systolic bubble cycle 1518318 Core idle cycle 40 
[2026-05-26 12:37:57.960] [info] Core [0] : PE Utilization(%) 0.07, Systolic Bubble(%) 18.53, Vector Unit Utilization(%) 0.40, Total cycle: 65500
[2026-05-26 12:37:57.960] [debug] Core [1] : MatMul active cycle 143 Vector active cycle 2 
[2026-05-26 12:37:57.960] [debug] Core [1] : issued tile 0 
[2026-05-26 12:37:57.960] [debug] Core [1] : Memory unit idle cycle 499 Systolic bubble cycle 2334618 Core idle cycle 336 
[2026-05-26 12:37:57.960] [debug] Core [1] : PE Utilization(%) 0.10, Systolic Bubble(%) 28.50, Vector Unit Utilization(%) 0.40, Total cycle: 65500
[2026-05-26 12:37:57.960] [debug] Core [2] : MatMul active cycle 140 Vector active cycle 2 
[2026-05-26 12:37:57.960] [debug] Core [2] : issued tile 0 
[2026-05-26 12:37:57.960] [debug] Core [2] : Memory unit idle cycle 499 Systolic bubble cycle 2285640 Core idle cycle 339 
[2026-05-26 12:37:57.960] [debug] Core [2] : PE Utilization(%) 0.10, Systolic Bubble(%) 27.90, Vector Unit Utilization(%) 0.40, Total cycle: 65500
[2026-05-26 12:37:57.960] [debug] Core [3] : MatMul active cycle 156 Vector active cycle 2 
[2026-05-26 12:37:57.960] [debug] Core [3] : issued tile 1 
[2026-05-26 12:37:57.960] [debug] Core [3] : Memory unit idle cycle 381 Systolic bubble cycle 2416248 Core idle cycle 0 
[2026-05-26 12:37:57.960] [debug] Core [3] : PE Utilization(%) 0.10, Systolic Bubble(%) 29.50, Vector Unit Utilization(%) 0.40, Total cycle: 65500
[2026-05-26 12:37:57.962] [info] DRAM: Idle 78.00%
[2026-05-26 12:37:57.963] [info] Core [0] : MatMul active cycle 500 Vector active cycle 0 
[2026-05-26 12:37:57.963] [info] Core [0] : issued tile 1 
[2026-05-26 12:37:57.963] [info] Core [0] : Memory unit idle cycle 500 Systolic bubble cycle 4721200 Core idle cycle 0 
[2026-05-26 12:37:57.963] [info] Core [0] : PE Utilization(%) 0.37, Systolic Bubble(%) 57.63, Vector Unit Utilization(%) 0.00, Total cycle: 66000
[2026-05-26 12:37:57.963] [debug] Core [1] : MatMul active cycle 0 Vector active cycle 0 
[2026-05-26 12:37:57.963] [debug] Core [1] : issued tile 0 
[2026-05-26 12:37:57.963] [debug] Core [1] : Memory unit idle cycle 500 Systolic bubble cycle 0 Core idle cycle 500 
[2026-05-26 12:37:57.963] [debug] Core [1] : PE Utilization(%) 0.00, Systolic Bubble(%) 0.00, Vector Unit Utilization(%) 0.00, Total cycle: 66000
[2026-05-26 12:37:57.963] [debug] Core [2] : MatMul active cycle 0 Vector active cycle 0 
[2026-05-26 12:37:57.963] [debug] Core [2] : issued tile 0 
[2026-05-26 12:37:57.963] [debug] Core [2] : Memory unit idle cycle 500 Systolic bubble cycle 0 Core idle cycle 500 
[2026-05-26 12:37:57.963] [debug] Core [2] : PE Utilization(%) 0.00, Systolic Bubble(%) 0.00, Vector Unit Utilization(%) 0.00, Total cycle: 66000
[2026-05-26 12:37:57.963] [debug] Core [3] : MatMul active cycle 500 Vector active cycle 0 
[2026-05-26 12:37:57.963] [debug] Core [3] : issued tile 1 
[2026-05-26 12:37:57.963] [debug] Core [3] : Memory unit idle cycle 500 Systolic bubble cycle 4112768 Core idle cycle 0 
[2026-05-26 12:37:57.963] [debug] Core [3] : PE Utilization(%) 0.40, Systolic Bubble(%) 50.20, Vector Unit Utilization(%) 0.00, Total cycle: 66000
[2026-05-26 12:37:57.963] [debug] Layer 253 Core 0 Finish Tile at 66098 Remain tile 2
[2026-05-26 12:37:57.964] [debug] Layer 253 Core 3 Finish Tile at 66135 Remain tile 1
[2026-05-26 12:37:57.964] [info] Layer layer0.attn.proj finish at 66135
[2026-05-26 12:37:57.964] [info] Total compute time 982
[2026-05-26 12:37:57.964] [info] executable layer count 1
[2026-05-26 12:37:57.964] [info] Start layer layer0.attn.ln
[2026-05-26 12:37:57.964] [debug] Layer layer0.attn.ln Core 0 Get Tile at 66136
[2026-05-26 12:37:57.965] [debug] Layer 255 Core 0 Finish Tile at 66189 Remain tile 1
[2026-05-26 12:37:57.965] [info] Layer layer0.attn.ln finish at 66189
[2026-05-26 12:37:57.965] [info] Total compute time 54
[2026-05-26 12:37:57.965] [info] executable layer count 1
[2026-05-26 12:37:57.965] [info] Start layer layer0.ffn.fc1
[2026-05-26 12:37:57.965] [debug] Layer layer0.ffn.fc1 Core 0 Get Tile at 66189
[2026-05-26 12:37:57.965] [debug] Layer layer0.ffn.fc1 Core 1 Get Tile at 66189
[2026-05-26 12:37:57.965] [debug] Layer layer0.ffn.fc1 Core 2 Get Tile at 66189
[2026-05-26 12:37:57.965] [debug] Layer layer0.ffn.fc1 Core 3 Get Tile at 66189
[2026-05-26 12:37:57.970] [info] DRAM: Idle 83.20%
[2026-05-26 12:37:58.033] [info] Core [0] : MatMul active cycle 96 Vector active cycle 12 
[2026-05-26 12:37:58.033] [info] Core [0] : issued tile 1 
[2026-05-26 12:37:58.033] [info] Core [0] : Memory unit idle cycle 379 Systolic bubble cycle 1562880 Core idle cycle 6 
[2026-05-26 12:37:58.033] [info] Core [0] : PE Utilization(%) 0.12, Systolic Bubble(%) 19.08, Vector Unit Utilization(%) 2.40, Total cycle: 66500
[2026-05-26 12:37:58.033] [debug] Core [1] : MatMul active cycle 0 Vector active cycle 0 
[2026-05-26 12:37:58.033] [debug] Core [1] : issued tile 1 
[2026-05-26 12:37:58.033] [debug] Core [1] : Memory unit idle cycle 383 Systolic bubble cycle 0 Core idle cycle 189 
[2026-05-26 12:37:58.033] [debug] Core [1] : PE Utilization(%) 0.00, Systolic Bubble(%) 0.00, Vector Unit Utilization(%) 0.00, Total cycle: 66500
[2026-05-26 12:37:58.033] [debug] Core [2] : MatMul active cycle 0 Vector active cycle 0 
[2026-05-26 12:37:58.033] [debug] Core [2] : issued tile 1 
[2026-05-26 12:37:58.033] [debug] Core [2] : Memory unit idle cycle 383 Systolic bubble cycle 0 Core idle cycle 189 
[2026-05-26 12:37:58.033] [debug] Core [2] : PE Utilization(%) 0.00, Systolic Bubble(%) 0.00, Vector Unit Utilization(%) 0.00, Total cycle: 66500
[2026-05-26 12:37:58.033] [debug] Core [3] : MatMul active cycle 133 Vector active cycle 0 
[2026-05-26 12:37:58.033] [debug] Core [3] : issued tile 1 
[2026-05-26 12:37:58.033] [debug] Core [3] : Memory unit idle cycle 382 Systolic bubble cycle 2162048 Core idle cycle 13 
[2026-05-26 12:37:58.033] [debug] Core [3] : PE Utilization(%) 0.21, Systolic Bubble(%) 26.39, Vector Unit Utilization(%) 0.00, Total cycle: 66500
[2026-05-26 12:37:58.063] [info] DRAM: Idle 0.00%
[2026-05-26 12:37:58.073] [info] Core [0] : MatMul active cycle 259 Vector active cycle 0 
[2026-05-26 12:37:58.073] [info] Core [0] : issued tile 1 
[2026-05-26 12:37:58.074] [info] Core [0] : Memory unit idle cycle 500 Systolic bubble cycle 65024 Core idle cycle 0 
[2026-05-26 12:37:58.074] [info] Core [0] : PE Utilization(%) 0.01, Systolic Bubble(%) 0.79, Vector Unit Utilization(%) 0.00, Total cycle: 67000
[2026-05-26 12:37:58.074] [debug] Core [1] : MatMul active cycle 274 Vector active cycle 0 
[2026-05-26 12:37:58.074] [debug] Core [1] : issued tile 1 
[2026-05-26 12:37:58.074] [debug] Core [1] : Memory unit idle cycle 500 Systolic bubble cycle 308864 Core idle cycle 0 
[2026-05-26 12:37:58.074] [debug] Core [1] : PE Utilization(%) 0.03, Systolic Bubble(%) 3.77, Vector Unit Utilization(%) 0.00, Total cycle: 67000
[2026-05-26 12:37:58.074] [debug] Core [2] : MatMul active cycle 265 Vector active cycle 0 
[2026-05-26 12:37:58.074] [debug] Core [2] : issued tile 1 
[2026-05-26 12:37:58.074] [debug] Core [2] : Memory unit idle cycle 500 Systolic bubble cycle 162560 Core idle cycle 0 
[2026-05-26 12:37:58.074] [debug] Core [2] : PE Utilization(%) 0.02, Systolic Bubble(%) 1.98, Vector Unit Utilization(%) 0.00, Total cycle: 67000
[2026-05-26 12:37:58.074] [debug] Core [3] : MatMul active cycle 272 Vector active cycle 0 
[2026-05-26 12:37:58.074] [debug] Core [3] : issued tile 1 
[2026-05-26 12:37:58.074] [debug] Core [3] : Memory unit idle cycle 500 Systolic bubble cycle 276352 Core idle cycle 0 
[2026-05-26 12:37:58.074] [debug] Core [3] : PE Utilization(%) 0.03, Systolic Bubble(%) 3.37, Vector Unit Utilization(%) 0.00, Total cycle: 67000
[2026-05-26 12:37:58.074] [info] DRAM: Idle 78.00%
[2026-05-26 12:37:58.076] [debug] Layer 257 Core 1 Finish Tile at 67369 Remain tile 4
[2026-05-26 12:37:58.076] [debug] Layer 257 Core 3 Finish Tile at 67371 Remain tile 3
[2026-05-26 12:37:58.076] [debug] Layer 257 Core 2 Finish Tile at 67378 Remain tile 2
[2026-05-26 12:37:58.076] [debug] Layer 257 Core 0 Finish Tile at 67384 Remain tile 1
[2026-05-26 12:37:58.076] [info] Layer layer0.ffn.fc1 finish at 67384
[2026-05-26 12:37:58.076] [info] Total compute time 1195
[2026-05-26 12:37:58.076] [info] executable layer count 1
[2026-05-26 12:37:58.076] [info] Start layer layer0.ffn.act
[2026-05-26 12:37:58.076] [debug] Layer layer0.ffn.act Core 1 Get Tile at 67384
[2026-05-26 12:37:58.077] [debug] Layer 259 Core 1 Finish Tile at 67430 Remain tile 1
[2026-05-26 12:37:58.077] [info] Layer layer0.ffn.act finish at 67430
[2026-05-26 12:37:58.077] [info] Total compute time 46
[2026-05-26 12:37:58.077] [info] executable layer count 1
[2026-05-26 12:37:58.077] [info] Start layer layer0.ffn.fc2
[2026-05-26 12:37:58.077] [debug] Layer layer0.ffn.fc2 Core 3 Get Tile at 67430
[2026-05-26 12:37:58.077] [debug] Layer layer0.ffn.fc2 Core 0 Get Tile at 67431
[2026-05-26 12:37:58.082] [info] DRAM: Idle 83.60%
[2026-05-26 12:37:58.086] [info] Core [0] : MatMul active cycle 382 Vector active cycle 0 
[2026-05-26 12:37:58.086] [info] Core [0] : issued tile 1 
[2026-05-26 12:37:58.086] [info] Core [0] : Memory unit idle cycle 431 Systolic bubble cycle 6209792 Core idle cycle 30 
[2026-05-26 12:37:58.086] [info] Core [0] : PE Utilization(%) 0.60, Systolic Bubble(%) 75.80, Vector Unit Utilization(%) 0.00, Total cycle: 67500
[2026-05-26 12:37:58.086] [debug] Core [1] : MatMul active cycle 367 Vector active cycle 4 
[2026-05-26 12:37:58.086] [debug] Core [1] : issued tile 0 
[2026-05-26 12:37:58.086] [debug] Core [1] : Memory unit idle cycle 493 Systolic bubble cycle 5965952 Core idle cycle 52 
[2026-05-26 12:37:58.086] [debug] Core [1] : PE Utilization(%) 0.57, Systolic Bubble(%) 72.83, Vector Unit Utilization(%) 0.80, Total cycle: 67500
[2026-05-26 12:37:58.086] [debug] Core [2] : MatMul active cycle 376 Vector active cycle 0 
[2026-05-26 12:37:58.086] [debug] Core [2] : issued tile 0 
[2026-05-26 12:37:58.086] [debug] Core [2] : Memory unit idle cycle 499 Systolic bubble cycle 6112256 Core idle cycle 85 
[2026-05-26 12:37:58.086] [debug] Core [2] : PE Utilization(%) 0.59, Systolic Bubble(%) 74.61, Vector Unit Utilization(%) 0.00, Total cycle: 67500
[2026-05-26 12:37:58.086] [debug] Core [3] : MatMul active cycle 369 Vector active cycle 0 
[2026-05-26 12:37:58.086] [debug] Core [3] : issued tile 1 
[2026-05-26 12:37:58.086] [debug] Core [3] : Memory unit idle cycle 430 Systolic bubble cycle 5998464 Core idle cycle 42 
[2026-05-26 12:37:58.086] [debug] Core [3] : PE Utilization(%) 0.58, Systolic Bubble(%) 73.22, Vector Unit Utilization(%) 0.00, Total cycle: 67500
[2026-05-26 12:37:58.142] [info] DRAM: Idle 0.00%
[2026-05-26 12:37:58.154] [info] Core [0] : MatMul active cycle 0 Vector active cycle 0 
[2026-05-26 12:37:58.154] [info] Core [0] : issued tile 1 
[2026-05-26 12:37:58.154] [info] Core [0] : Memory unit idle cycle 357 Systolic bubble cycle 0 Core idle cycle 0 
[2026-05-26 12:37:58.154] [info] Core [0] : PE Utilization(%) 0.00, Systolic Bubble(%) 0.00, Vector Unit Utilization(%) 0.00, Total cycle: 68000
[2026-05-26 12:37:58.154] [debug] Core [1] : MatMul active cycle 0 Vector active cycle 0 
[2026-05-26 12:37:58.154] [debug] Core [1] : issued tile 0 
[2026-05-26 12:37:58.154] [debug] Core [1] : Memory unit idle cycle 500 Systolic bubble cycle 0 Core idle cycle 500 
[2026-05-26 12:37:58.154] [debug] Core [1] : PE Utilization(%) 0.00, Systolic Bubble(%) 0.00, Vector Unit Utilization(%) 0.00, Total cycle: 68000
[2026-05-26 12:37:58.154] [debug] Core [2] : MatMul active cycle 0 Vector active cycle 0 
[2026-05-26 12:37:58.154] [debug] Core [2] : issued tile 0 
[2026-05-26 12:37:58.154] [debug] Core [2] : Memory unit idle cycle 500 Systolic bubble cycle 0 Core idle cycle 500 
[2026-05-26 12:37:58.154] [debug] Core [2] : PE Utilization(%) 0.00, Systolic Bubble(%) 0.00, Vector Unit Utilization(%) 0.00, Total cycle: 68000
[2026-05-26 12:37:58.154] [debug] Core [3] : MatMul active cycle 0 Vector active cycle 0 
[2026-05-26 12:37:58.154] [debug] Core [3] : issued tile 1 
[2026-05-26 12:37:58.154] [debug] Core [3] : Memory unit idle cycle 310 Systolic bubble cycle 0 Core idle cycle 0 
[2026-05-26 12:37:58.154] [debug] Core [3] : PE Utilization(%) 0.00, Systolic Bubble(%) 0.00, Vector Unit Utilization(%) 0.00, Total cycle: 68000
[2026-05-26 12:37:58.157] [info] DRAM: Idle 60.00%
[2026-05-26 12:37:58.158] [info] Core [0] : MatMul active cycle 448 Vector active cycle 0 
[2026-05-26 12:37:58.158] [info] Core [0] : issued tile 1 
[2026-05-26 12:37:58.158] [info] Core [0] : Memory unit idle cycle 500 Systolic bubble cycle 3142040 Core idle cycle 0 
[2026-05-26 12:37:58.158] [info] Core [0] : PE Utilization(%) 0.25, Systolic Bubble(%) 38.35, Vector Unit Utilization(%) 0.00, Total cycle: 68500
[2026-05-26 12:37:58.158] [debug] Core [1] : MatMul active cycle 0 Vector active cycle 0 
[2026-05-26 12:37:58.158] [debug] Core [1] : issued tile 0 
[2026-05-26 12:37:58.158] [debug] Core [1] : Memory unit idle cycle 500 Systolic bubble cycle 0 Core idle cycle 500 
[2026-05-26 12:37:58.158] [debug] Core [1] : PE Utilization(%) 0.00, Systolic Bubble(%) 0.00, Vector Unit Utilization(%) 0.00, Total cycle: 68500
[2026-05-26 12:37:58.158] [debug] Core [2] : MatMul active cycle 0 Vector active cycle 0 
[2026-05-26 12:37:58.158] [debug] Core [2] : issued tile 0 
[2026-05-26 12:37:58.158] [debug] Core [2] : Memory unit idle cycle 500 Systolic bubble cycle 0 Core idle cycle 500 
[2026-05-26 12:37:58.158] [debug] Core [2] : PE Utilization(%) 0.00, Systolic Bubble(%) 0.00, Vector Unit Utilization(%) 0.00, Total cycle: 68500
[2026-05-26 12:37:58.158] [debug] Core [3] : MatMul active cycle 434 Vector active cycle 0 
[2026-05-26 12:37:58.158] [debug] Core [3] : issued tile 1 
[2026-05-26 12:37:58.158] [debug] Core [3] : Memory unit idle cycle 500 Systolic bubble cycle 2909824 Core idle cycle 0 
[2026-05-26 12:37:58.158] [debug] Core [3] : PE Utilization(%) 0.28, Systolic Bubble(%) 35.52, Vector Unit Utilization(%) 0.00, Total cycle: 68500
[2026-05-26 12:37:58.160] [info] DRAM: Idle 100.00%
[2026-05-26 12:37:58.161] [debug] Layer 261 Core 0 Finish Tile at 68951 Remain tile 2
[2026-05-26 12:37:58.161] [debug] Layer 261 Core 3 Finish Tile at 68965 Remain tile 1
[2026-05-26 12:37:58.161] [info] Layer layer0.ffn.fc2 finish at 68965
[2026-05-26 12:37:58.161] [info] Total compute time 1535
[2026-05-26 12:37:58.161] [info] executable layer count 1
[2026-05-26 12:37:58.161] [info] Start layer layer0.ffn.ln
[2026-05-26 12:37:58.161] [debug] Layer layer0.ffn.ln Core 2 Get Tile at 68966
[2026-05-26 12:37:58.162] [info] Core [0] : MatMul active cycle 449 Vector active cycle 0 
[2026-05-26 12:37:58.162] [info] Core [0] : issued tile 0 
[2026-05-26 12:37:58.162] [info] Core [0] : Memory unit idle cycle 499 Systolic bubble cycle 7309720 Core idle cycle 17 
[2026-05-26 12:37:58.162] [info] Core [0] : PE Utilization(%) 0.57, Systolic Bubble(%) 89.23, Vector Unit Utilization(%) 0.00, Total cycle: 69000
[2026-05-26 12:37:58.162] [debug] Core [1] : MatMul active cycle 0 Vector active cycle 0 
[2026-05-26 12:37:58.162] [debug] Core [1] : issued tile 0 
[2026-05-26 12:37:58.162] [debug] Core [1] : Memory unit idle cycle 500 Systolic bubble cycle 0 Core idle cycle 500 
[2026-05-26 12:37:58.162] [debug] Core [1] : PE Utilization(%) 0.00, Systolic Bubble(%) 0.00, Vector Unit Utilization(%) 0.00, Total cycle: 69000
[2026-05-26 12:37:58.162] [debug] Core [2] : MatMul active cycle 0 Vector active cycle 0 
[2026-05-26 12:37:58.162] [debug] Core [2] : issued tile 1 
[2026-05-26 12:37:58.162] [debug] Core [2] : Memory unit idle cycle 498 Systolic bubble cycle 0 Core idle cycle 466 
[2026-05-26 12:37:58.162] [debug] Core [2] : PE Utilization(%) 0.00, Systolic Bubble(%) 0.00, Vector Unit Utilization(%) 0.00, Total cycle: 69000
[2026-05-26 12:37:58.162] [debug] Core [3] : MatMul active cycle 463 Vector active cycle 0 
[2026-05-26 12:37:58.162] [debug] Core [3] : issued tile 0 
[2026-05-26 12:37:58.162] [debug] Core [3] : Memory unit idle cycle 499 Systolic bubble cycle 7526528 Core idle cycle 0 
[2026-05-26 12:37:58.162] [debug] Core [3] : PE Utilization(%) 0.72, Systolic Bubble(%) 91.88, Vector Unit Utilization(%) 0.00, Total cycle: 69000
[2026-05-26 12:37:58.162] [debug] Layer 263 Core 2 Finish Tile at 69019 Remain tile 1
[2026-05-26 12:37:58.162] [info] Layer layer0.ffn.ln finish at 69019
[2026-05-26 12:37:58.162] [info] Total compute time 54
[2026-05-26 12:37:58.162] [info] Model[tiny_transformer] Request: 62 us, Start: 62 us, finish:69 us, Current Cycle:69019
[2026-05-26 12:37:58.162] [info] No total_seq_len!
[2026-05-26 12:37:58.162] [info] Total Memory Usage: 0.01 GB
[2026-05-26 12:37:58.162] [info] Weight Memory Usage: 0.01 GB
[2026-05-26 12:37:58.162] [info] KV Memory Usage: 0.00 GB
[2026-05-26 12:37:58.162] [info] Activation Memory Usage: 0.00 GB
[2026-05-26 12:37:58.162] [debug] [Gemm] input_shape: [1, 232]
[2026-05-26 12:37:58.162] [debug] [Gemm] output_shape : [1, 696]
[2026-05-26 12:37:58.162] [info] [GEMM] spad_size: 33554432 accum_size: 4194304
[2026-05-26 12:37:58.162] [info] [GEMM] required_sram_size: 131072 required_accum_size: 32768
[2026-05-26 12:37:58.162] [info] [GEMM] Used mapping: Total N:1 C:232 M:696 | Outer N:1 C:1 M:6 | Inner N:128 C:256 M:128
[2026-05-26 12:37:58.163] [info] [GemmWs] Keys K = 232, N = 1, M = 696
[2026-05-26 12:37:58.163] [info] [GemmWS]: total 0.00032364 GFLOPs, 0.000326192 GB
[2026-05-26 12:37:58.163] [info] [GemmWS]: Theoretical time(ms): 0.0005312573421178968 Compute time: 2.469177307062864e-06 Memory time: 0.0005312573421178968
[2026-05-26 12:37:58.163] [debug] [KVCacheConcat] input_token_lengths: [1]
[2026-05-26 12:37:58.163] [debug] [KVCacheConcat] number of tiles: 1
[2026-05-26 12:37:58.164] [info] [Attention] total_spad_size_per_head: 17516 B
[2026-05-26 12:37:58.164] [info] [Attention] total_acc_size_per_head: 150 B
[2026-05-26 12:37:58.164] [info] [Attention] q_len: 1, seq_len: 75, dk: 58, heads per tile 1
[2026-05-26 12:37:58.164] [info] [Attention] Spad size 16777216
[2026-05-26 12:37:58.164] [info] [Attention] Accum spad size 2097152
[2026-05-26 12:37:58.164] [info] Mapping info Total Loop: N4 C58 M75 S1 R1 Q1 P1 Tile Out Loop: N4 C1 M1 S1 R1 Q1 P1 Tile In Loop: N1 C58 M75 S1 R1 Q1 P1
[2026-05-26 12:37:58.165] [info] [Attention] QK 3.48e-05 GFLOPs
[2026-05-26 12:37:58.165] [info] [Attention] total 7.26e-05 GFLOPs, 7.0527996e-05 GB
[2026-05-26 12:37:58.165] [info] [Attention] Theoretical time(ms): 0.000114866445 Compute time: 8.972168e-07 Memory time: 0.000114866445
[2026-05-26 12:37:58.165] [info] [Attention] QK compute 0.0000ms Softmax compute 0.0000ms SV compute 0.0000ms
[2026-05-26 12:37:58.165] [debug] [Gemm] input_shape: [1, 232]
[2026-05-26 12:37:58.165] [debug] [Gemm] output_shape : [1, 232]
[2026-05-26 12:37:58.165] [info] [GEMM] spad_size: 33554432 accum_size: 4194304
[2026-05-26 12:37:58.165] [info] [GEMM] required_sram_size: 131072 required_accum_size: 32768
[2026-05-26 12:37:58.165] [info] [GEMM] Used mapping: Total N:1 C:232 M:232 | Outer N:1 C:1 M:2 | Inner N:128 C:256 M:128
[2026-05-26 12:37:58.165] [info] [GemmWs] Keys K = 232, N = 1, M = 232
[2026-05-26 12:37:58.165] [info] [GemmWS]: total 0.00010787999 GFLOPs, 0.000109040004 GB
[2026-05-26 12:37:58.165] [info] [GemmWS]: Theoretical time(ms): 0.00017758958392732893 Compute time: 8.230590098357027e-07 Memory time: 0.00017758958392732893
[2026-05-26 12:37:58.165] [info] [SkipLayerNorm] tokens_per_tile: 1
[2026-05-26 12:37:58.165] [debug] [Gemm] input_shape: [1, 232]
[2026-05-26 12:37:58.165] [debug] [Gemm] output_shape : [1, 512]
[2026-05-26 12:37:58.165] [info] [GEMM] spad_size: 33554432 accum_size: 4194304
[2026-05-26 12:37:58.165] [info] [GEMM] required_sram_size: 131072 required_accum_size: 32768
[2026-05-26 12:37:58.165] [info] [GEMM] Used mapping: Total N:1 C:232 M:512 | Outer N:1 C:1 M:4 | Inner N:128 C:256 M:128
[2026-05-26 12:37:58.166] [info] [GemmWs] Keys K = 232, N = 1, M = 512
[2026-05-26 12:37:58.166] [info] [GemmWS]: total 0.000237568 GFLOPs, 0.000239056 GB
[2026-05-26 12:37:58.166] [info] [GemmWS]: Theoretical time(ms): 0.0003893420057465846 Compute time: 1.81250003894462e-06 Memory time: 0.0003893420057465846
[2026-05-26 12:37:58.166] [info] [BiasAct] tokens_per_tile: 1
[2026-05-26 12:37:58.166] [debug] [Gemm] input_shape: [1, 512]
[2026-05-26 12:37:58.166] [debug] [Gemm] output_shape : [1, 232]
[2026-05-26 12:37:58.166] [info] [GEMM] spad_size: 33554432 accum_size: 4194304
[2026-05-26 12:37:58.166] [info] [GEMM] required_sram_size: 262144 required_accum_size: 32768
[2026-05-26 12:37:58.166] [info] [GEMM] Used mapping: Total N:1 C:512 M:232 | Outer N:1 C:1 M:2 | Inner N:128 C:512 M:128
[2026-05-26 12:37:58.167] [info] [GemmWs] Keys K = 512, N = 1, M = 232
[2026-05-26 12:37:58.167] [info] [GemmWS]: total 0.00023779999 GFLOPs, 0.00023952 GB
[2026-05-26 12:37:58.167] [info] [GemmWS]: Theoretical time(ms): 0.00039009771057862963 Compute time: 1.8142699564904774e-06 Memory time: 0.00039009771057862963
[2026-05-26 12:37:58.167] [info] [SkipLayerNorm] tokens_per_tile: 1
[2026-05-26 12:37:58.167] [debug] runnable op, 
[2026-05-26 12:37:58.167] [info]  Model initialization time: 0.004783 seconds
[2026-05-26 12:37:58.167] [info] Schedule model: tiny_transformer at 69021000 us
[2026-05-26 12:37:58.167] [info] MODEL tiny_transformer Scheduled, Total Request: 1
[2026-05-26 12:37:58.167] [info] executable layer count 1
[2026-05-26 12:37:58.167] [info] Start layer layer0.attn.QKVgen
[2026-05-26 12:37:58.167] [debug] Layer layer0.attn.QKVgen Core 0 Get Tile at 69020
[2026-05-26 12:37:58.167] [debug] Layer layer0.attn.QKVgen Core 1 Get Tile at 69020
[2026-05-26 12:37:58.167] [debug] Layer layer0.attn.QKVgen Core 2 Get Tile at 69020
[2026-05-26 12:37:58.167] [debug] Layer layer0.attn.QKVgen Core 3 Get Tile at 69020
[2026-05-26 12:37:58.167] [debug] Layer layer0.attn.QKVgen Core 1 Get Tile at 69021
[2026-05-26 12:37:58.167] [debug] Layer layer0.attn.QKVgen Core 2 Get Tile at 69021
[2026-05-26 12:37:58.193] [info] DRAM: Idle 63.20%
[2026-05-26 12:37:58.272] [info] Core [0] : MatMul active cycle 0 Vector active cycle 0 
[2026-05-26 12:37:58.272] [info] Core [0] : issued tile 1 
[2026-05-26 12:37:58.272] [info] Core [0] : Memory unit idle cycle 382 Systolic bubble cycle 0 Core idle cycle 20 
[2026-05-26 12:37:58.272] [info] Core [0] : PE Utilization(%) 0.00, Systolic Bubble(%) 0.00, Vector Unit Utilization(%) 0.00, Total cycle: 69500
[2026-05-26 12:37:58.272] [debug] Core [1] : MatMul active cycle 0 Vector active cycle 0 
[2026-05-26 12:37:58.272] [debug] Core [1] : issued tile 2 
[2026-05-26 12:37:58.272] [debug] Core [1] : Memory unit idle cycle 264 Systolic bubble cycle 0 Core idle cycle 20 
[2026-05-26 12:37:58.272] [debug] Core [1] : PE Utilization(%) 0.00, Systolic Bubble(%) 0.00, Vector Unit Utilization(%) 0.00, Total cycle: 69500
[2026-05-26 12:37:58.272] [debug] Core [2] : MatMul active cycle 0 Vector active cycle 12 
[2026-05-26 12:37:58.272] [debug] Core [2] : issued tile 2 
[2026-05-26 12:37:58.272] [debug] Core [2] : Memory unit idle cycle 329 Systolic bubble cycle 0 Core idle cycle 0 
[2026-05-26 12:37:58.272] [debug] Core [2] : PE Utilization(%) 0.00, Systolic Bubble(%) 0.00, Vector Unit Utilization(%) 2.40, Total cycle: 69500
[2026-05-26 12:37:58.272] [debug] Core [3] : MatMul active cycle 0 Vector active cycle 0 
[2026-05-26 12:37:58.272] [debug] Core [3] : issued tile 1 
[2026-05-26 12:37:58.272] [debug] Core [3] : Memory unit idle cycle 382 Systolic bubble cycle 0 Core idle cycle 15 
[2026-05-26 12:37:58.272] [debug] Core [3] : PE Utilization(%) 0.00, Systolic Bubble(%) 0.00, Vector Unit Utilization(%) 0.00, Total cycle: 69500
[2026-05-26 12:37:58.282] [info] DRAM: Idle 0.00%
[2026-05-26 12:37:58.307] [info] DRAM: Idle 41.40%
[2026-05-26 12:37:58.308] [info] Core [0] : MatMul active cycle 388 Vector active cycle 0 
[2026-05-26 12:37:58.308] [info] Core [0] : issued tile 1 
[2026-05-26 12:37:58.308] [info] Core [0] : Memory unit idle cycle 500 Systolic bubble cycle 2162048 Core idle cycle 0 
[2026-05-26 12:37:58.308] [info] Core [0] : PE Utilization(%) 0.21, Systolic Bubble(%) 26.39, Vector Unit Utilization(%) 0.00, Total cycle: 70000
[2026-05-26 12:37:58.308] [debug] Core [1] : MatMul active cycle 326 Vector active cycle 0 
[2026-05-26 12:37:58.308] [debug] Core [1] : issued tile 2 
[2026-05-26 12:37:58.308] [debug] Core [1] : Memory unit idle cycle 500 Systolic bubble cycle 1154176 Core idle cycle 0 
[2026-05-26 12:37:58.308] [debug] Core [1] : PE Utilization(%) 0.11, Systolic Bubble(%) 14.09, Vector Unit Utilization(%) 0.00, Total cycle: 70000
[2026-05-26 12:37:58.308] [debug] Core [2] : MatMul active cycle 345 Vector active cycle 0 
[2026-05-26 12:37:58.308] [debug] Core [2] : issued tile 2 
[2026-05-26 12:37:58.308] [debug] Core [2] : Memory unit idle cycle 500 Systolic bubble cycle 1463040 Core idle cycle 0 
[2026-05-26 12:37:58.308] [debug] Core [2] : PE Utilization(%) 0.14, Systolic Bubble(%) 17.86, Vector Unit Utilization(%) 0.00, Total cycle: 70000
[2026-05-26 12:37:58.308] [debug] Core [3] : MatMul active cycle 320 Vector active cycle 0 
[2026-05-26 12:37:58.308] [debug] Core [3] : issued tile 1 
[2026-05-26 12:37:58.308] [debug] Core [3] : Memory unit idle cycle 500 Systolic bubble cycle 1056640 Core idle cycle 0 
[2026-05-26 12:37:58.308] [debug] Core [3] : PE Utilization(%) 0.10, Systolic Bubble(%) 12.90, Vector Unit Utilization(%) 0.00, Total cycle: 70000
[2026-05-26 12:37:58.309] [debug] Layer 268 Core 0 Finish Tile at 70255 Remain tile 6
[2026-05-26 12:37:58.310] [debug] Layer 268 Core 2 Finish Tile at 70298 Remain tile 5
[2026-05-26 12:37:58.310] [debug] Layer 268 Core 1 Finish Tile at 70317 Remain tile 4
[2026-05-26 12:37:58.310] [debug] Layer 268 Core 3 Finish Tile at 70323 Remain tile 3
[2026-05-26 12:37:58.310] [info] DRAM: Idle 95.60%
[2026-05-26 12:37:58.311] [info] Core [0] : MatMul active cycle 253 Vector active cycle 0 
[2026-05-26 12:37:58.311] [info] Core [0] : issued tile 0 
[2026-05-26 12:37:58.311] [info] Core [0] : Memory unit idle cycle 499 Systolic bubble cycle 4112768 Core idle cycle 228 
[2026-05-26 12:37:58.311] [info] Core [0] : PE Utilization(%) 0.40, Systolic Bubble(%) 50.20, Vector Unit Utilization(%) 0.00, Total cycle: 70500
[2026-05-26 12:37:58.311] [debug] Core [1] : MatMul active cycle 500 Vector active cycle 0 
[2026-05-26 12:37:58.311] [debug] Core [1] : issued tile 1 
[2026-05-26 12:37:58.311] [debug] Core [1] : Memory unit idle cycle 499 Systolic bubble cycle 8128000 Core idle cycle 0 
[2026-05-26 12:37:58.311] [debug] Core [1] : PE Utilization(%) 0.78, Systolic Bubble(%) 99.22, Vector Unit Utilization(%) 0.00, Total cycle: 70500
[2026-05-26 12:37:58.311] [debug] Core [2] : MatMul active cycle 500 Vector active cycle 0 
[2026-05-26 12:37:58.311] [debug] Core [2] : issued tile 1 
[2026-05-26 12:37:58.311] [debug] Core [2] : Memory unit idle cycle 499 Systolic bubble cycle 8142688 Core idle cycle 0 
[2026-05-26 12:37:58.311] [debug] Core [2] : PE Utilization(%) 0.60, Systolic Bubble(%) 99.40, Vector Unit Utilization(%) 0.00, Total cycle: 70500
[2026-05-26 12:37:58.311] [debug] Core [3] : MatMul active cycle 321 Vector active cycle 0 
[2026-05-26 12:37:58.311] [debug] Core [3] : issued tile 0 
[2026-05-26 12:37:58.311] [debug] Core [3] : Memory unit idle cycle 499 Systolic bubble cycle 5218176 Core idle cycle 160 
[2026-05-26 12:37:58.311] [debug] Core [3] : PE Utilization(%) 0.50, Systolic Bubble(%) 63.70, Vector Unit Utilization(%) 0.00, Total cycle: 70500
[2026-05-26 12:37:58.311] [debug] Layer 268 Core 2 Finish Tile at 70554 Remain tile 2
[2026-05-26 12:37:58.312] [debug] Layer 268 Core 1 Finish Tile at 70573 Remain tile 1
[2026-05-26 12:37:58.312] [info] Layer layer0.attn.QKVgen finish at 70573
[2026-05-26 12:37:58.312] [info] Total compute time 1553
[2026-05-26 12:37:58.312] [info] executable layer count 1
[2026-05-26 12:37:58.312] [info] Start layer layer0.attn.KVccat
[2026-05-26 12:37:58.312] [debug] Layer layer0.attn.KVccat Core 3 Get Tile at 70573
[2026-05-26 12:37:58.312] [debug] Layer 270 Core 3 Finish Tile at 70574 Remain tile 1
[2026-05-26 12:37:58.312] [info] Layer layer0.attn.KVccat finish at 70574
[2026-05-26 12:37:58.312] [info] Total compute time 1
[2026-05-26 12:37:58.312] [info] executable layer count 1
[2026-05-26 12:37:58.312] [info] Start layer layer0.attn.Attention.0
[2026-05-26 12:37:58.312] [debug] Layer layer0.attn.Attention.0 Core 3 Get Tile at 70574
[2026-05-26 12:37:58.312] [debug] Layer layer0.attn.Attention.0 Core 0 Get Tile at 70575
[2026-05-26 12:37:58.312] [debug] Layer layer0.attn.Attention.0 Core 1 Get Tile at 70575
[2026-05-26 12:37:58.312] [debug] Layer layer0.attn.Attention.0 Core 2 Get Tile at 70575
[2026-05-26 12:37:58.343] [info] DRAM: Idle 46.20%
[2026-05-26 12:37:58.345] [info] Core [0] : MatMul active cycle 210 Vector active cycle 0 
[2026-05-26 12:37:58.345] [info] Core [0] : issued tile 1 
[2026-05-26 12:37:58.345] [info] Core [0] : Memory unit idle cycle 465 Systolic bubble cycle 0 Core idle cycle 75 
[2026-05-26 12:37:58.345] [info] Core [0] : PE Utilization(%) 0.00, Systolic Bubble(%) 0.00, Vector Unit Utilization(%) 0.00, Total cycle: 71000
[2026-05-26 12:37:58.345] [debug] Core [1] : MatMul active cycle 282 Vector active cycle 0 
[2026-05-26 12:37:58.345] [debug] Core [1] : issued tile 1 
[2026-05-26 12:37:58.345] [debug] Core [1] : Memory unit idle cycle 464 Systolic bubble cycle 1154176 Core idle cycle 0 
[2026-05-26 12:37:58.345] [debug] Core [1] : PE Utilization(%) 0.11, Systolic Bubble(%) 14.09, Vector Unit Utilization(%) 0.00, Total cycle: 71000
[2026-05-26 12:37:58.345] [debug] Core [2] : MatMul active cycle 248 Vector active cycle 0 
[2026-05-26 12:37:58.345] [debug] Core [2] : issued tile 1 
[2026-05-26 12:37:58.345] [debug] Core [2] : Memory unit idle cycle 464 Systolic bubble cycle 849056 Core idle cycle 4 
[2026-05-26 12:37:58.345] [debug] Core [2] : PE Utilization(%) 0.04, Systolic Bubble(%) 10.36, Vector Unit Utilization(%) 0.00, Total cycle: 71000
[2026-05-26 12:37:58.345] [debug] Core [3] : MatMul active cycle 219 Vector active cycle 0 
[2026-05-26 12:37:58.345] [debug] Core [3] : issued tile 1 
[2026-05-26 12:37:58.345] [debug] Core [3] : Memory unit idle cycle 465 Systolic bubble cycle 0 Core idle cycle 74 
[2026-05-26 12:37:58.345] [debug] Core [3] : PE Utilization(%) 0.00, Systolic Bubble(%) 0.00, Vector Unit Utilization(%) 0.00, Total cycle: 71000
[2026-05-26 12:37:58.346] [info] DRAM: Idle 98.60%
[2026-05-26 12:37:58.348] [info] Core [0] : MatMul active cycle 485 Vector active cycle 16 
[2026-05-26 12:37:58.348] [info] Core [0] : issued tile 1 
[2026-05-26 12:37:58.348] [info] Core [0] : Memory unit idle cycle 500 Systolic bubble cycle 4207722 Core idle cycle 0 
[2026-05-26 12:37:58.348] [info] Core [0] : PE Utilization(%) 0.24, Systolic Bubble(%) 51.36, Vector Unit Utilization(%) 3.20, Total cycle: 71500
[2026-05-26 12:37:58.348] [debug] Core [1] : MatMul active cycle 485 Vector active cycle 16 
[2026-05-26 12:37:58.348] [debug] Core [1] : issued tile 1 
[2026-05-26 12:37:58.348] [debug] Core [1] : Memory unit idle cycle 500 Systolic bubble cycle 4207722 Core idle cycle 0 
[2026-05-26 12:37:58.348] [debug] Core [1] : PE Utilization(%) 0.24, Systolic Bubble(%) 51.36, Vector Unit Utilization(%) 3.20, Total cycle: 71500
[2026-05-26 12:37:58.348] [debug] Core [2] : MatMul active cycle 485 Vector active cycle 16 
[2026-05-26 12:37:58.348] [debug] Core [2] : issued tile 1 
[2026-05-26 12:37:58.348] [debug] Core [2] : Memory unit idle cycle 500 Systolic bubble cycle 4207722 Core idle cycle 0 
[2026-05-26 12:37:58.348] [debug] Core [2] : PE Utilization(%) 0.24, Systolic Bubble(%) 51.36, Vector Unit Utilization(%) 3.20, Total cycle: 71500
[2026-05-26 12:37:58.348] [debug] Core [3] : MatMul active cycle 485 Vector active cycle 16 
[2026-05-26 12:37:58.348] [debug] Core [3] : issued tile 1 
[2026-05-26 12:37:58.348] [debug] Core [3] : Memory unit idle cycle 500 Systolic bubble cycle 4207722 Core idle cycle 0 
[2026-05-26 12:37:58.348] [debug] Core [3] : PE Utilization(%) 0.24, Systolic Bubble(%) 51.36, Vector Unit Utilization(%) 3.20, Total cycle: 71500
[2026-05-26 12:37:58.349] [info] DRAM: Idle 100.00%
[2026-05-26 12:37:58.350] [debug] Layer 274 Core 3 Finish Tile at 71826 Remain tile 4
[2026-05-26 12:37:58.350] [debug] Layer 274 Core 1 Finish Tile at 71834 Remain tile 3
[2026-05-26 12:37:58.350] [debug] Layer 274 Core 0 Finish Tile at 71835 Remain tile 2
[2026-05-26 12:37:58.351] [debug] Layer 274 Core 2 Finish Tile at 71849 Remain tile 1
[2026-05-26 12:37:58.351] [info] Layer layer0.attn.Attention.0 finish at 71849
[2026-05-26 12:37:58.351] [info] Total compute time 1275
[2026-05-26 12:37:58.351] [info] executable layer count 1
[2026-05-26 12:37:58.351] [info] Start layer layer0.attn.Atccat
[2026-05-26 12:37:58.351] [debug] Layer layer0.attn.Atccat Core 0 Get Tile at 71850
[2026-05-26 12:37:58.351] [debug] Layer 276 Core 0 Finish Tile at 71851 Remain tile 1
[2026-05-26 12:37:58.351] [info] Layer layer0.attn.Atccat finish at 71851
[2026-05-26 12:37:58.351] [info] Total compute time 2
[2026-05-26 12:37:58.351] [info] executable layer count 1
[2026-05-26 12:37:58.351] [info] Start layer layer0.attn.proj
[2026-05-26 12:37:58.351] [debug] Layer layer0.attn.proj Core 1 Get Tile at 71851
[2026-05-26 12:37:58.351] [debug] Layer layer0.attn.proj Core 2 Get Tile at 71851
[2026-05-26 12:37:58.367] [info] HBM2-CH_0: BW utilization 21% (2089 reads, 13 writes)
[2026-05-26 12:37:58.367] [debug] HBM2-CH_1: BW utilization 22% (2105 reads, 12 writes)
[2026-05-26 12:37:58.367] [debug] HBM2-CH_2: BW utilization 21% (2096 reads, 12 writes)
[2026-05-26 12:37:58.367] [debug] HBM2-CH_3: BW utilization 21% (2085 reads, 12 writes)
[2026-05-26 12:37:58.367] [debug] HBM2-CH_4: BW utilization 21% (2089 reads, 12 writes)
[2026-05-26 12:37:58.367] [debug] HBM2-CH_5: BW utilization 21% (2096 reads, 14 writes)
[2026-05-26 12:37:58.367] [debug] HBM2-CH_6: BW utilization 21% (2081 reads, 13 writes)
[2026-05-26 12:37:58.367] [debug] HBM2-CH_7: BW utilization 21% (2096 reads, 11 writes)
[2026-05-26 12:37:58.367] [debug] HBM2-CH_8: BW utilization 22% (2101 reads, 12 writes)
[2026-05-26 12:37:58.367] [debug] HBM2-CH_9: BW utilization 21% (2077 reads, 14 writes)
[2026-05-26 12:37:58.367] [debug] HBM2-CH_10: BW utilization 21% (2083 reads, 14 writes)
[2026-05-26 12:37:58.367] [debug] HBM2-CH_11: BW utilization 22% (2100 reads, 13 writes)
[2026-05-26 12:37:58.367] [debug] HBM2-CH_12: BW utilization 21% (2090 reads, 13 writes)
[2026-05-26 12:37:58.367] [debug] HBM2-CH_13: BW utilization 21% (2097 reads, 13 writes)
[2026-05-26 12:37:58.367] [debug] HBM2-CH_14: BW utilization 21% (2093 reads, 13 writes)
[2026-05-26 12:37:58.367] [debug] HBM2-CH_15: BW utilization 21% (2090 reads, 13 writes)
[2026-05-26 12:37:58.371] [info] Core [0] : MatMul active cycle 331 Vector active cycle 2 
[2026-05-26 12:37:58.371] [info] Core [0] : issued tile 0 
[2026-05-26 12:37:58.371] [info] Core [0] : Memory unit idle cycle 499 Systolic bubble cycle 4212108 Core idle cycle 148 
[2026-05-26 12:37:58.371] [info] Core [0] : PE Utilization(%) 0.18, Systolic Bubble(%) 51.42, Vector Unit Utilization(%) 0.40, Total cycle: 72000
[2026-05-26 12:37:58.371] [debug] Core [1] : MatMul active cycle 330 Vector active cycle 2 
[2026-05-26 12:37:58.371] [debug] Core [1] : issued tile 1 
[2026-05-26 12:37:58.371] [debug] Core [1] : Memory unit idle cycle 381 Systolic bubble cycle 4212108 Core idle cycle 0 
[2026-05-26 12:37:58.371] [debug] Core [1] : PE Utilization(%) 0.18, Systolic Bubble(%) 51.42, Vector Unit Utilization(%) 0.40, Total cycle: 72000
[2026-05-26 12:37:58.371] [debug] Core [2] : MatMul active cycle 345 Vector active cycle 2 
[2026-05-26 12:37:58.371] [debug] Core [2] : issued tile 1 
[2026-05-26 12:37:58.371] [debug] Core [2] : Memory unit idle cycle 402 Systolic bubble cycle 4212108 Core idle cycle 0 
[2026-05-26 12:37:58.371] [debug] Core [2] : PE Utilization(%) 0.18, Systolic Bubble(%) 51.42, Vector Unit Utilization(%) 0.40, Total cycle: 72000
[2026-05-26 12:37:58.371] [debug] Core [3] : MatMul active cycle 322 Vector active cycle 2 
[2026-05-26 12:37:58.371] [debug] Core [3] : issued tile 0 
[2026-05-26 12:37:58.371] [debug] Core [3] : Memory unit idle cycle 499 Systolic bubble cycle 4212108 Core idle cycle 157 
[2026-05-26 12:37:58.371] [debug] Core [3] : PE Utilization(%) 0.18, Systolic Bubble(%) 51.42, Vector Unit Utilization(%) 0.40, Total cycle: 72000
[2026-05-26 12:37:58.378] [info] DRAM: Idle 52.40%
[2026-05-26 12:37:58.388] [info] DRAM: Idle 77.20%
[2026-05-26 12:37:58.388] [info] Core [0] : MatMul active cycle 0 Vector active cycle 0 
[2026-05-26 12:37:58.388] [info] Core [0] : issued tile 0 
[2026-05-26 12:37:58.388] [info] Core [0] : Memory unit idle cycle 500 Systolic bubble cycle 0 Core idle cycle 500 
[2026-05-26 12:37:58.388] [info] Core [0] : PE Utilization(%) 0.00, Systolic Bubble(%) 0.00, Vector Unit Utilization(%) 0.00, Total cycle: 72500
[2026-05-26 12:37:58.388] [debug] Core [1] : MatMul active cycle 341 Vector active cycle 0 
[2026-05-26 12:37:58.388] [debug] Core [1] : issued tile 1 
[2026-05-26 12:37:58.388] [debug] Core [1] : Memory unit idle cycle 500 Systolic bubble cycle 1398016 Core idle cycle 0 
[2026-05-26 12:37:58.388] [debug] Core [1] : PE Utilization(%) 0.13, Systolic Bubble(%) 17.07, Vector Unit Utilization(%) 0.00, Total cycle: 72500
[2026-05-26 12:37:58.388] [debug] Core [2] : MatMul active cycle 350 Vector active cycle 0 
[2026-05-26 12:37:58.388] [debug] Core [2] : issued tile 1 
[2026-05-26 12:37:58.388] [debug] Core [2] : Memory unit idle cycle 500 Systolic bubble cycle 1546600 Core idle cycle 0 
[2026-05-26 12:37:58.388] [debug] Core [2] : PE Utilization(%) 0.12, Systolic Bubble(%) 18.88, Vector Unit Utilization(%) 0.00, Total cycle: 72500
[2026-05-26 12:37:58.388] [debug] Core [3] : MatMul active cycle 0 Vector active cycle 0 
[2026-05-26 12:37:58.388] [debug] Core [3] : issued tile 0 
[2026-05-26 12:37:58.388] [debug] Core [3] : Memory unit idle cycle 500 Systolic bubble cycle 0 Core idle cycle 500 
[2026-05-26 12:37:58.388] [debug] Core [3] : PE Utilization(%) 0.00, Systolic Bubble(%) 0.00, Vector Unit Utilization(%) 0.00, Total cycle: 72500
[2026-05-26 12:37:58.390] [debug] Layer 278 Core 2 Finish Tile at 72793 Remain tile 2
[2026-05-26 12:37:58.390] [debug] Layer 278 Core 1 Finish Tile at 72802 Remain tile 1
[2026-05-26 12:37:58.390] [info] Layer layer0.attn.proj finish at 72802
[2026-05-26 12:37:58.390] [info] Total compute time 951
[2026-05-26 12:37:58.390] [info] executable layer count 1
[2026-05-26 12:37:58.390] [info] Start layer layer0.attn.ln
[2026-05-26 12:37:58.390] [debug] Layer layer0.attn.ln Core 1 Get Tile at 72802
[2026-05-26 12:37:58.391] [debug] Layer 280 Core 1 Finish Tile at 72852 Remain tile 1
[2026-05-26 12:37:58.391] [info] Layer layer0.attn.ln finish at 72852
[2026-05-26 12:37:58.391] [info] Total compute time 50
[2026-05-26 12:37:58.391] [info] executable layer count 1
[2026-05-26 12:37:58.391] [info] Start layer layer0.ffn.fc1
[2026-05-26 12:37:58.391] [debug] Layer layer0.ffn.fc1 Core 1 Get Tile at 72852
[2026-05-26 12:37:58.391] [debug] Layer layer0.ffn.fc1 Core 2 Get Tile at 72852
[2026-05-26 12:37:58.391] [debug] Layer layer0.ffn.fc1 Core 3 Get Tile at 72852
[2026-05-26 12:37:58.391] [debug] Layer layer0.ffn.fc1 Core 0 Get Tile at 72853
[2026-05-26 12:37:58.396] [info] DRAM: Idle 85.20%
[2026-05-26 12:37:58.423] [info] Core [0] : MatMul active cycle 0 Vector active cycle 0 
[2026-05-26 12:37:58.423] [info] Core [0] : issued tile 1 
[2026-05-26 12:37:58.423] [info] Core [0] : Memory unit idle cycle 383 Systolic bubble cycle 0 Core idle cycle 353 
[2026-05-26 12:37:58.423] [info] Core [0] : PE Utilization(%) 0.00, Systolic Bubble(%) 0.00, Vector Unit Utilization(%) 0.00, Total cycle: 73000
[2026-05-26 12:37:58.423] [debug] Core [1] : MatMul active cycle 300 Vector active cycle 12 
[2026-05-26 12:37:58.423] [debug] Core [1] : issued tile 1 
[2026-05-26 12:37:58.423] [debug] Core [1] : Memory unit idle cycle 379 Systolic bubble cycle 4876800 Core idle cycle 0 
[2026-05-26 12:37:58.423] [debug] Core [1] : PE Utilization(%) 0.47, Systolic Bubble(%) 59.53, Vector Unit Utilization(%) 2.40, Total cycle: 73000
[2026-05-26 12:37:58.423] [debug] Core [2] : MatMul active cycle 291 Vector active cycle 0 
[2026-05-26 12:37:58.423] [debug] Core [2] : issued tile 1 
[2026-05-26 12:37:58.423] [debug] Core [2] : Memory unit idle cycle 382 Systolic bubble cycle 4737480 Core idle cycle 27 
[2026-05-26 12:37:58.423] [debug] Core [2] : PE Utilization(%) 0.37, Systolic Bubble(%) 57.83, Vector Unit Utilization(%) 0.00, Total cycle: 73000
[2026-05-26 12:37:58.423] [debug] Core [3] : MatMul active cycle 0 Vector active cycle 0 
[2026-05-26 12:37:58.423] [debug] Core [3] : issued tile 1 
[2026-05-26 12:37:58.423] [debug] Core [3] : Memory unit idle cycle 383 Systolic bubble cycle 0 Core idle cycle 352 
[2026-05-26 12:37:58.423] [debug] Core [3] : PE Utilization(%) 0.00, Systolic Bubble(%) 0.00, Vector Unit Utilization(%) 0.00, Total cycle: 73000
[2026-05-26 12:37:58.488] [info] DRAM: Idle 0.00%
[2026-05-26 12:37:58.498] [info] Core [0] : MatMul active cycle 106 Vector active cycle 0 
[2026-05-26 12:37:58.498] [info] Core [0] : issued tile 1 
[2026-05-26 12:37:58.498] [info] Core [0] : Memory unit idle cycle 500 Systolic bubble cycle 0 Core idle cycle 0 
[2026-05-26 12:37:58.498] [info] Core [0] : PE Utilization(%) 0.00, Systolic Bubble(%) 0.00, Vector Unit Utilization(%) 0.00, Total cycle: 73500
[2026-05-26 12:37:58.498] [debug] Core [1] : MatMul active cycle 92 Vector active cycle 0 
[2026-05-26 12:37:58.498] [debug] Core [1] : issued tile 1 
[2026-05-26 12:37:58.498] [debug] Core [1] : Memory unit idle cycle 500 Systolic bubble cycle 0 Core idle cycle 0 
[2026-05-26 12:37:58.498] [debug] Core [1] : PE Utilization(%) 0.00, Systolic Bubble(%) 0.00, Vector Unit Utilization(%) 0.00, Total cycle: 73500
[2026-05-26 12:37:58.498] [debug] Core [2] : MatMul active cycle 97 Vector active cycle 0 
[2026-05-26 12:37:58.498] [debug] Core [2] : issued tile 1 
[2026-05-26 12:37:58.498] [debug] Core [2] : Memory unit idle cycle 500 Systolic bubble cycle 0 Core idle cycle 0 
[2026-05-26 12:37:58.498] [debug] Core [2] : PE Utilization(%) 0.00, Systolic Bubble(%) 0.00, Vector Unit Utilization(%) 0.00, Total cycle: 73500
[2026-05-26 12:37:58.498] [debug] Core [3] : MatMul active cycle 113 Vector active cycle 0 
[2026-05-26 12:37:58.498] [debug] Core [3] : issued tile 1 
[2026-05-26 12:37:58.498] [debug] Core [3] : Memory unit idle cycle 500 Systolic bubble cycle 0 Core idle cycle 0 
[2026-05-26 12:37:58.498] [debug] Core [3] : PE Utilization(%) 0.00, Systolic Bubble(%) 0.00, Vector Unit Utilization(%) 0.00, Total cycle: 73500
[2026-05-26 12:37:58.499] [info] DRAM: Idle 77.40%
[2026-05-26 12:37:58.501] [info] Core [0] : MatMul active cycle 500 Vector active cycle 0 
[2026-05-26 12:37:58.501] [info] Core [0] : issued tile 1 
[2026-05-26 12:37:58.501] [info] Core [0] : Memory unit idle cycle 500 Systolic bubble cycle 5705856 Core idle cycle 0 
[2026-05-26 12:37:58.501] [info] Core [0] : PE Utilization(%) 0.55, Systolic Bubble(%) 69.65, Vector Unit Utilization(%) 0.00, Total cycle: 74000
[2026-05-26 12:37:58.501] [debug] Core [1] : MatMul active cycle 500 Vector active cycle 0 
[2026-05-26 12:37:58.501] [debug] Core [1] : issued tile 1 
[2026-05-26 12:37:58.501] [debug] Core [1] : Memory unit idle cycle 500 Systolic bubble cycle 5478272 Core idle cycle 0 
[2026-05-26 12:37:58.501] [debug] Core [1] : PE Utilization(%) 0.53, Systolic Bubble(%) 66.87, Vector Unit Utilization(%) 0.00, Total cycle: 74000
[2026-05-26 12:37:58.501] [debug] Core [2] : MatMul active cycle 500 Vector active cycle 0 
[2026-05-26 12:37:58.501] [debug] Core [2] : issued tile 1 
[2026-05-26 12:37:58.501] [debug] Core [2] : Memory unit idle cycle 500 Systolic bubble cycle 5559552 Core idle cycle 0 
[2026-05-26 12:37:58.501] [debug] Core [2] : PE Utilization(%) 0.53, Systolic Bubble(%) 67.87, Vector Unit Utilization(%) 0.00, Total cycle: 74000
[2026-05-26 12:37:58.501] [debug] Core [3] : MatMul active cycle 500 Vector active cycle 0 
[2026-05-26 12:37:58.501] [debug] Core [3] : issued tile 1 
[2026-05-26 12:37:58.501] [debug] Core [3] : Memory unit idle cycle 500 Systolic bubble cycle 5819648 Core idle cycle 0 
[2026-05-26 12:37:58.501] [debug] Core [3] : PE Utilization(%) 0.56, Systolic Bubble(%) 71.04, Vector Unit Utilization(%) 0.00, Total cycle: 74000
[2026-05-26 12:37:58.501] [debug] Layer 282 Core 3 Finish Tile at 74030 Remain tile 4
[2026-05-26 12:37:58.501] [debug] Layer 282 Core 0 Finish Tile at 74037 Remain tile 3
[2026-05-26 12:37:58.502] [debug] Layer 282 Core 2 Finish Tile at 74046 Remain tile 2
[2026-05-26 12:37:58.502] [debug] Layer 282 Core 1 Finish Tile at 74051 Remain tile 1
[2026-05-26 12:37:58.502] [info] Layer layer0.ffn.fc1 finish at 74051
[2026-05-26 12:37:58.502] [info] Total compute time 1199
[2026-05-26 12:37:58.502] [info] executable layer count 1
[2026-05-26 12:37:58.502] [info] Start layer layer0.ffn.act
[2026-05-26 12:37:58.502] [debug] Layer layer0.ffn.act Core 2 Get Tile at 74051
[2026-05-26 12:37:58.503] [debug] Layer 284 Core 2 Finish Tile at 74095 Remain tile 1
[2026-05-26 12:37:58.503] [info] Layer layer0.ffn.act finish at 74095
[2026-05-26 12:37:58.503] [info] Total compute time 44
[2026-05-26 12:37:58.503] [info] executable layer count 1
[2026-05-26 12:37:58.503] [info] Start layer layer0.ffn.fc2
[2026-05-26 12:37:58.503] [debug] Layer layer0.ffn.fc2 Core 2 Get Tile at 74095
[2026-05-26 12:37:58.503] [debug] Layer layer0.ffn.fc2 Core 1 Get Tile at 74096
[2026-05-26 12:37:58.507] [info] DRAM: Idle 82.60%
[2026-05-26 12:37:58.561] [info] Core [0] : MatMul active cycle 35 Vector active cycle 0 
[2026-05-26 12:37:58.561] [info] Core [0] : issued tile 0 
[2026-05-26 12:37:58.561] [info] Core [0] : Memory unit idle cycle 499 Systolic bubble cycle 568960 Core idle cycle 431 
[2026-05-26 12:37:58.561] [info] Core [0] : PE Utilization(%) 0.05, Systolic Bubble(%) 6.95, Vector Unit Utilization(%) 0.00, Total cycle: 74500
[2026-05-26 12:37:58.561] [debug] Core [1] : MatMul active cycle 49 Vector active cycle 0 
[2026-05-26 12:37:58.561] [debug] Core [1] : issued tile 1 
[2026-05-26 12:37:58.561] [debug] Core [1] : Memory unit idle cycle 240 Systolic bubble cycle 796544 Core idle cycle 28 
[2026-05-26 12:37:58.561] [debug] Core [1] : PE Utilization(%) 0.08, Systolic Bubble(%) 9.72, Vector Unit Utilization(%) 0.00, Total cycle: 74500
[2026-05-26 12:37:58.561] [debug] Core [2] : MatMul active cycle 44 Vector active cycle 4 
[2026-05-26 12:37:58.561] [debug] Core [2] : issued tile 1 
[2026-05-26 12:37:58.561] [debug] Core [2] : Memory unit idle cycle 282 Systolic bubble cycle 715264 Core idle cycle 0 
[2026-05-26 12:37:58.561] [debug] Core [2] : PE Utilization(%) 0.07, Systolic Bubble(%) 8.73, Vector Unit Utilization(%) 0.80, Total cycle: 74500
[2026-05-26 12:37:58.561] [debug] Core [3] : MatMul active cycle 28 Vector active cycle 0 
[2026-05-26 12:37:58.561] [debug] Core [3] : issued tile 0 
[2026-05-26 12:37:58.561] [debug] Core [3] : Memory unit idle cycle 499 Systolic bubble cycle 455168 Core idle cycle 453 
[2026-05-26 12:37:58.561] [debug] Core [3] : PE Utilization(%) 0.04, Systolic Bubble(%) 5.56, Vector Unit Utilization(%) 0.00, Total cycle: 74500
[2026-05-26 12:37:58.568] [info] DRAM: Idle 0.00%
[2026-05-26 12:37:58.584] [info] DRAM: Idle 60.60%
[2026-05-26 12:37:58.584] [info] Core [0] : MatMul active cycle 0 Vector active cycle 0 
[2026-05-26 12:37:58.584] [info] Core [0] : issued tile 0 
[2026-05-26 12:37:58.584] [info] Core [0] : Memory unit idle cycle 500 Systolic bubble cycle 0 Core idle cycle 500 
[2026-05-26 12:37:58.584] [info] Core [0] : PE Utilization(%) 0.00, Systolic Bubble(%) 0.00, Vector Unit Utilization(%) 0.00, Total cycle: 75000
[2026-05-26 12:37:58.584] [debug] Core [1] : MatMul active cycle 273 Vector active cycle 0 
[2026-05-26 12:37:58.584] [debug] Core [1] : issued tile 1 
[2026-05-26 12:37:58.584] [debug] Core [1] : Memory unit idle cycle 500 Systolic bubble cycle 292608 Core idle cycle 0 
[2026-05-26 12:37:58.584] [debug] Core [1] : PE Utilization(%) 0.03, Systolic Bubble(%) 3.57, Vector Unit Utilization(%) 0.00, Total cycle: 75000
[2026-05-26 12:37:58.584] [debug] Core [2] : MatMul active cycle 302 Vector active cycle 0 
[2026-05-26 12:37:58.584] [debug] Core [2] : issued tile 1 
[2026-05-26 12:37:58.584] [debug] Core [2] : Memory unit idle cycle 500 Systolic bubble cycle 765160 Core idle cycle 0 
[2026-05-26 12:37:58.584] [debug] Core [2] : PE Utilization(%) 0.06, Systolic Bubble(%) 9.34, Vector Unit Utilization(%) 0.00, Total cycle: 75000
[2026-05-26 12:37:58.584] [debug] Core [3] : MatMul active cycle 0 Vector active cycle 0 
[2026-05-26 12:37:58.584] [debug] Core [3] : issued tile 0 
[2026-05-26 12:37:58.584] [debug] Core [3] : Memory unit idle cycle 500 Systolic bubble cycle 0 Core idle cycle 500 
[2026-05-26 12:37:58.584] [debug] Core [3] : PE Utilization(%) 0.00, Systolic Bubble(%) 0.00, Vector Unit Utilization(%) 0.00, Total cycle: 75000
[2026-05-26 12:37:58.586] [info] DRAM: Idle 100.00%
[2026-05-26 12:37:58.587] [info] Core [0] : MatMul active cycle 0 Vector active cycle 0 
[2026-05-26 12:37:58.587] [info] Core [0] : issued tile 0 
[2026-05-26 12:37:58.587] [info] Core [0] : Memory unit idle cycle 500 Systolic bubble cycle 0 Core idle cycle 500 
[2026-05-26 12:37:58.587] [info] Core [0] : PE Utilization(%) 0.00, Systolic Bubble(%) 0.00, Vector Unit Utilization(%) 0.00, Total cycle: 75500
[2026-05-26 12:37:58.587] [debug] Core [1] : MatMul active cycle 500 Vector active cycle 0 
[2026-05-26 12:37:58.587] [debug] Core [1] : issued tile 1 
[2026-05-26 12:37:58.587] [debug] Core [1] : Memory unit idle cycle 500 Systolic bubble cycle 8128000 Core idle cycle 0 
[2026-05-26 12:37:58.587] [debug] Core [1] : PE Utilization(%) 0.78, Systolic Bubble(%) 99.22, Vector Unit Utilization(%) 0.00, Total cycle: 75500
[2026-05-26 12:37:58.587] [debug] Core [2] : MatMul active cycle 500 Vector active cycle 0 
[2026-05-26 12:37:58.587] [debug] Core [2] : issued tile 1 
[2026-05-26 12:37:58.587] [debug] Core [2] : Memory unit idle cycle 500 Systolic bubble cycle 8140000 Core idle cycle 0 
[2026-05-26 12:37:58.587] [debug] Core [2] : PE Utilization(%) 0.63, Systolic Bubble(%) 99.37, Vector Unit Utilization(%) 0.00, Total cycle: 75500
[2026-05-26 12:37:58.587] [debug] Core [3] : MatMul active cycle 0 Vector active cycle 0 
[2026-05-26 12:37:58.587] [debug] Core [3] : issued tile 0 
[2026-05-26 12:37:58.587] [debug] Core [3] : Memory unit idle cycle 500 Systolic bubble cycle 0 Core idle cycle 500 
[2026-05-26 12:37:58.587] [debug] Core [3] : PE Utilization(%) 0.00, Systolic Bubble(%) 0.00, Vector Unit Utilization(%) 0.00, Total cycle: 75500
[2026-05-26 12:37:58.588] [debug] Layer 286 Core 2 Finish Tile at 75597 Remain tile 2
[2026-05-26 12:37:58.588] [debug] Layer 286 Core 1 Finish Tile at 75626 Remain tile 1
[2026-05-26 12:37:58.588] [info] Layer layer0.ffn.fc2 finish at 75626
[2026-05-26 12:37:58.588] [info] Total compute time 1531
[2026-05-26 12:37:58.588] [info] executable layer count 1
[2026-05-26 12:37:58.588] [info] Start layer layer0.ffn.ln
[2026-05-26 12:37:58.588] [debug] Layer layer0.ffn.ln Core 3 Get Tile at 75626
[2026-05-26 12:37:58.589] [debug] Layer 288 Core 3 Finish Tile at 75670 Remain tile 1
[2026-05-26 12:37:58.589] [info] Layer layer0.ffn.ln finish at 75670
[2026-05-26 12:37:58.589] [info] Total compute time 44
[2026-05-26 12:37:58.589] [info] Model[tiny_transformer] Request: 69 us, Start: 69 us, finish:75 us, Current Cycle:75670
[2026-05-26 12:37:58.589] [info] No total_seq_len!
[2026-05-26 12:37:58.589] [info] Total Memory Usage: 0.01 GB
[2026-05-26 12:37:58.589] [info] Weight Memory Usage: 0.01 GB
[2026-05-26 12:37:58.589] [info] KV Memory Usage: 0.00 GB
[2026-05-26 12:37:58.589] [info] Activation Memory Usage: 0.00 GB
[2026-05-26 12:37:58.589] [debug] [Gemm] input_shape: [1, 232]
[2026-05-26 12:37:58.589] [debug] [Gemm] output_shape : [1, 696]
[2026-05-26 12:37:58.589] [info] [GEMM] spad_size: 33554432 accum_size: 4194304
[2026-05-26 12:37:58.589] [info] [GEMM] required_sram_size: 131072 required_accum_size: 32768
[2026-05-26 12:37:58.589] [info] [GEMM] Used mapping: Total N:1 C:232 M:696 | Outer N:1 C:1 M:6 | Inner N:128 C:256 M:128
[2026-05-26 12:37:58.590] [info] [GemmWs] Keys K = 232, N = 1, M = 696
[2026-05-26 12:37:58.590] [info] [GemmWS]: total 0.00032364 GFLOPs, 0.000326192 GB
[2026-05-26 12:37:58.590] [info] [GemmWS]: Theoretical time(ms): 0.0005312573421178968 Compute time: 2.469177307062864e-06 Memory time: 0.0005312573421178968
[2026-05-26 12:37:58.590] [debug] [KVCacheConcat] input_token_lengths: [1]
[2026-05-26 12:37:58.590] [debug] [KVCacheConcat] number of tiles: 1
[2026-05-26 12:37:58.590] [info] [Attention] total_spad_size_per_head: 17748 B
[2026-05-26 12:37:58.590] [info] [Attention] total_acc_size_per_head: 152 B
[2026-05-26 12:37:58.590] [info] [Attention] q_len: 1, seq_len: 76, dk: 58, heads per tile 1
[2026-05-26 12:37:58.590] [info] [Attention] Spad size 16777216
[2026-05-26 12:37:58.590] [info] [Attention] Accum spad size 2097152
[2026-05-26 12:37:58.590] [info] Mapping info Total Loop: N4 C58 M76 S1 R1 Q1 P1 Tile Out Loop: N4 C1 M1 S1 R1 Q1 P1 Tile In Loop: N1 C58 M76 S1 R1 Q1 P1
[2026-05-26 12:37:58.591] [info] [Attention] QK 3.5264e-05 GFLOPs
[2026-05-26 12:37:58.591] [info] [Attention] total 7.356801e-05 GFLOPs, 7.1456e-05 GB
[2026-05-26 12:37:58.591] [info] [Attention] Theoretical time(ms): 0.00011637786 Compute time: 9.091797e-07 Memory time: 0.00011637786
[2026-05-26 12:37:58.591] [info] [Attention] QK compute 0.0000ms Softmax compute 0.0000ms SV compute 0.0000ms
[2026-05-26 12:37:58.591] [debug] [Gemm] input_shape: [1, 232]
[2026-05-26 12:37:58.591] [debug] [Gemm] output_shape : [1, 232]
[2026-05-26 12:37:58.591] [info] [GEMM] spad_size: 33554432 accum_size: 4194304
[2026-05-26 12:37:58.591] [info] [GEMM] required_sram_size: 131072 required_accum_size: 32768
[2026-05-26 12:37:58.591] [info] [GEMM] Used mapping: Total N:1 C:232 M:232 | Outer N:1 C:1 M:2 | Inner N:128 C:256 M:128
[2026-05-26 12:37:58.591] [info] [GemmWs] Keys K = 232, N = 1, M = 232
[2026-05-26 12:37:58.592] [info] [GemmWS]: total 0.00010787999 GFLOPs, 0.000109040004 GB
[2026-05-26 12:37:58.592] [info] [GemmWS]: Theoretical time(ms): 0.00017758958392732893 Compute time: 8.230590098357027e-07 Memory time: 0.00017758958392732893
[2026-05-26 12:37:58.592] [info] [SkipLayerNorm] tokens_per_tile: 1
[2026-05-26 12:37:58.592] [debug] [Gemm] input_shape: [1, 232]
[2026-05-26 12:37:58.592] [debug] [Gemm] output_shape : [1, 512]
[2026-05-26 12:37:58.592] [info] [GEMM] spad_size: 33554432 accum_size: 4194304
[2026-05-26 12:37:58.592] [info] [GEMM] required_sram_size: 131072 required_accum_size: 32768
[2026-05-26 12:37:58.592] [info] [GEMM] Used mapping: Total N:1 C:232 M:512 | Outer N:1 C:1 M:4 | Inner N:128 C:256 M:128
[2026-05-26 12:37:58.592] [info] [GemmWs] Keys K = 232, N = 1, M = 512
[2026-05-26 12:37:58.592] [info] [GemmWS]: total 0.000237568 GFLOPs, 0.000239056 GB
[2026-05-26 12:37:58.592] [info] [GemmWS]: Theoretical time(ms): 0.0003893420057465846 Compute time: 1.81250003894462e-06 Memory time: 0.0003893420057465846
[2026-05-26 12:37:58.592] [info] [BiasAct] tokens_per_tile: 1
[2026-05-26 12:37:58.592] [debug] [Gemm] input_shape: [1, 512]
[2026-05-26 12:37:58.592] [debug] [Gemm] output_shape : [1, 232]
[2026-05-26 12:37:58.592] [info] [GEMM] spad_size: 33554432 accum_size: 4194304
[2026-05-26 12:37:58.592] [info] [GEMM] required_sram_size: 262144 required_accum_size: 32768
[2026-05-26 12:37:58.592] [info] [GEMM] Used mapping: Total N:1 C:512 M:232 | Outer N:1 C:1 M:2 | Inner N:128 C:512 M:128
[2026-05-26 12:37:58.593] [info] [GemmWs] Keys K = 512, N = 1, M = 232
[2026-05-26 12:37:58.593] [info] [GemmWS]: total 0.00023779999 GFLOPs, 0.00023952 GB
[2026-05-26 12:37:58.593] [info] [GemmWS]: Theoretical time(ms): 0.00039009771057862963 Compute time: 1.8142699564904774e-06 Memory time: 0.00039009771057862963
[2026-05-26 12:37:58.593] [info] [SkipLayerNorm] tokens_per_tile: 1
[2026-05-26 12:37:58.593] [debug] runnable op, 
[2026-05-26 12:37:58.593] [info]  Model initialization time: 0.004812 seconds
[2026-05-26 12:37:58.593] [info] Schedule model: tiny_transformer at 75672000 us
[2026-05-26 12:37:58.593] [info] MODEL tiny_transformer Scheduled, Total Request: 1
[2026-05-26 12:37:58.593] [info] executable layer count 1
[2026-05-26 12:37:58.593] [info] Start layer layer0.attn.QKVgen
[2026-05-26 12:37:58.593] [debug] Layer layer0.attn.QKVgen Core 0 Get Tile at 75671
[2026-05-26 12:37:58.593] [debug] Layer layer0.attn.QKVgen Core 1 Get Tile at 75671
[2026-05-26 12:37:58.593] [debug] Layer layer0.attn.QKVgen Core 2 Get Tile at 75671
[2026-05-26 12:37:58.593] [debug] Layer layer0.attn.QKVgen Core 3 Get Tile at 75671
[2026-05-26 12:37:58.593] [debug] Layer layer0.attn.QKVgen Core 0 Get Tile at 75672
[2026-05-26 12:37:58.593] [debug] Layer layer0.attn.QKVgen Core 3 Get Tile at 75672
[2026-05-26 12:37:58.622] [info] DRAM: Idle 62.00%
[2026-05-26 12:37:58.667] [info] Core [0] : MatMul active cycle 0 Vector active cycle 0 
[2026-05-26 12:37:58.667] [info] Core [0] : issued tile 2 
[2026-05-26 12:37:58.667] [info] Core [0] : Memory unit idle cycle 330 Systolic bubble cycle 0 Core idle cycle 171 
[2026-05-26 12:37:58.667] [info] Core [0] : PE Utilization(%) 0.00, Systolic Bubble(%) 0.00, Vector Unit Utilization(%) 0.00, Total cycle: 76000
[2026-05-26 12:37:58.667] [debug] Core [1] : MatMul active cycle 124 Vector active cycle 0 
[2026-05-26 12:37:58.667] [debug] Core [1] : issued tile 1 
[2026-05-26 12:37:58.667] [debug] Core [1] : Memory unit idle cycle 381 Systolic bubble cycle 2015744 Core idle cycle 28 
[2026-05-26 12:37:58.667] [debug] Core [1] : PE Utilization(%) 0.19, Systolic Bubble(%) 24.61, Vector Unit Utilization(%) 0.00, Total cycle: 76000
[2026-05-26 12:37:58.667] [debug] Core [2] : MatMul active cycle 95 Vector active cycle 0 
[2026-05-26 12:37:58.667] [debug] Core [2] : issued tile 1 
[2026-05-26 12:37:58.667] [debug] Core [2] : Memory unit idle cycle 381 Systolic bubble cycle 1546600 Core idle cycle 42 
[2026-05-26 12:37:58.667] [debug] Core [2] : PE Utilization(%) 0.12, Systolic Bubble(%) 18.88, Vector Unit Utilization(%) 0.00, Total cycle: 76000
[2026-05-26 12:37:58.667] [debug] Core [3] : MatMul active cycle 0 Vector active cycle 12 
[2026-05-26 12:37:58.667] [debug] Core [3] : issued tile 2 
[2026-05-26 12:37:58.667] [debug] Core [3] : Memory unit idle cycle 261 Systolic bubble cycle 0 Core idle cycle 126 
[2026-05-26 12:37:58.667] [debug] Core [3] : PE Utilization(%) 0.00, Systolic Bubble(%) 0.00, Vector Unit Utilization(%) 2.40, Total cycle: 76000
[2026-05-26 12:37:58.710] [info] DRAM: Idle 0.00%
[2026-05-26 12:37:58.732] [info] Core [0] : MatMul active cycle 168 Vector active cycle 0 
[2026-05-26 12:37:58.732] [info] Core [0] : issued tile 2 
[2026-05-26 12:37:58.732] [info] Core [0] : Memory unit idle cycle 500 Systolic bubble cycle 0 Core idle cycle 0 
[2026-05-26 12:37:58.732] [info] Core [0] : PE Utilization(%) 0.00, Systolic Bubble(%) 0.00, Vector Unit Utilization(%) 0.00, Total cycle: 76500
[2026-05-26 12:37:58.732] [debug] Core [1] : MatMul active cycle 213 Vector active cycle 0 
[2026-05-26 12:37:58.732] [debug] Core [1] : issued tile 1 
[2026-05-26 12:37:58.732] [debug] Core [1] : Memory unit idle cycle 500 Systolic bubble cycle 0 Core idle cycle 0 
[2026-05-26 12:37:58.732] [debug] Core [1] : PE Utilization(%) 0.00, Systolic Bubble(%) 0.00, Vector Unit Utilization(%) 0.00, Total cycle: 76500
[2026-05-26 12:37:58.732] [debug] Core [2] : MatMul active cycle 232 Vector active cycle 0 
[2026-05-26 12:37:58.732] [debug] Core [2] : issued tile 1 
[2026-05-26 12:37:58.732] [debug] Core [2] : Memory unit idle cycle 500 Systolic bubble cycle 0 Core idle cycle 0 
[2026-05-26 12:37:58.732] [debug] Core [2] : PE Utilization(%) 0.00, Systolic Bubble(%) 0.00, Vector Unit Utilization(%) 0.00, Total cycle: 76500
[2026-05-26 12:37:58.732] [debug] Core [3] : MatMul active cycle 195 Vector active cycle 0 
[2026-05-26 12:37:58.732] [debug] Core [3] : issued tile 2 
[2026-05-26 12:37:58.732] [debug] Core [3] : Memory unit idle cycle 500 Systolic bubble cycle 0 Core idle cycle 0 
[2026-05-26 12:37:58.732] [debug] Core [3] : PE Utilization(%) 0.00, Systolic Bubble(%) 0.00, Vector Unit Utilization(%) 0.00, Total cycle: 76500
[2026-05-26 12:37:58.733] [info] DRAM: Idle 49.80%
[2026-05-26 12:37:58.735] [debug] Layer 293 Core 2 Finish Tile at 76911 Remain tile 6
[2026-05-26 12:37:58.735] [debug] Layer 293 Core 1 Finish Tile at 76930 Remain tile 5
[2026-05-26 12:37:58.735] [debug] Layer 293 Core 3 Finish Tile at 76948 Remain tile 4
[2026-05-26 12:37:58.735] [debug] Layer 293 Core 0 Finish Tile at 76975 Remain tile 3
[2026-05-26 12:37:58.735] [info] Core [0] : MatMul active cycle 500 Vector active cycle 0 
[2026-05-26 12:37:58.735] [info] Core [0] : issued tile 1 
[2026-05-26 12:37:58.735] [info] Core [0] : Memory unit idle cycle 499 Systolic bubble cycle 6715672 Core idle cycle 0 
[2026-05-26 12:37:58.735] [info] Core [0] : PE Utilization(%) 0.62, Systolic Bubble(%) 81.98, Vector Unit Utilization(%) 0.00, Total cycle: 77000
[2026-05-26 12:37:58.735] [debug] Core [1] : MatMul active cycle 428 Vector active cycle 0 
[2026-05-26 12:37:58.735] [debug] Core [1] : issued tile 0 
[2026-05-26 12:37:58.735] [debug] Core [1] : Memory unit idle cycle 499 Systolic bubble cycle 6274816 Core idle cycle 53 
[2026-05-26 12:37:58.735] [debug] Core [1] : PE Utilization(%) 0.60, Systolic Bubble(%) 76.60, Vector Unit Utilization(%) 0.00, Total cycle: 77000
[2026-05-26 12:37:58.735] [debug] Core [2] : MatMul active cycle 409 Vector active cycle 0 
[2026-05-26 12:37:58.735] [debug] Core [2] : issued tile 0 
[2026-05-26 12:37:58.735] [debug] Core [2] : Memory unit idle cycle 499 Systolic bubble cycle 6274816 Core idle cycle 72 
[2026-05-26 12:37:58.735] [debug] Core [2] : PE Utilization(%) 0.60, Systolic Bubble(%) 76.60, Vector Unit Utilization(%) 0.00, Total cycle: 77000
[2026-05-26 12:37:58.735] [debug] Core [3] : MatMul active cycle 500 Vector active cycle 0 
[2026-05-26 12:37:58.735] [debug] Core [3] : issued tile 1 
[2026-05-26 12:37:58.735] [debug] Core [3] : Memory unit idle cycle 499 Systolic bubble cycle 7152640 Core idle cycle 0 
[2026-05-26 12:37:58.735] [debug] Core [3] : PE Utilization(%) 0.69, Systolic Bubble(%) 87.31, Vector Unit Utilization(%) 0.00, Total cycle: 77000
[2026-05-26 12:37:58.736] [info] DRAM: Idle 95.40%
[2026-05-26 12:37:58.737] [debug] Layer 293 Core 3 Finish Tile at 77204 Remain tile 2
[2026-05-26 12:37:58.737] [debug] Layer 293 Core 0 Finish Tile at 77231 Remain tile 1
[2026-05-26 12:37:58.737] [info] Layer layer0.attn.QKVgen finish at 77231
[2026-05-26 12:37:58.737] [info] Total compute time 1560
[2026-05-26 12:37:58.737] [info] executable layer count 1
[2026-05-26 12:37:58.737] [info] Start layer layer0.attn.KVccat
[2026-05-26 12:37:58.737] [debug] Layer layer0.attn.KVccat Core 0 Get Tile at 77231
[2026-05-26 12:37:58.737] [debug] Layer 295 Core 0 Finish Tile at 77232 Remain tile 1
[2026-05-26 12:37:58.737] [info] Layer layer0.attn.KVccat finish at 77232
[2026-05-26 12:37:58.737] [info] Total compute time 1
[2026-05-26 12:37:58.737] [info] executable layer count 1
[2026-05-26 12:37:58.737] [info] Start layer layer0.attn.Attention.0
[2026-05-26 12:37:58.737] [debug] Layer layer0.attn.Attention.0 Core 0 Get Tile at 77232
[2026-05-26 12:37:58.737] [debug] Layer layer0.attn.Attention.0 Core 1 Get Tile at 77232
[2026-05-26 12:37:58.737] [debug] Layer layer0.attn.Attention.0 Core 2 Get Tile at 77232
[2026-05-26 12:37:58.737] [debug] Layer layer0.attn.Attention.0 Core 3 Get Tile at 77232
[2026-05-26 12:37:58.769] [info] DRAM: Idle 45.00%
[2026-05-26 12:37:58.769] [info] Core [0] : MatMul active cycle 310 Vector active cycle 0 
[2026-05-26 12:37:58.769] [info] Core [0] : issued tile 1 
[2026-05-26 12:37:58.769] [info] Core [0] : Memory unit idle cycle 464 Systolic bubble cycle 3739112 Core idle cycle 0 
[2026-05-26 12:37:58.769] [info] Core [0] : PE Utilization(%) 0.16, Systolic Bubble(%) 45.64, Vector Unit Utilization(%) 0.00, Total cycle: 77500
[2026-05-26 12:37:58.769] [debug] Core [1] : MatMul active cycle 45 Vector active cycle 0 
[2026-05-26 12:37:58.769] [debug] Core [1] : issued tile 1 
[2026-05-26 12:37:58.769] [debug] Core [1] : Memory unit idle cycle 465 Systolic bubble cycle 0 Core idle cycle 232 
[2026-05-26 12:37:58.769] [debug] Core [1] : PE Utilization(%) 0.00, Systolic Bubble(%) 0.00, Vector Unit Utilization(%) 0.00, Total cycle: 77500
[2026-05-26 12:37:58.769] [debug] Core [2] : MatMul active cycle 37 Vector active cycle 0 
[2026-05-26 12:37:58.769] [debug] Core [2] : issued tile 1 
[2026-05-26 12:37:58.769] [debug] Core [2] : Memory unit idle cycle 465 Systolic bubble cycle 0 Core idle cycle 232 
[2026-05-26 12:37:58.769] [debug] Core [2] : PE Utilization(%) 0.00, Systolic Bubble(%) 0.00, Vector Unit Utilization(%) 0.00, Total cycle: 77500
[2026-05-26 12:37:58.769] [debug] Core [3] : MatMul active cycle 227 Vector active cycle 0 
[2026-05-26 12:37:58.769] [debug] Core [3] : issued tile 1 
[2026-05-26 12:37:58.769] [debug] Core [3] : Memory unit idle cycle 464 Systolic bubble cycle 3283712 Core idle cycle 11 
[2026-05-26 12:37:58.769] [debug] Core [3] : PE Utilization(%) 0.32, Systolic Bubble(%) 40.08, Vector Unit Utilization(%) 0.00, Total cycle: 77500
[2026-05-26 12:37:58.772] [info] DRAM: Idle 99.20%
[2026-05-26 12:37:58.773] [info] Core [0] : MatMul active cycle 485 Vector active cycle 16 
[2026-05-26 12:37:58.773] [info] Core [0] : issued tile 1 
[2026-05-26 12:37:58.773] [info] Core [0] : Memory unit idle cycle 500 Systolic bubble cycle 4207464 Core idle cycle 0 
[2026-05-26 12:37:58.773] [info] Core [0] : PE Utilization(%) 0.24, Systolic Bubble(%) 51.36, Vector Unit Utilization(%) 3.20, Total cycle: 78000
[2026-05-26 12:37:58.773] [debug] Core [1] : MatMul active cycle 485 Vector active cycle 16 
[2026-05-26 12:37:58.773] [debug] Core [1] : issued tile 1 
[2026-05-26 12:37:58.773] [debug] Core [1] : Memory unit idle cycle 500 Systolic bubble cycle 4207464 Core idle cycle 0 
[2026-05-26 12:37:58.773] [debug] Core [1] : PE Utilization(%) 0.24, Systolic Bubble(%) 51.36, Vector Unit Utilization(%) 3.20, Total cycle: 78000
[2026-05-26 12:37:58.773] [debug] Core [2] : MatMul active cycle 485 Vector active cycle 16 
[2026-05-26 12:37:58.773] [debug] Core [2] : issued tile 1 
[2026-05-26 12:37:58.773] [debug] Core [2] : Memory unit idle cycle 500 Systolic bubble cycle 4207464 Core idle cycle 0 
[2026-05-26 12:37:58.773] [debug] Core [2] : PE Utilization(%) 0.24, Systolic Bubble(%) 51.36, Vector Unit Utilization(%) 3.20, Total cycle: 78000
[2026-05-26 12:37:58.773] [debug] Core [3] : MatMul active cycle 488 Vector active cycle 12 
[2026-05-26 12:37:58.773] [debug] Core [3] : issued tile 1 
[2026-05-26 12:37:58.773] [debug] Core [3] : Memory unit idle cycle 500 Systolic bubble cycle 4207464 Core idle cycle 0 
[2026-05-26 12:37:58.773] [debug] Core [3] : PE Utilization(%) 0.24, Systolic Bubble(%) 51.36, Vector Unit Utilization(%) 2.40, Total cycle: 78000
[2026-05-26 12:37:58.775] [info] DRAM: Idle 100.00%
[2026-05-26 12:37:58.776] [debug] Layer 299 Core 0 Finish Tile at 78464 Remain tile 4
[2026-05-26 12:37:58.776] [info] Core [0] : MatMul active cycle 460 Vector active cycle 2 
[2026-05-26 12:37:58.776] [info] Core [0] : issued tile 0 
[2026-05-26 12:37:58.776] [info] Core [0] : Memory unit idle cycle 499 Systolic bubble cycle 4212108 Core idle cycle 19 
[2026-05-26 12:37:58.776] [info] Core [0] : PE Utilization(%) 0.18, Systolic Bubble(%) 51.42, Vector Unit Utilization(%) 0.40, Total cycle: 78500
[2026-05-26 12:37:58.776] [debug] Core [1] : MatMul active cycle 496 Vector active cycle 2 
[2026-05-26 12:37:58.776] [debug] Core [1] : issued tile 0 
[2026-05-26 12:37:58.776] [debug] Core [1] : Memory unit idle cycle 499 Systolic bubble cycle 4212108 Core idle cycle 0 
[2026-05-26 12:37:58.776] [debug] Core [1] : PE Utilization(%) 0.18, Systolic Bubble(%) 51.42, Vector Unit Utilization(%) 0.40, Total cycle: 78500
[2026-05-26 12:37:58.776] [debug] Core [2] : MatMul active cycle 500 Vector active cycle 0 
[2026-05-26 12:37:58.776] [debug] Core [2] : issued tile 1 
[2026-05-26 12:37:58.776] [debug] Core [2] : Memory unit idle cycle 500 Systolic bubble cycle 4146804 Core idle cycle 0 
[2026-05-26 12:37:58.776] [debug] Core [2] : PE Utilization(%) 0.18, Systolic Bubble(%) 50.62, Vector Unit Utilization(%) 0.00, Total cycle: 78500
[2026-05-26 12:37:58.776] [debug] Core [3] : MatMul active cycle 497 Vector active cycle 4 
[2026-05-26 12:37:58.776] [debug] Core [3] : issued tile 1 
[2026-05-26 12:37:58.776] [debug] Core [3] : Memory unit idle cycle 500 Systolic bubble cycle 3950892 Core idle cycle 0 
[2026-05-26 12:37:58.776] [debug] Core [3] : PE Utilization(%) 0.17, Systolic Bubble(%) 48.23, Vector Unit Utilization(%) 0.80, Total cycle: 78500
[2026-05-26 12:37:58.776] [debug] Layer 299 Core 1 Finish Tile at 78500 Remain tile 3
[2026-05-26 12:37:58.776] [debug] Layer 299 Core 2 Finish Tile at 78508 Remain tile 2
[2026-05-26 12:37:58.776] [debug] Layer 299 Core 3 Finish Tile at 78520 Remain tile 1
[2026-05-26 12:37:58.776] [info] Layer layer0.attn.Attention.0 finish at 78520
[2026-05-26 12:37:58.776] [info] Total compute time 1288
[2026-05-26 12:37:58.776] [info] executable layer count 1
[2026-05-26 12:37:58.776] [info] Start layer layer0.attn.Atccat
[2026-05-26 12:37:58.776] [debug] Layer layer0.attn.Atccat Core 1 Get Tile at 78521
[2026-05-26 12:37:58.776] [debug] Layer 301 Core 1 Finish Tile at 78522 Remain tile 1
[2026-05-26 12:37:58.776] [info] Layer layer0.attn.Atccat finish at 78522
[2026-05-26 12:37:58.776] [info] Total compute time 2
[2026-05-26 12:37:58.776] [info] executable layer count 1
[2026-05-26 12:37:58.776] [info] Start layer layer0.attn.proj
[2026-05-26 12:37:58.776] [debug] Layer layer0.attn.proj Core 3 Get Tile at 78522
[2026-05-26 12:37:58.776] [debug] Layer layer0.attn.proj Core 0 Get Tile at 78523
[2026-05-26 12:37:58.803] [info] DRAM: Idle 54.00%
[2026-05-26 12:37:58.812] [info] Core [0] : MatMul active cycle 184 Vector active cycle 0 
[2026-05-26 12:37:58.812] [info] Core [0] : issued tile 1 
[2026-05-26 12:37:58.812] [info] Core [0] : Memory unit idle cycle 403 Systolic bubble cycle 0 Core idle cycle 23 
[2026-05-26 12:37:58.812] [info] Core [0] : PE Utilization(%) 0.00, Systolic Bubble(%) 0.00, Vector Unit Utilization(%) 0.00, Total cycle: 79000
[2026-05-26 12:37:58.812] [debug] Core [1] : MatMul active cycle 0 Vector active cycle 0 
[2026-05-26 12:37:58.812] [debug] Core [1] : issued tile 0 
[2026-05-26 12:37:58.812] [debug] Core [1] : Memory unit idle cycle 500 Systolic bubble cycle 0 Core idle cycle 483 
[2026-05-26 12:37:58.812] [debug] Core [1] : PE Utilization(%) 0.00, Systolic Bubble(%) 0.00, Vector Unit Utilization(%) 0.00, Total cycle: 79000
[2026-05-26 12:37:58.812] [debug] Core [2] : MatMul active cycle 4 Vector active cycle 2 
[2026-05-26 12:37:58.812] [debug] Core [2] : issued tile 0 
[2026-05-26 12:37:58.812] [debug] Core [2] : Memory unit idle cycle 499 Systolic bubble cycle 65304 Core idle cycle 475 
[2026-05-26 12:37:58.812] [debug] Core [2] : PE Utilization(%) 0.00, Systolic Bubble(%) 0.80, Vector Unit Utilization(%) 0.40, Total cycle: 79000
[2026-05-26 12:37:58.812] [debug] Core [3] : MatMul active cycle 192 Vector active cycle 2 
[2026-05-26 12:37:58.812] [debug] Core [3] : issued tile 1 
[2026-05-26 12:37:58.812] [debug] Core [3] : Memory unit idle cycle 381 Systolic bubble cycle 261216 Core idle cycle 0 
[2026-05-26 12:37:58.812] [debug] Core [3] : PE Utilization(%) 0.01, Systolic Bubble(%) 3.19, Vector Unit Utilization(%) 0.40, Total cycle: 79000
[2026-05-26 12:37:58.813] [info] DRAM: Idle 77.00%
[2026-05-26 12:37:58.815] [debug] Layer 303 Core 0 Finish Tile at 79459 Remain tile 2
[2026-05-26 12:37:58.815] [debug] Layer 303 Core 3 Finish Tile at 79467 Remain tile 1
[2026-05-26 12:37:58.815] [info] Layer layer0.attn.proj finish at 79467
[2026-05-26 12:37:58.815] [info] Total compute time 945
[2026-05-26 12:37:58.815] [info] executable layer count 1
[2026-05-26 12:37:58.815] [info] Start layer layer0.attn.ln
[2026-05-26 12:37:58.815] [debug] Layer layer0.attn.ln Core 2 Get Tile at 79468
[2026-05-26 12:37:58.816] [info] Core [0] : MatMul active cycle 457 Vector active cycle 0 
[2026-05-26 12:37:58.816] [info] Core [0] : issued tile 0 
[2026-05-26 12:37:58.816] [info] Core [0] : Memory unit idle cycle 499 Systolic bubble cycle 6284080 Core idle cycle 9 
[2026-05-26 12:37:58.816] [info] Core [0] : PE Utilization(%) 0.49, Systolic Bubble(%) 76.71, Vector Unit Utilization(%) 0.00, Total cycle: 79500
[2026-05-26 12:37:58.816] [debug] Core [1] : MatMul active cycle 0 Vector active cycle 0 
[2026-05-26 12:37:58.816] [debug] Core [1] : issued tile 0 
[2026-05-26 12:37:58.816] [debug] Core [1] : Memory unit idle cycle 500 Systolic bubble cycle 0 Core idle cycle 500 
[2026-05-26 12:37:58.816] [debug] Core [1] : PE Utilization(%) 0.00, Systolic Bubble(%) 0.00, Vector Unit Utilization(%) 0.00, Total cycle: 79500
[2026-05-26 12:37:58.816] [debug] Core [2] : MatMul active cycle 0 Vector active cycle 0 
[2026-05-26 12:37:58.816] [debug] Core [2] : issued tile 1 
[2026-05-26 12:37:58.816] [debug] Core [2] : Memory unit idle cycle 498 Systolic bubble cycle 0 Core idle cycle 468 
[2026-05-26 12:37:58.816] [debug] Core [2] : PE Utilization(%) 0.00, Systolic Bubble(%) 0.00, Vector Unit Utilization(%) 0.00, Total cycle: 79500
[2026-05-26 12:37:58.816] [debug] Core [3] : MatMul active cycle 465 Vector active cycle 0 
[2026-05-26 12:37:58.816] [debug] Core [3] : issued tile 0 
[2026-05-26 12:37:58.816] [debug] Core [3] : Memory unit idle cycle 499 Systolic bubble cycle 6274816 Core idle cycle 16 
[2026-05-26 12:37:58.816] [debug] Core [3] : PE Utilization(%) 0.60, Systolic Bubble(%) 76.60, Vector Unit Utilization(%) 0.00, Total cycle: 79500
[2026-05-26 12:37:58.816] [debug] Layer 305 Core 2 Finish Tile at 79519 Remain tile 1
[2026-05-26 12:37:58.816] [info] Layer layer0.attn.ln finish at 79519
[2026-05-26 12:37:58.816] [info] Total compute time 52
[2026-05-26 12:37:58.816] [info] executable layer count 1
[2026-05-26 12:37:58.816] [info] Start layer layer0.ffn.fc1
[2026-05-26 12:37:58.816] [debug] Layer layer0.ffn.fc1 Core 2 Get Tile at 79519
[2026-05-26 12:37:58.816] [debug] Layer layer0.ffn.fc1 Core 3 Get Tile at 79519
[2026-05-26 12:37:58.816] [debug] Layer layer0.ffn.fc1 Core 0 Get Tile at 79520
[2026-05-26 12:37:58.816] [debug] Layer layer0.ffn.fc1 Core 1 Get Tile at 79520
[2026-05-26 12:37:58.821] [info] DRAM: Idle 85.80%
[2026-05-26 12:37:58.913] [info] DRAM: Idle 0.00%
[2026-05-26 12:37:58.913] [info] HBM2-CH_0: BW utilization 25% (2459 reads, 14 writes)
[2026-05-26 12:37:58.913] [debug] HBM2-CH_1: BW utilization 25% (2453 reads, 13 writes)
[2026-05-26 12:37:58.913] [debug] HBM2-CH_2: BW utilization 25% (2472 reads, 13 writes)
[2026-05-26 12:37:58.913] [debug] HBM2-CH_3: BW utilization 25% (2470 reads, 14 writes)
[2026-05-26 12:37:58.913] [debug] HBM2-CH_4: BW utilization 25% (2474 reads, 13 writes)
[2026-05-26 12:37:58.913] [debug] HBM2-CH_5: BW utilization 25% (2455 reads, 15 writes)
[2026-05-26 12:37:58.913] [debug] HBM2-CH_6: BW utilization 26% (2486 reads, 15 writes)
[2026-05-26 12:37:58.913] [debug] HBM2-CH_7: BW utilization 25% (2473 reads, 12 writes)
[2026-05-26 12:37:58.913] [debug] HBM2-CH_8: BW utilization 25% (2474 reads, 12 writes)
[2026-05-26 12:37:58.913] [debug] HBM2-CH_9: BW utilization 25% (2476 reads, 13 writes)
[2026-05-26 12:37:58.913] [debug] HBM2-CH_10: BW utilization 25% (2462 reads, 14 writes)
[2026-05-26 12:37:58.913] [debug] HBM2-CH_11: BW utilization 25% (2478 reads, 12 writes)
[2026-05-26 12:37:58.913] [debug] HBM2-CH_12: BW utilization 25% (2464 reads, 15 writes)
[2026-05-26 12:37:58.913] [debug] HBM2-CH_13: BW utilization 25% (2473 reads, 14 writes)
[2026-05-26 12:37:58.913] [debug] HBM2-CH_14: BW utilization 26% (2487 reads, 13 writes)
[2026-05-26 12:37:58.913] [debug] HBM2-CH_15: BW utilization 25% (2461 reads, 14 writes)
[2026-05-26 12:37:58.918] [info] Core [0] : MatMul active cycle 0 Vector active cycle 0 
[2026-05-26 12:37:58.918] [info] Core [0] : issued tile 1 
[2026-05-26 12:37:58.918] [info] Core [0] : Memory unit idle cycle 383 Systolic bubble cycle 0 Core idle cycle 20 
[2026-05-26 12:37:58.918] [info] Core [0] : PE Utilization(%) 0.00, Systolic Bubble(%) 0.00, Vector Unit Utilization(%) 0.00, Total cycle: 80000
[2026-05-26 12:37:58.918] [debug] Core [1] : MatMul active cycle 0 Vector active cycle 0 
[2026-05-26 12:37:58.918] [debug] Core [1] : issued tile 1 
[2026-05-26 12:37:58.918] [debug] Core [1] : Memory unit idle cycle 383 Systolic bubble cycle 0 Core idle cycle 20 
[2026-05-26 12:37:58.918] [debug] Core [1] : PE Utilization(%) 0.00, Systolic Bubble(%) 0.00, Vector Unit Utilization(%) 0.00, Total cycle: 80000
[2026-05-26 12:37:58.918] [debug] Core [2] : MatMul active cycle 0 Vector active cycle 12 
[2026-05-26 12:37:58.918] [debug] Core [2] : issued tile 1 
[2026-05-26 12:37:58.918] [debug] Core [2] : Memory unit idle cycle 382 Systolic bubble cycle 0 Core idle cycle 0 
[2026-05-26 12:37:58.918] [debug] Core [2] : PE Utilization(%) 0.00, Systolic Bubble(%) 0.00, Vector Unit Utilization(%) 2.40, Total cycle: 80000
[2026-05-26 12:37:58.918] [debug] Core [3] : MatMul active cycle 0 Vector active cycle 0 
[2026-05-26 12:37:58.918] [debug] Core [3] : issued tile 1 
[2026-05-26 12:37:58.918] [debug] Core [3] : Memory unit idle cycle 383 Systolic bubble cycle 0 Core idle cycle 19 
[2026-05-26 12:37:58.918] [debug] Core [3] : PE Utilization(%) 0.00, Systolic Bubble(%) 0.00, Vector Unit Utilization(%) 0.00, Total cycle: 80000
[2026-05-26 12:37:58.926] [info] DRAM: Idle 69.80%
[2026-05-26 12:37:58.926] [info] Core [0] : MatMul active cycle 414 Vector active cycle 0 
[2026-05-26 12:37:58.926] [info] Core [0] : issued tile 1 
[2026-05-26 12:37:58.926] [info] Core [0] : Memory unit idle cycle 500 Systolic bubble cycle 2584704 Core idle cycle 0 
[2026-05-26 12:37:58.926] [info] Core [0] : PE Utilization(%) 0.25, Systolic Bubble(%) 31.55, Vector Unit Utilization(%) 0.00, Total cycle: 80500
[2026-05-26 12:37:58.926] [debug] Core [1] : MatMul active cycle 397 Vector active cycle 0 
[2026-05-26 12:37:58.926] [debug] Core [1] : issued tile 1 
[2026-05-26 12:37:58.926] [debug] Core [1] : Memory unit idle cycle 500 Systolic bubble cycle 2308352 Core idle cycle 0 
[2026-05-26 12:37:58.926] [debug] Core [1] : PE Utilization(%) 0.22, Systolic Bubble(%) 28.18, Vector Unit Utilization(%) 0.00, Total cycle: 80500
[2026-05-26 12:37:58.926] [debug] Core [2] : MatMul active cycle 398 Vector active cycle 0 
[2026-05-26 12:37:58.926] [debug] Core [2] : issued tile 1 
[2026-05-26 12:37:58.926] [debug] Core [2] : Memory unit idle cycle 500 Systolic bubble cycle 2324608 Core idle cycle 0 
[2026-05-26 12:37:58.926] [debug] Core [2] : PE Utilization(%) 0.22, Systolic Bubble(%) 28.38, Vector Unit Utilization(%) 0.00, Total cycle: 80500
[2026-05-26 12:37:58.926] [debug] Core [3] : MatMul active cycle 423 Vector active cycle 0 
[2026-05-26 12:37:58.926] [debug] Core [3] : issued tile 1 
[2026-05-26 12:37:58.926] [debug] Core [3] : Memory unit idle cycle 500 Systolic bubble cycle 2731008 Core idle cycle 0 
[2026-05-26 12:37:58.926] [debug] Core [3] : PE Utilization(%) 0.26, Systolic Bubble(%) 33.34, Vector Unit Utilization(%) 0.00, Total cycle: 80500
[2026-05-26 12:37:58.928] [debug] Layer 307 Core 3 Finish Tile at 80720 Remain tile 4
[2026-05-26 12:37:58.928] [debug] Layer 307 Core 0 Finish Tile at 80729 Remain tile 3
[2026-05-26 12:37:58.928] [debug] Layer 307 Core 2 Finish Tile at 80745 Remain tile 2
[2026-05-26 12:37:58.928] [debug] Layer 307 Core 1 Finish Tile at 80746 Remain tile 1
[2026-05-26 12:37:58.928] [info] Layer layer0.ffn.fc1 finish at 80746
[2026-05-26 12:37:58.928] [info] Total compute time 1227
[2026-05-26 12:37:58.928] [info] executable layer count 1
[2026-05-26 12:37:58.928] [info] Start layer layer0.ffn.act
[2026-05-26 12:37:58.928] [debug] Layer layer0.ffn.act Core 3 Get Tile at 80746
[2026-05-26 12:37:58.929] [debug] Layer 309 Core 3 Finish Tile at 80792 Remain tile 1
[2026-05-26 12:37:58.929] [info] Layer layer0.ffn.act finish at 80792
[2026-05-26 12:37:58.929] [info] Total compute time 46
[2026-05-26 12:37:58.929] [info] executable layer count 1
[2026-05-26 12:37:58.929] [info] Start layer layer0.ffn.fc2
[2026-05-26 12:37:58.929] [debug] Layer layer0.ffn.fc2 Core 3 Get Tile at 80792
[2026-05-26 12:37:58.929] [debug] Layer layer0.ffn.fc2 Core 0 Get Tile at 80793
[2026-05-26 12:37:58.930] [info] DRAM: Idle 89.40%
[2026-05-26 12:37:58.959] [info] Core [0] : MatMul active cycle 227 Vector active cycle 0 
[2026-05-26 12:37:58.960] [info] Core [0] : issued tile 1 
[2026-05-26 12:37:58.960] [info] Core [0] : Memory unit idle cycle 293 Systolic bubble cycle 3690112 Core idle cycle 39 
[2026-05-26 12:37:58.960] [info] Core [0] : PE Utilization(%) 0.35, Systolic Bubble(%) 45.05, Vector Unit Utilization(%) 0.00, Total cycle: 81000
[2026-05-26 12:37:58.960] [debug] Core [1] : MatMul active cycle 244 Vector active cycle 0 
[2026-05-26 12:37:58.960] [debug] Core [1] : issued tile 0 
[2026-05-26 12:37:58.960] [debug] Core [1] : Memory unit idle cycle 499 Systolic bubble cycle 3966464 Core idle cycle 237 
[2026-05-26 12:37:58.960] [debug] Core [1] : PE Utilization(%) 0.38, Systolic Bubble(%) 48.42, Vector Unit Utilization(%) 0.00, Total cycle: 81000
[2026-05-26 12:37:58.960] [debug] Core [2] : MatMul active cycle 243 Vector active cycle 0 
[2026-05-26 12:37:58.960] [debug] Core [2] : issued tile 0 
[2026-05-26 12:37:58.960] [debug] Core [2] : Memory unit idle cycle 499 Systolic bubble cycle 3950208 Core idle cycle 223 
[2026-05-26 12:37:58.960] [debug] Core [2] : PE Utilization(%) 0.38, Systolic Bubble(%) 48.22, Vector Unit Utilization(%) 0.00, Total cycle: 81000
[2026-05-26 12:37:58.960] [debug] Core [3] : MatMul active cycle 218 Vector active cycle 4 
[2026-05-26 12:37:58.960] [debug] Core [3] : issued tile 1 
[2026-05-26 12:37:58.960] [debug] Core [3] : Memory unit idle cycle 286 Systolic bubble cycle 3543808 Core idle cycle 0 
[2026-05-26 12:37:58.960] [debug] Core [3] : PE Utilization(%) 0.34, Systolic Bubble(%) 43.26, Vector Unit Utilization(%) 0.80, Total cycle: 81000
[2026-05-26 12:37:58.990] [info] DRAM: Idle 0.00%
[2026-05-26 12:37:59.008] [info] Core [0] : MatMul active cycle 118 Vector active cycle 0 
[2026-05-26 12:37:59.008] [info] Core [0] : issued tile 1 
[2026-05-26 12:37:59.008] [info] Core [0] : Memory unit idle cycle 495 Systolic bubble cycle 0 Core idle cycle 0 
[2026-05-26 12:37:59.008] [info] Core [0] : PE Utilization(%) 0.00, Systolic Bubble(%) 0.00, Vector Unit Utilization(%) 0.00, Total cycle: 81500
[2026-05-26 12:37:59.008] [debug] Core [1] : MatMul active cycle 0 Vector active cycle 0 
[2026-05-26 12:37:59.008] [debug] Core [1] : issued tile 0 
[2026-05-26 12:37:59.008] [debug] Core [1] : Memory unit idle cycle 500 Systolic bubble cycle 0 Core idle cycle 500 
[2026-05-26 12:37:59.008] [debug] Core [1] : PE Utilization(%) 0.00, Systolic Bubble(%) 0.00, Vector Unit Utilization(%) 0.00, Total cycle: 81500
[2026-05-26 12:37:59.008] [debug] Core [2] : MatMul active cycle 0 Vector active cycle 0 
[2026-05-26 12:37:59.008] [debug] Core [2] : issued tile 0 
[2026-05-26 12:37:59.008] [debug] Core [2] : Memory unit idle cycle 500 Systolic bubble cycle 0 Core idle cycle 500 
[2026-05-26 12:37:59.008] [debug] Core [2] : PE Utilization(%) 0.00, Systolic Bubble(%) 0.00, Vector Unit Utilization(%) 0.00, Total cycle: 81500
[2026-05-26 12:37:59.008] [debug] Core [3] : MatMul active cycle 88 Vector active cycle 0 
[2026-05-26 12:37:59.008] [debug] Core [3] : issued tile 1 
[2026-05-26 12:37:59.008] [debug] Core [3] : Memory unit idle cycle 448 Systolic bubble cycle 0 Core idle cycle 0 
[2026-05-26 12:37:59.008] [debug] Core [3] : PE Utilization(%) 0.00, Systolic Bubble(%) 0.00, Vector Unit Utilization(%) 0.00, Total cycle: 81500
[2026-05-26 12:37:59.009] [info] DRAM: Idle 55.60%
[2026-05-26 12:37:59.011] [info] Core [0] : MatMul active cycle 500 Vector active cycle 0 
[2026-05-26 12:37:59.011] [info] Core [0] : issued tile 1 
[2026-05-26 12:37:59.011] [info] Core [0] : Memory unit idle cycle 500 Systolic bubble cycle 5909640 Core idle cycle 0 
[2026-05-26 12:37:59.011] [info] Core [0] : PE Utilization(%) 0.46, Systolic Bubble(%) 72.14, Vector Unit Utilization(%) 0.00, Total cycle: 82000
[2026-05-26 12:37:59.011] [debug] Core [1] : MatMul active cycle 0 Vector active cycle 0 
[2026-05-26 12:37:59.011] [debug] Core [1] : issued tile 0 
[2026-05-26 12:37:59.011] [debug] Core [1] : Memory unit idle cycle 500 Systolic bubble cycle 0 Core idle cycle 500 
[2026-05-26 12:37:59.011] [debug] Core [1] : PE Utilization(%) 0.00, Systolic Bubble(%) 0.00, Vector Unit Utilization(%) 0.00, Total cycle: 82000
[2026-05-26 12:37:59.011] [debug] Core [2] : MatMul active cycle 0 Vector active cycle 0 
[2026-05-26 12:37:59.011] [debug] Core [2] : issued tile 0 
[2026-05-26 12:37:59.011] [debug] Core [2] : Memory unit idle cycle 500 Systolic bubble cycle 0 Core idle cycle 500 
[2026-05-26 12:37:59.011] [debug] Core [2] : PE Utilization(%) 0.00, Systolic Bubble(%) 0.00, Vector Unit Utilization(%) 0.00, Total cycle: 82000
[2026-05-26 12:37:59.011] [debug] Core [3] : MatMul active cycle 500 Vector active cycle 0 
[2026-05-26 12:37:59.011] [debug] Core [3] : issued tile 1 
[2026-05-26 12:37:59.011] [debug] Core [3] : Memory unit idle cycle 500 Systolic bubble cycle 5413248 Core idle cycle 0 
[2026-05-26 12:37:59.011] [debug] Core [3] : PE Utilization(%) 0.52, Systolic Bubble(%) 66.08, Vector Unit Utilization(%) 0.00, Total cycle: 82000
[2026-05-26 12:37:59.011] [info] DRAM: Idle 100.00%
[2026-05-26 12:37:59.013] [debug] Layer 311 Core 0 Finish Tile at 82281 Remain tile 2
[2026-05-26 12:37:59.013] [debug] Layer 311 Core 3 Finish Tile at 82311 Remain tile 1
[2026-05-26 12:37:59.013] [info] Layer layer0.ffn.fc2 finish at 82311
[2026-05-26 12:37:59.013] [info] Total compute time 1519
[2026-05-26 12:37:59.013] [info] executable layer count 1
[2026-05-26 12:37:59.013] [info] Start layer layer0.ffn.ln
[2026-05-26 12:37:59.013] [debug] Layer layer0.ffn.ln Core 0 Get Tile at 82312
[2026-05-26 12:37:59.014] [debug] Layer 313 Core 0 Finish Tile at 82356 Remain tile 1
[2026-05-26 12:37:59.014] [info] Layer layer0.ffn.ln finish at 82356
[2026-05-26 12:37:59.014] [info] Total compute time 45
[2026-05-26 12:37:59.014] [info] Model[tiny_transformer] Request: 75 us, Start: 75 us, finish:82 us, Current Cycle:82356
[2026-05-26 12:37:59.014] [info] No total_seq_len!
[2026-05-26 12:37:59.014] [info] Total Memory Usage: 0.01 GB
[2026-05-26 12:37:59.014] [info] Weight Memory Usage: 0.01 GB
[2026-05-26 12:37:59.014] [info] KV Memory Usage: 0.00 GB
[2026-05-26 12:37:59.014] [info] Activation Memory Usage: 0.00 GB
[2026-05-26 12:37:59.014] [debug] [Gemm] input_shape: [1, 232]
[2026-05-26 12:37:59.014] [debug] [Gemm] output_shape : [1, 696]
[2026-05-26 12:37:59.014] [info] [GEMM] spad_size: 33554432 accum_size: 4194304
[2026-05-26 12:37:59.014] [info] [GEMM] required_sram_size: 131072 required_accum_size: 32768
[2026-05-26 12:37:59.014] [info] [GEMM] Used mapping: Total N:1 C:232 M:696 | Outer N:1 C:1 M:6 | Inner N:128 C:256 M:128
[2026-05-26 12:37:59.015] [info] [GemmWs] Keys K = 232, N = 1, M = 696
[2026-05-26 12:37:59.015] [info] [GemmWS]: total 0.00032364 GFLOPs, 0.000326192 GB
[2026-05-26 12:37:59.015] [info] [GemmWS]: Theoretical time(ms): 0.0005312573421178968 Compute time: 2.469177307062864e-06 Memory time: 0.0005312573421178968
[2026-05-26 12:37:59.015] [debug] [KVCacheConcat] input_token_lengths: [1]
[2026-05-26 12:37:59.015] [debug] [KVCacheConcat] number of tiles: 1
[2026-05-26 12:37:59.015] [info] [Attention] total_spad_size_per_head: 17980 B
[2026-05-26 12:37:59.015] [info] [Attention] total_acc_size_per_head: 154 B
[2026-05-26 12:37:59.015] [info] [Attention] q_len: 1, seq_len: 77, dk: 58, heads per tile 1
[2026-05-26 12:37:59.015] [info] [Attention] Spad size 16777216
[2026-05-26 12:37:59.015] [info] [Attention] Accum spad size 2097152
[2026-05-26 12:37:59.015] [info] Mapping info Total Loop: N4 C58 M77 S1 R1 Q1 P1 Tile Out Loop: N4 C1 M1 S1 R1 Q1 P1 Tile In Loop: N1 C58 M77 S1 R1 Q1 P1
[2026-05-26 12:37:59.016] [info] [Attention] QK 3.5728e-05 GFLOPs
[2026-05-26 12:37:59.016] [info] [Attention] total 7.4536e-05 GFLOPs, 7.2384e-05 GB
[2026-05-26 12:37:59.016] [info] [Attention] Theoretical time(ms): 0.00011788925 Compute time: 9.211426e-07 Memory time: 0.00011788925
[2026-05-26 12:37:59.016] [info] [Attention] QK compute 0.0000ms Softmax compute 0.0000ms SV compute 0.0000ms
[2026-05-26 12:37:59.016] [debug] [Gemm] input_shape: [1, 232]
[2026-05-26 12:37:59.016] [debug] [Gemm] output_shape : [1, 232]
[2026-05-26 12:37:59.016] [info] [GEMM] spad_size: 33554432 accum_size: 4194304
[2026-05-26 12:37:59.016] [info] [GEMM] required_sram_size: 131072 required_accum_size: 32768
[2026-05-26 12:37:59.016] [info] [GEMM] Used mapping: Total N:1 C:232 M:232 | Outer N:1 C:1 M:2 | Inner N:128 C:256 M:128
[2026-05-26 12:37:59.017] [info] [GemmWs] Keys K = 232, N = 1, M = 232
[2026-05-26 12:37:59.017] [info] [GemmWS]: total 0.00010787999 GFLOPs, 0.000109040004 GB
[2026-05-26 12:37:59.017] [info] [GemmWS]: Theoretical time(ms): 0.00017758958392732893 Compute time: 8.230590098357027e-07 Memory time: 0.00017758958392732893
[2026-05-26 12:37:59.017] [info] [SkipLayerNorm] tokens_per_tile: 1
[2026-05-26 12:37:59.017] [debug] [Gemm] input_shape: [1, 232]
[2026-05-26 12:37:59.017] [debug] [Gemm] output_shape : [1, 512]
[2026-05-26 12:37:59.017] [info] [GEMM] spad_size: 33554432 accum_size: 4194304
[2026-05-26 12:37:59.017] [info] [GEMM] required_sram_size: 131072 required_accum_size: 32768
[2026-05-26 12:37:59.017] [info] [GEMM] Used mapping: Total N:1 C:232 M:512 | Outer N:1 C:1 M:4 | Inner N:128 C:256 M:128
[2026-05-26 12:37:59.017] [info] [GemmWs] Keys K = 232, N = 1, M = 512
[2026-05-26 12:37:59.017] [info] [GemmWS]: total 0.000237568 GFLOPs, 0.000239056 GB
[2026-05-26 12:37:59.017] [info] [GemmWS]: Theoretical time(ms): 0.0003893420057465846 Compute time: 1.81250003894462e-06 Memory time: 0.0003893420057465846
[2026-05-26 12:37:59.017] [info] [BiasAct] tokens_per_tile: 1
[2026-05-26 12:37:59.018] [debug] [Gemm] input_shape: [1, 512]
[2026-05-26 12:37:59.018] [debug] [Gemm] output_shape : [1, 232]
[2026-05-26 12:37:59.018] [info] [GEMM] spad_size: 33554432 accum_size: 4194304
[2026-05-26 12:37:59.018] [info] [GEMM] required_sram_size: 262144 required_accum_size: 32768
[2026-05-26 12:37:59.018] [info] [GEMM] Used mapping: Total N:1 C:512 M:232 | Outer N:1 C:1 M:2 | Inner N:128 C:512 M:128
[2026-05-26 12:37:59.018] [info] [GemmWs] Keys K = 512, N = 1, M = 232
[2026-05-26 12:37:59.018] [info] [GemmWS]: total 0.00023779999 GFLOPs, 0.00023952 GB
[2026-05-26 12:37:59.018] [info] [GemmWS]: Theoretical time(ms): 0.00039009771057862963 Compute time: 1.8142699564904774e-06 Memory time: 0.00039009771057862963
[2026-05-26 12:37:59.018] [info] [SkipLayerNorm] tokens_per_tile: 1
[2026-05-26 12:37:59.018] [debug] runnable op, 
[2026-05-26 12:37:59.018] [info]  Model initialization time: 0.004795 seconds
[2026-05-26 12:37:59.018] [info] Schedule model: tiny_transformer at 82358000 us
[2026-05-26 12:37:59.018] [info] MODEL tiny_transformer Scheduled, Total Request: 1
[2026-05-26 12:37:59.018] [info] executable layer count 1
[2026-05-26 12:37:59.018] [info] Start layer layer0.attn.QKVgen
[2026-05-26 12:37:59.018] [debug] Layer layer0.attn.QKVgen Core 0 Get Tile at 82357
[2026-05-26 12:37:59.018] [debug] Layer layer0.attn.QKVgen Core 1 Get Tile at 82357
[2026-05-26 12:37:59.018] [debug] Layer layer0.attn.QKVgen Core 2 Get Tile at 82357
[2026-05-26 12:37:59.018] [debug] Layer layer0.attn.QKVgen Core 3 Get Tile at 82357
[2026-05-26 12:37:59.019] [debug] Layer layer0.attn.QKVgen Core 1 Get Tile at 82358
[2026-05-26 12:37:59.019] [debug] Layer layer0.attn.QKVgen Core 2 Get Tile at 82358
[2026-05-26 12:37:59.042] [info] DRAM: Idle 67.40%
[2026-05-26 12:37:59.050] [info] Core [0] : MatMul active cycle 279 Vector active cycle 12 
[2026-05-26 12:37:59.050] [info] Core [0] : issued tile 1 
[2026-05-26 12:37:59.050] [info] Core [0] : Memory unit idle cycle 378 Systolic bubble cycle 4542120 Core idle cycle 0 
[2026-05-26 12:37:59.050] [info] Core [0] : PE Utilization(%) 0.35, Systolic Bubble(%) 55.45, Vector Unit Utilization(%) 2.40, Total cycle: 82500
[2026-05-26 12:37:59.050] [debug] Core [1] : MatMul active cycle 0 Vector active cycle 0 
[2026-05-26 12:37:59.050] [debug] Core [1] : issued tile 2 
[2026-05-26 12:37:59.050] [debug] Core [1] : Memory unit idle cycle 358 Systolic bubble cycle 0 Core idle cycle 357 
[2026-05-26 12:37:59.050] [debug] Core [1] : PE Utilization(%) 0.00, Systolic Bubble(%) 0.00, Vector Unit Utilization(%) 0.00, Total cycle: 82500
[2026-05-26 12:37:59.050] [debug] Core [2] : MatMul active cycle 0 Vector active cycle 0 
[2026-05-26 12:37:59.050] [debug] Core [2] : issued tile 2 
[2026-05-26 12:37:59.050] [debug] Core [2] : Memory unit idle cycle 358 Systolic bubble cycle 0 Core idle cycle 357 
[2026-05-26 12:37:59.050] [debug] Core [2] : PE Utilization(%) 0.00, Systolic Bubble(%) 0.00, Vector Unit Utilization(%) 0.00, Total cycle: 82500
[2026-05-26 12:37:59.050] [debug] Core [3] : MatMul active cycle 309 Vector active cycle 0 
[2026-05-26 12:37:59.050] [debug] Core [3] : issued tile 1 
[2026-05-26 12:37:59.050] [debug] Core [3] : Memory unit idle cycle 381 Systolic bubble cycle 5023104 Core idle cycle 29 
[2026-05-26 12:37:59.050] [debug] Core [3] : PE Utilization(%) 0.48, Systolic Bubble(%) 61.32, Vector Unit Utilization(%) 0.00, Total cycle: 82500
[2026-05-26 12:37:59.132] [info] DRAM: Idle 0.00%
[2026-05-26 12:37:59.148] [info] Core [0] : MatMul active cycle 6 Vector active cycle 0 
[2026-05-26 12:37:59.148] [info] Core [0] : issued tile 1 
[2026-05-26 12:37:59.148] [info] Core [0] : Memory unit idle cycle 500 Systolic bubble cycle 0 Core idle cycle 0 
[2026-05-26 12:37:59.148] [info] Core [0] : PE Utilization(%) 0.00, Systolic Bubble(%) 0.00, Vector Unit Utilization(%) 0.00, Total cycle: 83000
[2026-05-26 12:37:59.148] [debug] Core [1] : MatMul active cycle 0 Vector active cycle 0 
[2026-05-26 12:37:59.148] [debug] Core [1] : issued tile 2 
[2026-05-26 12:37:59.148] [debug] Core [1] : Memory unit idle cycle 406 Systolic bubble cycle 0 Core idle cycle 0 
[2026-05-26 12:37:59.148] [debug] Core [1] : PE Utilization(%) 0.00, Systolic Bubble(%) 0.00, Vector Unit Utilization(%) 0.00, Total cycle: 83000
[2026-05-26 12:37:59.148] [debug] Core [2] : MatMul active cycle 0 Vector active cycle 0 
[2026-05-26 12:37:59.148] [debug] Core [2] : issued tile 2 
[2026-05-26 12:37:59.148] [debug] Core [2] : Memory unit idle cycle 472 Systolic bubble cycle 0 Core idle cycle 0 
[2026-05-26 12:37:59.148] [debug] Core [2] : PE Utilization(%) 0.00, Systolic Bubble(%) 0.00, Vector Unit Utilization(%) 0.00, Total cycle: 83000
[2026-05-26 12:37:59.148] [debug] Core [3] : MatMul active cycle 21 Vector active cycle 0 
[2026-05-26 12:37:59.148] [debug] Core [3] : issued tile 1 
[2026-05-26 12:37:59.148] [debug] Core [3] : Memory unit idle cycle 500 Systolic bubble cycle 0 Core idle cycle 0 
[2026-05-26 12:37:59.148] [debug] Core [3] : PE Utilization(%) 0.00, Systolic Bubble(%) 0.00, Vector Unit Utilization(%) 0.00, Total cycle: 83000
[2026-05-26 12:37:59.158] [info] DRAM: Idle 43.40%
[2026-05-26 12:37:59.159] [info] Core [0] : MatMul active cycle 500 Vector active cycle 0 
[2026-05-26 12:37:59.159] [info] Core [0] : issued tile 1 
[2026-05-26 12:37:59.159] [info] Core [0] : Memory unit idle cycle 500 Systolic bubble cycle 4080256 Core idle cycle 0 
[2026-05-26 12:37:59.159] [info] Core [0] : PE Utilization(%) 0.39, Systolic Bubble(%) 49.81, Vector Unit Utilization(%) 0.00, Total cycle: 83500
[2026-05-26 12:37:59.159] [debug] Core [1] : MatMul active cycle 498 Vector active cycle 0 
[2026-05-26 12:37:59.159] [debug] Core [1] : issued tile 2 
[2026-05-26 12:37:59.159] [debug] Core [1] : Memory unit idle cycle 500 Systolic bubble cycle 3950208 Core idle cycle 0 
[2026-05-26 12:37:59.159] [debug] Core [1] : PE Utilization(%) 0.38, Systolic Bubble(%) 48.22, Vector Unit Utilization(%) 0.00, Total cycle: 83500
[2026-05-26 12:37:59.159] [debug] Core [2] : MatMul active cycle 499 Vector active cycle 0 
[2026-05-26 12:37:59.159] [debug] Core [2] : issued tile 2 
[2026-05-26 12:37:59.159] [debug] Core [2] : Memory unit idle cycle 500 Systolic bubble cycle 3966464 Core idle cycle 0 
[2026-05-26 12:37:59.159] [debug] Core [2] : PE Utilization(%) 0.38, Systolic Bubble(%) 48.42, Vector Unit Utilization(%) 0.00, Total cycle: 83500
[2026-05-26 12:37:59.159] [debug] Core [3] : MatMul active cycle 500 Vector active cycle 0 
[2026-05-26 12:37:59.159] [debug] Core [3] : issued tile 1 
[2026-05-26 12:37:59.159] [debug] Core [3] : Memory unit idle cycle 500 Systolic bubble cycle 4324096 Core idle cycle 0 
[2026-05-26 12:37:59.159] [debug] Core [3] : PE Utilization(%) 0.42, Systolic Bubble(%) 52.78, Vector Unit Utilization(%) 0.00, Total cycle: 83500
[2026-05-26 12:37:59.160] [debug] Layer 318 Core 3 Finish Tile at 83622 Remain tile 6
[2026-05-26 12:37:59.160] [debug] Layer 318 Core 0 Finish Tile at 83637 Remain tile 5
[2026-05-26 12:37:59.160] [debug] Layer 318 Core 2 Finish Tile at 83644 Remain tile 4
[2026-05-26 12:37:59.160] [debug] Layer 318 Core 1 Finish Tile at 83645 Remain tile 3
[2026-05-26 12:37:59.161] [info] DRAM: Idle 95.40%
[2026-05-26 12:37:59.162] [debug] Layer 318 Core 2 Finish Tile at 83900 Remain tile 2
[2026-05-26 12:37:59.162] [debug] Layer 318 Core 1 Finish Tile at 83901 Remain tile 1
[2026-05-26 12:37:59.162] [info] Layer layer0.attn.QKVgen finish at 83901
[2026-05-26 12:37:59.162] [info] Total compute time 1544
[2026-05-26 12:37:59.162] [info] executable layer count 1
[2026-05-26 12:37:59.162] [info] Start layer layer0.attn.KVccat
[2026-05-26 12:37:59.162] [debug] Layer layer0.attn.KVccat Core 1 Get Tile at 83901
[2026-05-26 12:37:59.162] [debug] Layer 320 Core 1 Finish Tile at 83902 Remain tile 1
[2026-05-26 12:37:59.162] [info] Layer layer0.attn.KVccat finish at 83902
[2026-05-26 12:37:59.162] [info] Total compute time 1
[2026-05-26 12:37:59.162] [info] executable layer count 1
[2026-05-26 12:37:59.162] [info] Start layer layer0.attn.Attention.0
[2026-05-26 12:37:59.162] [debug] Layer layer0.attn.Attention.0 Core 1 Get Tile at 83902
[2026-05-26 12:37:59.162] [debug] Layer layer0.attn.Attention.0 Core 2 Get Tile at 83902
[2026-05-26 12:37:59.162] [debug] Layer layer0.attn.Attention.0 Core 3 Get Tile at 83902
[2026-05-26 12:37:59.162] [debug] Layer layer0.attn.Attention.0 Core 0 Get Tile at 83903
[2026-05-26 12:37:59.181] [info] Core [0] : MatMul active cycle 135 Vector active cycle 0 
[2026-05-26 12:37:59.181] [info] Core [0] : issued tile 1 
[2026-05-26 12:37:59.181] [info] Core [0] : Memory unit idle cycle 463 Systolic bubble cycle 2194560 Core idle cycle 249 
[2026-05-26 12:37:59.181] [info] Core [0] : PE Utilization(%) 0.21, Systolic Bubble(%) 26.79, Vector Unit Utilization(%) 0.00, Total cycle: 84000
[2026-05-26 12:37:59.181] [debug] Core [1] : MatMul active cycle 399 Vector active cycle 0 
[2026-05-26 12:37:59.181] [debug] Core [1] : issued tile 1 
[2026-05-26 12:37:59.181] [debug] Core [1] : Memory unit idle cycle 462 Systolic bubble cycle 6486144 Core idle cycle 0 
[2026-05-26 12:37:59.181] [debug] Core [1] : PE Utilization(%) 0.62, Systolic Bubble(%) 79.18, Vector Unit Utilization(%) 0.00, Total cycle: 84000
[2026-05-26 12:37:59.181] [debug] Core [2] : MatMul active cycle 398 Vector active cycle 0 
[2026-05-26 12:37:59.181] [debug] Core [2] : issued tile 1 
[2026-05-26 12:37:59.181] [debug] Core [2] : Memory unit idle cycle 462 Systolic bubble cycle 6488320 Core idle cycle 0 
[2026-05-26 12:37:59.181] [debug] Core [2] : PE Utilization(%) 0.40, Systolic Bubble(%) 79.20, Vector Unit Utilization(%) 0.00, Total cycle: 84000
[2026-05-26 12:37:59.181] [debug] Core [3] : MatMul active cycle 120 Vector active cycle 0 
[2026-05-26 12:37:59.181] [debug] Core [3] : issued tile 1 
[2026-05-26 12:37:59.181] [debug] Core [3] : Memory unit idle cycle 463 Systolic bubble cycle 1950720 Core idle cycle 263 
[2026-05-26 12:37:59.181] [debug] Core [3] : PE Utilization(%) 0.19, Systolic Bubble(%) 23.81, Vector Unit Utilization(%) 0.00, Total cycle: 84000
[2026-05-26 12:37:59.195] [info] DRAM: Idle 46.20%
[2026-05-26 12:37:59.197] [info] Core [0] : MatMul active cycle 356 Vector active cycle 0 
[2026-05-26 12:37:59.197] [info] Core [0] : issued tile 1 
[2026-05-26 12:37:59.197] [info] Core [0] : Memory unit idle cycle 500 Systolic bubble cycle 1647007 Core idle cycle 0 
[2026-05-26 12:37:59.197] [info] Core [0] : PE Utilization(%) 0.09, Systolic Bubble(%) 20.11, Vector Unit Utilization(%) 0.00, Total cycle: 84500
[2026-05-26 12:37:59.197] [debug] Core [1] : MatMul active cycle 372 Vector active cycle 0 
[2026-05-26 12:37:59.197] [debug] Core [1] : issued tile 1 
[2026-05-26 12:37:59.197] [debug] Core [1] : Memory unit idle cycle 500 Systolic bubble cycle 1907919 Core idle cycle 0 
[2026-05-26 12:37:59.197] [debug] Core [1] : PE Utilization(%) 0.11, Systolic Bubble(%) 23.29, Vector Unit Utilization(%) 0.00, Total cycle: 84500
[2026-05-26 12:37:59.197] [debug] Core [2] : MatMul active cycle 401 Vector active cycle 0 
[2026-05-26 12:37:59.197] [debug] Core [2] : issued tile 1 
[2026-05-26 12:37:59.197] [debug] Core [2] : Memory unit idle cycle 500 Systolic bubble cycle 2380822 Core idle cycle 0 
[2026-05-26 12:37:59.197] [debug] Core [2] : PE Utilization(%) 0.14, Systolic Bubble(%) 29.06, Vector Unit Utilization(%) 0.00, Total cycle: 84500
[2026-05-26 12:37:59.197] [debug] Core [3] : MatMul active cycle 352 Vector active cycle 0 
[2026-05-26 12:37:59.197] [debug] Core [3] : issued tile 1 
[2026-05-26 12:37:59.197] [debug] Core [3] : Memory unit idle cycle 500 Systolic bubble cycle 1581779 Core idle cycle 0 
[2026-05-26 12:37:59.197] [debug] Core [3] : PE Utilization(%) 0.09, Systolic Bubble(%) 19.31, Vector Unit Utilization(%) 0.00, Total cycle: 84500
[2026-05-26 12:37:59.198] [info] DRAM: Idle 98.00%
[2026-05-26 12:37:59.200] [info] DRAM: Idle 100.00%
[2026-05-26 12:37:59.201] [info] Core [0] : MatMul active cycle 485 Vector active cycle 16 
[2026-05-26 12:37:59.201] [info] Core [0] : issued tile 1 
[2026-05-26 12:37:59.201] [info] Core [0] : Memory unit idle cycle 500 Systolic bubble cycle 3751997 Core idle cycle 0 
[2026-05-26 12:37:59.201] [info] Core [0] : PE Utilization(%) 0.20, Systolic Bubble(%) 45.80, Vector Unit Utilization(%) 3.20, Total cycle: 85000
[2026-05-26 12:37:59.201] [debug] Core [1] : MatMul active cycle 485 Vector active cycle 16 
[2026-05-26 12:37:59.201] [debug] Core [1] : issued tile 1 
[2026-05-26 12:37:59.201] [debug] Core [1] : Memory unit idle cycle 500 Systolic bubble cycle 3752301 Core idle cycle 0 
[2026-05-26 12:37:59.201] [debug] Core [1] : PE Utilization(%) 0.20, Systolic Bubble(%) 45.80, Vector Unit Utilization(%) 3.20, Total cycle: 85000
[2026-05-26 12:37:59.201] [debug] Core [2] : MatMul active cycle 485 Vector active cycle 16 
[2026-05-26 12:37:59.201] [debug] Core [2] : issued tile 1 
[2026-05-26 12:37:59.201] [debug] Core [2] : Memory unit idle cycle 500 Systolic bubble cycle 3752852 Core idle cycle 0 
[2026-05-26 12:37:59.201] [debug] Core [2] : PE Utilization(%) 0.19, Systolic Bubble(%) 45.81, Vector Unit Utilization(%) 3.20, Total cycle: 85000
[2026-05-26 12:37:59.201] [debug] Core [3] : MatMul active cycle 485 Vector active cycle 16 
[2026-05-26 12:37:59.201] [debug] Core [3] : issued tile 1 
[2026-05-26 12:37:59.201] [debug] Core [3] : Memory unit idle cycle 500 Systolic bubble cycle 3751921 Core idle cycle 0 
[2026-05-26 12:37:59.201] [debug] Core [3] : PE Utilization(%) 0.20, Systolic Bubble(%) 45.80, Vector Unit Utilization(%) 3.20, Total cycle: 85000
[2026-05-26 12:37:59.202] [debug] Layer 324 Core 2 Finish Tile at 85144 Remain tile 4
[2026-05-26 12:37:59.202] [debug] Layer 324 Core 1 Finish Tile at 85173 Remain tile 3
[2026-05-26 12:37:59.202] [debug] Layer 324 Core 0 Finish Tile at 85189 Remain tile 2
[2026-05-26 12:37:59.202] [debug] Layer 324 Core 3 Finish Tile at 85193 Remain tile 1
[2026-05-26 12:37:59.202] [info] Layer layer0.attn.Attention.0 finish at 85193
[2026-05-26 12:37:59.202] [info] Total compute time 1291
[2026-05-26 12:37:59.202] [info] executable layer count 1
[2026-05-26 12:37:59.202] [info] Start layer layer0.attn.Atccat
[2026-05-26 12:37:59.202] [debug] Layer layer0.attn.Atccat Core 2 Get Tile at 85194
[2026-05-26 12:37:59.202] [debug] Layer 326 Core 2 Finish Tile at 85195 Remain tile 1
[2026-05-26 12:37:59.202] [info] Layer layer0.attn.Atccat finish at 85195
[2026-05-26 12:37:59.202] [info] Total compute time 2
[2026-05-26 12:37:59.202] [info] executable layer count 1
[2026-05-26 12:37:59.202] [info] Start layer layer0.attn.proj
[2026-05-26 12:37:59.202] [debug] Layer layer0.attn.proj Core 2 Get Tile at 85195
[2026-05-26 12:37:59.202] [debug] Layer layer0.attn.proj Core 1 Get Tile at 85196
[2026-05-26 12:37:59.228] [info] DRAM: Idle 56.00%
[2026-05-26 12:37:59.237] [info] Core [0] : MatMul active cycle 185 Vector active cycle 2 
[2026-05-26 12:37:59.237] [info] Core [0] : issued tile 0 
[2026-05-26 12:37:59.237] [info] Core [0] : Memory unit idle cycle 499 Systolic bubble cycle 3020310 Core idle cycle 294 
[2026-05-26 12:37:59.237] [info] Core [0] : PE Utilization(%) 0.13, Systolic Bubble(%) 36.87, Vector Unit Utilization(%) 0.40, Total cycle: 85500
[2026-05-26 12:37:59.237] [debug] Core [1] : MatMul active cycle 176 Vector active cycle 2 
[2026-05-26 12:37:59.237] [debug] Core [1] : issued tile 1 
[2026-05-26 12:37:59.237] [debug] Core [1] : Memory unit idle cycle 381 Systolic bubble cycle 2759094 Core idle cycle 6 
[2026-05-26 12:37:59.237] [debug] Core [1] : PE Utilization(%) 0.12, Systolic Bubble(%) 33.68, Vector Unit Utilization(%) 0.40, Total cycle: 85500
[2026-05-26 12:37:59.237] [debug] Core [2] : MatMul active cycle 160 Vector active cycle 2 
[2026-05-26 12:37:59.237] [debug] Core [2] : issued tile 1 
[2026-05-26 12:37:59.237] [debug] Core [2] : Memory unit idle cycle 402 Systolic bubble cycle 2285640 Core idle cycle 34 
[2026-05-26 12:37:59.237] [debug] Core [2] : PE Utilization(%) 0.10, Systolic Bubble(%) 27.90, Vector Unit Utilization(%) 0.40, Total cycle: 85500
[2026-05-26 12:37:59.237] [debug] Core [3] : MatMul active cycle 189 Vector active cycle 2 
[2026-05-26 12:37:59.237] [debug] Core [3] : issued tile 0 
[2026-05-26 12:37:59.237] [debug] Core [3] : Memory unit idle cycle 499 Systolic bubble cycle 3085614 Core idle cycle 290 
[2026-05-26 12:37:59.237] [debug] Core [3] : PE Utilization(%) 0.13, Systolic Bubble(%) 37.67, Vector Unit Utilization(%) 0.40, Total cycle: 85500
[2026-05-26 12:37:59.239] [info] DRAM: Idle 75.80%
[2026-05-26 12:37:59.240] [info] Core [0] : MatMul active cycle 0 Vector active cycle 0 
[2026-05-26 12:37:59.240] [info] Core [0] : issued tile 0 
[2026-05-26 12:37:59.240] [info] Core [0] : Memory unit idle cycle 500 Systolic bubble cycle 0 Core idle cycle 500 
[2026-05-26 12:37:59.240] [info] Core [0] : PE Utilization(%) 0.00, Systolic Bubble(%) 0.00, Vector Unit Utilization(%) 0.00, Total cycle: 86000
[2026-05-26 12:37:59.240] [debug] Core [1] : MatMul active cycle 500 Vector active cycle 0 
[2026-05-26 12:37:59.240] [debug] Core [1] : issued tile 1 
[2026-05-26 12:37:59.240] [debug] Core [1] : Memory unit idle cycle 500 Systolic bubble cycle 4096512 Core idle cycle 0 
[2026-05-26 12:37:59.240] [debug] Core [1] : PE Utilization(%) 0.39, Systolic Bubble(%) 50.01, Vector Unit Utilization(%) 0.00, Total cycle: 86000
[2026-05-26 12:37:59.240] [debug] Core [2] : MatMul active cycle 500 Vector active cycle 0 
[2026-05-26 12:37:59.240] [debug] Core [2] : issued tile 1 
[2026-05-26 12:37:59.240] [debug] Core [2] : Memory unit idle cycle 500 Systolic bubble cycle 4314200 Core idle cycle 0 
[2026-05-26 12:37:59.240] [debug] Core [2] : PE Utilization(%) 0.34, Systolic Bubble(%) 52.66, Vector Unit Utilization(%) 0.00, Total cycle: 86000
[2026-05-26 12:37:59.240] [debug] Core [3] : MatMul active cycle 0 Vector active cycle 0 
[2026-05-26 12:37:59.240] [debug] Core [3] : issued tile 0 
[2026-05-26 12:37:59.240] [debug] Core [3] : Memory unit idle cycle 500 Systolic bubble cycle 0 Core idle cycle 500 
[2026-05-26 12:37:59.240] [debug] Core [3] : PE Utilization(%) 0.00, Systolic Bubble(%) 0.00, Vector Unit Utilization(%) 0.00, Total cycle: 86000
[2026-05-26 12:37:59.241] [debug] Layer 328 Core 2 Finish Tile at 86123 Remain tile 2
[2026-05-26 12:37:59.241] [debug] Layer 328 Core 1 Finish Tile at 86136 Remain tile 1
[2026-05-26 12:37:59.241] [info] Layer layer0.attn.proj finish at 86136
[2026-05-26 12:37:59.241] [info] Total compute time 941
[2026-05-26 12:37:59.241] [info] executable layer count 1
[2026-05-26 12:37:59.241] [info] Start layer layer0.attn.ln
[2026-05-26 12:37:59.241] [debug] Layer layer0.attn.ln Core 3 Get Tile at 86136
[2026-05-26 12:37:59.242] [debug] Layer 330 Core 3 Finish Tile at 86183 Remain tile 1
[2026-05-26 12:37:59.242] [info] Layer layer0.attn.ln finish at 86183
[2026-05-26 12:37:59.242] [info] Total compute time 47
[2026-05-26 12:37:59.242] [info] executable layer count 1
[2026-05-26 12:37:59.242] [info] Start layer layer0.ffn.fc1
[2026-05-26 12:37:59.242] [debug] Layer layer0.ffn.fc1 Core 3 Get Tile at 86183
[2026-05-26 12:37:59.242] [debug] Layer layer0.ffn.fc1 Core 0 Get Tile at 86184
[2026-05-26 12:37:59.242] [debug] Layer layer0.ffn.fc1 Core 1 Get Tile at 86184
[2026-05-26 12:37:59.242] [debug] Layer layer0.ffn.fc1 Core 2 Get Tile at 86184
[2026-05-26 12:37:59.247] [info] DRAM: Idle 85.80%
[2026-05-26 12:37:59.311] [info] Core [0] : MatMul active cycle 0 Vector active cycle 0 
[2026-05-26 12:37:59.311] [info] Core [0] : issued tile 1 
[2026-05-26 12:37:59.311] [info] Core [0] : Memory unit idle cycle 383 Systolic bubble cycle 0 Core idle cycle 184 
[2026-05-26 12:37:59.311] [info] Core [0] : PE Utilization(%) 0.00, Systolic Bubble(%) 0.00, Vector Unit Utilization(%) 0.00, Total cycle: 86500
[2026-05-26 12:37:59.311] [debug] Core [1] : MatMul active cycle 134 Vector active cycle 0 
[2026-05-26 12:37:59.311] [debug] Core [1] : issued tile 1 
[2026-05-26 12:37:59.311] [debug] Core [1] : Memory unit idle cycle 382 Systolic bubble cycle 2178304 Core idle cycle 31 
[2026-05-26 12:37:59.311] [debug] Core [1] : PE Utilization(%) 0.21, Systolic Bubble(%) 26.59, Vector Unit Utilization(%) 0.00, Total cycle: 86500
[2026-05-26 12:37:59.311] [debug] Core [2] : MatMul active cycle 121 Vector active cycle 0 
[2026-05-26 12:37:59.311] [debug] Core [2] : issued tile 1 
[2026-05-26 12:37:59.311] [debug] Core [2] : Memory unit idle cycle 382 Systolic bubble cycle 1969880 Core idle cycle 29 
[2026-05-26 12:37:59.311] [debug] Core [2] : PE Utilization(%) 0.15, Systolic Bubble(%) 24.05, Vector Unit Utilization(%) 0.00, Total cycle: 86500
[2026-05-26 12:37:59.311] [debug] Core [3] : MatMul active cycle 0 Vector active cycle 12 
[2026-05-26 12:37:59.311] [debug] Core [3] : issued tile 1 
[2026-05-26 12:37:59.311] [debug] Core [3] : Memory unit idle cycle 380 Systolic bubble cycle 0 Core idle cycle 136 
[2026-05-26 12:37:59.311] [debug] Core [3] : PE Utilization(%) 0.00, Systolic Bubble(%) 0.00, Vector Unit Utilization(%) 2.40, Total cycle: 86500
[2026-05-26 12:37:59.338] [info] DRAM: Idle 0.00%
[2026-05-26 12:37:59.350] [info] Core [0] : MatMul active cycle 251 Vector active cycle 0 
[2026-05-26 12:37:59.350] [info] Core [0] : issued tile 1 
[2026-05-26 12:37:59.350] [info] Core [0] : Memory unit idle cycle 500 Systolic bubble cycle 0 Core idle cycle 0 
[2026-05-26 12:37:59.350] [info] Core [0] : PE Utilization(%) 0.00, Systolic Bubble(%) 0.00, Vector Unit Utilization(%) 0.00, Total cycle: 87000
[2026-05-26 12:37:59.350] [debug] Core [1] : MatMul active cycle 267 Vector active cycle 0 
[2026-05-26 12:37:59.350] [debug] Core [1] : issued tile 1 
[2026-05-26 12:37:59.350] [debug] Core [1] : Memory unit idle cycle 500 Systolic bubble cycle 195072 Core idle cycle 0 
[2026-05-26 12:37:59.350] [debug] Core [1] : PE Utilization(%) 0.02, Systolic Bubble(%) 2.38, Vector Unit Utilization(%) 0.00, Total cycle: 87000
[2026-05-26 12:37:59.350] [debug] Core [2] : MatMul active cycle 226 Vector active cycle 0 
[2026-05-26 12:37:59.350] [debug] Core [2] : issued tile 1 
[2026-05-26 12:37:59.350] [debug] Core [2] : Memory unit idle cycle 500 Systolic bubble cycle 0 Core idle cycle 0 
[2026-05-26 12:37:59.350] [debug] Core [2] : PE Utilization(%) 0.00, Systolic Bubble(%) 0.00, Vector Unit Utilization(%) 0.00, Total cycle: 87000
[2026-05-26 12:37:59.350] [debug] Core [3] : MatMul active cycle 259 Vector active cycle 0 
[2026-05-26 12:37:59.350] [debug] Core [3] : issued tile 1 
[2026-05-26 12:37:59.350] [debug] Core [3] : Memory unit idle cycle 500 Systolic bubble cycle 65024 Core idle cycle 0 
[2026-05-26 12:37:59.350] [debug] Core [3] : PE Utilization(%) 0.01, Systolic Bubble(%) 0.79, Vector Unit Utilization(%) 0.00, Total cycle: 87000
[2026-05-26 12:37:59.351] [info] DRAM: Idle 68.20%
[2026-05-26 12:37:59.353] [debug] Layer 332 Core 1 Finish Tile at 87376 Remain tile 4
[2026-05-26 12:37:59.353] [debug] Layer 332 Core 3 Finish Tile at 87384 Remain tile 3
[2026-05-26 12:37:59.353] [debug] Layer 332 Core 0 Finish Tile at 87392 Remain tile 2
[2026-05-26 12:37:59.353] [debug] Layer 332 Core 2 Finish Tile at 87417 Remain tile 1
[2026-05-26 12:37:59.353] [info] Layer layer0.ffn.fc1 finish at 87417
[2026-05-26 12:37:59.353] [info] Total compute time 1234
[2026-05-26 12:37:59.353] [info] executable layer count 1
[2026-05-26 12:37:59.353] [info] Start layer layer0.ffn.act
[2026-05-26 12:37:59.353] [debug] Layer layer0.ffn.act Core 0 Get Tile at 87418
[2026-05-26 12:37:59.354] [debug] Layer 334 Core 0 Finish Tile at 87461 Remain tile 1
[2026-05-26 12:37:59.354] [info] Layer layer0.ffn.act finish at 87461
[2026-05-26 12:37:59.354] [info] Total compute time 44
[2026-05-26 12:37:59.354] [info] executable layer count 1
[2026-05-26 12:37:59.354] [info] Start layer layer0.ffn.fc2
[2026-05-26 12:37:59.354] [debug] Layer layer0.ffn.fc2 Core 1 Get Tile at 87461
[2026-05-26 12:37:59.354] [debug] Layer layer0.ffn.fc2 Core 2 Get Tile at 87461
[2026-05-26 12:37:59.355] [info] DRAM: Idle 87.60%
[2026-05-26 12:37:59.358] [info] Core [0] : MatMul active cycle 390 Vector active cycle 4 
[2026-05-26 12:37:59.358] [info] Core [0] : issued tile 0 
[2026-05-26 12:37:59.358] [info] Core [0] : Memory unit idle cycle 493 Systolic bubble cycle 6274816 Core idle cycle 21 
[2026-05-26 12:37:59.358] [info] Core [0] : PE Utilization(%) 0.60, Systolic Bubble(%) 76.60, Vector Unit Utilization(%) 0.80, Total cycle: 87500
[2026-05-26 12:37:59.358] [debug] Core [1] : MatMul active cycle 374 Vector active cycle 0 
[2026-05-26 12:37:59.358] [debug] Core [1] : issued tile 1 
[2026-05-26 12:37:59.358] [debug] Core [1] : Memory unit idle cycle 461 Systolic bubble cycle 6079744 Core idle cycle 53 
[2026-05-26 12:37:59.358] [debug] Core [1] : PE Utilization(%) 0.58, Systolic Bubble(%) 74.22, Vector Unit Utilization(%) 0.00, Total cycle: 87500
[2026-05-26 12:37:59.358] [debug] Core [2] : MatMul active cycle 415 Vector active cycle 0 
[2026-05-26 12:37:59.358] [debug] Core [2] : issued tile 1 
[2026-05-26 12:37:59.358] [debug] Core [2] : Memory unit idle cycle 461 Systolic bubble cycle 6274816 Core idle cycle 27 
[2026-05-26 12:37:59.358] [debug] Core [2] : PE Utilization(%) 0.60, Systolic Bubble(%) 76.60, Vector Unit Utilization(%) 0.00, Total cycle: 87500
[2026-05-26 12:37:59.358] [debug] Core [3] : MatMul active cycle 382 Vector active cycle 0 
[2026-05-26 12:37:59.358] [debug] Core [3] : issued tile 0 
[2026-05-26 12:37:59.358] [debug] Core [3] : Memory unit idle cycle 499 Systolic bubble cycle 6209792 Core idle cycle 90 
[2026-05-26 12:37:59.358] [debug] Core [3] : PE Utilization(%) 0.60, Systolic Bubble(%) 75.80, Vector Unit Utilization(%) 0.00, Total cycle: 87500
[2026-05-26 12:37:59.415] [info] DRAM: Idle 0.80%
[2026-05-26 12:37:59.425] [info] HBM2-CH_0: BW utilization 25% (2415 reads, 14 writes)
[2026-05-26 12:37:59.425] [debug] HBM2-CH_1: BW utilization 25% (2431 reads, 17 writes)
[2026-05-26 12:37:59.425] [debug] HBM2-CH_2: BW utilization 25% (2433 reads, 18 writes)
[2026-05-26 12:37:59.425] [debug] HBM2-CH_3: BW utilization 25% (2421 reads, 15 writes)
[2026-05-26 12:37:59.425] [debug] HBM2-CH_4: BW utilization 25% (2426 reads, 16 writes)
[2026-05-26 12:37:59.425] [debug] HBM2-CH_5: BW utilization 25% (2425 reads, 14 writes)
[2026-05-26 12:37:59.425] [debug] HBM2-CH_6: BW utilization 25% (2409 reads, 14 writes)
[2026-05-26 12:37:59.425] [debug] HBM2-CH_7: BW utilization 25% (2425 reads, 17 writes)
[2026-05-26 12:37:59.425] [debug] HBM2-CH_8: BW utilization 25% (2416 reads, 17 writes)
[2026-05-26 12:37:59.425] [debug] HBM2-CH_9: BW utilization 25% (2414 reads, 15 writes)
[2026-05-26 12:37:59.425] [debug] HBM2-CH_10: BW utilization 25% (2419 reads, 15 writes)
[2026-05-26 12:37:59.425] [debug] HBM2-CH_11: BW utilization 25% (2425 reads, 17 writes)
[2026-05-26 12:37:59.425] [debug] HBM2-CH_12: BW utilization 25% (2415 reads, 14 writes)
[2026-05-26 12:37:59.425] [debug] HBM2-CH_13: BW utilization 25% (2422 reads, 17 writes)
[2026-05-26 12:37:59.425] [debug] HBM2-CH_14: BW utilization 25% (2419 reads, 17 writes)
[2026-05-26 12:37:59.425] [debug] HBM2-CH_15: BW utilization 25% (2419 reads, 13 writes)
[2026-05-26 12:37:59.429] [info] Core [0] : MatMul active cycle 0 Vector active cycle 0 
[2026-05-26 12:37:59.429] [info] Core [0] : issued tile 0 
[2026-05-26 12:37:59.429] [info] Core [0] : Memory unit idle cycle 500 Systolic bubble cycle 0 Core idle cycle 500 
[2026-05-26 12:37:59.429] [info] Core [0] : PE Utilization(%) 0.00, Systolic Bubble(%) 0.00, Vector Unit Utilization(%) 0.00, Total cycle: 88000
[2026-05-26 12:37:59.429] [debug] Core [1] : MatMul active cycle 0 Vector active cycle 0 
[2026-05-26 12:37:59.429] [debug] Core [1] : issued tile 1 
[2026-05-26 12:37:59.429] [debug] Core [1] : Memory unit idle cycle 279 Systolic bubble cycle 0 Core idle cycle 0 
[2026-05-26 12:37:59.429] [debug] Core [1] : PE Utilization(%) 0.00, Systolic Bubble(%) 0.00, Vector Unit Utilization(%) 0.00, Total cycle: 88000
[2026-05-26 12:37:59.429] [debug] Core [2] : MatMul active cycle 0 Vector active cycle 0 
[2026-05-26 12:37:59.429] [debug] Core [2] : issued tile 1 
[2026-05-26 12:37:59.429] [debug] Core [2] : Memory unit idle cycle 327 Systolic bubble cycle 0 Core idle cycle 0 
[2026-05-26 12:37:59.429] [debug] Core [2] : PE Utilization(%) 0.00, Systolic Bubble(%) 0.00, Vector Unit Utilization(%) 0.00, Total cycle: 88000
[2026-05-26 12:37:59.429] [debug] Core [3] : MatMul active cycle 0 Vector active cycle 0 
[2026-05-26 12:37:59.429] [debug] Core [3] : issued tile 0 
[2026-05-26 12:37:59.429] [debug] Core [3] : Memory unit idle cycle 500 Systolic bubble cycle 0 Core idle cycle 500 
[2026-05-26 12:37:59.429] [debug] Core [3] : PE Utilization(%) 0.00, Systolic Bubble(%) 0.00, Vector Unit Utilization(%) 0.00, Total cycle: 88000
[2026-05-26 12:37:59.434] [info] DRAM: Idle 56.00%
[2026-05-26 12:37:59.436] [info] Core [0] : MatMul active cycle 0 Vector active cycle 0 
[2026-05-26 12:37:59.436] [info] Core [0] : issued tile 0 
[2026-05-26 12:37:59.436] [info] Core [0] : Memory unit idle cycle 500 Systolic bubble cycle 0 Core idle cycle 500 
[2026-05-26 12:37:59.436] [info] Core [0] : PE Utilization(%) 0.00, Systolic Bubble(%) 0.00, Vector Unit Utilization(%) 0.00, Total cycle: 88500
[2026-05-26 12:37:59.436] [debug] Core [1] : MatMul active cycle 426 Vector active cycle 0 
[2026-05-26 12:37:59.436] [debug] Core [1] : issued tile 1 
[2026-05-26 12:37:59.436] [debug] Core [1] : Memory unit idle cycle 500 Systolic bubble cycle 2779776 Core idle cycle 0 
[2026-05-26 12:37:59.436] [debug] Core [1] : PE Utilization(%) 0.27, Systolic Bubble(%) 33.93, Vector Unit Utilization(%) 0.00, Total cycle: 88500
[2026-05-26 12:37:59.436] [debug] Core [2] : MatMul active cycle 452 Vector active cycle 0 
[2026-05-26 12:37:59.436] [debug] Core [2] : issued tile 1 
[2026-05-26 12:37:59.436] [debug] Core [2] : Memory unit idle cycle 500 Systolic bubble cycle 3207160 Core idle cycle 0 
[2026-05-26 12:37:59.436] [debug] Core [2] : PE Utilization(%) 0.25, Systolic Bubble(%) 39.15, Vector Unit Utilization(%) 0.00, Total cycle: 88500
[2026-05-26 12:37:59.436] [debug] Core [3] : MatMul active cycle 0 Vector active cycle 0 
[2026-05-26 12:37:59.436] [debug] Core [3] : issued tile 0 
[2026-05-26 12:37:59.436] [debug] Core [3] : Memory unit idle cycle 500 Systolic bubble cycle 0 Core idle cycle 500 
[2026-05-26 12:37:59.436] [debug] Core [3] : PE Utilization(%) 0.00, Systolic Bubble(%) 0.00, Vector Unit Utilization(%) 0.00, Total cycle: 88500
[2026-05-26 12:37:59.437] [info] DRAM: Idle 100.00%
[2026-05-26 12:37:59.439] [debug] Layer 336 Core 2 Finish Tile at 88947 Remain tile 2
[2026-05-26 12:37:59.439] [debug] Layer 336 Core 1 Finish Tile at 88973 Remain tile 1
[2026-05-26 12:37:59.439] [info] Layer layer0.ffn.fc2 finish at 88973
[2026-05-26 12:37:59.439] [info] Total compute time 1512
[2026-05-26 12:37:59.439] [info] executable layer count 1
[2026-05-26 12:37:59.439] [info] Start layer layer0.ffn.ln
[2026-05-26 12:37:59.439] [debug] Layer layer0.ffn.ln Core 1 Get Tile at 88973
[2026-05-26 12:37:59.439] [info] Core [0] : MatMul active cycle 0 Vector active cycle 0 
[2026-05-26 12:37:59.439] [info] Core [0] : issued tile 0 
[2026-05-26 12:37:59.439] [info] Core [0] : Memory unit idle cycle 500 Systolic bubble cycle 0 Core idle cycle 500 
[2026-05-26 12:37:59.439] [info] Core [0] : PE Utilization(%) 0.00, Systolic Bubble(%) 0.00, Vector Unit Utilization(%) 0.00, Total cycle: 89000
[2026-05-26 12:37:59.439] [debug] Core [1] : MatMul active cycle 471 Vector active cycle 0 
[2026-05-26 12:37:59.439] [debug] Core [1] : issued tile 1 
[2026-05-26 12:37:59.439] [debug] Core [1] : Memory unit idle cycle 497 Systolic bubble cycle 7656576 Core idle cycle 0 
[2026-05-26 12:37:59.439] [debug] Core [1] : PE Utilization(%) 0.74, Systolic Bubble(%) 93.46, Vector Unit Utilization(%) 0.00, Total cycle: 89000
[2026-05-26 12:37:59.439] [debug] Core [2] : MatMul active cycle 445 Vector active cycle 0 
[2026-05-26 12:37:59.439] [debug] Core [2] : issued tile 0 
[2026-05-26 12:37:59.439] [debug] Core [2] : Memory unit idle cycle 499 Systolic bubble cycle 7244600 Core idle cycle 21 
[2026-05-26 12:37:59.439] [debug] Core [2] : PE Utilization(%) 0.56, Systolic Bubble(%) 88.44, Vector Unit Utilization(%) 0.00, Total cycle: 89000
[2026-05-26 12:37:59.439] [debug] Core [3] : MatMul active cycle 0 Vector active cycle 0 
[2026-05-26 12:37:59.439] [debug] Core [3] : issued tile 0 
[2026-05-26 12:37:59.439] [debug] Core [3] : Memory unit idle cycle 500 Systolic bubble cycle 0 Core idle cycle 500 
[2026-05-26 12:37:59.439] [debug] Core [3] : PE Utilization(%) 0.00, Systolic Bubble(%) 0.00, Vector Unit Utilization(%) 0.00, Total cycle: 89000
[2026-05-26 12:37:59.439] [debug] Layer 338 Core 1 Finish Tile at 89017 Remain tile 1
[2026-05-26 12:37:59.439] [info] Layer layer0.ffn.ln finish at 89017
[2026-05-26 12:37:59.439] [info] Total compute time 44
[2026-05-26 12:37:59.439] [info] Model[tiny_transformer] Request: 82 us, Start: 82 us, finish:89 us, Current Cycle:89017
[2026-05-26 12:37:59.439] [info] No total_seq_len!
[2026-05-26 12:37:59.439] [info] Total Memory Usage: 0.01 GB
[2026-05-26 12:37:59.439] [info] Weight Memory Usage: 0.01 GB
[2026-05-26 12:37:59.439] [info] KV Memory Usage: 0.00 GB
[2026-05-26 12:37:59.440] [info] Activation Memory Usage: 0.00 GB
[2026-05-26 12:37:59.440] [debug] [Gemm] input_shape: [1, 232]
[2026-05-26 12:37:59.440] [debug] [Gemm] output_shape : [1, 696]
[2026-05-26 12:37:59.440] [info] [GEMM] spad_size: 33554432 accum_size: 4194304
[2026-05-26 12:37:59.440] [info] [GEMM] required_sram_size: 131072 required_accum_size: 32768
[2026-05-26 12:37:59.440] [info] [GEMM] Used mapping: Total N:1 C:232 M:696 | Outer N:1 C:1 M:6 | Inner N:128 C:256 M:128
[2026-05-26 12:37:59.441] [info] [GemmWs] Keys K = 232, N = 1, M = 696
[2026-05-26 12:37:59.441] [info] [GemmWS]: total 0.00032364 GFLOPs, 0.000326192 GB
[2026-05-26 12:37:59.441] [info] [GemmWS]: Theoretical time(ms): 0.0005312573421178968 Compute time: 2.469177307062864e-06 Memory time: 0.0005312573421178968
[2026-05-26 12:37:59.441] [debug] [KVCacheConcat] input_token_lengths: [1]
[2026-05-26 12:37:59.441] [debug] [KVCacheConcat] number of tiles: 1
[2026-05-26 12:37:59.441] [info] [Attention] total_spad_size_per_head: 18212 B
[2026-05-26 12:37:59.441] [info] [Attention] total_acc_size_per_head: 156 B
[2026-05-26 12:37:59.441] [info] [Attention] q_len: 1, seq_len: 78, dk: 58, heads per tile 1
[2026-05-26 12:37:59.441] [info] [Attention] Spad size 16777216
[2026-05-26 12:37:59.441] [info] [Attention] Accum spad size 2097152
[2026-05-26 12:37:59.441] [info] Mapping info Total Loop: N4 C58 M78 S1 R1 Q1 P1 Tile Out Loop: N4 C1 M1 S1 R1 Q1 P1 Tile In Loop: N1 C58 M78 S1 R1 Q1 P1
[2026-05-26 12:37:59.442] [info] [Attention] QK 3.6192e-05 GFLOPs
[2026-05-26 12:37:59.442] [info] [Attention] total 7.5503995e-05 GFLOPs, 7.3311996e-05 GB
[2026-05-26 12:37:59.442] [info] [Attention] Theoretical time(ms): 0.00011940064 Compute time: 9.3310547e-07 Memory time: 0.00011940064
[2026-05-26 12:37:59.442] [info] [Attention] QK compute 0.0000ms Softmax compute 0.0000ms SV compute 0.0000ms
[2026-05-26 12:37:59.442] [debug] [Gemm] input_shape: [1, 232]
[2026-05-26 12:37:59.442] [debug] [Gemm] output_shape : [1, 232]
[2026-05-26 12:37:59.442] [info] [GEMM] spad_size: 33554432 accum_size: 4194304
[2026-05-26 12:37:59.442] [info] [GEMM] required_sram_size: 131072 required_accum_size: 32768
[2026-05-26 12:37:59.442] [info] [GEMM] Used mapping: Total N:1 C:232 M:232 | Outer N:1 C:1 M:2 | Inner N:128 C:256 M:128
[2026-05-26 12:37:59.442] [info] [GemmWs] Keys K = 232, N = 1, M = 232
[2026-05-26 12:37:59.442] [info] [GemmWS]: total 0.00010787999 GFLOPs, 0.000109040004 GB
[2026-05-26 12:37:59.442] [info] [GemmWS]: Theoretical time(ms): 0.00017758958392732893 Compute time: 8.230590098357027e-07 Memory time: 0.00017758958392732893
[2026-05-26 12:37:59.442] [info] [SkipLayerNorm] tokens_per_tile: 1
[2026-05-26 12:37:59.442] [debug] [Gemm] input_shape: [1, 232]
[2026-05-26 12:37:59.442] [debug] [Gemm] output_shape : [1, 512]
[2026-05-26 12:37:59.442] [info] [GEMM] spad_size: 33554432 accum_size: 4194304
[2026-05-26 12:37:59.442] [info] [GEMM] required_sram_size: 131072 required_accum_size: 32768
[2026-05-26 12:37:59.442] [info] [GEMM] Used mapping: Total N:1 C:232 M:512 | Outer N:1 C:1 M:4 | Inner N:128 C:256 M:128
[2026-05-26 12:37:59.443] [info] [GemmWs] Keys K = 232, N = 1, M = 512
[2026-05-26 12:37:59.443] [info] [GemmWS]: total 0.000237568 GFLOPs, 0.000239056 GB
[2026-05-26 12:37:59.443] [info] [GemmWS]: Theoretical time(ms): 0.0003893420057465846 Compute time: 1.81250003894462e-06 Memory time: 0.0003893420057465846
[2026-05-26 12:37:59.443] [info] [BiasAct] tokens_per_tile: 1
[2026-05-26 12:37:59.443] [debug] [Gemm] input_shape: [1, 512]
[2026-05-26 12:37:59.443] [debug] [Gemm] output_shape : [1, 232]
[2026-05-26 12:37:59.443] [info] [GEMM] spad_size: 33554432 accum_size: 4194304
[2026-05-26 12:37:59.443] [info] [GEMM] required_sram_size: 262144 required_accum_size: 32768
[2026-05-26 12:37:59.443] [info] [GEMM] Used mapping: Total N:1 C:512 M:232 | Outer N:1 C:1 M:2 | Inner N:128 C:512 M:128
[2026-05-26 12:37:59.444] [info] [GemmWs] Keys K = 512, N = 1, M = 232
[2026-05-26 12:37:59.444] [info] [GemmWS]: total 0.00023779999 GFLOPs, 0.00023952 GB
[2026-05-26 12:37:59.444] [info] [GemmWS]: Theoretical time(ms): 0.00039009771057862963 Compute time: 1.8142699564904774e-06 Memory time: 0.00039009771057862963
[2026-05-26 12:37:59.444] [info] [SkipLayerNorm] tokens_per_tile: 1
[2026-05-26 12:37:59.444] [debug] runnable op, 
[2026-05-26 12:37:59.444] [info]  Model initialization time: 0.004819 seconds
[2026-05-26 12:37:59.444] [info] Schedule model: tiny_transformer at 89019000 us
[2026-05-26 12:37:59.444] [info] MODEL tiny_transformer Scheduled, Total Request: 1
[2026-05-26 12:37:59.444] [info] executable layer count 1
[2026-05-26 12:37:59.444] [info] Start layer layer0.attn.QKVgen
[2026-05-26 12:37:59.444] [debug] Layer layer0.attn.QKVgen Core 0 Get Tile at 89018
[2026-05-26 12:37:59.444] [debug] Layer layer0.attn.QKVgen Core 1 Get Tile at 89018
[2026-05-26 12:37:59.444] [debug] Layer layer0.attn.QKVgen Core 2 Get Tile at 89018
[2026-05-26 12:37:59.444] [debug] Layer layer0.attn.QKVgen Core 3 Get Tile at 89018
[2026-05-26 12:37:59.444] [debug] Layer layer0.attn.QKVgen Core 0 Get Tile at 89019
[2026-05-26 12:37:59.444] [debug] Layer layer0.attn.QKVgen Core 3 Get Tile at 89019
[2026-05-26 12:37:59.468] [info] DRAM: Idle 66.80%
[2026-05-26 12:37:59.549] [info] Core [0] : MatMul active cycle 0 Vector active cycle 0 
[2026-05-26 12:37:59.549] [info] Core [0] : issued tile 2 
[2026-05-26 12:37:59.549] [info] Core [0] : Memory unit idle cycle 330 Systolic bubble cycle 0 Core idle cycle 18 
[2026-05-26 12:37:59.549] [info] Core [0] : PE Utilization(%) 0.00, Systolic Bubble(%) 0.00, Vector Unit Utilization(%) 0.00, Total cycle: 89500
[2026-05-26 12:37:59.549] [debug] Core [1] : MatMul active cycle 0 Vector active cycle 12 
[2026-05-26 12:37:59.549] [debug] Core [1] : issued tile 1 
[2026-05-26 12:37:59.549] [debug] Core [1] : Memory unit idle cycle 381 Systolic bubble cycle 0 Core idle cycle 0 
[2026-05-26 12:37:59.549] [debug] Core [1] : PE Utilization(%) 0.00, Systolic Bubble(%) 0.00, Vector Unit Utilization(%) 2.40, Total cycle: 89500
[2026-05-26 12:37:59.549] [debug] Core [2] : MatMul active cycle 0 Vector active cycle 0 
[2026-05-26 12:37:59.549] [debug] Core [2] : issued tile 1 
[2026-05-26 12:37:59.549] [debug] Core [2] : Memory unit idle cycle 382 Systolic bubble cycle 0 Core idle cycle 18 
[2026-05-26 12:37:59.549] [debug] Core [2] : PE Utilization(%) 0.00, Systolic Bubble(%) 0.00, Vector Unit Utilization(%) 0.00, Total cycle: 89500
[2026-05-26 12:37:59.549] [debug] Core [3] : MatMul active cycle 0 Vector active cycle 0 
[2026-05-26 12:37:59.549] [debug] Core [3] : issued tile 2 
[2026-05-26 12:37:59.549] [debug] Core [3] : Memory unit idle cycle 264 Systolic bubble cycle 0 Core idle cycle 18 
[2026-05-26 12:37:59.549] [debug] Core [3] : PE Utilization(%) 0.00, Systolic Bubble(%) 0.00, Vector Unit Utilization(%) 0.00, Total cycle: 89500
[2026-05-26 12:37:59.557] [info] DRAM: Idle 0.00%
[2026-05-26 12:37:59.583] [info] DRAM: Idle 42.00%
[2026-05-26 12:37:59.583] [info] Core [0] : MatMul active cycle 350 Vector active cycle 0 
[2026-05-26 12:37:59.583] [info] Core [0] : issued tile 2 
[2026-05-26 12:37:59.583] [info] Core [0] : Memory unit idle cycle 500 Systolic bubble cycle 1544320 Core idle cycle 0 
[2026-05-26 12:37:59.583] [info] Core [0] : PE Utilization(%) 0.15, Systolic Bubble(%) 18.85, Vector Unit Utilization(%) 0.00, Total cycle: 90000
[2026-05-26 12:37:59.583] [debug] Core [1] : MatMul active cycle 383 Vector active cycle 0 
[2026-05-26 12:37:59.583] [debug] Core [1] : issued tile 1 
[2026-05-26 12:37:59.583] [debug] Core [1] : Memory unit idle cycle 500 Systolic bubble cycle 2080768 Core idle cycle 0 
[2026-05-26 12:37:59.583] [debug] Core [1] : PE Utilization(%) 0.20, Systolic Bubble(%) 25.40, Vector Unit Utilization(%) 0.00, Total cycle: 90000
[2026-05-26 12:37:59.583] [debug] Core [2] : MatMul active cycle 350 Vector active cycle 0 
[2026-05-26 12:37:59.583] [debug] Core [2] : issued tile 1 
[2026-05-26 12:37:59.583] [debug] Core [2] : Memory unit idle cycle 500 Systolic bubble cycle 1544320 Core idle cycle 0 
[2026-05-26 12:37:59.583] [debug] Core [2] : PE Utilization(%) 0.15, Systolic Bubble(%) 18.85, Vector Unit Utilization(%) 0.00, Total cycle: 90000
[2026-05-26 12:37:59.583] [debug] Core [3] : MatMul active cycle 337 Vector active cycle 0 
[2026-05-26 12:37:59.583] [debug] Core [3] : issued tile 2 
[2026-05-26 12:37:59.583] [debug] Core [3] : Memory unit idle cycle 500 Systolic bubble cycle 1332992 Core idle cycle 0 
[2026-05-26 12:37:59.583] [debug] Core [3] : PE Utilization(%) 0.13, Systolic Bubble(%) 16.27, Vector Unit Utilization(%) 0.00, Total cycle: 90000
[2026-05-26 12:37:59.585] [debug] Layer 343 Core 1 Finish Tile at 90260 Remain tile 6
[2026-05-26 12:37:59.585] [debug] Layer 343 Core 0 Finish Tile at 90293 Remain tile 5
[2026-05-26 12:37:59.585] [debug] Layer 343 Core 2 Finish Tile at 90293 Remain tile 4
[2026-05-26 12:37:59.586] [debug] Layer 343 Core 3 Finish Tile at 90306 Remain tile 3
[2026-05-26 12:37:59.586] [info] DRAM: Idle 96.00%
[2026-05-26 12:37:59.587] [info] Core [0] : MatMul active cycle 500 Vector active cycle 0 
[2026-05-26 12:37:59.587] [info] Core [0] : issued tile 1 
[2026-05-26 12:37:59.587] [info] Core [0] : Memory unit idle cycle 499 Systolic bubble cycle 8143048 Core idle cycle 0 
[2026-05-26 12:37:59.587] [info] Core [0] : PE Utilization(%) 0.60, Systolic Bubble(%) 99.40, Vector Unit Utilization(%) 0.00, Total cycle: 90500
[2026-05-26 12:37:59.587] [debug] Core [1] : MatMul active cycle 258 Vector active cycle 0 
[2026-05-26 12:37:59.587] [debug] Core [1] : issued tile 0 
[2026-05-26 12:37:59.587] [debug] Core [1] : Memory unit idle cycle 499 Systolic bubble cycle 4194048 Core idle cycle 223 
[2026-05-26 12:37:59.587] [debug] Core [1] : PE Utilization(%) 0.40, Systolic Bubble(%) 51.20, Vector Unit Utilization(%) 0.00, Total cycle: 90500
[2026-05-26 12:37:59.587] [debug] Core [2] : MatMul active cycle 291 Vector active cycle 0 
[2026-05-26 12:37:59.587] [debug] Core [2] : issued tile 0 
[2026-05-26 12:37:59.587] [debug] Core [2] : Memory unit idle cycle 499 Systolic bubble cycle 4730496 Core idle cycle 190 
[2026-05-26 12:37:59.587] [debug] Core [2] : PE Utilization(%) 0.45, Systolic Bubble(%) 57.75, Vector Unit Utilization(%) 0.00, Total cycle: 90500
[2026-05-26 12:37:59.587] [debug] Core [3] : MatMul active cycle 500 Vector active cycle 0 
[2026-05-26 12:37:59.587] [debug] Core [3] : issued tile 1 
[2026-05-26 12:37:59.587] [debug] Core [3] : Memory unit idle cycle 499 Systolic bubble cycle 8128000 Core idle cycle 0 
[2026-05-26 12:37:59.587] [debug] Core [3] : PE Utilization(%) 0.78, Systolic Bubble(%) 99.22, Vector Unit Utilization(%) 0.00, Total cycle: 90500
[2026-05-26 12:37:59.587] [debug] Layer 343 Core 0 Finish Tile at 90549 Remain tile 2
[2026-05-26 12:37:59.587] [debug] Layer 343 Core 3 Finish Tile at 90562 Remain tile 1
[2026-05-26 12:37:59.587] [info] Layer layer0.attn.QKVgen finish at 90562
[2026-05-26 12:37:59.587] [info] Total compute time 1544
[2026-05-26 12:37:59.587] [info] executable layer count 1
[2026-05-26 12:37:59.587] [info] Start layer layer0.attn.KVccat
[2026-05-26 12:37:59.587] [debug] Layer layer0.attn.KVccat Core 2 Get Tile at 90563
[2026-05-26 12:37:59.587] [debug] Layer 345 Core 2 Finish Tile at 90564 Remain tile 1
[2026-05-26 12:37:59.587] [info] Layer layer0.attn.KVccat finish at 90564
[2026-05-26 12:37:59.587] [info] Total compute time 2
[2026-05-26 12:37:59.587] [info] executable layer count 1
[2026-05-26 12:37:59.587] [info] Start layer layer0.attn.Attention.0
[2026-05-26 12:37:59.587] [debug] Layer layer0.attn.Attention.0 Core 2 Get Tile at 90564
[2026-05-26 12:37:59.587] [debug] Layer layer0.attn.Attention.0 Core 3 Get Tile at 90564
[2026-05-26 12:37:59.587] [debug] Layer layer0.attn.Attention.0 Core 0 Get Tile at 90565
[2026-05-26 12:37:59.587] [debug] Layer layer0.attn.Attention.0 Core 1 Get Tile at 90565
[2026-05-26 12:37:59.621] [info] DRAM: Idle 46.00%
[2026-05-26 12:37:59.622] [info] Core [0] : MatMul active cycle 304 Vector active cycle 0 
[2026-05-26 12:37:59.622] [info] Core [0] : issued tile 1 
[2026-05-26 12:37:59.622] [info] Core [0] : Memory unit idle cycle 463 Systolic bubble cycle 800028 Core idle cycle 0 
[2026-05-26 12:37:59.622] [info] Core [0] : PE Utilization(%) 0.03, Systolic Bubble(%) 9.77, Vector Unit Utilization(%) 0.00, Total cycle: 91000
[2026-05-26 12:37:59.622] [debug] Core [1] : MatMul active cycle 212 Vector active cycle 0 
[2026-05-26 12:37:59.622] [debug] Core [1] : issued tile 1 
[2026-05-26 12:37:59.622] [debug] Core [1] : Memory unit idle cycle 464 Systolic bubble cycle 0 Core idle cycle 65 
[2026-05-26 12:37:59.622] [debug] Core [1] : PE Utilization(%) 0.00, Systolic Bubble(%) 0.00, Vector Unit Utilization(%) 0.00, Total cycle: 91000
[2026-05-26 12:37:59.622] [debug] Core [2] : MatMul active cycle 199 Vector active cycle 0 
[2026-05-26 12:37:59.622] [debug] Core [2] : issued tile 1 
[2026-05-26 12:37:59.622] [debug] Core [2] : Memory unit idle cycle 464 Systolic bubble cycle 0 Core idle cycle 64 
[2026-05-26 12:37:59.622] [debug] Core [2] : PE Utilization(%) 0.00, Systolic Bubble(%) 0.00, Vector Unit Utilization(%) 0.00, Total cycle: 91000
[2026-05-26 12:37:59.622] [debug] Core [3] : MatMul active cycle 254 Vector active cycle 0 
[2026-05-26 12:37:59.622] [debug] Core [3] : issued tile 1 
[2026-05-26 12:37:59.622] [debug] Core [3] : Memory unit idle cycle 463 Systolic bubble cycle 975360 Core idle cycle 0 
[2026-05-26 12:37:59.622] [debug] Core [3] : PE Utilization(%) 0.09, Systolic Bubble(%) 11.91, Vector Unit Utilization(%) 0.00, Total cycle: 91000
[2026-05-26 12:37:59.624] [info] DRAM: Idle 96.20%
[2026-05-26 12:37:59.626] [info] Core [0] : MatMul active cycle 485 Vector active cycle 16 
[2026-05-26 12:37:59.626] [info] Core [0] : issued tile 1 
[2026-05-26 12:37:59.626] [info] Core [0] : Memory unit idle cycle 500 Systolic bubble cycle 4174336 Core idle cycle 0 
[2026-05-26 12:37:59.626] [info] Core [0] : PE Utilization(%) 0.24, Systolic Bubble(%) 50.96, Vector Unit Utilization(%) 3.20, Total cycle: 91500
[2026-05-26 12:37:59.626] [debug] Core [1] : MatMul active cycle 485 Vector active cycle 16 
[2026-05-26 12:37:59.626] [debug] Core [1] : issued tile 1 
[2026-05-26 12:37:59.626] [debug] Core [1] : Memory unit idle cycle 500 Systolic bubble cycle 4206948 Core idle cycle 0 
[2026-05-26 12:37:59.626] [debug] Core [1] : PE Utilization(%) 0.25, Systolic Bubble(%) 51.35, Vector Unit Utilization(%) 3.20, Total cycle: 91500
[2026-05-26 12:37:59.626] [debug] Core [2] : MatMul active cycle 485 Vector active cycle 16 
[2026-05-26 12:37:59.626] [debug] Core [2] : issued tile 1 
[2026-05-26 12:37:59.626] [debug] Core [2] : Memory unit idle cycle 500 Systolic bubble cycle 4206948 Core idle cycle 0 
[2026-05-26 12:37:59.626] [debug] Core [2] : PE Utilization(%) 0.25, Systolic Bubble(%) 51.35, Vector Unit Utilization(%) 3.20, Total cycle: 91500
[2026-05-26 12:37:59.626] [debug] Core [3] : MatMul active cycle 485 Vector active cycle 16 
[2026-05-26 12:37:59.626] [debug] Core [3] : issued tile 1 
[2026-05-26 12:37:59.626] [debug] Core [3] : Memory unit idle cycle 500 Systolic bubble cycle 4206948 Core idle cycle 0 
[2026-05-26 12:37:59.626] [debug] Core [3] : PE Utilization(%) 0.25, Systolic Bubble(%) 51.35, Vector Unit Utilization(%) 3.20, Total cycle: 91500
[2026-05-26 12:37:59.626] [info] DRAM: Idle 100.00%
[2026-05-26 12:37:59.627] [debug] Layer 349 Core 0 Finish Tile at 91788 Remain tile 4
[2026-05-26 12:37:59.628] [debug] Layer 349 Core 1 Finish Tile at 91833 Remain tile 3
[2026-05-26 12:37:59.628] [debug] Layer 349 Core 2 Finish Tile at 91846 Remain tile 2
[2026-05-26 12:37:59.628] [debug] Layer 349 Core 3 Finish Tile at 91851 Remain tile 1
[2026-05-26 12:37:59.628] [info] Layer layer0.attn.Attention.0 finish at 91851
[2026-05-26 12:37:59.628] [info] Total compute time 1287
[2026-05-26 12:37:59.628] [info] executable layer count 1
[2026-05-26 12:37:59.628] [info] Start layer layer0.attn.Atccat
[2026-05-26 12:37:59.628] [debug] Layer layer0.attn.Atccat Core 3 Get Tile at 91851
[2026-05-26 12:37:59.628] [debug] Layer 351 Core 3 Finish Tile at 91852 Remain tile 1
[2026-05-26 12:37:59.628] [info] Layer layer0.attn.Atccat finish at 91852
[2026-05-26 12:37:59.628] [info] Total compute time 1
[2026-05-26 12:37:59.628] [info] executable layer count 1
[2026-05-26 12:37:59.628] [info] Start layer layer0.attn.proj
[2026-05-26 12:37:59.628] [debug] Layer layer0.attn.proj Core 3 Get Tile at 91852
[2026-05-26 12:37:59.628] [debug] Layer layer0.attn.proj Core 0 Get Tile at 91853
[2026-05-26 12:37:59.648] [info] Core [0] : MatMul active cycle 284 Vector active cycle 2 
[2026-05-26 12:37:59.648] [info] Core [0] : issued tile 1 
[2026-05-26 12:37:59.648] [info] Core [0] : Memory unit idle cycle 402 Systolic bubble cycle 4212108 Core idle cycle 48 
[2026-05-26 12:37:59.648] [info] Core [0] : PE Utilization(%) 0.18, Systolic Bubble(%) 51.42, Vector Unit Utilization(%) 0.40, Total cycle: 92000
[2026-05-26 12:37:59.648] [debug] Core [1] : MatMul active cycle 329 Vector active cycle 2 
[2026-05-26 12:37:59.648] [debug] Core [1] : issued tile 0 
[2026-05-26 12:37:59.648] [debug] Core [1] : Memory unit idle cycle 499 Systolic bubble cycle 4212108 Core idle cycle 150 
[2026-05-26 12:37:59.648] [debug] Core [1] : PE Utilization(%) 0.18, Systolic Bubble(%) 51.42, Vector Unit Utilization(%) 0.40, Total cycle: 92000
[2026-05-26 12:37:59.648] [debug] Core [2] : MatMul active cycle 342 Vector active cycle 2 
[2026-05-26 12:37:59.648] [debug] Core [2] : issued tile 0 
[2026-05-26 12:37:59.648] [debug] Core [2] : Memory unit idle cycle 499 Systolic bubble cycle 4212108 Core idle cycle 137 
[2026-05-26 12:37:59.648] [debug] Core [2] : PE Utilization(%) 0.18, Systolic Bubble(%) 51.42, Vector Unit Utilization(%) 0.40, Total cycle: 92000
[2026-05-26 12:37:59.648] [debug] Core [3] : MatMul active cycle 347 Vector active cycle 2 
[2026-05-26 12:37:59.648] [debug] Core [3] : issued tile 1 
[2026-05-26 12:37:59.648] [debug] Core [3] : Memory unit idle cycle 381 Systolic bubble cycle 4212108 Core idle cycle 0 
[2026-05-26 12:37:59.648] [debug] Core [3] : PE Utilization(%) 0.18, Systolic Bubble(%) 51.42, Vector Unit Utilization(%) 0.40, Total cycle: 92000
[2026-05-26 12:37:59.655] [info] DRAM: Idle 54.80%
[2026-05-26 12:37:59.665] [info] DRAM: Idle 74.80%
[2026-05-26 12:37:59.665] [info] Core [0] : MatMul active cycle 360 Vector active cycle 0 
[2026-05-26 12:37:59.665] [info] Core [0] : issued tile 1 
[2026-05-26 12:37:59.665] [info] Core [0] : Memory unit idle cycle 500 Systolic bubble cycle 1709400 Core idle cycle 0 
[2026-05-26 12:37:59.665] [info] Core [0] : PE Utilization(%) 0.13, Systolic Bubble(%) 20.87, Vector Unit Utilization(%) 0.00, Total cycle: 92500
[2026-05-26 12:37:59.665] [debug] Core [1] : MatMul active cycle 0 Vector active cycle 0 
[2026-05-26 12:37:59.665] [debug] Core [1] : issued tile 0 
[2026-05-26 12:37:59.665] [debug] Core [1] : Memory unit idle cycle 500 Systolic bubble cycle 0 Core idle cycle 500 
[2026-05-26 12:37:59.665] [debug] Core [1] : PE Utilization(%) 0.00, Systolic Bubble(%) 0.00, Vector Unit Utilization(%) 0.00, Total cycle: 92500
[2026-05-26 12:37:59.665] [debug] Core [2] : MatMul active cycle 0 Vector active cycle 0 
[2026-05-26 12:37:59.665] [debug] Core [2] : issued tile 0 
[2026-05-26 12:37:59.665] [debug] Core [2] : Memory unit idle cycle 500 Systolic bubble cycle 0 Core idle cycle 500 
[2026-05-26 12:37:59.665] [debug] Core [2] : PE Utilization(%) 0.00, Systolic Bubble(%) 0.00, Vector Unit Utilization(%) 0.00, Total cycle: 92500
[2026-05-26 12:37:59.665] [debug] Core [3] : MatMul active cycle 339 Vector active cycle 0 
[2026-05-26 12:37:59.665] [debug] Core [3] : issued tile 1 
[2026-05-26 12:37:59.665] [debug] Core [3] : Memory unit idle cycle 500 Systolic bubble cycle 1365504 Core idle cycle 0 
[2026-05-26 12:37:59.665] [debug] Core [3] : PE Utilization(%) 0.13, Systolic Bubble(%) 16.67, Vector Unit Utilization(%) 0.00, Total cycle: 92500
[2026-05-26 12:37:59.667] [debug] Layer 353 Core 0 Finish Tile at 92783 Remain tile 2
[2026-05-26 12:37:59.667] [debug] Layer 353 Core 3 Finish Tile at 92804 Remain tile 1
[2026-05-26 12:37:59.667] [info] Layer layer0.attn.proj finish at 92804
[2026-05-26 12:37:59.667] [info] Total compute time 952
[2026-05-26 12:37:59.667] [info] executable layer count 1
[2026-05-26 12:37:59.667] [info] Start layer layer0.attn.ln
[2026-05-26 12:37:59.667] [debug] Layer layer0.attn.ln Core 0 Get Tile at 92805
[2026-05-26 12:37:59.668] [debug] Layer 355 Core 0 Finish Tile at 92848 Remain tile 1
[2026-05-26 12:37:59.668] [info] Layer layer0.attn.ln finish at 92848
[2026-05-26 12:37:59.668] [info] Total compute time 44
[2026-05-26 12:37:59.668] [info] executable layer count 1
[2026-05-26 12:37:59.668] [info] Start layer layer0.ffn.fc1
[2026-05-26 12:37:59.668] [debug] Layer layer0.ffn.fc1 Core 0 Get Tile at 92848
[2026-05-26 12:37:59.668] [debug] Layer layer0.ffn.fc1 Core 1 Get Tile at 92848
[2026-05-26 12:37:59.668] [debug] Layer layer0.ffn.fc1 Core 2 Get Tile at 92848
[2026-05-26 12:37:59.668] [debug] Layer layer0.ffn.fc1 Core 3 Get Tile at 92848
[2026-05-26 12:37:59.673] [info] DRAM: Idle 86.40%
[2026-05-26 12:37:59.701] [info] Core [0] : MatMul active cycle 281 Vector active cycle 12 
[2026-05-26 12:37:59.701] [info] Core [0] : issued tile 1 
[2026-05-26 12:37:59.701] [info] Core [0] : Memory unit idle cycle 379 Systolic bubble cycle 4574680 Core idle cycle 0 
[2026-05-26 12:37:59.701] [info] Core [0] : PE Utilization(%) 0.36, Systolic Bubble(%) 55.84, Vector Unit Utilization(%) 2.40, Total cycle: 93000
[2026-05-26 12:37:59.701] [debug] Core [1] : MatMul active cycle 0 Vector active cycle 0 
[2026-05-26 12:37:59.701] [debug] Core [1] : issued tile 1 
[2026-05-26 12:37:59.701] [debug] Core [1] : Memory unit idle cycle 383 Systolic bubble cycle 0 Core idle cycle 348 
[2026-05-26 12:37:59.701] [debug] Core [1] : PE Utilization(%) 0.00, Systolic Bubble(%) 0.00, Vector Unit Utilization(%) 0.00, Total cycle: 93000
[2026-05-26 12:37:59.701] [debug] Core [2] : MatMul active cycle 0 Vector active cycle 0 
[2026-05-26 12:37:59.701] [debug] Core [2] : issued tile 1 
[2026-05-26 12:37:59.701] [debug] Core [2] : Memory unit idle cycle 383 Systolic bubble cycle 0 Core idle cycle 348 
[2026-05-26 12:37:59.701] [debug] Core [2] : PE Utilization(%) 0.00, Systolic Bubble(%) 0.00, Vector Unit Utilization(%) 0.00, Total cycle: 93000
[2026-05-26 12:37:59.701] [debug] Core [3] : MatMul active cycle 302 Vector active cycle 0 
[2026-05-26 12:37:59.701] [debug] Core [3] : issued tile 1 
[2026-05-26 12:37:59.701] [debug] Core [3] : Memory unit idle cycle 382 Systolic bubble cycle 4909312 Core idle cycle 27 
[2026-05-26 12:37:59.701] [debug] Core [3] : PE Utilization(%) 0.47, Systolic Bubble(%) 59.93, Vector Unit Utilization(%) 0.00, Total cycle: 93000
[2026-05-26 12:37:59.766] [info] DRAM: Idle 0.00%
[2026-05-26 12:37:59.777] [info] Core [0] : MatMul active cycle 80 Vector active cycle 0 
[2026-05-26 12:37:59.777] [info] Core [0] : issued tile 1 
[2026-05-26 12:37:59.777] [info] Core [0] : Memory unit idle cycle 500 Systolic bubble cycle 0 Core idle cycle 0 
[2026-05-26 12:37:59.777] [info] Core [0] : PE Utilization(%) 0.00, Systolic Bubble(%) 0.00, Vector Unit Utilization(%) 0.00, Total cycle: 93500
[2026-05-26 12:37:59.777] [debug] Core [1] : MatMul active cycle 75 Vector active cycle 0 
[2026-05-26 12:37:59.777] [debug] Core [1] : issued tile 1 
[2026-05-26 12:37:59.777] [debug] Core [1] : Memory unit idle cycle 500 Systolic bubble cycle 0 Core idle cycle 0 
[2026-05-26 12:37:59.777] [debug] Core [1] : PE Utilization(%) 0.00, Systolic Bubble(%) 0.00, Vector Unit Utilization(%) 0.00, Total cycle: 93500
[2026-05-26 12:37:59.777] [debug] Core [2] : MatMul active cycle 103 Vector active cycle 0 
[2026-05-26 12:37:59.777] [debug] Core [2] : issued tile 1 
[2026-05-26 12:37:59.777] [debug] Core [2] : Memory unit idle cycle 500 Systolic bubble cycle 0 Core idle cycle 0 
[2026-05-26 12:37:59.777] [debug] Core [2] : PE Utilization(%) 0.00, Systolic Bubble(%) 0.00, Vector Unit Utilization(%) 0.00, Total cycle: 93500
[2026-05-26 12:37:59.777] [debug] Core [3] : MatMul active cycle 83 Vector active cycle 0 
[2026-05-26 12:37:59.777] [debug] Core [3] : issued tile 1 
[2026-05-26 12:37:59.777] [debug] Core [3] : Memory unit idle cycle 500 Systolic bubble cycle 0 Core idle cycle 0 
[2026-05-26 12:37:59.777] [debug] Core [3] : PE Utilization(%) 0.00, Systolic Bubble(%) 0.00, Vector Unit Utilization(%) 0.00, Total cycle: 93500
[2026-05-26 12:37:59.778] [info] DRAM: Idle 71.40%
[2026-05-26 12:37:59.780] [info] Core [0] : MatMul active cycle 500 Vector active cycle 0 
[2026-05-26 12:37:59.780] [info] Core [0] : issued tile 1 
[2026-05-26 12:37:59.780] [info] Core [0] : Memory unit idle cycle 500 Systolic bubble cycle 5283200 Core idle cycle 0 
[2026-05-26 12:37:59.780] [info] Core [0] : PE Utilization(%) 0.51, Systolic Bubble(%) 64.49, Vector Unit Utilization(%) 0.00, Total cycle: 94000
[2026-05-26 12:37:59.780] [debug] Core [1] : MatMul active cycle 500 Vector active cycle 0 
[2026-05-26 12:37:59.780] [debug] Core [1] : issued tile 1 
[2026-05-26 12:37:59.780] [debug] Core [1] : Memory unit idle cycle 500 Systolic bubble cycle 5201920 Core idle cycle 0 
[2026-05-26 12:37:59.780] [debug] Core [1] : PE Utilization(%) 0.50, Systolic Bubble(%) 63.50, Vector Unit Utilization(%) 0.00, Total cycle: 94000
[2026-05-26 12:37:59.780] [debug] Core [2] : MatMul active cycle 500 Vector active cycle 0 
[2026-05-26 12:37:59.780] [debug] Core [2] : issued tile 1 
[2026-05-26 12:37:59.780] [debug] Core [2] : Memory unit idle cycle 500 Systolic bubble cycle 5657088 Core idle cycle 0 
[2026-05-26 12:37:59.780] [debug] Core [2] : PE Utilization(%) 0.54, Systolic Bubble(%) 69.06, Vector Unit Utilization(%) 0.00, Total cycle: 94000
[2026-05-26 12:37:59.780] [debug] Core [3] : MatMul active cycle 500 Vector active cycle 0 
[2026-05-26 12:37:59.780] [debug] Core [3] : issued tile 1 
[2026-05-26 12:37:59.780] [debug] Core [3] : Memory unit idle cycle 500 Systolic bubble cycle 5331968 Core idle cycle 0 
[2026-05-26 12:37:59.780] [debug] Core [3] : PE Utilization(%) 0.51, Systolic Bubble(%) 65.09, Vector Unit Utilization(%) 0.00, Total cycle: 94000
[2026-05-26 12:37:59.780] [debug] Layer 357 Core 2 Finish Tile at 94040 Remain tile 4
[2026-05-26 12:37:59.781] [debug] Layer 357 Core 3 Finish Tile at 94060 Remain tile 3
[2026-05-26 12:37:59.781] [debug] Layer 357 Core 0 Finish Tile at 94063 Remain tile 2
[2026-05-26 12:37:59.781] [debug] Layer 357 Core 1 Finish Tile at 94068 Remain tile 1
[2026-05-26 12:37:59.781] [info] Layer layer0.ffn.fc1 finish at 94068
[2026-05-26 12:37:59.781] [info] Total compute time 1220
[2026-05-26 12:37:59.781] [info] executable layer count 1
[2026-05-26 12:37:59.781] [info] Start layer layer0.ffn.act
[2026-05-26 12:37:59.781] [debug] Layer layer0.ffn.act Core 1 Get Tile at 94068
[2026-05-26 12:37:59.782] [info] DRAM: Idle 81.40%
[2026-05-26 12:37:59.782] [debug] Layer 359 Core 1 Finish Tile at 94136 Remain tile 1
[2026-05-26 12:37:59.782] [info] Layer layer0.ffn.act finish at 94136
[2026-05-26 12:37:59.782] [info] Total compute time 68
[2026-05-26 12:37:59.782] [info] executable layer count 1
[2026-05-26 12:37:59.782] [info] Start layer layer0.ffn.fc2
[2026-05-26 12:37:59.782] [debug] Layer layer0.ffn.fc2 Core 3 Get Tile at 94136
[2026-05-26 12:37:59.782] [debug] Layer layer0.ffn.fc2 Core 0 Get Tile at 94137
[2026-05-26 12:37:59.834] [info] Core [0] : MatMul active cycle 61 Vector active cycle 0 
[2026-05-26 12:37:59.834] [info] Core [0] : issued tile 1 
[2026-05-26 12:37:59.834] [info] Core [0] : Memory unit idle cycle 288 Systolic bubble cycle 991616 Core idle cycle 0 
[2026-05-26 12:37:59.834] [info] Core [0] : PE Utilization(%) 0.10, Systolic Bubble(%) 12.10, Vector Unit Utilization(%) 0.00, Total cycle: 94500
[2026-05-26 12:37:59.834] [debug] Core [1] : MatMul active cycle 66 Vector active cycle 4 
[2026-05-26 12:37:59.834] [debug] Core [1] : issued tile 0 
[2026-05-26 12:37:59.834] [debug] Core [1] : Memory unit idle cycle 493 Systolic bubble cycle 1072896 Core idle cycle 0 
[2026-05-26 12:37:59.834] [debug] Core [1] : PE Utilization(%) 0.10, Systolic Bubble(%) 13.10, Vector Unit Utilization(%) 0.80, Total cycle: 94500
[2026-05-26 12:37:59.834] [debug] Core [2] : MatMul active cycle 38 Vector active cycle 0 
[2026-05-26 12:37:59.834] [debug] Core [2] : issued tile 0 
[2026-05-26 12:37:59.834] [debug] Core [2] : Memory unit idle cycle 499 Systolic bubble cycle 617728 Core idle cycle 428 
[2026-05-26 12:37:59.834] [debug] Core [2] : PE Utilization(%) 0.06, Systolic Bubble(%) 7.54, Vector Unit Utilization(%) 0.00, Total cycle: 94500
[2026-05-26 12:37:59.834] [debug] Core [3] : MatMul active cycle 58 Vector active cycle 0 
[2026-05-26 12:37:59.834] [debug] Core [3] : issued tile 1 
[2026-05-26 12:37:59.834] [debug] Core [3] : Memory unit idle cycle 240 Systolic bubble cycle 942848 Core idle cycle 44 
[2026-05-26 12:37:59.834] [debug] Core [3] : PE Utilization(%) 0.09, Systolic Bubble(%) 11.51, Vector Unit Utilization(%) 0.00, Total cycle: 94500
[2026-05-26 12:37:59.840] [info] DRAM: Idle 1.40%
[2026-05-26 12:37:59.862] [info] DRAM: Idle 50.60%
[2026-05-26 12:37:59.862] [info] Core [0] : MatMul active cycle 255 Vector active cycle 0 
[2026-05-26 12:37:59.862] [info] Core [0] : issued tile 1 
[2026-05-26 12:37:59.862] [info] Core [0] : Memory unit idle cycle 500 Systolic bubble cycle 0 Core idle cycle 0 
[2026-05-26 12:37:59.862] [info] Core [0] : PE Utilization(%) 0.00, Systolic Bubble(%) 0.00, Vector Unit Utilization(%) 0.00, Total cycle: 95000
[2026-05-26 12:37:59.862] [debug] Core [1] : MatMul active cycle 0 Vector active cycle 0 
[2026-05-26 12:37:59.862] [debug] Core [1] : issued tile 0 
[2026-05-26 12:37:59.862] [debug] Core [1] : Memory unit idle cycle 500 Systolic bubble cycle 0 Core idle cycle 260 
[2026-05-26 12:37:59.862] [debug] Core [1] : PE Utilization(%) 0.00, Systolic Bubble(%) 0.00, Vector Unit Utilization(%) 0.00, Total cycle: 95000
[2026-05-26 12:37:59.862] [debug] Core [2] : MatMul active cycle 0 Vector active cycle 0 
[2026-05-26 12:37:59.862] [debug] Core [2] : issued tile 0 
[2026-05-26 12:37:59.862] [debug] Core [2] : Memory unit idle cycle 500 Systolic bubble cycle 0 Core idle cycle 500 
[2026-05-26 12:37:59.862] [debug] Core [2] : PE Utilization(%) 0.00, Systolic Bubble(%) 0.00, Vector Unit Utilization(%) 0.00, Total cycle: 95000
[2026-05-26 12:37:59.862] [debug] Core [3] : MatMul active cycle 239 Vector active cycle 0 
[2026-05-26 12:37:59.862] [debug] Core [3] : issued tile 1 
[2026-05-26 12:37:59.862] [debug] Core [3] : Memory unit idle cycle 500 Systolic bubble cycle 0 Core idle cycle 0 
[2026-05-26 12:37:59.862] [debug] Core [3] : PE Utilization(%) 0.00, Systolic Bubble(%) 0.00, Vector Unit Utilization(%) 0.00, Total cycle: 95000
[2026-05-26 12:37:59.864] [info] DRAM: Idle 100.00%
[2026-05-26 12:37:59.865] [info] Core [0] : MatMul active cycle 500 Vector active cycle 0 
[2026-05-26 12:37:59.865] [info] Core [0] : issued tile 1 
[2026-05-26 12:37:59.865] [info] Core [0] : Memory unit idle cycle 500 Systolic bubble cycle 8140000 Core idle cycle 0 
[2026-05-26 12:37:59.865] [info] Core [0] : PE Utilization(%) 0.63, Systolic Bubble(%) 99.37, Vector Unit Utilization(%) 0.00, Total cycle: 95500
[2026-05-26 12:37:59.865] [debug] Core [1] : MatMul active cycle 0 Vector active cycle 0 
[2026-05-26 12:37:59.865] [debug] Core [1] : issued tile 0 
[2026-05-26 12:37:59.865] [debug] Core [1] : Memory unit idle cycle 500 Systolic bubble cycle 0 Core idle cycle 500 
[2026-05-26 12:37:59.865] [debug] Core [1] : PE Utilization(%) 0.00, Systolic Bubble(%) 0.00, Vector Unit Utilization(%) 0.00, Total cycle: 95500
[2026-05-26 12:37:59.865] [debug] Core [2] : MatMul active cycle 0 Vector active cycle 0 
[2026-05-26 12:37:59.865] [debug] Core [2] : issued tile 0 
[2026-05-26 12:37:59.865] [debug] Core [2] : Memory unit idle cycle 500 Systolic bubble cycle 0 Core idle cycle 500 
[2026-05-26 12:37:59.865] [debug] Core [2] : PE Utilization(%) 0.00, Systolic Bubble(%) 0.00, Vector Unit Utilization(%) 0.00, Total cycle: 95500
[2026-05-26 12:37:59.865] [debug] Core [3] : MatMul active cycle 500 Vector active cycle 0 
[2026-05-26 12:37:59.865] [debug] Core [3] : issued tile 1 
[2026-05-26 12:37:59.865] [debug] Core [3] : Memory unit idle cycle 500 Systolic bubble cycle 7867904 Core idle cycle 0 
[2026-05-26 12:37:59.865] [debug] Core [3] : PE Utilization(%) 0.76, Systolic Bubble(%) 96.04, Vector Unit Utilization(%) 0.00, Total cycle: 95500
[2026-05-26 12:37:59.866] [debug] Layer 361 Core 0 Finish Tile at 95644 Remain tile 2
[2026-05-26 12:37:59.866] [debug] Layer 361 Core 3 Finish Tile at 95660 Remain tile 1
[2026-05-26 12:37:59.866] [info] Layer layer0.ffn.fc2 finish at 95660
[2026-05-26 12:37:59.866] [info] Total compute time 1524
[2026-05-26 12:37:59.866] [info] executable layer count 1
[2026-05-26 12:37:59.866] [info] Start layer layer0.ffn.ln
[2026-05-26 12:37:59.866] [debug] Layer layer0.ffn.ln Core 2 Get Tile at 95661
[2026-05-26 12:37:59.867] [debug] Layer 363 Core 2 Finish Tile at 95705 Remain tile 1
[2026-05-26 12:37:59.867] [info] Layer layer0.ffn.ln finish at 95705
[2026-05-26 12:37:59.867] [info] Total compute time 45
[2026-05-26 12:37:59.867] [info] Model[tiny_transformer] Request: 89 us, Start: 89 us, finish:95 us, Current Cycle:95705
[2026-05-26 12:37:59.867] [info] No total_seq_len!
[2026-05-26 12:37:59.867] [info] Total Memory Usage: 0.01 GB
[2026-05-26 12:37:59.867] [info] Weight Memory Usage: 0.01 GB
[2026-05-26 12:37:59.867] [info] KV Memory Usage: 0.00 GB
[2026-05-26 12:37:59.867] [info] Activation Memory Usage: 0.00 GB
[2026-05-26 12:37:59.867] [debug] [Gemm] input_shape: [1, 232]
[2026-05-26 12:37:59.867] [debug] [Gemm] output_shape : [1, 696]
[2026-05-26 12:37:59.867] [info] [GEMM] spad_size: 33554432 accum_size: 4194304
[2026-05-26 12:37:59.867] [info] [GEMM] required_sram_size: 131072 required_accum_size: 32768
[2026-05-26 12:37:59.867] [info] [GEMM] Used mapping: Total N:1 C:232 M:696 | Outer N:1 C:1 M:6 | Inner N:128 C:256 M:128
[2026-05-26 12:37:59.868] [info] [GemmWs] Keys K = 232, N = 1, M = 696
[2026-05-26 12:37:59.868] [info] [GemmWS]: total 0.00032364 GFLOPs, 0.000326192 GB
[2026-05-26 12:37:59.868] [info] [GemmWS]: Theoretical time(ms): 0.0005312573421178968 Compute time: 2.469177307062864e-06 Memory time: 0.0005312573421178968
[2026-05-26 12:37:59.868] [debug] [KVCacheConcat] input_token_lengths: [1]
[2026-05-26 12:37:59.868] [debug] [KVCacheConcat] number of tiles: 1
[2026-05-26 12:37:59.869] [info] [Attention] total_spad_size_per_head: 18444 B
[2026-05-26 12:37:59.869] [info] [Attention] total_acc_size_per_head: 158 B
[2026-05-26 12:37:59.869] [info] [Attention] q_len: 1, seq_len: 79, dk: 58, heads per tile 1
[2026-05-26 12:37:59.869] [info] [Attention] Spad size 16777216
[2026-05-26 12:37:59.869] [info] [Attention] Accum spad size 2097152
[2026-05-26 12:37:59.869] [info] Mapping info Total Loop: N4 C58 M79 S1 R1 Q1 P1 Tile Out Loop: N4 C1 M1 S1 R1 Q1 P1 Tile In Loop: N1 C58 M79 S1 R1 Q1 P1
[2026-05-26 12:37:59.870] [info] [Attention] QK 3.6656e-05 GFLOPs
[2026-05-26 12:37:59.870] [info] [Attention] total 7.6472e-05 GFLOPs, 7.424e-05 GB
[2026-05-26 12:37:59.870] [info] [Attention] Theoretical time(ms): 0.000120912046 Compute time: 9.450684e-07 Memory time: 0.000120912046
[2026-05-26 12:37:59.870] [info] [Attention] QK compute 0.0000ms Softmax compute 0.0000ms SV compute 0.0000ms
[2026-05-26 12:37:59.870] [debug] [Gemm] input_shape: [1, 232]
[2026-05-26 12:37:59.870] [debug] [Gemm] output_shape : [1, 232]
[2026-05-26 12:37:59.870] [info] [GEMM] spad_size: 33554432 accum_size: 4194304
[2026-05-26 12:37:59.870] [info] [GEMM] required_sram_size: 131072 required_accum_size: 32768
[2026-05-26 12:37:59.870] [info] [GEMM] Used mapping: Total N:1 C:232 M:232 | Outer N:1 C:1 M:2 | Inner N:128 C:256 M:128
[2026-05-26 12:37:59.870] [info] [GemmWs] Keys K = 232, N = 1, M = 232
[2026-05-26 12:37:59.870] [info] [GemmWS]: total 0.00010787999 GFLOPs, 0.000109040004 GB
[2026-05-26 12:37:59.870] [info] [GemmWS]: Theoretical time(ms): 0.00017758958392732893 Compute time: 8.230590098357027e-07 Memory time: 0.00017758958392732893
[2026-05-26 12:37:59.870] [info] [SkipLayerNorm] tokens_per_tile: 1
[2026-05-26 12:37:59.870] [debug] [Gemm] input_shape: [1, 232]
[2026-05-26 12:37:59.870] [debug] [Gemm] output_shape : [1, 512]
[2026-05-26 12:37:59.870] [info] [GEMM] spad_size: 33554432 accum_size: 4194304
[2026-05-26 12:37:59.870] [info] [GEMM] required_sram_size: 131072 required_accum_size: 32768
[2026-05-26 12:37:59.870] [info] [GEMM] Used mapping: Total N:1 C:232 M:512 | Outer N:1 C:1 M:4 | Inner N:128 C:256 M:128
[2026-05-26 12:37:59.871] [info] [GemmWs] Keys K = 232, N = 1, M = 512
[2026-05-26 12:37:59.871] [info] [GemmWS]: total 0.000237568 GFLOPs, 0.000239056 GB
[2026-05-26 12:37:59.871] [info] [GemmWS]: Theoretical time(ms): 0.0003893420057465846 Compute time: 1.81250003894462e-06 Memory time: 0.0003893420057465846
[2026-05-26 12:37:59.871] [info] [BiasAct] tokens_per_tile: 1
[2026-05-26 12:37:59.871] [debug] [Gemm] input_shape: [1, 512]
[2026-05-26 12:37:59.871] [debug] [Gemm] output_shape : [1, 232]
[2026-05-26 12:37:59.871] [info] [GEMM] spad_size: 33554432 accum_size: 4194304
[2026-05-26 12:37:59.871] [info] [GEMM] required_sram_size: 262144 required_accum_size: 32768
[2026-05-26 12:37:59.871] [info] [GEMM] Used mapping: Total N:1 C:512 M:232 | Outer N:1 C:1 M:2 | Inner N:128 C:512 M:128
[2026-05-26 12:37:59.872] [info] [GemmWs] Keys K = 512, N = 1, M = 232
[2026-05-26 12:37:59.872] [info] [GemmWS]: total 0.00023779999 GFLOPs, 0.00023952 GB
[2026-05-26 12:37:59.872] [info] [GemmWS]: Theoretical time(ms): 0.00039009771057862963 Compute time: 1.8142699564904774e-06 Memory time: 0.00039009771057862963
[2026-05-26 12:37:59.872] [info] [SkipLayerNorm] tokens_per_tile: 1
[2026-05-26 12:37:59.872] [debug] runnable op, 
[2026-05-26 12:37:59.872] [info]  Model initialization time: 0.004827 seconds
[2026-05-26 12:37:59.872] [info] Schedule model: tiny_transformer at 95707000 us
[2026-05-26 12:37:59.872] [info] MODEL tiny_transformer Scheduled, Total Request: 1
[2026-05-26 12:37:59.872] [info] executable layer count 1
[2026-05-26 12:37:59.872] [info] Start layer layer0.attn.QKVgen
[2026-05-26 12:37:59.872] [debug] Layer layer0.attn.QKVgen Core 0 Get Tile at 95706
[2026-05-26 12:37:59.872] [debug] Layer layer0.attn.QKVgen Core 1 Get Tile at 95706
[2026-05-26 12:37:59.872] [debug] Layer layer0.attn.QKVgen Core 2 Get Tile at 95706
[2026-05-26 12:37:59.872] [debug] Layer layer0.attn.QKVgen Core 3 Get Tile at 95706
[2026-05-26 12:37:59.872] [debug] Layer layer0.attn.QKVgen Core 1 Get Tile at 95707
[2026-05-26 12:37:59.872] [debug] Layer layer0.attn.QKVgen Core 2 Get Tile at 95707
[2026-05-26 12:37:59.890] [info] DRAM: Idle 72.40%
[2026-05-26 12:37:59.930] [info] HBM2-CH_0: BW utilization 23% (2224 reads, 15 writes)
[2026-05-26 12:37:59.930] [debug] HBM2-CH_1: BW utilization 23% (2220 reads, 13 writes)
[2026-05-26 12:37:59.930] [debug] HBM2-CH_2: BW utilization 23% (2204 reads, 11 writes)
[2026-05-26 12:37:59.930] [debug] HBM2-CH_3: BW utilization 23% (2219 reads, 15 writes)
[2026-05-26 12:37:59.930] [debug] HBM2-CH_4: BW utilization 23% (2209 reads, 12 writes)
[2026-05-26 12:37:59.930] [debug] HBM2-CH_5: BW utilization 23% (2220 reads, 15 writes)
[2026-05-26 12:37:59.930] [debug] HBM2-CH_6: BW utilization 23% (2216 reads, 14 writes)
[2026-05-26 12:37:59.930] [debug] HBM2-CH_7: BW utilization 23% (2207 reads, 12 writes)
[2026-05-26 12:37:59.930] [debug] HBM2-CH_8: BW utilization 23% (2218 reads, 13 writes)
[2026-05-26 12:37:59.930] [debug] HBM2-CH_9: BW utilization 23% (2211 reads, 14 writes)
[2026-05-26 12:37:59.930] [debug] HBM2-CH_10: BW utilization 23% (2212 reads, 15 writes)
[2026-05-26 12:37:59.930] [debug] HBM2-CH_11: BW utilization 23% (2220 reads, 13 writes)
[2026-05-26 12:37:59.930] [debug] HBM2-CH_12: BW utilization 23% (2208 reads, 15 writes)
[2026-05-26 12:37:59.930] [debug] HBM2-CH_13: BW utilization 23% (2219 reads, 12 writes)
[2026-05-26 12:37:59.930] [debug] HBM2-CH_14: BW utilization 23% (2212 reads, 12 writes)
[2026-05-26 12:37:59.930] [debug] HBM2-CH_15: BW utilization 23% (2205 reads, 15 writes)
[2026-05-26 12:37:59.938] [info] Core [0] : MatMul active cycle 142 Vector active cycle 0 
[2026-05-26 12:37:59.938] [info] Core [0] : issued tile 1 
[2026-05-26 12:37:59.938] [info] Core [0] : Memory unit idle cycle 381 Systolic bubble cycle 2311760 Core idle cycle 30 
[2026-05-26 12:37:59.938] [info] Core [0] : PE Utilization(%) 0.18, Systolic Bubble(%) 28.22, Vector Unit Utilization(%) 0.00, Total cycle: 96000
[2026-05-26 12:37:59.938] [debug] Core [1] : MatMul active cycle 0 Vector active cycle 0 
[2026-05-26 12:37:59.938] [debug] Core [1] : issued tile 2 
[2026-05-26 12:37:59.938] [debug] Core [1] : Memory unit idle cycle 264 Systolic bubble cycle 0 Core idle cycle 206 
[2026-05-26 12:37:59.938] [debug] Core [1] : PE Utilization(%) 0.00, Systolic Bubble(%) 0.00, Vector Unit Utilization(%) 0.00, Total cycle: 96000
[2026-05-26 12:37:59.938] [debug] Core [2] : MatMul active cycle 0 Vector active cycle 12 
[2026-05-26 12:37:59.938] [debug] Core [2] : issued tile 2 
[2026-05-26 12:37:59.938] [debug] Core [2] : Memory unit idle cycle 327 Systolic bubble cycle 0 Core idle cycle 161 
[2026-05-26 12:37:59.938] [debug] Core [2] : PE Utilization(%) 0.00, Systolic Bubble(%) 0.00, Vector Unit Utilization(%) 2.40, Total cycle: 96000
[2026-05-26 12:37:59.938] [debug] Core [3] : MatMul active cycle 158 Vector active cycle 0 
[2026-05-26 12:37:59.938] [debug] Core [3] : issued tile 1 
[2026-05-26 12:37:59.938] [debug] Core [3] : Memory unit idle cycle 381 Systolic bubble cycle 2568448 Core idle cycle 29 
[2026-05-26 12:37:59.938] [debug] Core [3] : PE Utilization(%) 0.25, Systolic Bubble(%) 31.35, Vector Unit Utilization(%) 0.00, Total cycle: 96000
[2026-05-26 12:37:59.982] [info] DRAM: Idle 0.00%
[2026-05-26 12:38:00.012] [info] Core [0] : MatMul active cycle 169 Vector active cycle 0 
[2026-05-26 12:38:00.012] [info] Core [0] : issued tile 1 
[2026-05-26 12:38:00.012] [info] Core [0] : Memory unit idle cycle 500 Systolic bubble cycle 0 Core idle cycle 0 
[2026-05-26 12:38:00.012] [info] Core [0] : PE Utilization(%) 0.00, Systolic Bubble(%) 0.00, Vector Unit Utilization(%) 0.00, Total cycle: 96500
[2026-05-26 12:38:00.012] [debug] Core [1] : MatMul active cycle 168 Vector active cycle 0 
[2026-05-26 12:38:00.012] [debug] Core [1] : issued tile 2 
[2026-05-26 12:38:00.012] [debug] Core [1] : Memory unit idle cycle 500 Systolic bubble cycle 0 Core idle cycle 0 
[2026-05-26 12:38:00.012] [debug] Core [1] : PE Utilization(%) 0.00, Systolic Bubble(%) 0.00, Vector Unit Utilization(%) 0.00, Total cycle: 96500
[2026-05-26 12:38:00.012] [debug] Core [2] : MatMul active cycle 151 Vector active cycle 0 
[2026-05-26 12:38:00.012] [debug] Core [2] : issued tile 2 
[2026-05-26 12:38:00.012] [debug] Core [2] : Memory unit idle cycle 500 Systolic bubble cycle 0 Core idle cycle 0 
[2026-05-26 12:38:00.012] [debug] Core [2] : PE Utilization(%) 0.00, Systolic Bubble(%) 0.00, Vector Unit Utilization(%) 0.00, Total cycle: 96500
[2026-05-26 12:38:00.012] [debug] Core [3] : MatMul active cycle 169 Vector active cycle 0 
[2026-05-26 12:38:00.012] [debug] Core [3] : issued tile 1 
[2026-05-26 12:38:00.012] [debug] Core [3] : Memory unit idle cycle 500 Systolic bubble cycle 0 Core idle cycle 0 
[2026-05-26 12:38:00.012] [debug] Core [3] : PE Utilization(%) 0.00, Systolic Bubble(%) 0.00, Vector Unit Utilization(%) 0.00, Total cycle: 96500
[2026-05-26 12:38:00.012] [info] DRAM: Idle 38.60%
[2026-05-26 12:38:00.015] [debug] Layer 368 Core 0 Finish Tile at 96974 Remain tile 6
[2026-05-26 12:38:00.015] [debug] Layer 368 Core 3 Finish Tile at 96974 Remain tile 5
[2026-05-26 12:38:00.015] [debug] Layer 368 Core 1 Finish Tile at 96975 Remain tile 4
[2026-05-26 12:38:00.015] [debug] Layer 368 Core 2 Finish Tile at 96992 Remain tile 3
[2026-05-26 12:38:00.015] [info] Core [0] : MatMul active cycle 472 Vector active cycle 0 
[2026-05-26 12:38:00.015] [info] Core [0] : issued tile 0 
[2026-05-26 12:38:00.015] [info] Core [0] : Memory unit idle cycle 499 Systolic bubble cycle 6274816 Core idle cycle 8 
[2026-05-26 12:38:00.015] [info] Core [0] : PE Utilization(%) 0.60, Systolic Bubble(%) 76.60, Vector Unit Utilization(%) 0.00, Total cycle: 97000
[2026-05-26 12:38:00.015] [debug] Core [1] : MatMul active cycle 500 Vector active cycle 0 
[2026-05-26 12:38:00.015] [debug] Core [1] : issued tile 1 
[2026-05-26 12:38:00.015] [debug] Core [1] : Memory unit idle cycle 499 Systolic bubble cycle 6713728 Core idle cycle 0 
[2026-05-26 12:38:00.015] [debug] Core [1] : PE Utilization(%) 0.65, Systolic Bubble(%) 81.95, Vector Unit Utilization(%) 0.00, Total cycle: 97000
[2026-05-26 12:38:00.015] [debug] Core [2] : MatMul active cycle 500 Vector active cycle 0 
[2026-05-26 12:38:00.015] [debug] Core [2] : issued tile 1 
[2026-05-26 12:38:00.015] [debug] Core [2] : Memory unit idle cycle 499 Systolic bubble cycle 6438096 Core idle cycle 0 
[2026-05-26 12:38:00.015] [debug] Core [2] : PE Utilization(%) 0.61, Systolic Bubble(%) 78.59, Vector Unit Utilization(%) 0.00, Total cycle: 97000
[2026-05-26 12:38:00.015] [debug] Core [3] : MatMul active cycle 472 Vector active cycle 0 
[2026-05-26 12:38:00.015] [debug] Core [3] : issued tile 0 
[2026-05-26 12:38:00.015] [debug] Core [3] : Memory unit idle cycle 499 Systolic bubble cycle 6274816 Core idle cycle 9 
[2026-05-26 12:38:00.015] [debug] Core [3] : PE Utilization(%) 0.60, Systolic Bubble(%) 76.60, Vector Unit Utilization(%) 0.00, Total cycle: 97000
[2026-05-26 12:38:00.015] [info] DRAM: Idle 95.20%
[2026-05-26 12:38:00.017] [debug] Layer 368 Core 1 Finish Tile at 97231 Remain tile 2
[2026-05-26 12:38:00.017] [debug] Layer 368 Core 2 Finish Tile at 97248 Remain tile 1
[2026-05-26 12:38:00.017] [info] Layer layer0.attn.QKVgen finish at 97248
[2026-05-26 12:38:00.017] [info] Total compute time 1542
[2026-05-26 12:38:00.017] [info] executable layer count 1
[2026-05-26 12:38:00.017] [info] Start layer layer0.attn.KVccat
[2026-05-26 12:38:00.017] [debug] Layer layer0.attn.KVccat Core 3 Get Tile at 97248
[2026-05-26 12:38:00.017] [debug] Layer 370 Core 3 Finish Tile at 97249 Remain tile 1
[2026-05-26 12:38:00.017] [info] Layer layer0.attn.KVccat finish at 97249
[2026-05-26 12:38:00.017] [info] Total compute time 1
[2026-05-26 12:38:00.017] [info] executable layer count 1
[2026-05-26 12:38:00.017] [info] Start layer layer0.attn.Attention.0
[2026-05-26 12:38:00.017] [debug] Layer layer0.attn.Attention.0 Core 3 Get Tile at 97249
[2026-05-26 12:38:00.017] [debug] Layer layer0.attn.Attention.0 Core 0 Get Tile at 97250
[2026-05-26 12:38:00.017] [debug] Layer layer0.attn.Attention.0 Core 1 Get Tile at 97250
[2026-05-26 12:38:00.017] [debug] Layer layer0.attn.Attention.0 Core 2 Get Tile at 97250
[2026-05-26 12:38:00.049] [info] DRAM: Idle 51.00%
[2026-05-26 12:38:00.050] [info] Core [0] : MatMul active cycle 30 Vector active cycle 0 
[2026-05-26 12:38:00.050] [info] Core [0] : issued tile 1 
[2026-05-26 12:38:00.050] [info] Core [0] : Memory unit idle cycle 463 Systolic bubble cycle 0 Core idle cycle 250 
[2026-05-26 12:38:00.050] [info] Core [0] : PE Utilization(%) 0.00, Systolic Bubble(%) 0.00, Vector Unit Utilization(%) 0.00, Total cycle: 97500
[2026-05-26 12:38:00.050] [debug] Core [1] : MatMul active cycle 251 Vector active cycle 0 
[2026-05-26 12:38:00.050] [debug] Core [1] : issued tile 1 
[2026-05-26 12:38:00.050] [debug] Core [1] : Memory unit idle cycle 462 Systolic bubble cycle 3722624 Core idle cycle 2 
[2026-05-26 12:38:00.050] [debug] Core [1] : PE Utilization(%) 0.36, Systolic Bubble(%) 45.44, Vector Unit Utilization(%) 0.00, Total cycle: 97500
[2026-05-26 12:38:00.050] [debug] Core [2] : MatMul active cycle 317 Vector active cycle 0 
[2026-05-26 12:38:00.050] [debug] Core [2] : issued tile 1 
[2026-05-26 12:38:00.051] [debug] Core [2] : Memory unit idle cycle 462 Systolic bubble cycle 4016688 Core idle cycle 0 
[2026-05-26 12:38:00.051] [debug] Core [2] : PE Utilization(%) 0.17, Systolic Bubble(%) 49.03, Vector Unit Utilization(%) 0.00, Total cycle: 97500
[2026-05-26 12:38:00.051] [debug] Core [3] : MatMul active cycle 59 Vector active cycle 0 
[2026-05-26 12:38:00.051] [debug] Core [3] : issued tile 1 
[2026-05-26 12:38:00.051] [debug] Core [3] : Memory unit idle cycle 463 Systolic bubble cycle 0 Core idle cycle 249 
[2026-05-26 12:38:00.051] [debug] Core [3] : PE Utilization(%) 0.00, Systolic Bubble(%) 0.00, Vector Unit Utilization(%) 0.00, Total cycle: 97500
[2026-05-26 12:38:00.053] [info] DRAM: Idle 90.80%
[2026-05-26 12:38:00.054] [info] Core [0] : MatMul active cycle 485 Vector active cycle 16 
[2026-05-26 12:38:00.054] [info] Core [0] : issued tile 1 
[2026-05-26 12:38:00.054] [info] Core [0] : Memory unit idle cycle 500 Systolic bubble cycle 4206690 Core idle cycle 0 
[2026-05-26 12:38:00.054] [info] Core [0] : PE Utilization(%) 0.25, Systolic Bubble(%) 51.35, Vector Unit Utilization(%) 3.20, Total cycle: 98000
[2026-05-26 12:38:00.054] [debug] Core [1] : MatMul active cycle 491 Vector active cycle 8 
[2026-05-26 12:38:00.054] [debug] Core [1] : issued tile 1 
[2026-05-26 12:38:00.054] [debug] Core [1] : Memory unit idle cycle 500 Systolic bubble cycle 4206690 Core idle cycle 0 
[2026-05-26 12:38:00.054] [debug] Core [1] : PE Utilization(%) 0.25, Systolic Bubble(%) 51.35, Vector Unit Utilization(%) 1.60, Total cycle: 98000
[2026-05-26 12:38:00.054] [debug] Core [2] : MatMul active cycle 485 Vector active cycle 16 
[2026-05-26 12:38:00.054] [debug] Core [2] : issued tile 1 
[2026-05-26 12:38:00.054] [debug] Core [2] : Memory unit idle cycle 500 Systolic bubble cycle 4206690 Core idle cycle 0 
[2026-05-26 12:38:00.054] [debug] Core [2] : PE Utilization(%) 0.25, Systolic Bubble(%) 51.35, Vector Unit Utilization(%) 3.20, Total cycle: 98000
[2026-05-26 12:38:00.054] [debug] Core [3] : MatMul active cycle 485 Vector active cycle 16 
[2026-05-26 12:38:00.054] [debug] Core [3] : issued tile 1 
[2026-05-26 12:38:00.054] [debug] Core [3] : Memory unit idle cycle 500 Systolic bubble cycle 4206690 Core idle cycle 0 
[2026-05-26 12:38:00.054] [debug] Core [3] : PE Utilization(%) 0.25, Systolic Bubble(%) 51.35, Vector Unit Utilization(%) 3.20, Total cycle: 98000
[2026-05-26 12:38:00.056] [info] DRAM: Idle 100.00%
[2026-05-26 12:38:00.057] [debug] Layer 374 Core 2 Finish Tile at 98474 Remain tile 4
[2026-05-26 12:38:00.057] [debug] Layer 374 Core 3 Finish Tile at 98486 Remain tile 3
[2026-05-26 12:38:00.057] [info] Core [0] : MatMul active cycle 500 Vector active cycle 0 
[2026-05-26 12:38:00.057] [info] Core [0] : issued tile 1 
[2026-05-26 12:38:00.057] [info] Core [0] : Memory unit idle cycle 500 Systolic bubble cycle 4032522 Core idle cycle 0 
[2026-05-26 12:38:00.057] [info] Core [0] : PE Utilization(%) 0.17, Systolic Bubble(%) 49.23, Vector Unit Utilization(%) 0.00, Total cycle: 98500
[2026-05-26 12:38:00.057] [debug] Core [1] : MatMul active cycle 494 Vector active cycle 8 
[2026-05-26 12:38:00.057] [debug] Core [1] : issued tile 1 
[2026-05-26 12:38:00.057] [debug] Core [1] : Memory unit idle cycle 500 Systolic bubble cycle 3901914 Core idle cycle 0 
[2026-05-26 12:38:00.057] [debug] Core [1] : PE Utilization(%) 0.17, Systolic Bubble(%) 47.63, Vector Unit Utilization(%) 1.60, Total cycle: 98500
[2026-05-26 12:38:00.057] [debug] Core [2] : MatMul active cycle 470 Vector active cycle 2 
[2026-05-26 12:38:00.057] [debug] Core [2] : issued tile 0 
[2026-05-26 12:38:00.057] [debug] Core [2] : Memory unit idle cycle 499 Systolic bubble cycle 4212108 Core idle cycle 9 
[2026-05-26 12:38:00.057] [debug] Core [2] : PE Utilization(%) 0.18, Systolic Bubble(%) 51.42, Vector Unit Utilization(%) 0.40, Total cycle: 98500
[2026-05-26 12:38:00.057] [debug] Core [3] : MatMul active cycle 482 Vector active cycle 2 
[2026-05-26 12:38:00.057] [debug] Core [3] : issued tile 0 
[2026-05-26 12:38:00.057] [debug] Core [3] : Memory unit idle cycle 499 Systolic bubble cycle 4212108 Core idle cycle 0 
[2026-05-26 12:38:00.057] [debug] Core [3] : PE Utilization(%) 0.18, Systolic Bubble(%) 51.42, Vector Unit Utilization(%) 0.40, Total cycle: 98500
[2026-05-26 12:38:00.057] [debug] Layer 374 Core 0 Finish Tile at 98515 Remain tile 2
[2026-05-26 12:38:00.058] [debug] Layer 374 Core 1 Finish Tile at 98523 Remain tile 1
[2026-05-26 12:38:00.058] [info] Layer layer0.attn.Attention.0 finish at 98523
[2026-05-26 12:38:00.058] [info] Total compute time 1274
[2026-05-26 12:38:00.058] [info] executable layer count 1
[2026-05-26 12:38:00.058] [info] Start layer layer0.attn.Atccat
[2026-05-26 12:38:00.058] [debug] Layer layer0.attn.Atccat Core 0 Get Tile at 98524
[2026-05-26 12:38:00.058] [debug] Layer 376 Core 0 Finish Tile at 98525 Remain tile 1
[2026-05-26 12:38:00.058] [info] Layer layer0.attn.Atccat finish at 98525
[2026-05-26 12:38:00.058] [info] Total compute time 2
[2026-05-26 12:38:00.058] [info] executable layer count 1
[2026-05-26 12:38:00.058] [info] Start layer layer0.attn.proj
[2026-05-26 12:38:00.058] [debug] Layer layer0.attn.proj Core 1 Get Tile at 98525
[2026-05-26 12:38:00.058] [debug] Layer layer0.attn.proj Core 2 Get Tile at 98525
[2026-05-26 12:38:00.083] [info] DRAM: Idle 56.80%
[2026-05-26 12:38:00.094] [info] Core [0] : MatMul active cycle 11 Vector active cycle 2 
[2026-05-26 12:38:00.094] [info] Core [0] : issued tile 0 
[2026-05-26 12:38:00.094] [info] Core [0] : Memory unit idle cycle 499 Systolic bubble cycle 179586 Core idle cycle 468 
[2026-05-26 12:38:00.094] [info] Core [0] : PE Utilization(%) 0.01, Systolic Bubble(%) 2.19, Vector Unit Utilization(%) 0.40, Total cycle: 99000
[2026-05-26 12:38:00.094] [debug] Core [1] : MatMul active cycle 171 Vector active cycle 2 
[2026-05-26 12:38:00.094] [debug] Core [1] : issued tile 1 
[2026-05-26 12:38:00.094] [debug] Core [1] : Memory unit idle cycle 381 Systolic bubble cycle 310194 Core idle cycle 0 
[2026-05-26 12:38:00.094] [debug] Core [1] : PE Utilization(%) 0.01, Systolic Bubble(%) 3.79, Vector Unit Utilization(%) 0.40, Total cycle: 99000
[2026-05-26 12:38:00.094] [debug] Core [2] : MatMul active cycle 177 Vector active cycle 0 
[2026-05-26 12:38:00.094] [debug] Core [2] : issued tile 1 
[2026-05-26 12:38:00.094] [debug] Core [2] : Memory unit idle cycle 403 Systolic bubble cycle 0 Core idle cycle 25 
[2026-05-26 12:38:00.094] [debug] Core [2] : PE Utilization(%) 0.00, Systolic Bubble(%) 0.00, Vector Unit Utilization(%) 0.00, Total cycle: 99000
[2026-05-26 12:38:00.094] [debug] Core [3] : MatMul active cycle 0 Vector active cycle 0 
[2026-05-26 12:38:00.094] [debug] Core [3] : issued tile 0 
[2026-05-26 12:38:00.094] [debug] Core [3] : Memory unit idle cycle 500 Systolic bubble cycle 0 Core idle cycle 497 
[2026-05-26 12:38:00.094] [debug] Core [3] : PE Utilization(%) 0.00, Systolic Bubble(%) 0.00, Vector Unit Utilization(%) 0.00, Total cycle: 99000
[2026-05-26 12:38:00.095] [info] DRAM: Idle 69.20%
[2026-05-26 12:38:00.097] [debug] Layer 378 Core 2 Finish Tile at 99466 Remain tile 2
[2026-05-26 12:38:00.097] [debug] Layer 378 Core 1 Finish Tile at 99491 Remain tile 1
[2026-05-26 12:38:00.097] [info] Layer layer0.attn.proj finish at 99491
[2026-05-26 12:38:00.097] [info] Total compute time 966
[2026-05-26 12:38:00.097] [info] executable layer count 1
[2026-05-26 12:38:00.097] [info] Start layer layer0.attn.ln
[2026-05-26 12:38:00.097] [debug] Layer layer0.attn.ln Core 1 Get Tile at 99491
[2026-05-26 12:38:00.098] [info] Core [0] : MatMul active cycle 0 Vector active cycle 0 
[2026-05-26 12:38:00.098] [info] Core [0] : issued tile 0 
[2026-05-26 12:38:00.098] [info] Core [0] : Memory unit idle cycle 500 Systolic bubble cycle 0 Core idle cycle 500 
[2026-05-26 12:38:00.098] [info] Core [0] : PE Utilization(%) 0.00, Systolic Bubble(%) 0.00, Vector Unit Utilization(%) 0.00, Total cycle: 99500
[2026-05-26 12:38:00.098] [debug] Core [1] : MatMul active cycle 489 Vector active cycle 0 
[2026-05-26 12:38:00.098] [debug] Core [1] : issued tile 1 
[2026-05-26 12:38:00.098] [debug] Core [1] : Memory unit idle cycle 497 Systolic bubble cycle 6274816 Core idle cycle 0 
[2026-05-26 12:38:00.098] [debug] Core [1] : PE Utilization(%) 0.60, Systolic Bubble(%) 76.60, Vector Unit Utilization(%) 0.00, Total cycle: 99500
[2026-05-26 12:38:00.098] [debug] Core [2] : MatMul active cycle 464 Vector active cycle 0 
[2026-05-26 12:38:00.098] [debug] Core [2] : issued tile 0 
[2026-05-26 12:38:00.098] [debug] Core [2] : Memory unit idle cycle 499 Systolic bubble cycle 6284080 Core idle cycle 2 
[2026-05-26 12:38:00.098] [debug] Core [2] : PE Utilization(%) 0.49, Systolic Bubble(%) 76.71, Vector Unit Utilization(%) 0.00, Total cycle: 99500
[2026-05-26 12:38:00.098] [debug] Core [3] : MatMul active cycle 0 Vector active cycle 0 
[2026-05-26 12:38:00.098] [debug] Core [3] : issued tile 0 
[2026-05-26 12:38:00.098] [debug] Core [3] : Memory unit idle cycle 500 Systolic bubble cycle 0 Core idle cycle 500 
[2026-05-26 12:38:00.098] [debug] Core [3] : PE Utilization(%) 0.00, Systolic Bubble(%) 0.00, Vector Unit Utilization(%) 0.00, Total cycle: 99500
[2026-05-26 12:38:00.098] [debug] Layer 380 Core 1 Finish Tile at 99542 Remain tile 1
[2026-05-26 12:38:00.098] [info] Layer layer0.attn.ln finish at 99542
[2026-05-26 12:38:00.098] [info] Total compute time 51
[2026-05-26 12:38:00.098] [info] executable layer count 1
[2026-05-26 12:38:00.098] [info] Start layer layer0.ffn.fc1
[2026-05-26 12:38:00.098] [debug] Layer layer0.ffn.fc1 Core 1 Get Tile at 99542
[2026-05-26 12:38:00.098] [debug] Layer layer0.ffn.fc1 Core 2 Get Tile at 99542
[2026-05-26 12:38:00.098] [debug] Layer layer0.ffn.fc1 Core 3 Get Tile at 99542
[2026-05-26 12:38:00.098] [info] DRAM: Idle 90.20%
[2026-05-26 12:38:00.098] [debug] Layer layer0.ffn.fc1 Core 0 Get Tile at 99543
[2026-05-26 12:38:00.190] [info] DRAM: Idle 1.80%
[2026-05-26 12:38:00.197] [info] Core [0] : MatMul active cycle 0 Vector active cycle 0 
[2026-05-26 12:38:00.197] [info] Core [0] : issued tile 1 
[2026-05-26 12:38:00.197] [info] Core [0] : Memory unit idle cycle 383 Systolic bubble cycle 0 Core idle cycle 43 
[2026-05-26 12:38:00.197] [info] Core [0] : PE Utilization(%) 0.00, Systolic Bubble(%) 0.00, Vector Unit Utilization(%) 0.00, Total cycle: 100000
[2026-05-26 12:38:00.197] [debug] Core [1] : MatMul active cycle 0 Vector active cycle 12 
[2026-05-26 12:38:00.197] [debug] Core [1] : issued tile 1 
[2026-05-26 12:38:00.197] [debug] Core [1] : Memory unit idle cycle 382 Systolic bubble cycle 0 Core idle cycle 0 
[2026-05-26 12:38:00.197] [debug] Core [1] : PE Utilization(%) 0.00, Systolic Bubble(%) 0.00, Vector Unit Utilization(%) 2.40, Total cycle: 100000
[2026-05-26 12:38:00.197] [debug] Core [2] : MatMul active cycle 0 Vector active cycle 0 
[2026-05-26 12:38:00.197] [debug] Core [2] : issued tile 1 
[2026-05-26 12:38:00.197] [debug] Core [2] : Memory unit idle cycle 383 Systolic bubble cycle 0 Core idle cycle 42 
[2026-05-26 12:38:00.197] [debug] Core [2] : PE Utilization(%) 0.00, Systolic Bubble(%) 0.00, Vector Unit Utilization(%) 0.00, Total cycle: 100000
[2026-05-26 12:38:00.197] [debug] Core [3] : MatMul active cycle 0 Vector active cycle 0 
[2026-05-26 12:38:00.197] [debug] Core [3] : issued tile 1 
[2026-05-26 12:38:00.197] [debug] Core [3] : Memory unit idle cycle 383 Systolic bubble cycle 0 Core idle cycle 42 
[2026-05-26 12:38:00.197] [debug] Core [3] : PE Utilization(%) 0.00, Systolic Bubble(%) 0.00, Vector Unit Utilization(%) 0.00, Total cycle: 100000
[2026-05-26 12:38:00.208] [info] DRAM: Idle 69.80%
[2026-05-26 12:38:00.208] [info] Core [0] : MatMul active cycle 414 Vector active cycle 0 
[2026-05-26 12:38:00.208] [info] Core [0] : issued tile 1 
[2026-05-26 12:38:00.208] [info] Core [0] : Memory unit idle cycle 500 Systolic bubble cycle 2584704 Core idle cycle 0 
[2026-05-26 12:38:00.208] [info] Core [0] : PE Utilization(%) 0.25, Systolic Bubble(%) 31.55, Vector Unit Utilization(%) 0.00, Total cycle: 100500
[2026-05-26 12:38:00.208] [debug] Core [1] : MatMul active cycle 411 Vector active cycle 0 
[2026-05-26 12:38:00.208] [debug] Core [1] : issued tile 1 
[2026-05-26 12:38:00.208] [debug] Core [1] : Memory unit idle cycle 500 Systolic bubble cycle 2535936 Core idle cycle 0 
[2026-05-26 12:38:00.208] [debug] Core [1] : PE Utilization(%) 0.24, Systolic Bubble(%) 30.96, Vector Unit Utilization(%) 0.00, Total cycle: 100500
[2026-05-26 12:38:00.208] [debug] Core [2] : MatMul active cycle 405 Vector active cycle 0 
[2026-05-26 12:38:00.208] [debug] Core [2] : issued tile 1 
[2026-05-26 12:38:00.208] [debug] Core [2] : Memory unit idle cycle 500 Systolic bubble cycle 2438400 Core idle cycle 0 
[2026-05-26 12:38:00.208] [debug] Core [2] : PE Utilization(%) 0.23, Systolic Bubble(%) 29.77, Vector Unit Utilization(%) 0.00, Total cycle: 100500
[2026-05-26 12:38:00.208] [debug] Core [3] : MatMul active cycle 410 Vector active cycle 0 
[2026-05-26 12:38:00.208] [debug] Core [3] : issued tile 1 
[2026-05-26 12:38:00.208] [debug] Core [3] : Memory unit idle cycle 500 Systolic bubble cycle 2519680 Core idle cycle 0 
[2026-05-26 12:38:00.208] [debug] Core [3] : PE Utilization(%) 0.24, Systolic Bubble(%) 30.76, Vector Unit Utilization(%) 0.00, Total cycle: 100500
[2026-05-26 12:38:00.210] [debug] Layer 382 Core 0 Finish Tile at 100729 Remain tile 4
[2026-05-26 12:38:00.210] [debug] Layer 382 Core 1 Finish Tile at 100732 Remain tile 3
[2026-05-26 12:38:00.210] [debug] Layer 382 Core 3 Finish Tile at 100733 Remain tile 2
[2026-05-26 12:38:00.210] [debug] Layer 382 Core 2 Finish Tile at 100738 Remain tile 1
[2026-05-26 12:38:00.210] [info] Layer layer0.ffn.fc1 finish at 100738
[2026-05-26 12:38:00.210] [info] Total compute time 1196
[2026-05-26 12:38:00.210] [info] executable layer count 1
[2026-05-26 12:38:00.210] [info] Start layer layer0.ffn.act
[2026-05-26 12:38:00.210] [debug] Layer layer0.ffn.act Core 2 Get Tile at 100738
[2026-05-26 12:38:00.211] [debug] Layer 384 Core 2 Finish Tile at 100782 Remain tile 1
[2026-05-26 12:38:00.211] [info] Layer layer0.ffn.act finish at 100782
[2026-05-26 12:38:00.211] [info] Total compute time 44
[2026-05-26 12:38:00.211] [info] executable layer count 1
[2026-05-26 12:38:00.211] [info] Start layer layer0.ffn.fc2
[2026-05-26 12:38:00.211] [debug] Layer layer0.ffn.fc2 Core 2 Get Tile at 100782
[2026-05-26 12:38:00.211] [debug] Layer layer0.ffn.fc2 Core 1 Get Tile at 100783
[2026-05-26 12:38:00.212] [info] DRAM: Idle 93.40%
[2026-05-26 12:38:00.243] [info] Core [0] : MatMul active cycle 227 Vector active cycle 0 
[2026-05-26 12:38:00.243] [info] Core [0] : issued tile 0 
[2026-05-26 12:38:00.243] [info] Core [0] : Memory unit idle cycle 499 Systolic bubble cycle 3690112 Core idle cycle 254 
[2026-05-26 12:38:00.243] [info] Core [0] : PE Utilization(%) 0.35, Systolic Bubble(%) 45.05, Vector Unit Utilization(%) 0.00, Total cycle: 101000
[2026-05-26 12:38:00.243] [debug] Core [1] : MatMul active cycle 230 Vector active cycle 0 
[2026-05-26 12:38:00.243] [debug] Core [1] : issued tile 1 
[2026-05-26 12:38:00.243] [debug] Core [1] : Memory unit idle cycle 283 Systolic bubble cycle 3738880 Core idle cycle 34 
[2026-05-26 12:38:00.243] [debug] Core [1] : PE Utilization(%) 0.36, Systolic Bubble(%) 45.64, Vector Unit Utilization(%) 0.00, Total cycle: 101000
[2026-05-26 12:38:00.243] [debug] Core [2] : MatMul active cycle 236 Vector active cycle 4 
[2026-05-26 12:38:00.243] [debug] Core [2] : issued tile 1 
[2026-05-26 12:38:00.243] [debug] Core [2] : Memory unit idle cycle 282 Systolic bubble cycle 3836416 Core idle cycle 0 
[2026-05-26 12:38:00.243] [debug] Core [2] : PE Utilization(%) 0.37, Systolic Bubble(%) 46.83, Vector Unit Utilization(%) 0.80, Total cycle: 101000
[2026-05-26 12:38:00.243] [debug] Core [3] : MatMul active cycle 231 Vector active cycle 0 
[2026-05-26 12:38:00.243] [debug] Core [3] : issued tile 0 
[2026-05-26 12:38:00.243] [debug] Core [3] : Memory unit idle cycle 499 Systolic bubble cycle 3755136 Core idle cycle 249 
[2026-05-26 12:38:00.243] [debug] Core [3] : PE Utilization(%) 0.36, Systolic Bubble(%) 45.84, Vector Unit Utilization(%) 0.00, Total cycle: 101000
[2026-05-26 12:38:00.272] [info] DRAM: Idle 0.00%
[2026-05-26 12:38:00.290] [info] Core [0] : MatMul active cycle 0 Vector active cycle 0 
[2026-05-26 12:38:00.290] [info] Core [0] : issued tile 0 
[2026-05-26 12:38:00.290] [info] Core [0] : Memory unit idle cycle 500 Systolic bubble cycle 0 Core idle cycle 500 
[2026-05-26 12:38:00.290] [info] Core [0] : PE Utilization(%) 0.00, Systolic Bubble(%) 0.00, Vector Unit Utilization(%) 0.00, Total cycle: 101500
[2026-05-26 12:38:00.290] [debug] Core [1] : MatMul active cycle 80 Vector active cycle 0 
[2026-05-26 12:38:00.290] [debug] Core [1] : issued tile 1 
[2026-05-26 12:38:00.290] [debug] Core [1] : Memory unit idle cycle 457 Systolic bubble cycle 0 Core idle cycle 0 
[2026-05-26 12:38:00.290] [debug] Core [1] : PE Utilization(%) 0.00, Systolic Bubble(%) 0.00, Vector Unit Utilization(%) 0.00, Total cycle: 101500
[2026-05-26 12:38:00.290] [debug] Core [2] : MatMul active cycle 122 Vector active cycle 0 
[2026-05-26 12:38:00.290] [debug] Core [2] : issued tile 1 
[2026-05-26 12:38:00.290] [debug] Core [2] : Memory unit idle cycle 500 Systolic bubble cycle 0 Core idle cycle 0 
[2026-05-26 12:38:00.290] [debug] Core [2] : PE Utilization(%) 0.00, Systolic Bubble(%) 0.00, Vector Unit Utilization(%) 0.00, Total cycle: 101500
[2026-05-26 12:38:00.290] [debug] Core [3] : MatMul active cycle 0 Vector active cycle 0 
[2026-05-26 12:38:00.290] [debug] Core [3] : issued tile 0 
[2026-05-26 12:38:00.290] [debug] Core [3] : Memory unit idle cycle 500 Systolic bubble cycle 0 Core idle cycle 500 
[2026-05-26 12:38:00.290] [debug] Core [3] : PE Utilization(%) 0.00, Systolic Bubble(%) 0.00, Vector Unit Utilization(%) 0.00, Total cycle: 101500
[2026-05-26 12:38:00.291] [info] DRAM: Idle 51.80%
[2026-05-26 12:38:00.294] [info] Core [0] : MatMul active cycle 0 Vector active cycle 0 
[2026-05-26 12:38:00.294] [info] Core [0] : issued tile 0 
[2026-05-26 12:38:00.294] [info] Core [0] : Memory unit idle cycle 500 Systolic bubble cycle 0 Core idle cycle 500 
[2026-05-26 12:38:00.294] [info] Core [0] : PE Utilization(%) 0.00, Systolic Bubble(%) 0.00, Vector Unit Utilization(%) 0.00, Total cycle: 102000
[2026-05-26 12:38:00.294] [debug] Core [1] : MatMul active cycle 500 Vector active cycle 0 
[2026-05-26 12:38:00.294] [debug] Core [1] : issued tile 1 
[2026-05-26 12:38:00.294] [debug] Core [1] : Memory unit idle cycle 500 Systolic bubble cycle 5283200 Core idle cycle 0 
[2026-05-26 12:38:00.294] [debug] Core [1] : PE Utilization(%) 0.51, Systolic Bubble(%) 64.49, Vector Unit Utilization(%) 0.00, Total cycle: 102000
[2026-05-26 12:38:00.294] [debug] Core [2] : MatMul active cycle 500 Vector active cycle 0 
[2026-05-26 12:38:00.294] [debug] Core [2] : issued tile 1 
[2026-05-26 12:38:00.294] [debug] Core [2] : Memory unit idle cycle 500 Systolic bubble cycle 5974760 Core idle cycle 0 
[2026-05-26 12:38:00.294] [debug] Core [2] : PE Utilization(%) 0.47, Systolic Bubble(%) 72.93, Vector Unit Utilization(%) 0.00, Total cycle: 102000
[2026-05-26 12:38:00.294] [debug] Core [3] : MatMul active cycle 0 Vector active cycle 0 
[2026-05-26 12:38:00.294] [debug] Core [3] : issued tile 0 
[2026-05-26 12:38:00.294] [debug] Core [3] : Memory unit idle cycle 500 Systolic bubble cycle 0 Core idle cycle 500 
[2026-05-26 12:38:00.294] [debug] Core [3] : PE Utilization(%) 0.00, Systolic Bubble(%) 0.00, Vector Unit Utilization(%) 0.00, Total cycle: 102000
[2026-05-26 12:38:00.294] [info] DRAM: Idle 100.00%
[2026-05-26 12:38:00.295] [debug] Layer 386 Core 2 Finish Tile at 102277 Remain tile 2
[2026-05-26 12:38:00.296] [debug] Layer 386 Core 1 Finish Tile at 102319 Remain tile 1
[2026-05-26 12:38:00.296] [info] Layer layer0.ffn.fc2 finish at 102319
[2026-05-26 12:38:00.296] [info] Total compute time 1537
[2026-05-26 12:38:00.296] [info] executable layer count 1
[2026-05-26 12:38:00.296] [info] Start layer layer0.ffn.ln
[2026-05-26 12:38:00.296] [debug] Layer layer0.ffn.ln Core 3 Get Tile at 102319
[2026-05-26 12:38:00.296] [debug] Layer 388 Core 3 Finish Tile at 102364 Remain tile 1
[2026-05-26 12:38:00.296] [info] Layer layer0.ffn.ln finish at 102364
[2026-05-26 12:38:00.296] [info] Total compute time 45
[2026-05-26 12:38:00.296] [info] Model[tiny_transformer] Request: 95 us, Start: 95 us, finish:102 us, Current Cycle:102364
[2026-05-26 12:38:00.296] [info] No total_seq_len!
[2026-05-26 12:38:00.296] [info] Total Memory Usage: 0.01 GB
[2026-05-26 12:38:00.296] [info] Weight Memory Usage: 0.01 GB
[2026-05-26 12:38:00.296] [info] KV Memory Usage: 0.00 GB
[2026-05-26 12:38:00.296] [info] Activation Memory Usage: 0.00 GB
[2026-05-26 12:38:00.296] [debug] [Gemm] input_shape: [1, 232]
[2026-05-26 12:38:00.296] [debug] [Gemm] output_shape : [1, 696]
[2026-05-26 12:38:00.296] [info] [GEMM] spad_size: 33554432 accum_size: 4194304
[2026-05-26 12:38:00.296] [info] [GEMM] required_sram_size: 131072 required_accum_size: 32768
[2026-05-26 12:38:00.296] [info] [GEMM] Used mapping: Total N:1 C:232 M:696 | Outer N:1 C:1 M:6 | Inner N:128 C:256 M:128
[2026-05-26 12:38:00.298] [info] [GemmWs] Keys K = 232, N = 1, M = 696
[2026-05-26 12:38:00.298] [info] [GemmWS]: total 0.00032364 GFLOPs, 0.000326192 GB
[2026-05-26 12:38:00.298] [info] [GemmWS]: Theoretical time(ms): 0.0005312573421178968 Compute time: 2.469177307062864e-06 Memory time: 0.0005312573421178968
[2026-05-26 12:38:00.298] [debug] [KVCacheConcat] input_token_lengths: [1]
[2026-05-26 12:38:00.298] [debug] [KVCacheConcat] number of tiles: 1
[2026-05-26 12:38:00.298] [info] [Attention] total_spad_size_per_head: 18676 B
[2026-05-26 12:38:00.298] [info] [Attention] total_acc_size_per_head: 160 B
[2026-05-26 12:38:00.298] [info] [Attention] q_len: 1, seq_len: 80, dk: 58, heads per tile 1
[2026-05-26 12:38:00.298] [info] [Attention] Spad size 16777216
[2026-05-26 12:38:00.298] [info] [Attention] Accum spad size 2097152
[2026-05-26 12:38:00.298] [info] Mapping info Total Loop: N4 C58 M80 S1 R1 Q1 P1 Tile Out Loop: N4 C1 M1 S1 R1 Q1 P1 Tile In Loop: N1 C58 M80 S1 R1 Q1 P1
[2026-05-26 12:38:00.299] [info] [Attention] QK 3.712e-05 GFLOPs
[2026-05-26 12:38:00.299] [info] [Attention] total 7.7439996e-05 GFLOPs, 7.5168e-05 GB
[2026-05-26 12:38:00.299] [info] [Attention] Theoretical time(ms): 0.00012242344 Compute time: 9.570313e-07 Memory time: 0.00012242344
[2026-05-26 12:38:00.299] [info] [Attention] QK compute 0.0000ms Softmax compute 0.0000ms SV compute 0.0000ms
[2026-05-26 12:38:00.299] [debug] [Gemm] input_shape: [1, 232]
[2026-05-26 12:38:00.299] [debug] [Gemm] output_shape : [1, 232]
[2026-05-26 12:38:00.299] [info] [GEMM] spad_size: 33554432 accum_size: 4194304
[2026-05-26 12:38:00.299] [info] [GEMM] required_sram_size: 131072 required_accum_size: 32768
[2026-05-26 12:38:00.299] [info] [GEMM] Used mapping: Total N:1 C:232 M:232 | Outer N:1 C:1 M:2 | Inner N:128 C:256 M:128
[2026-05-26 12:38:00.299] [info] [GemmWs] Keys K = 232, N = 1, M = 232
[2026-05-26 12:38:00.299] [info] [GemmWS]: total 0.00010787999 GFLOPs, 0.000109040004 GB
[2026-05-26 12:38:00.299] [info] [GemmWS]: Theoretical time(ms): 0.00017758958392732893 Compute time: 8.230590098357027e-07 Memory time: 0.00017758958392732893
[2026-05-26 12:38:00.299] [info] [SkipLayerNorm] tokens_per_tile: 1
[2026-05-26 12:38:00.299] [debug] [Gemm] input_shape: [1, 232]
[2026-05-26 12:38:00.299] [debug] [Gemm] output_shape : [1, 512]
[2026-05-26 12:38:00.299] [info] [GEMM] spad_size: 33554432 accum_size: 4194304
[2026-05-26 12:38:00.299] [info] [GEMM] required_sram_size: 131072 required_accum_size: 32768
[2026-05-26 12:38:00.299] [info] [GEMM] Used mapping: Total N:1 C:232 M:512 | Outer N:1 C:1 M:4 | Inner N:128 C:256 M:128
[2026-05-26 12:38:00.300] [info] [GemmWs] Keys K = 232, N = 1, M = 512
[2026-05-26 12:38:00.300] [info] [GemmWS]: total 0.000237568 GFLOPs, 0.000239056 GB
[2026-05-26 12:38:00.300] [info] [GemmWS]: Theoretical time(ms): 0.0003893420057465846 Compute time: 1.81250003894462e-06 Memory time: 0.0003893420057465846
[2026-05-26 12:38:00.300] [info] [BiasAct] tokens_per_tile: 1
[2026-05-26 12:38:00.300] [debug] [Gemm] input_shape: [1, 512]
[2026-05-26 12:38:00.300] [debug] [Gemm] output_shape : [1, 232]
[2026-05-26 12:38:00.300] [info] [GEMM] spad_size: 33554432 accum_size: 4194304
[2026-05-26 12:38:00.300] [info] [GEMM] required_sram_size: 262144 required_accum_size: 32768
[2026-05-26 12:38:00.300] [info] [GEMM] Used mapping: Total N:1 C:512 M:232 | Outer N:1 C:1 M:2 | Inner N:128 C:512 M:128
[2026-05-26 12:38:00.301] [info] [GemmWs] Keys K = 512, N = 1, M = 232
[2026-05-26 12:38:00.301] [info] [GemmWS]: total 0.00023779999 GFLOPs, 0.00023952 GB
[2026-05-26 12:38:00.301] [info] [GemmWS]: Theoretical time(ms): 0.00039009771057862963 Compute time: 1.8142699564904774e-06 Memory time: 0.00039009771057862963
[2026-05-26 12:38:00.301] [info] [SkipLayerNorm] tokens_per_tile: 1
[2026-05-26 12:38:00.301] [debug] runnable op, 
[2026-05-26 12:38:00.301] [info]  Model initialization time: 0.004835 seconds
[2026-05-26 12:38:00.301] [info] Schedule model: tiny_transformer at 102366000 us
[2026-05-26 12:38:00.301] [info] MODEL tiny_transformer Scheduled, Total Request: 1
[2026-05-26 12:38:00.301] [info] executable layer count 1
[2026-05-26 12:38:00.301] [info] Start layer layer0.attn.QKVgen
[2026-05-26 12:38:00.301] [debug] Layer layer0.attn.QKVgen Core 0 Get Tile at 102365
[2026-05-26 12:38:00.301] [debug] Layer layer0.attn.QKVgen Core 1 Get Tile at 102365
[2026-05-26 12:38:00.301] [debug] Layer layer0.attn.QKVgen Core 2 Get Tile at 102365
[2026-05-26 12:38:00.301] [debug] Layer layer0.attn.QKVgen Core 3 Get Tile at 102365
[2026-05-26 12:38:00.301] [debug] Layer layer0.attn.QKVgen Core 0 Get Tile at 102366
[2026-05-26 12:38:00.301] [debug] Layer layer0.attn.QKVgen Core 3 Get Tile at 102366
[2026-05-26 12:38:00.321] [info] DRAM: Idle 70.80%
[2026-05-26 12:38:00.331] [info] Core [0] : MatMul active cycle 0 Vector active cycle 0 
[2026-05-26 12:38:00.331] [info] Core [0] : issued tile 2 
[2026-05-26 12:38:00.331] [info] Core [0] : Memory unit idle cycle 366 Systolic bubble cycle 0 Core idle cycle 365 
[2026-05-26 12:38:00.331] [info] Core [0] : PE Utilization(%) 0.00, Systolic Bubble(%) 0.00, Vector Unit Utilization(%) 0.00, Total cycle: 102500
[2026-05-26 12:38:00.331] [debug] Core [1] : MatMul active cycle 317 Vector active cycle 0 
[2026-05-26 12:38:00.331] [debug] Core [1] : issued tile 1 
[2026-05-26 12:38:00.331] [debug] Core [1] : Memory unit idle cycle 381 Systolic bubble cycle 5153152 Core idle cycle 29 
[2026-05-26 12:38:00.331] [debug] Core [1] : PE Utilization(%) 0.50, Systolic Bubble(%) 62.90, Vector Unit Utilization(%) 0.00, Total cycle: 102500
[2026-05-26 12:38:00.331] [debug] Core [2] : MatMul active cycle 275 Vector active cycle 0 
[2026-05-26 12:38:00.331] [debug] Core [2] : issued tile 1 
[2026-05-26 12:38:00.331] [debug] Core [2] : Memory unit idle cycle 381 Systolic bubble cycle 4477000 Core idle cycle 56 
[2026-05-26 12:38:00.331] [debug] Core [2] : PE Utilization(%) 0.35, Systolic Bubble(%) 54.65, Vector Unit Utilization(%) 0.00, Total cycle: 102500
[2026-05-26 12:38:00.331] [debug] Core [3] : MatMul active cycle 0 Vector active cycle 12 
[2026-05-26 12:38:00.331] [debug] Core [3] : issued tile 2 
[2026-05-26 12:38:00.331] [debug] Core [3] : Memory unit idle cycle 363 Systolic bubble cycle 0 Core idle cycle 319 
[2026-05-26 12:38:00.331] [debug] Core [3] : PE Utilization(%) 0.00, Systolic Bubble(%) 0.00, Vector Unit Utilization(%) 2.40, Total cycle: 102500
[2026-05-26 12:38:00.412] [info] DRAM: Idle 0.00%
[2026-05-26 12:38:00.430] [info] Core [0] : MatMul active cycle 0 Vector active cycle 0 
[2026-05-26 12:38:00.430] [info] Core [0] : issued tile 2 
[2026-05-26 12:38:00.430] [info] Core [0] : Memory unit idle cycle 464 Systolic bubble cycle 0 Core idle cycle 0 
[2026-05-26 12:38:00.430] [info] Core [0] : PE Utilization(%) 0.00, Systolic Bubble(%) 0.00, Vector Unit Utilization(%) 0.00, Total cycle: 103000
[2026-05-26 12:38:00.430] [debug] Core [1] : MatMul active cycle 0 Vector active cycle 0 
[2026-05-26 12:38:00.430] [debug] Core [1] : issued tile 1 
[2026-05-26 12:38:00.430] [debug] Core [1] : Memory unit idle cycle 500 Systolic bubble cycle 0 Core idle cycle 0 
[2026-05-26 12:38:00.430] [debug] Core [1] : PE Utilization(%) 0.00, Systolic Bubble(%) 0.00, Vector Unit Utilization(%) 0.00, Total cycle: 103000
[2026-05-26 12:38:00.430] [debug] Core [2] : MatMul active cycle 18 Vector active cycle 0 
[2026-05-26 12:38:00.430] [debug] Core [2] : issued tile 1 
[2026-05-26 12:38:00.430] [debug] Core [2] : Memory unit idle cycle 500 Systolic bubble cycle 0 Core idle cycle 0 
[2026-05-26 12:38:00.430] [debug] Core [2] : PE Utilization(%) 0.00, Systolic Bubble(%) 0.00, Vector Unit Utilization(%) 0.00, Total cycle: 103000
[2026-05-26 12:38:00.430] [debug] Core [3] : MatMul active cycle 0 Vector active cycle 0 
[2026-05-26 12:38:00.430] [debug] Core [3] : issued tile 2 
[2026-05-26 12:38:00.430] [debug] Core [3] : Memory unit idle cycle 398 Systolic bubble cycle 0 Core idle cycle 0 
[2026-05-26 12:38:00.430] [debug] Core [3] : PE Utilization(%) 0.00, Systolic Bubble(%) 0.00, Vector Unit Utilization(%) 0.00, Total cycle: 103000
[2026-05-26 12:38:00.441] [info] DRAM: Idle 38.60%
[2026-05-26 12:38:00.442] [info] Core [0] : MatMul active cycle 500 Vector active cycle 0 
[2026-05-26 12:38:00.442] [info] Core [0] : issued tile 2 
[2026-05-26 12:38:00.442] [info] Core [0] : Memory unit idle cycle 500 Systolic bubble cycle 3982720 Core idle cycle 0 
[2026-05-26 12:38:00.442] [info] Core [0] : PE Utilization(%) 0.38, Systolic Bubble(%) 48.62, Vector Unit Utilization(%) 0.00, Total cycle: 103500
[2026-05-26 12:38:00.442] [debug] Core [1] : MatMul active cycle 487 Vector active cycle 0 
[2026-05-26 12:38:00.442] [debug] Core [1] : issued tile 1 
[2026-05-26 12:38:00.442] [debug] Core [1] : Memory unit idle cycle 500 Systolic bubble cycle 3771392 Core idle cycle 0 
[2026-05-26 12:38:00.442] [debug] Core [1] : PE Utilization(%) 0.36, Systolic Bubble(%) 46.04, Vector Unit Utilization(%) 0.00, Total cycle: 103500
[2026-05-26 12:38:00.442] [debug] Core [2] : MatMul active cycle 500 Vector active cycle 0 
[2026-05-26 12:38:00.442] [debug] Core [2] : issued tile 1 
[2026-05-26 12:38:00.442] [debug] Core [2] : Memory unit idle cycle 500 Systolic bubble cycle 4275328 Core idle cycle 0 
[2026-05-26 12:38:00.442] [debug] Core [2] : PE Utilization(%) 0.41, Systolic Bubble(%) 52.19, Vector Unit Utilization(%) 0.00, Total cycle: 103500
[2026-05-26 12:38:00.442] [debug] Core [3] : MatMul active cycle 452 Vector active cycle 0 
[2026-05-26 12:38:00.442] [debug] Core [3] : issued tile 2 
[2026-05-26 12:38:00.442] [debug] Core [3] : Memory unit idle cycle 500 Systolic bubble cycle 3202432 Core idle cycle 0 
[2026-05-26 12:38:00.442] [debug] Core [3] : PE Utilization(%) 0.31, Systolic Bubble(%) 39.09, Vector Unit Utilization(%) 0.00, Total cycle: 103500
[2026-05-26 12:38:00.443] [debug] Layer 393 Core 2 Finish Tile at 103625 Remain tile 6
[2026-05-26 12:38:00.443] [debug] Layer 393 Core 0 Finish Tile at 103643 Remain tile 5
[2026-05-26 12:38:00.444] [debug] Layer 393 Core 1 Finish Tile at 103656 Remain tile 4
[2026-05-26 12:38:00.444] [debug] Layer 393 Core 3 Finish Tile at 103691 Remain tile 3
[2026-05-26 12:38:00.444] [info] DRAM: Idle 95.80%
[2026-05-26 12:38:00.445] [debug] Layer 393 Core 0 Finish Tile at 103899 Remain tile 2
[2026-05-26 12:38:00.446] [debug] Layer 393 Core 3 Finish Tile at 103947 Remain tile 1
[2026-05-26 12:38:00.446] [info] Layer layer0.attn.QKVgen finish at 103947
[2026-05-26 12:38:00.446] [info] Total compute time 1582
[2026-05-26 12:38:00.446] [info] executable layer count 1
[2026-05-26 12:38:00.446] [info] Start layer layer0.attn.KVccat
[2026-05-26 12:38:00.446] [debug] Layer layer0.attn.KVccat Core 0 Get Tile at 103948
[2026-05-26 12:38:00.446] [debug] Layer 395 Core 0 Finish Tile at 103949 Remain tile 1
[2026-05-26 12:38:00.446] [info] Layer layer0.attn.KVccat finish at 103949
[2026-05-26 12:38:00.446] [info] Total compute time 2
[2026-05-26 12:38:00.446] [info] executable layer count 1
[2026-05-26 12:38:00.446] [info] Start layer layer0.attn.Attention.0
[2026-05-26 12:38:00.446] [debug] Layer layer0.attn.Attention.0 Core 0 Get Tile at 103949
[2026-05-26 12:38:00.446] [debug] Layer layer0.attn.Attention.0 Core 1 Get Tile at 103949
[2026-05-26 12:38:00.446] [debug] Layer layer0.attn.Attention.0 Core 2 Get Tile at 103949
[2026-05-26 12:38:00.446] [debug] Layer layer0.attn.Attention.0 Core 3 Get Tile at 103949
[2026-05-26 12:38:00.447] [info] HBM2-CH_0: BW utilization 24% (2364 reads, 14 writes)
[2026-05-26 12:38:00.447] [debug] HBM2-CH_1: BW utilization 24% (2363 reads, 14 writes)
[2026-05-26 12:38:00.447] [debug] HBM2-CH_2: BW utilization 24% (2369 reads, 13 writes)
[2026-05-26 12:38:00.447] [debug] HBM2-CH_3: BW utilization 24% (2353 reads, 14 writes)
[2026-05-26 12:38:00.447] [debug] HBM2-CH_4: BW utilization 24% (2374 reads, 15 writes)
[2026-05-26 12:38:00.447] [debug] HBM2-CH_5: BW utilization 24% (2359 reads, 14 writes)
[2026-05-26 12:38:00.447] [debug] HBM2-CH_6: BW utilization 24% (2364 reads, 14 writes)
[2026-05-26 12:38:00.447] [debug] HBM2-CH_7: BW utilization 24% (2374 reads, 15 writes)
[2026-05-26 12:38:00.447] [debug] HBM2-CH_8: BW utilization 24% (2366 reads, 14 writes)
[2026-05-26 12:38:00.447] [debug] HBM2-CH_9: BW utilization 24% (2365 reads, 15 writes)
[2026-05-26 12:38:00.447] [debug] HBM2-CH_10: BW utilization 24% (2370 reads, 15 writes)
[2026-05-26 12:38:00.447] [debug] HBM2-CH_11: BW utilization 24% (2371 reads, 14 writes)
[2026-05-26 12:38:00.447] [debug] HBM2-CH_12: BW utilization 24% (2372 reads, 15 writes)
[2026-05-26 12:38:00.447] [debug] HBM2-CH_13: BW utilization 24% (2368 reads, 13 writes)
[2026-05-26 12:38:00.447] [debug] HBM2-CH_14: BW utilization 24% (2373 reads, 15 writes)
[2026-05-26 12:38:00.447] [debug] HBM2-CH_15: BW utilization 24% (2376 reads, 16 writes)
[2026-05-26 12:38:00.454] [info] Core [0] : MatMul active cycle 397 Vector active cycle 0 
[2026-05-26 12:38:00.454] [info] Core [0] : issued tile 1 
[2026-05-26 12:38:00.454] [info] Core [0] : Memory unit idle cycle 461 Systolic bubble cycle 6472064 Core idle cycle 33 
[2026-05-26 12:38:00.454] [info] Core [0] : PE Utilization(%) 0.40, Systolic Bubble(%) 79.00, Vector Unit Utilization(%) 0.00, Total cycle: 104000
[2026-05-26 12:38:00.454] [debug] Core [1] : MatMul active cycle 154 Vector active cycle 0 
[2026-05-26 12:38:00.454] [debug] Core [1] : issued tile 1 
[2026-05-26 12:38:00.454] [debug] Core [1] : Memory unit idle cycle 462 Systolic bubble cycle 2503424 Core idle cycle 276 
[2026-05-26 12:38:00.454] [debug] Core [1] : PE Utilization(%) 0.24, Systolic Bubble(%) 30.56, Vector Unit Utilization(%) 0.00, Total cycle: 104000
[2026-05-26 12:38:00.454] [debug] Core [2] : MatMul active cycle 123 Vector active cycle 0 
[2026-05-26 12:38:00.454] [debug] Core [2] : issued tile 1 
[2026-05-26 12:38:00.454] [debug] Core [2] : Memory unit idle cycle 462 Systolic bubble cycle 1999488 Core idle cycle 307 
[2026-05-26 12:38:00.454] [debug] Core [2] : PE Utilization(%) 0.19, Systolic Bubble(%) 24.41, Vector Unit Utilization(%) 0.00, Total cycle: 104000
[2026-05-26 12:38:00.454] [debug] Core [3] : MatMul active cycle 445 Vector active cycle 0 
[2026-05-26 12:38:00.454] [debug] Core [3] : issued tile 1 
[2026-05-26 12:38:00.454] [debug] Core [3] : Memory unit idle cycle 461 Systolic bubble cycle 7233920 Core idle cycle 0 
[2026-05-26 12:38:00.454] [debug] Core [3] : PE Utilization(%) 0.70, Systolic Bubble(%) 88.30, Vector Unit Utilization(%) 0.00, Total cycle: 104000
[2026-05-26 12:38:00.477] [info] DRAM: Idle 59.60%
[2026-05-26 12:38:00.482] [info] Core [0] : MatMul active cycle 350 Vector active cycle 0 
[2026-05-26 12:38:00.482] [info] Core [0] : issued tile 1 
[2026-05-26 12:38:00.482] [info] Core [0] : Memory unit idle cycle 500 Systolic bubble cycle 1548880 Core idle cycle 0 
[2026-05-26 12:38:00.482] [info] Core [0] : PE Utilization(%) 0.09, Systolic Bubble(%) 18.91, Vector Unit Utilization(%) 0.00, Total cycle: 104500
[2026-05-26 12:38:00.482] [debug] Core [1] : MatMul active cycle 338 Vector active cycle 0 
[2026-05-26 12:38:00.482] [debug] Core [1] : issued tile 1 
[2026-05-26 12:38:00.482] [debug] Core [1] : Memory unit idle cycle 500 Systolic bubble cycle 1353232 Core idle cycle 0 
[2026-05-26 12:38:00.482] [debug] Core [1] : PE Utilization(%) 0.08, Systolic Bubble(%) 16.52, Vector Unit Utilization(%) 0.00, Total cycle: 104500
[2026-05-26 12:38:00.482] [debug] Core [2] : MatMul active cycle 297 Vector active cycle 0 
[2026-05-26 12:38:00.482] [debug] Core [2] : issued tile 1 
[2026-05-26 12:38:00.482] [debug] Core [2] : Memory unit idle cycle 500 Systolic bubble cycle 684768 Core idle cycle 0 
[2026-05-26 12:38:00.482] [debug] Core [2] : PE Utilization(%) 0.04, Systolic Bubble(%) 8.36, Vector Unit Utilization(%) 0.00, Total cycle: 104500
[2026-05-26 12:38:00.482] [debug] Core [3] : MatMul active cycle 324 Vector active cycle 0 
[2026-05-26 12:38:00.482] [debug] Core [3] : issued tile 1 
[2026-05-26 12:38:00.482] [debug] Core [3] : Memory unit idle cycle 500 Systolic bubble cycle 1124976 Core idle cycle 0 
[2026-05-26 12:38:00.482] [debug] Core [3] : PE Utilization(%) 0.07, Systolic Bubble(%) 13.73, Vector Unit Utilization(%) 0.00, Total cycle: 104500
[2026-05-26 12:38:00.483] [info] DRAM: Idle 81.80%
[2026-05-26 12:38:00.485] [info] DRAM: Idle 100.00%
[2026-05-26 12:38:00.486] [info] Core [0] : MatMul active cycle 485 Vector active cycle 16 
[2026-05-26 12:38:00.486] [info] Core [0] : issued tile 1 
[2026-05-26 12:38:00.486] [info] Core [0] : Memory unit idle cycle 500 Systolic bubble cycle 3751394 Core idle cycle 0 
[2026-05-26 12:38:00.486] [info] Core [0] : PE Utilization(%) 0.21, Systolic Bubble(%) 45.79, Vector Unit Utilization(%) 3.20, Total cycle: 105000
[2026-05-26 12:38:00.486] [debug] Core [1] : MatMul active cycle 485 Vector active cycle 16 
[2026-05-26 12:38:00.486] [debug] Core [1] : issued tile 1 
[2026-05-26 12:38:00.486] [debug] Core [1] : Memory unit idle cycle 500 Systolic bubble cycle 3751130 Core idle cycle 0 
[2026-05-26 12:38:00.486] [debug] Core [1] : PE Utilization(%) 0.21, Systolic Bubble(%) 45.79, Vector Unit Utilization(%) 3.20, Total cycle: 105000
[2026-05-26 12:38:00.486] [debug] Core [2] : MatMul active cycle 485 Vector active cycle 16 
[2026-05-26 12:38:00.486] [debug] Core [2] : issued tile 1 
[2026-05-26 12:38:00.486] [debug] Core [2] : Memory unit idle cycle 500 Systolic bubble cycle 3750228 Core idle cycle 0 
[2026-05-26 12:38:00.486] [debug] Core [2] : PE Utilization(%) 0.22, Systolic Bubble(%) 45.78, Vector Unit Utilization(%) 3.20, Total cycle: 105000
[2026-05-26 12:38:00.486] [debug] Core [3] : MatMul active cycle 485 Vector active cycle 16 
[2026-05-26 12:38:00.486] [debug] Core [3] : issued tile 1 
[2026-05-26 12:38:00.486] [debug] Core [3] : Memory unit idle cycle 500 Systolic bubble cycle 3750822 Core idle cycle 0 
[2026-05-26 12:38:00.486] [debug] Core [3] : PE Utilization(%) 0.21, Systolic Bubble(%) 45.79, Vector Unit Utilization(%) 3.20, Total cycle: 105000
[2026-05-26 12:38:00.487] [debug] Layer 399 Core 0 Finish Tile at 105195 Remain tile 4
[2026-05-26 12:38:00.487] [debug] Layer 399 Core 1 Finish Tile at 105207 Remain tile 3
[2026-05-26 12:38:00.487] [debug] Layer 399 Core 3 Finish Tile at 105221 Remain tile 2
[2026-05-26 12:38:00.487] [debug] Layer 399 Core 2 Finish Tile at 105248 Remain tile 1
[2026-05-26 12:38:00.487] [info] Layer layer0.attn.Attention.0 finish at 105248
[2026-05-26 12:38:00.487] [info] Total compute time 1299
[2026-05-26 12:38:00.487] [info] executable layer count 1
[2026-05-26 12:38:00.487] [info] Start layer layer0.attn.Atccat
[2026-05-26 12:38:00.487] [debug] Layer layer0.attn.Atccat Core 1 Get Tile at 105249
[2026-05-26 12:38:00.487] [debug] Layer 401 Core 1 Finish Tile at 105250 Remain tile 1
[2026-05-26 12:38:00.487] [info] Layer layer0.attn.Atccat finish at 105250
[2026-05-26 12:38:00.487] [info] Total compute time 2
[2026-05-26 12:38:00.487] [info] executable layer count 1
[2026-05-26 12:38:00.487] [info] Start layer layer0.attn.proj
[2026-05-26 12:38:00.487] [debug] Layer layer0.attn.proj Core 3 Get Tile at 105250
[2026-05-26 12:38:00.487] [debug] Layer layer0.attn.proj Core 0 Get Tile at 105251
[2026-05-26 12:38:00.504] [info] DRAM: Idle 71.40%
[2026-05-26 12:38:00.520] [info] Core [0] : MatMul active cycle 191 Vector active cycle 2 
[2026-05-26 12:38:00.520] [info] Core [0] : issued tile 1 
[2026-05-26 12:38:00.520] [info] Core [0] : Memory unit idle cycle 402 Systolic bubble cycle 3118266 Core idle cycle 39 
[2026-05-26 12:38:00.520] [info] Core [0] : PE Utilization(%) 0.14, Systolic Bubble(%) 38.06, Vector Unit Utilization(%) 0.40, Total cycle: 105500
[2026-05-26 12:38:00.520] [debug] Core [1] : MatMul active cycle 203 Vector active cycle 2 
[2026-05-26 12:38:00.520] [debug] Core [1] : issued tile 0 
[2026-05-26 12:38:00.520] [debug] Core [1] : Memory unit idle cycle 499 Systolic bubble cycle 3314178 Core idle cycle 276 
[2026-05-26 12:38:00.520] [debug] Core [1] : PE Utilization(%) 0.14, Systolic Bubble(%) 40.46, Vector Unit Utilization(%) 0.40, Total cycle: 105500
[2026-05-26 12:38:00.520] [debug] Core [2] : MatMul active cycle 244 Vector active cycle 2 
[2026-05-26 12:38:00.520] [debug] Core [2] : issued tile 0 
[2026-05-26 12:38:00.520] [debug] Core [2] : Memory unit idle cycle 499 Systolic bubble cycle 3983544 Core idle cycle 235 
[2026-05-26 12:38:00.520] [debug] Core [2] : PE Utilization(%) 0.17, Systolic Bubble(%) 48.63, Vector Unit Utilization(%) 0.40, Total cycle: 105500
[2026-05-26 12:38:00.520] [debug] Core [3] : MatMul active cycle 217 Vector active cycle 2 
[2026-05-26 12:38:00.520] [debug] Core [3] : issued tile 1 
[2026-05-26 12:38:00.520] [debug] Core [3] : Memory unit idle cycle 381 Systolic bubble cycle 3542742 Core idle cycle 12 
[2026-05-26 12:38:00.520] [debug] Core [3] : PE Utilization(%) 0.15, Systolic Bubble(%) 43.25, Vector Unit Utilization(%) 0.40, Total cycle: 105500
[2026-05-26 12:38:00.524] [info] DRAM: Idle 56.00%
[2026-05-26 12:38:00.525] [info] Core [0] : MatMul active cycle 433 Vector active cycle 0 
[2026-05-26 12:38:00.525] [info] Core [0] : issued tile 1 
[2026-05-26 12:38:00.525] [info] Core [0] : Memory unit idle cycle 500 Systolic bubble cycle 2897840 Core idle cycle 0 
[2026-05-26 12:38:00.525] [info] Core [0] : PE Utilization(%) 0.23, Systolic Bubble(%) 35.37, Vector Unit Utilization(%) 0.00, Total cycle: 106000
[2026-05-26 12:38:00.525] [debug] Core [1] : MatMul active cycle 0 Vector active cycle 0 
[2026-05-26 12:38:00.525] [debug] Core [1] : issued tile 0 
[2026-05-26 12:38:00.525] [debug] Core [1] : Memory unit idle cycle 500 Systolic bubble cycle 0 Core idle cycle 500 
[2026-05-26 12:38:00.525] [debug] Core [1] : PE Utilization(%) 0.00, Systolic Bubble(%) 0.00, Vector Unit Utilization(%) 0.00, Total cycle: 106000
[2026-05-26 12:38:00.525] [debug] Core [2] : MatMul active cycle 0 Vector active cycle 0 
[2026-05-26 12:38:00.525] [debug] Core [2] : issued tile 0 
[2026-05-26 12:38:00.525] [debug] Core [2] : Memory unit idle cycle 500 Systolic bubble cycle 0 Core idle cycle 500 
[2026-05-26 12:38:00.525] [debug] Core [2] : PE Utilization(%) 0.00, Systolic Bubble(%) 0.00, Vector Unit Utilization(%) 0.00, Total cycle: 106000
[2026-05-26 12:38:00.525] [debug] Core [3] : MatMul active cycle 435 Vector active cycle 0 
[2026-05-26 12:38:00.525] [debug] Core [3] : issued tile 1 
[2026-05-26 12:38:00.525] [debug] Core [3] : Memory unit idle cycle 500 Systolic bubble cycle 2926080 Core idle cycle 0 
[2026-05-26 12:38:00.525] [debug] Core [3] : PE Utilization(%) 0.28, Systolic Bubble(%) 35.72, Vector Unit Utilization(%) 0.00, Total cycle: 106000
[2026-05-26 12:38:00.527] [info] DRAM: Idle 100.00%
[2026-05-26 12:38:00.527] [debug] Layer 403 Core 3 Finish Tile at 106208 Remain tile 2
[2026-05-26 12:38:00.527] [debug] Layer 403 Core 0 Finish Tile at 106210 Remain tile 1
[2026-05-26 12:38:00.527] [info] Layer layer0.attn.proj finish at 106210
[2026-05-26 12:38:00.527] [info] Total compute time 960
[2026-05-26 12:38:00.527] [info] executable layer count 1
[2026-05-26 12:38:00.527] [info] Start layer layer0.attn.ln
[2026-05-26 12:38:00.527] [debug] Layer layer0.attn.ln Core 2 Get Tile at 106210
[2026-05-26 12:38:00.528] [debug] Layer 405 Core 2 Finish Tile at 106261 Remain tile 1
[2026-05-26 12:38:00.528] [info] Layer layer0.attn.ln finish at 106261
[2026-05-26 12:38:00.528] [info] Total compute time 51
[2026-05-26 12:38:00.528] [info] executable layer count 1
[2026-05-26 12:38:00.528] [info] Start layer layer0.ffn.fc1
[2026-05-26 12:38:00.528] [debug] Layer layer0.ffn.fc1 Core 2 Get Tile at 106261
[2026-05-26 12:38:00.528] [debug] Layer layer0.ffn.fc1 Core 3 Get Tile at 106261
[2026-05-26 12:38:00.528] [debug] Layer layer0.ffn.fc1 Core 0 Get Tile at 106262
[2026-05-26 12:38:00.528] [debug] Layer layer0.ffn.fc1 Core 1 Get Tile at 106262
[2026-05-26 12:38:00.580] [info] Core [0] : MatMul active cycle 208 Vector active cycle 0 
[2026-05-26 12:38:00.580] [info] Core [0] : issued tile 1 
[2026-05-26 12:38:00.580] [info] Core [0] : Memory unit idle cycle 382 Systolic bubble cycle 3386240 Core idle cycle 12 
[2026-05-26 12:38:00.580] [info] Core [0] : PE Utilization(%) 0.26, Systolic Bubble(%) 41.34, Vector Unit Utilization(%) 0.00, Total cycle: 106500
[2026-05-26 12:38:00.580] [debug] Core [1] : MatMul active cycle 0 Vector active cycle 0 
[2026-05-26 12:38:00.580] [debug] Core [1] : issued tile 1 
[2026-05-26 12:38:00.580] [debug] Core [1] : Memory unit idle cycle 383 Systolic bubble cycle 0 Core idle cycle 262 
[2026-05-26 12:38:00.580] [debug] Core [1] : PE Utilization(%) 0.00, Systolic Bubble(%) 0.00, Vector Unit Utilization(%) 0.00, Total cycle: 106500
[2026-05-26 12:38:00.580] [debug] Core [2] : MatMul active cycle 0 Vector active cycle 12 
[2026-05-26 12:38:00.580] [debug] Core [2] : issued tile 1 
[2026-05-26 12:38:00.580] [debug] Core [2] : Memory unit idle cycle 380 Systolic bubble cycle 0 Core idle cycle 210 
[2026-05-26 12:38:00.580] [debug] Core [2] : PE Utilization(%) 0.00, Systolic Bubble(%) 0.00, Vector Unit Utilization(%) 2.40, Total cycle: 106500
[2026-05-26 12:38:00.580] [debug] Core [3] : MatMul active cycle 206 Vector active cycle 0 
[2026-05-26 12:38:00.580] [debug] Core [3] : issued tile 1 
[2026-05-26 12:38:00.580] [debug] Core [3] : Memory unit idle cycle 382 Systolic bubble cycle 3348736 Core idle cycle 12 
[2026-05-26 12:38:00.580] [debug] Core [3] : PE Utilization(%) 0.32, Systolic Bubble(%) 40.88, Vector Unit Utilization(%) 0.00, Total cycle: 106500
[2026-05-26 12:38:00.607] [info] DRAM: Idle 8.60%
[2026-05-26 12:38:00.635] [info] Core [0] : MatMul active cycle 186 Vector active cycle 0 
[2026-05-26 12:38:00.635] [info] Core [0] : issued tile 1 
[2026-05-26 12:38:00.635] [info] Core [0] : Memory unit idle cycle 500 Systolic bubble cycle 0 Core idle cycle 0 
[2026-05-26 12:38:00.635] [info] Core [0] : PE Utilization(%) 0.00, Systolic Bubble(%) 0.00, Vector Unit Utilization(%) 0.00, Total cycle: 107000
[2026-05-26 12:38:00.635] [debug] Core [1] : MatMul active cycle 193 Vector active cycle 0 
[2026-05-26 12:38:00.635] [debug] Core [1] : issued tile 1 
[2026-05-26 12:38:00.635] [debug] Core [1] : Memory unit idle cycle 500 Systolic bubble cycle 0 Core idle cycle 0 
[2026-05-26 12:38:00.635] [debug] Core [1] : PE Utilization(%) 0.00, Systolic Bubble(%) 0.00, Vector Unit Utilization(%) 0.00, Total cycle: 107000
[2026-05-26 12:38:00.635] [debug] Core [2] : MatMul active cycle 197 Vector active cycle 0 
[2026-05-26 12:38:00.635] [debug] Core [2] : issued tile 1 
[2026-05-26 12:38:00.635] [debug] Core [2] : Memory unit idle cycle 500 Systolic bubble cycle 0 Core idle cycle 0 
[2026-05-26 12:38:00.635] [debug] Core [2] : PE Utilization(%) 0.00, Systolic Bubble(%) 0.00, Vector Unit Utilization(%) 0.00, Total cycle: 107000
[2026-05-26 12:38:00.635] [debug] Core [3] : MatMul active cycle 194 Vector active cycle 0 
[2026-05-26 12:38:00.635] [debug] Core [3] : issued tile 1 
[2026-05-26 12:38:00.635] [debug] Core [3] : Memory unit idle cycle 500 Systolic bubble cycle 0 Core idle cycle 0 
[2026-05-26 12:38:00.635] [debug] Core [3] : PE Utilization(%) 0.00, Systolic Bubble(%) 0.00, Vector Unit Utilization(%) 0.00, Total cycle: 107000
[2026-05-26 12:38:00.635] [info] DRAM: Idle 56.60%
[2026-05-26 12:38:00.638] [debug] Layer 407 Core 2 Finish Tile at 107446 Remain tile 4
[2026-05-26 12:38:00.638] [debug] Layer 407 Core 3 Finish Tile at 107449 Remain tile 3
[2026-05-26 12:38:00.638] [debug] Layer 407 Core 1 Finish Tile at 107450 Remain tile 2
[2026-05-26 12:38:00.638] [info] DRAM: Idle 99.60%
[2026-05-26 12:38:00.638] [debug] Layer 407 Core 0 Finish Tile at 107457 Remain tile 1
[2026-05-26 12:38:00.638] [info] Layer layer0.ffn.fc1 finish at 107457
[2026-05-26 12:38:00.638] [info] Total compute time 1196
[2026-05-26 12:38:00.638] [info] executable layer count 1
[2026-05-26 12:38:00.638] [info] Start layer layer0.ffn.act
[2026-05-26 12:38:00.638] [debug] Layer layer0.ffn.act Core 3 Get Tile at 107457
[2026-05-26 12:38:00.639] [info] Core [0] : MatMul active cycle 455 Vector active cycle 0 
[2026-05-26 12:38:00.639] [info] Core [0] : issued tile 0 
[2026-05-26 12:38:00.639] [info] Core [0] : Memory unit idle cycle 499 Systolic bubble cycle 6274816 Core idle cycle 26 
[2026-05-26 12:38:00.639] [info] Core [0] : PE Utilization(%) 0.60, Systolic Bubble(%) 76.60, Vector Unit Utilization(%) 0.00, Total cycle: 107500
[2026-05-26 12:38:00.639] [debug] Core [1] : MatMul active cycle 448 Vector active cycle 0 
[2026-05-26 12:38:00.639] [debug] Core [1] : issued tile 0 
[2026-05-26 12:38:00.639] [debug] Core [1] : Memory unit idle cycle 499 Systolic bubble cycle 6274816 Core idle cycle 33 
[2026-05-26 12:38:00.639] [debug] Core [1] : PE Utilization(%) 0.60, Systolic Bubble(%) 76.60, Vector Unit Utilization(%) 0.00, Total cycle: 107500
[2026-05-26 12:38:00.639] [debug] Core [2] : MatMul active cycle 444 Vector active cycle 0 
[2026-05-26 12:38:00.639] [debug] Core [2] : issued tile 0 
[2026-05-26 12:38:00.639] [debug] Core [2] : Memory unit idle cycle 499 Systolic bubble cycle 6274816 Core idle cycle 37 
[2026-05-26 12:38:00.639] [debug] Core [2] : PE Utilization(%) 0.60, Systolic Bubble(%) 76.60, Vector Unit Utilization(%) 0.00, Total cycle: 107500
[2026-05-26 12:38:00.639] [debug] Core [3] : MatMul active cycle 447 Vector active cycle 2 
[2026-05-26 12:38:00.639] [debug] Core [3] : issued tile 1 
[2026-05-26 12:38:00.639] [debug] Core [3] : Memory unit idle cycle 495 Systolic bubble cycle 6274816 Core idle cycle 0 
[2026-05-26 12:38:00.639] [debug] Core [3] : PE Utilization(%) 0.60, Systolic Bubble(%) 76.60, Vector Unit Utilization(%) 0.40, Total cycle: 107500
[2026-05-26 12:38:00.639] [debug] Layer 409 Core 3 Finish Tile at 107503 Remain tile 1
[2026-05-26 12:38:00.639] [info] Layer layer0.ffn.act finish at 107503
[2026-05-26 12:38:00.639] [info] Total compute time 46
[2026-05-26 12:38:00.639] [info] executable layer count 1
[2026-05-26 12:38:00.639] [info] Start layer layer0.ffn.fc2
[2026-05-26 12:38:00.639] [debug] Layer layer0.ffn.fc2 Core 3 Get Tile at 107503
[2026-05-26 12:38:00.639] [debug] Layer layer0.ffn.fc2 Core 0 Get Tile at 107504
[2026-05-26 12:38:00.692] [info] DRAM: Idle 6.80%
[2026-05-26 12:38:00.709] [info] Core [0] : MatMul active cycle 0 Vector active cycle 0 
[2026-05-26 12:38:00.709] [info] Core [0] : issued tile 1 
[2026-05-26 12:38:00.709] [info] Core [0] : Memory unit idle cycle 289 Systolic bubble cycle 0 Core idle cycle 4 
[2026-05-26 12:38:00.709] [info] Core [0] : PE Utilization(%) 0.00, Systolic Bubble(%) 0.00, Vector Unit Utilization(%) 0.00, Total cycle: 108000
[2026-05-26 12:38:00.709] [debug] Core [1] : MatMul active cycle 0 Vector active cycle 0 
[2026-05-26 12:38:00.709] [debug] Core [1] : issued tile 0 
[2026-05-26 12:38:00.709] [debug] Core [1] : Memory unit idle cycle 500 Systolic bubble cycle 0 Core idle cycle 500 
[2026-05-26 12:38:00.709] [debug] Core [1] : PE Utilization(%) 0.00, Systolic Bubble(%) 0.00, Vector Unit Utilization(%) 0.00, Total cycle: 108000
[2026-05-26 12:38:00.709] [debug] Core [2] : MatMul active cycle 0 Vector active cycle 0 
[2026-05-26 12:38:00.709] [debug] Core [2] : issued tile 0 
[2026-05-26 12:38:00.709] [debug] Core [2] : Memory unit idle cycle 500 Systolic bubble cycle 0 Core idle cycle 500 
[2026-05-26 12:38:00.709] [debug] Core [2] : PE Utilization(%) 0.00, Systolic Bubble(%) 0.00, Vector Unit Utilization(%) 0.00, Total cycle: 108000
[2026-05-26 12:38:00.709] [debug] Core [3] : MatMul active cycle 0 Vector active cycle 2 
[2026-05-26 12:38:00.709] [debug] Core [3] : issued tile 1 
[2026-05-26 12:38:00.709] [debug] Core [3] : Memory unit idle cycle 239 Systolic bubble cycle 0 Core idle cycle 0 
[2026-05-26 12:38:00.709] [debug] Core [3] : PE Utilization(%) 0.00, Systolic Bubble(%) 0.00, Vector Unit Utilization(%) 0.40, Total cycle: 108000
[2026-05-26 12:38:00.719] [info] DRAM: Idle 41.00%
[2026-05-26 12:38:00.720] [info] Core [0] : MatMul active cycle 392 Vector active cycle 0 
[2026-05-26 12:38:00.720] [info] Core [0] : issued tile 1 
[2026-05-26 12:38:00.720] [info] Core [0] : Memory unit idle cycle 500 Systolic bubble cycle 2230360 Core idle cycle 0 
[2026-05-26 12:38:00.720] [info] Core [0] : PE Utilization(%) 0.17, Systolic Bubble(%) 27.23, Vector Unit Utilization(%) 0.00, Total cycle: 108500
[2026-05-26 12:38:00.720] [debug] Core [1] : MatMul active cycle 0 Vector active cycle 0 
[2026-05-26 12:38:00.720] [debug] Core [1] : issued tile 0 
[2026-05-26 12:38:00.720] [debug] Core [1] : Memory unit idle cycle 500 Systolic bubble cycle 0 Core idle cycle 500 
[2026-05-26 12:38:00.720] [debug] Core [1] : PE Utilization(%) 0.00, Systolic Bubble(%) 0.00, Vector Unit Utilization(%) 0.00, Total cycle: 108500
[2026-05-26 12:38:00.720] [debug] Core [2] : MatMul active cycle 0 Vector active cycle 0 
[2026-05-26 12:38:00.720] [debug] Core [2] : issued tile 0 
[2026-05-26 12:38:00.720] [debug] Core [2] : Memory unit idle cycle 500 Systolic bubble cycle 0 Core idle cycle 500 
[2026-05-26 12:38:00.720] [debug] Core [2] : PE Utilization(%) 0.00, Systolic Bubble(%) 0.00, Vector Unit Utilization(%) 0.00, Total cycle: 108500
[2026-05-26 12:38:00.720] [debug] Core [3] : MatMul active cycle 371 Vector active cycle 0 
[2026-05-26 12:38:00.720] [debug] Core [3] : issued tile 1 
[2026-05-26 12:38:00.720] [debug] Core [3] : Memory unit idle cycle 500 Systolic bubble cycle 1885696 Core idle cycle 0 
[2026-05-26 12:38:00.720] [debug] Core [3] : PE Utilization(%) 0.18, Systolic Bubble(%) 23.02, Vector Unit Utilization(%) 0.00, Total cycle: 108500
[2026-05-26 12:38:00.722] [info] DRAM: Idle 100.00%
[2026-05-26 12:38:00.723] [info] Core [0] : MatMul active cycle 500 Vector active cycle 0 
[2026-05-26 12:38:00.723] [info] Core [0] : issued tile 1 
[2026-05-26 12:38:00.723] [info] Core [0] : Memory unit idle cycle 500 Systolic bubble cycle 8140000 Core idle cycle 0 
[2026-05-26 12:38:00.723] [info] Core [0] : PE Utilization(%) 0.63, Systolic Bubble(%) 99.37, Vector Unit Utilization(%) 0.00, Total cycle: 109000
[2026-05-26 12:38:00.723] [debug] Core [1] : MatMul active cycle 0 Vector active cycle 0 
[2026-05-26 12:38:00.723] [debug] Core [1] : issued tile 0 
[2026-05-26 12:38:00.723] [debug] Core [1] : Memory unit idle cycle 500 Systolic bubble cycle 0 Core idle cycle 500 
[2026-05-26 12:38:00.723] [debug] Core [1] : PE Utilization(%) 0.00, Systolic Bubble(%) 0.00, Vector Unit Utilization(%) 0.00, Total cycle: 109000
[2026-05-26 12:38:00.723] [debug] Core [2] : MatMul active cycle 0 Vector active cycle 0 
[2026-05-26 12:38:00.723] [debug] Core [2] : issued tile 0 
[2026-05-26 12:38:00.723] [debug] Core [2] : Memory unit idle cycle 500 Systolic bubble cycle 0 Core idle cycle 500 
[2026-05-26 12:38:00.723] [debug] Core [2] : PE Utilization(%) 0.00, Systolic Bubble(%) 0.00, Vector Unit Utilization(%) 0.00, Total cycle: 109000
[2026-05-26 12:38:00.723] [debug] Core [3] : MatMul active cycle 500 Vector active cycle 0 
[2026-05-26 12:38:00.723] [debug] Core [3] : issued tile 1 
[2026-05-26 12:38:00.723] [debug] Core [3] : Memory unit idle cycle 500 Systolic bubble cycle 8128000 Core idle cycle 0 
[2026-05-26 12:38:00.723] [debug] Core [3] : PE Utilization(%) 0.78, Systolic Bubble(%) 99.22, Vector Unit Utilization(%) 0.00, Total cycle: 109000
[2026-05-26 12:38:00.724] [debug] Layer 411 Core 0 Finish Tile at 109007 Remain tile 2
[2026-05-26 12:38:00.724] [debug] Layer 411 Core 3 Finish Tile at 109028 Remain tile 1
[2026-05-26 12:38:00.724] [info] Layer layer0.ffn.fc2 finish at 109028
[2026-05-26 12:38:00.724] [info] Total compute time 1525
[2026-05-26 12:38:00.724] [info] executable layer count 1
[2026-05-26 12:38:00.724] [info] Start layer layer0.ffn.ln
[2026-05-26 12:38:00.724] [debug] Layer layer0.ffn.ln Core 0 Get Tile at 109029
[2026-05-26 12:38:00.724] [debug] Layer 413 Core 0 Finish Tile at 109073 Remain tile 1
[2026-05-26 12:38:00.724] [info] Layer layer0.ffn.ln finish at 109073
[2026-05-26 12:38:00.724] [info] Total compute time 45
[2026-05-26 12:38:00.724] [info] Model[tiny_transformer] Request: 102 us, Start: 102 us, finish:109 us, Current Cycle:109073
[2026-05-26 12:38:00.724] [info] Request 0 completed in 109073 cycles
[2026-05-26 12:38:00.724] [info] No total_seq_len!
[2026-05-26 12:38:00.725] [info] Simulation Finished at 109090 cycle 109 us
[2026-05-26 12:38:00.725] [info] [MEMORY_FOOTPRINT] Total Core->L2/DRAM Request Bytes: 16969856
[2026-05-26 12:38:00.725] [info] Runtime Instructions [661] Avg Instructions Per Finished Tile [6.74]
[2026-05-26 12:38:00.725] [info] Core [0] : MatMul active cycle 51515 Vector active cycle 704 
[2026-05-26 12:38:00.725] [info] Core [0] : Memory unit idle cycle 101346 Systolic bubble cycle 497039278 Core idle cycle 23091 
[2026-05-26 12:38:00.725] [info] Core [0] : PE Utilization(%) 0.71, Systolic Bubble(%) 27.81, Vector Unit Utilization(%) 0.65, Total cycle: 109090
[2026-05-26 12:38:00.725] [info] [Core 0] Input SRAM Hit Rate: 3.68% (4174 hits, 109371 misses)
[2026-05-26 12:38:00.725] [info] [Core 0] Accumulator SRAM Hit Rate: 1.12% (639 hits, 56195 misses)
[2026-05-26 12:38:00.725] [info] [Core 0] Average Core->L2 Request Size: 12014.56 bytes
[2026-05-26 12:38:00.725] [info] [Core 0] Object Histogram: Top-1 size 59392 B (48.97%), Top-2 size 106496 B (21.95%)
[2026-05-26 12:38:00.725] [info] Core [0] : Systolic Inst Issue Count : 160
[2026-05-26 12:38:00.725] [info] Core [0] : Systolic PRELOAD Issue Count : 160
[2026-05-26 12:38:00.725] [info] Runtime Instructions [661] Avg Instructions Per Finished Tile [6.81]
[2026-05-26 12:38:00.725] [info] Core [1] : MatMul active cycle 51640 Vector active cycle 708 
[2026-05-26 12:38:00.725] [info] Core [1] : Memory unit idle cycle 99929 Systolic bubble cycle 487404710 Core idle cycle 22129 
[2026-05-26 12:38:00.725] [info] Core [1] : PE Utilization(%) 1.37, Systolic Bubble(%) 27.27, Vector Unit Utilization(%) 0.65, Total cycle: 109090
[2026-05-26 12:38:00.725] [info] [Core 1] Input SRAM Hit Rate: 3.89% (4668 hits, 115429 misses)
[2026-05-26 12:38:00.725] [info] [Core 1] Accumulator SRAM Hit Rate: 1.13% (639 hits, 55865 misses)
[2026-05-26 12:38:00.725] [info] [Core 1] Average Core->L2 Request Size: 14268.53 bytes
[2026-05-26 12:38:00.725] [info] [Core 1] Object Histogram: Top-1 size 59392 B (61.86%), Top-2 size 131072 B (22.75%)
[2026-05-26 12:38:00.725] [info] Core [1] : Systolic Inst Issue Count : 160
[2026-05-26 12:38:00.725] [info] Core [1] : Systolic PRELOAD Issue Count : 160
[2026-05-26 12:38:00.725] [info] Runtime Instructions [666] Avg Instructions Per Finished Tile [6.87]
[2026-05-26 12:38:00.725] [info] Core [2] : MatMul active cycle 51640 Vector active cycle 720 
[2026-05-26 12:38:00.725] [info] Core [2] : Memory unit idle cycle 101027 Systolic bubble cycle 490649414 Core idle cycle 23285 
[2026-05-26 12:38:00.725] [info] Core [2] : PE Utilization(%) 1.19, Systolic Bubble(%) 27.45, Vector Unit Utilization(%) 0.66, Total cycle: 109090
[2026-05-26 12:38:00.725] [info] [Core 2] Input SRAM Hit Rate: 4.08% (4787 hits, 112446 misses)
[2026-05-26 12:38:00.725] [info] [Core 2] Accumulator SRAM Hit Rate: 1.13% (639 hits, 56155 misses)
[2026-05-26 12:38:00.725] [info] [Core 2] Average Core->L2 Request Size: 12401.87 bytes
[2026-05-26 12:38:00.725] [info] [Core 2] Object Histogram: Top-1 size 59392 B (47.01%), Top-2 size 106496 B (21.07%)
[2026-05-26 12:38:00.725] [info] Core [2] : Systolic Inst Issue Count : 160
[2026-05-26 12:38:00.725] [info] Core [2] : Systolic PRELOAD Issue Count : 160
[2026-05-26 12:38:00.725] [info] Runtime Instructions [661] Avg Instructions Per Finished Tile [6.81]
[2026-05-26 12:38:00.725] [info] Core [3] : MatMul active cycle 51494 Vector active cycle 708 
[2026-05-26 12:38:00.725] [info] Core [3] : Memory unit idle cycle 100261 Systolic bubble cycle 496353190 Core idle cycle 22741 
[2026-05-26 12:38:00.725] [info] Core [3] : PE Utilization(%) 0.73, Systolic Bubble(%) 27.77, Vector Unit Utilization(%) 0.65, Total cycle: 109090
[2026-05-26 12:38:00.725] [info] [Core 3] Input SRAM Hit Rate: 3.82% (4450 hits, 111923 misses)
[2026-05-26 12:38:00.725] [info] [Core 3] Accumulator SRAM Hit Rate: 1.13% (639 hits, 55804 misses)
[2026-05-26 12:38:00.725] [info] [Core 3] Average Core->L2 Request Size: 13738.11 bytes
[2026-05-26 12:38:00.725] [info] [Core 3] Object Histogram: Top-1 size 59392 B (64.25%), Top-2 size 131072 B (23.63%)
[2026-05-26 12:38:00.725] [info] Core [3] : Systolic Inst Issue Count : 160
[2026-05-26 12:38:00.725] [info] Core [3] : Systolic PRELOAD Issue Count : 160
Class 0:
Packet latency average = 101.155
	minimum = 7
	maximum = 836
Network latency average = 101.155
	minimum = 7
	maximum = 836
Slowest packet = 17680
Flit latency average = 101.155
	minimum = 7
	maximum = 836
Slowest flit = 17680
Fragmentation average = 0
	minimum = 0
	maximum = 0
Injected packet rate average = 0.12153
	minimum = 0.0685214 (at node 15)
	maximum = 0.304382 (at node 75)
Accepted packet rate average = 0.12153
	minimum = 0.0691172 (at node 10)
	maximum = 0.304382 (at node 75)
Injected flit rate average = 0.12153
	minimum = 0.0685214 (at node 15)
	maximum = 0.304382 (at node 75)
Accepted flit rate average= 0.12153
	minimum = 0.0691172 (at node 10)
	maximum = 0.304382 (at node 75)
Injected packet length average = 1
Accepted packet length average = 1
Total in-flight flits = 0 (0 measured)
Frontend:
  impl: GEM5

[2026-05-26 12:38:00.725] [info] Row hits: 30877, Row misses: 44, Row conflicts: 2108
MemorySystem:
  impl: GenericDRAM
  total_num_other_requests: 0
  total_num_write_requests: 911
  total_num_read_requests: 32195
  memory_system_cycles: 130960
  DRAM:
    impl: HBM2
  AddrMapper:
    impl: RoBaRaCoCh
  Controller:
    impl: Generic
    id: Channel 0
    Scheduler:
      impl: FRFCFS
    RefreshManager:
      impl: AllBank



[2026-05-26 12:38:00.725] [info] HBM2-CH_0: avg BW utilization 25% (32195 reads, 911 writes)
Frontend:
  impl: GEM5

[2026-05-26 12:38:00.725] [info] Row hits: 30947, Row misses: 44, Row conflicts: 2113
MemorySystem:
  impl: GenericDRAM
  total_num_other_requests: 0
  total_num_write_requests: 914
  total_num_read_requests: 32267
  memory_system_cycles: 130960
  DRAM:
    impl: HBM2
  AddrMapper:
    impl: RoBaRaCoCh
  Controller:
    impl: Generic
    id: Channel 0
    Scheduler:
      impl: FRFCFS
    RefreshManager:
      impl: AllBank



[2026-05-26 12:38:00.725] [debug] HBM2-CH_1: avg BW utilization 25% (32267 reads, 914 writes)
Frontend:
  impl: GEM5

[2026-05-26 12:38:00.725] [info] Row hits: 30954, Row misses: 50, Row conflicts: 2105
MemorySystem:
  impl: GenericDRAM
  total_num_other_requests: 0
  total_num_write_requests: 922
  total_num_read_requests: 32264
  memory_system_cycles: 130960
  DRAM:
    impl: HBM2
  AddrMapper:
    impl: RoBaRaCoCh
  Controller:
    impl: Generic
    id: Channel 0
    Scheduler:
      impl: FRFCFS
    RefreshManager:
      impl: AllBank



[2026-05-26 12:38:00.725] [debug] HBM2-CH_2: avg BW utilization 25% (32264 reads, 922 writes)
Frontend:
  impl: GEM5

[2026-05-26 12:38:00.725] [info] Row hits: 30844, Row misses: 51, Row conflicts: 2111
MemorySystem:
  impl: GenericDRAM
  total_num_other_requests: 0
  total_num_write_requests: 907
  total_num_read_requests: 32193
  memory_system_cycles: 130960
  DRAM:
    impl: HBM2
  AddrMapper:
    impl: RoBaRaCoCh
  Controller:
    impl: Generic
    id: Channel 0
    Scheduler:
      impl: FRFCFS
    RefreshManager:
      impl: AllBank



[2026-05-26 12:38:00.725] [debug] HBM2-CH_3: avg BW utilization 25% (32193 reads, 907 writes)
Frontend:
  impl: GEM5

[2026-05-26 12:38:00.725] [info] Row hits: 30907, Row misses: 47, Row conflicts: 2132
MemorySystem:
  impl: GenericDRAM
  total_num_other_requests: 0
  total_num_write_requests: 916
  total_num_read_requests: 32251
  memory_system_cycles: 130960
  DRAM:
    impl: HBM2
  AddrMapper:
    impl: RoBaRaCoCh
  Controller:
    impl: Generic
    id: Channel 0
    Scheduler:
      impl: FRFCFS
    RefreshManager:
      impl: AllBank



[2026-05-26 12:38:00.725] [debug] HBM2-CH_4: avg BW utilization 25% (32251 reads, 916 writes)
Frontend:
  impl: GEM5

[2026-05-26 12:38:00.725] [info] Row hits: 30856, Row misses: 48, Row conflicts: 2125
MemorySystem:
  impl: GenericDRAM
  total_num_other_requests: 0
  total_num_write_requests: 922
  total_num_read_requests: 32191
  memory_system_cycles: 130960
  DRAM:
    impl: HBM2
  AddrMapper:
    impl: RoBaRaCoCh
  Controller:
    impl: Generic
    id: Channel 0
    Scheduler:
      impl: FRFCFS
    RefreshManager:
      impl: AllBank



[2026-05-26 12:38:00.725] [debug] HBM2-CH_5: avg BW utilization 25% (32191 reads, 922 writes)
Frontend:
  impl: GEM5

[2026-05-26 12:38:00.725] [info] Row hits: 30860, Row misses: 47, Row conflicts: 2101
MemorySystem:
  impl: GenericDRAM
  total_num_other_requests: 0
  total_num_write_requests: 912
  total_num_read_requests: 32183
  memory_system_cycles: 130960
  DRAM:
    impl: HBM2
  AddrMapper:
    impl: RoBaRaCoCh
  Controller:
    impl: Generic
    id: Channel 0
    Scheduler:
      impl: FRFCFS
    RefreshManager:
      impl: AllBank



[2026-05-26 12:38:00.725] [debug] HBM2-CH_6: avg BW utilization 25% (32183 reads, 912 writes)
Frontend:
  impl: GEM5

[2026-05-26 12:38:00.725] [info] Row hits: 30921, Row misses: 47, Row conflicts: 2121
MemorySystem:
  impl: GenericDRAM
  total_num_other_requests: 0
  total_num_write_requests: 919
  total_num_read_requests: 32258
  memory_system_cycles: 130960
  DRAM:
    impl: HBM2
  AddrMapper:
    impl: RoBaRaCoCh
  Controller:
    impl: Generic
    id: Channel 0
    Scheduler:
      impl: FRFCFS
    RefreshManager:
      impl: AllBank



[2026-05-26 12:38:00.725] [debug] HBM2-CH_7: avg BW utilization 25% (32258 reads, 919 writes)
Frontend:
  impl: GEM5

[2026-05-26 12:38:00.725] [info] Row hits: 30938, Row misses: 48, Row conflicts: 2116
MemorySystem:
  impl: GenericDRAM
  total_num_other_requests: 0
  total_num_write_requests: 911
  total_num_read_requests: 32274
  memory_system_cycles: 130960
  DRAM:
    impl: HBM2
  AddrMapper:
    impl: RoBaRaCoCh
  Controller:
    impl: Generic
    id: Channel 0
    Scheduler:
      impl: FRFCFS
    RefreshManager:
      impl: AllBank



[2026-05-26 12:38:00.725] [debug] HBM2-CH_8: avg BW utilization 25% (32274 reads, 911 writes)
Frontend:
  impl: GEM5

[2026-05-26 12:38:00.725] [info] Row hits: 30848, Row misses: 46, Row conflicts: 2117
MemorySystem:
  impl: GenericDRAM
  total_num_other_requests: 0
  total_num_write_requests: 911
  total_num_read_requests: 32183
  memory_system_cycles: 130960
  DRAM:
    impl: HBM2
  AddrMapper:
    impl: RoBaRaCoCh
  Controller:
    impl: Generic
    id: Channel 0
    Scheduler:
      impl: FRFCFS
    RefreshManager:
      impl: AllBank



[2026-05-26 12:38:00.725] [debug] HBM2-CH_9: avg BW utilization 25% (32183 reads, 911 writes)
Frontend:
  impl: GEM5

[2026-05-26 12:38:00.725] [info] Row hits: 30839, Row misses: 47, Row conflicts: 2135
MemorySystem:
  impl: GenericDRAM
  total_num_other_requests: 0
  total_num_write_requests: 915
  total_num_read_requests: 32183
  memory_system_cycles: 130960
  DRAM:
    impl: HBM2
  AddrMapper:
    impl: RoBaRaCoCh
  Controller:
    impl: Generic
    id: Channel 0
    Scheduler:
      impl: FRFCFS
    RefreshManager:
      impl: AllBank



[2026-05-26 12:38:00.726] [debug] HBM2-CH_10: avg BW utilization 25% (32183 reads, 915 writes)
Frontend:
  impl: GEM5

[2026-05-26 12:38:00.726] [info] Row hits: 30982, Row misses: 47, Row conflicts: 2088
MemorySystem:
  impl: GenericDRAM
  total_num_other_requests: 0
  total_num_write_requests: 913
  total_num_read_requests: 32292
  memory_system_cycles: 130960
  DRAM:
    impl: HBM2
  AddrMapper:
    impl: RoBaRaCoCh
  Controller:
    impl: Generic
    id: Channel 0
    Scheduler:
      impl: FRFCFS
    RefreshManager:
      impl: AllBank



[2026-05-26 12:38:00.726] [debug] HBM2-CH_11: avg BW utilization 25% (32292 reads, 913 writes)
Frontend:
  impl: GEM5

[2026-05-26 12:38:00.726] [info] Row hits: 30823, Row misses: 44, Row conflicts: 2142
MemorySystem:
  impl: GenericDRAM
  total_num_other_requests: 0
  total_num_write_requests: 916
  total_num_read_requests: 32183
  memory_system_cycles: 130960
  DRAM:
    impl: HBM2
  AddrMapper:
    impl: RoBaRaCoCh
  Controller:
    impl: Generic
    id: Channel 0
    Scheduler:
      impl: FRFCFS
    RefreshManager:
      impl: AllBank



[2026-05-26 12:38:00.726] [debug] HBM2-CH_12: avg BW utilization 25% (32183 reads, 916 writes)
Frontend:
  impl: GEM5

[2026-05-26 12:38:00.726] [info] Row hits: 30970, Row misses: 42, Row conflicts: 2114
MemorySystem:
  impl: GenericDRAM
  total_num_other_requests: 0
  total_num_write_requests: 915
  total_num_read_requests: 32285
  memory_system_cycles: 130960
  DRAM:
    impl: HBM2
  AddrMapper:
    impl: RoBaRaCoCh
  Controller:
    impl: Generic
    id: Channel 0
    Scheduler:
      impl: FRFCFS
    RefreshManager:
      impl: AllBank



[2026-05-26 12:38:00.726] [debug] HBM2-CH_13: avg BW utilization 25% (32285 reads, 915 writes)
Frontend:
  impl: GEM5

[2026-05-26 12:38:00.726] [info] Row hits: 30960, Row misses: 45, Row conflicts: 2109
MemorySystem:
  impl: GenericDRAM
  total_num_other_requests: 0
  total_num_write_requests: 916
  total_num_read_requests: 32287
  memory_system_cycles: 130960
  DRAM:
    impl: HBM2
  AddrMapper:
    impl: RoBaRaCoCh
  Controller:
    impl: Generic
    id: Channel 0
    Scheduler:
      impl: FRFCFS
    RefreshManager:
      impl: AllBank



[2026-05-26 12:38:00.726] [debug] HBM2-CH_14: avg BW utilization 25% (32287 reads, 916 writes)
Frontend:
  impl: GEM5

[2026-05-26 12:38:00.726] [info] Row hits: 30842, Row misses: 51, Row conflicts: 2120
MemorySystem:
  impl: GenericDRAM
  total_num_other_requests: 0
  total_num_write_requests: 910
  total_num_read_requests: 32189
  memory_system_cycles: 130960
  DRAM:
    impl: HBM2
  AddrMapper:
    impl: RoBaRaCoCh
  Controller:
    impl: Generic
    id: Channel 0
    Scheduler:
      impl: FRFCFS
    RefreshManager:
      impl: AllBank



[2026-05-26 12:38:00.726] [debug] HBM2-CH_15: avg BW utilization 25% (32189 reads, 910 writes)
[2026-05-26 12:38:00.726] [info] Simulation time: 7.240917 seconds
[2026-05-26 12:38:00.726] [info] Total tile: 389, simulated tile per seconds(TPS): 53.882650
