[2026-05-25 04:19:30.991] [info] CPU 0: Partition 0
[2026-05-25 04:19:30.991] [info] CPU 1: Partition 0
[2026-05-25 04:19:30.991] [info] CPU 2: Partition 0
[2026-05-25 04:19:30.991] [info] CPU 3: Partition 0
[2026-05-25 04:19:30.991] [info] Running in language mode
[2026-05-25 04:19:30.991] [info] Simulator Configuration:
[2026-05-25 04:19:30.991] [info] [Core 0] Systolic Array Throughput: 131072 GFLOPS, Spad size: 32768 KB, Accumulator size: 4096 KB
[2026-05-25 04:19:30.991] [info] [Core 1] Systolic Array Throughput: 131072 GFLOPS, Spad size: 32768 KB, Accumulator size: 4096 KB
[2026-05-25 04:19:30.991] [info] [Core 2] Systolic Array Throughput: 131072 GFLOPS, Spad size: 32768 KB, Accumulator size: 4096 KB
[2026-05-25 04:19:30.991] [info] [Core 3] Systolic Array Throughput: 131072 GFLOPS, Spad size: 32768 KB, Accumulator size: 4096 KB
[2026-05-25 04:19:30.991] [info] DRAM Bandwidth 614 GB/s
[2026-05-25 04:19:30.991] [info] Ramulator2 config: /workspace/ONNXim/configs/../configs/ramulator2_configs/HBM2.yaml
[2026-05-25 04:19:30.997] [info] Initialize Booksim2
[2026-05-25 04:19:30.997] [info] Config path : /workspace/ONNXim/configs/../configs/booksim2_configs/fly_c64_m16.icnt
[2026-05-25 04:19:30.999] [info] Register Language Model: tiny_transformer
[2026-05-25 04:19:30.999] [info] Tensor Parallelsim 1, Pipeline Parallelism 1
[2026-05-25 04:19:30.999] [info] Weight size: 0.01 GB
[2026-05-25 04:19:30.999] [info] Simple Language scheduler selected
[2026-05-25 04:19:30.999] [info] num layer 1 num sim layer 1
[2026-05-25 04:19:30.999] [info] ======Start Simulation=====
[2026-05-25 04:19:30.999] [info] Total Memory Usage: 0.01 GB
[2026-05-25 04:19:30.999] [info] Weight Memory Usage: 0.01 GB
[2026-05-25 04:19:30.999] [info] KV Memory Usage: 0.00 GB
[2026-05-25 04:19:30.999] [info] Activation Memory Usage: 0.00 GB
[2026-05-25 04:19:30.999] [debug] [Gemm] input_shape: [128, 232]
[2026-05-25 04:19:30.999] [debug] [Gemm] output_shape : [128, 696]
[2026-05-25 04:19:30.999] [info] [GEMM] spad_size: 33554432 accum_size: 4194304
[2026-05-25 04:19:30.999] [info] [GEMM] required_sram_size: 131072 required_accum_size: 32768
[2026-05-25 04:19:30.999] [info] [GEMM] Used mapping: Total N:128 C:232 M:696 | Outer N:1 C:1 M:6 | Inner N:128 C:256 M:128
[2026-05-25 04:19:31.002] [info] [GemmWs] Keys K = 232, N = 128, M = 696
[2026-05-25 04:19:31.002] [info] [GemmWS]: total 0.04142592 GFLOPs, 0.000561904 GB
[2026-05-25 04:19:31.002] [info] [GemmWS]: Theoretical time(ms): 0.0009151530662165897 Compute time: 0.0003160546953040466 Memory time: 0.0009151530662165897
[2026-05-25 04:19:31.002] [debug] [KVCacheConcat] input_token_lengths: [128]
[2026-05-25 04:19:31.002] [debug] [KVCacheConcat] number of tiles: 1
[2026-05-25 04:19:31.003] [info] [Attention] total_spad_size_per_head: 282112 B
[2026-05-25 04:19:31.003] [info] [Attention] total_acc_size_per_head: 294912 B
[2026-05-25 04:19:31.003] [info] [Attention] q_len: 128, seq_len: 1152, dk: 58, heads per tile 1
[2026-05-25 04:19:31.003] [info] [Attention] Spad size 16777216
[2026-05-25 04:19:31.003] [info] [Attention] Accum spad size 2097152
[2026-05-25 04:19:31.003] [info] Mapping info Total Loop: N512 C58 M1152 S1 R1 Q1 P1 Tile Out Loop: N4 C1 M1 S1 R1 Q1 P1 Tile In Loop: N128 C58 M1152 S1 R1 Q1 P1
[2026-05-25 04:19:31.022] [info] [Attention] QK 0.06841958 GFLOPs
[2026-05-25 04:19:31.022] [info] [Attention] total 0.1427374 GFLOPs, 0.00118784 GB
[2026-05-25 04:19:31.022] [info] [Attention] Theoretical time(ms): 0.0019345927 Compute time: 0.001764 Memory time: 0.0019345927
[2026-05-25 04:19:31.022] [info] [Attention] QK compute 0.0005ms Softmax compute 0.0007ms SV compute 0.0005ms
[2026-05-25 04:19:31.022] [debug] [Gemm] input_shape: [128, 232]
[2026-05-25 04:19:31.022] [debug] [Gemm] output_shape : [128, 232]
[2026-05-25 04:19:31.022] [info] [GEMM] spad_size: 33554432 accum_size: 4194304
[2026-05-25 04:19:31.022] [info] [GEMM] required_sram_size: 131072 required_accum_size: 32768
[2026-05-25 04:19:31.022] [info] [GEMM] Used mapping: Total N:128 C:232 M:232 | Outer N:1 C:1 M:2 | Inner N:128 C:256 M:128
[2026-05-25 04:19:31.023] [info] [GemmWs] Keys K = 232, N = 128, M = 232
[2026-05-25 04:19:31.023] [info] [GemmWS]: total 0.013808639 GFLOPs, 0.00022689601 GB
[2026-05-25 04:19:31.023] [info] [GemmWS]: Theoretical time(ms): 0.0003695374743983848 Compute time: 0.00010535155325896994 Memory time: 0.0003695374743983848
[2026-05-25 04:19:31.023] [info] [SkipLayerNorm] tokens_per_tile: 16
[2026-05-25 04:19:31.023] [debug] [Gemm] input_shape: [128, 232]
[2026-05-25 04:19:31.023] [debug] [Gemm] output_shape : [128, 512]
[2026-05-25 04:19:31.023] [info] [GEMM] spad_size: 33554432 accum_size: 4194304
[2026-05-25 04:19:31.023] [info] [GEMM] required_sram_size: 131072 required_accum_size: 32768
[2026-05-25 04:19:31.023] [info] [GEMM] Used mapping: Total N:128 C:232 M:512 | Outer N:1 C:1 M:4 | Inner N:128 C:256 M:128
[2026-05-25 04:19:31.025] [info] [GemmWs] Keys K = 232, N = 128, M = 512
[2026-05-25 04:19:31.025] [info] [GemmWS]: total 0.030408705 GFLOPs, 0.000428032 GB
[2026-05-25 04:19:31.025] [info] [GemmWS]: Theoretical time(ms): 0.000697120526638173 Compute time: 0.00023200000498491136 Memory time: 0.000697120526638173
[2026-05-25 04:19:31.025] [info] [BiasAct] tokens_per_tile: 16
[2026-05-25 04:19:31.026] [debug] [Gemm] input_shape: [128, 512]
[2026-05-25 04:19:31.026] [debug] [Gemm] output_shape : [128, 232]
[2026-05-25 04:19:31.026] [info] [GEMM] spad_size: 33554432 accum_size: 4194304
[2026-05-25 04:19:31.026] [info] [GEMM] required_sram_size: 262144 required_accum_size: 32768
[2026-05-25 04:19:31.026] [info] [GEMM] Used mapping: Total N:128 C:512 M:232 | Outer N:1 C:1 M:2 | Inner N:128 C:512 M:128
[2026-05-25 04:19:31.028] [info] [GemmWs] Keys K = 512, N = 128, M = 232
[2026-05-25 04:19:31.028] [info] [GemmWS]: total 0.030438399 GFLOPs, 0.00042849602 GB
[2026-05-25 04:19:31.028] [info] [GemmWS]: Theoretical time(ms): 0.0006978762598919275 Compute time: 0.0002322265544307811 Memory time: 0.0006978762598919275
[2026-05-25 04:19:31.028] [info] [SkipLayerNorm] tokens_per_tile: 16
[2026-05-25 04:19:31.028] [debug] runnable op, 
[2026-05-25 04:19:31.028] [info]  Model initialization time: 0.028736 seconds
[2026-05-25 04:19:31.028] [info] Schedule model: tiny_transformer at 1000 us
[2026-05-25 04:19:31.028] [info] MODEL tiny_transformer Scheduled, Total Request: 1
[2026-05-25 04:19:31.028] [info] executable layer count 1
[2026-05-25 04:19:31.028] [info] Start layer layer0.attn.QKVgen
[2026-05-25 04:19:31.028] [debug] Layer layer0.attn.QKVgen Core 0 Get Tile at 0
[2026-05-25 04:19:31.028] [debug] Layer layer0.attn.QKVgen Core 1 Get Tile at 0
[2026-05-25 04:19:31.028] [debug] Layer layer0.attn.QKVgen Core 2 Get Tile at 0
[2026-05-25 04:19:31.028] [debug] Layer layer0.attn.QKVgen Core 3 Get Tile at 0
[2026-05-25 04:19:31.028] [info] HBM2-CH_0: BW utilization 0% (0 reads, 0 writes)
[2026-05-25 04:19:31.028] [debug] HBM2-CH_1: BW utilization 0% (0 reads, 0 writes)
[2026-05-25 04:19:31.028] [debug] HBM2-CH_2: BW utilization 0% (0 reads, 0 writes)
[2026-05-25 04:19:31.028] [debug] HBM2-CH_3: BW utilization 0% (0 reads, 0 writes)
[2026-05-25 04:19:31.028] [debug] HBM2-CH_4: BW utilization 0% (0 reads, 0 writes)
[2026-05-25 04:19:31.028] [debug] HBM2-CH_5: BW utilization 0% (0 reads, 0 writes)
[2026-05-25 04:19:31.028] [debug] HBM2-CH_6: BW utilization 0% (0 reads, 0 writes)
[2026-05-25 04:19:31.028] [debug] HBM2-CH_7: BW utilization 0% (0 reads, 0 writes)
[2026-05-25 04:19:31.028] [debug] HBM2-CH_8: BW utilization 0% (0 reads, 0 writes)
[2026-05-25 04:19:31.028] [debug] HBM2-CH_9: BW utilization 0% (0 reads, 0 writes)
[2026-05-25 04:19:31.028] [debug] HBM2-CH_10: BW utilization 0% (0 reads, 0 writes)
[2026-05-25 04:19:31.028] [debug] HBM2-CH_11: BW utilization 0% (0 reads, 0 writes)
[2026-05-25 04:19:31.028] [debug] HBM2-CH_12: BW utilization 0% (0 reads, 0 writes)
[2026-05-25 04:19:31.028] [debug] HBM2-CH_13: BW utilization 0% (0 reads, 0 writes)
[2026-05-25 04:19:31.028] [debug] HBM2-CH_14: BW utilization 0% (0 reads, 0 writes)
[2026-05-25 04:19:31.028] [debug] HBM2-CH_15: BW utilization 0% (0 reads, 0 writes)
[2026-05-25 04:19:31.028] [debug] Layer layer0.attn.QKVgen Core 1 Get Tile at 1
[2026-05-25 04:19:31.028] [debug] Layer layer0.attn.QKVgen Core 2 Get Tile at 1
[2026-05-25 04:19:31.249] [info] Core [0] : MatMul active cycle 0 Vector active cycle 0 
[2026-05-25 04:19:31.249] [info] Core [0] : issued tile 1 
[2026-05-25 04:19:31.249] [info] Core [0] : Memory unit idle cycle 767 Systolic bubble cycle 0 Core idle cycle 0 
[2026-05-25 04:19:31.249] [info] Core [0] : PE Utilization(%) 0.00, Systolic Bubble(%) 0.00, Vector Unit Utilization(%) 0.00, Total cycle: 1000
[2026-05-25 04:19:31.249] [debug] Core [1] : MatMul active cycle 0 Vector active cycle 0 
[2026-05-25 04:19:31.249] [debug] Core [1] : issued tile 2 
[2026-05-25 04:19:31.249] [debug] Core [1] : Memory unit idle cycle 534 Systolic bubble cycle 0 Core idle cycle 0 
[2026-05-25 04:19:31.249] [debug] Core [1] : PE Utilization(%) 0.00, Systolic Bubble(%) 0.00, Vector Unit Utilization(%) 0.00, Total cycle: 1000
[2026-05-25 04:19:31.249] [debug] Core [2] : MatMul active cycle 0 Vector active cycle 0 
[2026-05-25 04:19:31.249] [debug] Core [2] : issued tile 2 
[2026-05-25 04:19:31.249] [debug] Core [2] : Memory unit idle cycle 600 Systolic bubble cycle 0 Core idle cycle 0 
[2026-05-25 04:19:31.249] [debug] Core [2] : PE Utilization(%) 0.00, Systolic Bubble(%) 0.00, Vector Unit Utilization(%) 0.00, Total cycle: 1000
[2026-05-25 04:19:31.249] [debug] Core [3] : MatMul active cycle 0 Vector active cycle 0 
[2026-05-25 04:19:31.249] [debug] Core [3] : issued tile 1 
[2026-05-25 04:19:31.249] [debug] Core [3] : Memory unit idle cycle 767 Systolic bubble cycle 0 Core idle cycle 0 
[2026-05-25 04:19:31.249] [debug] Core [3] : PE Utilization(%) 0.00, Systolic Bubble(%) 0.00, Vector Unit Utilization(%) 0.00, Total cycle: 1000
[2026-05-25 04:19:31.318] [debug] Layer 18 Core 0 Finish Tile at 1884 Remain tile 6
[2026-05-25 04:19:31.321] [debug] Layer 18 Core 2 Finish Tile at 1927 Remain tile 5
[2026-05-25 04:19:31.326] [debug] Layer 18 Core 1 Finish Tile at 1963 Remain tile 4
[2026-05-25 04:19:31.333] [info] Core [0] : MatMul active cycle 765 Vector active cycle 0 
[2026-05-25 04:19:31.333] [info] Core [0] : issued tile 0 
[2026-05-25 04:19:31.333] [info] Core [0] : Memory unit idle cycle 936 Systolic bubble cycle 0 Core idle cycle 0 
[2026-05-25 04:19:31.333] [info] Core [0] : PE Utilization(%) 51.00, Systolic Bubble(%) 0.00, Vector Unit Utilization(%) 0.00, Total cycle: 2000
[2026-05-25 04:19:31.333] [debug] Core [1] : MatMul active cycle 804 Vector active cycle 0 
[2026-05-25 04:19:31.333] [debug] Core [1] : issued tile 1 
[2026-05-25 04:19:31.333] [debug] Core [1] : Memory unit idle cycle 962 Systolic bubble cycle 0 Core idle cycle 0 
[2026-05-25 04:19:31.333] [debug] Core [1] : PE Utilization(%) 54.90, Systolic Bubble(%) 0.00, Vector Unit Utilization(%) 0.00, Total cycle: 2000
[2026-05-25 04:19:31.333] [debug] Core [2] : MatMul active cycle 840 Vector active cycle 0 
[2026-05-25 04:19:31.333] [debug] Core [2] : issued tile 1 
[2026-05-25 04:19:31.333] [debug] Core [2] : Memory unit idle cycle 936 Systolic bubble cycle 691200 Core idle cycle 0 
[2026-05-25 04:19:31.333] [debug] Core [2] : PE Utilization(%) 54.28, Systolic Bubble(%) 4.22, Vector Unit Utilization(%) 0.00, Total cycle: 2000
[2026-05-25 04:19:31.333] [debug] Layer 18 Core 3 Finish Tile at 1999 Remain tile 3
[2026-05-25 04:19:31.333] [debug] Core [3] : MatMul active cycle 765 Vector active cycle 0 
[2026-05-25 04:19:31.333] [debug] Core [3] : issued tile 0 
[2026-05-25 04:19:31.333] [debug] Core [3] : Memory unit idle cycle 998 Systolic bubble cycle 0 Core idle cycle 0 
[2026-05-25 04:19:31.333] [debug] Core [3] : PE Utilization(%) 51.00, Systolic Bubble(%) 0.00, Vector Unit Utilization(%) 0.00, Total cycle: 2000
[2026-05-25 04:19:31.363] [debug] Layer 18 Core 2 Finish Tile at 2183 Remain tile 2
[2026-05-25 04:19:31.367] [debug] Layer 18 Core 1 Finish Tile at 2219 Remain tile 1
[2026-05-25 04:19:31.367] [info] Layer layer0.attn.QKVgen finish at 2219
[2026-05-25 04:19:31.367] [info] Total compute time 2219
[2026-05-25 04:19:31.367] [info] executable layer count 1
[2026-05-25 04:19:31.367] [info] Start layer layer0.attn.KVccat
[2026-05-25 04:19:31.367] [debug] Layer layer0.attn.KVccat Core 0 Get Tile at 2220
[2026-05-25 04:19:31.367] [debug] Layer 20 Core 0 Finish Tile at 2221 Remain tile 1
[2026-05-25 04:19:31.367] [info] Layer layer0.attn.KVccat finish at 2221
[2026-05-25 04:19:31.367] [info] Total compute time 2
[2026-05-25 04:19:31.367] [info] executable layer count 1
[2026-05-25 04:19:31.367] [info] Start layer layer0.attn.Attention.0
[2026-05-25 04:19:31.367] [debug] Layer layer0.attn.Attention.0 Core 0 Get Tile at 2221
[2026-05-25 04:19:31.367] [debug] Layer layer0.attn.Attention.0 Core 1 Get Tile at 2221
[2026-05-25 04:19:31.367] [debug] Layer layer0.attn.Attention.0 Core 2 Get Tile at 2221
[2026-05-25 04:19:31.367] [debug] Layer layer0.attn.Attention.0 Core 3 Get Tile at 2221
[2026-05-25 04:19:31.564] [info] Core [0] : MatMul active cycle 0 Vector active cycle 0 
[2026-05-25 04:19:31.564] [info] Core [0] : issued tile 1 
[2026-05-25 04:19:31.564] [info] Core [0] : Memory unit idle cycle 449 Systolic bubble cycle 0 Core idle cycle 59 
[2026-05-25 04:19:31.564] [info] Core [0] : PE Utilization(%) 0.00, Systolic Bubble(%) 0.00, Vector Unit Utilization(%) 0.00, Total cycle: 3000
[2026-05-25 04:19:31.564] [debug] Core [1] : MatMul active cycle 217 Vector active cycle 0 
[2026-05-25 04:19:31.564] [debug] Core [1] : issued tile 1 
[2026-05-25 04:19:31.564] [debug] Core [1] : Memory unit idle cycle 359 Systolic bubble cycle 0 Core idle cycle 0 
[2026-05-25 04:19:31.564] [debug] Core [1] : PE Utilization(%) 21.70, Systolic Bubble(%) 0.00, Vector Unit Utilization(%) 0.00, Total cycle: 3000
[2026-05-25 04:19:31.564] [debug] Core [2] : MatMul active cycle 181 Vector active cycle 0 
[2026-05-25 04:19:31.564] [debug] Core [2] : issued tile 1 
[2026-05-25 04:19:31.564] [debug] Core [2] : Memory unit idle cycle 417 Systolic bubble cycle 1668096 Core idle cycle 0 
[2026-05-25 04:19:31.564] [debug] Core [2] : PE Utilization(%) 7.92, Systolic Bubble(%) 10.18, Vector Unit Utilization(%) 0.00, Total cycle: 3000
[2026-05-25 04:19:31.564] [debug] Core [3] : MatMul active cycle 0 Vector active cycle 0 
[2026-05-25 04:19:31.564] [debug] Core [3] : issued tile 1 
[2026-05-25 04:19:31.564] [debug] Core [3] : Memory unit idle cycle 387 Systolic bubble cycle 0 Core idle cycle 0 
[2026-05-25 04:19:31.564] [debug] Core [3] : PE Utilization(%) 0.00, Systolic Bubble(%) 0.00, Vector Unit Utilization(%) 0.00, Total cycle: 3000
[2026-05-25 04:19:31.796] [info] Core [0] : MatMul active cycle 105 Vector active cycle 0 
[2026-05-25 04:19:31.796] [info] Core [0] : issued tile 1 
[2026-05-25 04:19:31.796] [info] Core [0] : Memory unit idle cycle 1000 Systolic bubble cycle 0 Core idle cycle 0 
[2026-05-25 04:19:31.796] [info] Core [0] : PE Utilization(%) 0.00, Systolic Bubble(%) 0.00, Vector Unit Utilization(%) 0.00, Total cycle: 4000
[2026-05-25 04:19:31.796] [debug] Core [1] : MatMul active cycle 0 Vector active cycle 0 
[2026-05-25 04:19:31.796] [debug] Core [1] : issued tile 1 
[2026-05-25 04:19:31.796] [debug] Core [1] : Memory unit idle cycle 1000 Systolic bubble cycle 0 Core idle cycle 0 
[2026-05-25 04:19:31.796] [debug] Core [1] : PE Utilization(%) 0.00, Systolic Bubble(%) 0.00, Vector Unit Utilization(%) 0.00, Total cycle: 4000
[2026-05-25 04:19:31.796] [debug] Core [2] : MatMul active cycle 71 Vector active cycle 0 
[2026-05-25 04:19:31.796] [debug] Core [2] : issued tile 1 
[2026-05-25 04:19:31.796] [debug] Core [2] : Memory unit idle cycle 1000 Systolic bubble cycle 0 Core idle cycle 0 
[2026-05-25 04:19:31.796] [debug] Core [2] : PE Utilization(%) 0.00, Systolic Bubble(%) 0.00, Vector Unit Utilization(%) 0.00, Total cycle: 4000
[2026-05-25 04:19:31.796] [debug] Core [3] : MatMul active cycle 194 Vector active cycle 0 
[2026-05-25 04:19:31.796] [debug] Core [3] : issued tile 1 
[2026-05-25 04:19:31.796] [debug] Core [3] : Memory unit idle cycle 1000 Systolic bubble cycle 0 Core idle cycle 0 
[2026-05-25 04:19:31.796] [debug] Core [3] : PE Utilization(%) 0.00, Systolic Bubble(%) 0.00, Vector Unit Utilization(%) 0.00, Total cycle: 4000
[2026-05-25 04:19:31.949] [info] Core [0] : MatMul active cycle 1000 Vector active cycle 0 
[2026-05-25 04:19:31.949] [info] Core [0] : issued tile 1 
[2026-05-25 04:19:31.949] [info] Core [0] : Memory unit idle cycle 1000 Systolic bubble cycle 0 Core idle cycle 0 
[2026-05-25 04:19:31.949] [info] Core [0] : PE Utilization(%) 85.00, Systolic Bubble(%) 0.00, Vector Unit Utilization(%) 0.00, Total cycle: 5000
[2026-05-25 04:19:31.949] [debug] Core [1] : MatMul active cycle 865 Vector active cycle 0 
[2026-05-25 04:19:31.949] [debug] Core [1] : issued tile 1 
[2026-05-25 04:19:31.949] [debug] Core [1] : Memory unit idle cycle 1000 Systolic bubble cycle 0 Core idle cycle 0 
[2026-05-25 04:19:31.949] [debug] Core [1] : PE Utilization(%) 61.00, Systolic Bubble(%) 0.00, Vector Unit Utilization(%) 0.00, Total cycle: 5000
[2026-05-25 04:19:31.949] [debug] Core [2] : MatMul active cycle 1000 Vector active cycle 0 
[2026-05-25 04:19:31.949] [debug] Core [2] : issued tile 1 
[2026-05-25 04:19:31.949] [debug] Core [2] : Memory unit idle cycle 1000 Systolic bubble cycle 0 Core idle cycle 0 
[2026-05-25 04:19:31.949] [debug] Core [2] : PE Utilization(%) 81.60, Systolic Bubble(%) 0.00, Vector Unit Utilization(%) 0.00, Total cycle: 5000
[2026-05-25 04:19:31.949] [debug] Core [3] : MatMul active cycle 1000 Vector active cycle 0 
[2026-05-25 04:19:31.949] [debug] Core [3] : issued tile 1 
[2026-05-25 04:19:31.949] [debug] Core [3] : Memory unit idle cycle 1000 Systolic bubble cycle 0 Core idle cycle 0 
[2026-05-25 04:19:31.949] [debug] Core [3] : PE Utilization(%) 93.90, Systolic Bubble(%) 0.00, Vector Unit Utilization(%) 0.00, Total cycle: 5000
[2026-05-25 04:19:31.955] [info] Core [0] : MatMul active cycle 556 Vector active cycle 876 
[2026-05-25 04:19:31.955] [info] Core [0] : issued tile 1 
[2026-05-25 04:19:31.955] [info] Core [0] : Memory unit idle cycle 1000 Systolic bubble cycle 0 Core idle cycle 0 
[2026-05-25 04:19:31.955] [info] Core [0] : PE Utilization(%) 55.60, Systolic Bubble(%) 0.00, Vector Unit Utilization(%) 87.60, Total cycle: 6000
[2026-05-25 04:19:31.955] [debug] Core [1] : MatMul active cycle 796 Vector active cycle 402 
[2026-05-25 04:19:31.955] [debug] Core [1] : issued tile 1 
[2026-05-25 04:19:31.955] [debug] Core [1] : Memory unit idle cycle 1000 Systolic bubble cycle 0 Core idle cycle 0 
[2026-05-25 04:19:31.955] [debug] Core [1] : PE Utilization(%) 79.60, Systolic Bubble(%) 0.00, Vector Unit Utilization(%) 40.20, Total cycle: 6000
[2026-05-25 04:19:31.955] [debug] Core [2] : MatMul active cycle 590 Vector active cycle 810 
[2026-05-25 04:19:31.955] [debug] Core [2] : issued tile 1 
[2026-05-25 04:19:31.955] [debug] Core [2] : Memory unit idle cycle 1000 Systolic bubble cycle 0 Core idle cycle 0 
[2026-05-25 04:19:31.955] [debug] Core [2] : PE Utilization(%) 59.00, Systolic Bubble(%) 0.00, Vector Unit Utilization(%) 81.00, Total cycle: 6000
[2026-05-25 04:19:31.955] [debug] Core [3] : MatMul active cycle 481 Vector active cycle 1022 
[2026-05-25 04:19:31.955] [debug] Core [3] : issued tile 1 
[2026-05-25 04:19:31.955] [debug] Core [3] : Memory unit idle cycle 1000 Systolic bubble cycle 0 Core idle cycle 0 
[2026-05-25 04:19:31.955] [debug] Core [3] : PE Utilization(%) 46.70, Systolic Bubble(%) 0.00, Vector Unit Utilization(%) 102.20, Total cycle: 6000
[2026-05-25 04:19:31.962] [info] Core [0] : MatMul active cycle 924 Vector active cycle 146 
[2026-05-25 04:19:31.962] [info] Core [0] : issued tile 1 
[2026-05-25 04:19:31.962] [info] Core [0] : Memory unit idle cycle 1000 Systolic bubble cycle 3709440 Core idle cycle 0 
[2026-05-25 04:19:31.962] [info] Core [0] : PE Utilization(%) 18.76, Systolic Bubble(%) 22.64, Vector Unit Utilization(%) 14.60, Total cycle: 7000
[2026-05-25 04:19:31.962] [debug] Core [1] : MatMul active cycle 684 Vector active cycle 620 
[2026-05-25 04:19:31.962] [debug] Core [1] : issued tile 1 
[2026-05-25 04:19:31.962] [debug] Core [1] : Memory unit idle cycle 1000 Systolic bubble cycle 3422720 Core idle cycle 0 
[2026-05-25 04:19:31.962] [debug] Core [1] : PE Utilization(%) 17.31, Systolic Bubble(%) 20.89, Vector Unit Utilization(%) 62.00, Total cycle: 7000
[2026-05-25 04:19:31.962] [debug] Core [2] : MatMul active cycle 890 Vector active cycle 212 
[2026-05-25 04:19:31.962] [debug] Core [2] : issued tile 1 
[2026-05-25 04:19:31.962] [debug] Core [2] : Memory unit idle cycle 1000 Systolic bubble cycle 3422720 Core idle cycle 0 
[2026-05-25 04:19:31.962] [debug] Core [2] : PE Utilization(%) 17.31, Systolic Bubble(%) 20.89, Vector Unit Utilization(%) 21.20, Total cycle: 7000
[2026-05-25 04:19:31.962] [debug] Core [3] : MatMul active cycle 999 Vector active cycle 0 
[2026-05-25 04:19:31.962] [debug] Core [3] : issued tile 1 
[2026-05-25 04:19:31.962] [debug] Core [3] : Memory unit idle cycle 1000 Systolic bubble cycle 4506880 Core idle cycle 0 
[2026-05-25 04:19:31.962] [debug] Core [3] : PE Utilization(%) 22.79, Systolic Bubble(%) 27.51, Vector Unit Utilization(%) 0.00, Total cycle: 7000
[2026-05-25 04:19:31.969] [info] HBM2-CH_0: BW utilization 40% (3534 reads, 354 writes)
[2026-05-25 04:19:31.969] [debug] HBM2-CH_1: BW utilization 40% (3533 reads, 348 writes)
[2026-05-25 04:19:31.969] [debug] HBM2-CH_2: BW utilization 40% (3533 reads, 349 writes)
[2026-05-25 04:19:31.969] [debug] HBM2-CH_3: BW utilization 40% (3534 reads, 362 writes)
[2026-05-25 04:19:31.969] [debug] HBM2-CH_4: BW utilization 40% (3533 reads, 351 writes)
[2026-05-25 04:19:31.969] [debug] HBM2-CH_5: BW utilization 40% (3534 reads, 352 writes)
[2026-05-25 04:19:31.969] [debug] HBM2-CH_6: BW utilization 40% (3534 reads, 355 writes)
[2026-05-25 04:19:31.969] [debug] HBM2-CH_7: BW utilization 40% (3533 reads, 350 writes)
[2026-05-25 04:19:31.969] [debug] HBM2-CH_8: BW utilization 40% (3533 reads, 350 writes)
[2026-05-25 04:19:31.969] [debug] HBM2-CH_9: BW utilization 40% (3534 reads, 353 writes)
[2026-05-25 04:19:31.969] [debug] HBM2-CH_10: BW utilization 40% (3534 reads, 354 writes)
[2026-05-25 04:19:31.969] [debug] HBM2-CH_11: BW utilization 40% (3533 reads, 350 writes)
[2026-05-25 04:19:31.969] [debug] HBM2-CH_12: BW utilization 40% (3534 reads, 350 writes)
[2026-05-25 04:19:31.969] [debug] HBM2-CH_13: BW utilization 40% (3533 reads, 354 writes)
[2026-05-25 04:19:31.969] [debug] HBM2-CH_14: BW utilization 40% (3533 reads, 348 writes)
[2026-05-25 04:19:31.969] [debug] HBM2-CH_15: BW utilization 40% (3534 reads, 352 writes)
[2026-05-25 04:19:31.969] [info] Core [0] : MatMul active cycle 998 Vector active cycle 0 
[2026-05-25 04:19:31.969] [info] Core [0] : issued tile 1 
[2026-05-25 04:19:31.969] [info] Core [0] : Memory unit idle cycle 1000 Systolic bubble cycle 6558720 Core idle cycle 0 
[2026-05-25 04:19:31.969] [info] Core [0] : PE Utilization(%) 33.17, Systolic Bubble(%) 40.03, Vector Unit Utilization(%) 0.00, Total cycle: 8000
[2026-05-25 04:19:31.969] [debug] Core [1] : MatMul active cycle 999 Vector active cycle 0 
[2026-05-25 04:19:31.969] [debug] Core [1] : issued tile 1 
[2026-05-25 04:19:31.969] [debug] Core [1] : Memory unit idle cycle 1000 Systolic bubble cycle 4802560 Core idle cycle 0 
[2026-05-25 04:19:31.969] [debug] Core [1] : PE Utilization(%) 24.29, Systolic Bubble(%) 29.31, Vector Unit Utilization(%) 0.00, Total cycle: 8000
[2026-05-25 04:19:31.969] [debug] Core [2] : MatMul active cycle 999 Vector active cycle 0 
[2026-05-25 04:19:31.969] [debug] Core [2] : issued tile 1 
[2026-05-25 04:19:31.969] [debug] Core [2] : Memory unit idle cycle 1000 Systolic bubble cycle 6648320 Core idle cycle 0 
[2026-05-25 04:19:31.969] [debug] Core [2] : PE Utilization(%) 33.62, Systolic Bubble(%) 40.58, Vector Unit Utilization(%) 0.00, Total cycle: 8000
[2026-05-25 04:19:31.969] [debug] Core [3] : MatMul active cycle 998 Vector active cycle 0 
[2026-05-25 04:19:31.969] [debug] Core [3] : issued tile 1 
[2026-05-25 04:19:31.969] [debug] Core [3] : Memory unit idle cycle 1000 Systolic bubble cycle 5761280 Core idle cycle 0 
[2026-05-25 04:19:31.969] [debug] Core [3] : PE Utilization(%) 29.14, Systolic Bubble(%) 35.16, Vector Unit Utilization(%) 0.00, Total cycle: 8000
[2026-05-25 04:19:31.976] [info] Core [0] : MatMul active cycle 999 Vector active cycle 0 
[2026-05-25 04:19:31.976] [info] Core [0] : issued tile 1 
[2026-05-25 04:19:31.976] [info] Core [0] : Memory unit idle cycle 1000 Systolic bubble cycle 4480000 Core idle cycle 0 
[2026-05-25 04:19:31.976] [info] Core [0] : PE Utilization(%) 22.66, Systolic Bubble(%) 27.34, Vector Unit Utilization(%) 0.00, Total cycle: 9000
[2026-05-25 04:19:31.976] [debug] Core [1] : MatMul active cycle 998 Vector active cycle 0 
[2026-05-25 04:19:31.976] [debug] Core [1] : issued tile 1 
[2026-05-25 04:19:31.976] [debug] Core [1] : Memory unit idle cycle 1000 Systolic bubble cycle 5465600 Core idle cycle 0 
[2026-05-25 04:19:31.976] [debug] Core [1] : PE Utilization(%) 27.64, Systolic Bubble(%) 33.36, Vector Unit Utilization(%) 0.00, Total cycle: 9000
[2026-05-25 04:19:31.976] [debug] Core [2] : MatMul active cycle 998 Vector active cycle 0 
[2026-05-25 04:19:31.976] [debug] Core [2] : issued tile 1 
[2026-05-25 04:19:31.976] [debug] Core [2] : Memory unit idle cycle 1000 Systolic bubble cycle 4372480 Core idle cycle 0 
[2026-05-25 04:19:31.976] [debug] Core [2] : PE Utilization(%) 22.11, Systolic Bubble(%) 26.69, Vector Unit Utilization(%) 0.00, Total cycle: 9000
[2026-05-25 04:19:31.976] [debug] Core [3] : MatMul active cycle 999 Vector active cycle 0 
[2026-05-25 04:19:31.976] [debug] Core [3] : issued tile 1 
[2026-05-25 04:19:31.976] [debug] Core [3] : Memory unit idle cycle 1000 Systolic bubble cycle 5277440 Core idle cycle 0 
[2026-05-25 04:19:31.976] [debug] Core [3] : PE Utilization(%) 26.69, Systolic Bubble(%) 32.21, Vector Unit Utilization(%) 0.00, Total cycle: 9000
[2026-05-25 04:19:31.982] [info] Core [0] : MatMul active cycle 998 Vector active cycle 0 
[2026-05-25 04:19:31.982] [info] Core [0] : issued tile 1 
[2026-05-25 04:19:31.982] [info] Core [0] : Memory unit idle cycle 1000 Systolic bubble cycle 5788160 Core idle cycle 0 
[2026-05-25 04:19:31.982] [info] Core [0] : PE Utilization(%) 29.27, Systolic Bubble(%) 35.33, Vector Unit Utilization(%) 0.00, Total cycle: 10000
[2026-05-25 04:19:31.982] [debug] Core [1] : MatMul active cycle 999 Vector active cycle 0 
[2026-05-25 04:19:31.982] [debug] Core [1] : issued tile 1 
[2026-05-25 04:19:31.982] [debug] Core [1] : Memory unit idle cycle 1000 Systolic bubble cycle 5573120 Core idle cycle 0 
[2026-05-25 04:19:31.982] [debug] Core [1] : PE Utilization(%) 28.18, Systolic Bubble(%) 34.02, Vector Unit Utilization(%) 0.00, Total cycle: 10000
[2026-05-25 04:19:31.982] [debug] Core [2] : MatMul active cycle 998 Vector active cycle 0 
[2026-05-25 04:19:31.982] [debug] Core [2] : issued tile 1 
[2026-05-25 04:19:31.982] [debug] Core [2] : Memory unit idle cycle 1000 Systolic bubble cycle 6092800 Core idle cycle 0 
[2026-05-25 04:19:31.982] [debug] Core [2] : PE Utilization(%) 30.81, Systolic Bubble(%) 37.19, Vector Unit Utilization(%) 0.00, Total cycle: 10000
[2026-05-25 04:19:31.982] [debug] Core [3] : MatMul active cycle 998 Vector active cycle 0 
[2026-05-25 04:19:31.982] [debug] Core [3] : issued tile 1 
[2026-05-25 04:19:31.982] [debug] Core [3] : Memory unit idle cycle 1000 Systolic bubble cycle 4990720 Core idle cycle 0 
[2026-05-25 04:19:31.982] [debug] Core [3] : PE Utilization(%) 25.24, Systolic Bubble(%) 30.46, Vector Unit Utilization(%) 0.00, Total cycle: 10000
[2026-05-25 04:19:31.989] [info] Core [0] : MatMul active cycle 999 Vector active cycle 0 
[2026-05-25 04:19:31.989] [info] Core [0] : issued tile 1 
[2026-05-25 04:19:31.989] [info] Core [0] : Memory unit idle cycle 1000 Systolic bubble cycle 5250560 Core idle cycle 0 
[2026-05-25 04:19:31.989] [info] Core [0] : PE Utilization(%) 26.55, Systolic Bubble(%) 32.05, Vector Unit Utilization(%) 0.00, Total cycle: 11000
[2026-05-25 04:19:31.989] [debug] Core [1] : MatMul active cycle 998 Vector active cycle 0 
[2026-05-25 04:19:31.989] [debug] Core [1] : issued tile 1 
[2026-05-25 04:19:31.989] [debug] Core [1] : Memory unit idle cycle 1000 Systolic bubble cycle 4695040 Core idle cycle 0 
[2026-05-25 04:19:31.989] [debug] Core [1] : PE Utilization(%) 23.74, Systolic Bubble(%) 28.66, Vector Unit Utilization(%) 0.00, Total cycle: 11000
[2026-05-25 04:19:31.989] [debug] Core [2] : MatMul active cycle 999 Vector active cycle 0 
[2026-05-25 04:19:31.989] [debug] Core [2] : issued tile 1 
[2026-05-25 04:19:31.989] [debug] Core [2] : Memory unit idle cycle 1000 Systolic bubble cycle 4945920 Core idle cycle 0 
[2026-05-25 04:19:31.989] [debug] Core [2] : PE Utilization(%) 25.01, Systolic Bubble(%) 30.19, Vector Unit Utilization(%) 0.00, Total cycle: 11000
[2026-05-25 04:19:31.989] [debug] Core [3] : MatMul active cycle 999 Vector active cycle 0 
[2026-05-25 04:19:31.989] [debug] Core [3] : issued tile 1 
[2026-05-25 04:19:31.989] [debug] Core [3] : Memory unit idle cycle 1000 Systolic bubble cycle 6048000 Core idle cycle 0 
[2026-05-25 04:19:31.989] [debug] Core [3] : PE Utilization(%) 30.59, Systolic Bubble(%) 36.91, Vector Unit Utilization(%) 0.00, Total cycle: 11000
[2026-05-25 04:19:31.994] [debug] Layer 24 Core 3 Finish Tile at 11734 Remain tile 4
[2026-05-25 04:19:32.000] [debug] Layer 24 Core 0 Finish Tile at 11823 Remain tile 3
[2026-05-25 04:19:32.002] [debug] Layer 24 Core 2 Finish Tile at 11857 Remain tile 2
[2026-05-25 04:19:32.011] [info] Core [0] : MatMul active cycle 815 Vector active cycle 10 
[2026-05-25 04:19:32.011] [info] Core [0] : issued tile 0 
[2026-05-25 04:19:32.011] [info] Core [0] : Memory unit idle cycle 964 Systolic bubble cycle 5017600 Core idle cycle 66 
[2026-05-25 04:19:32.011] [info] Core [0] : PE Utilization(%) 25.38, Systolic Bubble(%) 30.62, Vector Unit Utilization(%) 1.00, Total cycle: 12000
[2026-05-25 04:19:32.011] [debug] Core [1] : MatMul active cycle 999 Vector active cycle 2 
[2026-05-25 04:19:32.011] [debug] Core [1] : issued tile 1 
[2026-05-25 04:19:32.011] [debug] Core [1] : Memory unit idle cycle 1000 Systolic bubble cycle 6343680 Core idle cycle 0 
[2026-05-25 04:19:32.011] [debug] Core [1] : PE Utilization(%) 32.08, Systolic Bubble(%) 38.72, Vector Unit Utilization(%) 0.20, Total cycle: 12000
[2026-05-25 04:19:32.011] [debug] Core [2] : MatMul active cycle 849 Vector active cycle 10 
[2026-05-25 04:19:32.011] [debug] Core [2] : issued tile 0 
[2026-05-25 04:19:32.011] [debug] Core [2] : Memory unit idle cycle 964 Systolic bubble cycle 5322240 Core idle cycle 49 
[2026-05-25 04:19:32.011] [debug] Core [2] : PE Utilization(%) 26.92, Systolic Bubble(%) 32.48, Vector Unit Utilization(%) 1.00, Total cycle: 12000
[2026-05-25 04:19:32.011] [debug] Core [3] : MatMul active cycle 726 Vector active cycle 10 
[2026-05-25 04:19:32.011] [debug] Core [3] : issued tile 0 
[2026-05-25 04:19:32.011] [debug] Core [3] : Memory unit idle cycle 964 Systolic bubble cycle 4220160 Core idle cycle 175 
[2026-05-25 04:19:32.011] [debug] Core [3] : PE Utilization(%) 21.34, Systolic Bubble(%) 25.76, Vector Unit Utilization(%) 1.00, Total cycle: 12000
[2026-05-25 04:19:32.011] [debug] Layer 24 Core 1 Finish Tile at 12063 Remain tile 1
[2026-05-25 04:19:32.011] [info] Layer layer0.attn.Attention.0 finish at 12063
[2026-05-25 04:19:32.011] [info] Total compute time 9842
[2026-05-25 04:19:32.011] [info] executable layer count 1
[2026-05-25 04:19:32.011] [info] Start layer layer0.attn.Atccat
[2026-05-25 04:19:32.011] [debug] Layer layer0.attn.Atccat Core 1 Get Tile at 12063
[2026-05-25 04:19:32.011] [debug] Layer 26 Core 1 Finish Tile at 12064 Remain tile 1
[2026-05-25 04:19:32.011] [info] Layer layer0.attn.Atccat finish at 12064
[2026-05-25 04:19:32.011] [info] Total compute time 1
[2026-05-25 04:19:32.011] [info] executable layer count 1
[2026-05-25 04:19:32.011] [info] Start layer layer0.attn.proj
[2026-05-25 04:19:32.011] [debug] Layer layer0.attn.proj Core 1 Get Tile at 12064
[2026-05-25 04:19:32.011] [debug] Layer layer0.attn.proj Core 2 Get Tile at 12064
[2026-05-25 04:19:32.100] [info] Core [0] : MatMul active cycle 0 Vector active cycle 0 
[2026-05-25 04:19:32.100] [info] Core [0] : issued tile 0 
[2026-05-25 04:19:32.100] [info] Core [0] : Memory unit idle cycle 1000 Systolic bubble cycle 0 Core idle cycle 1000 
[2026-05-25 04:19:32.100] [info] Core [0] : PE Utilization(%) 0.00, Systolic Bubble(%) 0.00, Vector Unit Utilization(%) 0.00, Total cycle: 13000
[2026-05-25 04:19:32.100] [debug] Core [1] : MatMul active cycle 342 Vector active cycle 8 
[2026-05-25 04:19:32.100] [debug] Core [1] : issued tile 1 
[2026-05-25 04:19:32.100] [debug] Core [1] : Memory unit idle cycle 731 Systolic bubble cycle 501760 Core idle cycle 0 
[2026-05-25 04:19:32.100] [debug] Core [1] : PE Utilization(%) 5.64, Systolic Bubble(%) 3.06, Vector Unit Utilization(%) 0.80, Total cycle: 13000
[2026-05-25 04:19:32.100] [debug] Core [2] : MatMul active cycle 319 Vector active cycle 0 
[2026-05-25 04:19:32.100] [debug] Core [2] : issued tile 1 
[2026-05-25 04:19:32.100] [debug] Core [2] : Memory unit idle cycle 788 Systolic bubble cycle 196608 Core idle cycle 64 
[2026-05-25 04:19:32.100] [debug] Core [2] : PE Utilization(%) 5.20, Systolic Bubble(%) 1.20, Vector Unit Utilization(%) 0.00, Total cycle: 13000
[2026-05-25 04:19:32.100] [debug] Core [3] : MatMul active cycle 0 Vector active cycle 0 
[2026-05-25 04:19:32.100] [debug] Core [3] : issued tile 0 
[2026-05-25 04:19:32.100] [debug] Core [3] : Memory unit idle cycle 1000 Systolic bubble cycle 0 Core idle cycle 1000 
[2026-05-25 04:19:32.100] [debug] Core [3] : PE Utilization(%) 0.00, Systolic Bubble(%) 0.00, Vector Unit Utilization(%) 0.00, Total cycle: 13000
[2026-05-25 04:19:32.103] [debug] Layer 28 Core 2 Finish Tile at 13448 Remain tile 2
[2026-05-25 04:19:32.106] [debug] Layer 28 Core 1 Finish Tile at 13481 Remain tile 1
[2026-05-25 04:19:32.106] [info] Layer layer0.attn.proj finish at 13481
[2026-05-25 04:19:32.106] [info] Total compute time 1417
[2026-05-25 04:19:32.106] [info] executable layer count 1
[2026-05-25 04:19:32.106] [info] Start layer layer0.attn.ln
[2026-05-25 04:19:32.106] [debug] Layer layer0.attn.ln Core 1 Get Tile at 13481
[2026-05-25 04:19:32.106] [debug] Layer layer0.attn.ln Core 2 Get Tile at 13481
[2026-05-25 04:19:32.106] [debug] Layer layer0.attn.ln Core 3 Get Tile at 13481
[2026-05-25 04:19:32.106] [debug] Layer layer0.attn.ln Core 0 Get Tile at 13482
[2026-05-25 04:19:32.106] [debug] Layer layer0.attn.ln Core 1 Get Tile at 13482
[2026-05-25 04:19:32.106] [debug] Layer layer0.attn.ln Core 2 Get Tile at 13482
[2026-05-25 04:19:32.106] [debug] Layer layer0.attn.ln Core 3 Get Tile at 13482
[2026-05-25 04:19:32.106] [debug] Layer layer0.attn.ln Core 0 Get Tile at 13483
[2026-05-25 04:19:32.165] [debug] Layer 30 Core 0 Finish Tile at 13749 Remain tile 8
[2026-05-25 04:19:32.169] [debug] Layer 30 Core 3 Finish Tile at 13769 Remain tile 7
[2026-05-25 04:19:32.186] [debug] Layer 30 Core 0 Finish Tile at 13883 Remain tile 6
[2026-05-25 04:19:32.188] [debug] Layer 30 Core 3 Finish Tile at 13899 Remain tile 5
[2026-05-25 04:19:32.190] [debug] Layer 30 Core 2 Finish Tile at 13913 Remain tile 4
[2026-05-25 04:19:32.193] [debug] Layer 30 Core 2 Finish Tile at 13941 Remain tile 3
[2026-05-25 04:19:32.195] [debug] Layer 30 Core 1 Finish Tile at 13957 Remain tile 2
[2026-05-25 04:19:32.197] [debug] Layer 30 Core 1 Finish Tile at 13976 Remain tile 1
[2026-05-25 04:19:32.197] [info] Layer layer0.attn.ln finish at 13976
[2026-05-25 04:19:32.197] [info] Total compute time 495
[2026-05-25 04:19:32.197] [info] executable layer count 1
[2026-05-25 04:19:32.197] [info] Start layer layer0.ffn.fc1
[2026-05-25 04:19:32.197] [debug] Layer layer0.ffn.fc1 Core 1 Get Tile at 13976
[2026-05-25 04:19:32.197] [debug] Layer layer0.ffn.fc1 Core 2 Get Tile at 13976
[2026-05-25 04:19:32.197] [debug] Layer layer0.ffn.fc1 Core 3 Get Tile at 13976
[2026-05-25 04:19:32.197] [debug] Layer layer0.ffn.fc1 Core 0 Get Tile at 13977
[2026-05-25 04:19:32.203] [info] Core [0] : MatMul active cycle 0 Vector active cycle 24 
[2026-05-25 04:19:32.203] [info] Core [0] : issued tile 1 
[2026-05-25 04:19:32.203] [info] Core [0] : Memory unit idle cycle 890 Systolic bubble cycle 0 Core idle cycle 484 
[2026-05-25 04:19:32.203] [info] Core [0] : PE Utilization(%) 0.00, Systolic Bubble(%) 0.00, Vector Unit Utilization(%) 2.40, Total cycle: 14000
[2026-05-25 04:19:32.203] [debug] Core [1] : MatMul active cycle 479 Vector active cycle 24 
[2026-05-25 04:19:32.203] [debug] Core [1] : issued tile 1 
[2026-05-25 04:19:32.203] [debug] Core [1] : Memory unit idle cycle 838 Systolic bubble cycle 0 Core idle cycle 0 
[2026-05-25 04:19:32.203] [debug] Core [1] : PE Utilization(%) 47.90, Systolic Bubble(%) 0.00, Vector Unit Utilization(%) 2.40, Total cycle: 14000
[2026-05-25 04:19:32.203] [debug] Core [2] : MatMul active cycle 446 Vector active cycle 24 
[2026-05-25 04:19:32.203] [debug] Core [2] : issued tile 1 
[2026-05-25 04:19:32.203] [debug] Core [2] : Memory unit idle cycle 833 Systolic bubble cycle 1370112 Core idle cycle 0 
[2026-05-25 04:19:32.203] [debug] Core [2] : PE Utilization(%) 36.24, Systolic Bubble(%) 8.36, Vector Unit Utilization(%) 2.40, Total cycle: 14000
[2026-05-25 04:19:32.203] [debug] Core [3] : MatMul active cycle 0 Vector active cycle 24 
[2026-05-25 04:19:32.203] [debug] Core [3] : issued tile 1 
[2026-05-25 04:19:32.203] [debug] Core [3] : Memory unit idle cycle 889 Systolic bubble cycle 0 Core idle cycle 481 
[2026-05-25 04:19:32.203] [debug] Core [3] : PE Utilization(%) 0.00, Systolic Bubble(%) 0.00, Vector Unit Utilization(%) 2.40, Total cycle: 14000
[2026-05-25 04:19:32.431] [info] Core [0] : MatMul active cycle 0 Vector active cycle 0 
[2026-05-25 04:19:32.431] [info] Core [0] : issued tile 1 
[2026-05-25 04:19:32.431] [info] Core [0] : Memory unit idle cycle 790 Systolic bubble cycle 0 Core idle cycle 0 
[2026-05-25 04:19:32.431] [info] Core [0] : PE Utilization(%) 0.00, Systolic Bubble(%) 0.00, Vector Unit Utilization(%) 0.00, Total cycle: 15000
[2026-05-25 04:19:32.431] [debug] Core [1] : MatMul active cycle 0 Vector active cycle 0 
[2026-05-25 04:19:32.431] [debug] Core [1] : issued tile 1 
[2026-05-25 04:19:32.431] [debug] Core [1] : Memory unit idle cycle 778 Systolic bubble cycle 0 Core idle cycle 0 
[2026-05-25 04:19:32.431] [debug] Core [1] : PE Utilization(%) 0.00, Systolic Bubble(%) 0.00, Vector Unit Utilization(%) 0.00, Total cycle: 15000
[2026-05-25 04:19:32.431] [debug] Core [2] : MatMul active cycle 0 Vector active cycle 0 
[2026-05-25 04:19:32.431] [debug] Core [2] : issued tile 1 
[2026-05-25 04:19:32.431] [debug] Core [2] : Memory unit idle cycle 791 Systolic bubble cycle 0 Core idle cycle 0 
[2026-05-25 04:19:32.431] [debug] Core [2] : PE Utilization(%) 0.00, Systolic Bubble(%) 0.00, Vector Unit Utilization(%) 0.00, Total cycle: 15000
[2026-05-25 04:19:32.431] [debug] Core [3] : MatMul active cycle 0 Vector active cycle 0 
[2026-05-25 04:19:32.431] [debug] Core [3] : issued tile 1 
[2026-05-25 04:19:32.431] [debug] Core [3] : Memory unit idle cycle 791 Systolic bubble cycle 0 Core idle cycle 0 
[2026-05-25 04:19:32.431] [debug] Core [3] : PE Utilization(%) 0.00, Systolic Bubble(%) 0.00, Vector Unit Utilization(%) 0.00, Total cycle: 15000
[2026-05-25 04:19:32.440] [debug] Layer 32 Core 2 Finish Tile at 15820 Remain tile 4
[2026-05-25 04:19:32.440] [debug] Layer 32 Core 3 Finish Tile at 15824 Remain tile 3
[2026-05-25 04:19:32.440] [debug] Layer 32 Core 0 Finish Tile at 15825 Remain tile 2
[2026-05-25 04:19:32.440] [debug] Layer 32 Core 1 Finish Tile at 15827 Remain tile 1
[2026-05-25 04:19:32.440] [info] Layer layer0.ffn.fc1 finish at 15827
[2026-05-25 04:19:32.440] [info] Total compute time 1851
[2026-05-25 04:19:32.440] [info] executable layer count 1
[2026-05-25 04:19:32.440] [info] Start layer layer0.ffn.act
[2026-05-25 04:19:32.440] [debug] Layer layer0.ffn.act Core 1 Get Tile at 15827
[2026-05-25 04:19:32.441] [debug] Layer layer0.ffn.act Core 2 Get Tile at 15827
[2026-05-25 04:19:32.441] [debug] Layer layer0.ffn.act Core 3 Get Tile at 15827
[2026-05-25 04:19:32.441] [debug] Layer layer0.ffn.act Core 0 Get Tile at 15828
[2026-05-25 04:19:32.441] [debug] Layer layer0.ffn.act Core 1 Get Tile at 15828
[2026-05-25 04:19:32.441] [debug] Layer layer0.ffn.act Core 2 Get Tile at 15828
[2026-05-25 04:19:32.441] [debug] Layer layer0.ffn.act Core 3 Get Tile at 15828
[2026-05-25 04:19:32.441] [debug] Layer layer0.ffn.act Core 0 Get Tile at 15829
[2026-05-25 04:19:32.483] [info] HBM2-CH_0: BW utilization 21% (1622 reads, 475 writes)
[2026-05-25 04:19:32.483] [debug] HBM2-CH_1: BW utilization 22% (1622 reads, 496 writes)
[2026-05-25 04:19:32.483] [debug] HBM2-CH_2: BW utilization 21% (1619 reads, 488 writes)
[2026-05-25 04:19:32.483] [debug] HBM2-CH_3: BW utilization 22% (1618 reads, 497 writes)
[2026-05-25 04:19:32.483] [debug] HBM2-CH_4: BW utilization 21% (1619 reads, 483 writes)
[2026-05-25 04:19:32.483] [debug] HBM2-CH_5: BW utilization 22% (1624 reads, 491 writes)
[2026-05-25 04:19:32.483] [debug] HBM2-CH_6: BW utilization 21% (1623 reads, 474 writes)
[2026-05-25 04:19:32.483] [debug] HBM2-CH_7: BW utilization 22% (1626 reads, 489 writes)
[2026-05-25 04:19:32.483] [debug] HBM2-CH_8: BW utilization 22% (1623 reads, 498 writes)
[2026-05-25 04:19:32.483] [debug] HBM2-CH_9: BW utilization 21% (1619 reads, 488 writes)
[2026-05-25 04:19:32.483] [debug] HBM2-CH_10: BW utilization 21% (1630 reads, 465 writes)
[2026-05-25 04:19:32.483] [debug] HBM2-CH_11: BW utilization 21% (1618 reads, 489 writes)
[2026-05-25 04:19:32.483] [debug] HBM2-CH_12: BW utilization 22% (1619 reads, 496 writes)
[2026-05-25 04:19:32.483] [debug] HBM2-CH_13: BW utilization 22% (1621 reads, 497 writes)
[2026-05-25 04:19:32.483] [debug] HBM2-CH_14: BW utilization 22% (1632 reads, 486 writes)
[2026-05-25 04:19:32.483] [debug] HBM2-CH_15: BW utilization 21% (1620 reads, 470 writes)
[2026-05-25 04:19:32.484] [info] Core [0] : MatMul active cycle 765 Vector active cycle 0 
[2026-05-25 04:19:32.484] [info] Core [0] : issued tile 2 
[2026-05-25 04:19:32.484] [info] Core [0] : Memory unit idle cycle 868 Systolic bubble cycle 0 Core idle cycle 0 
[2026-05-25 04:19:32.484] [info] Core [0] : PE Utilization(%) 51.00, Systolic Bubble(%) 0.00, Vector Unit Utilization(%) 0.00, Total cycle: 16000
[2026-05-25 04:19:32.484] [debug] Core [1] : MatMul active cycle 765 Vector active cycle 0 
[2026-05-25 04:19:32.484] [debug] Core [1] : issued tile 2 
[2026-05-25 04:19:32.484] [debug] Core [1] : Memory unit idle cycle 868 Systolic bubble cycle 0 Core idle cycle 0 
[2026-05-25 04:19:32.484] [debug] Core [1] : PE Utilization(%) 51.00, Systolic Bubble(%) 0.00, Vector Unit Utilization(%) 0.00, Total cycle: 16000
[2026-05-25 04:19:32.484] [debug] Core [2] : MatMul active cycle 765 Vector active cycle 0 
[2026-05-25 04:19:32.484] [debug] Core [2] : issued tile 2 
[2026-05-25 04:19:32.484] [debug] Core [2] : Memory unit idle cycle 868 Systolic bubble cycle 0 Core idle cycle 0 
[2026-05-25 04:19:32.484] [debug] Core [2] : PE Utilization(%) 51.00, Systolic Bubble(%) 0.00, Vector Unit Utilization(%) 0.00, Total cycle: 16000
[2026-05-25 04:19:32.484] [debug] Core [3] : MatMul active cycle 765 Vector active cycle 0 
[2026-05-25 04:19:32.484] [debug] Core [3] : issued tile 2 
[2026-05-25 04:19:32.484] [debug] Core [3] : Memory unit idle cycle 868 Systolic bubble cycle 0 Core idle cycle 0 
[2026-05-25 04:19:32.484] [debug] Core [3] : PE Utilization(%) 51.00, Systolic Bubble(%) 0.00, Vector Unit Utilization(%) 0.00, Total cycle: 16000
[2026-05-25 04:19:32.570] [debug] Layer 34 Core 2 Finish Tile at 16413 Remain tile 8
[2026-05-25 04:19:32.572] [debug] Layer 34 Core 3 Finish Tile at 16432 Remain tile 7
[2026-05-25 04:19:32.574] [debug] Layer 34 Core 0 Finish Tile at 16445 Remain tile 6
[2026-05-25 04:19:32.576] [debug] Layer 34 Core 3 Finish Tile at 16459 Remain tile 5
[2026-05-25 04:19:32.578] [debug] Layer 34 Core 1 Finish Tile at 16469 Remain tile 4
[2026-05-25 04:19:32.578] [debug] Layer 34 Core 2 Finish Tile at 16469 Remain tile 3
[2026-05-25 04:19:32.607] [debug] Layer 34 Core 0 Finish Tile at 16600 Remain tile 2
[2026-05-25 04:19:32.609] [debug] Layer 34 Core 1 Finish Tile at 16610 Remain tile 1
[2026-05-25 04:19:32.609] [info] Layer layer0.ffn.act finish at 16610
[2026-05-25 04:19:32.609] [info] Total compute time 783
[2026-05-25 04:19:32.609] [info] executable layer count 1
[2026-05-25 04:19:32.609] [info] Start layer layer0.ffn.fc2
[2026-05-25 04:19:32.609] [debug] Layer layer0.ffn.fc2 Core 1 Get Tile at 16610
[2026-05-25 04:19:32.609] [debug] Layer layer0.ffn.fc2 Core 2 Get Tile at 16610
[2026-05-25 04:19:32.680] [info] Core [0] : MatMul active cycle 0 Vector active cycle 16 
[2026-05-25 04:19:32.680] [info] Core [0] : issued tile 0 
[2026-05-25 04:19:32.680] [info] Core [0] : Memory unit idle cycle 936 Systolic bubble cycle 0 Core idle cycle 0 
[2026-05-25 04:19:32.680] [info] Core [0] : PE Utilization(%) 0.00, Systolic Bubble(%) 0.00, Vector Unit Utilization(%) 1.60, Total cycle: 17000
[2026-05-25 04:19:32.680] [debug] Core [1] : MatMul active cycle 0 Vector active cycle 16 
[2026-05-25 04:19:32.680] [debug] Core [1] : issued tile 1 
[2026-05-25 04:19:32.680] [debug] Core [1] : Memory unit idle cycle 577 Systolic bubble cycle 0 Core idle cycle 0 
[2026-05-25 04:19:32.680] [debug] Core [1] : PE Utilization(%) 0.00, Systolic Bubble(%) 0.00, Vector Unit Utilization(%) 1.60, Total cycle: 17000
[2026-05-25 04:19:32.680] [debug] Core [2] : MatMul active cycle 0 Vector active cycle 16 
[2026-05-25 04:19:32.680] [debug] Core [2] : issued tile 1 
[2026-05-25 04:19:32.680] [debug] Core [2] : Memory unit idle cycle 547 Systolic bubble cycle 0 Core idle cycle 0 
[2026-05-25 04:19:32.680] [debug] Core [2] : PE Utilization(%) 0.00, Systolic Bubble(%) 0.00, Vector Unit Utilization(%) 1.60, Total cycle: 17000
[2026-05-25 04:19:32.680] [debug] Core [3] : MatMul active cycle 0 Vector active cycle 16 
[2026-05-25 04:19:32.680] [debug] Core [3] : issued tile 0 
[2026-05-25 04:19:32.680] [debug] Core [3] : Memory unit idle cycle 936 Systolic bubble cycle 0 Core idle cycle 0 
[2026-05-25 04:19:32.680] [debug] Core [3] : PE Utilization(%) 0.00, Systolic Bubble(%) 0.00, Vector Unit Utilization(%) 1.60, Total cycle: 17000
[2026-05-25 04:19:32.816] [info] Core [0] : MatMul active cycle 0 Vector active cycle 0 
[2026-05-25 04:19:32.816] [info] Core [0] : issued tile 0 
[2026-05-25 04:19:32.816] [info] Core [0] : Memory unit idle cycle 1000 Systolic bubble cycle 0 Core idle cycle 46 
[2026-05-25 04:19:32.816] [info] Core [0] : PE Utilization(%) 0.00, Systolic Bubble(%) 0.00, Vector Unit Utilization(%) 0.00, Total cycle: 18000
[2026-05-25 04:19:32.816] [debug] Core [1] : MatMul active cycle 20 Vector active cycle 0 
[2026-05-25 04:19:32.816] [debug] Core [1] : issued tile 1 
[2026-05-25 04:19:32.816] [debug] Core [1] : Memory unit idle cycle 846 Systolic bubble cycle 0 Core idle cycle 0 
[2026-05-25 04:19:32.816] [debug] Core [1] : PE Utilization(%) 0.00, Systolic Bubble(%) 0.00, Vector Unit Utilization(%) 0.00, Total cycle: 18000
[2026-05-25 04:19:32.816] [debug] Core [2] : MatMul active cycle 68 Vector active cycle 0 
[2026-05-25 04:19:32.816] [debug] Core [2] : issued tile 1 
[2026-05-25 04:19:32.816] [debug] Core [2] : Memory unit idle cycle 924 Systolic bubble cycle 0 Core idle cycle 0 
[2026-05-25 04:19:32.816] [debug] Core [2] : PE Utilization(%) 0.00, Systolic Bubble(%) 0.00, Vector Unit Utilization(%) 0.00, Total cycle: 18000
[2026-05-25 04:19:32.816] [debug] Core [3] : MatMul active cycle 0 Vector active cycle 0 
[2026-05-25 04:19:32.816] [debug] Core [3] : issued tile 0 
[2026-05-25 04:19:32.816] [debug] Core [3] : Memory unit idle cycle 1000 Systolic bubble cycle 0 Core idle cycle 48 
[2026-05-25 04:19:32.816] [debug] Core [3] : PE Utilization(%) 0.00, Systolic Bubble(%) 0.00, Vector Unit Utilization(%) 0.00, Total cycle: 18000
[2026-05-25 04:19:32.823] [debug] Layer 36 Core 2 Finish Tile at 18955 Remain tile 2
[2026-05-25 04:19:32.826] [info] Core [0] : MatMul active cycle 0 Vector active cycle 0 
[2026-05-25 04:19:32.826] [info] Core [0] : issued tile 0 
[2026-05-25 04:19:32.826] [info] Core [0] : Memory unit idle cycle 1000 Systolic bubble cycle 0 Core idle cycle 1000 
[2026-05-25 04:19:32.826] [info] Core [0] : PE Utilization(%) 0.00, Systolic Bubble(%) 0.00, Vector Unit Utilization(%) 0.00, Total cycle: 19000
[2026-05-25 04:19:32.826] [debug] Core [1] : MatMul active cycle 1000 Vector active cycle 0 
[2026-05-25 04:19:32.826] [debug] Core [1] : issued tile 1 
[2026-05-25 04:19:32.826] [debug] Core [1] : Memory unit idle cycle 1000 Systolic bubble cycle 0 Core idle cycle 0 
[2026-05-25 04:19:32.826] [debug] Core [1] : PE Utilization(%) 76.50, Systolic Bubble(%) 0.00, Vector Unit Utilization(%) 0.00, Total cycle: 19000
[2026-05-25 04:19:32.826] [debug] Core [2] : MatMul active cycle 953 Vector active cycle 0 
[2026-05-25 04:19:32.826] [debug] Core [2] : issued tile 0 
[2026-05-25 04:19:32.826] [debug] Core [2] : Memory unit idle cycle 954 Systolic bubble cycle 2353152 Core idle cycle 0 
[2026-05-25 04:19:32.826] [debug] Core [2] : PE Utilization(%) 62.24, Systolic Bubble(%) 14.36, Vector Unit Utilization(%) 0.00, Total cycle: 19000
[2026-05-25 04:19:32.826] [debug] Core [3] : MatMul active cycle 0 Vector active cycle 0 
[2026-05-25 04:19:32.826] [debug] Core [3] : issued tile 0 
[2026-05-25 04:19:32.826] [debug] Core [3] : Memory unit idle cycle 1000 Systolic bubble cycle 0 Core idle cycle 1000 
[2026-05-25 04:19:32.826] [debug] Core [3] : PE Utilization(%) 0.00, Systolic Bubble(%) 0.00, Vector Unit Utilization(%) 0.00, Total cycle: 19000
[2026-05-25 04:19:32.827] [debug] Layer 36 Core 1 Finish Tile at 19003 Remain tile 1
[2026-05-25 04:19:32.827] [info] Layer layer0.ffn.fc2 finish at 19003
[2026-05-25 04:19:32.827] [info] Total compute time 2393
[2026-05-25 04:19:32.827] [info] executable layer count 1
[2026-05-25 04:19:32.827] [info] Start layer layer0.ffn.ln
[2026-05-25 04:19:32.827] [debug] Layer layer0.ffn.ln Core 1 Get Tile at 19003
[2026-05-25 04:19:32.827] [debug] Layer layer0.ffn.ln Core 2 Get Tile at 19003
[2026-05-25 04:19:32.827] [debug] Layer layer0.ffn.ln Core 3 Get Tile at 19003
[2026-05-25 04:19:32.827] [debug] Layer layer0.ffn.ln Core 0 Get Tile at 19004
[2026-05-25 04:19:32.827] [debug] Layer layer0.ffn.ln Core 1 Get Tile at 19004
[2026-05-25 04:19:32.827] [debug] Layer layer0.ffn.ln Core 2 Get Tile at 19004
[2026-05-25 04:19:32.827] [debug] Layer layer0.ffn.ln Core 3 Get Tile at 19004
[2026-05-25 04:19:32.827] [debug] Layer layer0.ffn.ln Core 0 Get Tile at 19005
[2026-05-25 04:19:32.887] [debug] Layer 38 Core 0 Finish Tile at 19280 Remain tile 8
[2026-05-25 04:19:32.887] [debug] Layer 38 Core 3 Finish Tile at 19281 Remain tile 7
[2026-05-25 04:19:32.905] [debug] Layer 38 Core 2 Finish Tile at 19398 Remain tile 6
[2026-05-25 04:19:32.906] [debug] Layer 38 Core 3 Finish Tile at 19412 Remain tile 5
[2026-05-25 04:19:32.907] [debug] Layer 38 Core 0 Finish Tile at 19416 Remain tile 4
[2026-05-25 04:19:32.911] [debug] Layer 38 Core 2 Finish Tile at 19440 Remain tile 3
[2026-05-25 04:19:32.912] [debug] Layer 38 Core 1 Finish Tile at 19448 Remain tile 2
[2026-05-25 04:19:32.919] [debug] Layer 38 Core 1 Finish Tile at 19519 Remain tile 1
[2026-05-25 04:19:32.919] [info] Layer layer0.ffn.ln finish at 19519
[2026-05-25 04:19:32.919] [info] Total compute time 516
[2026-05-25 04:19:32.919] [info] Model[tiny_transformer] Request: 0 us, Start: 0 us, finish:19 us, Current Cycle:19519
[2026-05-25 04:19:32.919] [info] No total_seq_len!
[2026-05-25 04:19:32.919] [info] Total Memory Usage: 0.01 GB
[2026-05-25 04:19:32.919] [info] Weight Memory Usage: 0.01 GB
[2026-05-25 04:19:32.919] [info] KV Memory Usage: 0.00 GB
[2026-05-25 04:19:32.919] [info] Activation Memory Usage: 0.00 GB
[2026-05-25 04:19:32.919] [debug] [Gemm] input_shape: [1, 232]
[2026-05-25 04:19:32.919] [debug] [Gemm] output_shape : [1, 696]
[2026-05-25 04:19:32.919] [info] [GEMM] spad_size: 33554432 accum_size: 4194304
[2026-05-25 04:19:32.919] [info] [GEMM] required_sram_size: 131072 required_accum_size: 32768
[2026-05-25 04:19:32.919] [info] [GEMM] Used mapping: Total N:1 C:232 M:696 | Outer N:1 C:1 M:6 | Inner N:128 C:256 M:128
[2026-05-25 04:19:32.921] [info] [GemmWs] Keys K = 232, N = 1, M = 696
[2026-05-25 04:19:32.921] [info] [GemmWS]: total 0.00032364 GFLOPs, 0.000326192 GB
[2026-05-25 04:19:32.921] [info] [GemmWS]: Theoretical time(ms): 0.0005312573421178968 Compute time: 2.469177307062864e-06 Memory time: 0.0005312573421178968
[2026-05-25 04:19:32.921] [debug] [KVCacheConcat] input_token_lengths: [1]
[2026-05-25 04:19:32.921] [debug] [KVCacheConcat] number of tiles: 1
[2026-05-25 04:19:32.921] [info] [Attention] total_spad_size_per_head: 267844 B
[2026-05-25 04:19:32.921] [info] [Attention] total_acc_size_per_head: 2308 B
[2026-05-25 04:19:32.921] [info] [Attention] q_len: 1, seq_len: 1154, dk: 58, heads per tile 1
[2026-05-25 04:19:32.921] [info] [Attention] Spad size 16777216
[2026-05-25 04:19:32.921] [info] [Attention] Accum spad size 2097152
[2026-05-25 04:19:32.921] [info] Mapping info Total Loop: N4 C58 M1154 S1 R1 Q1 P1 Tile Out Loop: N4 C1 M1 S1 R1 Q1 P1 Tile In Loop: N1 C58 M1154 S1 R1 Q1 P1
[2026-05-25 04:19:32.937] [info] [Attention] QK 0.000535456 GFLOPs
[2026-05-25 04:19:32.937] [info] [Attention] total 0.0011170721 GFLOPs, 0.00107184 GB
[2026-05-25 04:19:32.937] [info] [Attention] Theoretical time(ms): 0.0017456677 Compute time: 1.38051755e-05 Memory time: 0.0017456677
[2026-05-25 04:19:32.937] [info] [Attention] QK compute 0.0000ms Softmax compute 0.0000ms SV compute 0.0000ms
[2026-05-25 04:19:32.937] [debug] [Gemm] input_shape: [1, 232]
[2026-05-25 04:19:32.937] [debug] [Gemm] output_shape : [1, 232]
[2026-05-25 04:19:32.937] [info] [GEMM] spad_size: 33554432 accum_size: 4194304
[2026-05-25 04:19:32.937] [info] [GEMM] required_sram_size: 131072 required_accum_size: 32768
[2026-05-25 04:19:32.937] [info] [GEMM] Used mapping: Total N:1 C:232 M:232 | Outer N:1 C:1 M:2 | Inner N:128 C:256 M:128
[2026-05-25 04:19:32.938] [info] [GemmWs] Keys K = 232, N = 1, M = 232
[2026-05-25 04:19:32.938] [info] [GemmWS]: total 0.00010787999 GFLOPs, 0.000109040004 GB
[2026-05-25 04:19:32.938] [info] [GemmWS]: Theoretical time(ms): 0.00017758958392732893 Compute time: 8.230590098357027e-07 Memory time: 0.00017758958392732893
[2026-05-25 04:19:32.938] [info] [SkipLayerNorm] tokens_per_tile: 1
[2026-05-25 04:19:32.938] [debug] [Gemm] input_shape: [1, 232]
[2026-05-25 04:19:32.938] [debug] [Gemm] output_shape : [1, 512]
[2026-05-25 04:19:32.938] [info] [GEMM] spad_size: 33554432 accum_size: 4194304
[2026-05-25 04:19:32.938] [info] [GEMM] required_sram_size: 131072 required_accum_size: 32768
[2026-05-25 04:19:32.938] [info] [GEMM] Used mapping: Total N:1 C:232 M:512 | Outer N:1 C:1 M:4 | Inner N:128 C:256 M:128
[2026-05-25 04:19:32.939] [info] [GemmWs] Keys K = 232, N = 1, M = 512
[2026-05-25 04:19:32.939] [info] [GemmWS]: total 0.000237568 GFLOPs, 0.000239056 GB
[2026-05-25 04:19:32.939] [info] [GemmWS]: Theoretical time(ms): 0.0003893420057465846 Compute time: 1.81250003894462e-06 Memory time: 0.0003893420057465846
[2026-05-25 04:19:32.939] [info] [BiasAct] tokens_per_tile: 1
[2026-05-25 04:19:32.939] [debug] [Gemm] input_shape: [1, 512]
[2026-05-25 04:19:32.939] [debug] [Gemm] output_shape : [1, 232]
[2026-05-25 04:19:32.939] [info] [GEMM] spad_size: 33554432 accum_size: 4194304
[2026-05-25 04:19:32.939] [info] [GEMM] required_sram_size: 262144 required_accum_size: 32768
[2026-05-25 04:19:32.939] [info] [GEMM] Used mapping: Total N:1 C:512 M:232 | Outer N:1 C:1 M:2 | Inner N:128 C:512 M:128
[2026-05-25 04:19:32.940] [info] [GemmWs] Keys K = 512, N = 1, M = 232
[2026-05-25 04:19:32.940] [info] [GemmWS]: total 0.00023779999 GFLOPs, 0.00023952 GB
[2026-05-25 04:19:32.940] [info] [GemmWS]: Theoretical time(ms): 0.00039009771057862963 Compute time: 1.8142699564904774e-06 Memory time: 0.00039009771057862963
[2026-05-25 04:19:32.940] [info] [SkipLayerNorm] tokens_per_tile: 1
[2026-05-25 04:19:32.940] [debug] runnable op, 
[2026-05-25 04:19:32.940] [info]  Model initialization time: 0.020947 seconds
[2026-05-25 04:19:32.940] [info] Schedule model: tiny_transformer at 19521000 us
[2026-05-25 04:19:32.940] [info] MODEL tiny_transformer Scheduled, Total Request: 1
[2026-05-25 04:19:32.940] [info] executable layer count 1
[2026-05-25 04:19:32.940] [info] Start layer layer0.attn.QKVgen
[2026-05-25 04:19:32.940] [debug] Layer layer0.attn.QKVgen Core 0 Get Tile at 19520
[2026-05-25 04:19:32.940] [debug] Layer layer0.attn.QKVgen Core 1 Get Tile at 19520
[2026-05-25 04:19:32.940] [debug] Layer layer0.attn.QKVgen Core 2 Get Tile at 19520
[2026-05-25 04:19:32.940] [debug] Layer layer0.attn.QKVgen Core 3 Get Tile at 19520
[2026-05-25 04:19:32.940] [debug] Layer layer0.attn.QKVgen Core 0 Get Tile at 19521
[2026-05-25 04:19:32.940] [debug] Layer layer0.attn.QKVgen Core 3 Get Tile at 19521
[2026-05-25 04:19:33.054] [info] Core [0] : MatMul active cycle 0 Vector active cycle 24 
[2026-05-25 04:19:33.054] [info] Core [0] : issued tile 2 
[2026-05-25 04:19:33.054] [info] Core [0] : Memory unit idle cycle 742 Systolic bubble cycle 0 Core idle cycle 14 
[2026-05-25 04:19:33.054] [info] Core [0] : PE Utilization(%) 0.00, Systolic Bubble(%) 0.00, Vector Unit Utilization(%) 2.40, Total cycle: 20000
[2026-05-25 04:19:33.054] [debug] Core [1] : MatMul active cycle 1 Vector active cycle 24 
[2026-05-25 04:19:33.054] [debug] Core [1] : issued tile 1 
[2026-05-25 04:19:33.054] [debug] Core [1] : Memory unit idle cycle 731 Systolic bubble cycle 0 Core idle cycle 0 
[2026-05-25 04:19:33.054] [debug] Core [1] : PE Utilization(%) 0.10, Systolic Bubble(%) 0.00, Vector Unit Utilization(%) 2.40, Total cycle: 20000
[2026-05-25 04:19:33.054] [debug] Core [2] : MatMul active cycle 0 Vector active cycle 24 
[2026-05-25 04:19:33.054] [debug] Core [2] : issued tile 1 
[2026-05-25 04:19:33.054] [debug] Core [2] : Memory unit idle cycle 784 Systolic bubble cycle 0 Core idle cycle 0 
[2026-05-25 04:19:33.054] [debug] Core [2] : PE Utilization(%) 0.00, Systolic Bubble(%) 0.00, Vector Unit Utilization(%) 2.40, Total cycle: 20000
[2026-05-25 04:19:33.054] [debug] Core [3] : MatMul active cycle 0 Vector active cycle 24 
[2026-05-25 04:19:33.054] [debug] Core [3] : issued tile 2 
[2026-05-25 04:19:33.054] [debug] Core [3] : Memory unit idle cycle 676 Systolic bubble cycle 0 Core idle cycle 27 
[2026-05-25 04:19:33.054] [debug] Core [3] : PE Utilization(%) 0.00, Systolic Bubble(%) 0.00, Vector Unit Utilization(%) 2.40, Total cycle: 20000
[2026-05-25 04:19:33.098] [debug] Layer 43 Core 2 Finish Tile at 20772 Remain tile 6
[2026-05-25 04:19:33.098] [debug] Layer 43 Core 3 Finish Tile at 20781 Remain tile 5
[2026-05-25 04:19:33.099] [debug] Layer 43 Core 0 Finish Tile at 20820 Remain tile 4
[2026-05-25 04:19:33.099] [debug] Layer 43 Core 1 Finish Tile at 20833 Remain tile 3
[2026-05-25 04:19:33.100] [info] Core [0] : MatMul active cycle 823 Vector active cycle 0 
[2026-05-25 04:19:33.100] [info] Core [0] : issued tile 1 
[2026-05-25 04:19:33.100] [info] Core [0] : Memory unit idle cycle 999 Systolic bubble cycle 9246512 Core idle cycle 0 
[2026-05-25 04:19:33.100] [info] Core [0] : PE Utilization(%) 0.36, Systolic Bubble(%) 56.44, Vector Unit Utilization(%) 0.00, Total cycle: 21000
[2026-05-25 04:19:33.100] [debug] Core [1] : MatMul active cycle 641 Vector active cycle 0 
[2026-05-25 04:19:33.100] [debug] Core [1] : issued tile 0 
[2026-05-25 04:19:33.100] [debug] Core [1] : Memory unit idle cycle 999 Systolic bubble cycle 6274816 Core idle cycle 150 
[2026-05-25 04:19:33.100] [debug] Core [1] : PE Utilization(%) 0.30, Systolic Bubble(%) 38.30, Vector Unit Utilization(%) 0.00, Total cycle: 21000
[2026-05-25 04:19:33.100] [debug] Core [2] : MatMul active cycle 641 Vector active cycle 0 
[2026-05-25 04:19:33.100] [debug] Core [2] : issued tile 0 
[2026-05-25 04:19:33.100] [debug] Core [2] : Memory unit idle cycle 999 Systolic bubble cycle 6274816 Core idle cycle 196 
[2026-05-25 04:19:33.100] [debug] Core [2] : PE Utilization(%) 0.30, Systolic Bubble(%) 38.30, Vector Unit Utilization(%) 0.00, Total cycle: 21000
[2026-05-25 04:19:33.100] [debug] Core [3] : MatMul active cycle 862 Vector active cycle 0 
[2026-05-25 04:19:33.100] [debug] Core [3] : issued tile 1 
[2026-05-25 04:19:33.100] [debug] Core [3] : Memory unit idle cycle 999 Systolic bubble cycle 9867392 Core idle cycle 0 
[2026-05-25 04:19:33.100] [debug] Core [3] : PE Utilization(%) 0.47, Systolic Bubble(%) 60.23, Vector Unit Utilization(%) 0.00, Total cycle: 21000
[2026-05-25 04:19:33.100] [debug] Layer 43 Core 3 Finish Tile at 21037 Remain tile 2
[2026-05-25 04:19:33.100] [debug] Layer 43 Core 0 Finish Tile at 21076 Remain tile 1
[2026-05-25 04:19:33.100] [info] Layer layer0.attn.QKVgen finish at 21076
[2026-05-25 04:19:33.100] [info] Total compute time 1556
[2026-05-25 04:19:33.100] [info] executable layer count 1
[2026-05-25 04:19:33.100] [info] Start layer layer0.attn.KVccat
[2026-05-25 04:19:33.100] [debug] Layer layer0.attn.KVccat Core 2 Get Tile at 21076
[2026-05-25 04:19:33.100] [debug] Layer 45 Core 2 Finish Tile at 21077 Remain tile 1
[2026-05-25 04:19:33.100] [info] Layer layer0.attn.KVccat finish at 21077
[2026-05-25 04:19:33.100] [info] Total compute time 1
[2026-05-25 04:19:33.100] [info] executable layer count 1
[2026-05-25 04:19:33.100] [info] Start layer layer0.attn.Attention.0
[2026-05-25 04:19:33.100] [debug] Layer layer0.attn.Attention.0 Core 2 Get Tile at 21077
[2026-05-25 04:19:33.100] [debug] Layer layer0.attn.Attention.0 Core 3 Get Tile at 21077
[2026-05-25 04:19:33.101] [debug] Layer layer0.attn.Attention.0 Core 0 Get Tile at 21078
[2026-05-25 04:19:33.101] [debug] Layer layer0.attn.Attention.0 Core 1 Get Tile at 21078
[2026-05-25 04:19:33.319] [info] Core [0] : MatMul active cycle 74 Vector active cycle 0 
[2026-05-25 04:19:33.319] [info] Core [0] : issued tile 1 
[2026-05-25 04:19:33.319] [info] Core [0] : Memory unit idle cycle 475 Systolic bubble cycle 1208272 Core idle cycle 0 
[2026-05-25 04:19:33.319] [info] Core [0] : PE Utilization(%) 0.03, Systolic Bubble(%) 7.37, Vector Unit Utilization(%) 0.00, Total cycle: 22000
[2026-05-25 04:19:33.319] [debug] Core [1] : MatMul active cycle 0 Vector active cycle 0 
[2026-05-25 04:19:33.319] [debug] Core [1] : issued tile 1 
[2026-05-25 04:19:33.319] [debug] Core [1] : Memory unit idle cycle 476 Systolic bubble cycle 0 Core idle cycle 78 
[2026-05-25 04:19:33.319] [debug] Core [1] : PE Utilization(%) 0.00, Systolic Bubble(%) 0.00, Vector Unit Utilization(%) 0.00, Total cycle: 22000
[2026-05-25 04:19:33.319] [debug] Core [2] : MatMul active cycle 0 Vector active cycle 0 
[2026-05-25 04:19:33.319] [debug] Core [2] : issued tile 1 
[2026-05-25 04:19:33.319] [debug] Core [2] : Memory unit idle cycle 476 Systolic bubble cycle 0 Core idle cycle 77 
[2026-05-25 04:19:33.319] [debug] Core [2] : PE Utilization(%) 0.00, Systolic Bubble(%) 0.00, Vector Unit Utilization(%) 0.00, Total cycle: 22000
[2026-05-25 04:19:33.319] [debug] Core [3] : MatMul active cycle 35 Vector active cycle 0 
[2026-05-25 04:19:33.319] [debug] Core [3] : issued tile 1 
[2026-05-25 04:19:33.319] [debug] Core [3] : Memory unit idle cycle 475 Systolic bubble cycle 568960 Core idle cycle 23 
[2026-05-25 04:19:33.319] [debug] Core [3] : PE Utilization(%) 0.03, Systolic Bubble(%) 3.47, Vector Unit Utilization(%) 0.00, Total cycle: 22000
[2026-05-25 04:19:33.541] [info] Core [0] : MatMul active cycle 506 Vector active cycle 0 
[2026-05-25 04:19:33.541] [info] Core [0] : issued tile 1 
[2026-05-25 04:19:33.541] [info] Core [0] : Memory unit idle cycle 1000 Systolic bubble cycle 4080256 Core idle cycle 0 
[2026-05-25 04:19:33.541] [info] Core [0] : PE Utilization(%) 0.20, Systolic Bubble(%) 24.90, Vector Unit Utilization(%) 0.00, Total cycle: 23000
[2026-05-25 04:19:33.541] [debug] Core [1] : MatMul active cycle 409 Vector active cycle 0 
[2026-05-25 04:19:33.541] [debug] Core [1] : issued tile 1 
[2026-05-25 04:19:33.541] [debug] Core [1] : Memory unit idle cycle 1000 Systolic bubble cycle 2503424 Core idle cycle 0 
[2026-05-25 04:19:33.541] [debug] Core [1] : PE Utilization(%) 0.12, Systolic Bubble(%) 15.28, Vector Unit Utilization(%) 0.00, Total cycle: 23000
[2026-05-25 04:19:33.541] [debug] Core [2] : MatMul active cycle 358 Vector active cycle 0 
[2026-05-25 04:19:33.541] [debug] Core [2] : issued tile 1 
[2026-05-25 04:19:33.541] [debug] Core [2] : Memory unit idle cycle 1000 Systolic bubble cycle 1674368 Core idle cycle 0 
[2026-05-25 04:19:33.541] [debug] Core [2] : PE Utilization(%) 0.08, Systolic Bubble(%) 10.22, Vector Unit Utilization(%) 0.00, Total cycle: 23000
[2026-05-25 04:19:33.541] [debug] Core [3] : MatMul active cycle 501 Vector active cycle 0 
[2026-05-25 04:19:33.541] [debug] Core [3] : issued tile 1 
[2026-05-25 04:19:33.541] [debug] Core [3] : Memory unit idle cycle 1000 Systolic bubble cycle 3998976 Core idle cycle 0 
[2026-05-25 04:19:33.541] [debug] Core [3] : PE Utilization(%) 0.19, Systolic Bubble(%) 24.41, Vector Unit Utilization(%) 0.00, Total cycle: 23000
[2026-05-25 04:19:33.617] [info] HBM2-CH_0: BW utilization 50% (4191 reads, 654 writes)
[2026-05-25 04:19:33.617] [debug] HBM2-CH_1: BW utilization 50% (4198 reads, 632 writes)
[2026-05-25 04:19:33.617] [debug] HBM2-CH_2: BW utilization 50% (4201 reads, 647 writes)
[2026-05-25 04:19:33.617] [debug] HBM2-CH_3: BW utilization 50% (4195 reads, 634 writes)
[2026-05-25 04:19:33.617] [debug] HBM2-CH_4: BW utilization 50% (4200 reads, 650 writes)
[2026-05-25 04:19:33.617] [debug] HBM2-CH_5: BW utilization 50% (4189 reads, 642 writes)
[2026-05-25 04:19:33.617] [debug] HBM2-CH_6: BW utilization 50% (4192 reads, 655 writes)
[2026-05-25 04:19:33.617] [debug] HBM2-CH_7: BW utilization 50% (4194 reads, 641 writes)
[2026-05-25 04:19:33.617] [debug] HBM2-CH_8: BW utilization 50% (4198 reads, 637 writes)
[2026-05-25 04:19:33.617] [debug] HBM2-CH_9: BW utilization 50% (4193 reads, 641 writes)
[2026-05-25 04:19:33.617] [debug] HBM2-CH_10: BW utilization 50% (4183 reads, 666 writes)
[2026-05-25 04:19:33.617] [debug] HBM2-CH_11: BW utilization 50% (4203 reads, 638 writes)
[2026-05-25 04:19:33.617] [debug] HBM2-CH_12: BW utilization 50% (4194 reads, 632 writes)
[2026-05-25 04:19:33.617] [debug] HBM2-CH_13: BW utilization 50% (4200 reads, 633 writes)
[2026-05-25 04:19:33.617] [debug] HBM2-CH_14: BW utilization 50% (4183 reads, 647 writes)
[2026-05-25 04:19:33.617] [debug] HBM2-CH_15: BW utilization 50% (4193 reads, 661 writes)
[2026-05-25 04:19:33.617] [info] Core [0] : MatMul active cycle 1000 Vector active cycle 0 
[2026-05-25 04:19:33.618] [info] Core [0] : issued tile 1 
[2026-05-25 04:19:33.618] [info] Core [0] : Memory unit idle cycle 1000 Systolic bubble cycle 16256000 Core idle cycle 0 
[2026-05-25 04:19:33.618] [info] Core [0] : PE Utilization(%) 0.78, Systolic Bubble(%) 99.22, Vector Unit Utilization(%) 0.00, Total cycle: 24000
[2026-05-25 04:19:33.618] [debug] Core [1] : MatMul active cycle 1000 Vector active cycle 0 
[2026-05-25 04:19:33.618] [debug] Core [1] : issued tile 1 
[2026-05-25 04:19:33.618] [debug] Core [1] : Memory unit idle cycle 1000 Systolic bubble cycle 16256000 Core idle cycle 0 
[2026-05-25 04:19:33.618] [debug] Core [1] : PE Utilization(%) 0.78, Systolic Bubble(%) 99.22, Vector Unit Utilization(%) 0.00, Total cycle: 24000
[2026-05-25 04:19:33.618] [debug] Core [2] : MatMul active cycle 1000 Vector active cycle 0 
[2026-05-25 04:19:33.618] [debug] Core [2] : issued tile 1 
[2026-05-25 04:19:33.618] [debug] Core [2] : Memory unit idle cycle 1000 Systolic bubble cycle 16256000 Core idle cycle 0 
[2026-05-25 04:19:33.618] [debug] Core [2] : PE Utilization(%) 0.78, Systolic Bubble(%) 99.22, Vector Unit Utilization(%) 0.00, Total cycle: 24000
[2026-05-25 04:19:33.618] [debug] Core [3] : MatMul active cycle 1000 Vector active cycle 0 
[2026-05-25 04:19:33.618] [debug] Core [3] : issued tile 1 
[2026-05-25 04:19:33.618] [debug] Core [3] : Memory unit idle cycle 1000 Systolic bubble cycle 16256000 Core idle cycle 0 
[2026-05-25 04:19:33.618] [debug] Core [3] : PE Utilization(%) 0.78, Systolic Bubble(%) 99.22, Vector Unit Utilization(%) 0.00, Total cycle: 24000
[2026-05-25 04:19:33.624] [info] Core [0] : MatMul active cycle 984 Vector active cycle 14 
[2026-05-25 04:19:33.624] [info] Core [0] : issued tile 1 
[2026-05-25 04:19:33.624] [info] Core [0] : Memory unit idle cycle 1000 Systolic bubble cycle 7743522 Core idle cycle 0 
[2026-05-25 04:19:33.624] [info] Core [0] : PE Utilization(%) 0.14, Systolic Bubble(%) 47.26, Vector Unit Utilization(%) 1.40, Total cycle: 25000
[2026-05-25 04:19:33.624] [debug] Core [1] : MatMul active cycle 984 Vector active cycle 14 
[2026-05-25 04:19:33.624] [debug] Core [1] : issued tile 1 
[2026-05-25 04:19:33.624] [debug] Core [1] : Memory unit idle cycle 1000 Systolic bubble cycle 8389772 Core idle cycle 0 
[2026-05-25 04:19:33.624] [debug] Core [1] : PE Utilization(%) 0.19, Systolic Bubble(%) 51.21, Vector Unit Utilization(%) 1.40, Total cycle: 25000
[2026-05-25 04:19:33.624] [debug] Core [2] : MatMul active cycle 984 Vector active cycle 14 
[2026-05-25 04:19:33.624] [debug] Core [2] : issued tile 1 
[2026-05-25 04:19:33.624] [debug] Core [2] : Memory unit idle cycle 1000 Systolic bubble cycle 9218828 Core idle cycle 0 
[2026-05-25 04:19:33.624] [debug] Core [2] : PE Utilization(%) 0.23, Systolic Bubble(%) 56.27, Vector Unit Utilization(%) 1.40, Total cycle: 25000
[2026-05-25 04:19:33.624] [debug] Core [3] : MatMul active cycle 984 Vector active cycle 14 
[2026-05-25 04:19:33.624] [debug] Core [3] : issued tile 1 
[2026-05-25 04:19:33.624] [debug] Core [3] : Memory unit idle cycle 1000 Systolic bubble cycle 7743172 Core idle cycle 0 
[2026-05-25 04:19:33.624] [debug] Core [3] : PE Utilization(%) 0.14, Systolic Bubble(%) 47.26, Vector Unit Utilization(%) 1.40, Total cycle: 25000
[2026-05-25 04:19:33.631] [info] Core [0] : MatMul active cycle 998 Vector active cycle 0 
[2026-05-25 04:19:33.631] [info] Core [0] : issued tile 1 
[2026-05-25 04:19:33.631] [info] Core [0] : Memory unit idle cycle 1000 Systolic bubble cycle 7967088 Core idle cycle 0 
[2026-05-25 04:19:33.631] [info] Core [0] : PE Utilization(%) 0.17, Systolic Bubble(%) 48.63, Vector Unit Utilization(%) 0.00, Total cycle: 26000
[2026-05-25 04:19:33.631] [debug] Core [1] : MatMul active cycle 998 Vector active cycle 0 
[2026-05-25 04:19:33.631] [debug] Core [1] : issued tile 1 
[2026-05-25 04:19:33.631] [debug] Core [1] : Memory unit idle cycle 1000 Systolic bubble cycle 8424216 Core idle cycle 0 
[2026-05-25 04:19:33.631] [debug] Core [1] : PE Utilization(%) 0.18, Systolic Bubble(%) 51.42, Vector Unit Utilization(%) 0.00, Total cycle: 26000
[2026-05-25 04:19:33.631] [debug] Core [2] : MatMul active cycle 998 Vector active cycle 0 
[2026-05-25 04:19:33.631] [debug] Core [2] : issued tile 1 
[2026-05-25 04:19:33.631] [debug] Core [2] : Memory unit idle cycle 1000 Systolic bubble cycle 8424216 Core idle cycle 0 
[2026-05-25 04:19:33.631] [debug] Core [2] : PE Utilization(%) 0.18, Systolic Bubble(%) 51.42, Vector Unit Utilization(%) 0.00, Total cycle: 26000
[2026-05-25 04:19:33.631] [debug] Core [3] : MatMul active cycle 998 Vector active cycle 0 
[2026-05-25 04:19:33.631] [debug] Core [3] : issued tile 1 
[2026-05-25 04:19:33.631] [debug] Core [3] : Memory unit idle cycle 1000 Systolic bubble cycle 7967088 Core idle cycle 0 
[2026-05-25 04:19:33.631] [debug] Core [3] : PE Utilization(%) 0.17, Systolic Bubble(%) 48.63, Vector Unit Utilization(%) 0.00, Total cycle: 26000
[2026-05-25 04:19:33.638] [info] Core [0] : MatMul active cycle 998 Vector active cycle 0 
[2026-05-25 04:19:33.638] [info] Core [0] : issued tile 1 
[2026-05-25 04:19:33.638] [info] Core [0] : Memory unit idle cycle 1000 Systolic bubble cycle 7967088 Core idle cycle 0 
[2026-05-25 04:19:33.638] [info] Core [0] : PE Utilization(%) 0.17, Systolic Bubble(%) 48.63, Vector Unit Utilization(%) 0.00, Total cycle: 27000
[2026-05-25 04:19:33.638] [debug] Core [1] : MatMul active cycle 998 Vector active cycle 0 
[2026-05-25 04:19:33.638] [debug] Core [1] : issued tile 1 
[2026-05-25 04:19:33.638] [debug] Core [1] : Memory unit idle cycle 1000 Systolic bubble cycle 8424216 Core idle cycle 0 
[2026-05-25 04:19:33.638] [debug] Core [1] : PE Utilization(%) 0.18, Systolic Bubble(%) 51.42, Vector Unit Utilization(%) 0.00, Total cycle: 27000
[2026-05-25 04:19:33.638] [debug] Core [2] : MatMul active cycle 998 Vector active cycle 0 
[2026-05-25 04:19:33.638] [debug] Core [2] : issued tile 1 
[2026-05-25 04:19:33.638] [debug] Core [2] : Memory unit idle cycle 1000 Systolic bubble cycle 8424216 Core idle cycle 0 
[2026-05-25 04:19:33.638] [debug] Core [2] : PE Utilization(%) 0.18, Systolic Bubble(%) 51.42, Vector Unit Utilization(%) 0.00, Total cycle: 27000
[2026-05-25 04:19:33.638] [debug] Core [3] : MatMul active cycle 998 Vector active cycle 0 
[2026-05-25 04:19:33.638] [debug] Core [3] : issued tile 1 
[2026-05-25 04:19:33.638] [debug] Core [3] : Memory unit idle cycle 1000 Systolic bubble cycle 8032392 Core idle cycle 0 
[2026-05-25 04:19:33.638] [debug] Core [3] : PE Utilization(%) 0.17, Systolic Bubble(%) 49.03, Vector Unit Utilization(%) 0.00, Total cycle: 27000
[2026-05-25 04:19:33.644] [info] Core [0] : MatMul active cycle 998 Vector active cycle 0 
[2026-05-25 04:19:33.644] [info] Core [0] : issued tile 1 
[2026-05-25 04:19:33.644] [info] Core [0] : Memory unit idle cycle 1000 Systolic bubble cycle 8407890 Core idle cycle 0 
[2026-05-25 04:19:33.644] [info] Core [0] : PE Utilization(%) 0.18, Systolic Bubble(%) 51.32, Vector Unit Utilization(%) 0.00, Total cycle: 28000
[2026-05-25 04:19:33.644] [debug] Core [1] : MatMul active cycle 998 Vector active cycle 0 
[2026-05-25 04:19:33.644] [debug] Core [1] : issued tile 1 
[2026-05-25 04:19:33.644] [debug] Core [1] : Memory unit idle cycle 1000 Systolic bubble cycle 8424216 Core idle cycle 0 
[2026-05-25 04:19:33.644] [debug] Core [1] : PE Utilization(%) 0.18, Systolic Bubble(%) 51.42, Vector Unit Utilization(%) 0.00, Total cycle: 28000
[2026-05-25 04:19:33.644] [debug] Core [2] : MatMul active cycle 998 Vector active cycle 0 
[2026-05-25 04:19:33.644] [debug] Core [2] : issued tile 1 
[2026-05-25 04:19:33.644] [debug] Core [2] : Memory unit idle cycle 1000 Systolic bubble cycle 8424216 Core idle cycle 0 
[2026-05-25 04:19:33.644] [debug] Core [2] : PE Utilization(%) 0.18, Systolic Bubble(%) 51.42, Vector Unit Utilization(%) 0.00, Total cycle: 28000
[2026-05-25 04:19:33.644] [debug] Core [3] : MatMul active cycle 998 Vector active cycle 0 
[2026-05-25 04:19:33.644] [debug] Core [3] : issued tile 1 
[2026-05-25 04:19:33.644] [debug] Core [3] : Memory unit idle cycle 1000 Systolic bubble cycle 8424216 Core idle cycle 0 
[2026-05-25 04:19:33.644] [debug] Core [3] : PE Utilization(%) 0.18, Systolic Bubble(%) 51.42, Vector Unit Utilization(%) 0.00, Total cycle: 28000
[2026-05-25 04:19:33.651] [info] Core [0] : MatMul active cycle 998 Vector active cycle 2 
[2026-05-25 04:19:33.651] [info] Core [0] : issued tile 1 
[2026-05-25 04:19:33.651] [info] Core [0] : Memory unit idle cycle 1000 Systolic bubble cycle 8424216 Core idle cycle 0 
[2026-05-25 04:19:33.651] [info] Core [0] : PE Utilization(%) 0.18, Systolic Bubble(%) 51.42, Vector Unit Utilization(%) 0.20, Total cycle: 29000
[2026-05-25 04:19:33.651] [debug] Core [1] : MatMul active cycle 998 Vector active cycle 2 
[2026-05-25 04:19:33.651] [debug] Core [1] : issued tile 1 
[2026-05-25 04:19:33.651] [debug] Core [1] : Memory unit idle cycle 1000 Systolic bubble cycle 8424216 Core idle cycle 0 
[2026-05-25 04:19:33.651] [debug] Core [1] : PE Utilization(%) 0.18, Systolic Bubble(%) 51.42, Vector Unit Utilization(%) 0.20, Total cycle: 29000
[2026-05-25 04:19:33.651] [debug] Core [2] : MatMul active cycle 998 Vector active cycle 2 
[2026-05-25 04:19:33.651] [debug] Core [2] : issued tile 1 
[2026-05-25 04:19:33.651] [debug] Core [2] : Memory unit idle cycle 1000 Systolic bubble cycle 8424216 Core idle cycle 0 
[2026-05-25 04:19:33.651] [debug] Core [2] : PE Utilization(%) 0.18, Systolic Bubble(%) 51.42, Vector Unit Utilization(%) 0.20, Total cycle: 29000
[2026-05-25 04:19:33.651] [debug] Core [3] : MatMul active cycle 998 Vector active cycle 2 
[2026-05-25 04:19:33.651] [debug] Core [3] : issued tile 1 
[2026-05-25 04:19:33.651] [debug] Core [3] : Memory unit idle cycle 1000 Systolic bubble cycle 8424216 Core idle cycle 0 
[2026-05-25 04:19:33.651] [debug] Core [3] : PE Utilization(%) 0.18, Systolic Bubble(%) 51.42, Vector Unit Utilization(%) 0.20, Total cycle: 29000
[2026-05-25 04:19:33.653] [debug] Layer 49 Core 0 Finish Tile at 29317 Remain tile 4
[2026-05-25 04:19:33.653] [debug] Layer 49 Core 3 Finish Tile at 29322 Remain tile 3
[2026-05-25 04:19:33.654] [debug] Layer 49 Core 1 Finish Tile at 29414 Remain tile 2
[2026-05-25 04:19:33.654] [debug] Layer 49 Core 2 Finish Tile at 29465 Remain tile 1
[2026-05-25 04:19:33.654] [info] Layer layer0.attn.Attention.0 finish at 29465
[2026-05-25 04:19:33.654] [info] Total compute time 8388
[2026-05-25 04:19:33.654] [info] executable layer count 1
[2026-05-25 04:19:33.654] [info] Start layer layer0.attn.Atccat
[2026-05-25 04:19:33.654] [debug] Layer layer0.attn.Atccat Core 3 Get Tile at 29465
[2026-05-25 04:19:33.654] [debug] Layer 51 Core 3 Finish Tile at 29466 Remain tile 1
[2026-05-25 04:19:33.654] [info] Layer layer0.attn.Atccat finish at 29466
[2026-05-25 04:19:33.654] [info] Total compute time 1
[2026-05-25 04:19:33.654] [info] executable layer count 1
[2026-05-25 04:19:33.654] [info] Start layer layer0.attn.proj
[2026-05-25 04:19:33.654] [debug] Layer layer0.attn.proj Core 3 Get Tile at 29466
[2026-05-25 04:19:33.654] [debug] Layer layer0.attn.proj Core 0 Get Tile at 29467
[2026-05-25 04:19:33.694] [info] Core [0] : MatMul active cycle 552 Vector active cycle 2 
[2026-05-25 04:19:33.694] [info] Core [0] : issued tile 1 
[2026-05-25 04:19:33.694] [info] Core [0] : Memory unit idle cycle 902 Systolic bubble cycle 4212108 Core idle cycle 118 
[2026-05-25 04:19:33.694] [info] Core [0] : PE Utilization(%) 0.09, Systolic Bubble(%) 25.71, Vector Unit Utilization(%) 0.20, Total cycle: 30000
[2026-05-25 04:19:33.694] [debug] Core [1] : MatMul active cycle 410 Vector active cycle 2 
[2026-05-25 04:19:33.694] [debug] Core [1] : issued tile 0 
[2026-05-25 04:19:33.694] [debug] Core [1] : Memory unit idle cycle 999 Systolic bubble cycle 4212108 Core idle cycle 554 
[2026-05-25 04:19:33.694] [debug] Core [1] : PE Utilization(%) 0.09, Systolic Bubble(%) 25.71, Vector Unit Utilization(%) 0.20, Total cycle: 30000
[2026-05-25 04:19:33.694] [debug] Core [2] : MatMul active cycle 461 Vector active cycle 2 
[2026-05-25 04:19:33.694] [debug] Core [2] : issued tile 0 
[2026-05-25 04:19:33.694] [debug] Core [2] : Memory unit idle cycle 999 Systolic bubble cycle 4212108 Core idle cycle 242 
[2026-05-25 04:19:33.694] [debug] Core [2] : PE Utilization(%) 0.09, Systolic Bubble(%) 25.71, Vector Unit Utilization(%) 0.20, Total cycle: 30000
[2026-05-25 04:19:33.694] [debug] Core [3] : MatMul active cycle 552 Vector active cycle 2 
[2026-05-25 04:19:33.694] [debug] Core [3] : issued tile 1 
[2026-05-25 04:19:33.694] [debug] Core [3] : Memory unit idle cycle 881 Systolic bubble cycle 4212108 Core idle cycle 112 
[2026-05-25 04:19:33.694] [debug] Core [3] : PE Utilization(%) 0.09, Systolic Bubble(%) 25.71, Vector Unit Utilization(%) 0.20, Total cycle: 30000
[2026-05-25 04:19:33.697] [debug] Layer 53 Core 0 Finish Tile at 30404 Remain tile 2
[2026-05-25 04:19:33.697] [debug] Layer 53 Core 3 Finish Tile at 30409 Remain tile 1
[2026-05-25 04:19:33.697] [info] Layer layer0.attn.proj finish at 30409
[2026-05-25 04:19:33.697] [info] Total compute time 943
[2026-05-25 04:19:33.697] [info] executable layer count 1
[2026-05-25 04:19:33.697] [info] Start layer layer0.attn.ln
[2026-05-25 04:19:33.697] [debug] Layer layer0.attn.ln Core 0 Get Tile at 30410
[2026-05-25 04:19:33.698] [debug] Layer 55 Core 0 Finish Tile at 30463 Remain tile 1
[2026-05-25 04:19:33.698] [info] Layer layer0.attn.ln finish at 30463
[2026-05-25 04:19:33.698] [info] Total compute time 54
[2026-05-25 04:19:33.698] [info] executable layer count 1
[2026-05-25 04:19:33.698] [info] Start layer layer0.ffn.fc1
[2026-05-25 04:19:33.698] [debug] Layer layer0.ffn.fc1 Core 0 Get Tile at 30463
[2026-05-25 04:19:33.698] [debug] Layer layer0.ffn.fc1 Core 1 Get Tile at 30463
[2026-05-25 04:19:33.698] [debug] Layer layer0.ffn.fc1 Core 2 Get Tile at 30463
[2026-05-25 04:19:33.698] [debug] Layer layer0.ffn.fc1 Core 3 Get Tile at 30463
[2026-05-25 04:19:33.812] [info] Core [0] : MatMul active cycle 402 Vector active cycle 12 
[2026-05-25 04:19:33.812] [info] Core [0] : issued tile 1 
[2026-05-25 04:19:33.812] [info] Core [0] : Memory unit idle cycle 879 Systolic bubble cycle 6284080 Core idle cycle 0 
[2026-05-25 04:19:33.812] [info] Core [0] : PE Utilization(%) 0.25, Systolic Bubble(%) 38.35, Vector Unit Utilization(%) 1.20, Total cycle: 31000
[2026-05-25 04:19:33.812] [debug] Core [1] : MatMul active cycle 0 Vector active cycle 0 
[2026-05-25 04:19:33.812] [debug] Core [1] : issued tile 1 
[2026-05-25 04:19:33.812] [debug] Core [1] : Memory unit idle cycle 883 Systolic bubble cycle 0 Core idle cycle 463 
[2026-05-25 04:19:33.812] [debug] Core [1] : PE Utilization(%) 0.00, Systolic Bubble(%) 0.00, Vector Unit Utilization(%) 0.00, Total cycle: 31000
[2026-05-25 04:19:33.812] [debug] Core [2] : MatMul active cycle 0 Vector active cycle 0 
[2026-05-25 04:19:33.812] [debug] Core [2] : issued tile 1 
[2026-05-25 04:19:33.812] [debug] Core [2] : Memory unit idle cycle 883 Systolic bubble cycle 0 Core idle cycle 463 
[2026-05-25 04:19:33.812] [debug] Core [2] : PE Utilization(%) 0.00, Systolic Bubble(%) 0.00, Vector Unit Utilization(%) 0.00, Total cycle: 31000
[2026-05-25 04:19:33.812] [debug] Core [3] : MatMul active cycle 407 Vector active cycle 0 
[2026-05-25 04:19:33.812] [debug] Core [3] : issued tile 1 
[2026-05-25 04:19:33.812] [debug] Core [3] : Memory unit idle cycle 882 Systolic bubble cycle 6274816 Core idle cycle 37 
[2026-05-25 04:19:33.812] [debug] Core [3] : PE Utilization(%) 0.30, Systolic Bubble(%) 38.30, Vector Unit Utilization(%) 0.00, Total cycle: 31000
[2026-05-25 04:19:33.817] [debug] Layer 57 Core 1 Finish Tile at 31647 Remain tile 4
[2026-05-25 04:19:33.817] [debug] Layer 57 Core 3 Finish Tile at 31653 Remain tile 3
[2026-05-25 04:19:33.817] [debug] Layer 57 Core 2 Finish Tile at 31660 Remain tile 2
[2026-05-25 04:19:33.817] [debug] Layer 57 Core 0 Finish Tile at 31667 Remain tile 1
[2026-05-25 04:19:33.817] [info] Layer layer0.ffn.fc1 finish at 31667
[2026-05-25 04:19:33.817] [info] Total compute time 1204
[2026-05-25 04:19:33.817] [info] executable layer count 1
[2026-05-25 04:19:33.817] [info] Start layer layer0.ffn.act
[2026-05-25 04:19:33.817] [debug] Layer layer0.ffn.act Core 1 Get Tile at 31667
[2026-05-25 04:19:33.818] [debug] Layer 59 Core 1 Finish Tile at 31712 Remain tile 1
[2026-05-25 04:19:33.818] [info] Layer layer0.ffn.act finish at 31712
[2026-05-25 04:19:33.818] [info] Total compute time 45
[2026-05-25 04:19:33.818] [info] executable layer count 1
[2026-05-25 04:19:33.818] [info] Start layer layer0.ffn.fc2
[2026-05-25 04:19:33.818] [debug] Layer layer0.ffn.fc2 Core 3 Get Tile at 31712
[2026-05-25 04:19:33.818] [debug] Layer layer0.ffn.fc2 Core 0 Get Tile at 31713
[2026-05-25 04:19:33.862] [info] HBM2-CH_0: BW utilization 9% (903 reads, 6 writes)
[2026-05-25 04:19:33.862] [debug] HBM2-CH_1: BW utilization 9% (901 reads, 7 writes)
[2026-05-25 04:19:33.862] [debug] HBM2-CH_2: BW utilization 9% (903 reads, 8 writes)
[2026-05-25 04:19:33.862] [debug] HBM2-CH_3: BW utilization 9% (895 reads, 7 writes)
[2026-05-25 04:19:33.862] [debug] HBM2-CH_4: BW utilization 9% (902 reads, 7 writes)
[2026-05-25 04:19:33.862] [debug] HBM2-CH_5: BW utilization 9% (897 reads, 6 writes)
[2026-05-25 04:19:33.862] [debug] HBM2-CH_6: BW utilization 9% (899 reads, 5 writes)
[2026-05-25 04:19:33.862] [debug] HBM2-CH_7: BW utilization 9% (904 reads, 7 writes)
[2026-05-25 04:19:33.862] [debug] HBM2-CH_8: BW utilization 9% (897 reads, 7 writes)
[2026-05-25 04:19:33.862] [debug] HBM2-CH_9: BW utilization 9% (907 reads, 6 writes)
[2026-05-25 04:19:33.862] [debug] HBM2-CH_10: BW utilization 9% (901 reads, 6 writes)
[2026-05-25 04:19:33.862] [debug] HBM2-CH_11: BW utilization 9% (903 reads, 7 writes)
[2026-05-25 04:19:33.862] [debug] HBM2-CH_12: BW utilization 9% (905 reads, 5 writes)
[2026-05-25 04:19:33.862] [debug] HBM2-CH_13: BW utilization 9% (904 reads, 7 writes)
[2026-05-25 04:19:33.862] [debug] HBM2-CH_14: BW utilization 9% (901 reads, 7 writes)
[2026-05-25 04:19:33.862] [debug] HBM2-CH_15: BW utilization 9% (899 reads, 6 writes)
[2026-05-25 04:19:33.864] [info] Core [0] : MatMul active cycle 641 Vector active cycle 0 
[2026-05-25 04:19:33.864] [info] Core [0] : issued tile 1 
[2026-05-25 04:19:33.864] [info] Core [0] : Memory unit idle cycle 788 Systolic bubble cycle 6274816 Core idle cycle 11 
[2026-05-25 04:19:33.864] [info] Core [0] : PE Utilization(%) 0.30, Systolic Bubble(%) 38.30, Vector Unit Utilization(%) 0.00, Total cycle: 32000
[2026-05-25 04:19:33.864] [debug] Core [1] : MatMul active cycle 641 Vector active cycle 4 
[2026-05-25 04:19:33.864] [debug] Core [1] : issued tile 0 
[2026-05-25 04:19:33.864] [debug] Core [1] : Memory unit idle cycle 993 Systolic bubble cycle 6274816 Core idle cycle 3 
[2026-05-25 04:19:33.864] [debug] Core [1] : PE Utilization(%) 0.30, Systolic Bubble(%) 38.30, Vector Unit Utilization(%) 0.40, Total cycle: 32000
[2026-05-25 04:19:33.864] [debug] Core [2] : MatMul active cycle 641 Vector active cycle 0 
[2026-05-25 04:19:33.864] [debug] Core [2] : issued tile 0 
[2026-05-25 04:19:33.864] [debug] Core [2] : Memory unit idle cycle 999 Systolic bubble cycle 6274816 Core idle cycle 300 
[2026-05-25 04:19:33.864] [debug] Core [2] : PE Utilization(%) 0.30, Systolic Bubble(%) 38.30, Vector Unit Utilization(%) 0.00, Total cycle: 32000
[2026-05-25 04:19:33.864] [debug] Core [3] : MatMul active cycle 641 Vector active cycle 0 
[2026-05-25 04:19:33.864] [debug] Core [3] : issued tile 1 
[2026-05-25 04:19:33.864] [debug] Core [3] : Memory unit idle cycle 740 Systolic bubble cycle 6274816 Core idle cycle 42 
[2026-05-25 04:19:33.864] [debug] Core [3] : PE Utilization(%) 0.30, Systolic Bubble(%) 38.30, Vector Unit Utilization(%) 0.00, Total cycle: 32000
[2026-05-25 04:19:33.907] [info] Core [0] : MatMul active cycle 662 Vector active cycle 0 
[2026-05-25 04:19:33.907] [info] Core [0] : issued tile 1 
[2026-05-25 04:19:33.907] [info] Core [0] : Memory unit idle cycle 1000 Systolic bubble cycle 6625960 Core idle cycle 0 
[2026-05-25 04:19:33.907] [info] Core [0] : PE Utilization(%) 0.26, Systolic Bubble(%) 40.44, Vector Unit Utilization(%) 0.00, Total cycle: 33000
[2026-05-25 04:19:33.907] [debug] Core [1] : MatMul active cycle 0 Vector active cycle 0 
[2026-05-25 04:19:33.907] [debug] Core [1] : issued tile 0 
[2026-05-25 04:19:33.907] [debug] Core [1] : Memory unit idle cycle 1000 Systolic bubble cycle 0 Core idle cycle 688 
[2026-05-25 04:19:33.907] [debug] Core [1] : PE Utilization(%) 0.00, Systolic Bubble(%) 0.00, Vector Unit Utilization(%) 0.00, Total cycle: 33000
[2026-05-25 04:19:33.907] [debug] Core [2] : MatMul active cycle 0 Vector active cycle 0 
[2026-05-25 04:19:33.907] [debug] Core [2] : issued tile 0 
[2026-05-25 04:19:33.907] [debug] Core [2] : Memory unit idle cycle 1000 Systolic bubble cycle 0 Core idle cycle 1000 
[2026-05-25 04:19:33.907] [debug] Core [2] : PE Utilization(%) 0.00, Systolic Bubble(%) 0.00, Vector Unit Utilization(%) 0.00, Total cycle: 33000
[2026-05-25 04:19:33.907] [debug] Core [3] : MatMul active cycle 643 Vector active cycle 0 
[2026-05-25 04:19:33.907] [debug] Core [3] : issued tile 1 
[2026-05-25 04:19:33.907] [debug] Core [3] : Memory unit idle cycle 1000 Systolic bubble cycle 6307328 Core idle cycle 0 
[2026-05-25 04:19:33.907] [debug] Core [3] : PE Utilization(%) 0.30, Systolic Bubble(%) 38.50, Vector Unit Utilization(%) 0.00, Total cycle: 33000
[2026-05-25 04:19:33.908] [debug] Layer 61 Core 0 Finish Tile at 33237 Remain tile 2
[2026-05-25 04:19:33.909] [debug] Layer 61 Core 3 Finish Tile at 33256 Remain tile 1
[2026-05-25 04:19:33.909] [info] Layer layer0.ffn.fc2 finish at 33256
[2026-05-25 04:19:33.909] [info] Total compute time 1544
[2026-05-25 04:19:33.909] [info] executable layer count 1
[2026-05-25 04:19:33.909] [info] Start layer layer0.ffn.ln
[2026-05-25 04:19:33.909] [debug] Layer layer0.ffn.ln Core 2 Get Tile at 33257
[2026-05-25 04:19:33.909] [debug] Layer 63 Core 2 Finish Tile at 33307 Remain tile 1
[2026-05-25 04:19:33.909] [info] Layer layer0.ffn.ln finish at 33307
[2026-05-25 04:19:33.909] [info] Total compute time 51
[2026-05-25 04:19:33.909] [info] Model[tiny_transformer] Request: 19 us, Start: 19 us, finish:33 us, Current Cycle:33307
[2026-05-25 04:19:33.909] [info] Request 0 completed in 33307 cycles
[2026-05-25 04:19:33.909] [info] No total_seq_len!
[2026-05-25 04:19:33.910] [info] Simulation Finished at 33324 cycle 33 us
[2026-05-25 04:19:33.910] [info] [MEMORY_FOOTPRINT] Total Core->L2/DRAM Request Bytes: 6143488
[2026-05-25 04:19:33.910] [info] Runtime Instructions [141] Avg Instructions Per Finished Tile [8.29]
[2026-05-25 04:19:33.910] [info] Core [0] : MatMul active cycle 18560 Vector active cycle 1126 
[2026-05-25 04:19:33.910] [info] Core [0] : Memory unit idle cycle 30385 Systolic bubble cycle 125502288 Core idle cycle 2798 
[2026-05-25 04:19:33.910] [info] Core [0] : PE Utilization(%) 12.05, Systolic Bubble(%) 22.99, Vector Unit Utilization(%) 3.38, Total cycle: 33324
[2026-05-25 04:19:33.910] [info] [Core 0] Input SRAM Hit Rate: 28.28% (11825 hits, 29994 misses)
[2026-05-25 04:19:33.910] [info] [Core 0] Accumulator SRAM Hit Rate: 1.16% (233 hits, 19841 misses)
[2026-05-25 04:19:33.910] [info] [Core 0] Average Core->L2 Request Size: 24263.56 bytes
[2026-05-25 04:19:33.910] [info] [Core 0] Object Histogram: Top-1 size 59392 B (26.70%), Top-2 size 133888 B (20.07%)
[2026-05-25 04:19:33.910] [info] Core [0] : Systolic Inst Issue Count : 54
[2026-05-25 04:19:33.910] [info] Core [0] : Systolic PRELOAD Issue Count : 54
[2026-05-25 04:19:33.910] [info] Runtime Instructions [141] Avg Instructions Per Finished Tile [8.29]
[2026-05-25 04:19:33.910] [info] Core [1] : MatMul active cycle 19043 Vector active cycle 1118 
[2026-05-25 04:19:33.910] [info] Core [1] : Memory unit idle cycle 29574 Systolic bubble cycle 108412280 Core idle cycle 1936 
[2026-05-25 04:19:33.910] [info] Core [1] : PE Utilization(%) 16.63, Systolic Bubble(%) 19.86, Vector Unit Utilization(%) 3.35, Total cycle: 33324
[2026-05-25 04:19:33.910] [info] [Core 1] Input SRAM Hit Rate: 24.67% (12332 hits, 37657 misses)
[2026-05-25 04:19:33.910] [info] [Core 1] Accumulator SRAM Hit Rate: 1.16% (233 hits, 19936 misses)
[2026-05-25 04:19:33.910] [info] [Core 1] Average Core->L2 Request Size: 31835.93 bytes
[2026-05-25 04:19:33.910] [info] [Core 1] Object Histogram: Top-1 size 59392 B (33.92%), Top-2 size 133888 B (15.29%)
[2026-05-25 04:19:33.910] [info] Core [1] : Systolic Inst Issue Count : 54
[2026-05-25 04:19:33.910] [info] Core [1] : Systolic PRELOAD Issue Count : 54
[2026-05-25 04:19:33.910] [info] Runtime Instructions [141] Avg Instructions Per Finished Tile [8.29]
[2026-05-25 04:19:33.910] [info] Core [2] : MatMul active cycle 19043 Vector active cycle 1114 
[2026-05-25 04:19:33.910] [info] Core [2] : Memory unit idle cycle 29762 Systolic bubble cycle 114691448 Core idle cycle 2391 
[2026-05-25 04:19:33.910] [info] Core [2] : PE Utilization(%) 15.48, Systolic Bubble(%) 21.01, Vector Unit Utilization(%) 3.34, Total cycle: 33324
[2026-05-25 04:19:33.910] [info] [Core 2] Input SRAM Hit Rate: 26.47% (12644 hits, 35118 misses)
[2026-05-25 04:19:33.910] [info] [Core 2] Accumulator SRAM Hit Rate: 1.15% (233 hits, 19962 misses)
[2026-05-25 04:19:33.910] [info] [Core 2] Average Core->L2 Request Size: 30100.36 bytes
[2026-05-25 04:19:33.910] [info] [Core 2] Object Histogram: Top-1 size 59392 B (28.70%), Top-2 size 133888 B (16.17%)
[2026-05-25 04:19:33.910] [info] Core [2] : Systolic Inst Issue Count : 54
[2026-05-25 04:19:33.910] [info] Core [2] : Systolic PRELOAD Issue Count : 54
[2026-05-25 04:19:33.910] [info] Runtime Instructions [136] Avg Instructions Per Finished Tile [8.50]
[2026-05-25 04:19:33.910] [info] Core [3] : MatMul active cycle 18541 Vector active cycle 1114 
[2026-05-25 04:19:33.910] [info] Core [3] : Memory unit idle cycle 30253 Systolic bubble cycle 125155960 Core idle cycle 2945 
[2026-05-25 04:19:33.910] [info] Core [3] : PE Utilization(%) 12.05, Systolic Bubble(%) 22.92, Vector Unit Utilization(%) 3.34, Total cycle: 33324
[2026-05-25 04:19:33.910] [info] [Core 3] Input SRAM Hit Rate: 29.34% (12308 hits, 29640 misses)
[2026-05-25 04:19:33.910] [info] [Core 3] Accumulator SRAM Hit Rate: 1.17% (233 hits, 19756 misses)
[2026-05-25 04:19:33.910] [info] [Core 3] Average Core->L2 Request Size: 26971.08 bytes
[2026-05-25 04:19:33.910] [info] [Core 3] Object Histogram: Top-1 size 59392 B (33.88%), Top-2 size 133888 B (19.09%)
[2026-05-25 04:19:33.910] [info] Core [3] : Systolic Inst Issue Count : 54
[2026-05-25 04:19:33.910] [info] Core [3] : Systolic PRELOAD Issue Count : 54
Class 0:
Packet latency average = 265.087
	minimum = 7
	maximum = 1984
Network latency average = 263.194
	minimum = 7
	maximum = 1970
Slowest packet = 88259
Flit latency average = 263.194
	minimum = 7
	maximum = 1970
Slowest flit = 89729
Fragmentation average = 0
	minimum = 0
	maximum = 0
Injected packet rate average = 0.144028
	minimum = 0.0778718 (at node 15)
	maximum = 0.360341 (at node 72)
Accepted packet rate average = 0.144028
	minimum = 0.0777218 (at node 3)
	maximum = 0.360341 (at node 72)
Injected flit rate average = 0.144028
	minimum = 0.0778718 (at node 15)
	maximum = 0.360341 (at node 72)
Accepted flit rate average= 0.144028
	minimum = 0.0777218 (at node 3)
	maximum = 0.360341 (at node 72)
Injected packet length average = 1
Accepted packet length average = 1
Total in-flight flits = 0 (0 measured)
Frontend:
  impl: GEM5

[2026-05-25 04:19:33.910] [info] Row hits: 11325, Row misses: 53, Row conflicts: 545
MemorySystem:
  impl: GenericDRAM
  total_num_other_requests: 0
  total_num_write_requests: 1490
  total_num_read_requests: 10500
  memory_system_cycles: 40004
  DRAM:
    impl: HBM2
  AddrMapper:
    impl: RoBaRaCoCh
  Controller:
    impl: Generic
    id: Channel 0
    Scheduler:
      impl: FRFCFS
    RefreshManager:
      impl: AllBank



[2026-05-25 04:19:33.910] [info] HBM2-CH_0: avg BW utilization 29% (10500 reads, 1490 writes)
Frontend:
  impl: GEM5

[2026-05-25 04:19:33.910] [info] Row hits: 11330, Row misses: 51, Row conflicts: 540
MemorySystem:
  impl: GenericDRAM
  total_num_other_requests: 0
  total_num_write_requests: 1486
  total_num_read_requests: 10511
  memory_system_cycles: 40004
  DRAM:
    impl: HBM2
  AddrMapper:
    impl: RoBaRaCoCh
  Controller:
    impl: Generic
    id: Channel 0
    Scheduler:
      impl: FRFCFS
    RefreshManager:
      impl: AllBank



[2026-05-25 04:19:33.910] [debug] HBM2-CH_1: avg BW utilization 29% (10511 reads, 1486 writes)
Frontend:
  impl: GEM5

[2026-05-25 04:19:33.910] [info] Row hits: 11312, Row misses: 60, Row conflicts: 549
MemorySystem:
  impl: GenericDRAM
  total_num_other_requests: 0
  total_num_write_requests: 1495
  total_num_read_requests: 10511
  memory_system_cycles: 40004
  DRAM:
    impl: HBM2
  AddrMapper:
    impl: RoBaRaCoCh
  Controller:
    impl: Generic
    id: Channel 0
    Scheduler:
      impl: FRFCFS
    RefreshManager:
      impl: AllBank



[2026-05-25 04:19:33.910] [debug] HBM2-CH_2: avg BW utilization 30% (10511 reads, 1495 writes)
Frontend:
  impl: GEM5

[2026-05-25 04:19:33.910] [info] Row hits: 11318, Row misses: 57, Row conflicts: 555
MemorySystem:
  impl: GenericDRAM
  total_num_other_requests: 0
  total_num_write_requests: 1502
  total_num_read_requests: 10503
  memory_system_cycles: 40004
  DRAM:
    impl: HBM2
  AddrMapper:
    impl: RoBaRaCoCh
  Controller:
    impl: Generic
    id: Channel 0
    Scheduler:
      impl: FRFCFS
    RefreshManager:
      impl: AllBank



[2026-05-25 04:19:33.910] [debug] HBM2-CH_3: avg BW utilization 30% (10503 reads, 1502 writes)
Frontend:
  impl: GEM5

[2026-05-25 04:19:33.910] [info] Row hits: 11318, Row misses: 56, Row conflicts: 549
MemorySystem:
  impl: GenericDRAM
  total_num_other_requests: 0
  total_num_write_requests: 1494
  total_num_read_requests: 10509
  memory_system_cycles: 40004
  DRAM:
    impl: HBM2
  AddrMapper:
    impl: RoBaRaCoCh
  Controller:
    impl: Generic
    id: Channel 0
    Scheduler:
      impl: FRFCFS
    RefreshManager:
      impl: AllBank



[2026-05-25 04:19:33.910] [debug] HBM2-CH_4: avg BW utilization 30% (10509 reads, 1494 writes)
Frontend:
  impl: GEM5

[2026-05-25 04:19:33.910] [info] Row hits: 11316, Row misses: 58, Row conflicts: 543
MemorySystem:
  impl: GenericDRAM
  total_num_other_requests: 0
  total_num_write_requests: 1493
  total_num_read_requests: 10505
  memory_system_cycles: 40004
  DRAM:
    impl: HBM2
  AddrMapper:
    impl: RoBaRaCoCh
  Controller:
    impl: Generic
    id: Channel 0
    Scheduler:
      impl: FRFCFS
    RefreshManager:
      impl: AllBank



[2026-05-25 04:19:33.910] [debug] HBM2-CH_5: avg BW utilization 29% (10505 reads, 1493 writes)
Frontend:
  impl: GEM5

[2026-05-25 04:19:33.910] [info] Row hits: 11333, Row misses: 56, Row conflicts: 534
MemorySystem:
  impl: GenericDRAM
  total_num_other_requests: 0
  total_num_write_requests: 1491
  total_num_read_requests: 10506
  memory_system_cycles: 40004
  DRAM:
    impl: HBM2
  AddrMapper:
    impl: RoBaRaCoCh
  Controller:
    impl: Generic
    id: Channel 0
    Scheduler:
      impl: FRFCFS
    RefreshManager:
      impl: AllBank



[2026-05-25 04:19:33.910] [debug] HBM2-CH_6: avg BW utilization 29% (10506 reads, 1491 writes)
Frontend:
  impl: GEM5

[2026-05-25 04:19:33.910] [info] Row hits: 11321, Row misses: 57, Row conflicts: 547
MemorySystem:
  impl: GenericDRAM
  total_num_other_requests: 0
  total_num_write_requests: 1490
  total_num_read_requests: 10511
  memory_system_cycles: 40004
  DRAM:
    impl: HBM2
  AddrMapper:
    impl: RoBaRaCoCh
  Controller:
    impl: Generic
    id: Channel 0
    Scheduler:
      impl: FRFCFS
    RefreshManager:
      impl: AllBank



[2026-05-25 04:19:33.910] [debug] HBM2-CH_7: avg BW utilization 29% (10511 reads, 1490 writes)
Frontend:
  impl: GEM5

[2026-05-25 04:19:33.910] [info] Row hits: 11316, Row misses: 57, Row conflicts: 560
MemorySystem:
  impl: GenericDRAM
  total_num_other_requests: 0
  total_num_write_requests: 1495
  total_num_read_requests: 10513
  memory_system_cycles: 40004
  DRAM:
    impl: HBM2
  AddrMapper:
    impl: RoBaRaCoCh
  Controller:
    impl: Generic
    id: Channel 0
    Scheduler:
      impl: FRFCFS
    RefreshManager:
      impl: AllBank



[2026-05-25 04:19:33.910] [debug] HBM2-CH_8: avg BW utilization 30% (10513 reads, 1495 writes)
Frontend:
  impl: GEM5

[2026-05-25 04:19:33.910] [info] Row hits: 11346, Row misses: 53, Row conflicts: 532
MemorySystem:
  impl: GenericDRAM
  total_num_other_requests: 0
  total_num_write_requests: 1490
  total_num_read_requests: 10504
  memory_system_cycles: 40004
  DRAM:
    impl: HBM2
  AddrMapper:
    impl: RoBaRaCoCh
  Controller:
    impl: Generic
    id: Channel 0
    Scheduler:
      impl: FRFCFS
    RefreshManager:
      impl: AllBank



[2026-05-25 04:19:33.910] [debug] HBM2-CH_9: avg BW utilization 29% (10504 reads, 1490 writes)
Frontend:
  impl: GEM5

[2026-05-25 04:19:33.910] [info] Row hits: 11332, Row misses: 64, Row conflicts: 532
MemorySystem:
  impl: GenericDRAM
  total_num_other_requests: 0
  total_num_write_requests: 1493
  total_num_read_requests: 10504
  memory_system_cycles: 40004
  DRAM:
    impl: HBM2
  AddrMapper:
    impl: RoBaRaCoCh
  Controller:
    impl: Generic
    id: Channel 0
    Scheduler:
      impl: FRFCFS
    RefreshManager:
      impl: AllBank



[2026-05-25 04:19:33.910] [debug] HBM2-CH_10: avg BW utilization 29% (10504 reads, 1493 writes)
Frontend:
  impl: GEM5

[2026-05-25 04:19:33.910] [info] Row hits: 11343, Row misses: 56, Row conflicts: 532
MemorySystem:
  impl: GenericDRAM
  total_num_other_requests: 0
  total_num_write_requests: 1487
  total_num_read_requests: 10513
  memory_system_cycles: 40004
  DRAM:
    impl: HBM2
  AddrMapper:
    impl: RoBaRaCoCh
  Controller:
    impl: Generic
    id: Channel 0
    Scheduler:
      impl: FRFCFS
    RefreshManager:
      impl: AllBank



[2026-05-25 04:19:33.911] [debug] HBM2-CH_11: avg BW utilization 29% (10513 reads, 1487 writes)
Frontend:
  impl: GEM5

[2026-05-25 04:19:33.911] [info] Row hits: 11323, Row misses: 50, Row conflicts: 550
MemorySystem:
  impl: GenericDRAM
  total_num_other_requests: 0
  total_num_write_requests: 1485
  total_num_read_requests: 10505
  memory_system_cycles: 40004
  DRAM:
    impl: HBM2
  AddrMapper:
    impl: RoBaRaCoCh
  Controller:
    impl: Generic
    id: Channel 0
    Scheduler:
      impl: FRFCFS
    RefreshManager:
      impl: AllBank



[2026-05-25 04:19:33.911] [debug] HBM2-CH_12: avg BW utilization 29% (10505 reads, 1485 writes)
Frontend:
  impl: GEM5

[2026-05-25 04:19:33.911] [info] Row hits: 11341, Row misses: 54, Row conflicts: 545
MemorySystem:
  impl: GenericDRAM
  total_num_other_requests: 0
  total_num_write_requests: 1493
  total_num_read_requests: 10512
  memory_system_cycles: 40004
  DRAM:
    impl: HBM2
  AddrMapper:
    impl: RoBaRaCoCh
  Controller:
    impl: Generic
    id: Channel 0
    Scheduler:
      impl: FRFCFS
    RefreshManager:
      impl: AllBank



[2026-05-25 04:19:33.911] [debug] HBM2-CH_13: avg BW utilization 30% (10512 reads, 1493 writes)
Frontend:
  impl: GEM5

[2026-05-25 04:19:33.911] [info] Row hits: 11334, Row misses: 55, Row conflicts: 534
MemorySystem:
  impl: GenericDRAM
  total_num_other_requests: 0
  total_num_write_requests: 1491
  total_num_read_requests: 10506
  memory_system_cycles: 40004
  DRAM:
    impl: HBM2
  AddrMapper:
    impl: RoBaRaCoCh
  Controller:
    impl: Generic
    id: Channel 0
    Scheduler:
      impl: FRFCFS
    RefreshManager:
      impl: AllBank



[2026-05-25 04:19:33.911] [debug] HBM2-CH_14: avg BW utilization 29% (10506 reads, 1491 writes)
Frontend:
  impl: GEM5

[2026-05-25 04:19:33.911] [info] Row hits: 11316, Row misses: 57, Row conflicts: 537
MemorySystem:
  impl: GenericDRAM
  total_num_other_requests: 0
  total_num_write_requests: 1491
  total_num_read_requests: 10505
  memory_system_cycles: 40004
  DRAM:
    impl: HBM2
  AddrMapper:
    impl: RoBaRaCoCh
  Controller:
    impl: Generic
    id: Channel 0
    Scheduler:
      impl: FRFCFS
    RefreshManager:
      impl: AllBank



[2026-05-25 04:19:33.911] [debug] HBM2-CH_15: avg BW utilization 29% (10505 reads, 1491 writes)
[2026-05-25 04:19:33.911] [info] Simulation time: 2.919756 seconds
[2026-05-25 04:19:33.911] [info] Total tile: 67, simulated tile per seconds(TPS): 23.260245
