[2026-05-25 04:19:46.004] [info] CPU 0: Partition 0
[2026-05-25 04:19:46.004] [info] CPU 1: Partition 0
[2026-05-25 04:19:46.004] [info] CPU 2: Partition 0
[2026-05-25 04:19:46.004] [info] CPU 3: Partition 0
[2026-05-25 04:19:46.004] [info] Running in language mode
[2026-05-25 04:19:46.004] [info] Simulator Configuration:
[2026-05-25 04:19:46.004] [info] [Core 0] Systolic Array Throughput: 131072 GFLOPS, Spad size: 32768 KB, Accumulator size: 4096 KB
[2026-05-25 04:19:46.004] [info] [Core 1] Systolic Array Throughput: 131072 GFLOPS, Spad size: 32768 KB, Accumulator size: 4096 KB
[2026-05-25 04:19:46.004] [info] [Core 2] Systolic Array Throughput: 131072 GFLOPS, Spad size: 32768 KB, Accumulator size: 4096 KB
[2026-05-25 04:19:46.004] [info] [Core 3] Systolic Array Throughput: 131072 GFLOPS, Spad size: 32768 KB, Accumulator size: 4096 KB
[2026-05-25 04:19:46.004] [info] DRAM Bandwidth 614 GB/s
[2026-05-25 04:19:46.004] [info] Ramulator2 config: /workspace/ONNXim/configs/../configs/ramulator2_configs/HBM2.yaml
[2026-05-25 04:19:46.009] [info] Initialize Booksim2
[2026-05-25 04:19:46.009] [info] Config path : /workspace/ONNXim/configs/../configs/booksim2_configs/fly_c64_m16.icnt
[2026-05-25 04:19:46.012] [info] Register Language Model: tiny_transformer
[2026-05-25 04:19:46.012] [info] Tensor Parallelsim 1, Pipeline Parallelism 1
[2026-05-25 04:19:46.012] [info] Weight size: 0.01 GB
[2026-05-25 04:19:46.012] [info] Simple Language scheduler selected
[2026-05-25 04:19:46.012] [info] num layer 1 num sim layer 1
[2026-05-25 04:19:46.012] [info] ======Start Simulation=====
[2026-05-25 04:19:46.012] [info] Total Memory Usage: 0.01 GB
[2026-05-25 04:19:46.012] [info] Weight Memory Usage: 0.01 GB
[2026-05-25 04:19:46.012] [info] KV Memory Usage: 0.00 GB
[2026-05-25 04:19:46.012] [info] Activation Memory Usage: 0.00 GB
[2026-05-25 04:19:46.012] [debug] [Gemm] input_shape: [1024, 232]
[2026-05-25 04:19:46.012] [debug] [Gemm] output_shape : [1024, 696]
[2026-05-25 04:19:46.012] [info] [GEMM] spad_size: 33554432 accum_size: 4194304
[2026-05-25 04:19:46.012] [info] [GEMM] required_sram_size: 458752 required_accum_size: 393216
[2026-05-25 04:19:46.012] [info] [GEMM] Used mapping: Total N:1024 C:232 M:696 | Outer N:2 C:1 M:2 | Inner N:512 C:256 M:384
[2026-05-25 04:19:46.022] [info] [GemmWs] Keys K = 232, N = 1024, M = 696
[2026-05-25 04:19:46.022] [info] [GemmWS]: total 0.33140737 GFLOPs, 0.00222488 GB
[2026-05-25 04:19:46.022] [info] [GemmWS]: Theoretical time(ms): 0.0036235830975783756 Compute time: 0.002528437562432373 Memory time: 0.0036235830975783756
[2026-05-25 04:19:46.022] [debug] [KVCacheConcat] input_token_lengths: [1024]
[2026-05-25 04:19:46.022] [debug] [KVCacheConcat] number of tiles: 1
[2026-05-25 04:19:46.031] [info] [Attention] total_spad_size_per_head: 534412 B
[2026-05-25 04:19:46.031] [info] [Attention] total_acc_size_per_head: 2093056 B
[2026-05-25 04:19:46.031] [info] [Attention] q_len: 511, seq_len: 2048, dk: 58, heads per tile 1
[2026-05-25 04:19:46.031] [info] [Attention] Spad size 16777216
[2026-05-25 04:19:46.031] [info] [Attention] Accum spad size 2097152
[2026-05-25 04:19:46.031] [info] Mapping info Total Loop: N6132 C58 M2048 S1 R1 Q1 P1 Tile Out Loop: N12 C1 M1 S1 R1 Q1 P1 Tile In Loop: N511 C58 M2048 S1 R1 Q1 P1
[2026-05-25 04:19:46.147] [info] [Attention] QK 0.97307855 GFLOPs
[2026-05-25 04:19:46.147] [info] [Attention] total 2.0300431 GFLOPs, 0.0028508161 GB
[2026-05-25 04:19:46.147] [info] [Attention] Theoretical time(ms): 0.025088001 Compute time: 0.025088001 Memory time: 0.004643023
[2026-05-25 04:19:46.147] [info] [Attention] QK compute 0.0074ms Softmax compute 0.0102ms SV compute 0.0074ms
[2026-05-25 04:19:46.147] [debug] [Gemm] input_shape: [1024, 232]
[2026-05-25 04:19:46.147] [debug] [Gemm] output_shape : [1024, 232]
[2026-05-25 04:19:46.147] [info] [GEMM] spad_size: 33554432 accum_size: 4194304
[2026-05-25 04:19:46.147] [info] [GEMM] required_sram_size: 262144 required_accum_size: 131072
[2026-05-25 04:19:46.147] [info] [GEMM] Used mapping: Total N:1024 C:232 M:232 | Outer N:4 C:1 M:1 | Inner N:256 C:256 M:256
[2026-05-25 04:19:46.152] [info] [GemmWs] Keys K = 232, N = 1024, M = 232
[2026-05-25 04:19:46.152] [info] [GemmWS]: total 0.11046911 GFLOPs, 0.0010583841 GB
[2026-05-25 04:19:46.152] [info] [GemmWS]: Theoretical time(ms): 0.001723752575344406 Compute time: 0.0008428124260717595 Memory time: 0.001723752575344406
[2026-05-25 04:19:46.152] [info] [SkipLayerNorm] tokens_per_tile: 128
[2026-05-25 04:19:46.155] [debug] [Gemm] input_shape: [1024, 232]
[2026-05-25 04:19:46.155] [debug] [Gemm] output_shape : [1024, 512]
[2026-05-25 04:19:46.155] [info] [GEMM] spad_size: 33554432 accum_size: 4194304
[2026-05-25 04:19:46.155] [info] [GEMM] required_sram_size: 393216 required_accum_size: 262144
[2026-05-25 04:19:46.155] [info] [GEMM] Used mapping: Total N:1024 C:232 M:512 | Outer N:4 C:1 M:1 | Inner N:256 C:256 M:512
[2026-05-25 04:19:46.164] [info] [GemmWs] Keys K = 232, N = 1024, M = 512
[2026-05-25 04:19:46.164] [info] [GemmWS]: total 0.24326964 GFLOPs, 0.00176128 GB
[2026-05-25 04:19:46.164] [info] [GemmWS]: Theoretical time(ms): 0.002868534238587017 Compute time: 0.0018560000398792909 Memory time: 0.002868534238587017
[2026-05-25 04:19:46.164] [info] [BiasAct] tokens_per_tile: 128
[2026-05-25 04:19:46.168] [debug] [Gemm] input_shape: [1024, 512]
[2026-05-25 04:19:46.168] [debug] [Gemm] output_shape : [1024, 232]
[2026-05-25 04:19:46.168] [info] [GEMM] spad_size: 33554432 accum_size: 4194304
[2026-05-25 04:19:46.168] [info] [GEMM] required_sram_size: 524288 required_accum_size: 131072
[2026-05-25 04:19:46.168] [info] [GEMM] Used mapping: Total N:1024 C:512 M:232 | Outer N:4 C:1 M:1 | Inner N:256 C:512 M:256
[2026-05-25 04:19:46.176] [info] [GemmWs] Keys K = 512, N = 1024, M = 232
[2026-05-25 04:19:46.176] [info] [GemmWS]: total 0.24350719 GFLOPs, 0.001761744 GB
[2026-05-25 04:19:46.176] [info] [GemmWS]: Theoretical time(ms): 0.0028692900286841905 Compute time: 0.0018578124354462489 Memory time: 0.0028692900286841905
[2026-05-25 04:19:46.176] [info] [SkipLayerNorm] tokens_per_tile: 128
[2026-05-25 04:19:46.179] [debug] runnable op, 
[2026-05-25 04:19:46.179] [info]  Model initialization time: 0.167210 seconds
[2026-05-25 04:19:46.179] [info] Schedule model: tiny_transformer at 1000 us
[2026-05-25 04:19:46.179] [info] MODEL tiny_transformer Scheduled, Total Request: 1
[2026-05-25 04:19:46.179] [info] executable layer count 1
[2026-05-25 04:19:46.179] [info] Start layer layer0.attn.QKVgen
[2026-05-25 04:19:46.179] [debug] Layer layer0.attn.QKVgen Core 0 Get Tile at 0
[2026-05-25 04:19:46.179] [debug] Layer layer0.attn.QKVgen Core 1 Get Tile at 0
[2026-05-25 04:19:46.179] [debug] Layer layer0.attn.QKVgen Core 2 Get Tile at 0
[2026-05-25 04:19:46.179] [debug] Layer layer0.attn.QKVgen Core 3 Get Tile at 0
[2026-05-25 04:19:46.179] [info] HBM2-CH_0: BW utilization 0% (0 reads, 0 writes)
[2026-05-25 04:19:46.179] [debug] HBM2-CH_1: BW utilization 0% (0 reads, 0 writes)
[2026-05-25 04:19:46.179] [debug] HBM2-CH_2: BW utilization 0% (0 reads, 0 writes)
[2026-05-25 04:19:46.179] [debug] HBM2-CH_3: BW utilization 0% (0 reads, 0 writes)
[2026-05-25 04:19:46.179] [debug] HBM2-CH_4: BW utilization 0% (0 reads, 0 writes)
[2026-05-25 04:19:46.179] [debug] HBM2-CH_5: BW utilization 0% (0 reads, 0 writes)
[2026-05-25 04:19:46.179] [debug] HBM2-CH_6: BW utilization 0% (0 reads, 0 writes)
[2026-05-25 04:19:46.179] [debug] HBM2-CH_7: BW utilization 0% (0 reads, 0 writes)
[2026-05-25 04:19:46.179] [debug] HBM2-CH_8: BW utilization 0% (0 reads, 0 writes)
[2026-05-25 04:19:46.179] [debug] HBM2-CH_9: BW utilization 0% (0 reads, 0 writes)
[2026-05-25 04:19:46.179] [debug] HBM2-CH_10: BW utilization 0% (0 reads, 0 writes)
[2026-05-25 04:19:46.179] [debug] HBM2-CH_11: BW utilization 0% (0 reads, 0 writes)
[2026-05-25 04:19:46.179] [debug] HBM2-CH_12: BW utilization 0% (0 reads, 0 writes)
[2026-05-25 04:19:46.179] [debug] HBM2-CH_13: BW utilization 0% (0 reads, 0 writes)
[2026-05-25 04:19:46.179] [debug] HBM2-CH_14: BW utilization 0% (0 reads, 0 writes)
[2026-05-25 04:19:46.179] [debug] HBM2-CH_15: BW utilization 0% (0 reads, 0 writes)
[2026-05-25 04:19:46.455] [info] Core [0] : MatMul active cycle 0 Vector active cycle 0 
[2026-05-25 04:19:46.455] [info] Core [0] : issued tile 1 
[2026-05-25 04:19:46.455] [info] Core [0] : Memory unit idle cycle 251 Systolic bubble cycle 0 Core idle cycle 0 
[2026-05-25 04:19:46.455] [info] Core [0] : PE Utilization(%) 0.00, Systolic Bubble(%) 0.00, Vector Unit Utilization(%) 0.00, Total cycle: 1000
[2026-05-25 04:19:46.455] [debug] Core [1] : MatMul active cycle 0 Vector active cycle 0 
[2026-05-25 04:19:46.455] [debug] Core [1] : issued tile 1 
[2026-05-25 04:19:46.455] [debug] Core [1] : Memory unit idle cycle 186 Systolic bubble cycle 0 Core idle cycle 0 
[2026-05-25 04:19:46.455] [debug] Core [1] : PE Utilization(%) 0.00, Systolic Bubble(%) 0.00, Vector Unit Utilization(%) 0.00, Total cycle: 1000
[2026-05-25 04:19:46.455] [debug] Core [2] : MatMul active cycle 0 Vector active cycle 0 
[2026-05-25 04:19:46.455] [debug] Core [2] : issued tile 1 
[2026-05-25 04:19:46.455] [debug] Core [2] : Memory unit idle cycle 251 Systolic bubble cycle 0 Core idle cycle 0 
[2026-05-25 04:19:46.455] [debug] Core [2] : PE Utilization(%) 0.00, Systolic Bubble(%) 0.00, Vector Unit Utilization(%) 0.00, Total cycle: 1000
[2026-05-25 04:19:46.455] [debug] Core [3] : MatMul active cycle 0 Vector active cycle 0 
[2026-05-25 04:19:46.455] [debug] Core [3] : issued tile 1 
[2026-05-25 04:19:46.455] [debug] Core [3] : Memory unit idle cycle 185 Systolic bubble cycle 0 Core idle cycle 0 
[2026-05-25 04:19:46.455] [debug] Core [3] : PE Utilization(%) 0.00, Systolic Bubble(%) 0.00, Vector Unit Utilization(%) 0.00, Total cycle: 1000
[2026-05-25 04:19:46.730] [info] Core [0] : MatMul active cycle 644 Vector active cycle 0 
[2026-05-25 04:19:46.730] [info] Core [0] : issued tile 1 
[2026-05-25 04:19:46.730] [info] Core [0] : Memory unit idle cycle 1000 Systolic bubble cycle 0 Core idle cycle 0 
[2026-05-25 04:19:46.730] [info] Core [0] : PE Utilization(%) 38.90, Systolic Bubble(%) 0.00, Vector Unit Utilization(%) 0.00, Total cycle: 2000
[2026-05-25 04:19:46.730] [debug] Core [1] : MatMul active cycle 677 Vector active cycle 0 
[2026-05-25 04:19:46.730] [debug] Core [1] : issued tile 1 
[2026-05-25 04:19:46.730] [debug] Core [1] : Memory unit idle cycle 1000 Systolic bubble cycle 0 Core idle cycle 0 
[2026-05-25 04:19:46.730] [debug] Core [1] : PE Utilization(%) 42.20, Systolic Bubble(%) 0.00, Vector Unit Utilization(%) 0.00, Total cycle: 2000
[2026-05-25 04:19:46.730] [debug] Core [2] : MatMul active cycle 695 Vector active cycle 0 
[2026-05-25 04:19:46.730] [debug] Core [2] : issued tile 1 
[2026-05-25 04:19:46.730] [debug] Core [2] : Memory unit idle cycle 1000 Systolic bubble cycle 0 Core idle cycle 0 
[2026-05-25 04:19:46.730] [debug] Core [2] : PE Utilization(%) 44.00, Systolic Bubble(%) 0.00, Vector Unit Utilization(%) 0.00, Total cycle: 2000
[2026-05-25 04:19:46.730] [debug] Core [3] : MatMul active cycle 726 Vector active cycle 0 
[2026-05-25 04:19:46.730] [debug] Core [3] : issued tile 1 
[2026-05-25 04:19:46.730] [debug] Core [3] : Memory unit idle cycle 1000 Systolic bubble cycle 0 Core idle cycle 0 
[2026-05-25 04:19:46.730] [debug] Core [3] : PE Utilization(%) 47.10, Systolic Bubble(%) 0.00, Vector Unit Utilization(%) 0.00, Total cycle: 2000
[2026-05-25 04:19:47.024] [info] Core [0] : MatMul active cycle 996 Vector active cycle 0 
[2026-05-25 04:19:47.024] [info] Core [0] : issued tile 1 
[2026-05-25 04:19:47.024] [info] Core [0] : Memory unit idle cycle 1000 Systolic bubble cycle 0 Core idle cycle 0 
[2026-05-25 04:19:47.024] [info] Core [0] : PE Utilization(%) 74.10, Systolic Bubble(%) 0.00, Vector Unit Utilization(%) 0.00, Total cycle: 3000
[2026-05-25 04:19:47.024] [debug] Core [1] : MatMul active cycle 940 Vector active cycle 0 
[2026-05-25 04:19:47.024] [debug] Core [1] : issued tile 1 
[2026-05-25 04:19:47.024] [debug] Core [1] : Memory unit idle cycle 1000 Systolic bubble cycle 0 Core idle cycle 0 
[2026-05-25 04:19:47.024] [debug] Core [1] : PE Utilization(%) 68.50, Systolic Bubble(%) 0.00, Vector Unit Utilization(%) 0.00, Total cycle: 3000
[2026-05-25 04:19:47.024] [debug] Core [2] : MatMul active cycle 837 Vector active cycle 0 
[2026-05-25 04:19:47.024] [debug] Core [2] : issued tile 1 
[2026-05-25 04:19:47.024] [debug] Core [2] : Memory unit idle cycle 1000 Systolic bubble cycle 0 Core idle cycle 0 
[2026-05-25 04:19:47.024] [debug] Core [2] : PE Utilization(%) 58.20, Systolic Bubble(%) 0.00, Vector Unit Utilization(%) 0.00, Total cycle: 3000
[2026-05-25 04:19:47.024] [debug] Core [3] : MatMul active cycle 937 Vector active cycle 0 
[2026-05-25 04:19:47.024] [debug] Core [3] : issued tile 1 
[2026-05-25 04:19:47.024] [debug] Core [3] : Memory unit idle cycle 1000 Systolic bubble cycle 0 Core idle cycle 0 
[2026-05-25 04:19:47.024] [debug] Core [3] : PE Utilization(%) 68.20, Systolic Bubble(%) 0.00, Vector Unit Utilization(%) 0.00, Total cycle: 3000
[2026-05-25 04:19:47.257] [info] Core [0] : MatMul active cycle 1000 Vector active cycle 0 
[2026-05-25 04:19:47.257] [info] Core [0] : issued tile 1 
[2026-05-25 04:19:47.257] [info] Core [0] : Memory unit idle cycle 726 Systolic bubble cycle 0 Core idle cycle 0 
[2026-05-25 04:19:47.257] [info] Core [0] : PE Utilization(%) 100.00, Systolic Bubble(%) 0.00, Vector Unit Utilization(%) 0.00, Total cycle: 4000
[2026-05-25 04:19:47.257] [debug] Core [1] : MatMul active cycle 1000 Vector active cycle 0 
[2026-05-25 04:19:47.257] [debug] Core [1] : issued tile 1 
[2026-05-25 04:19:47.257] [debug] Core [1] : Memory unit idle cycle 681 Systolic bubble cycle 0 Core idle cycle 0 
[2026-05-25 04:19:47.257] [debug] Core [1] : PE Utilization(%) 100.00, Systolic Bubble(%) 0.00, Vector Unit Utilization(%) 0.00, Total cycle: 4000
[2026-05-25 04:19:47.257] [debug] Core [2] : MatMul active cycle 1000 Vector active cycle 0 
[2026-05-25 04:19:47.257] [debug] Core [2] : issued tile 1 
[2026-05-25 04:19:47.257] [debug] Core [2] : Memory unit idle cycle 719 Systolic bubble cycle 0 Core idle cycle 0 
[2026-05-25 04:19:47.257] [debug] Core [2] : PE Utilization(%) 100.00, Systolic Bubble(%) 0.00, Vector Unit Utilization(%) 0.00, Total cycle: 4000
[2026-05-25 04:19:47.257] [debug] Core [3] : MatMul active cycle 1000 Vector active cycle 0 
[2026-05-25 04:19:47.257] [debug] Core [3] : issued tile 1 
[2026-05-25 04:19:47.257] [debug] Core [3] : Memory unit idle cycle 744 Systolic bubble cycle 0 Core idle cycle 0 
[2026-05-25 04:19:47.257] [debug] Core [3] : PE Utilization(%) 100.00, Systolic Bubble(%) 0.00, Vector Unit Utilization(%) 0.00, Total cycle: 4000
[2026-05-25 04:19:47.541] [info] Core [0] : MatMul active cycle 1000 Vector active cycle 0 
[2026-05-25 04:19:47.541] [info] Core [0] : issued tile 1 
[2026-05-25 04:19:47.541] [info] Core [0] : Memory unit idle cycle 762 Systolic bubble cycle 2313216 Core idle cycle 0 
[2026-05-25 04:19:47.541] [info] Core [0] : PE Utilization(%) 85.88, Systolic Bubble(%) 14.12, Vector Unit Utilization(%) 0.00, Total cycle: 5000
[2026-05-25 04:19:47.541] [debug] Core [1] : MatMul active cycle 1000 Vector active cycle 0 
[2026-05-25 04:19:47.541] [debug] Core [1] : issued tile 1 
[2026-05-25 04:19:47.541] [debug] Core [1] : Memory unit idle cycle 768 Systolic bubble cycle 0 Core idle cycle 0 
[2026-05-25 04:19:47.541] [debug] Core [1] : PE Utilization(%) 100.00, Systolic Bubble(%) 0.00, Vector Unit Utilization(%) 0.00, Total cycle: 5000
[2026-05-25 04:19:47.541] [debug] Core [2] : MatMul active cycle 1000 Vector active cycle 0 
[2026-05-25 04:19:47.541] [debug] Core [2] : issued tile 1 
[2026-05-25 04:19:47.541] [debug] Core [2] : Memory unit idle cycle 768 Systolic bubble cycle 2377728 Core idle cycle 0 
[2026-05-25 04:19:47.541] [debug] Core [2] : PE Utilization(%) 85.49, Systolic Bubble(%) 14.51, Vector Unit Utilization(%) 0.00, Total cycle: 5000
[2026-05-25 04:19:47.541] [debug] Core [3] : MatMul active cycle 1000 Vector active cycle 0 
[2026-05-25 04:19:47.541] [debug] Core [3] : issued tile 1 
[2026-05-25 04:19:47.541] [debug] Core [3] : Memory unit idle cycle 744 Systolic bubble cycle 0 Core idle cycle 0 
[2026-05-25 04:19:47.541] [debug] Core [3] : PE Utilization(%) 100.00, Systolic Bubble(%) 0.00, Vector Unit Utilization(%) 0.00, Total cycle: 5000
[2026-05-25 04:19:47.747] [debug] Layer 18 Core 1 Finish Tile at 5730 Remain tile 4
[2026-05-25 04:19:47.758] [debug] Layer 18 Core 2 Finish Tile at 5768 Remain tile 3
[2026-05-25 04:19:47.760] [debug] Layer 18 Core 0 Finish Tile at 5775 Remain tile 2
[2026-05-25 04:19:47.774] [debug] Layer 18 Core 3 Finish Tile at 5827 Remain tile 1
[2026-05-25 04:19:47.774] [info] Layer layer0.attn.QKVgen finish at 5827
[2026-05-25 04:19:47.774] [info] Total compute time 5827
[2026-05-25 04:19:47.774] [info] executable layer count 1
[2026-05-25 04:19:47.774] [info] Start layer layer0.attn.KVccat
[2026-05-25 04:19:47.775] [debug] Layer layer0.attn.KVccat Core 0 Get Tile at 5828
[2026-05-25 04:19:47.775] [debug] Layer 20 Core 0 Finish Tile at 5829 Remain tile 1
[2026-05-25 04:19:47.775] [info] Layer layer0.attn.KVccat finish at 5829
[2026-05-25 04:19:47.775] [info] Total compute time 2
[2026-05-25 04:19:47.775] [info] executable layer count 1
[2026-05-25 04:19:47.775] [info] Start layer layer0.attn.Attention.0
[2026-05-25 04:19:47.775] [debug] Layer layer0.attn.Attention.0 Core 0 Get Tile at 5829
[2026-05-25 04:19:47.775] [debug] Layer layer0.attn.Attention.0 Core 1 Get Tile at 5829
[2026-05-25 04:19:47.775] [debug] Layer layer0.attn.Attention.0 Core 2 Get Tile at 5829
[2026-05-25 04:19:47.775] [debug] Layer layer0.attn.Attention.0 Core 3 Get Tile at 5829
[2026-05-25 04:19:47.775] [debug] Layer layer0.attn.Attention.0 Core 0 Get Tile at 5830
[2026-05-25 04:19:47.776] [debug] Layer layer0.attn.Attention.0 Core 1 Get Tile at 5830
[2026-05-25 04:19:47.776] [debug] Layer layer0.attn.Attention.0 Core 2 Get Tile at 5830
[2026-05-25 04:19:47.776] [debug] Layer layer0.attn.Attention.0 Core 3 Get Tile at 5830
[2026-05-25 04:19:47.831] [info] Core [0] : MatMul active cycle 773 Vector active cycle 0 
[2026-05-25 04:19:47.831] [info] Core [0] : issued tile 2 
[2026-05-25 04:19:47.831] [info] Core [0] : Memory unit idle cycle 702 Systolic bubble cycle 7123968 Core idle cycle 0 
[2026-05-25 04:19:47.831] [info] Core [0] : PE Utilization(%) 33.82, Systolic Bubble(%) 43.48, Vector Unit Utilization(%) 0.00, Total cycle: 6000
[2026-05-25 04:19:47.831] [debug] Core [1] : MatMul active cycle 728 Vector active cycle 0 
[2026-05-25 04:19:47.831] [debug] Core [1] : issued tile 2 
[2026-05-25 04:19:47.831] [debug] Core [1] : Memory unit idle cycle 613 Systolic bubble cycle 0 Core idle cycle 0 
[2026-05-25 04:19:47.831] [debug] Core [1] : PE Utilization(%) 72.80, Systolic Bubble(%) 0.00, Vector Unit Utilization(%) 0.00, Total cycle: 6000
[2026-05-25 04:19:47.831] [debug] Core [2] : MatMul active cycle 766 Vector active cycle 0 
[2026-05-25 04:19:47.831] [debug] Core [2] : issued tile 2 
[2026-05-25 04:19:47.831] [debug] Core [2] : Memory unit idle cycle 703 Systolic bubble cycle 7059456 Core idle cycle 0 
[2026-05-25 04:19:47.831] [debug] Core [2] : PE Utilization(%) 33.51, Systolic Bubble(%) 43.09, Vector Unit Utilization(%) 0.00, Total cycle: 6000
[2026-05-25 04:19:47.831] [debug] Core [3] : MatMul active cycle 825 Vector active cycle 0 
[2026-05-25 04:19:47.831] [debug] Core [3] : issued tile 2 
[2026-05-25 04:19:47.831] [debug] Core [3] : Memory unit idle cycle 634 Systolic bubble cycle 0 Core idle cycle 0 
[2026-05-25 04:19:47.831] [debug] Core [3] : PE Utilization(%) 82.50, Systolic Bubble(%) 0.00, Vector Unit Utilization(%) 0.00, Total cycle: 6000
[2026-05-25 04:19:48.368] [info] Core [0] : MatMul active cycle 0 Vector active cycle 0 
[2026-05-25 04:19:48.368] [info] Core [0] : issued tile 2 
[2026-05-25 04:19:48.368] [info] Core [0] : Memory unit idle cycle 0 Systolic bubble cycle 0 Core idle cycle 0 
[2026-05-25 04:19:48.368] [info] Core [0] : PE Utilization(%) 0.00, Systolic Bubble(%) 0.00, Vector Unit Utilization(%) 0.00, Total cycle: 7000
[2026-05-25 04:19:48.368] [debug] Core [1] : MatMul active cycle 0 Vector active cycle 0 
[2026-05-25 04:19:48.368] [debug] Core [1] : issued tile 2 
[2026-05-25 04:19:48.368] [debug] Core [1] : Memory unit idle cycle 0 Systolic bubble cycle 0 Core idle cycle 0 
[2026-05-25 04:19:48.368] [debug] Core [1] : PE Utilization(%) 0.00, Systolic Bubble(%) 0.00, Vector Unit Utilization(%) 0.00, Total cycle: 7000
[2026-05-25 04:19:48.368] [debug] Core [2] : MatMul active cycle 0 Vector active cycle 0 
[2026-05-25 04:19:48.368] [debug] Core [2] : issued tile 2 
[2026-05-25 04:19:48.368] [debug] Core [2] : Memory unit idle cycle 0 Systolic bubble cycle 0 Core idle cycle 0 
[2026-05-25 04:19:48.368] [debug] Core [2] : PE Utilization(%) 0.00, Systolic Bubble(%) 0.00, Vector Unit Utilization(%) 0.00, Total cycle: 7000
[2026-05-25 04:19:48.368] [debug] Core [3] : MatMul active cycle 0 Vector active cycle 0 
[2026-05-25 04:19:48.368] [debug] Core [3] : issued tile 2 
[2026-05-25 04:19:48.368] [debug] Core [3] : Memory unit idle cycle 0 Systolic bubble cycle 0 Core idle cycle 0 
[2026-05-25 04:19:48.368] [debug] Core [3] : PE Utilization(%) 0.00, Systolic Bubble(%) 0.00, Vector Unit Utilization(%) 0.00, Total cycle: 7000
[2026-05-25 04:19:49.055] [info] HBM2-CH_0: BW utilization 63% (4112 reads, 1952 writes)
[2026-05-25 04:19:49.055] [debug] HBM2-CH_1: BW utilization 63% (4093 reads, 1977 writes)
[2026-05-25 04:19:49.055] [debug] HBM2-CH_2: BW utilization 62% (4026 reads, 1978 writes)
[2026-05-25 04:19:49.055] [debug] HBM2-CH_3: BW utilization 63% (4103 reads, 1966 writes)
[2026-05-25 04:19:49.055] [debug] HBM2-CH_4: BW utilization 62% (3980 reads, 1992 writes)
[2026-05-25 04:19:49.055] [debug] HBM2-CH_5: BW utilization 62% (4078 reads, 1965 writes)
[2026-05-25 04:19:49.055] [debug] HBM2-CH_6: BW utilization 62% (3973 reads, 1992 writes)
[2026-05-25 04:19:49.055] [debug] HBM2-CH_7: BW utilization 63% (4138 reads, 1948 writes)
[2026-05-25 04:19:49.055] [debug] HBM2-CH_8: BW utilization 63% (4084 reads, 1991 writes)
[2026-05-25 04:19:49.055] [debug] HBM2-CH_9: BW utilization 63% (4126 reads, 1948 writes)
[2026-05-25 04:19:49.055] [debug] HBM2-CH_10: BW utilization 62% (4074 reads, 1961 writes)
[2026-05-25 04:19:49.055] [debug] HBM2-CH_11: BW utilization 62% (3989 reads, 1999 writes)
[2026-05-25 04:19:49.055] [debug] HBM2-CH_12: BW utilization 62% (3973 reads, 1998 writes)
[2026-05-25 04:19:49.055] [debug] HBM2-CH_13: BW utilization 62% (4137 reads, 1910 writes)
[2026-05-25 04:19:49.055] [debug] HBM2-CH_14: BW utilization 63% (4130 reads, 1956 writes)
[2026-05-25 04:19:49.055] [debug] HBM2-CH_15: BW utilization 62% (4075 reads, 1959 writes)
[2026-05-25 04:19:49.056] [info] Core [0] : MatMul active cycle 0 Vector active cycle 0 
[2026-05-25 04:19:49.056] [info] Core [0] : issued tile 2 
[2026-05-25 04:19:49.056] [info] Core [0] : Memory unit idle cycle 0 Systolic bubble cycle 0 Core idle cycle 0 
[2026-05-25 04:19:49.056] [info] Core [0] : PE Utilization(%) 0.00, Systolic Bubble(%) 0.00, Vector Unit Utilization(%) 0.00, Total cycle: 8000
[2026-05-25 04:19:49.056] [debug] Core [1] : MatMul active cycle 0 Vector active cycle 0 
[2026-05-25 04:19:49.056] [debug] Core [1] : issued tile 2 
[2026-05-25 04:19:49.056] [debug] Core [1] : Memory unit idle cycle 0 Systolic bubble cycle 0 Core idle cycle 0 
[2026-05-25 04:19:49.056] [debug] Core [1] : PE Utilization(%) 0.00, Systolic Bubble(%) 0.00, Vector Unit Utilization(%) 0.00, Total cycle: 8000
[2026-05-25 04:19:49.056] [debug] Core [2] : MatMul active cycle 0 Vector active cycle 0 
[2026-05-25 04:19:49.056] [debug] Core [2] : issued tile 2 
[2026-05-25 04:19:49.056] [debug] Core [2] : Memory unit idle cycle 0 Systolic bubble cycle 0 Core idle cycle 0 
[2026-05-25 04:19:49.056] [debug] Core [2] : PE Utilization(%) 0.00, Systolic Bubble(%) 0.00, Vector Unit Utilization(%) 0.00, Total cycle: 8000
[2026-05-25 04:19:49.056] [debug] Core [3] : MatMul active cycle 0 Vector active cycle 0 
[2026-05-25 04:19:49.056] [debug] Core [3] : issued tile 2 
[2026-05-25 04:19:49.056] [debug] Core [3] : Memory unit idle cycle 0 Systolic bubble cycle 0 Core idle cycle 0 
[2026-05-25 04:19:49.056] [debug] Core [3] : PE Utilization(%) 0.00, Systolic Bubble(%) 0.00, Vector Unit Utilization(%) 0.00, Total cycle: 8000
[2026-05-25 04:19:49.742] [info] Core [0] : MatMul active cycle 0 Vector active cycle 0 
[2026-05-25 04:19:49.742] [info] Core [0] : issued tile 2 
[2026-05-25 04:19:49.742] [info] Core [0] : Memory unit idle cycle 0 Systolic bubble cycle 0 Core idle cycle 0 
[2026-05-25 04:19:49.742] [info] Core [0] : PE Utilization(%) 0.00, Systolic Bubble(%) 0.00, Vector Unit Utilization(%) 0.00, Total cycle: 9000
[2026-05-25 04:19:49.742] [debug] Core [1] : MatMul active cycle 0 Vector active cycle 0 
[2026-05-25 04:19:49.742] [debug] Core [1] : issued tile 2 
[2026-05-25 04:19:49.742] [debug] Core [1] : Memory unit idle cycle 0 Systolic bubble cycle 0 Core idle cycle 0 
[2026-05-25 04:19:49.742] [debug] Core [1] : PE Utilization(%) 0.00, Systolic Bubble(%) 0.00, Vector Unit Utilization(%) 0.00, Total cycle: 9000
[2026-05-25 04:19:49.742] [debug] Core [2] : MatMul active cycle 0 Vector active cycle 0 
[2026-05-25 04:19:49.742] [debug] Core [2] : issued tile 2 
[2026-05-25 04:19:49.742] [debug] Core [2] : Memory unit idle cycle 0 Systolic bubble cycle 0 Core idle cycle 0 
[2026-05-25 04:19:49.742] [debug] Core [2] : PE Utilization(%) 0.00, Systolic Bubble(%) 0.00, Vector Unit Utilization(%) 0.00, Total cycle: 9000
[2026-05-25 04:19:49.742] [debug] Core [3] : MatMul active cycle 0 Vector active cycle 0 
[2026-05-25 04:19:49.742] [debug] Core [3] : issued tile 2 
[2026-05-25 04:19:49.742] [debug] Core [3] : Memory unit idle cycle 0 Systolic bubble cycle 0 Core idle cycle 0 
[2026-05-25 04:19:49.742] [debug] Core [3] : PE Utilization(%) 0.00, Systolic Bubble(%) 0.00, Vector Unit Utilization(%) 0.00, Total cycle: 9000
[2026-05-25 04:19:50.421] [info] Core [0] : MatMul active cycle 0 Vector active cycle 0 
[2026-05-25 04:19:50.421] [info] Core [0] : issued tile 2 
[2026-05-25 04:19:50.421] [info] Core [0] : Memory unit idle cycle 0 Systolic bubble cycle 0 Core idle cycle 0 
[2026-05-25 04:19:50.421] [info] Core [0] : PE Utilization(%) 0.00, Systolic Bubble(%) 0.00, Vector Unit Utilization(%) 0.00, Total cycle: 10000
[2026-05-25 04:19:50.421] [debug] Core [1] : MatMul active cycle 0 Vector active cycle 0 
[2026-05-25 04:19:50.421] [debug] Core [1] : issued tile 2 
[2026-05-25 04:19:50.421] [debug] Core [1] : Memory unit idle cycle 0 Systolic bubble cycle 0 Core idle cycle 0 
[2026-05-25 04:19:50.421] [debug] Core [1] : PE Utilization(%) 0.00, Systolic Bubble(%) 0.00, Vector Unit Utilization(%) 0.00, Total cycle: 10000
[2026-05-25 04:19:50.421] [debug] Core [2] : MatMul active cycle 0 Vector active cycle 0 
[2026-05-25 04:19:50.421] [debug] Core [2] : issued tile 2 
[2026-05-25 04:19:50.421] [debug] Core [2] : Memory unit idle cycle 0 Systolic bubble cycle 0 Core idle cycle 0 
[2026-05-25 04:19:50.421] [debug] Core [2] : PE Utilization(%) 0.00, Systolic Bubble(%) 0.00, Vector Unit Utilization(%) 0.00, Total cycle: 10000
[2026-05-25 04:19:50.421] [debug] Core [3] : MatMul active cycle 0 Vector active cycle 0 
[2026-05-25 04:19:50.421] [debug] Core [3] : issued tile 2 
[2026-05-25 04:19:50.421] [debug] Core [3] : Memory unit idle cycle 0 Systolic bubble cycle 0 Core idle cycle 0 
[2026-05-25 04:19:50.421] [debug] Core [3] : PE Utilization(%) 0.00, Systolic Bubble(%) 0.00, Vector Unit Utilization(%) 0.00, Total cycle: 10000
[2026-05-25 04:19:51.133] [info] Core [0] : MatMul active cycle 0 Vector active cycle 0 
[2026-05-25 04:19:51.133] [info] Core [0] : issued tile 2 
[2026-05-25 04:19:51.133] [info] Core [0] : Memory unit idle cycle 0 Systolic bubble cycle 0 Core idle cycle 0 
[2026-05-25 04:19:51.133] [info] Core [0] : PE Utilization(%) 0.00, Systolic Bubble(%) 0.00, Vector Unit Utilization(%) 0.00, Total cycle: 11000
[2026-05-25 04:19:51.133] [debug] Core [1] : MatMul active cycle 0 Vector active cycle 0 
[2026-05-25 04:19:51.133] [debug] Core [1] : issued tile 2 
[2026-05-25 04:19:51.133] [debug] Core [1] : Memory unit idle cycle 0 Systolic bubble cycle 0 Core idle cycle 0 
[2026-05-25 04:19:51.133] [debug] Core [1] : PE Utilization(%) 0.00, Systolic Bubble(%) 0.00, Vector Unit Utilization(%) 0.00, Total cycle: 11000
[2026-05-25 04:19:51.133] [debug] Core [2] : MatMul active cycle 0 Vector active cycle 0 
[2026-05-25 04:19:51.133] [debug] Core [2] : issued tile 2 
[2026-05-25 04:19:51.133] [debug] Core [2] : Memory unit idle cycle 0 Systolic bubble cycle 0 Core idle cycle 0 
[2026-05-25 04:19:51.133] [debug] Core [2] : PE Utilization(%) 0.00, Systolic Bubble(%) 0.00, Vector Unit Utilization(%) 0.00, Total cycle: 11000
[2026-05-25 04:19:51.133] [debug] Core [3] : MatMul active cycle 0 Vector active cycle 0 
[2026-05-25 04:19:51.133] [debug] Core [3] : issued tile 2 
[2026-05-25 04:19:51.133] [debug] Core [3] : Memory unit idle cycle 0 Systolic bubble cycle 0 Core idle cycle 0 
[2026-05-25 04:19:51.133] [debug] Core [3] : PE Utilization(%) 0.00, Systolic Bubble(%) 0.00, Vector Unit Utilization(%) 0.00, Total cycle: 11000
[2026-05-25 04:19:51.813] [info] Core [0] : MatMul active cycle 0 Vector active cycle 0 
[2026-05-25 04:19:51.813] [info] Core [0] : issued tile 2 
[2026-05-25 04:19:51.813] [info] Core [0] : Memory unit idle cycle 215 Systolic bubble cycle 0 Core idle cycle 0 
[2026-05-25 04:19:51.813] [info] Core [0] : PE Utilization(%) 0.00, Systolic Bubble(%) 0.00, Vector Unit Utilization(%) 0.00, Total cycle: 12000
[2026-05-25 04:19:51.813] [debug] Core [1] : MatMul active cycle 0 Vector active cycle 0 
[2026-05-25 04:19:51.813] [debug] Core [1] : issued tile 2 
[2026-05-25 04:19:51.813] [debug] Core [1] : Memory unit idle cycle 0 Systolic bubble cycle 0 Core idle cycle 0 
[2026-05-25 04:19:51.813] [debug] Core [1] : PE Utilization(%) 0.00, Systolic Bubble(%) 0.00, Vector Unit Utilization(%) 0.00, Total cycle: 12000
[2026-05-25 04:19:51.813] [debug] Core [2] : MatMul active cycle 0 Vector active cycle 0 
[2026-05-25 04:19:51.813] [debug] Core [2] : issued tile 2 
[2026-05-25 04:19:51.813] [debug] Core [2] : Memory unit idle cycle 0 Systolic bubble cycle 0 Core idle cycle 0 
[2026-05-25 04:19:51.813] [debug] Core [2] : PE Utilization(%) 0.00, Systolic Bubble(%) 0.00, Vector Unit Utilization(%) 0.00, Total cycle: 12000
[2026-05-25 04:19:51.813] [debug] Core [3] : MatMul active cycle 0 Vector active cycle 0 
[2026-05-25 04:19:51.813] [debug] Core [3] : issued tile 2 
[2026-05-25 04:19:51.813] [debug] Core [3] : Memory unit idle cycle 0 Systolic bubble cycle 0 Core idle cycle 0 
[2026-05-25 04:19:51.813] [debug] Core [3] : PE Utilization(%) 0.00, Systolic Bubble(%) 0.00, Vector Unit Utilization(%) 0.00, Total cycle: 12000
[2026-05-25 04:19:52.373] [info] Core [0] : MatMul active cycle 0 Vector active cycle 0 
[2026-05-25 04:19:52.373] [info] Core [0] : issued tile 2 
[2026-05-25 04:19:52.373] [info] Core [0] : Memory unit idle cycle 1000 Systolic bubble cycle 0 Core idle cycle 0 
[2026-05-25 04:19:52.373] [info] Core [0] : PE Utilization(%) 0.00, Systolic Bubble(%) 0.00, Vector Unit Utilization(%) 0.00, Total cycle: 13000
[2026-05-25 04:19:52.373] [debug] Core [1] : MatMul active cycle 0 Vector active cycle 0 
[2026-05-25 04:19:52.373] [debug] Core [1] : issued tile 2 
[2026-05-25 04:19:52.373] [debug] Core [1] : Memory unit idle cycle 0 Systolic bubble cycle 0 Core idle cycle 0 
[2026-05-25 04:19:52.373] [debug] Core [1] : PE Utilization(%) 0.00, Systolic Bubble(%) 0.00, Vector Unit Utilization(%) 0.00, Total cycle: 13000
[2026-05-25 04:19:52.373] [debug] Core [2] : MatMul active cycle 0 Vector active cycle 0 
[2026-05-25 04:19:52.373] [debug] Core [2] : issued tile 2 
[2026-05-25 04:19:52.373] [debug] Core [2] : Memory unit idle cycle 394 Systolic bubble cycle 0 Core idle cycle 0 
[2026-05-25 04:19:52.373] [debug] Core [2] : PE Utilization(%) 0.00, Systolic Bubble(%) 0.00, Vector Unit Utilization(%) 0.00, Total cycle: 13000
[2026-05-25 04:19:52.373] [debug] Core [3] : MatMul active cycle 0 Vector active cycle 0 
[2026-05-25 04:19:52.373] [debug] Core [3] : issued tile 2 
[2026-05-25 04:19:52.373] [debug] Core [3] : Memory unit idle cycle 0 Systolic bubble cycle 0 Core idle cycle 0 
[2026-05-25 04:19:52.373] [debug] Core [3] : PE Utilization(%) 0.00, Systolic Bubble(%) 0.00, Vector Unit Utilization(%) 0.00, Total cycle: 13000
[2026-05-25 04:19:52.808] [info] Core [0] : MatMul active cycle 0 Vector active cycle 0 
[2026-05-25 04:19:52.808] [info] Core [0] : issued tile 2 
[2026-05-25 04:19:52.808] [info] Core [0] : Memory unit idle cycle 1000 Systolic bubble cycle 0 Core idle cycle 0 
[2026-05-25 04:19:52.808] [info] Core [0] : PE Utilization(%) 0.00, Systolic Bubble(%) 0.00, Vector Unit Utilization(%) 0.00, Total cycle: 14000
[2026-05-25 04:19:52.808] [debug] Core [1] : MatMul active cycle 0 Vector active cycle 0 
[2026-05-25 04:19:52.808] [debug] Core [1] : issued tile 2 
[2026-05-25 04:19:52.808] [debug] Core [1] : Memory unit idle cycle 170 Systolic bubble cycle 0 Core idle cycle 0 
[2026-05-25 04:19:52.808] [debug] Core [1] : PE Utilization(%) 0.00, Systolic Bubble(%) 0.00, Vector Unit Utilization(%) 0.00, Total cycle: 14000
[2026-05-25 04:19:52.808] [debug] Core [2] : MatMul active cycle 0 Vector active cycle 0 
[2026-05-25 04:19:52.808] [debug] Core [2] : issued tile 2 
[2026-05-25 04:19:52.808] [debug] Core [2] : Memory unit idle cycle 1000 Systolic bubble cycle 0 Core idle cycle 0 
[2026-05-25 04:19:52.808] [debug] Core [2] : PE Utilization(%) 0.00, Systolic Bubble(%) 0.00, Vector Unit Utilization(%) 0.00, Total cycle: 14000
[2026-05-25 04:19:52.808] [debug] Core [3] : MatMul active cycle 0 Vector active cycle 0 
[2026-05-25 04:19:52.808] [debug] Core [3] : issued tile 2 
[2026-05-25 04:19:52.808] [debug] Core [3] : Memory unit idle cycle 0 Systolic bubble cycle 0 Core idle cycle 0 
[2026-05-25 04:19:52.808] [debug] Core [3] : PE Utilization(%) 0.00, Systolic Bubble(%) 0.00, Vector Unit Utilization(%) 0.00, Total cycle: 14000
[2026-05-25 04:19:53.151] [info] Core [0] : MatMul active cycle 0 Vector active cycle 0 
[2026-05-25 04:19:53.151] [info] Core [0] : issued tile 2 
[2026-05-25 04:19:53.151] [info] Core [0] : Memory unit idle cycle 1000 Systolic bubble cycle 0 Core idle cycle 0 
[2026-05-25 04:19:53.151] [info] Core [0] : PE Utilization(%) 0.00, Systolic Bubble(%) 0.00, Vector Unit Utilization(%) 0.00, Total cycle: 15000
[2026-05-25 04:19:53.151] [debug] Core [1] : MatMul active cycle 0 Vector active cycle 0 
[2026-05-25 04:19:53.151] [debug] Core [1] : issued tile 2 
[2026-05-25 04:19:53.151] [debug] Core [1] : Memory unit idle cycle 1000 Systolic bubble cycle 0 Core idle cycle 0 
[2026-05-25 04:19:53.151] [debug] Core [1] : PE Utilization(%) 0.00, Systolic Bubble(%) 0.00, Vector Unit Utilization(%) 0.00, Total cycle: 15000
[2026-05-25 04:19:53.151] [debug] Core [2] : MatMul active cycle 0 Vector active cycle 0 
[2026-05-25 04:19:53.151] [debug] Core [2] : issued tile 2 
[2026-05-25 04:19:53.151] [debug] Core [2] : Memory unit idle cycle 1000 Systolic bubble cycle 0 Core idle cycle 0 
[2026-05-25 04:19:53.151] [debug] Core [2] : PE Utilization(%) 0.00, Systolic Bubble(%) 0.00, Vector Unit Utilization(%) 0.00, Total cycle: 15000
[2026-05-25 04:19:53.151] [debug] Core [3] : MatMul active cycle 0 Vector active cycle 0 
[2026-05-25 04:19:53.151] [debug] Core [3] : issued tile 2 
[2026-05-25 04:19:53.151] [debug] Core [3] : Memory unit idle cycle 0 Systolic bubble cycle 0 Core idle cycle 0 
[2026-05-25 04:19:53.151] [debug] Core [3] : PE Utilization(%) 0.00, Systolic Bubble(%) 0.00, Vector Unit Utilization(%) 0.00, Total cycle: 15000
[2026-05-25 04:19:53.463] [info] HBM2-CH_0: BW utilization 60% (5704 reads, 121 writes)
[2026-05-25 04:19:53.463] [debug] HBM2-CH_1: BW utilization 61% (5854 reads, 80 writes)
[2026-05-25 04:19:53.463] [debug] HBM2-CH_2: BW utilization 60% (5752 reads, 93 writes)
[2026-05-25 04:19:53.463] [debug] HBM2-CH_3: BW utilization 61% (5784 reads, 82 writes)
[2026-05-25 04:19:53.463] [debug] HBM2-CH_4: BW utilization 61% (5850 reads, 82 writes)
[2026-05-25 04:19:53.463] [debug] HBM2-CH_5: BW utilization 62% (5884 reads, 81 writes)
[2026-05-25 04:19:53.463] [debug] HBM2-CH_6: BW utilization 62% (5973 reads, 42 writes)
[2026-05-25 04:19:53.463] [debug] HBM2-CH_7: BW utilization 61% (5777 reads, 83 writes)
[2026-05-25 04:19:53.463] [debug] HBM2-CH_8: BW utilization 62% (5867 reads, 103 writes)
[2026-05-25 04:19:53.463] [debug] HBM2-CH_9: BW utilization 60% (5667 reads, 121 writes)
[2026-05-25 04:19:53.463] [debug] HBM2-CH_10: BW utilization 60% (5718 reads, 81 writes)
[2026-05-25 04:19:53.463] [debug] HBM2-CH_11: BW utilization 62% (5938 reads, 40 writes)
[2026-05-25 04:19:53.463] [debug] HBM2-CH_12: BW utilization 62% (5997 reads, 40 writes)
[2026-05-25 04:19:53.463] [debug] HBM2-CH_13: BW utilization 62% (5890 reads, 84 writes)
[2026-05-25 04:19:53.463] [debug] HBM2-CH_14: BW utilization 60% (5739 reads, 81 writes)
[2026-05-25 04:19:53.463] [debug] HBM2-CH_15: BW utilization 62% (5861 reads, 93 writes)
[2026-05-25 04:19:53.465] [info] Core [0] : MatMul active cycle 0 Vector active cycle 0 
[2026-05-25 04:19:53.465] [info] Core [0] : issued tile 2 
[2026-05-25 04:19:53.465] [info] Core [0] : Memory unit idle cycle 1000 Systolic bubble cycle 0 Core idle cycle 0 
[2026-05-25 04:19:53.465] [info] Core [0] : PE Utilization(%) 0.00, Systolic Bubble(%) 0.00, Vector Unit Utilization(%) 0.00, Total cycle: 16000
[2026-05-25 04:19:53.465] [debug] Core [1] : MatMul active cycle 0 Vector active cycle 0 
[2026-05-25 04:19:53.465] [debug] Core [1] : issued tile 2 
[2026-05-25 04:19:53.465] [debug] Core [1] : Memory unit idle cycle 1000 Systolic bubble cycle 0 Core idle cycle 0 
[2026-05-25 04:19:53.465] [debug] Core [1] : PE Utilization(%) 0.00, Systolic Bubble(%) 0.00, Vector Unit Utilization(%) 0.00, Total cycle: 16000
[2026-05-25 04:19:53.465] [debug] Core [2] : MatMul active cycle 0 Vector active cycle 0 
[2026-05-25 04:19:53.465] [debug] Core [2] : issued tile 2 
[2026-05-25 04:19:53.465] [debug] Core [2] : Memory unit idle cycle 1000 Systolic bubble cycle 0 Core idle cycle 0 
[2026-05-25 04:19:53.465] [debug] Core [2] : PE Utilization(%) 0.00, Systolic Bubble(%) 0.00, Vector Unit Utilization(%) 0.00, Total cycle: 16000
[2026-05-25 04:19:53.465] [debug] Core [3] : MatMul active cycle 0 Vector active cycle 0 
[2026-05-25 04:19:53.465] [debug] Core [3] : issued tile 2 
[2026-05-25 04:19:53.465] [debug] Core [3] : Memory unit idle cycle 44 Systolic bubble cycle 0 Core idle cycle 0 
[2026-05-25 04:19:53.465] [debug] Core [3] : PE Utilization(%) 0.00, Systolic Bubble(%) 0.00, Vector Unit Utilization(%) 0.00, Total cycle: 16000
[2026-05-25 04:19:53.663] [info] Core [0] : MatMul active cycle 0 Vector active cycle 0 
[2026-05-25 04:19:53.663] [info] Core [0] : issued tile 2 
[2026-05-25 04:19:53.663] [info] Core [0] : Memory unit idle cycle 1000 Systolic bubble cycle 0 Core idle cycle 0 
[2026-05-25 04:19:53.663] [info] Core [0] : PE Utilization(%) 0.00, Systolic Bubble(%) 0.00, Vector Unit Utilization(%) 0.00, Total cycle: 17000
[2026-05-25 04:19:53.663] [debug] Core [1] : MatMul active cycle 0 Vector active cycle 0 
[2026-05-25 04:19:53.663] [debug] Core [1] : issued tile 2 
[2026-05-25 04:19:53.663] [debug] Core [1] : Memory unit idle cycle 1000 Systolic bubble cycle 0 Core idle cycle 0 
[2026-05-25 04:19:53.663] [debug] Core [1] : PE Utilization(%) 0.00, Systolic Bubble(%) 0.00, Vector Unit Utilization(%) 0.00, Total cycle: 17000
[2026-05-25 04:19:53.663] [debug] Core [2] : MatMul active cycle 0 Vector active cycle 0 
[2026-05-25 04:19:53.663] [debug] Core [2] : issued tile 2 
[2026-05-25 04:19:53.663] [debug] Core [2] : Memory unit idle cycle 1000 Systolic bubble cycle 0 Core idle cycle 0 
[2026-05-25 04:19:53.663] [debug] Core [2] : PE Utilization(%) 0.00, Systolic Bubble(%) 0.00, Vector Unit Utilization(%) 0.00, Total cycle: 17000
[2026-05-25 04:19:53.663] [debug] Core [3] : MatMul active cycle 0 Vector active cycle 0 
[2026-05-25 04:19:53.663] [debug] Core [3] : issued tile 2 
[2026-05-25 04:19:53.663] [debug] Core [3] : Memory unit idle cycle 1000 Systolic bubble cycle 0 Core idle cycle 0 
[2026-05-25 04:19:53.663] [debug] Core [3] : PE Utilization(%) 0.00, Systolic Bubble(%) 0.00, Vector Unit Utilization(%) 0.00, Total cycle: 17000
[2026-05-25 04:19:53.794] [info] Core [0] : MatMul active cycle 0 Vector active cycle 0 
[2026-05-25 04:19:53.794] [info] Core [0] : issued tile 2 
[2026-05-25 04:19:53.794] [info] Core [0] : Memory unit idle cycle 1000 Systolic bubble cycle 0 Core idle cycle 0 
[2026-05-25 04:19:53.794] [info] Core [0] : PE Utilization(%) 0.00, Systolic Bubble(%) 0.00, Vector Unit Utilization(%) 0.00, Total cycle: 18000
[2026-05-25 04:19:53.794] [debug] Core [1] : MatMul active cycle 0 Vector active cycle 0 
[2026-05-25 04:19:53.794] [debug] Core [1] : issued tile 2 
[2026-05-25 04:19:53.794] [debug] Core [1] : Memory unit idle cycle 1000 Systolic bubble cycle 0 Core idle cycle 0 
[2026-05-25 04:19:53.794] [debug] Core [1] : PE Utilization(%) 0.00, Systolic Bubble(%) 0.00, Vector Unit Utilization(%) 0.00, Total cycle: 18000
[2026-05-25 04:19:53.794] [debug] Core [2] : MatMul active cycle 18 Vector active cycle 0 
[2026-05-25 04:19:53.794] [debug] Core [2] : issued tile 2 
[2026-05-25 04:19:53.794] [debug] Core [2] : Memory unit idle cycle 1000 Systolic bubble cycle 0 Core idle cycle 0 
[2026-05-25 04:19:53.794] [debug] Core [2] : PE Utilization(%) 0.00, Systolic Bubble(%) 0.00, Vector Unit Utilization(%) 0.00, Total cycle: 18000
[2026-05-25 04:19:53.794] [debug] Core [3] : MatMul active cycle 0 Vector active cycle 0 
[2026-05-25 04:19:53.794] [debug] Core [3] : issued tile 2 
[2026-05-25 04:19:53.794] [debug] Core [3] : Memory unit idle cycle 1000 Systolic bubble cycle 0 Core idle cycle 0 
[2026-05-25 04:19:53.794] [debug] Core [3] : PE Utilization(%) 0.00, Systolic Bubble(%) 0.00, Vector Unit Utilization(%) 0.00, Total cycle: 18000
[2026-05-25 04:19:53.902] [info] Core [0] : MatMul active cycle 756 Vector active cycle 0 
[2026-05-25 04:19:53.902] [info] Core [0] : issued tile 2 
[2026-05-25 04:19:53.902] [info] Core [0] : Memory unit idle cycle 1000 Systolic bubble cycle 0 Core idle cycle 0 
[2026-05-25 04:19:53.902] [info] Core [0] : PE Utilization(%) 50.10, Systolic Bubble(%) 0.00, Vector Unit Utilization(%) 0.00, Total cycle: 19000
[2026-05-25 04:19:53.902] [debug] Core [1] : MatMul active cycle 995 Vector active cycle 0 
[2026-05-25 04:19:53.902] [debug] Core [1] : issued tile 2 
[2026-05-25 04:19:53.902] [debug] Core [1] : Memory unit idle cycle 1000 Systolic bubble cycle 0 Core idle cycle 0 
[2026-05-25 04:19:53.902] [debug] Core [1] : PE Utilization(%) 74.00, Systolic Bubble(%) 0.00, Vector Unit Utilization(%) 0.00, Total cycle: 19000
[2026-05-25 04:19:53.902] [debug] Core [2] : MatMul active cycle 1000 Vector active cycle 0 
[2026-05-25 04:19:53.902] [debug] Core [2] : issued tile 2 
[2026-05-25 04:19:53.902] [debug] Core [2] : Memory unit idle cycle 1000 Systolic bubble cycle 0 Core idle cycle 0 
[2026-05-25 04:19:53.902] [debug] Core [2] : PE Utilization(%) 76.30, Systolic Bubble(%) 0.00, Vector Unit Utilization(%) 0.00, Total cycle: 19000
[2026-05-25 04:19:53.902] [debug] Core [3] : MatMul active cycle 755 Vector active cycle 0 
[2026-05-25 04:19:53.902] [debug] Core [3] : issued tile 2 
[2026-05-25 04:19:53.902] [debug] Core [3] : Memory unit idle cycle 1000 Systolic bubble cycle 0 Core idle cycle 0 
[2026-05-25 04:19:53.902] [debug] Core [3] : PE Utilization(%) 50.00, Systolic Bubble(%) 0.00, Vector Unit Utilization(%) 0.00, Total cycle: 19000
[2026-05-25 04:19:53.959] [info] Core [0] : MatMul active cycle 1000 Vector active cycle 0 
[2026-05-25 04:19:53.959] [info] Core [0] : issued tile 2 
[2026-05-25 04:19:53.959] [info] Core [0] : Memory unit idle cycle 1000 Systolic bubble cycle 0 Core idle cycle 0 
[2026-05-25 04:19:53.959] [info] Core [0] : PE Utilization(%) 100.00, Systolic Bubble(%) 0.00, Vector Unit Utilization(%) 0.00, Total cycle: 20000
[2026-05-25 04:19:53.959] [debug] Core [1] : MatMul active cycle 1000 Vector active cycle 0 
[2026-05-25 04:19:53.959] [debug] Core [1] : issued tile 2 
[2026-05-25 04:19:53.959] [debug] Core [1] : Memory unit idle cycle 1000 Systolic bubble cycle 0 Core idle cycle 0 
[2026-05-25 04:19:53.959] [debug] Core [1] : PE Utilization(%) 100.00, Systolic Bubble(%) 0.00, Vector Unit Utilization(%) 0.00, Total cycle: 20000
[2026-05-25 04:19:53.959] [debug] Core [2] : MatMul active cycle 1000 Vector active cycle 0 
[2026-05-25 04:19:53.959] [debug] Core [2] : issued tile 2 
[2026-05-25 04:19:53.959] [debug] Core [2] : Memory unit idle cycle 1000 Systolic bubble cycle 0 Core idle cycle 0 
[2026-05-25 04:19:53.959] [debug] Core [2] : PE Utilization(%) 100.00, Systolic Bubble(%) 0.00, Vector Unit Utilization(%) 0.00, Total cycle: 20000
[2026-05-25 04:19:53.959] [debug] Core [3] : MatMul active cycle 1000 Vector active cycle 0 
[2026-05-25 04:19:53.959] [debug] Core [3] : issued tile 2 
[2026-05-25 04:19:53.959] [debug] Core [3] : Memory unit idle cycle 1000 Systolic bubble cycle 0 Core idle cycle 0 
[2026-05-25 04:19:53.959] [debug] Core [3] : PE Utilization(%) 100.00, Systolic Bubble(%) 0.00, Vector Unit Utilization(%) 0.00, Total cycle: 20000
[2026-05-25 04:19:53.965] [info] Core [0] : MatMul active cycle 1000 Vector active cycle 0 
[2026-05-25 04:19:53.965] [info] Core [0] : issued tile 2 
[2026-05-25 04:19:53.965] [info] Core [0] : Memory unit idle cycle 1000 Systolic bubble cycle 0 Core idle cycle 0 
[2026-05-25 04:19:53.965] [info] Core [0] : PE Utilization(%) 100.00, Systolic Bubble(%) 0.00, Vector Unit Utilization(%) 0.00, Total cycle: 21000
[2026-05-25 04:19:53.965] [debug] Core [1] : MatMul active cycle 1000 Vector active cycle 0 
[2026-05-25 04:19:53.965] [debug] Core [1] : issued tile 2 
[2026-05-25 04:19:53.965] [debug] Core [1] : Memory unit idle cycle 1000 Systolic bubble cycle 0 Core idle cycle 0 
[2026-05-25 04:19:53.965] [debug] Core [1] : PE Utilization(%) 100.00, Systolic Bubble(%) 0.00, Vector Unit Utilization(%) 0.00, Total cycle: 21000
[2026-05-25 04:19:53.965] [debug] Core [2] : MatMul active cycle 1000 Vector active cycle 0 
[2026-05-25 04:19:53.965] [debug] Core [2] : issued tile 2 
[2026-05-25 04:19:53.965] [debug] Core [2] : Memory unit idle cycle 1000 Systolic bubble cycle 0 Core idle cycle 0 
[2026-05-25 04:19:53.965] [debug] Core [2] : PE Utilization(%) 100.00, Systolic Bubble(%) 0.00, Vector Unit Utilization(%) 0.00, Total cycle: 21000
[2026-05-25 04:19:53.965] [debug] Core [3] : MatMul active cycle 1000 Vector active cycle 0 
[2026-05-25 04:19:53.965] [debug] Core [3] : issued tile 2 
[2026-05-25 04:19:53.965] [debug] Core [3] : Memory unit idle cycle 1000 Systolic bubble cycle 0 Core idle cycle 0 
[2026-05-25 04:19:53.965] [debug] Core [3] : PE Utilization(%) 100.00, Systolic Bubble(%) 0.00, Vector Unit Utilization(%) 0.00, Total cycle: 21000
[2026-05-25 04:19:53.971] [info] Core [0] : MatMul active cycle 1000 Vector active cycle 0 
[2026-05-25 04:19:53.971] [info] Core [0] : issued tile 2 
[2026-05-25 04:19:53.971] [info] Core [0] : Memory unit idle cycle 1000 Systolic bubble cycle 0 Core idle cycle 0 
[2026-05-25 04:19:53.971] [info] Core [0] : PE Utilization(%) 100.00, Systolic Bubble(%) 0.00, Vector Unit Utilization(%) 0.00, Total cycle: 22000
[2026-05-25 04:19:53.971] [debug] Core [1] : MatMul active cycle 1000 Vector active cycle 0 
[2026-05-25 04:19:53.971] [debug] Core [1] : issued tile 2 
[2026-05-25 04:19:53.971] [debug] Core [1] : Memory unit idle cycle 1000 Systolic bubble cycle 0 Core idle cycle 0 
[2026-05-25 04:19:53.971] [debug] Core [1] : PE Utilization(%) 100.00, Systolic Bubble(%) 0.00, Vector Unit Utilization(%) 0.00, Total cycle: 22000
[2026-05-25 04:19:53.971] [debug] Core [2] : MatMul active cycle 1000 Vector active cycle 0 
[2026-05-25 04:19:53.971] [debug] Core [2] : issued tile 2 
[2026-05-25 04:19:53.971] [debug] Core [2] : Memory unit idle cycle 1000 Systolic bubble cycle 0 Core idle cycle 0 
[2026-05-25 04:19:53.971] [debug] Core [2] : PE Utilization(%) 100.00, Systolic Bubble(%) 0.00, Vector Unit Utilization(%) 0.00, Total cycle: 22000
[2026-05-25 04:19:53.971] [debug] Core [3] : MatMul active cycle 1000 Vector active cycle 0 
[2026-05-25 04:19:53.971] [debug] Core [3] : issued tile 2 
[2026-05-25 04:19:53.971] [debug] Core [3] : Memory unit idle cycle 1000 Systolic bubble cycle 0 Core idle cycle 0 
[2026-05-25 04:19:53.971] [debug] Core [3] : PE Utilization(%) 100.00, Systolic Bubble(%) 0.00, Vector Unit Utilization(%) 0.00, Total cycle: 22000
[2026-05-25 04:19:53.977] [info] Core [0] : MatMul active cycle 1000 Vector active cycle 0 
[2026-05-25 04:19:53.977] [info] Core [0] : issued tile 2 
[2026-05-25 04:19:53.977] [info] Core [0] : Memory unit idle cycle 1000 Systolic bubble cycle 0 Core idle cycle 0 
[2026-05-25 04:19:53.977] [info] Core [0] : PE Utilization(%) 100.00, Systolic Bubble(%) 0.00, Vector Unit Utilization(%) 0.00, Total cycle: 23000
[2026-05-25 04:19:53.977] [debug] Core [1] : MatMul active cycle 1000 Vector active cycle 0 
[2026-05-25 04:19:53.977] [debug] Core [1] : issued tile 2 
[2026-05-25 04:19:53.977] [debug] Core [1] : Memory unit idle cycle 1000 Systolic bubble cycle 0 Core idle cycle 0 
[2026-05-25 04:19:53.977] [debug] Core [1] : PE Utilization(%) 100.00, Systolic Bubble(%) 0.00, Vector Unit Utilization(%) 0.00, Total cycle: 23000
[2026-05-25 04:19:53.977] [debug] Core [2] : MatMul active cycle 1000 Vector active cycle 0 
[2026-05-25 04:19:53.977] [debug] Core [2] : issued tile 2 
[2026-05-25 04:19:53.977] [debug] Core [2] : Memory unit idle cycle 1000 Systolic bubble cycle 0 Core idle cycle 0 
[2026-05-25 04:19:53.977] [debug] Core [2] : PE Utilization(%) 100.00, Systolic Bubble(%) 0.00, Vector Unit Utilization(%) 0.00, Total cycle: 23000
[2026-05-25 04:19:53.977] [debug] Core [3] : MatMul active cycle 1000 Vector active cycle 0 
[2026-05-25 04:19:53.977] [debug] Core [3] : issued tile 2 
[2026-05-25 04:19:53.977] [debug] Core [3] : Memory unit idle cycle 1000 Systolic bubble cycle 0 Core idle cycle 0 
[2026-05-25 04:19:53.977] [debug] Core [3] : PE Utilization(%) 100.00, Systolic Bubble(%) 0.00, Vector Unit Utilization(%) 0.00, Total cycle: 23000
[2026-05-25 04:19:53.983] [info] HBM2-CH_0: BW utilization 22% (1428 reads, 755 writes)
[2026-05-25 04:19:53.983] [debug] HBM2-CH_1: BW utilization 21% (1295 reads, 761 writes)
[2026-05-25 04:19:53.983] [debug] HBM2-CH_2: BW utilization 22% (1464 reads, 743 writes)
[2026-05-25 04:19:53.983] [debug] HBM2-CH_3: BW utilization 22% (1357 reads, 770 writes)
[2026-05-25 04:19:53.983] [debug] HBM2-CH_4: BW utilization 22% (1412 reads, 734 writes)
[2026-05-25 04:19:53.983] [debug] HBM2-CH_5: BW utilization 21% (1281 reads, 764 writes)
[2026-05-25 04:19:53.983] [debug] HBM2-CH_6: BW utilization 21% (1297 reads, 773 writes)
[2026-05-25 04:19:53.983] [debug] HBM2-CH_7: BW utilization 22% (1328 reads, 789 writes)
[2026-05-25 04:19:53.983] [debug] HBM2-CH_8: BW utilization 20% (1292 reads, 720 writes)
[2026-05-25 04:19:53.983] [debug] HBM2-CH_9: BW utilization 23% (1451 reads, 759 writes)
[2026-05-25 04:19:53.983] [debug] HBM2-CH_10: BW utilization 23% (1451 reads, 773 writes)
[2026-05-25 04:19:53.983] [debug] HBM2-CH_11: BW utilization 21% (1315 reads, 786 writes)
[2026-05-25 04:19:53.983] [debug] HBM2-CH_12: BW utilization 21% (1273 reads, 774 writes)
[2026-05-25 04:19:53.983] [debug] HBM2-CH_13: BW utilization 21% (1215 reads, 819 writes)
[2026-05-25 04:19:53.983] [debug] HBM2-CH_14: BW utilization 22% (1373 reads, 780 writes)
[2026-05-25 04:19:53.983] [debug] HBM2-CH_15: BW utilization 21% (1308 reads, 757 writes)
[2026-05-25 04:19:53.984] [info] Core [0] : MatMul active cycle 1000 Vector active cycle 0 
[2026-05-25 04:19:53.984] [info] Core [0] : issued tile 2 
[2026-05-25 04:19:53.984] [info] Core [0] : Memory unit idle cycle 1000 Systolic bubble cycle 0 Core idle cycle 0 
[2026-05-25 04:19:53.984] [info] Core [0] : PE Utilization(%) 100.00, Systolic Bubble(%) 0.00, Vector Unit Utilization(%) 0.00, Total cycle: 24000
[2026-05-25 04:19:53.984] [debug] Core [1] : MatMul active cycle 1000 Vector active cycle 0 
[2026-05-25 04:19:53.984] [debug] Core [1] : issued tile 2 
[2026-05-25 04:19:53.984] [debug] Core [1] : Memory unit idle cycle 1000 Systolic bubble cycle 0 Core idle cycle 0 
[2026-05-25 04:19:53.984] [debug] Core [1] : PE Utilization(%) 100.00, Systolic Bubble(%) 0.00, Vector Unit Utilization(%) 0.00, Total cycle: 24000
[2026-05-25 04:19:53.984] [debug] Core [2] : MatMul active cycle 1000 Vector active cycle 0 
[2026-05-25 04:19:53.984] [debug] Core [2] : issued tile 2 
[2026-05-25 04:19:53.984] [debug] Core [2] : Memory unit idle cycle 1000 Systolic bubble cycle 0 Core idle cycle 0 
[2026-05-25 04:19:53.984] [debug] Core [2] : PE Utilization(%) 100.00, Systolic Bubble(%) 0.00, Vector Unit Utilization(%) 0.00, Total cycle: 24000
[2026-05-25 04:19:53.984] [debug] Core [3] : MatMul active cycle 1000 Vector active cycle 0 
[2026-05-25 04:19:53.984] [debug] Core [3] : issued tile 2 
[2026-05-25 04:19:53.984] [debug] Core [3] : Memory unit idle cycle 1000 Systolic bubble cycle 0 Core idle cycle 0 
[2026-05-25 04:19:53.984] [debug] Core [3] : PE Utilization(%) 100.00, Systolic Bubble(%) 0.00, Vector Unit Utilization(%) 0.00, Total cycle: 24000
[2026-05-25 04:19:53.990] [info] Core [0] : MatMul active cycle 1000 Vector active cycle 0 
[2026-05-25 04:19:53.990] [info] Core [0] : issued tile 2 
[2026-05-25 04:19:53.990] [info] Core [0] : Memory unit idle cycle 1000 Systolic bubble cycle 0 Core idle cycle 0 
[2026-05-25 04:19:53.990] [info] Core [0] : PE Utilization(%) 100.00, Systolic Bubble(%) 0.00, Vector Unit Utilization(%) 0.00, Total cycle: 25000
[2026-05-25 04:19:53.990] [debug] Core [1] : MatMul active cycle 1000 Vector active cycle 0 
[2026-05-25 04:19:53.990] [debug] Core [1] : issued tile 2 
[2026-05-25 04:19:53.990] [debug] Core [1] : Memory unit idle cycle 1000 Systolic bubble cycle 0 Core idle cycle 0 
[2026-05-25 04:19:53.990] [debug] Core [1] : PE Utilization(%) 100.00, Systolic Bubble(%) 0.00, Vector Unit Utilization(%) 0.00, Total cycle: 25000
[2026-05-25 04:19:53.990] [debug] Core [2] : MatMul active cycle 1000 Vector active cycle 0 
[2026-05-25 04:19:53.990] [debug] Core [2] : issued tile 2 
[2026-05-25 04:19:53.990] [debug] Core [2] : Memory unit idle cycle 1000 Systolic bubble cycle 0 Core idle cycle 0 
[2026-05-25 04:19:53.990] [debug] Core [2] : PE Utilization(%) 100.00, Systolic Bubble(%) 0.00, Vector Unit Utilization(%) 0.00, Total cycle: 25000
[2026-05-25 04:19:53.990] [debug] Core [3] : MatMul active cycle 1000 Vector active cycle 0 
[2026-05-25 04:19:53.990] [debug] Core [3] : issued tile 2 
[2026-05-25 04:19:53.990] [debug] Core [3] : Memory unit idle cycle 1000 Systolic bubble cycle 0 Core idle cycle 0 
[2026-05-25 04:19:53.990] [debug] Core [3] : PE Utilization(%) 100.00, Systolic Bubble(%) 0.00, Vector Unit Utilization(%) 0.00, Total cycle: 25000
[2026-05-25 04:19:53.996] [info] Core [0] : MatMul active cycle 1000 Vector active cycle 0 
[2026-05-25 04:19:53.996] [info] Core [0] : issued tile 2 
[2026-05-25 04:19:53.996] [info] Core [0] : Memory unit idle cycle 1000 Systolic bubble cycle 0 Core idle cycle 0 
[2026-05-25 04:19:53.996] [info] Core [0] : PE Utilization(%) 100.00, Systolic Bubble(%) 0.00, Vector Unit Utilization(%) 0.00, Total cycle: 26000
[2026-05-25 04:19:53.996] [debug] Core [1] : MatMul active cycle 1000 Vector active cycle 0 
[2026-05-25 04:19:53.996] [debug] Core [1] : issued tile 2 
[2026-05-25 04:19:53.996] [debug] Core [1] : Memory unit idle cycle 1000 Systolic bubble cycle 0 Core idle cycle 0 
[2026-05-25 04:19:53.996] [debug] Core [1] : PE Utilization(%) 100.00, Systolic Bubble(%) 0.00, Vector Unit Utilization(%) 0.00, Total cycle: 26000
[2026-05-25 04:19:53.996] [debug] Core [2] : MatMul active cycle 1000 Vector active cycle 0 
[2026-05-25 04:19:53.996] [debug] Core [2] : issued tile 2 
[2026-05-25 04:19:53.996] [debug] Core [2] : Memory unit idle cycle 1000 Systolic bubble cycle 0 Core idle cycle 0 
[2026-05-25 04:19:53.996] [debug] Core [2] : PE Utilization(%) 100.00, Systolic Bubble(%) 0.00, Vector Unit Utilization(%) 0.00, Total cycle: 26000
[2026-05-25 04:19:53.996] [debug] Core [3] : MatMul active cycle 1000 Vector active cycle 0 
[2026-05-25 04:19:53.996] [debug] Core [3] : issued tile 2 
[2026-05-25 04:19:53.996] [debug] Core [3] : Memory unit idle cycle 1000 Systolic bubble cycle 0 Core idle cycle 0 
[2026-05-25 04:19:53.996] [debug] Core [3] : PE Utilization(%) 100.00, Systolic Bubble(%) 0.00, Vector Unit Utilization(%) 0.00, Total cycle: 26000
[2026-05-25 04:19:54.002] [info] Core [0] : MatMul active cycle 1000 Vector active cycle 140 
[2026-05-25 04:19:54.002] [info] Core [0] : issued tile 2 
[2026-05-25 04:19:54.002] [info] Core [0] : Memory unit idle cycle 1000 Systolic bubble cycle 0 Core idle cycle 0 
[2026-05-25 04:19:54.002] [info] Core [0] : PE Utilization(%) 100.00, Systolic Bubble(%) 0.00, Vector Unit Utilization(%) 14.00, Total cycle: 27000
[2026-05-25 04:19:54.002] [debug] Core [1] : MatMul active cycle 1000 Vector active cycle 618 
[2026-05-25 04:19:54.002] [debug] Core [1] : issued tile 2 
[2026-05-25 04:19:54.002] [debug] Core [1] : Memory unit idle cycle 1000 Systolic bubble cycle 0 Core idle cycle 0 
[2026-05-25 04:19:54.002] [debug] Core [1] : PE Utilization(%) 100.00, Systolic Bubble(%) 0.00, Vector Unit Utilization(%) 61.80, Total cycle: 27000
[2026-05-25 04:19:54.002] [debug] Core [2] : MatMul active cycle 1000 Vector active cycle 664 
[2026-05-25 04:19:54.002] [debug] Core [2] : issued tile 2 
[2026-05-25 04:19:54.002] [debug] Core [2] : Memory unit idle cycle 1000 Systolic bubble cycle 0 Core idle cycle 0 
[2026-05-25 04:19:54.002] [debug] Core [2] : PE Utilization(%) 100.00, Systolic Bubble(%) 0.00, Vector Unit Utilization(%) 66.40, Total cycle: 27000
[2026-05-25 04:19:54.002] [debug] Core [3] : MatMul active cycle 1000 Vector active cycle 138 
[2026-05-25 04:19:54.002] [debug] Core [3] : issued tile 2 
[2026-05-25 04:19:54.002] [debug] Core [3] : Memory unit idle cycle 1000 Systolic bubble cycle 0 Core idle cycle 0 
[2026-05-25 04:19:54.002] [debug] Core [3] : PE Utilization(%) 100.00, Systolic Bubble(%) 0.00, Vector Unit Utilization(%) 13.80, Total cycle: 27000
[2026-05-25 04:19:54.008] [info] Core [0] : MatMul active cycle 1000 Vector active cycle 1996 
[2026-05-25 04:19:54.008] [info] Core [0] : issued tile 2 
[2026-05-25 04:19:54.008] [info] Core [0] : Memory unit idle cycle 1000 Systolic bubble cycle 0 Core idle cycle 0 
[2026-05-25 04:19:54.008] [info] Core [0] : PE Utilization(%) 100.00, Systolic Bubble(%) 0.00, Vector Unit Utilization(%) 199.60, Total cycle: 28000
[2026-05-25 04:19:54.008] [debug] Core [1] : MatMul active cycle 1000 Vector active cycle 1994 
[2026-05-25 04:19:54.008] [debug] Core [1] : issued tile 2 
[2026-05-25 04:19:54.008] [debug] Core [1] : Memory unit idle cycle 1000 Systolic bubble cycle 0 Core idle cycle 0 
[2026-05-25 04:19:54.008] [debug] Core [1] : PE Utilization(%) 100.00, Systolic Bubble(%) 0.00, Vector Unit Utilization(%) 199.40, Total cycle: 28000
[2026-05-25 04:19:54.008] [debug] Core [2] : MatMul active cycle 1000 Vector active cycle 1994 
[2026-05-25 04:19:54.008] [debug] Core [2] : issued tile 2 
[2026-05-25 04:19:54.008] [debug] Core [2] : Memory unit idle cycle 1000 Systolic bubble cycle 0 Core idle cycle 0 
[2026-05-25 04:19:54.008] [debug] Core [2] : PE Utilization(%) 100.00, Systolic Bubble(%) 0.00, Vector Unit Utilization(%) 199.40, Total cycle: 28000
[2026-05-25 04:19:54.008] [debug] Core [3] : MatMul active cycle 1000 Vector active cycle 1996 
[2026-05-25 04:19:54.008] [debug] Core [3] : issued tile 2 
[2026-05-25 04:19:54.008] [debug] Core [3] : Memory unit idle cycle 1000 Systolic bubble cycle 0 Core idle cycle 0 
[2026-05-25 04:19:54.008] [debug] Core [3] : PE Utilization(%) 100.00, Systolic Bubble(%) 0.00, Vector Unit Utilization(%) 199.60, Total cycle: 28000
[2026-05-25 04:19:54.014] [info] Core [0] : MatMul active cycle 1000 Vector active cycle 1996 
[2026-05-25 04:19:54.014] [info] Core [0] : issued tile 2 
[2026-05-25 04:19:54.014] [info] Core [0] : Memory unit idle cycle 1000 Systolic bubble cycle 0 Core idle cycle 0 
[2026-05-25 04:19:54.014] [info] Core [0] : PE Utilization(%) 100.00, Systolic Bubble(%) 0.00, Vector Unit Utilization(%) 199.60, Total cycle: 29000
[2026-05-25 04:19:54.014] [debug] Core [1] : MatMul active cycle 1000 Vector active cycle 1994 
[2026-05-25 04:19:54.014] [debug] Core [1] : issued tile 2 
[2026-05-25 04:19:54.014] [debug] Core [1] : Memory unit idle cycle 1000 Systolic bubble cycle 0 Core idle cycle 0 
[2026-05-25 04:19:54.014] [debug] Core [1] : PE Utilization(%) 100.00, Systolic Bubble(%) 0.00, Vector Unit Utilization(%) 199.40, Total cycle: 29000
[2026-05-25 04:19:54.014] [debug] Core [2] : MatMul active cycle 1000 Vector active cycle 1994 
[2026-05-25 04:19:54.014] [debug] Core [2] : issued tile 2 
[2026-05-25 04:19:54.014] [debug] Core [2] : Memory unit idle cycle 1000 Systolic bubble cycle 0 Core idle cycle 0 
[2026-05-25 04:19:54.014] [debug] Core [2] : PE Utilization(%) 100.00, Systolic Bubble(%) 0.00, Vector Unit Utilization(%) 199.40, Total cycle: 29000
[2026-05-25 04:19:54.014] [debug] Core [3] : MatMul active cycle 1000 Vector active cycle 1996 
[2026-05-25 04:19:54.014] [debug] Core [3] : issued tile 2 
[2026-05-25 04:19:54.014] [debug] Core [3] : Memory unit idle cycle 1000 Systolic bubble cycle 0 Core idle cycle 0 
[2026-05-25 04:19:54.014] [debug] Core [3] : PE Utilization(%) 100.00, Systolic Bubble(%) 0.00, Vector Unit Utilization(%) 199.60, Total cycle: 29000
[2026-05-25 04:19:54.021] [info] Core [0] : MatMul active cycle 1000 Vector active cycle 1494 
[2026-05-25 04:19:54.021] [info] Core [0] : issued tile 2 
[2026-05-25 04:19:54.021] [info] Core [0] : Memory unit idle cycle 1000 Systolic bubble cycle 0 Core idle cycle 0 
[2026-05-25 04:19:54.021] [info] Core [0] : PE Utilization(%) 100.00, Systolic Bubble(%) 0.00, Vector Unit Utilization(%) 149.40, Total cycle: 30000
[2026-05-25 04:19:54.021] [debug] Core [1] : MatMul active cycle 1000 Vector active cycle 1020 
[2026-05-25 04:19:54.021] [debug] Core [1] : issued tile 2 
[2026-05-25 04:19:54.021] [debug] Core [1] : Memory unit idle cycle 1000 Systolic bubble cycle 0 Core idle cycle 0 
[2026-05-25 04:19:54.021] [debug] Core [1] : PE Utilization(%) 100.00, Systolic Bubble(%) 0.00, Vector Unit Utilization(%) 102.00, Total cycle: 30000
[2026-05-25 04:19:54.021] [debug] Core [2] : MatMul active cycle 1000 Vector active cycle 974 
[2026-05-25 04:19:54.021] [debug] Core [2] : issued tile 2 
[2026-05-25 04:19:54.021] [debug] Core [2] : Memory unit idle cycle 1000 Systolic bubble cycle 0 Core idle cycle 0 
[2026-05-25 04:19:54.021] [debug] Core [2] : PE Utilization(%) 100.00, Systolic Bubble(%) 0.00, Vector Unit Utilization(%) 97.40, Total cycle: 30000
[2026-05-25 04:19:54.021] [debug] Core [3] : MatMul active cycle 1000 Vector active cycle 1496 
[2026-05-25 04:19:54.021] [debug] Core [3] : issued tile 2 
[2026-05-25 04:19:54.021] [debug] Core [3] : Memory unit idle cycle 1000 Systolic bubble cycle 0 Core idle cycle 0 
[2026-05-25 04:19:54.021] [debug] Core [3] : PE Utilization(%) 100.00, Systolic Bubble(%) 0.00, Vector Unit Utilization(%) 149.60, Total cycle: 30000
[2026-05-25 04:19:54.027] [info] Core [0] : MatMul active cycle 1000 Vector active cycle 0 
[2026-05-25 04:19:54.027] [info] Core [0] : issued tile 2 
[2026-05-25 04:19:54.027] [info] Core [0] : Memory unit idle cycle 1000 Systolic bubble cycle 0 Core idle cycle 0 
[2026-05-25 04:19:54.027] [info] Core [0] : PE Utilization(%) 100.00, Systolic Bubble(%) 0.00, Vector Unit Utilization(%) 0.00, Total cycle: 31000
[2026-05-25 04:19:54.027] [debug] Core [1] : MatMul active cycle 1000 Vector active cycle 0 
[2026-05-25 04:19:54.027] [debug] Core [1] : issued tile 2 
[2026-05-25 04:19:54.027] [debug] Core [1] : Memory unit idle cycle 1000 Systolic bubble cycle 0 Core idle cycle 0 
[2026-05-25 04:19:54.027] [debug] Core [1] : PE Utilization(%) 100.00, Systolic Bubble(%) 0.00, Vector Unit Utilization(%) 0.00, Total cycle: 31000
[2026-05-25 04:19:54.027] [debug] Core [2] : MatMul active cycle 1000 Vector active cycle 0 
[2026-05-25 04:19:54.027] [debug] Core [2] : issued tile 2 
[2026-05-25 04:19:54.027] [debug] Core [2] : Memory unit idle cycle 1000 Systolic bubble cycle 0 Core idle cycle 0 
[2026-05-25 04:19:54.027] [debug] Core [2] : PE Utilization(%) 100.00, Systolic Bubble(%) 0.00, Vector Unit Utilization(%) 0.00, Total cycle: 31000
[2026-05-25 04:19:54.027] [debug] Core [3] : MatMul active cycle 1000 Vector active cycle 0 
[2026-05-25 04:19:54.027] [debug] Core [3] : issued tile 2 
[2026-05-25 04:19:54.027] [debug] Core [3] : Memory unit idle cycle 1000 Systolic bubble cycle 0 Core idle cycle 0 
[2026-05-25 04:19:54.027] [debug] Core [3] : PE Utilization(%) 100.00, Systolic Bubble(%) 0.00, Vector Unit Utilization(%) 0.00, Total cycle: 31000
[2026-05-25 04:19:54.033] [info] HBM2-CH_0: BW utilization 0% (0 reads, 0 writes)
[2026-05-25 04:19:54.033] [debug] HBM2-CH_1: BW utilization 0% (0 reads, 0 writes)
[2026-05-25 04:19:54.033] [debug] HBM2-CH_2: BW utilization 0% (0 reads, 0 writes)
[2026-05-25 04:19:54.033] [debug] HBM2-CH_3: BW utilization 0% (0 reads, 0 writes)
[2026-05-25 04:19:54.033] [debug] HBM2-CH_4: BW utilization 0% (0 reads, 0 writes)
[2026-05-25 04:19:54.033] [debug] HBM2-CH_5: BW utilization 0% (0 reads, 0 writes)
[2026-05-25 04:19:54.033] [debug] HBM2-CH_6: BW utilization 0% (0 reads, 0 writes)
[2026-05-25 04:19:54.033] [debug] HBM2-CH_7: BW utilization 0% (0 reads, 0 writes)
[2026-05-25 04:19:54.033] [debug] HBM2-CH_8: BW utilization 0% (0 reads, 0 writes)
[2026-05-25 04:19:54.033] [debug] HBM2-CH_9: BW utilization 0% (0 reads, 0 writes)
[2026-05-25 04:19:54.033] [debug] HBM2-CH_10: BW utilization 0% (0 reads, 0 writes)
[2026-05-25 04:19:54.033] [debug] HBM2-CH_11: BW utilization 0% (0 reads, 0 writes)
[2026-05-25 04:19:54.033] [debug] HBM2-CH_12: BW utilization 0% (0 reads, 0 writes)
[2026-05-25 04:19:54.033] [debug] HBM2-CH_13: BW utilization 0% (0 reads, 0 writes)
[2026-05-25 04:19:54.033] [debug] HBM2-CH_14: BW utilization 0% (0 reads, 0 writes)
[2026-05-25 04:19:54.033] [debug] HBM2-CH_15: BW utilization 0% (0 reads, 0 writes)
[2026-05-25 04:19:54.033] [info] Core [0] : MatMul active cycle 1000 Vector active cycle 0 
[2026-05-25 04:19:54.033] [info] Core [0] : issued tile 2 
[2026-05-25 04:19:54.033] [info] Core [0] : Memory unit idle cycle 1000 Systolic bubble cycle 0 Core idle cycle 0 
[2026-05-25 04:19:54.033] [info] Core [0] : PE Utilization(%) 100.00, Systolic Bubble(%) 0.00, Vector Unit Utilization(%) 0.00, Total cycle: 32000
[2026-05-25 04:19:54.033] [debug] Core [1] : MatMul active cycle 1000 Vector active cycle 0 
[2026-05-25 04:19:54.033] [debug] Core [1] : issued tile 2 
[2026-05-25 04:19:54.033] [debug] Core [1] : Memory unit idle cycle 1000 Systolic bubble cycle 0 Core idle cycle 0 
[2026-05-25 04:19:54.033] [debug] Core [1] : PE Utilization(%) 100.00, Systolic Bubble(%) 0.00, Vector Unit Utilization(%) 0.00, Total cycle: 32000
[2026-05-25 04:19:54.033] [debug] Core [2] : MatMul active cycle 1000 Vector active cycle 0 
[2026-05-25 04:19:54.033] [debug] Core [2] : issued tile 2 
[2026-05-25 04:19:54.033] [debug] Core [2] : Memory unit idle cycle 1000 Systolic bubble cycle 0 Core idle cycle 0 
[2026-05-25 04:19:54.033] [debug] Core [2] : PE Utilization(%) 100.00, Systolic Bubble(%) 0.00, Vector Unit Utilization(%) 0.00, Total cycle: 32000
[2026-05-25 04:19:54.033] [debug] Core [3] : MatMul active cycle 1000 Vector active cycle 0 
[2026-05-25 04:19:54.033] [debug] Core [3] : issued tile 2 
[2026-05-25 04:19:54.033] [debug] Core [3] : Memory unit idle cycle 1000 Systolic bubble cycle 0 Core idle cycle 0 
[2026-05-25 04:19:54.033] [debug] Core [3] : PE Utilization(%) 100.00, Systolic Bubble(%) 0.00, Vector Unit Utilization(%) 0.00, Total cycle: 32000
[2026-05-25 04:19:54.039] [info] Core [0] : MatMul active cycle 1000 Vector active cycle 0 
[2026-05-25 04:19:54.039] [info] Core [0] : issued tile 2 
[2026-05-25 04:19:54.039] [info] Core [0] : Memory unit idle cycle 1000 Systolic bubble cycle 0 Core idle cycle 0 
[2026-05-25 04:19:54.039] [info] Core [0] : PE Utilization(%) 100.00, Systolic Bubble(%) 0.00, Vector Unit Utilization(%) 0.00, Total cycle: 33000
[2026-05-25 04:19:54.039] [debug] Core [1] : MatMul active cycle 1000 Vector active cycle 0 
[2026-05-25 04:19:54.039] [debug] Core [1] : issued tile 2 
[2026-05-25 04:19:54.039] [debug] Core [1] : Memory unit idle cycle 1000 Systolic bubble cycle 0 Core idle cycle 0 
[2026-05-25 04:19:54.039] [debug] Core [1] : PE Utilization(%) 100.00, Systolic Bubble(%) 0.00, Vector Unit Utilization(%) 0.00, Total cycle: 33000
[2026-05-25 04:19:54.039] [debug] Core [2] : MatMul active cycle 1000 Vector active cycle 0 
[2026-05-25 04:19:54.039] [debug] Core [2] : issued tile 2 
[2026-05-25 04:19:54.039] [debug] Core [2] : Memory unit idle cycle 1000 Systolic bubble cycle 0 Core idle cycle 0 
[2026-05-25 04:19:54.039] [debug] Core [2] : PE Utilization(%) 100.00, Systolic Bubble(%) 0.00, Vector Unit Utilization(%) 0.00, Total cycle: 33000
[2026-05-25 04:19:54.039] [debug] Core [3] : MatMul active cycle 1000 Vector active cycle 0 
[2026-05-25 04:19:54.039] [debug] Core [3] : issued tile 2 
[2026-05-25 04:19:54.039] [debug] Core [3] : Memory unit idle cycle 1000 Systolic bubble cycle 0 Core idle cycle 0 
[2026-05-25 04:19:54.039] [debug] Core [3] : PE Utilization(%) 100.00, Systolic Bubble(%) 0.00, Vector Unit Utilization(%) 0.00, Total cycle: 33000
[2026-05-25 04:19:54.046] [info] Core [0] : MatMul active cycle 1000 Vector active cycle 0 
[2026-05-25 04:19:54.046] [info] Core [0] : issued tile 2 
[2026-05-25 04:19:54.046] [info] Core [0] : Memory unit idle cycle 1000 Systolic bubble cycle 0 Core idle cycle 0 
[2026-05-25 04:19:54.046] [info] Core [0] : PE Utilization(%) 100.00, Systolic Bubble(%) 0.00, Vector Unit Utilization(%) 0.00, Total cycle: 34000
[2026-05-25 04:19:54.046] [debug] Core [1] : MatMul active cycle 1000 Vector active cycle 0 
[2026-05-25 04:19:54.046] [debug] Core [1] : issued tile 2 
[2026-05-25 04:19:54.046] [debug] Core [1] : Memory unit idle cycle 1000 Systolic bubble cycle 0 Core idle cycle 0 
[2026-05-25 04:19:54.046] [debug] Core [1] : PE Utilization(%) 100.00, Systolic Bubble(%) 0.00, Vector Unit Utilization(%) 0.00, Total cycle: 34000
[2026-05-25 04:19:54.046] [debug] Core [2] : MatMul active cycle 1000 Vector active cycle 0 
[2026-05-25 04:19:54.046] [debug] Core [2] : issued tile 2 
[2026-05-25 04:19:54.046] [debug] Core [2] : Memory unit idle cycle 1000 Systolic bubble cycle 0 Core idle cycle 0 
[2026-05-25 04:19:54.046] [debug] Core [2] : PE Utilization(%) 100.00, Systolic Bubble(%) 0.00, Vector Unit Utilization(%) 0.00, Total cycle: 34000
[2026-05-25 04:19:54.046] [debug] Core [3] : MatMul active cycle 1000 Vector active cycle 0 
[2026-05-25 04:19:54.046] [debug] Core [3] : issued tile 2 
[2026-05-25 04:19:54.046] [debug] Core [3] : Memory unit idle cycle 1000 Systolic bubble cycle 0 Core idle cycle 0 
[2026-05-25 04:19:54.046] [debug] Core [3] : PE Utilization(%) 100.00, Systolic Bubble(%) 0.00, Vector Unit Utilization(%) 0.00, Total cycle: 34000
[2026-05-25 04:19:54.052] [info] Core [0] : MatMul active cycle 1000 Vector active cycle 0 
[2026-05-25 04:19:54.052] [info] Core [0] : issued tile 2 
[2026-05-25 04:19:54.052] [info] Core [0] : Memory unit idle cycle 1000 Systolic bubble cycle 0 Core idle cycle 0 
[2026-05-25 04:19:54.052] [info] Core [0] : PE Utilization(%) 100.00, Systolic Bubble(%) 0.00, Vector Unit Utilization(%) 0.00, Total cycle: 35000
[2026-05-25 04:19:54.052] [debug] Core [1] : MatMul active cycle 1000 Vector active cycle 266 
[2026-05-25 04:19:54.052] [debug] Core [1] : issued tile 2 
[2026-05-25 04:19:54.052] [debug] Core [1] : Memory unit idle cycle 1000 Systolic bubble cycle 1200640 Core idle cycle 0 
[2026-05-25 04:19:54.052] [debug] Core [1] : PE Utilization(%) 92.67, Systolic Bubble(%) 7.33, Vector Unit Utilization(%) 26.60, Total cycle: 35000
[2026-05-25 04:19:54.052] [debug] Core [2] : MatMul active cycle 1000 Vector active cycle 312 
[2026-05-25 04:19:54.052] [debug] Core [2] : issued tile 2 
[2026-05-25 04:19:54.052] [debug] Core [2] : Memory unit idle cycle 1000 Systolic bubble cycle 1406720 Core idle cycle 0 
[2026-05-25 04:19:54.052] [debug] Core [2] : PE Utilization(%) 91.41, Systolic Bubble(%) 8.59, Vector Unit Utilization(%) 31.20, Total cycle: 35000
[2026-05-25 04:19:54.052] [debug] Core [3] : MatMul active cycle 1000 Vector active cycle 0 
[2026-05-25 04:19:54.052] [debug] Core [3] : issued tile 2 
[2026-05-25 04:19:54.052] [debug] Core [3] : Memory unit idle cycle 1000 Systolic bubble cycle 0 Core idle cycle 0 
[2026-05-25 04:19:54.052] [debug] Core [3] : PE Utilization(%) 100.00, Systolic Bubble(%) 0.00, Vector Unit Utilization(%) 0.00, Total cycle: 35000
[2026-05-25 04:19:54.058] [info] Core [0] : MatMul active cycle 999 Vector active cycle 1784 
[2026-05-25 04:19:54.058] [info] Core [0] : issued tile 2 
[2026-05-25 04:19:54.058] [info] Core [0] : Memory unit idle cycle 1000 Systolic bubble cycle 5725440 Core idle cycle 0 
[2026-05-25 04:19:54.058] [info] Core [0] : PE Utilization(%) 39.45, Systolic Bubble(%) 34.95, Vector Unit Utilization(%) 178.40, Total cycle: 36000
[2026-05-25 04:19:54.058] [debug] Core [1] : MatMul active cycle 999 Vector active cycle 1996 
[2026-05-25 04:19:54.058] [debug] Core [1] : issued tile 2 
[2026-05-25 04:19:54.058] [debug] Core [1] : Memory unit idle cycle 1000 Systolic bubble cycle 6666240 Core idle cycle 0 
[2026-05-25 04:19:54.058] [debug] Core [1] : PE Utilization(%) 33.71, Systolic Bubble(%) 40.69, Vector Unit Utilization(%) 199.60, Total cycle: 36000
[2026-05-25 04:19:54.058] [debug] Core [2] : MatMul active cycle 999 Vector active cycle 1996 
[2026-05-25 04:19:54.058] [debug] Core [2] : issued tile 2 
[2026-05-25 04:19:54.058] [debug] Core [2] : Memory unit idle cycle 1000 Systolic bubble cycle 6666240 Core idle cycle 0 
[2026-05-25 04:19:54.058] [debug] Core [2] : PE Utilization(%) 33.71, Systolic Bubble(%) 40.69, Vector Unit Utilization(%) 199.60, Total cycle: 36000
[2026-05-25 04:19:54.058] [debug] Core [3] : MatMul active cycle 999 Vector active cycle 1782 
[2026-05-25 04:19:54.058] [debug] Core [3] : issued tile 2 
[2026-05-25 04:19:54.058] [debug] Core [3] : Memory unit idle cycle 1000 Systolic bubble cycle 5716480 Core idle cycle 0 
[2026-05-25 04:19:54.058] [debug] Core [3] : PE Utilization(%) 39.51, Systolic Bubble(%) 34.89, Vector Unit Utilization(%) 178.20, Total cycle: 36000
[2026-05-25 04:19:54.064] [info] Core [0] : MatMul active cycle 999 Vector active cycle 1996 
[2026-05-25 04:19:54.064] [info] Core [0] : issued tile 2 
[2026-05-25 04:19:54.064] [info] Core [0] : Memory unit idle cycle 1000 Systolic bubble cycle 6666240 Core idle cycle 0 
[2026-05-25 04:19:54.064] [info] Core [0] : PE Utilization(%) 33.71, Systolic Bubble(%) 40.69, Vector Unit Utilization(%) 199.60, Total cycle: 37000
[2026-05-25 04:19:54.064] [debug] Core [1] : MatMul active cycle 999 Vector active cycle 1996 
[2026-05-25 04:19:54.064] [debug] Core [1] : issued tile 2 
[2026-05-25 04:19:54.064] [debug] Core [1] : Memory unit idle cycle 1000 Systolic bubble cycle 6666240 Core idle cycle 0 
[2026-05-25 04:19:54.064] [debug] Core [1] : PE Utilization(%) 33.71, Systolic Bubble(%) 40.69, Vector Unit Utilization(%) 199.60, Total cycle: 37000
[2026-05-25 04:19:54.064] [debug] Core [2] : MatMul active cycle 999 Vector active cycle 1996 
[2026-05-25 04:19:54.064] [debug] Core [2] : issued tile 2 
[2026-05-25 04:19:54.064] [debug] Core [2] : Memory unit idle cycle 1000 Systolic bubble cycle 6666240 Core idle cycle 0 
[2026-05-25 04:19:54.064] [debug] Core [2] : PE Utilization(%) 33.71, Systolic Bubble(%) 40.69, Vector Unit Utilization(%) 199.60, Total cycle: 37000
[2026-05-25 04:19:54.064] [debug] Core [3] : MatMul active cycle 999 Vector active cycle 1996 
[2026-05-25 04:19:54.064] [debug] Core [3] : issued tile 2 
[2026-05-25 04:19:54.064] [debug] Core [3] : Memory unit idle cycle 1000 Systolic bubble cycle 6666240 Core idle cycle 0 
[2026-05-25 04:19:54.064] [debug] Core [3] : PE Utilization(%) 33.71, Systolic Bubble(%) 40.69, Vector Unit Utilization(%) 199.60, Total cycle: 37000
[2026-05-25 04:19:54.070] [info] Core [0] : MatMul active cycle 999 Vector active cycle 1846 
[2026-05-25 04:19:54.070] [info] Core [0] : issued tile 2 
[2026-05-25 04:19:54.070] [info] Core [0] : Memory unit idle cycle 1000 Systolic bubble cycle 6666240 Core idle cycle 0 
[2026-05-25 04:19:54.070] [info] Core [0] : PE Utilization(%) 33.71, Systolic Bubble(%) 40.69, Vector Unit Utilization(%) 184.60, Total cycle: 38000
[2026-05-25 04:19:54.070] [debug] Core [1] : MatMul active cycle 999 Vector active cycle 1368 
[2026-05-25 04:19:54.070] [debug] Core [1] : issued tile 2 
[2026-05-25 04:19:54.070] [debug] Core [1] : Memory unit idle cycle 1000 Systolic bubble cycle 6666240 Core idle cycle 0 
[2026-05-25 04:19:54.070] [debug] Core [1] : PE Utilization(%) 33.71, Systolic Bubble(%) 40.69, Vector Unit Utilization(%) 136.80, Total cycle: 38000
[2026-05-25 04:19:54.070] [debug] Core [2] : MatMul active cycle 999 Vector active cycle 1322 
[2026-05-25 04:19:54.070] [debug] Core [2] : issued tile 2 
[2026-05-25 04:19:54.070] [debug] Core [2] : Memory unit idle cycle 1000 Systolic bubble cycle 6666240 Core idle cycle 0 
[2026-05-25 04:19:54.070] [debug] Core [2] : PE Utilization(%) 33.71, Systolic Bubble(%) 40.69, Vector Unit Utilization(%) 132.20, Total cycle: 38000
[2026-05-25 04:19:54.070] [debug] Core [3] : MatMul active cycle 999 Vector active cycle 1848 
[2026-05-25 04:19:54.070] [debug] Core [3] : issued tile 2 
[2026-05-25 04:19:54.070] [debug] Core [3] : Memory unit idle cycle 1000 Systolic bubble cycle 6666240 Core idle cycle 0 
[2026-05-25 04:19:54.070] [debug] Core [3] : PE Utilization(%) 33.71, Systolic Bubble(%) 40.69, Vector Unit Utilization(%) 184.80, Total cycle: 38000
[2026-05-25 04:19:54.077] [info] Core [0] : MatMul active cycle 1000 Vector active cycle 0 
[2026-05-25 04:19:54.077] [info] Core [0] : issued tile 2 
[2026-05-25 04:19:54.077] [info] Core [0] : Memory unit idle cycle 1000 Systolic bubble cycle 8960000 Core idle cycle 0 
[2026-05-25 04:19:54.077] [info] Core [0] : PE Utilization(%) 45.31, Systolic Bubble(%) 54.69, Vector Unit Utilization(%) 0.00, Total cycle: 39000
[2026-05-25 04:19:54.077] [debug] Core [1] : MatMul active cycle 1000 Vector active cycle 0 
[2026-05-25 04:19:54.077] [debug] Core [1] : issued tile 2 
[2026-05-25 04:19:54.077] [debug] Core [1] : Memory unit idle cycle 1000 Systolic bubble cycle 8960000 Core idle cycle 0 
[2026-05-25 04:19:54.077] [debug] Core [1] : PE Utilization(%) 45.31, Systolic Bubble(%) 54.69, Vector Unit Utilization(%) 0.00, Total cycle: 39000
[2026-05-25 04:19:54.077] [debug] Core [2] : MatMul active cycle 1000 Vector active cycle 0 
[2026-05-25 04:19:54.077] [debug] Core [2] : issued tile 2 
[2026-05-25 04:19:54.077] [debug] Core [2] : Memory unit idle cycle 1000 Systolic bubble cycle 8960000 Core idle cycle 0 
[2026-05-25 04:19:54.077] [debug] Core [2] : PE Utilization(%) 45.31, Systolic Bubble(%) 54.69, Vector Unit Utilization(%) 0.00, Total cycle: 39000
[2026-05-25 04:19:54.077] [debug] Core [3] : MatMul active cycle 1000 Vector active cycle 0 
[2026-05-25 04:19:54.077] [debug] Core [3] : issued tile 2 
[2026-05-25 04:19:54.077] [debug] Core [3] : Memory unit idle cycle 1000 Systolic bubble cycle 8960000 Core idle cycle 0 
[2026-05-25 04:19:54.077] [debug] Core [3] : PE Utilization(%) 45.31, Systolic Bubble(%) 54.69, Vector Unit Utilization(%) 0.00, Total cycle: 39000
[2026-05-25 04:19:54.083] [info] HBM2-CH_0: BW utilization 0% (0 reads, 0 writes)
[2026-05-25 04:19:54.083] [debug] HBM2-CH_1: BW utilization 0% (0 reads, 0 writes)
[2026-05-25 04:19:54.083] [debug] HBM2-CH_2: BW utilization 0% (0 reads, 0 writes)
[2026-05-25 04:19:54.083] [debug] HBM2-CH_3: BW utilization 0% (0 reads, 0 writes)
[2026-05-25 04:19:54.083] [debug] HBM2-CH_4: BW utilization 0% (0 reads, 0 writes)
[2026-05-25 04:19:54.083] [debug] HBM2-CH_5: BW utilization 0% (0 reads, 0 writes)
[2026-05-25 04:19:54.083] [debug] HBM2-CH_6: BW utilization 0% (0 reads, 0 writes)
[2026-05-25 04:19:54.083] [debug] HBM2-CH_7: BW utilization 0% (0 reads, 0 writes)
[2026-05-25 04:19:54.083] [debug] HBM2-CH_8: BW utilization 0% (0 reads, 0 writes)
[2026-05-25 04:19:54.083] [debug] HBM2-CH_9: BW utilization 0% (0 reads, 0 writes)
[2026-05-25 04:19:54.083] [debug] HBM2-CH_10: BW utilization 0% (0 reads, 0 writes)
[2026-05-25 04:19:54.083] [debug] HBM2-CH_11: BW utilization 0% (0 reads, 0 writes)
[2026-05-25 04:19:54.083] [debug] HBM2-CH_12: BW utilization 0% (0 reads, 0 writes)
[2026-05-25 04:19:54.083] [debug] HBM2-CH_13: BW utilization 0% (0 reads, 0 writes)
[2026-05-25 04:19:54.083] [debug] HBM2-CH_14: BW utilization 0% (0 reads, 0 writes)
[2026-05-25 04:19:54.083] [debug] HBM2-CH_15: BW utilization 0% (0 reads, 0 writes)
[2026-05-25 04:19:54.083] [info] Core [0] : MatMul active cycle 1000 Vector active cycle 0 
[2026-05-25 04:19:54.083] [info] Core [0] : issued tile 2 
[2026-05-25 04:19:54.083] [info] Core [0] : Memory unit idle cycle 1000 Systolic bubble cycle 8960000 Core idle cycle 0 
[2026-05-25 04:19:54.083] [info] Core [0] : PE Utilization(%) 45.31, Systolic Bubble(%) 54.69, Vector Unit Utilization(%) 0.00, Total cycle: 40000
[2026-05-25 04:19:54.083] [debug] Core [1] : MatMul active cycle 1000 Vector active cycle 0 
[2026-05-25 04:19:54.083] [debug] Core [1] : issued tile 2 
[2026-05-25 04:19:54.083] [debug] Core [1] : Memory unit idle cycle 1000 Systolic bubble cycle 8960000 Core idle cycle 0 
[2026-05-25 04:19:54.083] [debug] Core [1] : PE Utilization(%) 45.31, Systolic Bubble(%) 54.69, Vector Unit Utilization(%) 0.00, Total cycle: 40000
[2026-05-25 04:19:54.083] [debug] Core [2] : MatMul active cycle 1000 Vector active cycle 0 
[2026-05-25 04:19:54.083] [debug] Core [2] : issued tile 2 
[2026-05-25 04:19:54.083] [debug] Core [2] : Memory unit idle cycle 1000 Systolic bubble cycle 8960000 Core idle cycle 0 
[2026-05-25 04:19:54.083] [debug] Core [2] : PE Utilization(%) 45.31, Systolic Bubble(%) 54.69, Vector Unit Utilization(%) 0.00, Total cycle: 40000
[2026-05-25 04:19:54.083] [debug] Core [3] : MatMul active cycle 1000 Vector active cycle 0 
[2026-05-25 04:19:54.083] [debug] Core [3] : issued tile 2 
[2026-05-25 04:19:54.083] [debug] Core [3] : Memory unit idle cycle 1000 Systolic bubble cycle 8960000 Core idle cycle 0 
[2026-05-25 04:19:54.083] [debug] Core [3] : PE Utilization(%) 45.31, Systolic Bubble(%) 54.69, Vector Unit Utilization(%) 0.00, Total cycle: 40000
[2026-05-25 04:19:54.089] [info] Core [0] : MatMul active cycle 1000 Vector active cycle 0 
[2026-05-25 04:19:54.089] [info] Core [0] : issued tile 2 
[2026-05-25 04:19:54.089] [info] Core [0] : Memory unit idle cycle 1000 Systolic bubble cycle 8960000 Core idle cycle 0 
[2026-05-25 04:19:54.089] [info] Core [0] : PE Utilization(%) 45.31, Systolic Bubble(%) 54.69, Vector Unit Utilization(%) 0.00, Total cycle: 41000
[2026-05-25 04:19:54.089] [debug] Core [1] : MatMul active cycle 1000 Vector active cycle 0 
[2026-05-25 04:19:54.089] [debug] Core [1] : issued tile 2 
[2026-05-25 04:19:54.089] [debug] Core [1] : Memory unit idle cycle 1000 Systolic bubble cycle 8960000 Core idle cycle 0 
[2026-05-25 04:19:54.089] [debug] Core [1] : PE Utilization(%) 45.31, Systolic Bubble(%) 54.69, Vector Unit Utilization(%) 0.00, Total cycle: 41000
[2026-05-25 04:19:54.089] [debug] Core [2] : MatMul active cycle 1000 Vector active cycle 0 
[2026-05-25 04:19:54.089] [debug] Core [2] : issued tile 2 
[2026-05-25 04:19:54.089] [debug] Core [2] : Memory unit idle cycle 1000 Systolic bubble cycle 8960000 Core idle cycle 0 
[2026-05-25 04:19:54.089] [debug] Core [2] : PE Utilization(%) 45.31, Systolic Bubble(%) 54.69, Vector Unit Utilization(%) 0.00, Total cycle: 41000
[2026-05-25 04:19:54.089] [debug] Core [3] : MatMul active cycle 1000 Vector active cycle 0 
[2026-05-25 04:19:54.089] [debug] Core [3] : issued tile 2 
[2026-05-25 04:19:54.089] [debug] Core [3] : Memory unit idle cycle 1000 Systolic bubble cycle 8960000 Core idle cycle 0 
[2026-05-25 04:19:54.089] [debug] Core [3] : PE Utilization(%) 45.31, Systolic Bubble(%) 54.69, Vector Unit Utilization(%) 0.00, Total cycle: 41000
[2026-05-25 04:19:54.095] [info] Core [0] : MatMul active cycle 1000 Vector active cycle 0 
[2026-05-25 04:19:54.095] [info] Core [0] : issued tile 2 
[2026-05-25 04:19:54.095] [info] Core [0] : Memory unit idle cycle 1000 Systolic bubble cycle 8960000 Core idle cycle 0 
[2026-05-25 04:19:54.095] [info] Core [0] : PE Utilization(%) 45.31, Systolic Bubble(%) 54.69, Vector Unit Utilization(%) 0.00, Total cycle: 42000
[2026-05-25 04:19:54.095] [debug] Core [1] : MatMul active cycle 1000 Vector active cycle 0 
[2026-05-25 04:19:54.095] [debug] Core [1] : issued tile 2 
[2026-05-25 04:19:54.095] [debug] Core [1] : Memory unit idle cycle 1000 Systolic bubble cycle 8960000 Core idle cycle 0 
[2026-05-25 04:19:54.095] [debug] Core [1] : PE Utilization(%) 45.31, Systolic Bubble(%) 54.69, Vector Unit Utilization(%) 0.00, Total cycle: 42000
[2026-05-25 04:19:54.095] [debug] Core [2] : MatMul active cycle 1000 Vector active cycle 0 
[2026-05-25 04:19:54.095] [debug] Core [2] : issued tile 2 
[2026-05-25 04:19:54.095] [debug] Core [2] : Memory unit idle cycle 1000 Systolic bubble cycle 8960000 Core idle cycle 0 
[2026-05-25 04:19:54.095] [debug] Core [2] : PE Utilization(%) 45.31, Systolic Bubble(%) 54.69, Vector Unit Utilization(%) 0.00, Total cycle: 42000
[2026-05-25 04:19:54.095] [debug] Core [3] : MatMul active cycle 1000 Vector active cycle 0 
[2026-05-25 04:19:54.095] [debug] Core [3] : issued tile 2 
[2026-05-25 04:19:54.095] [debug] Core [3] : Memory unit idle cycle 1000 Systolic bubble cycle 8960000 Core idle cycle 0 
[2026-05-25 04:19:54.095] [debug] Core [3] : PE Utilization(%) 45.31, Systolic Bubble(%) 54.69, Vector Unit Utilization(%) 0.00, Total cycle: 42000
[2026-05-25 04:19:54.102] [info] Core [0] : MatMul active cycle 1000 Vector active cycle 0 
[2026-05-25 04:19:54.102] [info] Core [0] : issued tile 2 
[2026-05-25 04:19:54.102] [info] Core [0] : Memory unit idle cycle 1000 Systolic bubble cycle 8960000 Core idle cycle 0 
[2026-05-25 04:19:54.102] [info] Core [0] : PE Utilization(%) 45.31, Systolic Bubble(%) 54.69, Vector Unit Utilization(%) 0.00, Total cycle: 43000
[2026-05-25 04:19:54.102] [debug] Core [1] : MatMul active cycle 1000 Vector active cycle 0 
[2026-05-25 04:19:54.102] [debug] Core [1] : issued tile 2 
[2026-05-25 04:19:54.102] [debug] Core [1] : Memory unit idle cycle 1000 Systolic bubble cycle 8960000 Core idle cycle 0 
[2026-05-25 04:19:54.102] [debug] Core [1] : PE Utilization(%) 45.31, Systolic Bubble(%) 54.69, Vector Unit Utilization(%) 0.00, Total cycle: 43000
[2026-05-25 04:19:54.102] [debug] Core [2] : MatMul active cycle 1000 Vector active cycle 0 
[2026-05-25 04:19:54.102] [debug] Core [2] : issued tile 2 
[2026-05-25 04:19:54.102] [debug] Core [2] : Memory unit idle cycle 1000 Systolic bubble cycle 8960000 Core idle cycle 0 
[2026-05-25 04:19:54.102] [debug] Core [2] : PE Utilization(%) 45.31, Systolic Bubble(%) 54.69, Vector Unit Utilization(%) 0.00, Total cycle: 43000
[2026-05-25 04:19:54.102] [debug] Core [3] : MatMul active cycle 1000 Vector active cycle 0 
[2026-05-25 04:19:54.102] [debug] Core [3] : issued tile 2 
[2026-05-25 04:19:54.102] [debug] Core [3] : Memory unit idle cycle 1000 Systolic bubble cycle 8960000 Core idle cycle 0 
[2026-05-25 04:19:54.102] [debug] Core [3] : PE Utilization(%) 45.31, Systolic Bubble(%) 54.69, Vector Unit Utilization(%) 0.00, Total cycle: 43000
[2026-05-25 04:19:54.108] [info] Core [0] : MatMul active cycle 1000 Vector active cycle 0 
[2026-05-25 04:19:54.108] [info] Core [0] : issued tile 2 
[2026-05-25 04:19:54.108] [info] Core [0] : Memory unit idle cycle 1000 Systolic bubble cycle 8960000 Core idle cycle 0 
[2026-05-25 04:19:54.108] [info] Core [0] : PE Utilization(%) 45.31, Systolic Bubble(%) 54.69, Vector Unit Utilization(%) 0.00, Total cycle: 44000
[2026-05-25 04:19:54.108] [debug] Core [1] : MatMul active cycle 1000 Vector active cycle 0 
[2026-05-25 04:19:54.108] [debug] Core [1] : issued tile 2 
[2026-05-25 04:19:54.108] [debug] Core [1] : Memory unit idle cycle 1000 Systolic bubble cycle 8960000 Core idle cycle 0 
[2026-05-25 04:19:54.108] [debug] Core [1] : PE Utilization(%) 45.31, Systolic Bubble(%) 54.69, Vector Unit Utilization(%) 0.00, Total cycle: 44000
[2026-05-25 04:19:54.108] [debug] Core [2] : MatMul active cycle 1000 Vector active cycle 0 
[2026-05-25 04:19:54.108] [debug] Core [2] : issued tile 2 
[2026-05-25 04:19:54.108] [debug] Core [2] : Memory unit idle cycle 1000 Systolic bubble cycle 8960000 Core idle cycle 0 
[2026-05-25 04:19:54.108] [debug] Core [2] : PE Utilization(%) 45.31, Systolic Bubble(%) 54.69, Vector Unit Utilization(%) 0.00, Total cycle: 44000
[2026-05-25 04:19:54.108] [debug] Core [3] : MatMul active cycle 1000 Vector active cycle 0 
[2026-05-25 04:19:54.108] [debug] Core [3] : issued tile 2 
[2026-05-25 04:19:54.108] [debug] Core [3] : Memory unit idle cycle 1000 Systolic bubble cycle 8960000 Core idle cycle 0 
[2026-05-25 04:19:54.108] [debug] Core [3] : PE Utilization(%) 45.31, Systolic Bubble(%) 54.69, Vector Unit Utilization(%) 0.00, Total cycle: 44000
[2026-05-25 04:19:54.114] [info] Core [0] : MatMul active cycle 1000 Vector active cycle 0 
[2026-05-25 04:19:54.114] [info] Core [0] : issued tile 2 
[2026-05-25 04:19:54.114] [info] Core [0] : Memory unit idle cycle 1000 Systolic bubble cycle 8960000 Core idle cycle 0 
[2026-05-25 04:19:54.114] [info] Core [0] : PE Utilization(%) 45.31, Systolic Bubble(%) 54.69, Vector Unit Utilization(%) 0.00, Total cycle: 45000
[2026-05-25 04:19:54.114] [debug] Core [1] : MatMul active cycle 1000 Vector active cycle 0 
[2026-05-25 04:19:54.114] [debug] Core [1] : issued tile 2 
[2026-05-25 04:19:54.114] [debug] Core [1] : Memory unit idle cycle 1000 Systolic bubble cycle 8960000 Core idle cycle 0 
[2026-05-25 04:19:54.114] [debug] Core [1] : PE Utilization(%) 45.31, Systolic Bubble(%) 54.69, Vector Unit Utilization(%) 0.00, Total cycle: 45000
[2026-05-25 04:19:54.114] [debug] Core [2] : MatMul active cycle 1000 Vector active cycle 0 
[2026-05-25 04:19:54.114] [debug] Core [2] : issued tile 2 
[2026-05-25 04:19:54.114] [debug] Core [2] : Memory unit idle cycle 1000 Systolic bubble cycle 8960000 Core idle cycle 0 
[2026-05-25 04:19:54.114] [debug] Core [2] : PE Utilization(%) 45.31, Systolic Bubble(%) 54.69, Vector Unit Utilization(%) 0.00, Total cycle: 45000
[2026-05-25 04:19:54.114] [debug] Core [3] : MatMul active cycle 1000 Vector active cycle 0 
[2026-05-25 04:19:54.114] [debug] Core [3] : issued tile 2 
[2026-05-25 04:19:54.114] [debug] Core [3] : Memory unit idle cycle 1000 Systolic bubble cycle 8960000 Core idle cycle 0 
[2026-05-25 04:19:54.114] [debug] Core [3] : PE Utilization(%) 45.31, Systolic Bubble(%) 54.69, Vector Unit Utilization(%) 0.00, Total cycle: 45000
[2026-05-25 04:19:54.120] [info] Core [0] : MatMul active cycle 1000 Vector active cycle 0 
[2026-05-25 04:19:54.120] [info] Core [0] : issued tile 2 
[2026-05-25 04:19:54.120] [info] Core [0] : Memory unit idle cycle 1000 Systolic bubble cycle 8960000 Core idle cycle 0 
[2026-05-25 04:19:54.120] [info] Core [0] : PE Utilization(%) 45.31, Systolic Bubble(%) 54.69, Vector Unit Utilization(%) 0.00, Total cycle: 46000
[2026-05-25 04:19:54.120] [debug] Core [1] : MatMul active cycle 1000 Vector active cycle 0 
[2026-05-25 04:19:54.120] [debug] Core [1] : issued tile 2 
[2026-05-25 04:19:54.120] [debug] Core [1] : Memory unit idle cycle 1000 Systolic bubble cycle 8960000 Core idle cycle 0 
[2026-05-25 04:19:54.120] [debug] Core [1] : PE Utilization(%) 45.31, Systolic Bubble(%) 54.69, Vector Unit Utilization(%) 0.00, Total cycle: 46000
[2026-05-25 04:19:54.120] [debug] Core [2] : MatMul active cycle 1000 Vector active cycle 0 
[2026-05-25 04:19:54.120] [debug] Core [2] : issued tile 2 
[2026-05-25 04:19:54.120] [debug] Core [2] : Memory unit idle cycle 1000 Systolic bubble cycle 8960000 Core idle cycle 0 
[2026-05-25 04:19:54.120] [debug] Core [2] : PE Utilization(%) 45.31, Systolic Bubble(%) 54.69, Vector Unit Utilization(%) 0.00, Total cycle: 46000
[2026-05-25 04:19:54.120] [debug] Core [3] : MatMul active cycle 1000 Vector active cycle 0 
[2026-05-25 04:19:54.120] [debug] Core [3] : issued tile 2 
[2026-05-25 04:19:54.120] [debug] Core [3] : Memory unit idle cycle 1000 Systolic bubble cycle 8960000 Core idle cycle 0 
[2026-05-25 04:19:54.120] [debug] Core [3] : PE Utilization(%) 45.31, Systolic Bubble(%) 54.69, Vector Unit Utilization(%) 0.00, Total cycle: 46000
[2026-05-25 04:19:54.126] [info] Core [0] : MatMul active cycle 1000 Vector active cycle 0 
[2026-05-25 04:19:54.126] [info] Core [0] : issued tile 2 
[2026-05-25 04:19:54.126] [info] Core [0] : Memory unit idle cycle 1000 Systolic bubble cycle 8960000 Core idle cycle 0 
[2026-05-25 04:19:54.126] [info] Core [0] : PE Utilization(%) 45.31, Systolic Bubble(%) 54.69, Vector Unit Utilization(%) 0.00, Total cycle: 47000
[2026-05-25 04:19:54.126] [debug] Core [1] : MatMul active cycle 1000 Vector active cycle 0 
[2026-05-25 04:19:54.126] [debug] Core [1] : issued tile 2 
[2026-05-25 04:19:54.126] [debug] Core [1] : Memory unit idle cycle 1000 Systolic bubble cycle 8960000 Core idle cycle 0 
[2026-05-25 04:19:54.126] [debug] Core [1] : PE Utilization(%) 45.31, Systolic Bubble(%) 54.69, Vector Unit Utilization(%) 0.00, Total cycle: 47000
[2026-05-25 04:19:54.126] [debug] Core [2] : MatMul active cycle 1000 Vector active cycle 0 
[2026-05-25 04:19:54.126] [debug] Core [2] : issued tile 2 
[2026-05-25 04:19:54.126] [debug] Core [2] : Memory unit idle cycle 1000 Systolic bubble cycle 8960000 Core idle cycle 0 
[2026-05-25 04:19:54.126] [debug] Core [2] : PE Utilization(%) 45.31, Systolic Bubble(%) 54.69, Vector Unit Utilization(%) 0.00, Total cycle: 47000
[2026-05-25 04:19:54.126] [debug] Core [3] : MatMul active cycle 1000 Vector active cycle 0 
[2026-05-25 04:19:54.126] [debug] Core [3] : issued tile 2 
[2026-05-25 04:19:54.126] [debug] Core [3] : Memory unit idle cycle 1000 Systolic bubble cycle 8960000 Core idle cycle 0 
[2026-05-25 04:19:54.126] [debug] Core [3] : PE Utilization(%) 45.31, Systolic Bubble(%) 54.69, Vector Unit Utilization(%) 0.00, Total cycle: 47000
[2026-05-25 04:19:54.132] [info] HBM2-CH_0: BW utilization 0% (0 reads, 0 writes)
[2026-05-25 04:19:54.132] [debug] HBM2-CH_1: BW utilization 0% (0 reads, 0 writes)
[2026-05-25 04:19:54.132] [debug] HBM2-CH_2: BW utilization 0% (0 reads, 0 writes)
[2026-05-25 04:19:54.132] [debug] HBM2-CH_3: BW utilization 0% (0 reads, 0 writes)
[2026-05-25 04:19:54.132] [debug] HBM2-CH_4: BW utilization 0% (0 reads, 0 writes)
[2026-05-25 04:19:54.132] [debug] HBM2-CH_5: BW utilization 0% (0 reads, 0 writes)
[2026-05-25 04:19:54.132] [debug] HBM2-CH_6: BW utilization 0% (0 reads, 0 writes)
[2026-05-25 04:19:54.132] [debug] HBM2-CH_7: BW utilization 0% (0 reads, 0 writes)
[2026-05-25 04:19:54.132] [debug] HBM2-CH_8: BW utilization 0% (0 reads, 0 writes)
[2026-05-25 04:19:54.132] [debug] HBM2-CH_9: BW utilization 0% (0 reads, 0 writes)
[2026-05-25 04:19:54.132] [debug] HBM2-CH_10: BW utilization 0% (0 reads, 0 writes)
[2026-05-25 04:19:54.132] [debug] HBM2-CH_11: BW utilization 0% (0 reads, 0 writes)
[2026-05-25 04:19:54.132] [debug] HBM2-CH_12: BW utilization 0% (0 reads, 0 writes)
[2026-05-25 04:19:54.132] [debug] HBM2-CH_13: BW utilization 0% (0 reads, 0 writes)
[2026-05-25 04:19:54.132] [debug] HBM2-CH_14: BW utilization 0% (0 reads, 0 writes)
[2026-05-25 04:19:54.132] [debug] HBM2-CH_15: BW utilization 0% (0 reads, 0 writes)
[2026-05-25 04:19:54.133] [info] Core [0] : MatMul active cycle 1000 Vector active cycle 0 
[2026-05-25 04:19:54.133] [info] Core [0] : issued tile 2 
[2026-05-25 04:19:54.133] [info] Core [0] : Memory unit idle cycle 1000 Systolic bubble cycle 8960000 Core idle cycle 0 
[2026-05-25 04:19:54.133] [info] Core [0] : PE Utilization(%) 45.31, Systolic Bubble(%) 54.69, Vector Unit Utilization(%) 0.00, Total cycle: 48000
[2026-05-25 04:19:54.133] [debug] Core [1] : MatMul active cycle 1000 Vector active cycle 0 
[2026-05-25 04:19:54.133] [debug] Core [1] : issued tile 2 
[2026-05-25 04:19:54.133] [debug] Core [1] : Memory unit idle cycle 1000 Systolic bubble cycle 8960000 Core idle cycle 0 
[2026-05-25 04:19:54.133] [debug] Core [1] : PE Utilization(%) 45.31, Systolic Bubble(%) 54.69, Vector Unit Utilization(%) 0.00, Total cycle: 48000
[2026-05-25 04:19:54.133] [debug] Core [2] : MatMul active cycle 1000 Vector active cycle 0 
[2026-05-25 04:19:54.133] [debug] Core [2] : issued tile 2 
[2026-05-25 04:19:54.133] [debug] Core [2] : Memory unit idle cycle 1000 Systolic bubble cycle 8960000 Core idle cycle 0 
[2026-05-25 04:19:54.133] [debug] Core [2] : PE Utilization(%) 45.31, Systolic Bubble(%) 54.69, Vector Unit Utilization(%) 0.00, Total cycle: 48000
[2026-05-25 04:19:54.133] [debug] Core [3] : MatMul active cycle 1000 Vector active cycle 0 
[2026-05-25 04:19:54.133] [debug] Core [3] : issued tile 2 
[2026-05-25 04:19:54.133] [debug] Core [3] : Memory unit idle cycle 1000 Systolic bubble cycle 8960000 Core idle cycle 0 
[2026-05-25 04:19:54.133] [debug] Core [3] : PE Utilization(%) 45.31, Systolic Bubble(%) 54.69, Vector Unit Utilization(%) 0.00, Total cycle: 48000
[2026-05-25 04:19:54.139] [info] Core [0] : MatMul active cycle 1000 Vector active cycle 0 
[2026-05-25 04:19:54.139] [info] Core [0] : issued tile 2 
[2026-05-25 04:19:54.139] [info] Core [0] : Memory unit idle cycle 1000 Systolic bubble cycle 8960000 Core idle cycle 0 
[2026-05-25 04:19:54.139] [info] Core [0] : PE Utilization(%) 45.31, Systolic Bubble(%) 54.69, Vector Unit Utilization(%) 0.00, Total cycle: 49000
[2026-05-25 04:19:54.139] [debug] Core [1] : MatMul active cycle 1000 Vector active cycle 0 
[2026-05-25 04:19:54.139] [debug] Core [1] : issued tile 2 
[2026-05-25 04:19:54.139] [debug] Core [1] : Memory unit idle cycle 1000 Systolic bubble cycle 8960000 Core idle cycle 0 
[2026-05-25 04:19:54.139] [debug] Core [1] : PE Utilization(%) 45.31, Systolic Bubble(%) 54.69, Vector Unit Utilization(%) 0.00, Total cycle: 49000
[2026-05-25 04:19:54.139] [debug] Core [2] : MatMul active cycle 1000 Vector active cycle 0 
[2026-05-25 04:19:54.139] [debug] Core [2] : issued tile 2 
[2026-05-25 04:19:54.139] [debug] Core [2] : Memory unit idle cycle 1000 Systolic bubble cycle 8960000 Core idle cycle 0 
[2026-05-25 04:19:54.139] [debug] Core [2] : PE Utilization(%) 45.31, Systolic Bubble(%) 54.69, Vector Unit Utilization(%) 0.00, Total cycle: 49000
[2026-05-25 04:19:54.139] [debug] Core [3] : MatMul active cycle 1000 Vector active cycle 0 
[2026-05-25 04:19:54.139] [debug] Core [3] : issued tile 2 
[2026-05-25 04:19:54.139] [debug] Core [3] : Memory unit idle cycle 1000 Systolic bubble cycle 8960000 Core idle cycle 0 
[2026-05-25 04:19:54.139] [debug] Core [3] : PE Utilization(%) 45.31, Systolic Bubble(%) 54.69, Vector Unit Utilization(%) 0.00, Total cycle: 49000
[2026-05-25 04:19:54.145] [info] Core [0] : MatMul active cycle 1000 Vector active cycle 2 
[2026-05-25 04:19:54.145] [info] Core [0] : issued tile 2 
[2026-05-25 04:19:54.145] [info] Core [0] : Memory unit idle cycle 1000 Systolic bubble cycle 8960000 Core idle cycle 0 
[2026-05-25 04:19:54.145] [info] Core [0] : PE Utilization(%) 45.31, Systolic Bubble(%) 54.69, Vector Unit Utilization(%) 0.20, Total cycle: 50000
[2026-05-25 04:19:54.145] [debug] Core [1] : MatMul active cycle 1000 Vector active cycle 2 
[2026-05-25 04:19:54.145] [debug] Core [1] : issued tile 2 
[2026-05-25 04:19:54.145] [debug] Core [1] : Memory unit idle cycle 1000 Systolic bubble cycle 8960000 Core idle cycle 0 
[2026-05-25 04:19:54.145] [debug] Core [1] : PE Utilization(%) 45.31, Systolic Bubble(%) 54.69, Vector Unit Utilization(%) 0.20, Total cycle: 50000
[2026-05-25 04:19:54.145] [debug] Core [2] : MatMul active cycle 1000 Vector active cycle 2 
[2026-05-25 04:19:54.145] [debug] Core [2] : issued tile 2 
[2026-05-25 04:19:54.145] [debug] Core [2] : Memory unit idle cycle 1000 Systolic bubble cycle 8960000 Core idle cycle 0 
[2026-05-25 04:19:54.145] [debug] Core [2] : PE Utilization(%) 45.31, Systolic Bubble(%) 54.69, Vector Unit Utilization(%) 0.20, Total cycle: 50000
[2026-05-25 04:19:54.145] [debug] Core [3] : MatMul active cycle 1000 Vector active cycle 2 
[2026-05-25 04:19:54.145] [debug] Core [3] : issued tile 2 
[2026-05-25 04:19:54.145] [debug] Core [3] : Memory unit idle cycle 1000 Systolic bubble cycle 8960000 Core idle cycle 0 
[2026-05-25 04:19:54.145] [debug] Core [3] : PE Utilization(%) 45.31, Systolic Bubble(%) 54.69, Vector Unit Utilization(%) 0.20, Total cycle: 50000
[2026-05-25 04:19:54.150] [debug] Layer 24 Core 2 Finish Tile at 50713 Remain tile 12
[2026-05-25 04:19:54.150] [debug] Layer layer0.attn.Attention.0 Core 2 Get Tile at 50713
[2026-05-25 04:19:54.153] [debug] Layer 24 Core 1 Finish Tile at 50736 Remain tile 11
[2026-05-25 04:19:54.153] [debug] Layer layer0.attn.Attention.0 Core 1 Get Tile at 50736
[2026-05-25 04:19:54.195] [debug] Layer 24 Core 0 Finish Tile at 50975 Remain tile 10
[2026-05-25 04:19:54.195] [debug] Layer layer0.attn.Attention.0 Core 0 Get Tile at 50975
[2026-05-25 04:19:54.196] [debug] Layer 24 Core 3 Finish Tile at 50976 Remain tile 9
[2026-05-25 04:19:54.196] [debug] Layer layer0.attn.Attention.0 Core 3 Get Tile at 50976
[2026-05-25 04:19:54.202] [info] Core [0] : MatMul active cycle 1000 Vector active cycle 58 
[2026-05-25 04:19:54.202] [info] Core [0] : issued tile 2 
[2026-05-25 04:19:54.202] [info] Core [0] : Memory unit idle cycle 974 Systolic bubble cycle 8960000 Core idle cycle 0 
[2026-05-25 04:19:54.202] [info] Core [0] : PE Utilization(%) 45.31, Systolic Bubble(%) 54.69, Vector Unit Utilization(%) 5.80, Total cycle: 51000
[2026-05-25 04:19:54.202] [debug] Core [1] : MatMul active cycle 1000 Vector active cycle 58 
[2026-05-25 04:19:54.202] [debug] Core [1] : issued tile 2 
[2026-05-25 04:19:54.202] [debug] Core [1] : Memory unit idle cycle 735 Systolic bubble cycle 8960000 Core idle cycle 0 
[2026-05-25 04:19:54.202] [debug] Core [1] : PE Utilization(%) 45.31, Systolic Bubble(%) 54.69, Vector Unit Utilization(%) 5.80, Total cycle: 51000
[2026-05-25 04:19:54.202] [debug] Core [2] : MatMul active cycle 1000 Vector active cycle 58 
[2026-05-25 04:19:54.202] [debug] Core [2] : issued tile 2 
[2026-05-25 04:19:54.202] [debug] Core [2] : Memory unit idle cycle 712 Systolic bubble cycle 8960000 Core idle cycle 0 
[2026-05-25 04:19:54.202] [debug] Core [2] : PE Utilization(%) 45.31, Systolic Bubble(%) 54.69, Vector Unit Utilization(%) 5.80, Total cycle: 51000
[2026-05-25 04:19:54.202] [debug] Core [3] : MatMul active cycle 1000 Vector active cycle 58 
[2026-05-25 04:19:54.202] [debug] Core [3] : issued tile 2 
[2026-05-25 04:19:54.202] [debug] Core [3] : Memory unit idle cycle 975 Systolic bubble cycle 8960000 Core idle cycle 0 
[2026-05-25 04:19:54.202] [debug] Core [3] : PE Utilization(%) 45.31, Systolic Bubble(%) 54.69, Vector Unit Utilization(%) 5.80, Total cycle: 51000
[2026-05-25 04:19:54.665] [info] Core [0] : MatMul active cycle 999 Vector active cycle 0 
[2026-05-25 04:19:54.665] [info] Core [0] : issued tile 2 
[2026-05-25 04:19:54.665] [info] Core [0] : Memory unit idle cycle 0 Systolic bubble cycle 6666240 Core idle cycle 0 
[2026-05-25 04:19:54.665] [info] Core [0] : PE Utilization(%) 33.71, Systolic Bubble(%) 40.69, Vector Unit Utilization(%) 0.00, Total cycle: 52000
[2026-05-25 04:19:54.665] [debug] Core [1] : MatMul active cycle 999 Vector active cycle 0 
[2026-05-25 04:19:54.665] [debug] Core [1] : issued tile 2 
[2026-05-25 04:19:54.665] [debug] Core [1] : Memory unit idle cycle 0 Systolic bubble cycle 6666240 Core idle cycle 0 
[2026-05-25 04:19:54.665] [debug] Core [1] : PE Utilization(%) 33.71, Systolic Bubble(%) 40.69, Vector Unit Utilization(%) 0.00, Total cycle: 52000
[2026-05-25 04:19:54.665] [debug] Core [2] : MatMul active cycle 999 Vector active cycle 0 
[2026-05-25 04:19:54.665] [debug] Core [2] : issued tile 2 
[2026-05-25 04:19:54.665] [debug] Core [2] : Memory unit idle cycle 0 Systolic bubble cycle 6666240 Core idle cycle 0 
[2026-05-25 04:19:54.665] [debug] Core [2] : PE Utilization(%) 33.71, Systolic Bubble(%) 40.69, Vector Unit Utilization(%) 0.00, Total cycle: 52000
[2026-05-25 04:19:54.665] [debug] Core [3] : MatMul active cycle 999 Vector active cycle 0 
[2026-05-25 04:19:54.665] [debug] Core [3] : issued tile 2 
[2026-05-25 04:19:54.665] [debug] Core [3] : Memory unit idle cycle 0 Systolic bubble cycle 6666240 Core idle cycle 0 
[2026-05-25 04:19:54.665] [debug] Core [3] : PE Utilization(%) 33.71, Systolic Bubble(%) 40.69, Vector Unit Utilization(%) 0.00, Total cycle: 52000
[2026-05-25 04:19:55.257] [info] Core [0] : MatMul active cycle 999 Vector active cycle 0 
[2026-05-25 04:19:55.257] [info] Core [0] : issued tile 2 
[2026-05-25 04:19:55.257] [info] Core [0] : Memory unit idle cycle 0 Systolic bubble cycle 6666240 Core idle cycle 0 
[2026-05-25 04:19:55.257] [info] Core [0] : PE Utilization(%) 33.71, Systolic Bubble(%) 40.69, Vector Unit Utilization(%) 0.00, Total cycle: 53000
[2026-05-25 04:19:55.257] [debug] Core [1] : MatMul active cycle 999 Vector active cycle 0 
[2026-05-25 04:19:55.257] [debug] Core [1] : issued tile 2 
[2026-05-25 04:19:55.257] [debug] Core [1] : Memory unit idle cycle 7 Systolic bubble cycle 6666240 Core idle cycle 0 
[2026-05-25 04:19:55.257] [debug] Core [1] : PE Utilization(%) 33.71, Systolic Bubble(%) 40.69, Vector Unit Utilization(%) 0.00, Total cycle: 53000
[2026-05-25 04:19:55.257] [debug] Core [2] : MatMul active cycle 999 Vector active cycle 0 
[2026-05-25 04:19:55.257] [debug] Core [2] : issued tile 2 
[2026-05-25 04:19:55.257] [debug] Core [2] : Memory unit idle cycle 595 Systolic bubble cycle 6666240 Core idle cycle 0 
[2026-05-25 04:19:55.257] [debug] Core [2] : PE Utilization(%) 33.71, Systolic Bubble(%) 40.69, Vector Unit Utilization(%) 0.00, Total cycle: 53000
[2026-05-25 04:19:55.257] [debug] Core [3] : MatMul active cycle 999 Vector active cycle 0 
[2026-05-25 04:19:55.257] [debug] Core [3] : issued tile 2 
[2026-05-25 04:19:55.257] [debug] Core [3] : Memory unit idle cycle 135 Systolic bubble cycle 6666240 Core idle cycle 0 
[2026-05-25 04:19:55.257] [debug] Core [3] : PE Utilization(%) 33.71, Systolic Bubble(%) 40.69, Vector Unit Utilization(%) 0.00, Total cycle: 53000
[2026-05-25 04:19:55.581] [info] Core [0] : MatMul active cycle 999 Vector active cycle 2 
[2026-05-25 04:19:55.581] [info] Core [0] : issued tile 2 
[2026-05-25 04:19:55.581] [info] Core [0] : Memory unit idle cycle 578 Systolic bubble cycle 6666240 Core idle cycle 0 
[2026-05-25 04:19:55.581] [info] Core [0] : PE Utilization(%) 33.71, Systolic Bubble(%) 40.69, Vector Unit Utilization(%) 0.20, Total cycle: 54000
[2026-05-25 04:19:55.581] [debug] Core [1] : MatMul active cycle 999 Vector active cycle 2 
[2026-05-25 04:19:55.581] [debug] Core [1] : issued tile 2 
[2026-05-25 04:19:55.581] [debug] Core [1] : Memory unit idle cycle 1000 Systolic bubble cycle 6666240 Core idle cycle 0 
[2026-05-25 04:19:55.581] [debug] Core [1] : PE Utilization(%) 33.71, Systolic Bubble(%) 40.69, Vector Unit Utilization(%) 0.20, Total cycle: 54000
[2026-05-25 04:19:55.581] [debug] Core [2] : MatMul active cycle 999 Vector active cycle 2 
[2026-05-25 04:19:55.581] [debug] Core [2] : issued tile 2 
[2026-05-25 04:19:55.581] [debug] Core [2] : Memory unit idle cycle 1000 Systolic bubble cycle 6666240 Core idle cycle 0 
[2026-05-25 04:19:55.581] [debug] Core [2] : PE Utilization(%) 33.71, Systolic Bubble(%) 40.69, Vector Unit Utilization(%) 0.20, Total cycle: 54000
[2026-05-25 04:19:55.581] [debug] Core [3] : MatMul active cycle 999 Vector active cycle 2 
[2026-05-25 04:19:55.581] [debug] Core [3] : issued tile 2 
[2026-05-25 04:19:55.581] [debug] Core [3] : Memory unit idle cycle 1000 Systolic bubble cycle 6666240 Core idle cycle 0 
[2026-05-25 04:19:55.581] [debug] Core [3] : PE Utilization(%) 33.71, Systolic Bubble(%) 40.69, Vector Unit Utilization(%) 0.20, Total cycle: 54000
[2026-05-25 04:19:55.672] [debug] Layer 24 Core 2 Finish Tile at 54287 Remain tile 8
[2026-05-25 04:19:55.680] [debug] Layer 24 Core 1 Finish Tile at 54310 Remain tile 7
[2026-05-25 04:19:55.757] [debug] Layer 24 Core 0 Finish Tile at 54549 Remain tile 6
[2026-05-25 04:19:55.757] [debug] Layer 24 Core 3 Finish Tile at 54550 Remain tile 5
[2026-05-25 04:19:55.900] [info] Core [0] : MatMul active cycle 517 Vector active cycle 58 
[2026-05-25 04:19:55.901] [info] Core [0] : issued tile 1 
[2026-05-25 04:19:55.901] [info] Core [0] : Memory unit idle cycle 856 Systolic bubble cycle 4632320 Core idle cycle 0 
[2026-05-25 04:19:55.901] [info] Core [0] : PE Utilization(%) 23.43, Systolic Bubble(%) 28.27, Vector Unit Utilization(%) 5.80, Total cycle: 55000
[2026-05-25 04:19:55.901] [debug] Core [1] : MatMul active cycle 836 Vector active cycle 58 
[2026-05-25 04:19:55.901] [debug] Core [1] : issued tile 1 
[2026-05-25 04:19:55.901] [debug] Core [1] : Memory unit idle cycle 856 Systolic bubble cycle 2490880 Core idle cycle 0 
[2026-05-25 04:19:55.901] [debug] Core [1] : PE Utilization(%) 42.90, Systolic Bubble(%) 15.20, Vector Unit Utilization(%) 5.80, Total cycle: 55000
[2026-05-25 04:19:55.901] [debug] Core [2] : MatMul active cycle 1000 Vector active cycle 58 
[2026-05-25 04:19:55.901] [debug] Core [2] : issued tile 1 
[2026-05-25 04:19:55.901] [debug] Core [2] : Memory unit idle cycle 856 Systolic bubble cycle 2284800 Core idle cycle 0 
[2026-05-25 04:19:55.901] [debug] Core [2] : PE Utilization(%) 86.05, Systolic Bubble(%) 13.95, Vector Unit Utilization(%) 5.80, Total cycle: 55000
[2026-05-25 04:19:55.901] [debug] Core [3] : MatMul active cycle 1000 Vector active cycle 58 
[2026-05-25 04:19:55.901] [debug] Core [3] : issued tile 1 
[2026-05-25 04:19:55.901] [debug] Core [3] : Memory unit idle cycle 856 Systolic bubble cycle 4641280 Core idle cycle 0 
[2026-05-25 04:19:55.901] [debug] Core [3] : PE Utilization(%) 71.67, Systolic Bubble(%) 28.33, Vector Unit Utilization(%) 5.80, Total cycle: 55000
[2026-05-25 04:19:56.181] [info] HBM2-CH_0: BW utilization 46% (3546 reads, 936 writes)
[2026-05-25 04:19:56.181] [debug] HBM2-CH_1: BW utilization 46% (3555 reads, 956 writes)
[2026-05-25 04:19:56.181] [debug] HBM2-CH_2: BW utilization 47% (3603 reads, 1000 writes)
[2026-05-25 04:19:56.181] [debug] HBM2-CH_3: BW utilization 48% (3692 reads, 937 writes)
[2026-05-25 04:19:56.181] [debug] HBM2-CH_4: BW utilization 47% (3562 reads, 996 writes)
[2026-05-25 04:19:56.181] [debug] HBM2-CH_5: BW utilization 46% (3568 reads, 934 writes)
[2026-05-25 04:19:56.181] [debug] HBM2-CH_6: BW utilization 46% (3512 reads, 920 writes)
[2026-05-25 04:19:56.181] [debug] HBM2-CH_7: BW utilization 47% (3580 reads, 977 writes)
[2026-05-25 04:19:56.181] [debug] HBM2-CH_8: BW utilization 47% (3576 reads, 982 writes)
[2026-05-25 04:19:56.181] [debug] HBM2-CH_9: BW utilization 46% (3558 reads, 952 writes)
[2026-05-25 04:19:56.181] [debug] HBM2-CH_10: BW utilization 46% (3515 reads, 951 writes)
[2026-05-25 04:19:56.181] [debug] HBM2-CH_11: BW utilization 46% (3548 reads, 959 writes)
[2026-05-25 04:19:56.181] [debug] HBM2-CH_12: BW utilization 46% (3514 reads, 952 writes)
[2026-05-25 04:19:56.181] [debug] HBM2-CH_13: BW utilization 48% (3645 reads, 1007 writes)
[2026-05-25 04:19:56.181] [debug] HBM2-CH_14: BW utilization 47% (3607 reads, 974 writes)
[2026-05-25 04:19:56.182] [debug] HBM2-CH_15: BW utilization 47% (3600 reads, 942 writes)
[2026-05-25 04:19:56.187] [info] Core [0] : MatMul active cycle 835 Vector active cycle 0 
[2026-05-25 04:19:56.187] [info] Core [0] : issued tile 1 
[2026-05-25 04:19:56.187] [info] Core [0] : Memory unit idle cycle 1000 Systolic bubble cycle 0 Core idle cycle 0 
[2026-05-25 04:19:56.187] [info] Core [0] : PE Utilization(%) 58.00, Systolic Bubble(%) 0.00, Vector Unit Utilization(%) 0.00, Total cycle: 56000
[2026-05-25 04:19:56.187] [debug] Core [1] : MatMul active cycle 1000 Vector active cycle 0 
[2026-05-25 04:19:56.187] [debug] Core [1] : issued tile 1 
[2026-05-25 04:19:56.187] [debug] Core [1] : Memory unit idle cycle 1000 Systolic bubble cycle 0 Core idle cycle 0 
[2026-05-25 04:19:56.187] [debug] Core [1] : PE Utilization(%) 100.00, Systolic Bubble(%) 0.00, Vector Unit Utilization(%) 0.00, Total cycle: 56000
[2026-05-25 04:19:56.187] [debug] Core [2] : MatMul active cycle 1000 Vector active cycle 0 
[2026-05-25 04:19:56.187] [debug] Core [2] : issued tile 1 
[2026-05-25 04:19:56.187] [debug] Core [2] : Memory unit idle cycle 1000 Systolic bubble cycle 0 Core idle cycle 0 
[2026-05-25 04:19:56.187] [debug] Core [2] : PE Utilization(%) 100.00, Systolic Bubble(%) 0.00, Vector Unit Utilization(%) 0.00, Total cycle: 56000
[2026-05-25 04:19:56.187] [debug] Core [3] : MatMul active cycle 1000 Vector active cycle 0 
[2026-05-25 04:19:56.187] [debug] Core [3] : issued tile 1 
[2026-05-25 04:19:56.187] [debug] Core [3] : Memory unit idle cycle 1000 Systolic bubble cycle 0 Core idle cycle 0 
[2026-05-25 04:19:56.187] [debug] Core [3] : PE Utilization(%) 100.00, Systolic Bubble(%) 0.00, Vector Unit Utilization(%) 0.00, Total cycle: 56000
[2026-05-25 04:19:56.294] [info] Core [0] : MatMul active cycle 1000 Vector active cycle 0 
[2026-05-25 04:19:56.294] [info] Core [0] : issued tile 1 
[2026-05-25 04:19:56.294] [info] Core [0] : Memory unit idle cycle 1000 Systolic bubble cycle 0 Core idle cycle 0 
[2026-05-25 04:19:56.294] [info] Core [0] : PE Utilization(%) 100.00, Systolic Bubble(%) 0.00, Vector Unit Utilization(%) 0.00, Total cycle: 57000
[2026-05-25 04:19:56.294] [debug] Core [1] : MatMul active cycle 1000 Vector active cycle 0 
[2026-05-25 04:19:56.294] [debug] Core [1] : issued tile 1 
[2026-05-25 04:19:56.294] [debug] Core [1] : Memory unit idle cycle 1000 Systolic bubble cycle 0 Core idle cycle 0 
[2026-05-25 04:19:56.294] [debug] Core [1] : PE Utilization(%) 100.00, Systolic Bubble(%) 0.00, Vector Unit Utilization(%) 0.00, Total cycle: 57000
[2026-05-25 04:19:56.294] [debug] Core [2] : MatMul active cycle 1000 Vector active cycle 0 
[2026-05-25 04:19:56.294] [debug] Core [2] : issued tile 1 
[2026-05-25 04:19:56.294] [debug] Core [2] : Memory unit idle cycle 1000 Systolic bubble cycle 0 Core idle cycle 0 
[2026-05-25 04:19:56.294] [debug] Core [2] : PE Utilization(%) 100.00, Systolic Bubble(%) 0.00, Vector Unit Utilization(%) 0.00, Total cycle: 57000
[2026-05-25 04:19:56.294] [debug] Core [3] : MatMul active cycle 1000 Vector active cycle 0 
[2026-05-25 04:19:56.294] [debug] Core [3] : issued tile 1 
[2026-05-25 04:19:56.294] [debug] Core [3] : Memory unit idle cycle 1000 Systolic bubble cycle 0 Core idle cycle 0 
[2026-05-25 04:19:56.294] [debug] Core [3] : PE Utilization(%) 100.00, Systolic Bubble(%) 0.00, Vector Unit Utilization(%) 0.00, Total cycle: 57000
[2026-05-25 04:19:56.301] [info] Core [0] : MatMul active cycle 1000 Vector active cycle 0 
[2026-05-25 04:19:56.301] [info] Core [0] : issued tile 1 
[2026-05-25 04:19:56.301] [info] Core [0] : Memory unit idle cycle 1000 Systolic bubble cycle 0 Core idle cycle 0 
[2026-05-25 04:19:56.301] [info] Core [0] : PE Utilization(%) 100.00, Systolic Bubble(%) 0.00, Vector Unit Utilization(%) 0.00, Total cycle: 58000
[2026-05-25 04:19:56.301] [debug] Core [1] : MatMul active cycle 1000 Vector active cycle 0 
[2026-05-25 04:19:56.301] [debug] Core [1] : issued tile 1 
[2026-05-25 04:19:56.301] [debug] Core [1] : Memory unit idle cycle 1000 Systolic bubble cycle 0 Core idle cycle 0 
[2026-05-25 04:19:56.301] [debug] Core [1] : PE Utilization(%) 100.00, Systolic Bubble(%) 0.00, Vector Unit Utilization(%) 0.00, Total cycle: 58000
[2026-05-25 04:19:56.301] [debug] Core [2] : MatMul active cycle 1000 Vector active cycle 0 
[2026-05-25 04:19:56.301] [debug] Core [2] : issued tile 1 
[2026-05-25 04:19:56.301] [debug] Core [2] : Memory unit idle cycle 1000 Systolic bubble cycle 0 Core idle cycle 0 
[2026-05-25 04:19:56.301] [debug] Core [2] : PE Utilization(%) 100.00, Systolic Bubble(%) 0.00, Vector Unit Utilization(%) 0.00, Total cycle: 58000
[2026-05-25 04:19:56.301] [debug] Core [3] : MatMul active cycle 1000 Vector active cycle 0 
[2026-05-25 04:19:56.301] [debug] Core [3] : issued tile 1 
[2026-05-25 04:19:56.301] [debug] Core [3] : Memory unit idle cycle 1000 Systolic bubble cycle 0 Core idle cycle 0 
[2026-05-25 04:19:56.301] [debug] Core [3] : PE Utilization(%) 100.00, Systolic Bubble(%) 0.00, Vector Unit Utilization(%) 0.00, Total cycle: 58000
[2026-05-25 04:19:56.307] [info] Core [0] : MatMul active cycle 1000 Vector active cycle 0 
[2026-05-25 04:19:56.307] [info] Core [0] : issued tile 1 
[2026-05-25 04:19:56.307] [info] Core [0] : Memory unit idle cycle 1000 Systolic bubble cycle 0 Core idle cycle 0 
[2026-05-25 04:19:56.307] [info] Core [0] : PE Utilization(%) 100.00, Systolic Bubble(%) 0.00, Vector Unit Utilization(%) 0.00, Total cycle: 59000
[2026-05-25 04:19:56.307] [debug] Core [1] : MatMul active cycle 1000 Vector active cycle 0 
[2026-05-25 04:19:56.307] [debug] Core [1] : issued tile 1 
[2026-05-25 04:19:56.307] [debug] Core [1] : Memory unit idle cycle 1000 Systolic bubble cycle 0 Core idle cycle 0 
[2026-05-25 04:19:56.307] [debug] Core [1] : PE Utilization(%) 100.00, Systolic Bubble(%) 0.00, Vector Unit Utilization(%) 0.00, Total cycle: 59000
[2026-05-25 04:19:56.307] [debug] Core [2] : MatMul active cycle 1000 Vector active cycle 0 
[2026-05-25 04:19:56.307] [debug] Core [2] : issued tile 1 
[2026-05-25 04:19:56.307] [debug] Core [2] : Memory unit idle cycle 1000 Systolic bubble cycle 0 Core idle cycle 0 
[2026-05-25 04:19:56.307] [debug] Core [2] : PE Utilization(%) 100.00, Systolic Bubble(%) 0.00, Vector Unit Utilization(%) 0.00, Total cycle: 59000
[2026-05-25 04:19:56.307] [debug] Core [3] : MatMul active cycle 1000 Vector active cycle 0 
[2026-05-25 04:19:56.307] [debug] Core [3] : issued tile 1 
[2026-05-25 04:19:56.307] [debug] Core [3] : Memory unit idle cycle 1000 Systolic bubble cycle 0 Core idle cycle 0 
[2026-05-25 04:19:56.307] [debug] Core [3] : PE Utilization(%) 100.00, Systolic Bubble(%) 0.00, Vector Unit Utilization(%) 0.00, Total cycle: 59000
[2026-05-25 04:19:56.314] [info] Core [0] : MatMul active cycle 1000 Vector active cycle 0 
[2026-05-25 04:19:56.314] [info] Core [0] : issued tile 1 
[2026-05-25 04:19:56.314] [info] Core [0] : Memory unit idle cycle 1000 Systolic bubble cycle 0 Core idle cycle 0 
[2026-05-25 04:19:56.314] [info] Core [0] : PE Utilization(%) 100.00, Systolic Bubble(%) 0.00, Vector Unit Utilization(%) 0.00, Total cycle: 60000
[2026-05-25 04:19:56.314] [debug] Core [1] : MatMul active cycle 1000 Vector active cycle 0 
[2026-05-25 04:19:56.314] [debug] Core [1] : issued tile 1 
[2026-05-25 04:19:56.314] [debug] Core [1] : Memory unit idle cycle 1000 Systolic bubble cycle 0 Core idle cycle 0 
[2026-05-25 04:19:56.314] [debug] Core [1] : PE Utilization(%) 100.00, Systolic Bubble(%) 0.00, Vector Unit Utilization(%) 0.00, Total cycle: 60000
[2026-05-25 04:19:56.314] [debug] Core [2] : MatMul active cycle 1000 Vector active cycle 0 
[2026-05-25 04:19:56.314] [debug] Core [2] : issued tile 1 
[2026-05-25 04:19:56.314] [debug] Core [2] : Memory unit idle cycle 1000 Systolic bubble cycle 0 Core idle cycle 0 
[2026-05-25 04:19:56.314] [debug] Core [2] : PE Utilization(%) 100.00, Systolic Bubble(%) 0.00, Vector Unit Utilization(%) 0.00, Total cycle: 60000
[2026-05-25 04:19:56.314] [debug] Core [3] : MatMul active cycle 1000 Vector active cycle 0 
[2026-05-25 04:19:56.314] [debug] Core [3] : issued tile 1 
[2026-05-25 04:19:56.314] [debug] Core [3] : Memory unit idle cycle 1000 Systolic bubble cycle 0 Core idle cycle 0 
[2026-05-25 04:19:56.314] [debug] Core [3] : PE Utilization(%) 100.00, Systolic Bubble(%) 0.00, Vector Unit Utilization(%) 0.00, Total cycle: 60000
[2026-05-25 04:19:56.321] [info] Core [0] : MatMul active cycle 1000 Vector active cycle 0 
[2026-05-25 04:19:56.321] [info] Core [0] : issued tile 1 
[2026-05-25 04:19:56.321] [info] Core [0] : Memory unit idle cycle 1000 Systolic bubble cycle 0 Core idle cycle 0 
[2026-05-25 04:19:56.321] [info] Core [0] : PE Utilization(%) 100.00, Systolic Bubble(%) 0.00, Vector Unit Utilization(%) 0.00, Total cycle: 61000
[2026-05-25 04:19:56.321] [debug] Core [1] : MatMul active cycle 1000 Vector active cycle 0 
[2026-05-25 04:19:56.321] [debug] Core [1] : issued tile 1 
[2026-05-25 04:19:56.321] [debug] Core [1] : Memory unit idle cycle 1000 Systolic bubble cycle 0 Core idle cycle 0 
[2026-05-25 04:19:56.321] [debug] Core [1] : PE Utilization(%) 100.00, Systolic Bubble(%) 0.00, Vector Unit Utilization(%) 0.00, Total cycle: 61000
[2026-05-25 04:19:56.321] [debug] Core [2] : MatMul active cycle 1000 Vector active cycle 0 
[2026-05-25 04:19:56.321] [debug] Core [2] : issued tile 1 
[2026-05-25 04:19:56.321] [debug] Core [2] : Memory unit idle cycle 1000 Systolic bubble cycle 0 Core idle cycle 0 
[2026-05-25 04:19:56.321] [debug] Core [2] : PE Utilization(%) 100.00, Systolic Bubble(%) 0.00, Vector Unit Utilization(%) 0.00, Total cycle: 61000
[2026-05-25 04:19:56.321] [debug] Core [3] : MatMul active cycle 1000 Vector active cycle 0 
[2026-05-25 04:19:56.321] [debug] Core [3] : issued tile 1 
[2026-05-25 04:19:56.321] [debug] Core [3] : Memory unit idle cycle 1000 Systolic bubble cycle 0 Core idle cycle 0 
[2026-05-25 04:19:56.321] [debug] Core [3] : PE Utilization(%) 100.00, Systolic Bubble(%) 0.00, Vector Unit Utilization(%) 0.00, Total cycle: 61000
[2026-05-25 04:19:56.327] [info] Core [0] : MatMul active cycle 1000 Vector active cycle 0 
[2026-05-25 04:19:56.327] [info] Core [0] : issued tile 1 
[2026-05-25 04:19:56.327] [info] Core [0] : Memory unit idle cycle 1000 Systolic bubble cycle 0 Core idle cycle 0 
[2026-05-25 04:19:56.327] [info] Core [0] : PE Utilization(%) 100.00, Systolic Bubble(%) 0.00, Vector Unit Utilization(%) 0.00, Total cycle: 62000
[2026-05-25 04:19:56.327] [debug] Core [1] : MatMul active cycle 1000 Vector active cycle 0 
[2026-05-25 04:19:56.327] [debug] Core [1] : issued tile 1 
[2026-05-25 04:19:56.327] [debug] Core [1] : Memory unit idle cycle 1000 Systolic bubble cycle 0 Core idle cycle 0 
[2026-05-25 04:19:56.327] [debug] Core [1] : PE Utilization(%) 100.00, Systolic Bubble(%) 0.00, Vector Unit Utilization(%) 0.00, Total cycle: 62000
[2026-05-25 04:19:56.327] [debug] Core [2] : MatMul active cycle 1000 Vector active cycle 0 
[2026-05-25 04:19:56.327] [debug] Core [2] : issued tile 1 
[2026-05-25 04:19:56.327] [debug] Core [2] : Memory unit idle cycle 1000 Systolic bubble cycle 0 Core idle cycle 0 
[2026-05-25 04:19:56.327] [debug] Core [2] : PE Utilization(%) 100.00, Systolic Bubble(%) 0.00, Vector Unit Utilization(%) 0.00, Total cycle: 62000
[2026-05-25 04:19:56.327] [debug] Core [3] : MatMul active cycle 1000 Vector active cycle 0 
[2026-05-25 04:19:56.327] [debug] Core [3] : issued tile 1 
[2026-05-25 04:19:56.327] [debug] Core [3] : Memory unit idle cycle 1000 Systolic bubble cycle 0 Core idle cycle 0 
[2026-05-25 04:19:56.327] [debug] Core [3] : PE Utilization(%) 100.00, Systolic Bubble(%) 0.00, Vector Unit Utilization(%) 0.00, Total cycle: 62000
[2026-05-25 04:19:56.334] [info] Core [0] : MatMul active cycle 1000 Vector active cycle 0 
[2026-05-25 04:19:56.334] [info] Core [0] : issued tile 1 
[2026-05-25 04:19:56.334] [info] Core [0] : Memory unit idle cycle 1000 Systolic bubble cycle 0 Core idle cycle 0 
[2026-05-25 04:19:56.334] [info] Core [0] : PE Utilization(%) 100.00, Systolic Bubble(%) 0.00, Vector Unit Utilization(%) 0.00, Total cycle: 63000
[2026-05-25 04:19:56.334] [debug] Core [1] : MatMul active cycle 1000 Vector active cycle 0 
[2026-05-25 04:19:56.334] [debug] Core [1] : issued tile 1 
[2026-05-25 04:19:56.334] [debug] Core [1] : Memory unit idle cycle 1000 Systolic bubble cycle 0 Core idle cycle 0 
[2026-05-25 04:19:56.334] [debug] Core [1] : PE Utilization(%) 100.00, Systolic Bubble(%) 0.00, Vector Unit Utilization(%) 0.00, Total cycle: 63000
[2026-05-25 04:19:56.334] [debug] Core [2] : MatMul active cycle 431 Vector active cycle 1134 
[2026-05-25 04:19:56.334] [debug] Core [2] : issued tile 1 
[2026-05-25 04:19:56.334] [debug] Core [2] : Memory unit idle cycle 1000 Systolic bubble cycle 0 Core idle cycle 0 
[2026-05-25 04:19:56.334] [debug] Core [2] : PE Utilization(%) 43.10, Systolic Bubble(%) 0.00, Vector Unit Utilization(%) 113.40, Total cycle: 63000
[2026-05-25 04:19:56.334] [debug] Core [3] : MatMul active cycle 889 Vector active cycle 220 
[2026-05-25 04:19:56.334] [debug] Core [3] : issued tile 1 
[2026-05-25 04:19:56.334] [debug] Core [3] : Memory unit idle cycle 1000 Systolic bubble cycle 0 Core idle cycle 0 
[2026-05-25 04:19:56.334] [debug] Core [3] : PE Utilization(%) 88.90, Systolic Bubble(%) 0.00, Vector Unit Utilization(%) 22.00, Total cycle: 63000
[2026-05-25 04:19:56.340] [info] HBM2-CH_0: BW utilization 6% (399 reads, 194 writes)
[2026-05-25 04:19:56.340] [debug] HBM2-CH_1: BW utilization 6% (389 reads, 197 writes)
[2026-05-25 04:19:56.340] [debug] HBM2-CH_2: BW utilization 5% (343 reads, 171 writes)
[2026-05-25 04:19:56.340] [debug] HBM2-CH_3: BW utilization 4% (253 reads, 202 writes)
[2026-05-25 04:19:56.340] [debug] HBM2-CH_4: BW utilization 5% (382 reads, 192 writes)
[2026-05-25 04:19:56.340] [debug] HBM2-CH_5: BW utilization 6% (377 reads, 206 writes)
[2026-05-25 04:19:56.340] [debug] HBM2-CH_6: BW utilization 6% (433 reads, 222 writes)
[2026-05-25 04:19:56.340] [debug] HBM2-CH_7: BW utilization 5% (364 reads, 198 writes)
[2026-05-25 04:19:56.340] [debug] HBM2-CH_8: BW utilization 5% (368 reads, 162 writes)
[2026-05-25 04:19:56.340] [debug] HBM2-CH_9: BW utilization 6% (387 reads, 201 writes)
[2026-05-25 04:19:56.340] [debug] HBM2-CH_10: BW utilization 6% (430 reads, 201 writes)
[2026-05-25 04:19:56.340] [debug] HBM2-CH_11: BW utilization 6% (396 reads, 193 writes)
[2026-05-25 04:19:56.340] [debug] HBM2-CH_12: BW utilization 6% (431 reads, 191 writes)
[2026-05-25 04:19:56.340] [debug] HBM2-CH_13: BW utilization 4% (299 reads, 129 writes)
[2026-05-25 04:19:56.340] [debug] HBM2-CH_14: BW utilization 5% (337 reads, 155 writes)
[2026-05-25 04:19:56.340] [debug] HBM2-CH_15: BW utilization 5% (345 reads, 206 writes)
[2026-05-25 04:19:56.340] [info] Core [0] : MatMul active cycle 850 Vector active cycle 298 
[2026-05-25 04:19:56.340] [info] Core [0] : issued tile 1 
[2026-05-25 04:19:56.340] [info] Core [0] : Memory unit idle cycle 1000 Systolic bubble cycle 0 Core idle cycle 0 
[2026-05-25 04:19:56.340] [info] Core [0] : PE Utilization(%) 85.00, Systolic Bubble(%) 0.00, Vector Unit Utilization(%) 29.80, Total cycle: 64000
[2026-05-25 04:19:56.340] [debug] Core [1] : MatMul active cycle 127 Vector active cycle 1740 
[2026-05-25 04:19:56.340] [debug] Core [1] : issued tile 1 
[2026-05-25 04:19:56.340] [debug] Core [1] : Memory unit idle cycle 1000 Systolic bubble cycle 0 Core idle cycle 0 
[2026-05-25 04:19:56.340] [debug] Core [1] : PE Utilization(%) 12.70, Systolic Bubble(%) 0.00, Vector Unit Utilization(%) 174.00, Total cycle: 64000
[2026-05-25 04:19:56.340] [debug] Core [2] : MatMul active cycle 0 Vector active cycle 1996 
[2026-05-25 04:19:56.340] [debug] Core [2] : issued tile 1 
[2026-05-25 04:19:56.340] [debug] Core [2] : Memory unit idle cycle 1000 Systolic bubble cycle 0 Core idle cycle 0 
[2026-05-25 04:19:56.340] [debug] Core [2] : PE Utilization(%) 0.00, Systolic Bubble(%) 0.00, Vector Unit Utilization(%) 199.60, Total cycle: 64000
[2026-05-25 04:19:56.340] [debug] Core [3] : MatMul active cycle 0 Vector active cycle 1996 
[2026-05-25 04:19:56.340] [debug] Core [3] : issued tile 1 
[2026-05-25 04:19:56.340] [debug] Core [3] : Memory unit idle cycle 1000 Systolic bubble cycle 0 Core idle cycle 0 
[2026-05-25 04:19:56.340] [debug] Core [3] : PE Utilization(%) 0.00, Systolic Bubble(%) 0.00, Vector Unit Utilization(%) 199.60, Total cycle: 64000
[2026-05-25 04:19:56.347] [info] Core [0] : MatMul active cycle 0 Vector active cycle 1996 
[2026-05-25 04:19:56.347] [info] Core [0] : issued tile 1 
[2026-05-25 04:19:56.347] [info] Core [0] : Memory unit idle cycle 1000 Systolic bubble cycle 0 Core idle cycle 0 
[2026-05-25 04:19:56.347] [info] Core [0] : PE Utilization(%) 0.00, Systolic Bubble(%) 0.00, Vector Unit Utilization(%) 199.60, Total cycle: 65000
[2026-05-25 04:19:56.347] [debug] Core [1] : MatMul active cycle 0 Vector active cycle 1996 
[2026-05-25 04:19:56.347] [debug] Core [1] : issued tile 1 
[2026-05-25 04:19:56.347] [debug] Core [1] : Memory unit idle cycle 1000 Systolic bubble cycle 0 Core idle cycle 0 
[2026-05-25 04:19:56.347] [debug] Core [1] : PE Utilization(%) 0.00, Systolic Bubble(%) 0.00, Vector Unit Utilization(%) 199.60, Total cycle: 65000
[2026-05-25 04:19:56.347] [debug] Core [2] : MatMul active cycle 0 Vector active cycle 1994 
[2026-05-25 04:19:56.347] [debug] Core [2] : issued tile 1 
[2026-05-25 04:19:56.347] [debug] Core [2] : Memory unit idle cycle 1000 Systolic bubble cycle 0 Core idle cycle 0 
[2026-05-25 04:19:56.347] [debug] Core [2] : PE Utilization(%) 0.00, Systolic Bubble(%) 0.00, Vector Unit Utilization(%) 199.40, Total cycle: 65000
[2026-05-25 04:19:56.347] [debug] Core [3] : MatMul active cycle 0 Vector active cycle 1996 
[2026-05-25 04:19:56.347] [debug] Core [3] : issued tile 1 
[2026-05-25 04:19:56.347] [debug] Core [3] : Memory unit idle cycle 1000 Systolic bubble cycle 0 Core idle cycle 0 
[2026-05-25 04:19:56.347] [debug] Core [3] : PE Utilization(%) 0.00, Systolic Bubble(%) 0.00, Vector Unit Utilization(%) 199.60, Total cycle: 65000
[2026-05-25 04:19:56.353] [info] Core [0] : MatMul active cycle 0 Vector active cycle 1996 
[2026-05-25 04:19:56.353] [info] Core [0] : issued tile 1 
[2026-05-25 04:19:56.353] [info] Core [0] : Memory unit idle cycle 1000 Systolic bubble cycle 0 Core idle cycle 0 
[2026-05-25 04:19:56.353] [info] Core [0] : PE Utilization(%) 0.00, Systolic Bubble(%) 0.00, Vector Unit Utilization(%) 199.60, Total cycle: 66000
[2026-05-25 04:19:56.353] [debug] Core [1] : MatMul active cycle 52 Vector active cycle 1890 
[2026-05-25 04:19:56.353] [debug] Core [1] : issued tile 1 
[2026-05-25 04:19:56.353] [debug] Core [1] : Memory unit idle cycle 1000 Systolic bubble cycle 0 Core idle cycle 0 
[2026-05-25 04:19:56.353] [debug] Core [1] : PE Utilization(%) 0.00, Systolic Bubble(%) 0.00, Vector Unit Utilization(%) 189.00, Total cycle: 66000
[2026-05-25 04:19:56.353] [debug] Core [2] : MatMul active cycle 748 Vector active cycle 502 
[2026-05-25 04:19:56.353] [debug] Core [2] : issued tile 1 
[2026-05-25 04:19:56.353] [debug] Core [2] : Memory unit idle cycle 1000 Systolic bubble cycle 4417280 Core idle cycle 0 
[2026-05-25 04:19:56.353] [debug] Core [2] : PE Utilization(%) 22.34, Systolic Bubble(%) 26.96, Vector Unit Utilization(%) 50.20, Total cycle: 66000
[2026-05-25 04:19:56.353] [debug] Core [3] : MatMul active cycle 290 Vector active cycle 1414 
[2026-05-25 04:19:56.353] [debug] Core [3] : issued tile 1 
[2026-05-25 04:19:56.353] [debug] Core [3] : Memory unit idle cycle 1000 Systolic bubble cycle 313600 Core idle cycle 0 
[2026-05-25 04:19:56.353] [debug] Core [3] : PE Utilization(%) 1.59, Systolic Bubble(%) 1.91, Vector Unit Utilization(%) 141.40, Total cycle: 66000
[2026-05-25 04:19:56.360] [info] Core [0] : MatMul active cycle 329 Vector active cycle 1336 
[2026-05-25 04:19:56.360] [info] Core [0] : issued tile 1 
[2026-05-25 04:19:56.360] [info] Core [0] : Memory unit idle cycle 1000 Systolic bubble cycle 663040 Core idle cycle 0 
[2026-05-25 04:19:56.360] [info] Core [0] : PE Utilization(%) 3.35, Systolic Bubble(%) 4.05, Vector Unit Utilization(%) 133.60, Total cycle: 67000
[2026-05-25 04:19:56.360] [debug] Core [1] : MatMul active cycle 999 Vector active cycle 0 
[2026-05-25 04:19:56.360] [debug] Core [1] : issued tile 1 
[2026-05-25 04:19:56.360] [debug] Core [1] : Memory unit idle cycle 1000 Systolic bubble cycle 6854400 Core idle cycle 0 
[2026-05-25 04:19:56.360] [debug] Core [1] : PE Utilization(%) 34.66, Systolic Bubble(%) 41.84, Vector Unit Utilization(%) 0.00, Total cycle: 67000
[2026-05-25 04:19:56.360] [debug] Core [2] : MatMul active cycle 999 Vector active cycle 0 
[2026-05-25 04:19:56.360] [debug] Core [2] : issued tile 1 
[2026-05-25 04:19:56.360] [debug] Core [2] : Memory unit idle cycle 1000 Systolic bubble cycle 6666240 Core idle cycle 0 
[2026-05-25 04:19:56.360] [debug] Core [2] : PE Utilization(%) 33.71, Systolic Bubble(%) 40.69, Vector Unit Utilization(%) 0.00, Total cycle: 67000
[2026-05-25 04:19:56.360] [debug] Core [3] : MatMul active cycle 999 Vector active cycle 0 
[2026-05-25 04:19:56.360] [debug] Core [3] : issued tile 1 
[2026-05-25 04:19:56.360] [debug] Core [3] : Memory unit idle cycle 1000 Systolic bubble cycle 6666240 Core idle cycle 0 
[2026-05-25 04:19:56.360] [debug] Core [3] : PE Utilization(%) 33.71, Systolic Bubble(%) 40.69, Vector Unit Utilization(%) 0.00, Total cycle: 67000
[2026-05-25 04:19:56.366] [info] Core [0] : MatMul active cycle 999 Vector active cycle 0 
[2026-05-25 04:19:56.366] [info] Core [0] : issued tile 1 
[2026-05-25 04:19:56.366] [info] Core [0] : Memory unit idle cycle 1000 Systolic bubble cycle 6666240 Core idle cycle 0 
[2026-05-25 04:19:56.366] [info] Core [0] : PE Utilization(%) 33.71, Systolic Bubble(%) 40.69, Vector Unit Utilization(%) 0.00, Total cycle: 68000
[2026-05-25 04:19:56.366] [debug] Core [1] : MatMul active cycle 999 Vector active cycle 0 
[2026-05-25 04:19:56.366] [debug] Core [1] : issued tile 1 
[2026-05-25 04:19:56.366] [debug] Core [1] : Memory unit idle cycle 1000 Systolic bubble cycle 6854400 Core idle cycle 0 
[2026-05-25 04:19:56.366] [debug] Core [1] : PE Utilization(%) 34.66, Systolic Bubble(%) 41.84, Vector Unit Utilization(%) 0.00, Total cycle: 68000
[2026-05-25 04:19:56.366] [debug] Core [2] : MatMul active cycle 999 Vector active cycle 0 
[2026-05-25 04:19:56.366] [debug] Core [2] : issued tile 1 
[2026-05-25 04:19:56.366] [debug] Core [2] : Memory unit idle cycle 1000 Systolic bubble cycle 6666240 Core idle cycle 0 
[2026-05-25 04:19:56.366] [debug] Core [2] : PE Utilization(%) 33.71, Systolic Bubble(%) 40.69, Vector Unit Utilization(%) 0.00, Total cycle: 68000
[2026-05-25 04:19:56.366] [debug] Core [3] : MatMul active cycle 999 Vector active cycle 0 
[2026-05-25 04:19:56.366] [debug] Core [3] : issued tile 1 
[2026-05-25 04:19:56.367] [debug] Core [3] : Memory unit idle cycle 1000 Systolic bubble cycle 6728960 Core idle cycle 0 
[2026-05-25 04:19:56.367] [debug] Core [3] : PE Utilization(%) 34.03, Systolic Bubble(%) 41.07, Vector Unit Utilization(%) 0.00, Total cycle: 68000
[2026-05-25 04:19:56.373] [info] Core [0] : MatMul active cycle 999 Vector active cycle 0 
[2026-05-25 04:19:56.373] [info] Core [0] : issued tile 1 
[2026-05-25 04:19:56.373] [info] Core [0] : Memory unit idle cycle 1000 Systolic bubble cycle 6666240 Core idle cycle 0 
[2026-05-25 04:19:56.373] [info] Core [0] : PE Utilization(%) 33.71, Systolic Bubble(%) 40.69, Vector Unit Utilization(%) 0.00, Total cycle: 69000
[2026-05-25 04:19:56.373] [debug] Core [1] : MatMul active cycle 1000 Vector active cycle 0 
[2026-05-25 04:19:56.373] [debug] Core [1] : issued tile 1 
[2026-05-25 04:19:56.373] [debug] Core [1] : Memory unit idle cycle 1000 Systolic bubble cycle 6764800 Core idle cycle 0 
[2026-05-25 04:19:56.373] [debug] Core [1] : PE Utilization(%) 34.21, Systolic Bubble(%) 41.29, Vector Unit Utilization(%) 0.00, Total cycle: 69000
[2026-05-25 04:19:56.373] [debug] Core [2] : MatMul active cycle 999 Vector active cycle 0 
[2026-05-25 04:19:56.373] [debug] Core [2] : issued tile 1 
[2026-05-25 04:19:56.373] [debug] Core [2] : Memory unit idle cycle 1000 Systolic bubble cycle 6666240 Core idle cycle 0 
[2026-05-25 04:19:56.373] [debug] Core [2] : PE Utilization(%) 33.71, Systolic Bubble(%) 40.69, Vector Unit Utilization(%) 0.00, Total cycle: 69000
[2026-05-25 04:19:56.373] [debug] Core [3] : MatMul active cycle 999 Vector active cycle 0 
[2026-05-25 04:19:56.373] [debug] Core [3] : issued tile 1 
[2026-05-25 04:19:56.373] [debug] Core [3] : Memory unit idle cycle 1000 Systolic bubble cycle 6854400 Core idle cycle 0 
[2026-05-25 04:19:56.373] [debug] Core [3] : PE Utilization(%) 34.66, Systolic Bubble(%) 41.84, Vector Unit Utilization(%) 0.00, Total cycle: 69000
[2026-05-25 04:19:56.380] [info] Core [0] : MatMul active cycle 999 Vector active cycle 0 
[2026-05-25 04:19:56.380] [info] Core [0] : issued tile 1 
[2026-05-25 04:19:56.380] [info] Core [0] : Memory unit idle cycle 1000 Systolic bubble cycle 6666240 Core idle cycle 0 
[2026-05-25 04:19:56.380] [info] Core [0] : PE Utilization(%) 33.71, Systolic Bubble(%) 40.69, Vector Unit Utilization(%) 0.00, Total cycle: 70000
[2026-05-25 04:19:56.380] [debug] Core [1] : MatMul active cycle 999 Vector active cycle 0 
[2026-05-25 04:19:56.380] [debug] Core [1] : issued tile 1 
[2026-05-25 04:19:56.380] [debug] Core [1] : Memory unit idle cycle 1000 Systolic bubble cycle 6666240 Core idle cycle 0 
[2026-05-25 04:19:56.380] [debug] Core [1] : PE Utilization(%) 33.71, Systolic Bubble(%) 40.69, Vector Unit Utilization(%) 0.00, Total cycle: 70000
[2026-05-25 04:19:56.380] [debug] Core [2] : MatMul active cycle 999 Vector active cycle 0 
[2026-05-25 04:19:56.380] [debug] Core [2] : issued tile 1 
[2026-05-25 04:19:56.380] [debug] Core [2] : Memory unit idle cycle 1000 Systolic bubble cycle 6666240 Core idle cycle 0 
[2026-05-25 04:19:56.380] [debug] Core [2] : PE Utilization(%) 33.71, Systolic Bubble(%) 40.69, Vector Unit Utilization(%) 0.00, Total cycle: 70000
[2026-05-25 04:19:56.380] [debug] Core [3] : MatMul active cycle 999 Vector active cycle 0 
[2026-05-25 04:19:56.380] [debug] Core [3] : issued tile 1 
[2026-05-25 04:19:56.380] [debug] Core [3] : Memory unit idle cycle 1000 Systolic bubble cycle 6854400 Core idle cycle 0 
[2026-05-25 04:19:56.380] [debug] Core [3] : PE Utilization(%) 34.66, Systolic Bubble(%) 41.84, Vector Unit Utilization(%) 0.00, Total cycle: 70000
[2026-05-25 04:19:56.386] [info] Core [0] : MatMul active cycle 999 Vector active cycle 0 
[2026-05-25 04:19:56.386] [info] Core [0] : issued tile 1 
[2026-05-25 04:19:56.386] [info] Core [0] : Memory unit idle cycle 1000 Systolic bubble cycle 6755840 Core idle cycle 0 
[2026-05-25 04:19:56.386] [info] Core [0] : PE Utilization(%) 34.17, Systolic Bubble(%) 41.23, Vector Unit Utilization(%) 0.00, Total cycle: 71000
[2026-05-25 04:19:56.386] [debug] Core [1] : MatMul active cycle 999 Vector active cycle 0 
[2026-05-25 04:19:56.386] [debug] Core [1] : issued tile 1 
[2026-05-25 04:19:56.386] [debug] Core [1] : Memory unit idle cycle 1000 Systolic bubble cycle 6666240 Core idle cycle 0 
[2026-05-25 04:19:56.386] [debug] Core [1] : PE Utilization(%) 33.71, Systolic Bubble(%) 40.69, Vector Unit Utilization(%) 0.00, Total cycle: 71000
[2026-05-25 04:19:56.386] [debug] Core [2] : MatMul active cycle 999 Vector active cycle 0 
[2026-05-25 04:19:56.386] [debug] Core [2] : issued tile 1 
[2026-05-25 04:19:56.386] [debug] Core [2] : Memory unit idle cycle 1000 Systolic bubble cycle 6666240 Core idle cycle 0 
[2026-05-25 04:19:56.386] [debug] Core [2] : PE Utilization(%) 33.71, Systolic Bubble(%) 40.69, Vector Unit Utilization(%) 0.00, Total cycle: 71000
[2026-05-25 04:19:56.386] [debug] Core [3] : MatMul active cycle 999 Vector active cycle 0 
[2026-05-25 04:19:56.386] [debug] Core [3] : issued tile 1 
[2026-05-25 04:19:56.386] [debug] Core [3] : Memory unit idle cycle 1000 Systolic bubble cycle 6854400 Core idle cycle 0 
[2026-05-25 04:19:56.386] [debug] Core [3] : PE Utilization(%) 34.66, Systolic Bubble(%) 41.84, Vector Unit Utilization(%) 0.00, Total cycle: 71000
[2026-05-25 04:19:56.393] [info] HBM2-CH_0: BW utilization 0% (0 reads, 0 writes)
[2026-05-25 04:19:56.393] [debug] HBM2-CH_1: BW utilization 0% (0 reads, 0 writes)
[2026-05-25 04:19:56.393] [debug] HBM2-CH_2: BW utilization 0% (0 reads, 0 writes)
[2026-05-25 04:19:56.393] [debug] HBM2-CH_3: BW utilization 0% (0 reads, 0 writes)
[2026-05-25 04:19:56.393] [debug] HBM2-CH_4: BW utilization 0% (0 reads, 0 writes)
[2026-05-25 04:19:56.393] [debug] HBM2-CH_5: BW utilization 0% (0 reads, 0 writes)
[2026-05-25 04:19:56.393] [debug] HBM2-CH_6: BW utilization 0% (0 reads, 0 writes)
[2026-05-25 04:19:56.393] [debug] HBM2-CH_7: BW utilization 0% (0 reads, 0 writes)
[2026-05-25 04:19:56.393] [debug] HBM2-CH_8: BW utilization 0% (0 reads, 0 writes)
[2026-05-25 04:19:56.393] [debug] HBM2-CH_9: BW utilization 0% (0 reads, 0 writes)
[2026-05-25 04:19:56.393] [debug] HBM2-CH_10: BW utilization 0% (0 reads, 0 writes)
[2026-05-25 04:19:56.393] [debug] HBM2-CH_11: BW utilization 0% (0 reads, 0 writes)
[2026-05-25 04:19:56.393] [debug] HBM2-CH_12: BW utilization 0% (0 reads, 0 writes)
[2026-05-25 04:19:56.393] [debug] HBM2-CH_13: BW utilization 0% (0 reads, 0 writes)
[2026-05-25 04:19:56.393] [debug] HBM2-CH_14: BW utilization 0% (0 reads, 0 writes)
[2026-05-25 04:19:56.393] [debug] HBM2-CH_15: BW utilization 0% (0 reads, 0 writes)
[2026-05-25 04:19:56.393] [info] Core [0] : MatMul active cycle 999 Vector active cycle 0 
[2026-05-25 04:19:56.393] [info] Core [0] : issued tile 1 
[2026-05-25 04:19:56.393] [info] Core [0] : Memory unit idle cycle 1000 Systolic bubble cycle 6854400 Core idle cycle 0 
[2026-05-25 04:19:56.393] [info] Core [0] : PE Utilization(%) 34.66, Systolic Bubble(%) 41.84, Vector Unit Utilization(%) 0.00, Total cycle: 72000
[2026-05-25 04:19:56.393] [debug] Core [1] : MatMul active cycle 999 Vector active cycle 0 
[2026-05-25 04:19:56.393] [debug] Core [1] : issued tile 1 
[2026-05-25 04:19:56.393] [debug] Core [1] : Memory unit idle cycle 1000 Systolic bubble cycle 6666240 Core idle cycle 0 
[2026-05-25 04:19:56.393] [debug] Core [1] : PE Utilization(%) 33.71, Systolic Bubble(%) 40.69, Vector Unit Utilization(%) 0.00, Total cycle: 72000
[2026-05-25 04:19:56.393] [debug] Core [2] : MatMul active cycle 999 Vector active cycle 0 
[2026-05-25 04:19:56.393] [debug] Core [2] : issued tile 1 
[2026-05-25 04:19:56.393] [debug] Core [2] : Memory unit idle cycle 1000 Systolic bubble cycle 6666240 Core idle cycle 0 
[2026-05-25 04:19:56.393] [debug] Core [2] : PE Utilization(%) 33.71, Systolic Bubble(%) 40.69, Vector Unit Utilization(%) 0.00, Total cycle: 72000
[2026-05-25 04:19:56.393] [debug] Core [3] : MatMul active cycle 999 Vector active cycle 0 
[2026-05-25 04:19:56.393] [debug] Core [3] : issued tile 1 
[2026-05-25 04:19:56.393] [debug] Core [3] : Memory unit idle cycle 1000 Systolic bubble cycle 6854400 Core idle cycle 0 
[2026-05-25 04:19:56.393] [debug] Core [3] : PE Utilization(%) 34.66, Systolic Bubble(%) 41.84, Vector Unit Utilization(%) 0.00, Total cycle: 72000
[2026-05-25 04:19:56.399] [info] Core [0] : MatMul active cycle 999 Vector active cycle 0 
[2026-05-25 04:19:56.399] [info] Core [0] : issued tile 1 
[2026-05-25 04:19:56.399] [info] Core [0] : Memory unit idle cycle 1000 Systolic bubble cycle 6854400 Core idle cycle 0 
[2026-05-25 04:19:56.399] [info] Core [0] : PE Utilization(%) 34.66, Systolic Bubble(%) 41.84, Vector Unit Utilization(%) 0.00, Total cycle: 73000
[2026-05-25 04:19:56.399] [debug] Core [1] : MatMul active cycle 999 Vector active cycle 0 
[2026-05-25 04:19:56.399] [debug] Core [1] : issued tile 1 
[2026-05-25 04:19:56.399] [debug] Core [1] : Memory unit idle cycle 1000 Systolic bubble cycle 6666240 Core idle cycle 0 
[2026-05-25 04:19:56.399] [debug] Core [1] : PE Utilization(%) 33.71, Systolic Bubble(%) 40.69, Vector Unit Utilization(%) 0.00, Total cycle: 73000
[2026-05-25 04:19:56.399] [debug] Core [2] : MatMul active cycle 999 Vector active cycle 0 
[2026-05-25 04:19:56.399] [debug] Core [2] : issued tile 1 
[2026-05-25 04:19:56.399] [debug] Core [2] : Memory unit idle cycle 1000 Systolic bubble cycle 6666240 Core idle cycle 0 
[2026-05-25 04:19:56.399] [debug] Core [2] : PE Utilization(%) 33.71, Systolic Bubble(%) 40.69, Vector Unit Utilization(%) 0.00, Total cycle: 73000
[2026-05-25 04:19:56.399] [debug] Core [3] : MatMul active cycle 999 Vector active cycle 0 
[2026-05-25 04:19:56.399] [debug] Core [3] : issued tile 1 
[2026-05-25 04:19:56.399] [debug] Core [3] : Memory unit idle cycle 1000 Systolic bubble cycle 6854400 Core idle cycle 0 
[2026-05-25 04:19:56.399] [debug] Core [3] : PE Utilization(%) 34.66, Systolic Bubble(%) 41.84, Vector Unit Utilization(%) 0.00, Total cycle: 73000
[2026-05-25 04:19:56.406] [info] Core [0] : MatMul active cycle 999 Vector active cycle 0 
[2026-05-25 04:19:56.406] [info] Core [0] : issued tile 1 
[2026-05-25 04:19:56.406] [info] Core [0] : Memory unit idle cycle 1000 Systolic bubble cycle 6854400 Core idle cycle 0 
[2026-05-25 04:19:56.406] [info] Core [0] : PE Utilization(%) 34.66, Systolic Bubble(%) 41.84, Vector Unit Utilization(%) 0.00, Total cycle: 74000
[2026-05-25 04:19:56.406] [debug] Core [1] : MatMul active cycle 999 Vector active cycle 0 
[2026-05-25 04:19:56.406] [debug] Core [1] : issued tile 1 
[2026-05-25 04:19:56.406] [debug] Core [1] : Memory unit idle cycle 1000 Systolic bubble cycle 6666240 Core idle cycle 0 
[2026-05-25 04:19:56.406] [debug] Core [1] : PE Utilization(%) 33.71, Systolic Bubble(%) 40.69, Vector Unit Utilization(%) 0.00, Total cycle: 74000
[2026-05-25 04:19:56.406] [debug] Core [2] : MatMul active cycle 999 Vector active cycle 0 
[2026-05-25 04:19:56.406] [debug] Core [2] : issued tile 1 
[2026-05-25 04:19:56.406] [debug] Core [2] : Memory unit idle cycle 1000 Systolic bubble cycle 6666240 Core idle cycle 0 
[2026-05-25 04:19:56.406] [debug] Core [2] : PE Utilization(%) 33.71, Systolic Bubble(%) 40.69, Vector Unit Utilization(%) 0.00, Total cycle: 74000
[2026-05-25 04:19:56.406] [debug] Core [3] : MatMul active cycle 999 Vector active cycle 0 
[2026-05-25 04:19:56.406] [debug] Core [3] : issued tile 1 
[2026-05-25 04:19:56.406] [debug] Core [3] : Memory unit idle cycle 1000 Systolic bubble cycle 6854400 Core idle cycle 0 
[2026-05-25 04:19:56.406] [debug] Core [3] : PE Utilization(%) 34.66, Systolic Bubble(%) 41.84, Vector Unit Utilization(%) 0.00, Total cycle: 74000
[2026-05-25 04:19:56.413] [info] Core [0] : MatMul active cycle 999 Vector active cycle 0 
[2026-05-25 04:19:56.413] [info] Core [0] : issued tile 1 
[2026-05-25 04:19:56.413] [info] Core [0] : Memory unit idle cycle 1000 Systolic bubble cycle 6854400 Core idle cycle 0 
[2026-05-25 04:19:56.413] [info] Core [0] : PE Utilization(%) 34.66, Systolic Bubble(%) 41.84, Vector Unit Utilization(%) 0.00, Total cycle: 75000
[2026-05-25 04:19:56.413] [debug] Core [1] : MatMul active cycle 999 Vector active cycle 0 
[2026-05-25 04:19:56.413] [debug] Core [1] : issued tile 1 
[2026-05-25 04:19:56.413] [debug] Core [1] : Memory unit idle cycle 1000 Systolic bubble cycle 6666240 Core idle cycle 0 
[2026-05-25 04:19:56.413] [debug] Core [1] : PE Utilization(%) 33.71, Systolic Bubble(%) 40.69, Vector Unit Utilization(%) 0.00, Total cycle: 75000
[2026-05-25 04:19:56.413] [debug] Core [2] : MatMul active cycle 999 Vector active cycle 0 
[2026-05-25 04:19:56.413] [debug] Core [2] : issued tile 1 
[2026-05-25 04:19:56.413] [debug] Core [2] : Memory unit idle cycle 1000 Systolic bubble cycle 6666240 Core idle cycle 0 
[2026-05-25 04:19:56.413] [debug] Core [2] : PE Utilization(%) 33.71, Systolic Bubble(%) 40.69, Vector Unit Utilization(%) 0.00, Total cycle: 75000
[2026-05-25 04:19:56.413] [debug] Core [3] : MatMul active cycle 999 Vector active cycle 0 
[2026-05-25 04:19:56.413] [debug] Core [3] : issued tile 1 
[2026-05-25 04:19:56.413] [debug] Core [3] : Memory unit idle cycle 1000 Systolic bubble cycle 6854400 Core idle cycle 0 
[2026-05-25 04:19:56.413] [debug] Core [3] : PE Utilization(%) 34.66, Systolic Bubble(%) 41.84, Vector Unit Utilization(%) 0.00, Total cycle: 75000
[2026-05-25 04:19:56.419] [info] Core [0] : MatMul active cycle 999 Vector active cycle 0 
[2026-05-25 04:19:56.419] [info] Core [0] : issued tile 1 
[2026-05-25 04:19:56.419] [info] Core [0] : Memory unit idle cycle 1000 Systolic bubble cycle 6854400 Core idle cycle 0 
[2026-05-25 04:19:56.419] [info] Core [0] : PE Utilization(%) 34.66, Systolic Bubble(%) 41.84, Vector Unit Utilization(%) 0.00, Total cycle: 76000
[2026-05-25 04:19:56.419] [debug] Core [1] : MatMul active cycle 999 Vector active cycle 0 
[2026-05-25 04:19:56.419] [debug] Core [1] : issued tile 1 
[2026-05-25 04:19:56.419] [debug] Core [1] : Memory unit idle cycle 1000 Systolic bubble cycle 6666240 Core idle cycle 0 
[2026-05-25 04:19:56.419] [debug] Core [1] : PE Utilization(%) 33.71, Systolic Bubble(%) 40.69, Vector Unit Utilization(%) 0.00, Total cycle: 76000
[2026-05-25 04:19:56.419] [debug] Core [2] : MatMul active cycle 999 Vector active cycle 0 
[2026-05-25 04:19:56.419] [debug] Core [2] : issued tile 1 
[2026-05-25 04:19:56.419] [debug] Core [2] : Memory unit idle cycle 1000 Systolic bubble cycle 6666240 Core idle cycle 0 
[2026-05-25 04:19:56.419] [debug] Core [2] : PE Utilization(%) 33.71, Systolic Bubble(%) 40.69, Vector Unit Utilization(%) 0.00, Total cycle: 76000
[2026-05-25 04:19:56.419] [debug] Core [3] : MatMul active cycle 999 Vector active cycle 0 
[2026-05-25 04:19:56.419] [debug] Core [3] : issued tile 1 
[2026-05-25 04:19:56.419] [debug] Core [3] : Memory unit idle cycle 1000 Systolic bubble cycle 6854400 Core idle cycle 0 
[2026-05-25 04:19:56.419] [debug] Core [3] : PE Utilization(%) 34.66, Systolic Bubble(%) 41.84, Vector Unit Utilization(%) 0.00, Total cycle: 76000
[2026-05-25 04:19:56.426] [info] Core [0] : MatMul active cycle 999 Vector active cycle 0 
[2026-05-25 04:19:56.426] [info] Core [0] : issued tile 1 
[2026-05-25 04:19:56.426] [info] Core [0] : Memory unit idle cycle 1000 Systolic bubble cycle 6854400 Core idle cycle 0 
[2026-05-25 04:19:56.426] [info] Core [0] : PE Utilization(%) 34.66, Systolic Bubble(%) 41.84, Vector Unit Utilization(%) 0.00, Total cycle: 77000
[2026-05-25 04:19:56.426] [debug] Core [1] : MatMul active cycle 999 Vector active cycle 0 
[2026-05-25 04:19:56.426] [debug] Core [1] : issued tile 1 
[2026-05-25 04:19:56.426] [debug] Core [1] : Memory unit idle cycle 1000 Systolic bubble cycle 6666240 Core idle cycle 0 
[2026-05-25 04:19:56.426] [debug] Core [1] : PE Utilization(%) 33.71, Systolic Bubble(%) 40.69, Vector Unit Utilization(%) 0.00, Total cycle: 77000
[2026-05-25 04:19:56.426] [debug] Core [2] : MatMul active cycle 999 Vector active cycle 0 
[2026-05-25 04:19:56.426] [debug] Core [2] : issued tile 1 
[2026-05-25 04:19:56.426] [debug] Core [2] : Memory unit idle cycle 1000 Systolic bubble cycle 6666240 Core idle cycle 0 
[2026-05-25 04:19:56.426] [debug] Core [2] : PE Utilization(%) 33.71, Systolic Bubble(%) 40.69, Vector Unit Utilization(%) 0.00, Total cycle: 77000
[2026-05-25 04:19:56.426] [debug] Core [3] : MatMul active cycle 999 Vector active cycle 0 
[2026-05-25 04:19:56.426] [debug] Core [3] : issued tile 1 
[2026-05-25 04:19:56.426] [debug] Core [3] : Memory unit idle cycle 1000 Systolic bubble cycle 6854400 Core idle cycle 0 
[2026-05-25 04:19:56.426] [debug] Core [3] : PE Utilization(%) 34.66, Systolic Bubble(%) 41.84, Vector Unit Utilization(%) 0.00, Total cycle: 77000
[2026-05-25 04:19:56.432] [info] Core [0] : MatMul active cycle 999 Vector active cycle 0 
[2026-05-25 04:19:56.432] [info] Core [0] : issued tile 1 
[2026-05-25 04:19:56.432] [info] Core [0] : Memory unit idle cycle 1000 Systolic bubble cycle 6854400 Core idle cycle 0 
[2026-05-25 04:19:56.432] [info] Core [0] : PE Utilization(%) 34.66, Systolic Bubble(%) 41.84, Vector Unit Utilization(%) 0.00, Total cycle: 78000
[2026-05-25 04:19:56.432] [debug] Core [1] : MatMul active cycle 999 Vector active cycle 0 
[2026-05-25 04:19:56.432] [debug] Core [1] : issued tile 1 
[2026-05-25 04:19:56.432] [debug] Core [1] : Memory unit idle cycle 1000 Systolic bubble cycle 6666240 Core idle cycle 0 
[2026-05-25 04:19:56.432] [debug] Core [1] : PE Utilization(%) 33.71, Systolic Bubble(%) 40.69, Vector Unit Utilization(%) 0.00, Total cycle: 78000
[2026-05-25 04:19:56.432] [debug] Core [2] : MatMul active cycle 999 Vector active cycle 0 
[2026-05-25 04:19:56.432] [debug] Core [2] : issued tile 1 
[2026-05-25 04:19:56.432] [debug] Core [2] : Memory unit idle cycle 1000 Systolic bubble cycle 6666240 Core idle cycle 0 
[2026-05-25 04:19:56.432] [debug] Core [2] : PE Utilization(%) 33.71, Systolic Bubble(%) 40.69, Vector Unit Utilization(%) 0.00, Total cycle: 78000
[2026-05-25 04:19:56.432] [debug] Core [3] : MatMul active cycle 999 Vector active cycle 0 
[2026-05-25 04:19:56.432] [debug] Core [3] : issued tile 1 
[2026-05-25 04:19:56.432] [debug] Core [3] : Memory unit idle cycle 1000 Systolic bubble cycle 6854400 Core idle cycle 0 
[2026-05-25 04:19:56.432] [debug] Core [3] : PE Utilization(%) 34.66, Systolic Bubble(%) 41.84, Vector Unit Utilization(%) 0.00, Total cycle: 78000
[2026-05-25 04:19:56.439] [info] Core [0] : MatMul active cycle 999 Vector active cycle 0 
[2026-05-25 04:19:56.439] [info] Core [0] : issued tile 1 
[2026-05-25 04:19:56.439] [info] Core [0] : Memory unit idle cycle 1000 Systolic bubble cycle 6854400 Core idle cycle 0 
[2026-05-25 04:19:56.439] [info] Core [0] : PE Utilization(%) 34.66, Systolic Bubble(%) 41.84, Vector Unit Utilization(%) 0.00, Total cycle: 79000
[2026-05-25 04:19:56.439] [debug] Core [1] : MatMul active cycle 999 Vector active cycle 0 
[2026-05-25 04:19:56.439] [debug] Core [1] : issued tile 1 
[2026-05-25 04:19:56.439] [debug] Core [1] : Memory unit idle cycle 1000 Systolic bubble cycle 6666240 Core idle cycle 0 
[2026-05-25 04:19:56.439] [debug] Core [1] : PE Utilization(%) 33.71, Systolic Bubble(%) 40.69, Vector Unit Utilization(%) 0.00, Total cycle: 79000
[2026-05-25 04:19:56.439] [debug] Core [2] : MatMul active cycle 999 Vector active cycle 0 
[2026-05-25 04:19:56.439] [debug] Core [2] : issued tile 1 
[2026-05-25 04:19:56.439] [debug] Core [2] : Memory unit idle cycle 1000 Systolic bubble cycle 6666240 Core idle cycle 0 
[2026-05-25 04:19:56.439] [debug] Core [2] : PE Utilization(%) 33.71, Systolic Bubble(%) 40.69, Vector Unit Utilization(%) 0.00, Total cycle: 79000
[2026-05-25 04:19:56.439] [debug] Core [3] : MatMul active cycle 999 Vector active cycle 0 
[2026-05-25 04:19:56.439] [debug] Core [3] : issued tile 1 
[2026-05-25 04:19:56.439] [debug] Core [3] : Memory unit idle cycle 1000 Systolic bubble cycle 6854400 Core idle cycle 0 
[2026-05-25 04:19:56.439] [debug] Core [3] : PE Utilization(%) 34.66, Systolic Bubble(%) 41.84, Vector Unit Utilization(%) 0.00, Total cycle: 79000
[2026-05-25 04:19:56.445] [info] HBM2-CH_0: BW utilization 0% (0 reads, 0 writes)
[2026-05-25 04:19:56.445] [debug] HBM2-CH_1: BW utilization 0% (0 reads, 0 writes)
[2026-05-25 04:19:56.445] [debug] HBM2-CH_2: BW utilization 0% (0 reads, 0 writes)
[2026-05-25 04:19:56.445] [debug] HBM2-CH_3: BW utilization 0% (0 reads, 0 writes)
[2026-05-25 04:19:56.445] [debug] HBM2-CH_4: BW utilization 0% (0 reads, 0 writes)
[2026-05-25 04:19:56.445] [debug] HBM2-CH_5: BW utilization 0% (0 reads, 0 writes)
[2026-05-25 04:19:56.445] [debug] HBM2-CH_6: BW utilization 0% (0 reads, 0 writes)
[2026-05-25 04:19:56.445] [debug] HBM2-CH_7: BW utilization 0% (0 reads, 0 writes)
[2026-05-25 04:19:56.445] [debug] HBM2-CH_8: BW utilization 0% (0 reads, 0 writes)
[2026-05-25 04:19:56.445] [debug] HBM2-CH_9: BW utilization 0% (0 reads, 0 writes)
[2026-05-25 04:19:56.445] [debug] HBM2-CH_10: BW utilization 0% (0 reads, 0 writes)
[2026-05-25 04:19:56.445] [debug] HBM2-CH_11: BW utilization 0% (0 reads, 0 writes)
[2026-05-25 04:19:56.445] [debug] HBM2-CH_12: BW utilization 0% (0 reads, 0 writes)
[2026-05-25 04:19:56.445] [debug] HBM2-CH_13: BW utilization 0% (0 reads, 0 writes)
[2026-05-25 04:19:56.445] [debug] HBM2-CH_14: BW utilization 0% (0 reads, 0 writes)
[2026-05-25 04:19:56.445] [debug] HBM2-CH_15: BW utilization 0% (0 reads, 0 writes)
[2026-05-25 04:19:56.446] [info] Core [0] : MatMul active cycle 999 Vector active cycle 0 
[2026-05-25 04:19:56.446] [info] Core [0] : issued tile 1 
[2026-05-25 04:19:56.446] [info] Core [0] : Memory unit idle cycle 1000 Systolic bubble cycle 6854400 Core idle cycle 0 
[2026-05-25 04:19:56.446] [info] Core [0] : PE Utilization(%) 34.66, Systolic Bubble(%) 41.84, Vector Unit Utilization(%) 0.00, Total cycle: 80000
[2026-05-25 04:19:56.446] [debug] Core [1] : MatMul active cycle 999 Vector active cycle 0 
[2026-05-25 04:19:56.446] [debug] Core [1] : issued tile 1 
[2026-05-25 04:19:56.446] [debug] Core [1] : Memory unit idle cycle 1000 Systolic bubble cycle 6666240 Core idle cycle 0 
[2026-05-25 04:19:56.446] [debug] Core [1] : PE Utilization(%) 33.71, Systolic Bubble(%) 40.69, Vector Unit Utilization(%) 0.00, Total cycle: 80000
[2026-05-25 04:19:56.446] [debug] Core [2] : MatMul active cycle 999 Vector active cycle 0 
[2026-05-25 04:19:56.446] [debug] Core [2] : issued tile 1 
[2026-05-25 04:19:56.446] [debug] Core [2] : Memory unit idle cycle 1000 Systolic bubble cycle 6666240 Core idle cycle 0 
[2026-05-25 04:19:56.446] [debug] Core [2] : PE Utilization(%) 33.71, Systolic Bubble(%) 40.69, Vector Unit Utilization(%) 0.00, Total cycle: 80000
[2026-05-25 04:19:56.446] [debug] Core [3] : MatMul active cycle 1000 Vector active cycle 0 
[2026-05-25 04:19:56.446] [debug] Core [3] : issued tile 1 
[2026-05-25 04:19:56.446] [debug] Core [3] : Memory unit idle cycle 1000 Systolic bubble cycle 6827520 Core idle cycle 0 
[2026-05-25 04:19:56.446] [debug] Core [3] : PE Utilization(%) 34.53, Systolic Bubble(%) 41.67, Vector Unit Utilization(%) 0.00, Total cycle: 80000
[2026-05-25 04:19:56.452] [info] Core [0] : MatMul active cycle 999 Vector active cycle 0 
[2026-05-25 04:19:56.452] [info] Core [0] : issued tile 1 
[2026-05-25 04:19:56.452] [info] Core [0] : Memory unit idle cycle 1000 Systolic bubble cycle 6854400 Core idle cycle 0 
[2026-05-25 04:19:56.452] [info] Core [0] : PE Utilization(%) 34.66, Systolic Bubble(%) 41.84, Vector Unit Utilization(%) 0.00, Total cycle: 81000
[2026-05-25 04:19:56.452] [debug] Core [1] : MatMul active cycle 999 Vector active cycle 0 
[2026-05-25 04:19:56.452] [debug] Core [1] : issued tile 1 
[2026-05-25 04:19:56.452] [debug] Core [1] : Memory unit idle cycle 1000 Systolic bubble cycle 6666240 Core idle cycle 0 
[2026-05-25 04:19:56.452] [debug] Core [1] : PE Utilization(%) 33.71, Systolic Bubble(%) 40.69, Vector Unit Utilization(%) 0.00, Total cycle: 81000
[2026-05-25 04:19:56.452] [debug] Core [2] : MatMul active cycle 999 Vector active cycle 2 
[2026-05-25 04:19:56.452] [debug] Core [2] : issued tile 1 
[2026-05-25 04:19:56.452] [debug] Core [2] : Memory unit idle cycle 1000 Systolic bubble cycle 6666240 Core idle cycle 0 
[2026-05-25 04:19:56.452] [debug] Core [2] : PE Utilization(%) 33.71, Systolic Bubble(%) 40.69, Vector Unit Utilization(%) 0.20, Total cycle: 81000
[2026-05-25 04:19:56.452] [debug] Core [3] : MatMul active cycle 999 Vector active cycle 0 
[2026-05-25 04:19:56.452] [debug] Core [3] : issued tile 1 
[2026-05-25 04:19:56.452] [debug] Core [3] : Memory unit idle cycle 1000 Systolic bubble cycle 6666240 Core idle cycle 0 
[2026-05-25 04:19:56.452] [debug] Core [3] : PE Utilization(%) 33.71, Systolic Bubble(%) 40.69, Vector Unit Utilization(%) 0.00, Total cycle: 81000
[2026-05-25 04:19:56.457] [debug] Layer 24 Core 2 Finish Tile at 81619 Remain tile 4
[2026-05-25 04:19:56.479] [info] Core [0] : MatMul active cycle 999 Vector active cycle 2 
[2026-05-25 04:19:56.479] [info] Core [0] : issued tile 1 
[2026-05-25 04:19:56.479] [info] Core [0] : Memory unit idle cycle 1000 Systolic bubble cycle 6854400 Core idle cycle 0 
[2026-05-25 04:19:56.479] [info] Core [0] : PE Utilization(%) 34.66, Systolic Bubble(%) 41.84, Vector Unit Utilization(%) 0.20, Total cycle: 82000
[2026-05-25 04:19:56.479] [debug] Core [1] : MatMul active cycle 999 Vector active cycle 2 
[2026-05-25 04:19:56.479] [debug] Core [1] : issued tile 1 
[2026-05-25 04:19:56.479] [debug] Core [1] : Memory unit idle cycle 1000 Systolic bubble cycle 6666240 Core idle cycle 0 
[2026-05-25 04:19:56.479] [debug] Core [1] : PE Utilization(%) 33.71, Systolic Bubble(%) 40.69, Vector Unit Utilization(%) 0.20, Total cycle: 82000
[2026-05-25 04:19:56.479] [debug] Core [2] : MatMul active cycle 587 Vector active cycle 58 
[2026-05-25 04:19:56.479] [debug] Core [2] : issued tile 0 
[2026-05-25 04:19:56.479] [debug] Core [2] : Memory unit idle cycle 856 Systolic bubble cycle 5259520 Core idle cycle 128 
[2026-05-25 04:19:56.479] [debug] Core [2] : PE Utilization(%) 26.60, Systolic Bubble(%) 32.10, Vector Unit Utilization(%) 5.80, Total cycle: 82000
[2026-05-25 04:19:56.479] [debug] Core [3] : MatMul active cycle 999 Vector active cycle 2 
[2026-05-25 04:19:56.479] [debug] Core [3] : issued tile 1 
[2026-05-25 04:19:56.479] [debug] Core [3] : Memory unit idle cycle 1000 Systolic bubble cycle 6666240 Core idle cycle 0 
[2026-05-25 04:19:56.479] [debug] Core [3] : PE Utilization(%) 33.71, Systolic Bubble(%) 40.69, Vector Unit Utilization(%) 0.20, Total cycle: 82000
[2026-05-25 04:19:56.480] [debug] Layer 24 Core 3 Finish Tile at 82077 Remain tile 3
[2026-05-25 04:19:56.501] [debug] Layer 24 Core 1 Finish Tile at 82315 Remain tile 2
[2026-05-25 04:19:56.525] [info] Core [0] : MatMul active cycle 1000 Vector active cycle 0 
[2026-05-25 04:19:56.525] [info] Core [0] : issued tile 1 
[2026-05-25 04:19:56.525] [info] Core [0] : Memory unit idle cycle 1000 Systolic bubble cycle 6800640 Core idle cycle 0 
[2026-05-25 04:19:56.525] [info] Core [0] : PE Utilization(%) 34.39, Systolic Bubble(%) 41.51, Vector Unit Utilization(%) 0.00, Total cycle: 83000
[2026-05-25 04:19:56.525] [debug] Core [1] : MatMul active cycle 283 Vector active cycle 58 
[2026-05-25 04:19:56.525] [debug] Core [1] : issued tile 0 
[2026-05-25 04:19:56.525] [debug] Core [1] : Memory unit idle cycle 856 Systolic bubble cycle 2535680 Core idle cycle 422 
[2026-05-25 04:19:56.525] [debug] Core [1] : PE Utilization(%) 12.82, Systolic Bubble(%) 15.48, Vector Unit Utilization(%) 5.80, Total cycle: 83000
[2026-05-25 04:19:56.525] [debug] Core [2] : MatMul active cycle 0 Vector active cycle 0 
[2026-05-25 04:19:56.525] [debug] Core [2] : issued tile 0 
[2026-05-25 04:19:56.525] [debug] Core [2] : Memory unit idle cycle 1000 Systolic bubble cycle 0 Core idle cycle 1000 
[2026-05-25 04:19:56.525] [debug] Core [2] : PE Utilization(%) 0.00, Systolic Bubble(%) 0.00, Vector Unit Utilization(%) 0.00, Total cycle: 83000
[2026-05-25 04:19:56.525] [debug] Core [3] : MatMul active cycle 45 Vector active cycle 58 
[2026-05-25 04:19:56.525] [debug] Core [3] : issued tile 0 
[2026-05-25 04:19:56.525] [debug] Core [3] : Memory unit idle cycle 856 Systolic bubble cycle 403200 Core idle cycle 630 
[2026-05-25 04:19:56.525] [debug] Core [3] : PE Utilization(%) 2.04, Systolic Bubble(%) 2.46, Vector Unit Utilization(%) 5.80, Total cycle: 83000
[2026-05-25 04:19:56.526] [debug] Layer 24 Core 0 Finish Tile at 83038 Remain tile 1
[2026-05-25 04:19:56.526] [info] Layer layer0.attn.Attention.0 finish at 83038
[2026-05-25 04:19:56.526] [info] Total compute time 77209
[2026-05-25 04:19:56.526] [info] executable layer count 1
[2026-05-25 04:19:56.526] [info] Start layer layer0.attn.Atccat
[2026-05-25 04:19:56.526] [debug] Layer layer0.attn.Atccat Core 1 Get Tile at 83038
[2026-05-25 04:19:56.526] [debug] Layer 26 Core 1 Finish Tile at 83039 Remain tile 1
[2026-05-25 04:19:56.526] [info] Layer layer0.attn.Atccat finish at 83039
[2026-05-25 04:19:56.526] [info] Total compute time 1
[2026-05-25 04:19:56.526] [info] executable layer count 1
[2026-05-25 04:19:56.526] [info] Start layer layer0.attn.proj
[2026-05-25 04:19:56.526] [debug] Layer layer0.attn.proj Core 1 Get Tile at 83039
[2026-05-25 04:19:56.526] [debug] Layer layer0.attn.proj Core 2 Get Tile at 83039
[2026-05-25 04:19:56.526] [debug] Layer layer0.attn.proj Core 3 Get Tile at 83039
[2026-05-25 04:19:56.526] [debug] Layer layer0.attn.proj Core 0 Get Tile at 83040
[2026-05-25 04:19:56.779] [info] Core [0] : MatMul active cycle 6 Vector active cycle 58 
[2026-05-25 04:19:56.779] [info] Core [0] : issued tile 1 
[2026-05-25 04:19:56.779] [info] Core [0] : Memory unit idle cycle 413 Systolic bubble cycle 53760 Core idle cycle 0 
[2026-05-25 04:19:56.779] [info] Core [0] : PE Utilization(%) 0.27, Systolic Bubble(%) 0.33, Vector Unit Utilization(%) 5.80, Total cycle: 84000
[2026-05-25 04:19:56.779] [debug] Core [1] : MatMul active cycle 0 Vector active cycle 0 
[2026-05-25 04:19:56.779] [debug] Core [1] : issued tile 1 
[2026-05-25 04:19:56.779] [debug] Core [1] : Memory unit idle cycle 556 Systolic bubble cycle 0 Core idle cycle 39 
[2026-05-25 04:19:56.779] [debug] Core [1] : PE Utilization(%) 0.00, Systolic Bubble(%) 0.00, Vector Unit Utilization(%) 0.00, Total cycle: 84000
[2026-05-25 04:19:56.779] [debug] Core [2] : MatMul active cycle 0 Vector active cycle 0 
[2026-05-25 04:19:56.779] [debug] Core [2] : issued tile 1 
[2026-05-25 04:19:56.779] [debug] Core [2] : Memory unit idle cycle 556 Systolic bubble cycle 0 Core idle cycle 39 
[2026-05-25 04:19:56.779] [debug] Core [2] : PE Utilization(%) 0.00, Systolic Bubble(%) 0.00, Vector Unit Utilization(%) 0.00, Total cycle: 84000
[2026-05-25 04:19:56.779] [debug] Core [3] : MatMul active cycle 0 Vector active cycle 0 
[2026-05-25 04:19:56.779] [debug] Core [3] : issued tile 1 
[2026-05-25 04:19:56.779] [debug] Core [3] : Memory unit idle cycle 556 Systolic bubble cycle 0 Core idle cycle 39 
[2026-05-25 04:19:56.779] [debug] Core [3] : PE Utilization(%) 0.00, Systolic Bubble(%) 0.00, Vector Unit Utilization(%) 0.00, Total cycle: 84000
[2026-05-25 04:19:57.073] [info] Core [0] : MatMul active cycle 46 Vector active cycle 0 
[2026-05-25 04:19:57.073] [info] Core [0] : issued tile 1 
[2026-05-25 04:19:57.073] [info] Core [0] : Memory unit idle cycle 1000 Systolic bubble cycle 0 Core idle cycle 0 
[2026-05-25 04:19:57.073] [info] Core [0] : PE Utilization(%) 0.00, Systolic Bubble(%) 0.00, Vector Unit Utilization(%) 0.00, Total cycle: 85000
[2026-05-25 04:19:57.073] [debug] Core [1] : MatMul active cycle 525 Vector active cycle 0 
[2026-05-25 04:19:57.073] [debug] Core [1] : issued tile 1 
[2026-05-25 04:19:57.073] [debug] Core [1] : Memory unit idle cycle 1000 Systolic bubble cycle 0 Core idle cycle 0 
[2026-05-25 04:19:57.074] [debug] Core [1] : PE Utilization(%) 27.00, Systolic Bubble(%) 0.00, Vector Unit Utilization(%) 0.00, Total cycle: 85000
[2026-05-25 04:19:57.074] [debug] Core [2] : MatMul active cycle 416 Vector active cycle 0 
[2026-05-25 04:19:57.074] [debug] Core [2] : issued tile 1 
[2026-05-25 04:19:57.074] [debug] Core [2] : Memory unit idle cycle 1000 Systolic bubble cycle 0 Core idle cycle 0 
[2026-05-25 04:19:57.074] [debug] Core [2] : PE Utilization(%) 16.10, Systolic Bubble(%) 0.00, Vector Unit Utilization(%) 0.00, Total cycle: 85000
[2026-05-25 04:19:57.074] [debug] Core [3] : MatMul active cycle 500 Vector active cycle 0 
[2026-05-25 04:19:57.074] [debug] Core [3] : issued tile 1 
[2026-05-25 04:19:57.074] [debug] Core [3] : Memory unit idle cycle 1000 Systolic bubble cycle 0 Core idle cycle 0 
[2026-05-25 04:19:57.074] [debug] Core [3] : PE Utilization(%) 24.50, Systolic Bubble(%) 0.00, Vector Unit Utilization(%) 0.00, Total cycle: 85000
[2026-05-25 04:19:57.218] [info] Core [0] : MatMul active cycle 1000 Vector active cycle 0 
[2026-05-25 04:19:57.218] [info] Core [0] : issued tile 1 
[2026-05-25 04:19:57.218] [info] Core [0] : Memory unit idle cycle 912 Systolic bubble cycle 76800 Core idle cycle 0 
[2026-05-25 04:19:57.218] [info] Core [0] : PE Utilization(%) 78.63, Systolic Bubble(%) 0.47, Vector Unit Utilization(%) 0.00, Total cycle: 86000
[2026-05-25 04:19:57.218] [debug] Core [1] : MatMul active cycle 1000 Vector active cycle 0 
[2026-05-25 04:19:57.218] [debug] Core [1] : issued tile 1 
[2026-05-25 04:19:57.218] [debug] Core [1] : Memory unit idle cycle 816 Systolic bubble cycle 1225728 Core idle cycle 0 
[2026-05-25 04:19:57.218] [debug] Core [1] : PE Utilization(%) 92.52, Systolic Bubble(%) 7.48, Vector Unit Utilization(%) 0.00, Total cycle: 86000
[2026-05-25 04:19:57.218] [debug] Core [2] : MatMul active cycle 1000 Vector active cycle 0 
[2026-05-25 04:19:57.218] [debug] Core [2] : issued tile 1 
[2026-05-25 04:19:57.218] [debug] Core [2] : Memory unit idle cycle 816 Systolic bubble cycle 1213440 Core idle cycle 0 
[2026-05-25 04:19:57.218] [debug] Core [2] : PE Utilization(%) 92.59, Systolic Bubble(%) 7.41, Vector Unit Utilization(%) 0.00, Total cycle: 86000
[2026-05-25 04:19:57.218] [debug] Core [3] : MatMul active cycle 1000 Vector active cycle 0 
[2026-05-25 04:19:57.218] [debug] Core [3] : issued tile 1 
[2026-05-25 04:19:57.218] [debug] Core [3] : Memory unit idle cycle 816 Systolic bubble cycle 1471488 Core idle cycle 0 
[2026-05-25 04:19:57.218] [debug] Core [3] : PE Utilization(%) 91.02, Systolic Bubble(%) 8.98, Vector Unit Utilization(%) 0.00, Total cycle: 86000
[2026-05-25 04:19:57.225] [debug] Layer 28 Core 3 Finish Tile at 86035 Remain tile 4
[2026-05-25 04:19:57.240] [debug] Layer 28 Core 1 Finish Tile at 86115 Remain tile 3
[2026-05-25 04:19:57.241] [debug] Layer 28 Core 2 Finish Tile at 86119 Remain tile 2
[2026-05-25 04:19:57.294] [debug] Layer 28 Core 0 Finish Tile at 86489 Remain tile 1
[2026-05-25 04:19:57.294] [info] Layer layer0.attn.proj finish at 86489
[2026-05-25 04:19:57.294] [info] Total compute time 3450
[2026-05-25 04:19:57.294] [info] executable layer count 1
[2026-05-25 04:19:57.294] [info] Start layer layer0.attn.ln
[2026-05-25 04:19:57.294] [debug] Layer layer0.attn.ln Core 0 Get Tile at 86489
[2026-05-25 04:19:57.294] [debug] Layer layer0.attn.ln Core 1 Get Tile at 86489
[2026-05-25 04:19:57.294] [debug] Layer layer0.attn.ln Core 2 Get Tile at 86489
[2026-05-25 04:19:57.294] [debug] Layer layer0.attn.ln Core 3 Get Tile at 86489
[2026-05-25 04:19:57.294] [debug] Layer layer0.attn.ln Core 0 Get Tile at 86490
[2026-05-25 04:19:57.294] [debug] Layer layer0.attn.ln Core 1 Get Tile at 86490
[2026-05-25 04:19:57.294] [debug] Layer layer0.attn.ln Core 2 Get Tile at 86490
[2026-05-25 04:19:57.294] [debug] Layer layer0.attn.ln Core 3 Get Tile at 86490
[2026-05-25 04:19:57.428] [info] Core [0] : MatMul active cycle 487 Vector active cycle 0 
[2026-05-25 04:19:57.428] [info] Core [0] : issued tile 2 
[2026-05-25 04:19:57.428] [info] Core [0] : Memory unit idle cycle 392 Systolic bubble cycle 1496064 Core idle cycle 0 
[2026-05-25 04:19:57.428] [info] Core [0] : PE Utilization(%) 39.57, Systolic Bubble(%) 9.13, Vector Unit Utilization(%) 0.00, Total cycle: 87000
[2026-05-25 04:19:57.428] [debug] Core [1] : MatMul active cycle 113 Vector active cycle 0 
[2026-05-25 04:19:57.428] [debug] Core [1] : issued tile 2 
[2026-05-25 04:19:57.428] [debug] Core [1] : Memory unit idle cycle 480 Systolic bubble cycle 347136 Core idle cycle 63 
[2026-05-25 04:19:57.428] [debug] Core [1] : PE Utilization(%) 9.18, Systolic Bubble(%) 2.12, Vector Unit Utilization(%) 0.00, Total cycle: 87000
[2026-05-25 04:19:57.428] [debug] Core [2] : MatMul active cycle 117 Vector active cycle 0 
[2026-05-25 04:19:57.428] [debug] Core [2] : issued tile 2 
[2026-05-25 04:19:57.428] [debug] Core [2] : Memory unit idle cycle 480 Systolic bubble cycle 359424 Core idle cycle 77 
[2026-05-25 04:19:57.428] [debug] Core [2] : PE Utilization(%) 9.51, Systolic Bubble(%) 2.19, Vector Unit Utilization(%) 0.00, Total cycle: 87000
[2026-05-25 04:19:57.428] [debug] Core [3] : MatMul active cycle 33 Vector active cycle 0 
[2026-05-25 04:19:57.428] [debug] Core [3] : issued tile 2 
[2026-05-25 04:19:57.428] [debug] Core [3] : Memory unit idle cycle 480 Systolic bubble cycle 101376 Core idle cycle 95 
[2026-05-25 04:19:57.428] [debug] Core [3] : PE Utilization(%) 2.68, Systolic Bubble(%) 0.62, Vector Unit Utilization(%) 0.00, Total cycle: 87000
[2026-05-25 04:19:57.633] [debug] Layer 30 Core 3 Finish Tile at 87814 Remain tile 8
[2026-05-25 04:19:57.642] [debug] Layer 30 Core 1 Finish Tile at 87845 Remain tile 7
[2026-05-25 04:19:57.649] [debug] Layer 30 Core 2 Finish Tile at 87871 Remain tile 6
[2026-05-25 04:19:57.676] [info] HBM2-CH_0: BW utilization 47% (2985 reads, 1567 writes)
[2026-05-25 04:19:57.676] [debug] HBM2-CH_1: BW utilization 46% (2938 reads, 1525 writes)
[2026-05-25 04:19:57.676] [debug] HBM2-CH_2: BW utilization 47% (2980 reads, 1547 writes)
[2026-05-25 04:19:57.676] [debug] HBM2-CH_3: BW utilization 47% (3031 reads, 1539 writes)
[2026-05-25 04:19:57.676] [debug] HBM2-CH_4: BW utilization 47% (2986 reads, 1547 writes)
[2026-05-25 04:19:57.676] [debug] HBM2-CH_5: BW utilization 47% (3022 reads, 1526 writes)
[2026-05-25 04:19:57.676] [debug] HBM2-CH_6: BW utilization 47% (3017 reads, 1523 writes)
[2026-05-25 04:19:57.676] [debug] HBM2-CH_7: BW utilization 47% (2978 reads, 1543 writes)
[2026-05-25 04:19:57.676] [debug] HBM2-CH_8: BW utilization 47% (2993 reads, 1549 writes)
[2026-05-25 04:19:57.676] [debug] HBM2-CH_9: BW utilization 47% (3014 reads, 1515 writes)
[2026-05-25 04:19:57.676] [debug] HBM2-CH_10: BW utilization 47% (2995 reads, 1544 writes)
[2026-05-25 04:19:57.676] [debug] HBM2-CH_11: BW utilization 47% (3007 reads, 1555 writes)
[2026-05-25 04:19:57.676] [debug] HBM2-CH_12: BW utilization 47% (3015 reads, 1523 writes)
[2026-05-25 04:19:57.676] [debug] HBM2-CH_13: BW utilization 47% (3007 reads, 1559 writes)
[2026-05-25 04:19:57.676] [debug] HBM2-CH_14: BW utilization 47% (3027 reads, 1518 writes)
[2026-05-25 04:19:57.676] [debug] HBM2-CH_15: BW utilization 47% (2988 reads, 1524 writes)
[2026-05-25 04:19:57.685] [info] Core [0] : MatMul active cycle 0 Vector active cycle 10 
[2026-05-25 04:19:57.685] [info] Core [0] : issued tile 2 
[2026-05-25 04:19:57.685] [info] Core [0] : Memory unit idle cycle 992 Systolic bubble cycle 0 Core idle cycle 0 
[2026-05-25 04:19:57.685] [info] Core [0] : PE Utilization(%) 0.00, Systolic Bubble(%) 0.00, Vector Unit Utilization(%) 1.00, Total cycle: 88000
[2026-05-25 04:19:57.685] [debug] Core [1] : MatMul active cycle 0 Vector active cycle 12 
[2026-05-25 04:19:57.685] [debug] Core [1] : issued tile 1 
[2026-05-25 04:19:57.685] [debug] Core [1] : Memory unit idle cycle 884 Systolic bubble cycle 0 Core idle cycle 0 
[2026-05-25 04:19:57.685] [debug] Core [1] : PE Utilization(%) 0.00, Systolic Bubble(%) 0.00, Vector Unit Utilization(%) 1.20, Total cycle: 88000
[2026-05-25 04:19:57.685] [debug] Core [2] : MatMul active cycle 0 Vector active cycle 12 
[2026-05-25 04:19:57.685] [debug] Core [2] : issued tile 1 
[2026-05-25 04:19:57.685] [debug] Core [2] : Memory unit idle cycle 884 Systolic bubble cycle 0 Core idle cycle 0 
[2026-05-25 04:19:57.685] [debug] Core [2] : PE Utilization(%) 0.00, Systolic Bubble(%) 0.00, Vector Unit Utilization(%) 1.20, Total cycle: 88000
[2026-05-25 04:19:57.685] [debug] Core [3] : MatMul active cycle 0 Vector active cycle 12 
[2026-05-25 04:19:57.685] [debug] Core [3] : issued tile 1 
[2026-05-25 04:19:57.685] [debug] Core [3] : Memory unit idle cycle 884 Systolic bubble cycle 0 Core idle cycle 0 
[2026-05-25 04:19:57.685] [debug] Core [3] : PE Utilization(%) 0.00, Systolic Bubble(%) 0.00, Vector Unit Utilization(%) 1.20, Total cycle: 88000
[2026-05-25 04:19:57.769] [debug] Layer 30 Core 0 Finish Tile at 88293 Remain tile 5
[2026-05-25 04:19:57.951] [info] Core [0] : MatMul active cycle 0 Vector active cycle 2 
[2026-05-25 04:19:57.951] [info] Core [0] : issued tile 1 
[2026-05-25 04:19:57.951] [info] Core [0] : Memory unit idle cycle 884 Systolic bubble cycle 0 Core idle cycle 0 
[2026-05-25 04:19:57.951] [info] Core [0] : PE Utilization(%) 0.00, Systolic Bubble(%) 0.00, Vector Unit Utilization(%) 0.20, Total cycle: 89000
[2026-05-25 04:19:57.951] [debug] Core [1] : MatMul active cycle 0 Vector active cycle 10 
[2026-05-25 04:19:57.951] [debug] Core [1] : issued tile 1 
[2026-05-25 04:19:57.951] [debug] Core [1] : Memory unit idle cycle 1000 Systolic bubble cycle 0 Core idle cycle 0 
[2026-05-25 04:19:57.951] [debug] Core [1] : PE Utilization(%) 0.00, Systolic Bubble(%) 0.00, Vector Unit Utilization(%) 1.00, Total cycle: 89000
[2026-05-25 04:19:57.951] [debug] Core [2] : MatMul active cycle 0 Vector active cycle 10 
[2026-05-25 04:19:57.951] [debug] Core [2] : issued tile 1 
[2026-05-25 04:19:57.951] [debug] Core [2] : Memory unit idle cycle 1000 Systolic bubble cycle 0 Core idle cycle 0 
[2026-05-25 04:19:57.951] [debug] Core [2] : PE Utilization(%) 0.00, Systolic Bubble(%) 0.00, Vector Unit Utilization(%) 1.00, Total cycle: 89000
[2026-05-25 04:19:57.951] [debug] Core [3] : MatMul active cycle 0 Vector active cycle 0 
[2026-05-25 04:19:57.951] [debug] Core [3] : issued tile 1 
[2026-05-25 04:19:57.951] [debug] Core [3] : Memory unit idle cycle 1000 Systolic bubble cycle 0 Core idle cycle 0 
[2026-05-25 04:19:57.951] [debug] Core [3] : PE Utilization(%) 0.00, Systolic Bubble(%) 0.00, Vector Unit Utilization(%) 0.00, Total cycle: 89000
[2026-05-25 04:19:57.996] [debug] Layer 30 Core 2 Finish Tile at 89360 Remain tile 4
[2026-05-25 04:19:57.997] [debug] Layer 30 Core 1 Finish Tile at 89379 Remain tile 3
[2026-05-25 04:19:57.998] [debug] Layer 30 Core 3 Finish Tile at 89384 Remain tile 2
[2026-05-25 04:19:57.998] [debug] Layer 30 Core 0 Finish Tile at 89388 Remain tile 1
[2026-05-25 04:19:57.998] [info] Layer layer0.attn.ln finish at 89388
[2026-05-25 04:19:57.998] [info] Total compute time 2899
[2026-05-25 04:19:57.999] [info] executable layer count 1
[2026-05-25 04:19:57.999] [info] Start layer layer0.ffn.fc1
[2026-05-25 04:19:57.999] [debug] Layer layer0.ffn.fc1 Core 0 Get Tile at 89388
[2026-05-25 04:19:57.999] [debug] Layer layer0.ffn.fc1 Core 1 Get Tile at 89388
[2026-05-25 04:19:57.999] [debug] Layer layer0.ffn.fc1 Core 2 Get Tile at 89388
[2026-05-25 04:19:57.999] [debug] Layer layer0.ffn.fc1 Core 3 Get Tile at 89388
[2026-05-25 04:19:58.185] [info] Core [0] : MatMul active cycle 0 Vector active cycle 12 
[2026-05-25 04:19:58.185] [info] Core [0] : issued tile 1 
[2026-05-25 04:19:58.185] [info] Core [0] : Memory unit idle cycle 387 Systolic bubble cycle 0 Core idle cycle 0 
[2026-05-25 04:19:58.185] [info] Core [0] : PE Utilization(%) 0.00, Systolic Bubble(%) 0.00, Vector Unit Utilization(%) 1.20, Total cycle: 90000
[2026-05-25 04:19:58.185] [debug] Core [1] : MatMul active cycle 0 Vector active cycle 2 
[2026-05-25 04:19:58.185] [debug] Core [1] : issued tile 1 
[2026-05-25 04:19:58.185] [debug] Core [1] : Memory unit idle cycle 378 Systolic bubble cycle 0 Core idle cycle 0 
[2026-05-25 04:19:58.185] [debug] Core [1] : PE Utilization(%) 0.00, Systolic Bubble(%) 0.00, Vector Unit Utilization(%) 0.20, Total cycle: 90000
[2026-05-25 04:19:58.185] [debug] Core [2] : MatMul active cycle 0 Vector active cycle 2 
[2026-05-25 04:19:58.185] [debug] Core [2] : issued tile 1 
[2026-05-25 04:19:58.185] [debug] Core [2] : Memory unit idle cycle 359 Systolic bubble cycle 0 Core idle cycle 0 
[2026-05-25 04:19:58.185] [debug] Core [2] : PE Utilization(%) 0.00, Systolic Bubble(%) 0.00, Vector Unit Utilization(%) 0.20, Total cycle: 90000
[2026-05-25 04:19:58.185] [debug] Core [3] : MatMul active cycle 0 Vector active cycle 12 
[2026-05-25 04:19:58.185] [debug] Core [3] : issued tile 1 
[2026-05-25 04:19:58.185] [debug] Core [3] : Memory unit idle cycle 383 Systolic bubble cycle 0 Core idle cycle 0 
[2026-05-25 04:19:58.185] [debug] Core [3] : PE Utilization(%) 0.00, Systolic Bubble(%) 0.00, Vector Unit Utilization(%) 1.20, Total cycle: 90000
[2026-05-25 04:19:58.515] [info] Core [0] : MatMul active cycle 0 Vector active cycle 0 
[2026-05-25 04:19:58.515] [info] Core [0] : issued tile 1 
[2026-05-25 04:19:58.516] [info] Core [0] : Memory unit idle cycle 801 Systolic bubble cycle 0 Core idle cycle 0 
[2026-05-25 04:19:58.516] [info] Core [0] : PE Utilization(%) 0.00, Systolic Bubble(%) 0.00, Vector Unit Utilization(%) 0.00, Total cycle: 91000
[2026-05-25 04:19:58.516] [debug] Core [1] : MatMul active cycle 0 Vector active cycle 0 
[2026-05-25 04:19:58.516] [debug] Core [1] : issued tile 1 
[2026-05-25 04:19:58.516] [debug] Core [1] : Memory unit idle cycle 809 Systolic bubble cycle 0 Core idle cycle 0 
[2026-05-25 04:19:58.516] [debug] Core [1] : PE Utilization(%) 0.00, Systolic Bubble(%) 0.00, Vector Unit Utilization(%) 0.00, Total cycle: 91000
[2026-05-25 04:19:58.516] [debug] Core [2] : MatMul active cycle 0 Vector active cycle 0 
[2026-05-25 04:19:58.516] [debug] Core [2] : issued tile 1 
[2026-05-25 04:19:58.516] [debug] Core [2] : Memory unit idle cycle 829 Systolic bubble cycle 0 Core idle cycle 0 
[2026-05-25 04:19:58.516] [debug] Core [2] : PE Utilization(%) 0.00, Systolic Bubble(%) 0.00, Vector Unit Utilization(%) 0.00, Total cycle: 91000
[2026-05-25 04:19:58.516] [debug] Core [3] : MatMul active cycle 0 Vector active cycle 0 
[2026-05-25 04:19:58.516] [debug] Core [3] : issued tile 1 
[2026-05-25 04:19:58.516] [debug] Core [3] : Memory unit idle cycle 805 Systolic bubble cycle 0 Core idle cycle 0 
[2026-05-25 04:19:58.516] [debug] Core [3] : PE Utilization(%) 0.00, Systolic Bubble(%) 0.00, Vector Unit Utilization(%) 0.00, Total cycle: 91000
[2026-05-25 04:19:58.820] [info] Core [0] : MatMul active cycle 317 Vector active cycle 0 
[2026-05-25 04:19:58.820] [info] Core [0] : issued tile 1 
[2026-05-25 04:19:58.820] [info] Core [0] : Memory unit idle cycle 1000 Systolic bubble cycle 0 Core idle cycle 0 
[2026-05-25 04:19:58.820] [info] Core [0] : PE Utilization(%) 6.20, Systolic Bubble(%) 0.00, Vector Unit Utilization(%) 0.00, Total cycle: 92000
[2026-05-25 04:19:58.820] [debug] Core [1] : MatMul active cycle 414 Vector active cycle 0 
[2026-05-25 04:19:58.820] [debug] Core [1] : issued tile 1 
[2026-05-25 04:19:58.820] [debug] Core [1] : Memory unit idle cycle 1000 Systolic bubble cycle 0 Core idle cycle 0 
[2026-05-25 04:19:58.820] [debug] Core [1] : PE Utilization(%) 15.90, Systolic Bubble(%) 0.00, Vector Unit Utilization(%) 0.00, Total cycle: 92000
[2026-05-25 04:19:58.820] [debug] Core [2] : MatMul active cycle 379 Vector active cycle 0 
[2026-05-25 04:19:58.820] [debug] Core [2] : issued tile 1 
[2026-05-25 04:19:58.820] [debug] Core [2] : Memory unit idle cycle 1000 Systolic bubble cycle 0 Core idle cycle 0 
[2026-05-25 04:19:58.820] [debug] Core [2] : PE Utilization(%) 12.40, Systolic Bubble(%) 0.00, Vector Unit Utilization(%) 0.00, Total cycle: 92000
[2026-05-25 04:19:58.820] [debug] Core [3] : MatMul active cycle 293 Vector active cycle 0 
[2026-05-25 04:19:58.820] [debug] Core [3] : issued tile 1 
[2026-05-25 04:19:58.820] [debug] Core [3] : Memory unit idle cycle 1000 Systolic bubble cycle 0 Core idle cycle 0 
[2026-05-25 04:19:58.820] [debug] Core [3] : PE Utilization(%) 3.80, Systolic Bubble(%) 0.00, Vector Unit Utilization(%) 0.00, Total cycle: 92000
[2026-05-25 04:19:59.066] [info] Core [0] : MatMul active cycle 1000 Vector active cycle 0 
[2026-05-25 04:19:59.066] [info] Core [0] : issued tile 1 
[2026-05-25 04:19:59.066] [info] Core [0] : Memory unit idle cycle 1000 Systolic bubble cycle 0 Core idle cycle 0 
[2026-05-25 04:19:59.066] [info] Core [0] : PE Utilization(%) 100.00, Systolic Bubble(%) 0.00, Vector Unit Utilization(%) 0.00, Total cycle: 93000
[2026-05-25 04:19:59.066] [debug] Core [1] : MatMul active cycle 1000 Vector active cycle 0 
[2026-05-25 04:19:59.066] [debug] Core [1] : issued tile 1 
[2026-05-25 04:19:59.066] [debug] Core [1] : Memory unit idle cycle 1000 Systolic bubble cycle 0 Core idle cycle 0 
[2026-05-25 04:19:59.066] [debug] Core [1] : PE Utilization(%) 100.00, Systolic Bubble(%) 0.00, Vector Unit Utilization(%) 0.00, Total cycle: 93000
[2026-05-25 04:19:59.066] [debug] Core [2] : MatMul active cycle 1000 Vector active cycle 0 
[2026-05-25 04:19:59.066] [debug] Core [2] : issued tile 1 
[2026-05-25 04:19:59.066] [debug] Core [2] : Memory unit idle cycle 1000 Systolic bubble cycle 0 Core idle cycle 0 
[2026-05-25 04:19:59.066] [debug] Core [2] : PE Utilization(%) 100.00, Systolic Bubble(%) 0.00, Vector Unit Utilization(%) 0.00, Total cycle: 93000
[2026-05-25 04:19:59.066] [debug] Core [3] : MatMul active cycle 1000 Vector active cycle 0 
[2026-05-25 04:19:59.066] [debug] Core [3] : issued tile 1 
[2026-05-25 04:19:59.066] [debug] Core [3] : Memory unit idle cycle 1000 Systolic bubble cycle 0 Core idle cycle 0 
[2026-05-25 04:19:59.066] [debug] Core [3] : PE Utilization(%) 100.00, Systolic Bubble(%) 0.00, Vector Unit Utilization(%) 0.00, Total cycle: 93000
[2026-05-25 04:19:59.329] [info] Core [0] : MatMul active cycle 1000 Vector active cycle 0 
[2026-05-25 04:19:59.329] [info] Core [0] : issued tile 1 
[2026-05-25 04:19:59.329] [info] Core [0] : Memory unit idle cycle 616 Systolic bubble cycle 0 Core idle cycle 0 
[2026-05-25 04:19:59.329] [info] Core [0] : PE Utilization(%) 100.00, Systolic Bubble(%) 0.00, Vector Unit Utilization(%) 0.00, Total cycle: 94000
[2026-05-25 04:19:59.329] [debug] Core [1] : MatMul active cycle 1000 Vector active cycle 0 
[2026-05-25 04:19:59.329] [debug] Core [1] : issued tile 1 
[2026-05-25 04:19:59.329] [debug] Core [1] : Memory unit idle cycle 616 Systolic bubble cycle 0 Core idle cycle 0 
[2026-05-25 04:19:59.329] [debug] Core [1] : PE Utilization(%) 100.00, Systolic Bubble(%) 0.00, Vector Unit Utilization(%) 0.00, Total cycle: 94000
[2026-05-25 04:19:59.329] [debug] Core [2] : MatMul active cycle 1000 Vector active cycle 0 
[2026-05-25 04:19:59.329] [debug] Core [2] : issued tile 1 
[2026-05-25 04:19:59.329] [debug] Core [2] : Memory unit idle cycle 616 Systolic bubble cycle 0 Core idle cycle 0 
[2026-05-25 04:19:59.329] [debug] Core [2] : PE Utilization(%) 100.00, Systolic Bubble(%) 0.00, Vector Unit Utilization(%) 0.00, Total cycle: 94000
[2026-05-25 04:19:59.329] [debug] Core [3] : MatMul active cycle 1000 Vector active cycle 0 
[2026-05-25 04:19:59.329] [debug] Core [3] : issued tile 1 
[2026-05-25 04:19:59.329] [debug] Core [3] : Memory unit idle cycle 616 Systolic bubble cycle 0 Core idle cycle 0 
[2026-05-25 04:19:59.329] [debug] Core [3] : PE Utilization(%) 100.00, Systolic Bubble(%) 0.00, Vector Unit Utilization(%) 0.00, Total cycle: 94000
[2026-05-25 04:19:59.407] [debug] Layer 32 Core 1 Finish Tile at 94272 Remain tile 4
[2026-05-25 04:19:59.426] [debug] Layer 32 Core 2 Finish Tile at 94341 Remain tile 3
[2026-05-25 04:19:59.445] [debug] Layer 32 Core 0 Finish Tile at 94404 Remain tile 2
[2026-05-25 04:19:59.447] [debug] Layer 32 Core 3 Finish Tile at 94410 Remain tile 1
[2026-05-25 04:19:59.447] [info] Layer layer0.ffn.fc1 finish at 94410
[2026-05-25 04:19:59.447] [info] Total compute time 5022
[2026-05-25 04:19:59.447] [info] executable layer count 1
[2026-05-25 04:19:59.447] [info] Start layer layer0.ffn.act
[2026-05-25 04:19:59.447] [debug] Layer layer0.ffn.act Core 3 Get Tile at 94410
[2026-05-25 04:19:59.447] [debug] Layer layer0.ffn.act Core 0 Get Tile at 94411
[2026-05-25 04:19:59.447] [debug] Layer layer0.ffn.act Core 1 Get Tile at 94411
[2026-05-25 04:19:59.447] [debug] Layer layer0.ffn.act Core 2 Get Tile at 94411
[2026-05-25 04:19:59.447] [debug] Layer layer0.ffn.act Core 3 Get Tile at 94411
[2026-05-25 04:19:59.447] [debug] Layer layer0.ffn.act Core 0 Get Tile at 94412
[2026-05-25 04:19:59.447] [debug] Layer layer0.ffn.act Core 1 Get Tile at 94412
[2026-05-25 04:19:59.448] [debug] Layer layer0.ffn.act Core 2 Get Tile at 94412
[2026-05-25 04:19:59.665] [info] Core [0] : MatMul active cycle 402 Vector active cycle 0 
[2026-05-25 04:19:59.665] [info] Core [0] : issued tile 2 
[2026-05-25 04:19:59.665] [info] Core [0] : Memory unit idle cycle 356 Systolic bubble cycle 0 Core idle cycle 0 
[2026-05-25 04:19:59.665] [info] Core [0] : PE Utilization(%) 40.20, Systolic Bubble(%) 0.00, Vector Unit Utilization(%) 0.00, Total cycle: 95000
[2026-05-25 04:19:59.665] [debug] Core [1] : MatMul active cycle 270 Vector active cycle 0 
[2026-05-25 04:19:59.665] [debug] Core [1] : issued tile 2 
[2026-05-25 04:19:59.665] [debug] Core [1] : Memory unit idle cycle 356 Systolic bubble cycle 0 Core idle cycle 0 
[2026-05-25 04:19:59.665] [debug] Core [1] : PE Utilization(%) 27.00, Systolic Bubble(%) 0.00, Vector Unit Utilization(%) 0.00, Total cycle: 95000
[2026-05-25 04:19:59.665] [debug] Core [2] : MatMul active cycle 339 Vector active cycle 0 
[2026-05-25 04:19:59.665] [debug] Core [2] : issued tile 2 
[2026-05-25 04:19:59.665] [debug] Core [2] : Memory unit idle cycle 356 Systolic bubble cycle 0 Core idle cycle 0 
[2026-05-25 04:19:59.665] [debug] Core [2] : PE Utilization(%) 33.90, Systolic Bubble(%) 0.00, Vector Unit Utilization(%) 0.00, Total cycle: 95000
[2026-05-25 04:19:59.665] [debug] Core [3] : MatMul active cycle 408 Vector active cycle 0 
[2026-05-25 04:19:59.665] [debug] Core [3] : issued tile 2 
[2026-05-25 04:19:59.665] [debug] Core [3] : Memory unit idle cycle 356 Systolic bubble cycle 0 Core idle cycle 0 
[2026-05-25 04:19:59.665] [debug] Core [3] : PE Utilization(%) 40.80, Systolic Bubble(%) 0.00, Vector Unit Utilization(%) 0.00, Total cycle: 95000
[2026-05-25 04:19:59.943] [info] HBM2-CH_0: BW utilization 62% (3721 reads, 2248 writes)
[2026-05-25 04:19:59.943] [debug] HBM2-CH_1: BW utilization 62% (3764 reads, 2280 writes)
[2026-05-25 04:19:59.943] [debug] HBM2-CH_2: BW utilization 62% (3697 reads, 2273 writes)
[2026-05-25 04:19:59.943] [debug] HBM2-CH_3: BW utilization 62% (3687 reads, 2304 writes)
[2026-05-25 04:19:59.943] [debug] HBM2-CH_4: BW utilization 62% (3699 reads, 2290 writes)
[2026-05-25 04:19:59.943] [debug] HBM2-CH_5: BW utilization 62% (3748 reads, 2244 writes)
[2026-05-25 04:19:59.943] [debug] HBM2-CH_6: BW utilization 62% (3698 reads, 2296 writes)
[2026-05-25 04:19:59.943] [debug] HBM2-CH_7: BW utilization 62% (3703 reads, 2268 writes)
[2026-05-25 04:19:59.943] [debug] HBM2-CH_8: BW utilization 62% (3742 reads, 2284 writes)
[2026-05-25 04:19:59.943] [debug] HBM2-CH_9: BW utilization 62% (3685 reads, 2320 writes)
[2026-05-25 04:19:59.943] [debug] HBM2-CH_10: BW utilization 62% (3665 reads, 2298 writes)
[2026-05-25 04:19:59.943] [debug] HBM2-CH_11: BW utilization 62% (3699 reads, 2310 writes)
[2026-05-25 04:19:59.943] [debug] HBM2-CH_12: BW utilization 62% (3661 reads, 2333 writes)
[2026-05-25 04:19:59.943] [debug] HBM2-CH_13: BW utilization 62% (3691 reads, 2266 writes)
[2026-05-25 04:19:59.943] [debug] HBM2-CH_14: BW utilization 62% (3709 reads, 2316 writes)
[2026-05-25 04:19:59.943] [debug] HBM2-CH_15: BW utilization 62% (3681 reads, 2308 writes)
[2026-05-25 04:19:59.954] [info] Core [0] : MatMul active cycle 0 Vector active cycle 0 
[2026-05-25 04:19:59.954] [info] Core [0] : issued tile 2 
[2026-05-25 04:19:59.954] [info] Core [0] : Memory unit idle cycle 1000 Systolic bubble cycle 0 Core idle cycle 0 
[2026-05-25 04:19:59.954] [info] Core [0] : PE Utilization(%) 0.00, Systolic Bubble(%) 0.00, Vector Unit Utilization(%) 0.00, Total cycle: 96000
[2026-05-25 04:19:59.954] [debug] Core [1] : MatMul active cycle 0 Vector active cycle 0 
[2026-05-25 04:19:59.954] [debug] Core [1] : issued tile 2 
[2026-05-25 04:19:59.954] [debug] Core [1] : Memory unit idle cycle 1000 Systolic bubble cycle 0 Core idle cycle 0 
[2026-05-25 04:19:59.954] [debug] Core [1] : PE Utilization(%) 0.00, Systolic Bubble(%) 0.00, Vector Unit Utilization(%) 0.00, Total cycle: 96000
[2026-05-25 04:19:59.954] [debug] Core [2] : MatMul active cycle 0 Vector active cycle 0 
[2026-05-25 04:19:59.954] [debug] Core [2] : issued tile 2 
[2026-05-25 04:19:59.954] [debug] Core [2] : Memory unit idle cycle 1000 Systolic bubble cycle 0 Core idle cycle 0 
[2026-05-25 04:19:59.954] [debug] Core [2] : PE Utilization(%) 0.00, Systolic Bubble(%) 0.00, Vector Unit Utilization(%) 0.00, Total cycle: 96000
[2026-05-25 04:19:59.954] [debug] Core [3] : MatMul active cycle 0 Vector active cycle 0 
[2026-05-25 04:19:59.954] [debug] Core [3] : issued tile 2 
[2026-05-25 04:19:59.954] [debug] Core [3] : Memory unit idle cycle 1000 Systolic bubble cycle 0 Core idle cycle 0 
[2026-05-25 04:19:59.954] [debug] Core [3] : PE Utilization(%) 0.00, Systolic Bubble(%) 0.00, Vector Unit Utilization(%) 0.00, Total cycle: 96000
[2026-05-25 04:20:00.216] [info] Core [0] : MatMul active cycle 0 Vector active cycle 0 
[2026-05-25 04:20:00.216] [info] Core [0] : issued tile 2 
[2026-05-25 04:20:00.216] [info] Core [0] : Memory unit idle cycle 1000 Systolic bubble cycle 0 Core idle cycle 0 
[2026-05-25 04:20:00.216] [info] Core [0] : PE Utilization(%) 0.00, Systolic Bubble(%) 0.00, Vector Unit Utilization(%) 0.00, Total cycle: 97000
[2026-05-25 04:20:00.216] [debug] Core [1] : MatMul active cycle 0 Vector active cycle 0 
[2026-05-25 04:20:00.216] [debug] Core [1] : issued tile 2 
[2026-05-25 04:20:00.216] [debug] Core [1] : Memory unit idle cycle 1000 Systolic bubble cycle 0 Core idle cycle 0 
[2026-05-25 04:20:00.216] [debug] Core [1] : PE Utilization(%) 0.00, Systolic Bubble(%) 0.00, Vector Unit Utilization(%) 0.00, Total cycle: 97000
[2026-05-25 04:20:00.216] [debug] Core [2] : MatMul active cycle 0 Vector active cycle 0 
[2026-05-25 04:20:00.216] [debug] Core [2] : issued tile 2 
[2026-05-25 04:20:00.217] [debug] Core [2] : Memory unit idle cycle 1000 Systolic bubble cycle 0 Core idle cycle 0 
[2026-05-25 04:20:00.217] [debug] Core [2] : PE Utilization(%) 0.00, Systolic Bubble(%) 0.00, Vector Unit Utilization(%) 0.00, Total cycle: 97000
[2026-05-25 04:20:00.217] [debug] Core [3] : MatMul active cycle 0 Vector active cycle 0 
[2026-05-25 04:20:00.217] [debug] Core [3] : issued tile 2 
[2026-05-25 04:20:00.217] [debug] Core [3] : Memory unit idle cycle 1000 Systolic bubble cycle 0 Core idle cycle 0 
[2026-05-25 04:20:00.217] [debug] Core [3] : PE Utilization(%) 0.00, Systolic Bubble(%) 0.00, Vector Unit Utilization(%) 0.00, Total cycle: 97000
[2026-05-25 04:20:00.392] [info] Core [0] : MatMul active cycle 0 Vector active cycle 0 
[2026-05-25 04:20:00.392] [info] Core [0] : issued tile 2 
[2026-05-25 04:20:00.392] [info] Core [0] : Memory unit idle cycle 1000 Systolic bubble cycle 0 Core idle cycle 0 
[2026-05-25 04:20:00.392] [info] Core [0] : PE Utilization(%) 0.00, Systolic Bubble(%) 0.00, Vector Unit Utilization(%) 0.00, Total cycle: 98000
[2026-05-25 04:20:00.392] [debug] Core [1] : MatMul active cycle 0 Vector active cycle 0 
[2026-05-25 04:20:00.392] [debug] Core [1] : issued tile 2 
[2026-05-25 04:20:00.392] [debug] Core [1] : Memory unit idle cycle 1000 Systolic bubble cycle 0 Core idle cycle 0 
[2026-05-25 04:20:00.392] [debug] Core [1] : PE Utilization(%) 0.00, Systolic Bubble(%) 0.00, Vector Unit Utilization(%) 0.00, Total cycle: 98000
[2026-05-25 04:20:00.392] [debug] Core [2] : MatMul active cycle 0 Vector active cycle 0 
[2026-05-25 04:20:00.392] [debug] Core [2] : issued tile 2 
[2026-05-25 04:20:00.392] [debug] Core [2] : Memory unit idle cycle 1000 Systolic bubble cycle 0 Core idle cycle 0 
[2026-05-25 04:20:00.392] [debug] Core [2] : PE Utilization(%) 0.00, Systolic Bubble(%) 0.00, Vector Unit Utilization(%) 0.00, Total cycle: 98000
[2026-05-25 04:20:00.392] [debug] Core [3] : MatMul active cycle 0 Vector active cycle 0 
[2026-05-25 04:20:00.392] [debug] Core [3] : issued tile 2 
[2026-05-25 04:20:00.392] [debug] Core [3] : Memory unit idle cycle 1000 Systolic bubble cycle 0 Core idle cycle 0 
[2026-05-25 04:20:00.392] [debug] Core [3] : PE Utilization(%) 0.00, Systolic Bubble(%) 0.00, Vector Unit Utilization(%) 0.00, Total cycle: 98000
[2026-05-25 04:20:00.519] [info] Core [0] : MatMul active cycle 0 Vector active cycle 0 
[2026-05-25 04:20:00.519] [info] Core [0] : issued tile 2 
[2026-05-25 04:20:00.519] [info] Core [0] : Memory unit idle cycle 1000 Systolic bubble cycle 0 Core idle cycle 0 
[2026-05-25 04:20:00.519] [info] Core [0] : PE Utilization(%) 0.00, Systolic Bubble(%) 0.00, Vector Unit Utilization(%) 0.00, Total cycle: 99000
[2026-05-25 04:20:00.519] [debug] Core [1] : MatMul active cycle 0 Vector active cycle 0 
[2026-05-25 04:20:00.519] [debug] Core [1] : issued tile 2 
[2026-05-25 04:20:00.519] [debug] Core [1] : Memory unit idle cycle 1000 Systolic bubble cycle 0 Core idle cycle 0 
[2026-05-25 04:20:00.519] [debug] Core [1] : PE Utilization(%) 0.00, Systolic Bubble(%) 0.00, Vector Unit Utilization(%) 0.00, Total cycle: 99000
[2026-05-25 04:20:00.519] [debug] Core [2] : MatMul active cycle 0 Vector active cycle 0 
[2026-05-25 04:20:00.519] [debug] Core [2] : issued tile 2 
[2026-05-25 04:20:00.519] [debug] Core [2] : Memory unit idle cycle 1000 Systolic bubble cycle 0 Core idle cycle 0 
[2026-05-25 04:20:00.519] [debug] Core [2] : PE Utilization(%) 0.00, Systolic Bubble(%) 0.00, Vector Unit Utilization(%) 0.00, Total cycle: 99000
[2026-05-25 04:20:00.519] [debug] Core [3] : MatMul active cycle 0 Vector active cycle 0 
[2026-05-25 04:20:00.519] [debug] Core [3] : issued tile 2 
[2026-05-25 04:20:00.519] [debug] Core [3] : Memory unit idle cycle 1000 Systolic bubble cycle 0 Core idle cycle 0 
[2026-05-25 04:20:00.519] [debug] Core [3] : PE Utilization(%) 0.00, Systolic Bubble(%) 0.00, Vector Unit Utilization(%) 0.00, Total cycle: 99000
[2026-05-25 04:20:00.628] [info] Core [0] : MatMul active cycle 0 Vector active cycle 0 
[2026-05-25 04:20:00.628] [info] Core [0] : issued tile 2 
[2026-05-25 04:20:00.628] [info] Core [0] : Memory unit idle cycle 1000 Systolic bubble cycle 0 Core idle cycle 0 
[2026-05-25 04:20:00.628] [info] Core [0] : PE Utilization(%) 0.00, Systolic Bubble(%) 0.00, Vector Unit Utilization(%) 0.00, Total cycle: 100000
[2026-05-25 04:20:00.628] [debug] Core [1] : MatMul active cycle 0 Vector active cycle 0 
[2026-05-25 04:20:00.628] [debug] Core [1] : issued tile 2 
[2026-05-25 04:20:00.628] [debug] Core [1] : Memory unit idle cycle 1000 Systolic bubble cycle 0 Core idle cycle 0 
[2026-05-25 04:20:00.628] [debug] Core [1] : PE Utilization(%) 0.00, Systolic Bubble(%) 0.00, Vector Unit Utilization(%) 0.00, Total cycle: 100000
[2026-05-25 04:20:00.628] [debug] Core [2] : MatMul active cycle 0 Vector active cycle 0 
[2026-05-25 04:20:00.628] [debug] Core [2] : issued tile 2 
[2026-05-25 04:20:00.628] [debug] Core [2] : Memory unit idle cycle 1000 Systolic bubble cycle 0 Core idle cycle 0 
[2026-05-25 04:20:00.628] [debug] Core [2] : PE Utilization(%) 0.00, Systolic Bubble(%) 0.00, Vector Unit Utilization(%) 0.00, Total cycle: 100000
[2026-05-25 04:20:00.628] [debug] Core [3] : MatMul active cycle 0 Vector active cycle 0 
[2026-05-25 04:20:00.628] [debug] Core [3] : issued tile 2 
[2026-05-25 04:20:00.628] [debug] Core [3] : Memory unit idle cycle 1000 Systolic bubble cycle 0 Core idle cycle 0 
[2026-05-25 04:20:00.628] [debug] Core [3] : PE Utilization(%) 0.00, Systolic Bubble(%) 0.00, Vector Unit Utilization(%) 0.00, Total cycle: 100000
[2026-05-25 04:20:00.662] [debug] Layer 34 Core 3 Finish Tile at 100460 Remain tile 8
[2026-05-25 04:20:00.663] [debug] Layer 34 Core 2 Finish Tile at 100472 Remain tile 7
[2026-05-25 04:20:00.665] [debug] Layer 34 Core 1 Finish Tile at 100483 Remain tile 6
[2026-05-25 04:20:00.665] [debug] Layer 34 Core 0 Finish Tile at 100484 Remain tile 5
[2026-05-25 04:20:00.668] [debug] Layer 34 Core 3 Finish Tile at 100495 Remain tile 4
[2026-05-25 04:20:00.672] [debug] Layer 34 Core 2 Finish Tile at 100507 Remain tile 3
[2026-05-25 04:20:00.675] [debug] Layer 34 Core 1 Finish Tile at 100518 Remain tile 2
[2026-05-25 04:20:00.675] [debug] Layer 34 Core 0 Finish Tile at 100519 Remain tile 1
[2026-05-25 04:20:00.675] [info] Layer layer0.ffn.act finish at 100519
[2026-05-25 04:20:00.675] [info] Total compute time 6109
[2026-05-25 04:20:00.675] [info] executable layer count 1
[2026-05-25 04:20:00.675] [info] Start layer layer0.ffn.fc2
[2026-05-25 04:20:00.675] [debug] Layer layer0.ffn.fc2 Core 0 Get Tile at 100519
[2026-05-25 04:20:00.675] [debug] Layer layer0.ffn.fc2 Core 1 Get Tile at 100519
[2026-05-25 04:20:00.675] [debug] Layer layer0.ffn.fc2 Core 2 Get Tile at 100519
[2026-05-25 04:20:00.675] [debug] Layer layer0.ffn.fc2 Core 3 Get Tile at 100519
[2026-05-25 04:20:00.817] [info] Core [0] : MatMul active cycle 0 Vector active cycle 128 
[2026-05-25 04:20:00.817] [info] Core [0] : issued tile 1 
[2026-05-25 04:20:00.817] [info] Core [0] : Memory unit idle cycle 483 Systolic bubble cycle 0 Core idle cycle 0 
[2026-05-25 04:20:00.817] [info] Core [0] : PE Utilization(%) 0.00, Systolic Bubble(%) 0.00, Vector Unit Utilization(%) 12.80, Total cycle: 101000
[2026-05-25 04:20:00.817] [debug] Core [1] : MatMul active cycle 0 Vector active cycle 128 
[2026-05-25 04:20:00.817] [debug] Core [1] : issued tile 1 
[2026-05-25 04:20:00.817] [debug] Core [1] : Memory unit idle cycle 482 Systolic bubble cycle 0 Core idle cycle 0 
[2026-05-25 04:20:00.817] [debug] Core [1] : PE Utilization(%) 0.00, Systolic Bubble(%) 0.00, Vector Unit Utilization(%) 12.80, Total cycle: 101000
[2026-05-25 04:20:00.817] [debug] Core [2] : MatMul active cycle 0 Vector active cycle 128 
[2026-05-25 04:20:00.817] [debug] Core [2] : issued tile 1 
[2026-05-25 04:20:00.817] [debug] Core [2] : Memory unit idle cycle 471 Systolic bubble cycle 0 Core idle cycle 0 
[2026-05-25 04:20:00.817] [debug] Core [2] : PE Utilization(%) 0.00, Systolic Bubble(%) 0.00, Vector Unit Utilization(%) 12.80, Total cycle: 101000
[2026-05-25 04:20:00.817] [debug] Core [3] : MatMul active cycle 0 Vector active cycle 128 
[2026-05-25 04:20:00.817] [debug] Core [3] : issued tile 1 
[2026-05-25 04:20:00.817] [debug] Core [3] : Memory unit idle cycle 459 Systolic bubble cycle 0 Core idle cycle 0 
[2026-05-25 04:20:00.817] [debug] Core [3] : PE Utilization(%) 0.00, Systolic Bubble(%) 0.00, Vector Unit Utilization(%) 12.80, Total cycle: 101000
[2026-05-25 04:20:01.422] [info] Core [0] : MatMul active cycle 0 Vector active cycle 0 
[2026-05-25 04:20:01.422] [info] Core [0] : issued tile 1 
[2026-05-25 04:20:01.422] [info] Core [0] : Memory unit idle cycle 0 Systolic bubble cycle 0 Core idle cycle 0 
[2026-05-25 04:20:01.422] [info] Core [0] : PE Utilization(%) 0.00, Systolic Bubble(%) 0.00, Vector Unit Utilization(%) 0.00, Total cycle: 102000
[2026-05-25 04:20:01.422] [debug] Core [1] : MatMul active cycle 0 Vector active cycle 0 
[2026-05-25 04:20:01.422] [debug] Core [1] : issued tile 1 
[2026-05-25 04:20:01.422] [debug] Core [1] : Memory unit idle cycle 0 Systolic bubble cycle 0 Core idle cycle 0 
[2026-05-25 04:20:01.422] [debug] Core [1] : PE Utilization(%) 0.00, Systolic Bubble(%) 0.00, Vector Unit Utilization(%) 0.00, Total cycle: 102000
[2026-05-25 04:20:01.422] [debug] Core [2] : MatMul active cycle 0 Vector active cycle 0 
[2026-05-25 04:20:01.422] [debug] Core [2] : issued tile 1 
[2026-05-25 04:20:01.422] [debug] Core [2] : Memory unit idle cycle 0 Systolic bubble cycle 0 Core idle cycle 0 
[2026-05-25 04:20:01.422] [debug] Core [2] : PE Utilization(%) 0.00, Systolic Bubble(%) 0.00, Vector Unit Utilization(%) 0.00, Total cycle: 102000
[2026-05-25 04:20:01.422] [debug] Core [3] : MatMul active cycle 0 Vector active cycle 0 
[2026-05-25 04:20:01.422] [debug] Core [3] : issued tile 1 
[2026-05-25 04:20:01.422] [debug] Core [3] : Memory unit idle cycle 0 Systolic bubble cycle 0 Core idle cycle 0 
[2026-05-25 04:20:01.422] [debug] Core [3] : PE Utilization(%) 0.00, Systolic Bubble(%) 0.00, Vector Unit Utilization(%) 0.00, Total cycle: 102000
[2026-05-25 04:20:02.149] [info] Core [0] : MatMul active cycle 0 Vector active cycle 0 
[2026-05-25 04:20:02.149] [info] Core [0] : issued tile 1 
[2026-05-25 04:20:02.149] [info] Core [0] : Memory unit idle cycle 0 Systolic bubble cycle 0 Core idle cycle 0 
[2026-05-25 04:20:02.149] [info] Core [0] : PE Utilization(%) 0.00, Systolic Bubble(%) 0.00, Vector Unit Utilization(%) 0.00, Total cycle: 103000
[2026-05-25 04:20:02.149] [debug] Core [1] : MatMul active cycle 0 Vector active cycle 0 
[2026-05-25 04:20:02.149] [debug] Core [1] : issued tile 1 
[2026-05-25 04:20:02.149] [debug] Core [1] : Memory unit idle cycle 0 Systolic bubble cycle 0 Core idle cycle 0 
[2026-05-25 04:20:02.149] [debug] Core [1] : PE Utilization(%) 0.00, Systolic Bubble(%) 0.00, Vector Unit Utilization(%) 0.00, Total cycle: 103000
[2026-05-25 04:20:02.149] [debug] Core [2] : MatMul active cycle 0 Vector active cycle 0 
[2026-05-25 04:20:02.149] [debug] Core [2] : issued tile 1 
[2026-05-25 04:20:02.149] [debug] Core [2] : Memory unit idle cycle 0 Systolic bubble cycle 0 Core idle cycle 0 
[2026-05-25 04:20:02.149] [debug] Core [2] : PE Utilization(%) 0.00, Systolic Bubble(%) 0.00, Vector Unit Utilization(%) 0.00, Total cycle: 103000
[2026-05-25 04:20:02.149] [debug] Core [3] : MatMul active cycle 0 Vector active cycle 0 
[2026-05-25 04:20:02.149] [debug] Core [3] : issued tile 1 
[2026-05-25 04:20:02.149] [debug] Core [3] : Memory unit idle cycle 0 Systolic bubble cycle 0 Core idle cycle 0 
[2026-05-25 04:20:02.149] [debug] Core [3] : PE Utilization(%) 0.00, Systolic Bubble(%) 0.00, Vector Unit Utilization(%) 0.00, Total cycle: 103000
[2026-05-25 04:20:02.816] [info] HBM2-CH_0: BW utilization 53% (2607 reads, 2525 writes)
[2026-05-25 04:20:02.817] [debug] HBM2-CH_1: BW utilization 52% (2617 reads, 2467 writes)
[2026-05-25 04:20:02.817] [debug] HBM2-CH_2: BW utilization 54% (2655 reads, 2570 writes)
[2026-05-25 04:20:02.817] [debug] HBM2-CH_3: BW utilization 52% (2590 reads, 2490 writes)
[2026-05-25 04:20:02.817] [debug] HBM2-CH_4: BW utilization 53% (2614 reads, 2501 writes)
[2026-05-25 04:20:02.817] [debug] HBM2-CH_5: BW utilization 53% (2598 reads, 2540 writes)
[2026-05-25 04:20:02.817] [debug] HBM2-CH_6: BW utilization 52% (2586 reads, 2462 writes)
[2026-05-25 04:20:02.817] [debug] HBM2-CH_7: BW utilization 53% (2658 reads, 2463 writes)
[2026-05-25 04:20:02.817] [debug] HBM2-CH_8: BW utilization 53% (2605 reads, 2487 writes)
[2026-05-25 04:20:02.817] [debug] HBM2-CH_9: BW utilization 53% (2612 reads, 2527 writes)
[2026-05-25 04:20:02.817] [debug] HBM2-CH_10: BW utilization 54% (2688 reads, 2514 writes)
[2026-05-25 04:20:02.817] [debug] HBM2-CH_11: BW utilization 53% (2637 reads, 2531 writes)
[2026-05-25 04:20:02.817] [debug] HBM2-CH_12: BW utilization 53% (2630 reads, 2473 writes)
[2026-05-25 04:20:02.817] [debug] HBM2-CH_13: BW utilization 53% (2587 reads, 2524 writes)
[2026-05-25 04:20:02.817] [debug] HBM2-CH_14: BW utilization 52% (2576 reads, 2493 writes)
[2026-05-25 04:20:02.817] [debug] HBM2-CH_15: BW utilization 53% (2644 reads, 2501 writes)
[2026-05-25 04:20:02.844] [info] Core [0] : MatMul active cycle 0 Vector active cycle 0 
[2026-05-25 04:20:02.844] [info] Core [0] : issued tile 1 
[2026-05-25 04:20:02.844] [info] Core [0] : Memory unit idle cycle 0 Systolic bubble cycle 0 Core idle cycle 0 
[2026-05-25 04:20:02.844] [info] Core [0] : PE Utilization(%) 0.00, Systolic Bubble(%) 0.00, Vector Unit Utilization(%) 0.00, Total cycle: 104000
[2026-05-25 04:20:02.844] [debug] Core [1] : MatMul active cycle 0 Vector active cycle 0 
[2026-05-25 04:20:02.844] [debug] Core [1] : issued tile 1 
[2026-05-25 04:20:02.844] [debug] Core [1] : Memory unit idle cycle 0 Systolic bubble cycle 0 Core idle cycle 0 
[2026-05-25 04:20:02.844] [debug] Core [1] : PE Utilization(%) 0.00, Systolic Bubble(%) 0.00, Vector Unit Utilization(%) 0.00, Total cycle: 104000
[2026-05-25 04:20:02.844] [debug] Core [2] : MatMul active cycle 0 Vector active cycle 0 
[2026-05-25 04:20:02.844] [debug] Core [2] : issued tile 1 
[2026-05-25 04:20:02.844] [debug] Core [2] : Memory unit idle cycle 0 Systolic bubble cycle 0 Core idle cycle 0 
[2026-05-25 04:20:02.844] [debug] Core [2] : PE Utilization(%) 0.00, Systolic Bubble(%) 0.00, Vector Unit Utilization(%) 0.00, Total cycle: 104000
[2026-05-25 04:20:02.844] [debug] Core [3] : MatMul active cycle 0 Vector active cycle 0 
[2026-05-25 04:20:02.844] [debug] Core [3] : issued tile 1 
[2026-05-25 04:20:02.844] [debug] Core [3] : Memory unit idle cycle 0 Systolic bubble cycle 0 Core idle cycle 0 
[2026-05-25 04:20:02.844] [debug] Core [3] : PE Utilization(%) 0.00, Systolic Bubble(%) 0.00, Vector Unit Utilization(%) 0.00, Total cycle: 104000
[2026-05-25 04:20:03.209] [info] Core [0] : MatMul active cycle 0 Vector active cycle 0 
[2026-05-25 04:20:03.209] [info] Core [0] : issued tile 1 
[2026-05-25 04:20:03.209] [info] Core [0] : Memory unit idle cycle 775 Systolic bubble cycle 0 Core idle cycle 0 
[2026-05-25 04:20:03.209] [info] Core [0] : PE Utilization(%) 0.00, Systolic Bubble(%) 0.00, Vector Unit Utilization(%) 0.00, Total cycle: 105000
[2026-05-25 04:20:03.209] [debug] Core [1] : MatMul active cycle 0 Vector active cycle 0 
[2026-05-25 04:20:03.209] [debug] Core [1] : issued tile 1 
[2026-05-25 04:20:03.209] [debug] Core [1] : Memory unit idle cycle 778 Systolic bubble cycle 0 Core idle cycle 0 
[2026-05-25 04:20:03.209] [debug] Core [1] : PE Utilization(%) 0.00, Systolic Bubble(%) 0.00, Vector Unit Utilization(%) 0.00, Total cycle: 105000
[2026-05-25 04:20:03.209] [debug] Core [2] : MatMul active cycle 0 Vector active cycle 0 
[2026-05-25 04:20:03.209] [debug] Core [2] : issued tile 1 
[2026-05-25 04:20:03.209] [debug] Core [2] : Memory unit idle cycle 860 Systolic bubble cycle 0 Core idle cycle 0 
[2026-05-25 04:20:03.209] [debug] Core [2] : PE Utilization(%) 0.00, Systolic Bubble(%) 0.00, Vector Unit Utilization(%) 0.00, Total cycle: 105000
[2026-05-25 04:20:03.209] [debug] Core [3] : MatMul active cycle 0 Vector active cycle 0 
[2026-05-25 04:20:03.209] [debug] Core [3] : issued tile 1 
[2026-05-25 04:20:03.209] [debug] Core [3] : Memory unit idle cycle 890 Systolic bubble cycle 0 Core idle cycle 0 
[2026-05-25 04:20:03.209] [debug] Core [3] : PE Utilization(%) 0.00, Systolic Bubble(%) 0.00, Vector Unit Utilization(%) 0.00, Total cycle: 105000
[2026-05-25 04:20:03.482] [info] Core [0] : MatMul active cycle 0 Vector active cycle 0 
[2026-05-25 04:20:03.482] [info] Core [0] : issued tile 1 
[2026-05-25 04:20:03.482] [info] Core [0] : Memory unit idle cycle 1000 Systolic bubble cycle 0 Core idle cycle 0 
[2026-05-25 04:20:03.482] [info] Core [0] : PE Utilization(%) 0.00, Systolic Bubble(%) 0.00, Vector Unit Utilization(%) 0.00, Total cycle: 106000
[2026-05-25 04:20:03.482] [debug] Core [1] : MatMul active cycle 0 Vector active cycle 0 
[2026-05-25 04:20:03.482] [debug] Core [1] : issued tile 1 
[2026-05-25 04:20:03.482] [debug] Core [1] : Memory unit idle cycle 1000 Systolic bubble cycle 0 Core idle cycle 0 
[2026-05-25 04:20:03.482] [debug] Core [1] : PE Utilization(%) 0.00, Systolic Bubble(%) 0.00, Vector Unit Utilization(%) 0.00, Total cycle: 106000
[2026-05-25 04:20:03.482] [debug] Core [2] : MatMul active cycle 0 Vector active cycle 0 
[2026-05-25 04:20:03.482] [debug] Core [2] : issued tile 1 
[2026-05-25 04:20:03.482] [debug] Core [2] : Memory unit idle cycle 1000 Systolic bubble cycle 0 Core idle cycle 0 
[2026-05-25 04:20:03.482] [debug] Core [2] : PE Utilization(%) 0.00, Systolic Bubble(%) 0.00, Vector Unit Utilization(%) 0.00, Total cycle: 106000
[2026-05-25 04:20:03.482] [debug] Core [3] : MatMul active cycle 0 Vector active cycle 0 
[2026-05-25 04:20:03.482] [debug] Core [3] : issued tile 1 
[2026-05-25 04:20:03.482] [debug] Core [3] : Memory unit idle cycle 1000 Systolic bubble cycle 0 Core idle cycle 0 
[2026-05-25 04:20:03.482] [debug] Core [3] : PE Utilization(%) 0.00, Systolic Bubble(%) 0.00, Vector Unit Utilization(%) 0.00, Total cycle: 106000
[2026-05-25 04:20:03.730] [info] Core [0] : MatMul active cycle 0 Vector active cycle 0 
[2026-05-25 04:20:03.730] [info] Core [0] : issued tile 1 
[2026-05-25 04:20:03.730] [info] Core [0] : Memory unit idle cycle 1000 Systolic bubble cycle 0 Core idle cycle 0 
[2026-05-25 04:20:03.730] [info] Core [0] : PE Utilization(%) 0.00, Systolic Bubble(%) 0.00, Vector Unit Utilization(%) 0.00, Total cycle: 107000
[2026-05-25 04:20:03.730] [debug] Core [1] : MatMul active cycle 0 Vector active cycle 0 
[2026-05-25 04:20:03.730] [debug] Core [1] : issued tile 1 
[2026-05-25 04:20:03.730] [debug] Core [1] : Memory unit idle cycle 1000 Systolic bubble cycle 0 Core idle cycle 0 
[2026-05-25 04:20:03.730] [debug] Core [1] : PE Utilization(%) 0.00, Systolic Bubble(%) 0.00, Vector Unit Utilization(%) 0.00, Total cycle: 107000
[2026-05-25 04:20:03.730] [debug] Core [2] : MatMul active cycle 0 Vector active cycle 0 
[2026-05-25 04:20:03.730] [debug] Core [2] : issued tile 1 
[2026-05-25 04:20:03.730] [debug] Core [2] : Memory unit idle cycle 1000 Systolic bubble cycle 0 Core idle cycle 0 
[2026-05-25 04:20:03.730] [debug] Core [2] : PE Utilization(%) 0.00, Systolic Bubble(%) 0.00, Vector Unit Utilization(%) 0.00, Total cycle: 107000
[2026-05-25 04:20:03.730] [debug] Core [3] : MatMul active cycle 0 Vector active cycle 0 
[2026-05-25 04:20:03.731] [debug] Core [3] : issued tile 1 
[2026-05-25 04:20:03.731] [debug] Core [3] : Memory unit idle cycle 1000 Systolic bubble cycle 0 Core idle cycle 0 
[2026-05-25 04:20:03.731] [debug] Core [3] : PE Utilization(%) 0.00, Systolic Bubble(%) 0.00, Vector Unit Utilization(%) 0.00, Total cycle: 107000
[2026-05-25 04:20:03.883] [info] Core [0] : MatMul active cycle 0 Vector active cycle 0 
[2026-05-25 04:20:03.883] [info] Core [0] : issued tile 1 
[2026-05-25 04:20:03.883] [info] Core [0] : Memory unit idle cycle 1000 Systolic bubble cycle 0 Core idle cycle 0 
[2026-05-25 04:20:03.883] [info] Core [0] : PE Utilization(%) 0.00, Systolic Bubble(%) 0.00, Vector Unit Utilization(%) 0.00, Total cycle: 108000
[2026-05-25 04:20:03.883] [debug] Core [1] : MatMul active cycle 0 Vector active cycle 0 
[2026-05-25 04:20:03.883] [debug] Core [1] : issued tile 1 
[2026-05-25 04:20:03.883] [debug] Core [1] : Memory unit idle cycle 1000 Systolic bubble cycle 0 Core idle cycle 0 
[2026-05-25 04:20:03.883] [debug] Core [1] : PE Utilization(%) 0.00, Systolic Bubble(%) 0.00, Vector Unit Utilization(%) 0.00, Total cycle: 108000
[2026-05-25 04:20:03.883] [debug] Core [2] : MatMul active cycle 0 Vector active cycle 0 
[2026-05-25 04:20:03.883] [debug] Core [2] : issued tile 1 
[2026-05-25 04:20:03.883] [debug] Core [2] : Memory unit idle cycle 1000 Systolic bubble cycle 0 Core idle cycle 0 
[2026-05-25 04:20:03.883] [debug] Core [2] : PE Utilization(%) 0.00, Systolic Bubble(%) 0.00, Vector Unit Utilization(%) 0.00, Total cycle: 108000
[2026-05-25 04:20:03.883] [debug] Core [3] : MatMul active cycle 0 Vector active cycle 0 
[2026-05-25 04:20:03.883] [debug] Core [3] : issued tile 1 
[2026-05-25 04:20:03.883] [debug] Core [3] : Memory unit idle cycle 1000 Systolic bubble cycle 0 Core idle cycle 0 
[2026-05-25 04:20:03.883] [debug] Core [3] : PE Utilization(%) 0.00, Systolic Bubble(%) 0.00, Vector Unit Utilization(%) 0.00, Total cycle: 108000
[2026-05-25 04:20:03.983] [info] Core [0] : MatMul active cycle 0 Vector active cycle 0 
[2026-05-25 04:20:03.983] [info] Core [0] : issued tile 1 
[2026-05-25 04:20:03.983] [info] Core [0] : Memory unit idle cycle 1000 Systolic bubble cycle 0 Core idle cycle 0 
[2026-05-25 04:20:03.983] [info] Core [0] : PE Utilization(%) 0.00, Systolic Bubble(%) 0.00, Vector Unit Utilization(%) 0.00, Total cycle: 109000
[2026-05-25 04:20:03.983] [debug] Core [1] : MatMul active cycle 0 Vector active cycle 0 
[2026-05-25 04:20:03.983] [debug] Core [1] : issued tile 1 
[2026-05-25 04:20:03.983] [debug] Core [1] : Memory unit idle cycle 1000 Systolic bubble cycle 0 Core idle cycle 0 
[2026-05-25 04:20:03.983] [debug] Core [1] : PE Utilization(%) 0.00, Systolic Bubble(%) 0.00, Vector Unit Utilization(%) 0.00, Total cycle: 109000
[2026-05-25 04:20:03.983] [debug] Core [2] : MatMul active cycle 0 Vector active cycle 0 
[2026-05-25 04:20:03.983] [debug] Core [2] : issued tile 1 
[2026-05-25 04:20:03.983] [debug] Core [2] : Memory unit idle cycle 1000 Systolic bubble cycle 0 Core idle cycle 0 
[2026-05-25 04:20:03.983] [debug] Core [2] : PE Utilization(%) 0.00, Systolic Bubble(%) 0.00, Vector Unit Utilization(%) 0.00, Total cycle: 109000
[2026-05-25 04:20:03.983] [debug] Core [3] : MatMul active cycle 0 Vector active cycle 0 
[2026-05-25 04:20:03.983] [debug] Core [3] : issued tile 1 
[2026-05-25 04:20:03.983] [debug] Core [3] : Memory unit idle cycle 1000 Systolic bubble cycle 0 Core idle cycle 0 
[2026-05-25 04:20:03.983] [debug] Core [3] : PE Utilization(%) 0.00, Systolic Bubble(%) 0.00, Vector Unit Utilization(%) 0.00, Total cycle: 109000
[2026-05-25 04:20:03.990] [info] Core [0] : MatMul active cycle 958 Vector active cycle 0 
[2026-05-25 04:20:03.990] [info] Core [0] : issued tile 1 
[2026-05-25 04:20:03.990] [info] Core [0] : Memory unit idle cycle 1000 Systolic bubble cycle 0 Core idle cycle 0 
[2026-05-25 04:20:03.990] [info] Core [0] : PE Utilization(%) 70.30, Systolic Bubble(%) 0.00, Vector Unit Utilization(%) 0.00, Total cycle: 110000
[2026-05-25 04:20:03.990] [debug] Core [1] : MatMul active cycle 944 Vector active cycle 0 
[2026-05-25 04:20:03.990] [debug] Core [1] : issued tile 1 
[2026-05-25 04:20:03.990] [debug] Core [1] : Memory unit idle cycle 1000 Systolic bubble cycle 0 Core idle cycle 0 
[2026-05-25 04:20:03.990] [debug] Core [1] : PE Utilization(%) 68.90, Systolic Bubble(%) 0.00, Vector Unit Utilization(%) 0.00, Total cycle: 110000
[2026-05-25 04:20:03.990] [debug] Core [2] : MatMul active cycle 925 Vector active cycle 0 
[2026-05-25 04:20:03.990] [debug] Core [2] : issued tile 1 
[2026-05-25 04:20:03.990] [debug] Core [2] : Memory unit idle cycle 1000 Systolic bubble cycle 0 Core idle cycle 0 
[2026-05-25 04:20:03.990] [debug] Core [2] : PE Utilization(%) 67.00, Systolic Bubble(%) 0.00, Vector Unit Utilization(%) 0.00, Total cycle: 110000
[2026-05-25 04:20:03.990] [debug] Core [3] : MatMul active cycle 955 Vector active cycle 0 
[2026-05-25 04:20:03.990] [debug] Core [3] : issued tile 1 
[2026-05-25 04:20:03.990] [debug] Core [3] : Memory unit idle cycle 1000 Systolic bubble cycle 0 Core idle cycle 0 
[2026-05-25 04:20:03.990] [debug] Core [3] : PE Utilization(%) 70.00, Systolic Bubble(%) 0.00, Vector Unit Utilization(%) 0.00, Total cycle: 110000
[2026-05-25 04:20:04.125] [info] Core [0] : MatMul active cycle 1000 Vector active cycle 0 
[2026-05-25 04:20:04.125] [info] Core [0] : issued tile 1 
[2026-05-25 04:20:04.125] [info] Core [0] : Memory unit idle cycle 872 Systolic bubble cycle 1305600 Core idle cycle 0 
[2026-05-25 04:20:04.125] [info] Core [0] : PE Utilization(%) 92.03, Systolic Bubble(%) 7.97, Vector Unit Utilization(%) 0.00, Total cycle: 111000
[2026-05-25 04:20:04.125] [debug] Core [1] : MatMul active cycle 1000 Vector active cycle 0 
[2026-05-25 04:20:04.125] [debug] Core [1] : issued tile 1 
[2026-05-25 04:20:04.125] [debug] Core [1] : Memory unit idle cycle 872 Systolic bubble cycle 1262592 Core idle cycle 0 
[2026-05-25 04:20:04.125] [debug] Core [1] : PE Utilization(%) 92.29, Systolic Bubble(%) 7.71, Vector Unit Utilization(%) 0.00, Total cycle: 111000
[2026-05-25 04:20:04.125] [debug] Core [2] : MatMul active cycle 1000 Vector active cycle 0 
[2026-05-25 04:20:04.125] [debug] Core [2] : issued tile 1 
[2026-05-25 04:20:04.125] [debug] Core [2] : Memory unit idle cycle 872 Systolic bubble cycle 1204224 Core idle cycle 0 
[2026-05-25 04:20:04.125] [debug] Core [2] : PE Utilization(%) 92.65, Systolic Bubble(%) 7.35, Vector Unit Utilization(%) 0.00, Total cycle: 111000
[2026-05-25 04:20:04.125] [debug] Core [3] : MatMul active cycle 1000 Vector active cycle 0 
[2026-05-25 04:20:04.125] [debug] Core [3] : issued tile 1 
[2026-05-25 04:20:04.125] [debug] Core [3] : Memory unit idle cycle 872 Systolic bubble cycle 1296384 Core idle cycle 0 
[2026-05-25 04:20:04.125] [debug] Core [3] : PE Utilization(%) 92.09, Systolic Bubble(%) 7.91, Vector Unit Utilization(%) 0.00, Total cycle: 111000
[2026-05-25 04:20:04.184] [debug] Layer 36 Core 0 Finish Tile at 111601 Remain tile 4
[2026-05-25 04:20:04.185] [debug] Layer 36 Core 3 Finish Tile at 111604 Remain tile 3
[2026-05-25 04:20:04.186] [debug] Layer 36 Core 1 Finish Tile at 111615 Remain tile 2
[2026-05-25 04:20:04.189] [debug] Layer 36 Core 2 Finish Tile at 111634 Remain tile 1
[2026-05-25 04:20:04.189] [info] Layer layer0.ffn.fc2 finish at 111634
[2026-05-25 04:20:04.189] [info] Total compute time 11115
[2026-05-25 04:20:04.189] [info] executable layer count 1
[2026-05-25 04:20:04.189] [info] Start layer layer0.ffn.ln
[2026-05-25 04:20:04.189] [debug] Layer layer0.ffn.ln Core 2 Get Tile at 111634
[2026-05-25 04:20:04.189] [debug] Layer layer0.ffn.ln Core 3 Get Tile at 111634
[2026-05-25 04:20:04.189] [debug] Layer layer0.ffn.ln Core 0 Get Tile at 111635
[2026-05-25 04:20:04.189] [debug] Layer layer0.ffn.ln Core 1 Get Tile at 111635
[2026-05-25 04:20:04.189] [debug] Layer layer0.ffn.ln Core 2 Get Tile at 111635
[2026-05-25 04:20:04.189] [debug] Layer layer0.ffn.ln Core 3 Get Tile at 111635
[2026-05-25 04:20:04.190] [debug] Layer layer0.ffn.ln Core 0 Get Tile at 111636
[2026-05-25 04:20:04.190] [debug] Layer layer0.ffn.ln Core 1 Get Tile at 111636
[2026-05-25 04:20:04.285] [info] HBM2-CH_0: BW utilization 44% (3167 reads, 1118 writes)
[2026-05-25 04:20:04.285] [debug] HBM2-CH_1: BW utilization 44% (3117 reads, 1187 writes)
[2026-05-25 04:20:04.285] [debug] HBM2-CH_2: BW utilization 43% (3112 reads, 1065 writes)
[2026-05-25 04:20:04.285] [debug] HBM2-CH_3: BW utilization 44% (3165 reads, 1126 writes)
[2026-05-25 04:20:04.285] [debug] HBM2-CH_4: BW utilization 44% (3120 reads, 1119 writes)
[2026-05-25 04:20:04.285] [debug] HBM2-CH_5: BW utilization 44% (3086 reads, 1164 writes)
[2026-05-25 04:20:04.285] [debug] HBM2-CH_6: BW utilization 45% (3143 reads, 1179 writes)
[2026-05-25 04:20:04.285] [debug] HBM2-CH_7: BW utilization 44% (3111 reads, 1174 writes)
[2026-05-25 04:20:04.285] [debug] HBM2-CH_8: BW utilization 44% (3107 reads, 1186 writes)
[2026-05-25 04:20:04.285] [debug] HBM2-CH_9: BW utilization 44% (3143 reads, 1089 writes)
[2026-05-25 04:20:04.285] [debug] HBM2-CH_10: BW utilization 43% (3119 reads, 1084 writes)
[2026-05-25 04:20:04.285] [debug] HBM2-CH_11: BW utilization 44% (3110 reads, 1124 writes)
[2026-05-25 04:20:04.285] [debug] HBM2-CH_12: BW utilization 44% (3149 reads, 1113 writes)
[2026-05-25 04:20:04.285] [debug] HBM2-CH_13: BW utilization 44% (3151 reads, 1145 writes)
[2026-05-25 04:20:04.285] [debug] HBM2-CH_14: BW utilization 44% (3126 reads, 1156 writes)
[2026-05-25 04:20:04.286] [debug] HBM2-CH_15: BW utilization 44% (3118 reads, 1132 writes)
[2026-05-25 04:20:04.299] [info] Core [0] : MatMul active cycle 599 Vector active cycle 0 
[2026-05-25 04:20:04.299] [info] Core [0] : issued tile 2 
[2026-05-25 04:20:04.299] [info] Core [0] : Memory unit idle cycle 544 Systolic bubble cycle 1840128 Core idle cycle 0 
[2026-05-25 04:20:04.299] [info] Core [0] : PE Utilization(%) 48.67, Systolic Bubble(%) 11.23, Vector Unit Utilization(%) 0.00, Total cycle: 112000
[2026-05-25 04:20:04.299] [debug] Core [1] : MatMul active cycle 613 Vector active cycle 0 
[2026-05-25 04:20:04.299] [debug] Core [1] : issued tile 2 
[2026-05-25 04:20:04.299] [debug] Core [1] : Memory unit idle cycle 558 Systolic bubble cycle 1883136 Core idle cycle 0 
[2026-05-25 04:20:04.299] [debug] Core [1] : PE Utilization(%) 49.81, Systolic Bubble(%) 11.49, Vector Unit Utilization(%) 0.00, Total cycle: 112000
[2026-05-25 04:20:04.299] [debug] Core [2] : MatMul active cycle 632 Vector active cycle 0 
[2026-05-25 04:20:04.299] [debug] Core [2] : issued tile 2 
[2026-05-25 04:20:04.299] [debug] Core [2] : Memory unit idle cycle 577 Systolic bubble cycle 1941504 Core idle cycle 0 
[2026-05-25 04:20:04.299] [debug] Core [2] : PE Utilization(%) 51.35, Systolic Bubble(%) 11.85, Vector Unit Utilization(%) 0.00, Total cycle: 112000
[2026-05-25 04:20:04.299] [debug] Core [3] : MatMul active cycle 602 Vector active cycle 0 
[2026-05-25 04:20:04.299] [debug] Core [3] : issued tile 2 
[2026-05-25 04:20:04.299] [debug] Core [3] : Memory unit idle cycle 547 Systolic bubble cycle 1849344 Core idle cycle 0 
[2026-05-25 04:20:04.299] [debug] Core [3] : PE Utilization(%) 48.91, Systolic Bubble(%) 11.29, Vector Unit Utilization(%) 0.00, Total cycle: 112000
[2026-05-25 04:20:04.599] [info] Core [0] : MatMul active cycle 0 Vector active cycle 10 
[2026-05-25 04:20:04.599] [info] Core [0] : issued tile 2 
[2026-05-25 04:20:04.599] [info] Core [0] : Memory unit idle cycle 880 Systolic bubble cycle 0 Core idle cycle 0 
[2026-05-25 04:20:04.599] [info] Core [0] : PE Utilization(%) 0.00, Systolic Bubble(%) 0.00, Vector Unit Utilization(%) 1.00, Total cycle: 113000
[2026-05-25 04:20:04.599] [debug] Core [1] : MatMul active cycle 0 Vector active cycle 10 
[2026-05-25 04:20:04.599] [debug] Core [1] : issued tile 2 
[2026-05-25 04:20:04.599] [debug] Core [1] : Memory unit idle cycle 866 Systolic bubble cycle 0 Core idle cycle 0 
[2026-05-25 04:20:04.599] [debug] Core [1] : PE Utilization(%) 0.00, Systolic Bubble(%) 0.00, Vector Unit Utilization(%) 1.00, Total cycle: 113000
[2026-05-25 04:20:04.599] [debug] Core [2] : MatMul active cycle 0 Vector active cycle 10 
[2026-05-25 04:20:04.599] [debug] Core [2] : issued tile 2 
[2026-05-25 04:20:04.599] [debug] Core [2] : Memory unit idle cycle 847 Systolic bubble cycle 0 Core idle cycle 0 
[2026-05-25 04:20:04.599] [debug] Core [2] : PE Utilization(%) 0.00, Systolic Bubble(%) 0.00, Vector Unit Utilization(%) 1.00, Total cycle: 113000
[2026-05-25 04:20:04.599] [debug] Core [3] : MatMul active cycle 0 Vector active cycle 10 
[2026-05-25 04:20:04.599] [debug] Core [3] : issued tile 2 
[2026-05-25 04:20:04.599] [debug] Core [3] : Memory unit idle cycle 877 Systolic bubble cycle 0 Core idle cycle 0 
[2026-05-25 04:20:04.599] [debug] Core [3] : PE Utilization(%) 0.00, Systolic Bubble(%) 0.00, Vector Unit Utilization(%) 1.00, Total cycle: 113000
[2026-05-25 04:20:04.766] [debug] Layer 38 Core 1 Finish Tile at 113561 Remain tile 8
[2026-05-25 04:20:04.769] [debug] Layer 38 Core 2 Finish Tile at 113572 Remain tile 7
[2026-05-25 04:20:04.793] [debug] Layer 38 Core 3 Finish Tile at 113649 Remain tile 6
[2026-05-25 04:20:04.826] [debug] Layer 38 Core 0 Finish Tile at 113754 Remain tile 5
[2026-05-25 04:20:04.900] [info] Core [0] : MatMul active cycle 0 Vector active cycle 2 
[2026-05-25 04:20:04.900] [info] Core [0] : issued tile 1 
[2026-05-25 04:20:04.900] [info] Core [0] : Memory unit idle cycle 884 Systolic bubble cycle 0 Core idle cycle 0 
[2026-05-25 04:20:04.900] [info] Core [0] : PE Utilization(%) 0.00, Systolic Bubble(%) 0.00, Vector Unit Utilization(%) 0.20, Total cycle: 114000
[2026-05-25 04:20:04.900] [debug] Core [1] : MatMul active cycle 0 Vector active cycle 2 
[2026-05-25 04:20:04.900] [debug] Core [1] : issued tile 1 
[2026-05-25 04:20:04.900] [debug] Core [1] : Memory unit idle cycle 884 Systolic bubble cycle 0 Core idle cycle 0 
[2026-05-25 04:20:04.900] [debug] Core [1] : PE Utilization(%) 0.00, Systolic Bubble(%) 0.00, Vector Unit Utilization(%) 0.20, Total cycle: 114000
[2026-05-25 04:20:04.900] [debug] Core [2] : MatMul active cycle 0 Vector active cycle 2 
[2026-05-25 04:20:04.900] [debug] Core [2] : issued tile 1 
[2026-05-25 04:20:04.900] [debug] Core [2] : Memory unit idle cycle 884 Systolic bubble cycle 0 Core idle cycle 0 
[2026-05-25 04:20:04.900] [debug] Core [2] : PE Utilization(%) 0.00, Systolic Bubble(%) 0.00, Vector Unit Utilization(%) 0.20, Total cycle: 114000
[2026-05-25 04:20:04.900] [debug] Core [3] : MatMul active cycle 0 Vector active cycle 2 
[2026-05-25 04:20:04.900] [debug] Core [3] : issued tile 1 
[2026-05-25 04:20:04.900] [debug] Core [3] : Memory unit idle cycle 884 Systolic bubble cycle 0 Core idle cycle 0 
[2026-05-25 04:20:04.900] [debug] Core [3] : PE Utilization(%) 0.00, Systolic Bubble(%) 0.00, Vector Unit Utilization(%) 0.20, Total cycle: 114000
[2026-05-25 04:20:05.054] [debug] Layer 38 Core 1 Finish Tile at 114920 Remain tile 4
[2026-05-25 04:20:05.054] [debug] Layer 38 Core 2 Finish Tile at 114926 Remain tile 3
[2026-05-25 04:20:05.055] [debug] Layer 38 Core 0 Finish Tile at 114931 Remain tile 2
[2026-05-25 04:20:05.055] [debug] Layer 38 Core 3 Finish Tile at 114935 Remain tile 1
[2026-05-25 04:20:05.055] [info] Layer layer0.ffn.ln finish at 114935
[2026-05-25 04:20:05.055] [info] Total compute time 3301
[2026-05-25 04:20:05.055] [info] Model[tiny_transformer] Request: 0 us, Start: 0 us, finish:114 us, Current Cycle:114935
[2026-05-25 04:20:05.055] [info] No total_seq_len!
[2026-05-25 04:20:05.056] [info] Total Memory Usage: 0.01 GB
[2026-05-25 04:20:05.056] [info] Weight Memory Usage: 0.01 GB
[2026-05-25 04:20:05.056] [info] KV Memory Usage: 0.00 GB
[2026-05-25 04:20:05.056] [info] Activation Memory Usage: 0.00 GB
[2026-05-25 04:20:05.056] [debug] [Gemm] input_shape: [1, 232]
[2026-05-25 04:20:05.056] [debug] [Gemm] output_shape : [1, 696]
[2026-05-25 04:20:05.056] [info] [GEMM] spad_size: 33554432 accum_size: 4194304
[2026-05-25 04:20:05.056] [info] [GEMM] required_sram_size: 131072 required_accum_size: 32768
[2026-05-25 04:20:05.056] [info] [GEMM] Used mapping: Total N:1 C:232 M:696 | Outer N:1 C:1 M:6 | Inner N:128 C:256 M:128
[2026-05-25 04:20:05.057] [info] [GemmWs] Keys K = 232, N = 1, M = 696
[2026-05-25 04:20:05.057] [info] [GemmWS]: total 0.00032364 GFLOPs, 0.000326192 GB
[2026-05-25 04:20:05.057] [info] [GemmWS]: Theoretical time(ms): 0.0005312573421178968 Compute time: 2.469177307062864e-06 Memory time: 0.0005312573421178968
[2026-05-25 04:20:05.057] [debug] [KVCacheConcat] input_token_lengths: [1]
[2026-05-25 04:20:05.057] [debug] [KVCacheConcat] number of tiles: 1
[2026-05-25 04:20:05.057] [info] [Attention] total_spad_size_per_head: 475716 B
[2026-05-25 04:20:05.057] [info] [Attention] total_acc_size_per_head: 4100 B
[2026-05-25 04:20:05.057] [info] [Attention] q_len: 1, seq_len: 2050, dk: 58, heads per tile 1
[2026-05-25 04:20:05.057] [info] [Attention] Spad size 16777216
[2026-05-25 04:20:05.057] [info] [Attention] Accum spad size 2097152
[2026-05-25 04:20:05.057] [info] Mapping info Total Loop: N4 C58 M2050 S1 R1 Q1 P1 Tile Out Loop: N4 C1 M1 S1 R1 Q1 P1 Tile In Loop: N1 C58 M2050 S1 R1 Q1 P1
[2026-05-25 04:20:05.086] [info] [Attention] QK 0.0009512 GFLOPs
[2026-05-25 04:20:05.086] [info] [Attention] total 0.0019844002 GFLOPs, 0.001903328 GB
[2026-05-25 04:20:05.086] [info] [Attention] Theoretical time(ms): 0.0030998827 Compute time: 2.4523926e-05 Memory time: 0.0030998827
[2026-05-25 04:20:05.086] [info] [Attention] QK compute 0.0000ms Softmax compute 0.0000ms SV compute 0.0000ms
[2026-05-25 04:20:05.086] [debug] [Gemm] input_shape: [1, 232]
[2026-05-25 04:20:05.086] [debug] [Gemm] output_shape : [1, 232]
[2026-05-25 04:20:05.086] [info] [GEMM] spad_size: 33554432 accum_size: 4194304
[2026-05-25 04:20:05.086] [info] [GEMM] required_sram_size: 131072 required_accum_size: 32768
[2026-05-25 04:20:05.086] [info] [GEMM] Used mapping: Total N:1 C:232 M:232 | Outer N:1 C:1 M:2 | Inner N:128 C:256 M:128
[2026-05-25 04:20:05.087] [info] [GemmWs] Keys K = 232, N = 1, M = 232
[2026-05-25 04:20:05.087] [info] [GemmWS]: total 0.00010787999 GFLOPs, 0.000109040004 GB
[2026-05-25 04:20:05.087] [info] [GemmWS]: Theoretical time(ms): 0.00017758958392732893 Compute time: 8.230590098357027e-07 Memory time: 0.00017758958392732893
[2026-05-25 04:20:05.087] [info] [SkipLayerNorm] tokens_per_tile: 1
[2026-05-25 04:20:05.087] [debug] [Gemm] input_shape: [1, 232]
[2026-05-25 04:20:05.087] [debug] [Gemm] output_shape : [1, 512]
[2026-05-25 04:20:05.087] [info] [GEMM] spad_size: 33554432 accum_size: 4194304
[2026-05-25 04:20:05.087] [info] [GEMM] required_sram_size: 131072 required_accum_size: 32768
[2026-05-25 04:20:05.087] [info] [GEMM] Used mapping: Total N:1 C:232 M:512 | Outer N:1 C:1 M:4 | Inner N:128 C:256 M:128
[2026-05-25 04:20:05.088] [info] [GemmWs] Keys K = 232, N = 1, M = 512
[2026-05-25 04:20:05.088] [info] [GemmWS]: total 0.000237568 GFLOPs, 0.000239056 GB
[2026-05-25 04:20:05.088] [info] [GemmWS]: Theoretical time(ms): 0.0003893420057465846 Compute time: 1.81250003894462e-06 Memory time: 0.0003893420057465846
[2026-05-25 04:20:05.088] [info] [BiasAct] tokens_per_tile: 1
[2026-05-25 04:20:05.088] [debug] [Gemm] input_shape: [1, 512]
[2026-05-25 04:20:05.088] [debug] [Gemm] output_shape : [1, 232]
[2026-05-25 04:20:05.088] [info] [GEMM] spad_size: 33554432 accum_size: 4194304
[2026-05-25 04:20:05.088] [info] [GEMM] required_sram_size: 262144 required_accum_size: 32768
[2026-05-25 04:20:05.088] [info] [GEMM] Used mapping: Total N:1 C:512 M:232 | Outer N:1 C:1 M:2 | Inner N:128 C:512 M:128
[2026-05-25 04:20:05.089] [info] [GemmWs] Keys K = 512, N = 1, M = 232
[2026-05-25 04:20:05.089] [info] [GemmWS]: total 0.00023779999 GFLOPs, 0.00023952 GB
[2026-05-25 04:20:05.089] [info] [GemmWS]: Theoretical time(ms): 0.00039009771057862963 Compute time: 1.8142699564904774e-06 Memory time: 0.00039009771057862963
[2026-05-25 04:20:05.089] [info] [SkipLayerNorm] tokens_per_tile: 1
[2026-05-25 04:20:05.089] [debug] runnable op, 
[2026-05-25 04:20:05.089] [info]  Model initialization time: 0.033082 seconds
[2026-05-25 04:20:05.089] [info] Schedule model: tiny_transformer at 114937000 us
[2026-05-25 04:20:05.089] [info] MODEL tiny_transformer Scheduled, Total Request: 1
[2026-05-25 04:20:05.089] [info] executable layer count 1
[2026-05-25 04:20:05.089] [info] Start layer layer0.attn.QKVgen
[2026-05-25 04:20:05.089] [debug] Layer layer0.attn.QKVgen Core 0 Get Tile at 114936
[2026-05-25 04:20:05.089] [debug] Layer layer0.attn.QKVgen Core 1 Get Tile at 114936
[2026-05-25 04:20:05.089] [debug] Layer layer0.attn.QKVgen Core 2 Get Tile at 114936
[2026-05-25 04:20:05.089] [debug] Layer layer0.attn.QKVgen Core 3 Get Tile at 114936
[2026-05-25 04:20:05.089] [debug] Layer layer0.attn.QKVgen Core 0 Get Tile at 114937
[2026-05-25 04:20:05.089] [debug] Layer layer0.attn.QKVgen Core 3 Get Tile at 114937
[2026-05-25 04:20:05.106] [info] Core [0] : MatMul active cycle 0 Vector active cycle 12 
[2026-05-25 04:20:05.106] [info] Core [0] : issued tile 2 
[2026-05-25 04:20:05.106] [info] Core [0] : Memory unit idle cycle 930 Systolic bubble cycle 0 Core idle cycle 0 
[2026-05-25 04:20:05.106] [info] Core [0] : PE Utilization(%) 0.00, Systolic Bubble(%) 0.00, Vector Unit Utilization(%) 1.20, Total cycle: 115000
[2026-05-25 04:20:05.106] [debug] Core [1] : MatMul active cycle 0 Vector active cycle 12 
[2026-05-25 04:20:05.106] [debug] Core [1] : issued tile 1 
[2026-05-25 04:20:05.106] [debug] Core [1] : Memory unit idle cycle 919 Systolic bubble cycle 0 Core idle cycle 0 
[2026-05-25 04:20:05.106] [debug] Core [1] : PE Utilization(%) 0.00, Systolic Bubble(%) 0.00, Vector Unit Utilization(%) 1.20, Total cycle: 115000
[2026-05-25 04:20:05.106] [debug] Core [2] : MatMul active cycle 0 Vector active cycle 12 
[2026-05-25 04:20:05.106] [debug] Core [2] : issued tile 1 
[2026-05-25 04:20:05.106] [debug] Core [2] : Memory unit idle cycle 925 Systolic bubble cycle 0 Core idle cycle 0 
[2026-05-25 04:20:05.106] [debug] Core [2] : PE Utilization(%) 0.00, Systolic Bubble(%) 0.00, Vector Unit Utilization(%) 1.20, Total cycle: 115000
[2026-05-25 04:20:05.106] [debug] Core [3] : MatMul active cycle 0 Vector active cycle 12 
[2026-05-25 04:20:05.106] [debug] Core [3] : issued tile 2 
[2026-05-25 04:20:05.106] [debug] Core [3] : Memory unit idle cycle 934 Systolic bubble cycle 0 Core idle cycle 0 
[2026-05-25 04:20:05.106] [debug] Core [3] : PE Utilization(%) 0.00, Systolic Bubble(%) 0.00, Vector Unit Utilization(%) 1.20, Total cycle: 115000
[2026-05-25 04:20:05.369] [info] Core [0] : MatMul active cycle 0 Vector active cycle 0 
[2026-05-25 04:20:05.369] [info] Core [0] : issued tile 2 
[2026-05-25 04:20:05.369] [info] Core [0] : Memory unit idle cycle 784 Systolic bubble cycle 0 Core idle cycle 0 
[2026-05-25 04:20:05.369] [info] Core [0] : PE Utilization(%) 0.00, Systolic Bubble(%) 0.00, Vector Unit Utilization(%) 0.00, Total cycle: 116000
[2026-05-25 04:20:05.369] [debug] Core [1] : MatMul active cycle 0 Vector active cycle 0 
[2026-05-25 04:20:05.369] [debug] Core [1] : issued tile 1 
[2026-05-25 04:20:05.369] [debug] Core [1] : Memory unit idle cycle 847 Systolic bubble cycle 0 Core idle cycle 0 
[2026-05-25 04:20:05.369] [debug] Core [1] : PE Utilization(%) 0.00, Systolic Bubble(%) 0.00, Vector Unit Utilization(%) 0.00, Total cycle: 116000
[2026-05-25 04:20:05.369] [debug] Core [2] : MatMul active cycle 0 Vector active cycle 0 
[2026-05-25 04:20:05.369] [debug] Core [2] : issued tile 1 
[2026-05-25 04:20:05.369] [debug] Core [2] : Memory unit idle cycle 841 Systolic bubble cycle 0 Core idle cycle 0 
[2026-05-25 04:20:05.369] [debug] Core [2] : PE Utilization(%) 0.00, Systolic Bubble(%) 0.00, Vector Unit Utilization(%) 0.00, Total cycle: 116000
[2026-05-25 04:20:05.369] [debug] Core [3] : MatMul active cycle 0 Vector active cycle 0 
[2026-05-25 04:20:05.369] [debug] Core [3] : issued tile 2 
[2026-05-25 04:20:05.369] [debug] Core [3] : Memory unit idle cycle 715 Systolic bubble cycle 0 Core idle cycle 0 
[2026-05-25 04:20:05.369] [debug] Core [3] : PE Utilization(%) 0.00, Systolic Bubble(%) 0.00, Vector Unit Utilization(%) 0.00, Total cycle: 116000
[2026-05-25 04:20:05.401] [debug] Layer 43 Core 1 Finish Tile at 116788 Remain tile 6
[2026-05-25 04:20:05.401] [debug] Layer 43 Core 2 Finish Tile at 116793 Remain tile 5
[2026-05-25 04:20:05.401] [debug] Layer 43 Core 3 Finish Tile at 116818 Remain tile 4
[2026-05-25 04:20:05.401] [debug] Layer 43 Core 0 Finish Tile at 116821 Remain tile 3
[2026-05-25 04:20:05.403] [info] Core [0] : MatMul active cycle 822 Vector active cycle 0 
[2026-05-25 04:20:05.403] [info] Core [0] : issued tile 1 
[2026-05-25 04:20:05.403] [info] Core [0] : Memory unit idle cycle 999 Systolic bubble cycle 9230184 Core idle cycle 0 
[2026-05-25 04:20:05.403] [info] Core [0] : PE Utilization(%) 0.36, Systolic Bubble(%) 56.34, Vector Unit Utilization(%) 0.00, Total cycle: 117000
[2026-05-25 04:20:05.403] [debug] Core [1] : MatMul active cycle 641 Vector active cycle 0 
[2026-05-25 04:20:05.403] [debug] Core [1] : issued tile 0 
[2026-05-25 04:20:05.403] [debug] Core [1] : Memory unit idle cycle 999 Systolic bubble cycle 6274816 Core idle cycle 180 
[2026-05-25 04:20:05.403] [debug] Core [1] : PE Utilization(%) 0.30, Systolic Bubble(%) 38.30, Vector Unit Utilization(%) 0.00, Total cycle: 117000
[2026-05-25 04:20:05.403] [debug] Core [2] : MatMul active cycle 641 Vector active cycle 0 
[2026-05-25 04:20:05.403] [debug] Core [2] : issued tile 0 
[2026-05-25 04:20:05.403] [debug] Core [2] : Memory unit idle cycle 999 Systolic bubble cycle 6274816 Core idle cycle 190 
[2026-05-25 04:20:05.403] [debug] Core [2] : PE Utilization(%) 0.30, Systolic Bubble(%) 38.30, Vector Unit Utilization(%) 0.00, Total cycle: 117000
[2026-05-25 04:20:05.403] [debug] Core [3] : MatMul active cycle 825 Vector active cycle 0 
[2026-05-25 04:20:05.403] [debug] Core [3] : issued tile 1 
[2026-05-25 04:20:05.403] [debug] Core [3] : Memory unit idle cycle 999 Systolic bubble cycle 9265920 Core idle cycle 0 
[2026-05-25 04:20:05.403] [debug] Core [3] : PE Utilization(%) 0.45, Systolic Bubble(%) 56.55, Vector Unit Utilization(%) 0.00, Total cycle: 117000
[2026-05-25 04:20:05.403] [debug] Layer 43 Core 3 Finish Tile at 117074 Remain tile 2
[2026-05-25 04:20:05.403] [debug] Layer 43 Core 0 Finish Tile at 117077 Remain tile 1
[2026-05-25 04:20:05.403] [info] Layer layer0.attn.QKVgen finish at 117077
[2026-05-25 04:20:05.403] [info] Total compute time 2141
[2026-05-25 04:20:05.403] [info] executable layer count 1
[2026-05-25 04:20:05.403] [info] Start layer layer0.attn.KVccat
[2026-05-25 04:20:05.403] [debug] Layer layer0.attn.KVccat Core 2 Get Tile at 117077
[2026-05-25 04:20:05.403] [debug] Layer 45 Core 2 Finish Tile at 117078 Remain tile 1
[2026-05-25 04:20:05.403] [info] Layer layer0.attn.KVccat finish at 117078
[2026-05-25 04:20:05.403] [info] Total compute time 1
[2026-05-25 04:20:05.403] [info] executable layer count 1
[2026-05-25 04:20:05.403] [info] Start layer layer0.attn.Attention.0
[2026-05-25 04:20:05.403] [debug] Layer layer0.attn.Attention.0 Core 2 Get Tile at 117078
[2026-05-25 04:20:05.403] [debug] Layer layer0.attn.Attention.0 Core 3 Get Tile at 117078
[2026-05-25 04:20:05.403] [debug] Layer layer0.attn.Attention.0 Core 0 Get Tile at 117079
[2026-05-25 04:20:05.403] [debug] Layer layer0.attn.Attention.0 Core 1 Get Tile at 117079
[2026-05-25 04:20:05.735] [info] Core [0] : MatMul active cycle 75 Vector active cycle 0 
[2026-05-25 04:20:05.735] [info] Core [0] : issued tile 1 
[2026-05-25 04:20:05.735] [info] Core [0] : Memory unit idle cycle 79 Systolic bubble cycle 1224600 Core idle cycle 0 
[2026-05-25 04:20:05.735] [info] Core [0] : PE Utilization(%) 0.03, Systolic Bubble(%) 7.47, Vector Unit Utilization(%) 0.00, Total cycle: 118000
[2026-05-25 04:20:05.735] [debug] Core [1] : MatMul active cycle 0 Vector active cycle 0 
[2026-05-25 04:20:05.735] [debug] Core [1] : issued tile 1 
[2026-05-25 04:20:05.735] [debug] Core [1] : Memory unit idle cycle 80 Systolic bubble cycle 0 Core idle cycle 79 
[2026-05-25 04:20:05.735] [debug] Core [1] : PE Utilization(%) 0.00, Systolic Bubble(%) 0.00, Vector Unit Utilization(%) 0.00, Total cycle: 118000
[2026-05-25 04:20:05.735] [debug] Core [2] : MatMul active cycle 0 Vector active cycle 0 
[2026-05-25 04:20:05.735] [debug] Core [2] : issued tile 1 
[2026-05-25 04:20:05.735] [debug] Core [2] : Memory unit idle cycle 79 Systolic bubble cycle 0 Core idle cycle 78 
[2026-05-25 04:20:05.735] [debug] Core [2] : PE Utilization(%) 0.00, Systolic Bubble(%) 0.00, Vector Unit Utilization(%) 0.00, Total cycle: 118000
[2026-05-25 04:20:05.735] [debug] Core [3] : MatMul active cycle 72 Vector active cycle 0 
[2026-05-25 04:20:05.735] [debug] Core [3] : issued tile 1 
[2026-05-25 04:20:05.735] [debug] Core [3] : Memory unit idle cycle 78 Systolic bubble cycle 1170432 Core idle cycle 0 
[2026-05-25 04:20:05.735] [debug] Core [3] : PE Utilization(%) 0.06, Systolic Bubble(%) 7.14, Vector Unit Utilization(%) 0.00, Total cycle: 118000
[2026-05-25 04:20:06.118] [info] Core [0] : MatMul active cycle 0 Vector active cycle 0 
[2026-05-25 04:20:06.118] [info] Core [0] : issued tile 1 
[2026-05-25 04:20:06.118] [info] Core [0] : Memory unit idle cycle 665 Systolic bubble cycle 0 Core idle cycle 0 
[2026-05-25 04:20:06.118] [info] Core [0] : PE Utilization(%) 0.00, Systolic Bubble(%) 0.00, Vector Unit Utilization(%) 0.00, Total cycle: 119000
[2026-05-25 04:20:06.118] [debug] Core [1] : MatMul active cycle 0 Vector active cycle 0 
[2026-05-25 04:20:06.118] [debug] Core [1] : issued tile 1 
[2026-05-25 04:20:06.118] [debug] Core [1] : Memory unit idle cycle 674 Systolic bubble cycle 0 Core idle cycle 0 
[2026-05-25 04:20:06.118] [debug] Core [1] : PE Utilization(%) 0.00, Systolic Bubble(%) 0.00, Vector Unit Utilization(%) 0.00, Total cycle: 119000
[2026-05-25 04:20:06.118] [debug] Core [2] : MatMul active cycle 0 Vector active cycle 0 
[2026-05-25 04:20:06.118] [debug] Core [2] : issued tile 1 
[2026-05-25 04:20:06.118] [debug] Core [2] : Memory unit idle cycle 664 Systolic bubble cycle 0 Core idle cycle 0 
[2026-05-25 04:20:06.118] [debug] Core [2] : PE Utilization(%) 0.00, Systolic Bubble(%) 0.00, Vector Unit Utilization(%) 0.00, Total cycle: 119000
[2026-05-25 04:20:06.118] [debug] Core [3] : MatMul active cycle 0 Vector active cycle 0 
[2026-05-25 04:20:06.118] [debug] Core [3] : issued tile 1 
[2026-05-25 04:20:06.118] [debug] Core [3] : Memory unit idle cycle 640 Systolic bubble cycle 0 Core idle cycle 0 
[2026-05-25 04:20:06.118] [debug] Core [3] : PE Utilization(%) 0.00, Systolic Bubble(%) 0.00, Vector Unit Utilization(%) 0.00, Total cycle: 119000
[2026-05-25 04:20:06.349] [info] HBM2-CH_0: BW utilization 62% (5025 reads, 997 writes)
[2026-05-25 04:20:06.349] [debug] HBM2-CH_1: BW utilization 62% (5069 reads, 962 writes)
[2026-05-25 04:20:06.349] [debug] HBM2-CH_2: BW utilization 62% (5056 reads, 990 writes)
[2026-05-25 04:20:06.349] [debug] HBM2-CH_3: BW utilization 63% (5046 reads, 1007 writes)
[2026-05-25 04:20:06.349] [debug] HBM2-CH_4: BW utilization 62% (5062 reads, 981 writes)
[2026-05-25 04:20:06.349] [debug] HBM2-CH_5: BW utilization 62% (5049 reads, 979 writes)
[2026-05-25 04:20:06.349] [debug] HBM2-CH_6: BW utilization 63% (5077 reads, 987 writes)
[2026-05-25 04:20:06.349] [debug] HBM2-CH_7: BW utilization 63% (5070 reads, 990 writes)
[2026-05-25 04:20:06.349] [debug] HBM2-CH_8: BW utilization 62% (5064 reads, 959 writes)
[2026-05-25 04:20:06.349] [debug] HBM2-CH_9: BW utilization 62% (5035 reads, 988 writes)
[2026-05-25 04:20:06.349] [debug] HBM2-CH_10: BW utilization 63% (5053 reads, 1006 writes)
[2026-05-25 04:20:06.349] [debug] HBM2-CH_11: BW utilization 62% (5065 reads, 961 writes)
[2026-05-25 04:20:06.349] [debug] HBM2-CH_12: BW utilization 63% (5071 reads, 1004 writes)
[2026-05-25 04:20:06.349] [debug] HBM2-CH_13: BW utilization 62% (5069 reads, 967 writes)
[2026-05-25 04:20:06.349] [debug] HBM2-CH_14: BW utilization 63% (5079 reads, 971 writes)
[2026-05-25 04:20:06.349] [debug] HBM2-CH_15: BW utilization 63% (5087 reads, 975 writes)
[2026-05-25 04:20:06.360] [info] Core [0] : MatMul active cycle 494 Vector active cycle 0 
[2026-05-25 04:20:06.360] [info] Core [0] : issued tile 1 
[2026-05-25 04:20:06.360] [info] Core [0] : Memory unit idle cycle 1000 Systolic bubble cycle 3885184 Core idle cycle 0 
[2026-05-25 04:20:06.360] [info] Core [0] : PE Utilization(%) 0.19, Systolic Bubble(%) 23.71, Vector Unit Utilization(%) 0.00, Total cycle: 120000
[2026-05-25 04:20:06.360] [debug] Core [1] : MatMul active cycle 481 Vector active cycle 0 
[2026-05-25 04:20:06.360] [debug] Core [1] : issued tile 1 
[2026-05-25 04:20:06.360] [debug] Core [1] : Memory unit idle cycle 1000 Systolic bubble cycle 3673856 Core idle cycle 0 
[2026-05-25 04:20:06.360] [debug] Core [1] : PE Utilization(%) 0.18, Systolic Bubble(%) 22.42, Vector Unit Utilization(%) 0.00, Total cycle: 120000
[2026-05-25 04:20:06.360] [debug] Core [2] : MatMul active cycle 491 Vector active cycle 0 
[2026-05-25 04:20:06.360] [debug] Core [2] : issued tile 1 
[2026-05-25 04:20:06.360] [debug] Core [2] : Memory unit idle cycle 1000 Systolic bubble cycle 3836416 Core idle cycle 0 
[2026-05-25 04:20:06.360] [debug] Core [2] : PE Utilization(%) 0.18, Systolic Bubble(%) 23.42, Vector Unit Utilization(%) 0.00, Total cycle: 120000
[2026-05-25 04:20:06.360] [debug] Core [3] : MatMul active cycle 469 Vector active cycle 0 
[2026-05-25 04:20:06.360] [debug] Core [3] : issued tile 1 
[2026-05-25 04:20:06.360] [debug] Core [3] : Memory unit idle cycle 1000 Systolic bubble cycle 3478784 Core idle cycle 0 
[2026-05-25 04:20:06.360] [debug] Core [3] : PE Utilization(%) 0.17, Systolic Bubble(%) 21.23, Vector Unit Utilization(%) 0.00, Total cycle: 120000
[2026-05-25 04:20:06.592] [info] Core [0] : MatMul active cycle 1000 Vector active cycle 0 
[2026-05-25 04:20:06.592] [info] Core [0] : issued tile 1 
[2026-05-25 04:20:06.592] [info] Core [0] : Memory unit idle cycle 1000 Systolic bubble cycle 16256000 Core idle cycle 0 
[2026-05-25 04:20:06.592] [info] Core [0] : PE Utilization(%) 0.78, Systolic Bubble(%) 99.22, Vector Unit Utilization(%) 0.00, Total cycle: 121000
[2026-05-25 04:20:06.592] [debug] Core [1] : MatMul active cycle 1000 Vector active cycle 0 
[2026-05-25 04:20:06.592] [debug] Core [1] : issued tile 1 
[2026-05-25 04:20:06.592] [debug] Core [1] : Memory unit idle cycle 1000 Systolic bubble cycle 16256000 Core idle cycle 0 
[2026-05-25 04:20:06.592] [debug] Core [1] : PE Utilization(%) 0.78, Systolic Bubble(%) 99.22, Vector Unit Utilization(%) 0.00, Total cycle: 121000
[2026-05-25 04:20:06.592] [debug] Core [2] : MatMul active cycle 1000 Vector active cycle 0 
[2026-05-25 04:20:06.592] [debug] Core [2] : issued tile 1 
[2026-05-25 04:20:06.592] [debug] Core [2] : Memory unit idle cycle 1000 Systolic bubble cycle 16256000 Core idle cycle 0 
[2026-05-25 04:20:06.592] [debug] Core [2] : PE Utilization(%) 0.78, Systolic Bubble(%) 99.22, Vector Unit Utilization(%) 0.00, Total cycle: 121000
[2026-05-25 04:20:06.592] [debug] Core [3] : MatMul active cycle 1000 Vector active cycle 0 
[2026-05-25 04:20:06.592] [debug] Core [3] : issued tile 1 
[2026-05-25 04:20:06.592] [debug] Core [3] : Memory unit idle cycle 1000 Systolic bubble cycle 16256000 Core idle cycle 0 
[2026-05-25 04:20:06.592] [debug] Core [3] : PE Utilization(%) 0.78, Systolic Bubble(%) 99.22, Vector Unit Utilization(%) 0.00, Total cycle: 121000
[2026-05-25 04:20:06.620] [info] Core [0] : MatMul active cycle 1000 Vector active cycle 0 
[2026-05-25 04:20:06.620] [info] Core [0] : issued tile 1 
[2026-05-25 04:20:06.620] [info] Core [0] : Memory unit idle cycle 1000 Systolic bubble cycle 16263686 Core idle cycle 0 
[2026-05-25 04:20:06.620] [info] Core [0] : PE Utilization(%) 0.73, Systolic Bubble(%) 99.27, Vector Unit Utilization(%) 0.00, Total cycle: 122000
[2026-05-25 04:20:06.620] [debug] Core [1] : MatMul active cycle 1000 Vector active cycle 0 
[2026-05-25 04:20:06.620] [debug] Core [1] : issued tile 1 
[2026-05-25 04:20:06.620] [debug] Core [1] : Memory unit idle cycle 1000 Systolic bubble cycle 16262048 Core idle cycle 0 
[2026-05-25 04:20:06.620] [debug] Core [1] : PE Utilization(%) 0.74, Systolic Bubble(%) 99.26, Vector Unit Utilization(%) 0.00, Total cycle: 122000
[2026-05-25 04:20:06.620] [debug] Core [2] : MatMul active cycle 1000 Vector active cycle 0 
[2026-05-25 04:20:06.620] [debug] Core [2] : issued tile 1 
[2026-05-25 04:20:06.620] [debug] Core [2] : Memory unit idle cycle 1000 Systolic bubble cycle 16263308 Core idle cycle 0 
[2026-05-25 04:20:06.620] [debug] Core [2] : PE Utilization(%) 0.74, Systolic Bubble(%) 99.26, Vector Unit Utilization(%) 0.00, Total cycle: 122000
[2026-05-25 04:20:06.620] [debug] Core [3] : MatMul active cycle 1000 Vector active cycle 0 
[2026-05-25 04:20:06.620] [debug] Core [3] : issued tile 1 
[2026-05-25 04:20:06.620] [debug] Core [3] : Memory unit idle cycle 1000 Systolic bubble cycle 16260536 Core idle cycle 0 
[2026-05-25 04:20:06.620] [debug] Core [3] : PE Utilization(%) 0.75, Systolic Bubble(%) 99.25, Vector Unit Utilization(%) 0.00, Total cycle: 122000
[2026-05-25 04:20:06.627] [info] Core [0] : MatMul active cycle 979 Vector active cycle 24 
[2026-05-25 04:20:06.627] [info] Core [0] : issued tile 1 
[2026-05-25 04:20:06.627] [info] Core [0] : Memory unit idle cycle 1000 Systolic bubble cycle 7660646 Core idle cycle 0 
[2026-05-25 04:20:06.627] [info] Core [0] : PE Utilization(%) 0.14, Systolic Bubble(%) 46.76, Vector Unit Utilization(%) 2.40, Total cycle: 123000
[2026-05-25 04:20:06.627] [debug] Core [1] : MatMul active cycle 979 Vector active cycle 24 
[2026-05-25 04:20:06.627] [debug] Core [1] : issued tile 1 
[2026-05-25 04:20:06.627] [debug] Core [1] : Memory unit idle cycle 1000 Systolic bubble cycle 7661374 Core idle cycle 0 
[2026-05-25 04:20:06.627] [debug] Core [1] : PE Utilization(%) 0.14, Systolic Bubble(%) 46.76, Vector Unit Utilization(%) 2.40, Total cycle: 123000
[2026-05-25 04:20:06.627] [debug] Core [2] : MatMul active cycle 979 Vector active cycle 24 
[2026-05-25 04:20:06.627] [debug] Core [2] : issued tile 1 
[2026-05-25 04:20:06.627] [debug] Core [2] : Memory unit idle cycle 1000 Systolic bubble cycle 7660814 Core idle cycle 0 
[2026-05-25 04:20:06.627] [debug] Core [2] : PE Utilization(%) 0.14, Systolic Bubble(%) 46.76, Vector Unit Utilization(%) 2.40, Total cycle: 123000
[2026-05-25 04:20:06.627] [debug] Core [3] : MatMul active cycle 979 Vector active cycle 24 
[2026-05-25 04:20:06.627] [debug] Core [3] : issued tile 1 
[2026-05-25 04:20:06.627] [debug] Core [3] : Memory unit idle cycle 1000 Systolic bubble cycle 7662046 Core idle cycle 0 
[2026-05-25 04:20:06.627] [debug] Core [3] : PE Utilization(%) 0.13, Systolic Bubble(%) 46.77, Vector Unit Utilization(%) 2.40, Total cycle: 123000
[2026-05-25 04:20:06.633] [info] Core [0] : MatMul active cycle 998 Vector active cycle 0 
[2026-05-25 04:20:06.633] [info] Core [0] : issued tile 1 
[2026-05-25 04:20:06.633] [info] Core [0] : Memory unit idle cycle 1000 Systolic bubble cycle 7967088 Core idle cycle 0 
[2026-05-25 04:20:06.633] [info] Core [0] : PE Utilization(%) 0.17, Systolic Bubble(%) 48.63, Vector Unit Utilization(%) 0.00, Total cycle: 124000
[2026-05-25 04:20:06.633] [debug] Core [1] : MatMul active cycle 998 Vector active cycle 0 
[2026-05-25 04:20:06.633] [debug] Core [1] : issued tile 1 
[2026-05-25 04:20:06.633] [debug] Core [1] : Memory unit idle cycle 1000 Systolic bubble cycle 7967088 Core idle cycle 0 
[2026-05-25 04:20:06.633] [debug] Core [1] : PE Utilization(%) 0.17, Systolic Bubble(%) 48.63, Vector Unit Utilization(%) 0.00, Total cycle: 124000
[2026-05-25 04:20:06.633] [debug] Core [2] : MatMul active cycle 998 Vector active cycle 0 
[2026-05-25 04:20:06.633] [debug] Core [2] : issued tile 1 
[2026-05-25 04:20:06.633] [debug] Core [2] : Memory unit idle cycle 1000 Systolic bubble cycle 7967088 Core idle cycle 0 
[2026-05-25 04:20:06.633] [debug] Core [2] : PE Utilization(%) 0.17, Systolic Bubble(%) 48.63, Vector Unit Utilization(%) 0.00, Total cycle: 124000
[2026-05-25 04:20:06.633] [debug] Core [3] : MatMul active cycle 998 Vector active cycle 0 
[2026-05-25 04:20:06.633] [debug] Core [3] : issued tile 1 
[2026-05-25 04:20:06.633] [debug] Core [3] : Memory unit idle cycle 1000 Systolic bubble cycle 7967088 Core idle cycle 0 
[2026-05-25 04:20:06.633] [debug] Core [3] : PE Utilization(%) 0.17, Systolic Bubble(%) 48.63, Vector Unit Utilization(%) 0.00, Total cycle: 124000
[2026-05-25 04:20:06.640] [info] Core [0] : MatMul active cycle 998 Vector active cycle 0 
[2026-05-25 04:20:06.640] [info] Core [0] : issued tile 1 
[2026-05-25 04:20:06.640] [info] Core [0] : Memory unit idle cycle 1000 Systolic bubble cycle 7967088 Core idle cycle 0 
[2026-05-25 04:20:06.640] [info] Core [0] : PE Utilization(%) 0.17, Systolic Bubble(%) 48.63, Vector Unit Utilization(%) 0.00, Total cycle: 125000
[2026-05-25 04:20:06.640] [debug] Core [1] : MatMul active cycle 998 Vector active cycle 0 
[2026-05-25 04:20:06.640] [debug] Core [1] : issued tile 1 
[2026-05-25 04:20:06.640] [debug] Core [1] : Memory unit idle cycle 1000 Systolic bubble cycle 7967088 Core idle cycle 0 
[2026-05-25 04:20:06.640] [debug] Core [1] : PE Utilization(%) 0.17, Systolic Bubble(%) 48.63, Vector Unit Utilization(%) 0.00, Total cycle: 125000
[2026-05-25 04:20:06.640] [debug] Core [2] : MatMul active cycle 998 Vector active cycle 0 
[2026-05-25 04:20:06.640] [debug] Core [2] : issued tile 1 
[2026-05-25 04:20:06.640] [debug] Core [2] : Memory unit idle cycle 1000 Systolic bubble cycle 7967088 Core idle cycle 0 
[2026-05-25 04:20:06.640] [debug] Core [2] : PE Utilization(%) 0.17, Systolic Bubble(%) 48.63, Vector Unit Utilization(%) 0.00, Total cycle: 125000
[2026-05-25 04:20:06.640] [debug] Core [3] : MatMul active cycle 998 Vector active cycle 0 
[2026-05-25 04:20:06.640] [debug] Core [3] : issued tile 1 
[2026-05-25 04:20:06.640] [debug] Core [3] : Memory unit idle cycle 1000 Systolic bubble cycle 7967088 Core idle cycle 0 
[2026-05-25 04:20:06.640] [debug] Core [3] : PE Utilization(%) 0.17, Systolic Bubble(%) 48.63, Vector Unit Utilization(%) 0.00, Total cycle: 125000
[2026-05-25 04:20:06.647] [info] Core [0] : MatMul active cycle 998 Vector active cycle 0 
[2026-05-25 04:20:06.647] [info] Core [0] : issued tile 1 
[2026-05-25 04:20:06.647] [info] Core [0] : Memory unit idle cycle 1000 Systolic bubble cycle 7967088 Core idle cycle 0 
[2026-05-25 04:20:06.647] [info] Core [0] : PE Utilization(%) 0.17, Systolic Bubble(%) 48.63, Vector Unit Utilization(%) 0.00, Total cycle: 126000
[2026-05-25 04:20:06.647] [debug] Core [1] : MatMul active cycle 998 Vector active cycle 0 
[2026-05-25 04:20:06.647] [debug] Core [1] : issued tile 1 
[2026-05-25 04:20:06.647] [debug] Core [1] : Memory unit idle cycle 1000 Systolic bubble cycle 7967088 Core idle cycle 0 
[2026-05-25 04:20:06.647] [debug] Core [1] : PE Utilization(%) 0.17, Systolic Bubble(%) 48.63, Vector Unit Utilization(%) 0.00, Total cycle: 126000
[2026-05-25 04:20:06.647] [debug] Core [2] : MatMul active cycle 998 Vector active cycle 0 
[2026-05-25 04:20:06.647] [debug] Core [2] : issued tile 1 
[2026-05-25 04:20:06.647] [debug] Core [2] : Memory unit idle cycle 1000 Systolic bubble cycle 7967088 Core idle cycle 0 
[2026-05-25 04:20:06.647] [debug] Core [2] : PE Utilization(%) 0.17, Systolic Bubble(%) 48.63, Vector Unit Utilization(%) 0.00, Total cycle: 126000
[2026-05-25 04:20:06.647] [debug] Core [3] : MatMul active cycle 998 Vector active cycle 0 
[2026-05-25 04:20:06.647] [debug] Core [3] : issued tile 1 
[2026-05-25 04:20:06.647] [debug] Core [3] : Memory unit idle cycle 1000 Systolic bubble cycle 7967088 Core idle cycle 0 
[2026-05-25 04:20:06.647] [debug] Core [3] : PE Utilization(%) 0.17, Systolic Bubble(%) 48.63, Vector Unit Utilization(%) 0.00, Total cycle: 126000
[2026-05-25 04:20:06.653] [info] Core [0] : MatMul active cycle 998 Vector active cycle 0 
[2026-05-25 04:20:06.653] [info] Core [0] : issued tile 1 
[2026-05-25 04:20:06.653] [info] Core [0] : Memory unit idle cycle 1000 Systolic bubble cycle 7967088 Core idle cycle 0 
[2026-05-25 04:20:06.653] [info] Core [0] : PE Utilization(%) 0.17, Systolic Bubble(%) 48.63, Vector Unit Utilization(%) 0.00, Total cycle: 127000
[2026-05-25 04:20:06.653] [debug] Core [1] : MatMul active cycle 998 Vector active cycle 0 
[2026-05-25 04:20:06.653] [debug] Core [1] : issued tile 1 
[2026-05-25 04:20:06.653] [debug] Core [1] : Memory unit idle cycle 1000 Systolic bubble cycle 7967088 Core idle cycle 0 
[2026-05-25 04:20:06.653] [debug] Core [1] : PE Utilization(%) 0.17, Systolic Bubble(%) 48.63, Vector Unit Utilization(%) 0.00, Total cycle: 127000
[2026-05-25 04:20:06.653] [debug] Core [2] : MatMul active cycle 998 Vector active cycle 0 
[2026-05-25 04:20:06.653] [debug] Core [2] : issued tile 1 
[2026-05-25 04:20:06.653] [debug] Core [2] : Memory unit idle cycle 1000 Systolic bubble cycle 7967088 Core idle cycle 0 
[2026-05-25 04:20:06.653] [debug] Core [2] : PE Utilization(%) 0.17, Systolic Bubble(%) 48.63, Vector Unit Utilization(%) 0.00, Total cycle: 127000
[2026-05-25 04:20:06.653] [debug] Core [3] : MatMul active cycle 998 Vector active cycle 0 
[2026-05-25 04:20:06.653] [debug] Core [3] : issued tile 1 
[2026-05-25 04:20:06.653] [debug] Core [3] : Memory unit idle cycle 1000 Systolic bubble cycle 7967088 Core idle cycle 0 
[2026-05-25 04:20:06.653] [debug] Core [3] : PE Utilization(%) 0.17, Systolic Bubble(%) 48.63, Vector Unit Utilization(%) 0.00, Total cycle: 127000
[2026-05-25 04:20:06.660] [info] HBM2-CH_0: BW utilization 11% (1098 reads, 0 writes)
[2026-05-25 04:20:06.660] [debug] HBM2-CH_1: BW utilization 11% (1086 reads, 0 writes)
[2026-05-25 04:20:06.660] [debug] HBM2-CH_2: BW utilization 11% (1092 reads, 0 writes)
[2026-05-25 04:20:06.660] [debug] HBM2-CH_3: BW utilization 11% (1083 reads, 0 writes)
[2026-05-25 04:20:06.660] [debug] HBM2-CH_4: BW utilization 11% (1106 reads, 0 writes)
[2026-05-25 04:20:06.660] [debug] HBM2-CH_5: BW utilization 11% (1099 reads, 0 writes)
[2026-05-25 04:20:06.660] [debug] HBM2-CH_6: BW utilization 11% (1075 reads, 0 writes)
[2026-05-25 04:20:06.660] [debug] HBM2-CH_7: BW utilization 11% (1071 reads, 0 writes)
[2026-05-25 04:20:06.660] [debug] HBM2-CH_8: BW utilization 11% (1084 reads, 0 writes)
[2026-05-25 04:20:06.660] [debug] HBM2-CH_9: BW utilization 11% (1113 reads, 0 writes)
[2026-05-25 04:20:06.660] [debug] HBM2-CH_10: BW utilization 11% (1078 reads, 0 writes)
[2026-05-25 04:20:06.660] [debug] HBM2-CH_11: BW utilization 11% (1077 reads, 0 writes)
[2026-05-25 04:20:06.660] [debug] HBM2-CH_12: BW utilization 11% (1076 reads, 0 writes)
[2026-05-25 04:20:06.660] [debug] HBM2-CH_13: BW utilization 11% (1090 reads, 0 writes)
[2026-05-25 04:20:06.660] [debug] HBM2-CH_14: BW utilization 11% (1079 reads, 0 writes)
[2026-05-25 04:20:06.660] [debug] HBM2-CH_15: BW utilization 11% (1083 reads, 0 writes)
[2026-05-25 04:20:06.660] [info] Core [0] : MatMul active cycle 998 Vector active cycle 0 
[2026-05-25 04:20:06.660] [info] Core [0] : issued tile 1 
[2026-05-25 04:20:06.660] [info] Core [0] : Memory unit idle cycle 1000 Systolic bubble cycle 7967088 Core idle cycle 0 
[2026-05-25 04:20:06.660] [info] Core [0] : PE Utilization(%) 0.17, Systolic Bubble(%) 48.63, Vector Unit Utilization(%) 0.00, Total cycle: 128000
[2026-05-25 04:20:06.660] [debug] Core [1] : MatMul active cycle 998 Vector active cycle 0 
[2026-05-25 04:20:06.660] [debug] Core [1] : issued tile 1 
[2026-05-25 04:20:06.660] [debug] Core [1] : Memory unit idle cycle 1000 Systolic bubble cycle 8114022 Core idle cycle 0 
[2026-05-25 04:20:06.660] [debug] Core [1] : PE Utilization(%) 0.18, Systolic Bubble(%) 49.52, Vector Unit Utilization(%) 0.00, Total cycle: 128000
[2026-05-25 04:20:06.660] [debug] Core [2] : MatMul active cycle 998 Vector active cycle 0 
[2026-05-25 04:20:06.660] [debug] Core [2] : issued tile 1 
[2026-05-25 04:20:06.660] [debug] Core [2] : Memory unit idle cycle 1000 Systolic bubble cycle 7967088 Core idle cycle 0 
[2026-05-25 04:20:06.660] [debug] Core [2] : PE Utilization(%) 0.17, Systolic Bubble(%) 48.63, Vector Unit Utilization(%) 0.00, Total cycle: 128000
[2026-05-25 04:20:06.660] [debug] Core [3] : MatMul active cycle 998 Vector active cycle 0 
[2026-05-25 04:20:06.660] [debug] Core [3] : issued tile 1 
[2026-05-25 04:20:06.660] [debug] Core [3] : Memory unit idle cycle 1000 Systolic bubble cycle 8309934 Core idle cycle 0 
[2026-05-25 04:20:06.660] [debug] Core [3] : PE Utilization(%) 0.18, Systolic Bubble(%) 50.72, Vector Unit Utilization(%) 0.00, Total cycle: 128000
[2026-05-25 04:20:06.667] [info] Core [0] : MatMul active cycle 998 Vector active cycle 0 
[2026-05-25 04:20:06.667] [info] Core [0] : issued tile 1 
[2026-05-25 04:20:06.667] [info] Core [0] : Memory unit idle cycle 1000 Systolic bubble cycle 8358912 Core idle cycle 0 
[2026-05-25 04:20:06.667] [info] Core [0] : PE Utilization(%) 0.18, Systolic Bubble(%) 51.02, Vector Unit Utilization(%) 0.00, Total cycle: 129000
[2026-05-25 04:20:06.667] [debug] Core [1] : MatMul active cycle 998 Vector active cycle 0 
[2026-05-25 04:20:06.667] [debug] Core [1] : issued tile 1 
[2026-05-25 04:20:06.667] [debug] Core [1] : Memory unit idle cycle 1000 Systolic bubble cycle 8424216 Core idle cycle 0 
[2026-05-25 04:20:06.667] [debug] Core [1] : PE Utilization(%) 0.18, Systolic Bubble(%) 51.42, Vector Unit Utilization(%) 0.00, Total cycle: 129000
[2026-05-25 04:20:06.667] [debug] Core [2] : MatMul active cycle 998 Vector active cycle 0 
[2026-05-25 04:20:06.667] [debug] Core [2] : issued tile 1 
[2026-05-25 04:20:06.667] [debug] Core [2] : Memory unit idle cycle 1000 Systolic bubble cycle 8407890 Core idle cycle 0 
[2026-05-25 04:20:06.667] [debug] Core [2] : PE Utilization(%) 0.18, Systolic Bubble(%) 51.32, Vector Unit Utilization(%) 0.00, Total cycle: 129000
[2026-05-25 04:20:06.667] [debug] Core [3] : MatMul active cycle 998 Vector active cycle 0 
[2026-05-25 04:20:06.667] [debug] Core [3] : issued tile 1 
[2026-05-25 04:20:06.667] [debug] Core [3] : Memory unit idle cycle 1000 Systolic bubble cycle 8424216 Core idle cycle 0 
[2026-05-25 04:20:06.667] [debug] Core [3] : PE Utilization(%) 0.18, Systolic Bubble(%) 51.42, Vector Unit Utilization(%) 0.00, Total cycle: 129000
[2026-05-25 04:20:06.673] [info] Core [0] : MatMul active cycle 998 Vector active cycle 0 
[2026-05-25 04:20:06.673] [info] Core [0] : issued tile 1 
[2026-05-25 04:20:06.673] [info] Core [0] : Memory unit idle cycle 1000 Systolic bubble cycle 8424216 Core idle cycle 0 
[2026-05-25 04:20:06.673] [info] Core [0] : PE Utilization(%) 0.18, Systolic Bubble(%) 51.42, Vector Unit Utilization(%) 0.00, Total cycle: 130000
[2026-05-25 04:20:06.673] [debug] Core [1] : MatMul active cycle 998 Vector active cycle 0 
[2026-05-25 04:20:06.673] [debug] Core [1] : issued tile 1 
[2026-05-25 04:20:06.673] [debug] Core [1] : Memory unit idle cycle 1000 Systolic bubble cycle 8424216 Core idle cycle 0 
[2026-05-25 04:20:06.673] [debug] Core [1] : PE Utilization(%) 0.18, Systolic Bubble(%) 51.42, Vector Unit Utilization(%) 0.00, Total cycle: 130000
[2026-05-25 04:20:06.673] [debug] Core [2] : MatMul active cycle 998 Vector active cycle 0 
[2026-05-25 04:20:06.673] [debug] Core [2] : issued tile 1 
[2026-05-25 04:20:06.673] [debug] Core [2] : Memory unit idle cycle 1000 Systolic bubble cycle 8424216 Core idle cycle 0 
[2026-05-25 04:20:06.673] [debug] Core [2] : PE Utilization(%) 0.18, Systolic Bubble(%) 51.42, Vector Unit Utilization(%) 0.00, Total cycle: 130000
[2026-05-25 04:20:06.673] [debug] Core [3] : MatMul active cycle 998 Vector active cycle 0 
[2026-05-25 04:20:06.673] [debug] Core [3] : issued tile 1 
[2026-05-25 04:20:06.673] [debug] Core [3] : Memory unit idle cycle 1000 Systolic bubble cycle 8424216 Core idle cycle 0 
[2026-05-25 04:20:06.673] [debug] Core [3] : PE Utilization(%) 0.18, Systolic Bubble(%) 51.42, Vector Unit Utilization(%) 0.00, Total cycle: 130000
[2026-05-25 04:20:06.679] [debug] Layer 49 Core 0 Finish Tile at 130828 Remain tile 4
[2026-05-25 04:20:06.679] [debug] Layer 49 Core 2 Finish Tile at 130831 Remain tile 3
[2026-05-25 04:20:06.679] [debug] Layer 49 Core 1 Finish Tile at 130841 Remain tile 2
[2026-05-25 04:20:06.679] [debug] Layer 49 Core 3 Finish Tile at 130853 Remain tile 1
[2026-05-25 04:20:06.679] [info] Layer layer0.attn.Attention.0 finish at 130853
[2026-05-25 04:20:06.679] [info] Total compute time 13775
[2026-05-25 04:20:06.679] [info] executable layer count 1
[2026-05-25 04:20:06.679] [info] Start layer layer0.attn.Atccat
[2026-05-25 04:20:06.679] [debug] Layer layer0.attn.Atccat Core 3 Get Tile at 130853
[2026-05-25 04:20:06.679] [debug] Layer 51 Core 3 Finish Tile at 130854 Remain tile 1
[2026-05-25 04:20:06.679] [info] Layer layer0.attn.Atccat finish at 130854
[2026-05-25 04:20:06.679] [info] Total compute time 1
[2026-05-25 04:20:06.679] [info] executable layer count 1
[2026-05-25 04:20:06.679] [info] Start layer layer0.attn.proj
[2026-05-25 04:20:06.679] [debug] Layer layer0.attn.proj Core 3 Get Tile at 130854
[2026-05-25 04:20:06.679] [debug] Layer layer0.attn.proj Core 0 Get Tile at 130855
[2026-05-25 04:20:06.701] [info] Core [0] : MatMul active cycle 823 Vector active cycle 4 
[2026-05-25 04:20:06.701] [info] Core [0] : issued tile 1 
[2026-05-25 04:20:06.701] [info] Core [0] : Memory unit idle cycle 902 Systolic bubble cycle 8424216 Core idle cycle 0 
[2026-05-25 04:20:06.701] [info] Core [0] : PE Utilization(%) 0.18, Systolic Bubble(%) 51.42, Vector Unit Utilization(%) 0.40, Total cycle: 131000
[2026-05-25 04:20:06.701] [debug] Core [1] : MatMul active cycle 836 Vector active cycle 4 
[2026-05-25 04:20:06.701] [debug] Core [1] : issued tile 0 
[2026-05-25 04:20:06.701] [debug] Core [1] : Memory unit idle cycle 999 Systolic bubble cycle 8424216 Core idle cycle 127 
[2026-05-25 04:20:06.701] [debug] Core [1] : PE Utilization(%) 0.18, Systolic Bubble(%) 51.42, Vector Unit Utilization(%) 0.40, Total cycle: 131000
[2026-05-25 04:20:06.701] [debug] Core [2] : MatMul active cycle 826 Vector active cycle 4 
[2026-05-25 04:20:06.701] [debug] Core [2] : issued tile 0 
[2026-05-25 04:20:06.701] [debug] Core [2] : Memory unit idle cycle 999 Systolic bubble cycle 8424216 Core idle cycle 137 
[2026-05-25 04:20:06.701] [debug] Core [2] : PE Utilization(%) 0.18, Systolic Bubble(%) 51.42, Vector Unit Utilization(%) 0.40, Total cycle: 131000
[2026-05-25 04:20:06.701] [debug] Core [3] : MatMul active cycle 848 Vector active cycle 4 
[2026-05-25 04:20:06.701] [debug] Core [3] : issued tile 1 
[2026-05-25 04:20:06.701] [debug] Core [3] : Memory unit idle cycle 881 Systolic bubble cycle 8424216 Core idle cycle 0 
[2026-05-25 04:20:06.701] [debug] Core [3] : PE Utilization(%) 0.18, Systolic Bubble(%) 51.42, Vector Unit Utilization(%) 0.40, Total cycle: 131000
[2026-05-25 04:20:06.723] [debug] Layer 53 Core 0 Finish Tile at 131794 Remain tile 2
[2026-05-25 04:20:06.723] [debug] Layer 53 Core 3 Finish Tile at 131821 Remain tile 1
[2026-05-25 04:20:06.723] [info] Layer layer0.attn.proj finish at 131821
[2026-05-25 04:20:06.723] [info] Total compute time 967
[2026-05-25 04:20:06.723] [info] executable layer count 1
[2026-05-25 04:20:06.723] [info] Start layer layer0.attn.ln
[2026-05-25 04:20:06.723] [debug] Layer layer0.attn.ln Core 0 Get Tile at 131822
[2026-05-25 04:20:06.724] [debug] Layer 55 Core 0 Finish Tile at 131863 Remain tile 1
[2026-05-25 04:20:06.724] [info] Layer layer0.attn.ln finish at 131863
[2026-05-25 04:20:06.724] [info] Total compute time 42
[2026-05-25 04:20:06.724] [info] executable layer count 1
[2026-05-25 04:20:06.724] [info] Start layer layer0.ffn.fc1
[2026-05-25 04:20:06.724] [debug] Layer layer0.ffn.fc1 Core 0 Get Tile at 131863
[2026-05-25 04:20:06.724] [debug] Layer layer0.ffn.fc1 Core 1 Get Tile at 131863
[2026-05-25 04:20:06.724] [debug] Layer layer0.ffn.fc1 Core 2 Get Tile at 131863
[2026-05-25 04:20:06.724] [debug] Layer layer0.ffn.fc1 Core 3 Get Tile at 131863
[2026-05-25 04:20:06.757] [info] Core [0] : MatMul active cycle 641 Vector active cycle 12 
[2026-05-25 04:20:06.757] [info] Core [0] : issued tile 1 
[2026-05-25 04:20:06.757] [info] Core [0] : Memory unit idle cycle 879 Systolic bubble cycle 6284080 Core idle cycle 0 
[2026-05-25 04:20:06.757] [info] Core [0] : PE Utilization(%) 0.25, Systolic Bubble(%) 38.35, Vector Unit Utilization(%) 1.20, Total cycle: 132000
[2026-05-25 04:20:06.757] [debug] Core [1] : MatMul active cycle 0 Vector active cycle 0 
[2026-05-25 04:20:06.757] [debug] Core [1] : issued tile 1 
[2026-05-25 04:20:06.757] [debug] Core [1] : Memory unit idle cycle 883 Systolic bubble cycle 0 Core idle cycle 863 
[2026-05-25 04:20:06.757] [debug] Core [1] : PE Utilization(%) 0.00, Systolic Bubble(%) 0.00, Vector Unit Utilization(%) 0.00, Total cycle: 132000
[2026-05-25 04:20:06.757] [debug] Core [2] : MatMul active cycle 0 Vector active cycle 0 
[2026-05-25 04:20:06.757] [debug] Core [2] : issued tile 1 
[2026-05-25 04:20:06.757] [debug] Core [2] : Memory unit idle cycle 883 Systolic bubble cycle 0 Core idle cycle 863 
[2026-05-25 04:20:06.757] [debug] Core [2] : PE Utilization(%) 0.00, Systolic Bubble(%) 0.00, Vector Unit Utilization(%) 0.00, Total cycle: 132000
[2026-05-25 04:20:06.757] [debug] Core [3] : MatMul active cycle 641 Vector active cycle 0 
[2026-05-25 04:20:06.757] [debug] Core [3] : issued tile 1 
[2026-05-25 04:20:06.757] [debug] Core [3] : Memory unit idle cycle 882 Systolic bubble cycle 6274816 Core idle cycle 10 
[2026-05-25 04:20:06.758] [debug] Core [3] : PE Utilization(%) 0.30, Systolic Bubble(%) 38.30, Vector Unit Utilization(%) 0.00, Total cycle: 132000
[2026-05-25 04:20:06.847] [info] Core [0] : MatMul active cycle 575 Vector active cycle 0 
[2026-05-25 04:20:06.847] [info] Core [0] : issued tile 1 
[2026-05-25 04:20:06.847] [info] Core [0] : Memory unit idle cycle 1000 Systolic bubble cycle 5201920 Core idle cycle 0 
[2026-05-25 04:20:06.847] [info] Core [0] : PE Utilization(%) 0.25, Systolic Bubble(%) 31.75, Vector Unit Utilization(%) 0.00, Total cycle: 133000
[2026-05-25 04:20:06.847] [debug] Core [1] : MatMul active cycle 586 Vector active cycle 0 
[2026-05-25 04:20:06.847] [debug] Core [1] : issued tile 1 
[2026-05-25 04:20:06.847] [debug] Core [1] : Memory unit idle cycle 1000 Systolic bubble cycle 5380736 Core idle cycle 0 
[2026-05-25 04:20:06.847] [debug] Core [1] : PE Utilization(%) 0.26, Systolic Bubble(%) 32.84, Vector Unit Utilization(%) 0.00, Total cycle: 133000
[2026-05-25 04:20:06.847] [debug] Core [2] : MatMul active cycle 582 Vector active cycle 0 
[2026-05-25 04:20:06.847] [debug] Core [2] : issued tile 1 
[2026-05-25 04:20:06.847] [debug] Core [2] : Memory unit idle cycle 1000 Systolic bubble cycle 5315712 Core idle cycle 0 
[2026-05-25 04:20:06.847] [debug] Core [2] : PE Utilization(%) 0.26, Systolic Bubble(%) 32.44, Vector Unit Utilization(%) 0.00, Total cycle: 133000
[2026-05-25 04:20:06.847] [debug] Core [3] : MatMul active cycle 581 Vector active cycle 0 
[2026-05-25 04:20:06.847] [debug] Core [3] : issued tile 1 
[2026-05-25 04:20:06.847] [debug] Core [3] : Memory unit idle cycle 1000 Systolic bubble cycle 5299456 Core idle cycle 0 
[2026-05-25 04:20:06.847] [debug] Core [3] : PE Utilization(%) 0.25, Systolic Bubble(%) 32.35, Vector Unit Utilization(%) 0.00, Total cycle: 133000
[2026-05-25 04:20:06.848] [debug] Layer 57 Core 1 Finish Tile at 133057 Remain tile 4
[2026-05-25 04:20:06.848] [debug] Layer 57 Core 2 Finish Tile at 133061 Remain tile 3
[2026-05-25 04:20:06.848] [debug] Layer 57 Core 3 Finish Tile at 133062 Remain tile 2
[2026-05-25 04:20:06.848] [debug] Layer 57 Core 0 Finish Tile at 133068 Remain tile 1
[2026-05-25 04:20:06.848] [info] Layer layer0.ffn.fc1 finish at 133068
[2026-05-25 04:20:06.848] [info] Total compute time 1205
[2026-05-25 04:20:06.848] [info] executable layer count 1
[2026-05-25 04:20:06.848] [info] Start layer layer0.ffn.act
[2026-05-25 04:20:06.848] [debug] Layer layer0.ffn.act Core 1 Get Tile at 133068
[2026-05-25 04:20:06.849] [debug] Layer 59 Core 1 Finish Tile at 133115 Remain tile 1
[2026-05-25 04:20:06.849] [info] Layer layer0.ffn.act finish at 133115
[2026-05-25 04:20:06.849] [info] Total compute time 47
[2026-05-25 04:20:06.849] [info] executable layer count 1
[2026-05-25 04:20:06.849] [info] Start layer layer0.ffn.fc2
[2026-05-25 04:20:06.849] [debug] Layer layer0.ffn.fc2 Core 3 Get Tile at 133115
[2026-05-25 04:20:06.849] [debug] Layer layer0.ffn.fc2 Core 0 Get Tile at 133116
[2026-05-25 04:20:06.938] [info] Core [0] : MatMul active cycle 362 Vector active cycle 0 
[2026-05-25 04:20:06.938] [info] Core [0] : issued tile 1 
[2026-05-25 04:20:06.938] [info] Core [0] : Memory unit idle cycle 788 Systolic bubble cycle 1740376 Core idle cycle 31 
[2026-05-25 04:20:06.938] [info] Core [0] : PE Utilization(%) 0.08, Systolic Bubble(%) 10.62, Vector Unit Utilization(%) 0.00, Total cycle: 134000
[2026-05-25 04:20:06.938] [debug] Core [1] : MatMul active cycle 55 Vector active cycle 4 
[2026-05-25 04:20:06.938] [debug] Core [1] : issued tile 0 
[2026-05-25 04:20:06.938] [debug] Core [1] : Memory unit idle cycle 993 Systolic bubble cycle 894080 Core idle cycle 282 
[2026-05-25 04:20:06.938] [debug] Core [1] : PE Utilization(%) 0.04, Systolic Bubble(%) 5.46, Vector Unit Utilization(%) 0.40, Total cycle: 134000
[2026-05-25 04:20:06.938] [debug] Core [2] : MatMul active cycle 59 Vector active cycle 0 
[2026-05-25 04:20:06.938] [debug] Core [2] : issued tile 0 
[2026-05-25 04:20:06.938] [debug] Core [2] : Memory unit idle cycle 999 Systolic bubble cycle 959104 Core idle cycle 922 
[2026-05-25 04:20:06.938] [debug] Core [2] : PE Utilization(%) 0.05, Systolic Bubble(%) 5.85, Vector Unit Utilization(%) 0.00, Total cycle: 134000
[2026-05-25 04:20:06.938] [debug] Core [3] : MatMul active cycle 314 Vector active cycle 0 
[2026-05-25 04:20:06.938] [debug] Core [3] : issued tile 1 
[2026-05-25 04:20:06.938] [debug] Core [3] : Memory unit idle cycle 740 Systolic bubble cycle 975360 Core idle cycle 7 
[2026-05-25 04:20:06.938] [debug] Core [3] : PE Utilization(%) 0.05, Systolic Bubble(%) 5.95, Vector Unit Utilization(%) 0.00, Total cycle: 134000
[2026-05-25 04:20:06.942] [debug] Layer 61 Core 0 Finish Tile at 134603 Remain tile 2
[2026-05-25 04:20:06.942] [debug] Layer 61 Core 3 Finish Tile at 134645 Remain tile 1
[2026-05-25 04:20:06.942] [info] Layer layer0.ffn.fc2 finish at 134645
[2026-05-25 04:20:06.942] [info] Total compute time 1530
[2026-05-25 04:20:06.942] [info] executable layer count 1
[2026-05-25 04:20:06.942] [info] Start layer layer0.ffn.ln
[2026-05-25 04:20:06.942] [debug] Layer layer0.ffn.ln Core 2 Get Tile at 134646
[2026-05-25 04:20:06.943] [debug] Layer 63 Core 2 Finish Tile at 134686 Remain tile 1
[2026-05-25 04:20:06.943] [info] Layer layer0.ffn.ln finish at 134686
[2026-05-25 04:20:06.943] [info] Total compute time 41
[2026-05-25 04:20:06.943] [info] Model[tiny_transformer] Request: 114 us, Start: 114 us, finish:134 us, Current Cycle:134686
[2026-05-25 04:20:06.943] [info] Request 0 completed in 134686 cycles
[2026-05-25 04:20:06.943] [info] No total_seq_len!
[2026-05-25 04:20:06.943] [info] Simulation Finished at 134705 cycle 134 us
[2026-05-25 04:20:06.943] [info] [MEMORY_FOOTPRINT] Total Core->L2/DRAM Request Bytes: 24251392
[2026-05-25 04:20:06.943] [info] Runtime Instructions [368] Avg Instructions Per Finished Tile [17.52]
[2026-05-25 04:20:06.943] [info] Core [0] : MatMul active cycle 86251 Vector active cycle 17274 
[2026-05-25 04:20:06.943] [info] Core [0] : Memory unit idle cycle 114281 Systolic bubble cycle 416784596 Core idle cycle 31 
[2026-05-25 04:20:06.943] [info] Core [0] : PE Utilization(%) 35.49, Systolic Bubble(%) 18.88, Vector Unit Utilization(%) 12.82, Total cycle: 134705
[2026-05-25 04:20:06.943] [info] [Core 0] Input SRAM Hit Rate: 29.16% (85363 hits, 207412 misses)
[2026-05-25 04:20:06.943] [info] [Core 0] Accumulator SRAM Hit Rate: 1.54% (1834 hits, 117513 misses)
[2026-05-25 04:20:06.943] [info] [Core 0] Average Core->L2 Request Size: 54356.00 bytes
[2026-05-25 04:20:06.943] [info] [Core 0] Object Histogram: Top-1 size 59392 B (28.29%), Top-2 size 237568 B (23.41%)
[2026-05-25 04:20:06.943] [info] Core [0] : Systolic Inst Issue Count : 206
[2026-05-25 04:20:06.943] [info] Core [0] : Systolic PRELOAD Issue Count : 206
[2026-05-25 04:20:06.943] [info] Runtime Instructions [348] Avg Instructions Per Finished Tile [19.33]
[2026-05-25 04:20:06.943] [info] Core [1] : MatMul active cycle 85060 Vector active cycle 17266 
[2026-05-25 04:20:06.943] [info] Core [1] : Memory unit idle cycle 112601 Systolic bubble cycle 396215884 Core idle cycle 2055 
[2026-05-25 04:20:06.943] [info] Core [1] : PE Utilization(%) 35.92, Systolic Bubble(%) 17.95, Vector Unit Utilization(%) 12.82, Total cycle: 134705
[2026-05-25 04:20:06.943] [info] [Core 1] Input SRAM Hit Rate: 29.65% (83561 hits, 198287 misses)
[2026-05-25 04:20:06.943] [info] [Core 1] Accumulator SRAM Hit Rate: 1.57% (1828 hits, 114362 misses)
[2026-05-25 04:20:06.943] [info] [Core 1] Average Core->L2 Request Size: 60046.08 bytes
[2026-05-25 04:20:06.943] [info] [Core 1] Object Histogram: Top-1 size 59392 B (29.67%), Top-2 size 237568 B (23.74%)
[2026-05-25 04:20:06.943] [info] Core [1] : Systolic Inst Issue Count : 198
[2026-05-25 04:20:06.943] [info] Core [1] : Systolic PRELOAD Issue Count : 198
[2026-05-25 04:20:06.943] [info] Runtime Instructions [348] Avg Instructions Per Finished Tile [19.33]
[2026-05-25 04:20:06.943] [info] Core [2] : MatMul active cycle 84433 Vector active cycle 17262 
[2026-05-25 04:20:06.943] [info] Core [2] : Memory unit idle cycle 114650 Systolic bubble cycle 405653068 Core idle cycle 3434 
[2026-05-25 04:20:06.943] [info] Core [2] : PE Utilization(%) 35.21, Systolic Bubble(%) 18.38, Vector Unit Utilization(%) 12.81, Total cycle: 134705
[2026-05-25 04:20:06.943] [info] [Core 2] Input SRAM Hit Rate: 29.33% (81959 hits, 197444 misses)
[2026-05-25 04:20:06.943] [info] [Core 2] Accumulator SRAM Hit Rate: 1.57% (1828 hits, 114441 misses)
[2026-05-25 04:20:06.943] [info] [Core 2] Average Core->L2 Request Size: 59040.00 bytes
[2026-05-25 04:20:06.943] [info] [Core 2] Object Histogram: Top-1 size 59392 B (29.17%), Top-2 size 237568 B (24.14%)
[2026-05-25 04:20:06.943] [info] Core [2] : Systolic Inst Issue Count : 198
[2026-05-25 04:20:06.943] [info] Core [2] : Systolic PRELOAD Issue Count : 198
[2026-05-25 04:20:06.943] [info] Runtime Instructions [363] Avg Instructions Per Finished Tile [18.15]
[2026-05-25 04:20:06.943] [info] Core [3] : MatMul active cycle 85952 Vector active cycle 17262 
[2026-05-25 04:20:06.943] [info] Core [3] : Memory unit idle cycle 110467 Systolic bubble cycle 406652236 Core idle cycle 781 
[2026-05-25 04:20:06.943] [info] Core [3] : PE Utilization(%) 35.92, Systolic Bubble(%) 18.43, Vector Unit Utilization(%) 12.81, Total cycle: 134705
[2026-05-25 04:20:06.943] [info] [Core 3] Input SRAM Hit Rate: 27.39% (78435 hits, 207882 misses)
[2026-05-25 04:20:06.943] [info] [Core 3] Accumulator SRAM Hit Rate: 1.55% (1834 hits, 116807 misses)
[2026-05-25 04:20:06.943] [info] [Core 3] Average Core->L2 Request Size: 57384.51 bytes
[2026-05-25 04:20:06.943] [info] [Core 3] Object Histogram: Top-1 size 59392 B (30.38%), Top-2 size 237568 B (22.79%)
[2026-05-25 04:20:06.943] [info] Core [3] : Systolic Inst Issue Count : 206
[2026-05-25 04:20:06.943] [info] Core [3] : Systolic PRELOAD Issue Count : 206
Class 0:
Packet latency average = 842.955
	minimum = 7
	maximum = 14534
Network latency average = 670.499
	minimum = 7
	maximum = 14534
Slowest packet = 131112
Flit latency average = 670.499
	minimum = 7
	maximum = 14534
Slowest flit = 131112
Fragmentation average = 0
	minimum = 0
	maximum = 0
Injected packet rate average = 0.140651
	minimum = 0.0818901 (at node 38)
	maximum = 0.351954 (at node 75)
Accepted packet rate average = 0.140651
	minimum = 0.0853643 (at node 32)
	maximum = 0.351954 (at node 75)
Injected flit rate average = 0.140651
	minimum = 0.0818901 (at node 38)
	maximum = 0.351954 (at node 75)
Accepted flit rate average= 0.140651
	minimum = 0.0853643 (at node 32)
	maximum = 0.351954 (at node 75)
Injected packet length average = 1
Accepted packet length average = 1
Total in-flight flits = 0 (0 measured)
Frontend:
  impl: GEM5

[2026-05-25 04:20:06.944] [info] Row hits: 35465, Row misses: 351, Row conflicts: 11453
MemorySystem:
  impl: GenericDRAM
  total_num_other_requests: 0
  total_num_write_requests: 12421
  total_num_read_requests: 34946
  memory_system_cycles: 161710
  DRAM:
    impl: HBM2
  AddrMapper:
    impl: RoBaRaCoCh
  Controller:
    impl: Generic
    id: Channel 0
    Scheduler:
      impl: FRFCFS
    RefreshManager:
      impl: AllBank



[2026-05-25 04:20:06.944] [info] HBM2-CH_0: avg BW utilization 29% (34946 reads, 12421 writes)
Frontend:
  impl: GEM5

[2026-05-25 04:20:06.944] [info] Row hits: 35589, Row misses: 338, Row conflicts: 11319
MemorySystem:
  impl: GenericDRAM
  total_num_other_requests: 0
  total_num_write_requests: 12401
  total_num_read_requests: 34938
  memory_system_cycles: 161710
  DRAM:
    impl: HBM2
  AddrMapper:
    impl: RoBaRaCoCh
  Controller:
    impl: Generic
    id: Channel 0
    Scheduler:
      impl: FRFCFS
    RefreshManager:
      impl: AllBank



[2026-05-25 04:20:06.944] [debug] HBM2-CH_1: avg BW utilization 29% (34938 reads, 12401 writes)
Frontend:
  impl: GEM5

[2026-05-25 04:20:06.944] [info] Row hits: 35775, Row misses: 269, Row conflicts: 11268
MemorySystem:
  impl: GenericDRAM
  total_num_other_requests: 0
  total_num_write_requests: 12439
  total_num_read_requests: 34941
  memory_system_cycles: 161710
  DRAM:
    impl: HBM2
  AddrMapper:
    impl: RoBaRaCoCh
  Controller:
    impl: Generic
    id: Channel 0
    Scheduler:
      impl: FRFCFS
    RefreshManager:
      impl: AllBank



[2026-05-25 04:20:06.944] [debug] HBM2-CH_2: avg BW utilization 29% (34941 reads, 12439 writes)
Frontend:
  impl: GEM5

[2026-05-25 04:20:06.944] [info] Row hits: 35638, Row misses: 330, Row conflicts: 11328
MemorySystem:
  impl: GenericDRAM
  total_num_other_requests: 0
  total_num_write_requests: 12432
  total_num_read_requests: 34946
  memory_system_cycles: 161710
  DRAM:
    impl: HBM2
  AddrMapper:
    impl: RoBaRaCoCh
  Controller:
    impl: Generic
    id: Channel 0
    Scheduler:
      impl: FRFCFS
    RefreshManager:
      impl: AllBank



[2026-05-25 04:20:06.944] [debug] HBM2-CH_3: avg BW utilization 29% (34946 reads, 12432 writes)
Frontend:
  impl: GEM5

[2026-05-25 04:20:06.944] [info] Row hits: 35647, Row misses: 346, Row conflicts: 11264
MemorySystem:
  impl: GenericDRAM
  total_num_other_requests: 0
  total_num_write_requests: 12443
  total_num_read_requests: 34932
  memory_system_cycles: 161710
  DRAM:
    impl: HBM2
  AddrMapper:
    impl: RoBaRaCoCh
  Controller:
    impl: Generic
    id: Channel 0
    Scheduler:
      impl: FRFCFS
    RefreshManager:
      impl: AllBank



[2026-05-25 04:20:06.944] [debug] HBM2-CH_4: avg BW utilization 29% (34932 reads, 12443 writes)
Frontend:
  impl: GEM5

[2026-05-25 04:20:06.944] [info] Row hits: 35770, Row misses: 322, Row conflicts: 11185
MemorySystem:
  impl: GenericDRAM
  total_num_other_requests: 0
  total_num_write_requests: 12413
  total_num_read_requests: 34943
  memory_system_cycles: 161710
  DRAM:
    impl: HBM2
  AddrMapper:
    impl: RoBaRaCoCh
  Controller:
    impl: Generic
    id: Channel 0
    Scheduler:
      impl: FRFCFS
    RefreshManager:
      impl: AllBank



[2026-05-25 04:20:06.944] [debug] HBM2-CH_5: avg BW utilization 29% (34943 reads, 12413 writes)
Frontend:
  impl: GEM5

[2026-05-25 04:20:06.944] [info] Row hits: 35606, Row misses: 304, Row conflicts: 11377
MemorySystem:
  impl: GenericDRAM
  total_num_other_requests: 0
  total_num_write_requests: 12404
  total_num_read_requests: 34938
  memory_system_cycles: 161710
  DRAM:
    impl: HBM2
  AddrMapper:
    impl: RoBaRaCoCh
  Controller:
    impl: Generic
    id: Channel 0
    Scheduler:
      impl: FRFCFS
    RefreshManager:
      impl: AllBank



[2026-05-25 04:20:06.944] [debug] HBM2-CH_6: avg BW utilization 29% (34938 reads, 12404 writes)
Frontend:
  impl: GEM5

[2026-05-25 04:20:06.944] [info] Row hits: 35584, Row misses: 310, Row conflicts: 11425
MemorySystem:
  impl: GenericDRAM
  total_num_other_requests: 0
  total_num_write_requests: 12442
  total_num_read_requests: 34939
  memory_system_cycles: 161710
  DRAM:
    impl: HBM2
  AddrMapper:
    impl: RoBaRaCoCh
  Controller:
    impl: Generic
    id: Channel 0
    Scheduler:
      impl: FRFCFS
    RefreshManager:
      impl: AllBank



[2026-05-25 04:20:06.944] [debug] HBM2-CH_7: avg BW utilization 29% (34939 reads, 12442 writes)
Frontend:
  impl: GEM5

[2026-05-25 04:20:06.944] [info] Row hits: 35724, Row misses: 307, Row conflicts: 11260
MemorySystem:
  impl: GenericDRAM
  total_num_other_requests: 0
  total_num_write_requests: 12432
  total_num_read_requests: 34939
  memory_system_cycles: 161710
  DRAM:
    impl: HBM2
  AddrMapper:
    impl: RoBaRaCoCh
  Controller:
    impl: Generic
    id: Channel 0
    Scheduler:
      impl: FRFCFS
    RefreshManager:
      impl: AllBank



[2026-05-25 04:20:06.944] [debug] HBM2-CH_8: avg BW utilization 29% (34939 reads, 12432 writes)
Frontend:
  impl: GEM5

[2026-05-25 04:20:06.944] [info] Row hits: 35721, Row misses: 303, Row conflicts: 11282
MemorySystem:
  impl: GenericDRAM
  total_num_other_requests: 0
  total_num_write_requests: 12429
  total_num_read_requests: 34946
  memory_system_cycles: 161710
  DRAM:
    impl: HBM2
  AddrMapper:
    impl: RoBaRaCoCh
  Controller:
    impl: Generic
    id: Channel 0
    Scheduler:
      impl: FRFCFS
    RefreshManager:
      impl: AllBank



[2026-05-25 04:20:06.944] [debug] HBM2-CH_9: avg BW utilization 29% (34946 reads, 12429 writes)
Frontend:
  impl: GEM5

[2026-05-25 04:20:06.944] [info] Row hits: 35477, Row misses: 314, Row conflicts: 11511
MemorySystem:
  impl: GenericDRAM
  total_num_other_requests: 0
  total_num_write_requests: 12421
  total_num_read_requests: 34940
  memory_system_cycles: 161710
  DRAM:
    impl: HBM2
  AddrMapper:
    impl: RoBaRaCoCh
  Controller:
    impl: Generic
    id: Channel 0
    Scheduler:
      impl: FRFCFS
    RefreshManager:
      impl: AllBank



[2026-05-25 04:20:06.944] [debug] HBM2-CH_10: avg BW utilization 29% (34940 reads, 12421 writes)
Frontend:
  impl: GEM5

[2026-05-25 04:20:06.944] [info] Row hits: 35678, Row misses: 310, Row conflicts: 11358
MemorySystem:
  impl: GenericDRAM
  total_num_other_requests: 0
  total_num_write_requests: 12467
  total_num_read_requests: 34943
  memory_system_cycles: 161710
  DRAM:
    impl: HBM2
  AddrMapper:
    impl: RoBaRaCoCh
  Controller:
    impl: Generic
    id: Channel 0
    Scheduler:
      impl: FRFCFS
    RefreshManager:
      impl: AllBank



[2026-05-25 04:20:06.944] [debug] HBM2-CH_11: avg BW utilization 29% (34943 reads, 12467 writes)
Frontend:
  impl: GEM5

[2026-05-25 04:20:06.944] [info] Row hits: 35617, Row misses: 306, Row conflicts: 11363
MemorySystem:
  impl: GenericDRAM
  total_num_other_requests: 0
  total_num_write_requests: 12410
  total_num_read_requests: 34945
  memory_system_cycles: 161710
  DRAM:
    impl: HBM2
  AddrMapper:
    impl: RoBaRaCoCh
  Controller:
    impl: Generic
    id: Channel 0
    Scheduler:
      impl: FRFCFS
    RefreshManager:
      impl: AllBank



[2026-05-25 04:20:06.944] [debug] HBM2-CH_12: avg BW utilization 29% (34945 reads, 12410 writes)
Frontend:
  impl: GEM5

[2026-05-25 04:20:06.944] [info] Row hits: 35736, Row misses: 348, Row conflicts: 11197
MemorySystem:
  impl: GenericDRAM
  total_num_other_requests: 0
  total_num_write_requests: 12419
  total_num_read_requests: 34943
  memory_system_cycles: 161710
  DRAM:
    impl: HBM2
  AddrMapper:
    impl: RoBaRaCoCh
  Controller:
    impl: Generic
    id: Channel 0
    Scheduler:
      impl: FRFCFS
    RefreshManager:
      impl: AllBank



[2026-05-25 04:20:06.944] [debug] HBM2-CH_13: avg BW utilization 29% (34943 reads, 12419 writes)
Frontend:
  impl: GEM5

[2026-05-25 04:20:06.944] [info] Row hits: 35634, Row misses: 299, Row conflicts: 11357
MemorySystem:
  impl: GenericDRAM
  total_num_other_requests: 0
  total_num_write_requests: 12409
  total_num_read_requests: 34944
  memory_system_cycles: 161710
  DRAM:
    impl: HBM2
  AddrMapper:
    impl: RoBaRaCoCh
  Controller:
    impl: Generic
    id: Channel 0
    Scheduler:
      impl: FRFCFS
    RefreshManager:
      impl: AllBank



[2026-05-25 04:20:06.944] [debug] HBM2-CH_14: avg BW utilization 29% (34944 reads, 12409 writes)
Frontend:
  impl: GEM5

[2026-05-25 04:20:06.944] [info] Row hits: 35572, Row misses: 338, Row conflicts: 11357
MemorySystem:
  impl: GenericDRAM
  total_num_other_requests: 0
  total_num_write_requests: 12406
  total_num_read_requests: 34945
  memory_system_cycles: 161710
  DRAM:
    impl: HBM2
  AddrMapper:
    impl: RoBaRaCoCh
  Controller:
    impl: Generic
    id: Channel 0
    Scheduler:
      impl: FRFCFS
    RefreshManager:
      impl: AllBank



[2026-05-25 04:20:06.944] [debug] HBM2-CH_15: avg BW utilization 29% (34945 reads, 12406 writes)
[2026-05-25 04:20:06.944] [info] Simulation time: 20.940805 seconds
[2026-05-25 04:20:06.944] [info] Total tile: 77, simulated tile per seconds(TPS): 3.708462
