[2026-05-25 04:19:38.008] [info] CPU 0: Partition 0
[2026-05-25 04:19:38.008] [info] CPU 1: Partition 0
[2026-05-25 04:19:38.008] [info] CPU 2: Partition 0
[2026-05-25 04:19:38.008] [info] CPU 3: Partition 0
[2026-05-25 04:19:38.008] [info] Running in language mode
[2026-05-25 04:19:38.008] [info] Simulator Configuration:
[2026-05-25 04:19:38.008] [info] [Core 0] Systolic Array Throughput: 131072 GFLOPS, Spad size: 32768 KB, Accumulator size: 4096 KB
[2026-05-25 04:19:38.008] [info] [Core 1] Systolic Array Throughput: 131072 GFLOPS, Spad size: 32768 KB, Accumulator size: 4096 KB
[2026-05-25 04:19:38.008] [info] [Core 2] Systolic Array Throughput: 131072 GFLOPS, Spad size: 32768 KB, Accumulator size: 4096 KB
[2026-05-25 04:19:38.008] [info] [Core 3] Systolic Array Throughput: 131072 GFLOPS, Spad size: 32768 KB, Accumulator size: 4096 KB
[2026-05-25 04:19:38.008] [info] DRAM Bandwidth 614 GB/s
[2026-05-25 04:19:38.008] [info] Ramulator2 config: /workspace/ONNXim/configs/../configs/ramulator2_configs/HBM2.yaml
[2026-05-25 04:19:38.013] [info] Initialize Booksim2
[2026-05-25 04:19:38.013] [info] Config path : /workspace/ONNXim/configs/../configs/booksim2_configs/fly_c64_m16.icnt
[2026-05-25 04:19:38.016] [info] Register Language Model: tiny_transformer
[2026-05-25 04:19:38.016] [info] Tensor Parallelsim 1, Pipeline Parallelism 1
[2026-05-25 04:19:38.016] [info] Weight size: 0.01 GB
[2026-05-25 04:19:38.016] [info] Simple Language scheduler selected
[2026-05-25 04:19:38.016] [info] num layer 1 num sim layer 1
[2026-05-25 04:19:38.016] [info] ======Start Simulation=====
[2026-05-25 04:19:38.016] [info] Total Memory Usage: 0.01 GB
[2026-05-25 04:19:38.016] [info] Weight Memory Usage: 0.01 GB
[2026-05-25 04:19:38.016] [info] KV Memory Usage: 0.00 GB
[2026-05-25 04:19:38.016] [info] Activation Memory Usage: 0.00 GB
[2026-05-25 04:19:38.016] [debug] [Gemm] input_shape: [512, 232]
[2026-05-25 04:19:38.016] [debug] [Gemm] output_shape : [512, 696]
[2026-05-25 04:19:38.016] [info] [GEMM] spad_size: 33554432 accum_size: 4194304
[2026-05-25 04:19:38.016] [info] [GEMM] required_sram_size: 327680 required_accum_size: 131072
[2026-05-25 04:19:38.016] [info] [GEMM] Used mapping: Total N:512 C:232 M:696 | Outer N:1 C:1 M:6 | Inner N:512 C:256 M:128
[2026-05-25 04:19:38.025] [info] [GemmWs] Keys K = 232, N = 512, M = 696
[2026-05-25 04:19:38.025] [info] [GemmWS]: total 0.16570368 GFLOPs, 0.001274608 GB
[2026-05-25 04:19:38.025] [info] [GemmWS]: Theoretical time(ms): 0.0020759086964972084 Compute time: 0.0012642187812161865 Memory time: 0.0020759086964972084
[2026-05-25 04:19:38.025] [debug] [KVCacheConcat] input_token_lengths: [512]
[2026-05-25 04:19:38.025] [debug] [KVCacheConcat] number of tiles: 1
[2026-05-25 04:19:38.028] [info] [Attention] total_spad_size_per_head: 415744 B
[2026-05-25 04:19:38.028] [info] [Attention] total_acc_size_per_head: 1572864 B
[2026-05-25 04:19:38.028] [info] [Attention] q_len: 512, seq_len: 1536, dk: 58, heads per tile 1
[2026-05-25 04:19:38.028] [info] [Attention] Spad size 16777216
[2026-05-25 04:19:38.028] [info] [Attention] Accum spad size 2097152
[2026-05-25 04:19:38.028] [info] Mapping info Total Loop: N2048 C58 M1536 S1 R1 Q1 P1 Tile Out Loop: N4 C1 M1 S1 R1 Q1 P1 Tile In Loop: N512 C58 M1536 S1 R1 Q1 P1
[2026-05-25 04:19:38.064] [info] [Attention] QK 0.36490443 GFLOPs
[2026-05-25 04:19:38.064] [info] [Attention] total 0.7612661 GFLOPs, 0.0019005439 GB
[2026-05-25 04:19:38.064] [info] [Attention] Theoretical time(ms): 0.009407999 Compute time: 0.009407999 Memory time: 0.0030953484
[2026-05-25 04:19:38.064] [info] [Attention] QK compute 0.0028ms Softmax compute 0.0038ms SV compute 0.0028ms
[2026-05-25 04:19:38.064] [debug] [Gemm] input_shape: [512, 232]
[2026-05-25 04:19:38.064] [debug] [Gemm] output_shape : [512, 232]
[2026-05-25 04:19:38.064] [info] [GEMM] spad_size: 33554432 accum_size: 4194304
[2026-05-25 04:19:38.064] [info] [GEMM] required_sram_size: 196608 required_accum_size: 65536
[2026-05-25 04:19:38.064] [info] [GEMM] Used mapping: Total N:512 C:232 M:232 | Outer N:4 C:1 M:1 | Inner N:128 C:256 M:256
[2026-05-25 04:19:38.067] [info] [GemmWs] Keys K = 232, N = 512, M = 232
[2026-05-25 04:19:38.067] [info] [GemmWS]: total 0.055234555 GFLOPs, 0.000583248 GB
[2026-05-25 04:19:38.067] [info] [GemmWS]: Theoretical time(ms): 0.0009499152611169848 Compute time: 0.0004214062130358798 Memory time: 0.0009499152611169848
[2026-05-25 04:19:38.067] [info] [SkipLayerNorm] tokens_per_tile: 64
[2026-05-25 04:19:38.068] [debug] [Gemm] input_shape: [512, 232]
[2026-05-25 04:19:38.068] [debug] [Gemm] output_shape : [512, 512]
[2026-05-25 04:19:38.068] [info] [GEMM] spad_size: 33554432 accum_size: 4194304
[2026-05-25 04:19:38.068] [info] [GEMM] required_sram_size: 327680 required_accum_size: 131072
[2026-05-25 04:19:38.068] [info] [GEMM] Used mapping: Total N:512 C:232 M:512 | Outer N:1 C:1 M:4 | Inner N:512 C:256 M:128
[2026-05-25 04:19:38.074] [info] [GemmWs] Keys K = 232, N = 512, M = 512
[2026-05-25 04:19:38.074] [info] [GemmWS]: total 0.12163482 GFLOPs, 0.000999424 GB
[2026-05-25 04:19:38.074] [info] [GemmWS]: Theoretical time(ms): 0.0016277264194286545 Compute time: 0.0009280000199396454 Memory time: 0.0016277264194286545
[2026-05-25 04:19:38.074] [info] [BiasAct] tokens_per_tile: 64
[2026-05-25 04:19:38.075] [debug] [Gemm] input_shape: [512, 512]
[2026-05-25 04:19:38.075] [debug] [Gemm] output_shape : [512, 232]
[2026-05-25 04:19:38.075] [info] [GEMM] spad_size: 33554432 accum_size: 4194304
[2026-05-25 04:19:38.075] [info] [GEMM] required_sram_size: 393216 required_accum_size: 65536
[2026-05-25 04:19:38.075] [info] [GEMM] Used mapping: Total N:512 C:512 M:232 | Outer N:4 C:1 M:1 | Inner N:128 C:512 M:256
[2026-05-25 04:19:38.081] [info] [GemmWs] Keys K = 512, N = 512, M = 232
[2026-05-25 04:19:38.081] [info] [GemmWS]: total 0.121753596 GFLOPs, 0.000999888 GB
[2026-05-25 04:19:38.081] [info] [GemmWS]: Theoretical time(ms): 0.0016284822095258278 Compute time: 0.0009289062177231244 Memory time: 0.0016284822095258278
[2026-05-25 04:19:38.081] [info] [SkipLayerNorm] tokens_per_tile: 64
[2026-05-25 04:19:38.083] [debug] runnable op, 
[2026-05-25 04:19:38.083] [info]  Model initialization time: 0.066504 seconds
[2026-05-25 04:19:38.083] [info] Schedule model: tiny_transformer at 1000 us
[2026-05-25 04:19:38.083] [info] MODEL tiny_transformer Scheduled, Total Request: 1
[2026-05-25 04:19:38.083] [info] executable layer count 1
[2026-05-25 04:19:38.083] [info] Start layer layer0.attn.QKVgen
[2026-05-25 04:19:38.083] [debug] Layer layer0.attn.QKVgen Core 0 Get Tile at 0
[2026-05-25 04:19:38.083] [debug] Layer layer0.attn.QKVgen Core 1 Get Tile at 0
[2026-05-25 04:19:38.083] [debug] Layer layer0.attn.QKVgen Core 2 Get Tile at 0
[2026-05-25 04:19:38.083] [debug] Layer layer0.attn.QKVgen Core 3 Get Tile at 0
[2026-05-25 04:19:38.083] [info] HBM2-CH_0: BW utilization 0% (0 reads, 0 writes)
[2026-05-25 04:19:38.083] [debug] HBM2-CH_1: BW utilization 0% (0 reads, 0 writes)
[2026-05-25 04:19:38.083] [debug] HBM2-CH_2: BW utilization 0% (0 reads, 0 writes)
[2026-05-25 04:19:38.083] [debug] HBM2-CH_3: BW utilization 0% (0 reads, 0 writes)
[2026-05-25 04:19:38.083] [debug] HBM2-CH_4: BW utilization 0% (0 reads, 0 writes)
[2026-05-25 04:19:38.083] [debug] HBM2-CH_5: BW utilization 0% (0 reads, 0 writes)
[2026-05-25 04:19:38.083] [debug] HBM2-CH_6: BW utilization 0% (0 reads, 0 writes)
[2026-05-25 04:19:38.083] [debug] HBM2-CH_7: BW utilization 0% (0 reads, 0 writes)
[2026-05-25 04:19:38.083] [debug] HBM2-CH_8: BW utilization 0% (0 reads, 0 writes)
[2026-05-25 04:19:38.083] [debug] HBM2-CH_9: BW utilization 0% (0 reads, 0 writes)
[2026-05-25 04:19:38.083] [debug] HBM2-CH_10: BW utilization 0% (0 reads, 0 writes)
[2026-05-25 04:19:38.083] [debug] HBM2-CH_11: BW utilization 0% (0 reads, 0 writes)
[2026-05-25 04:19:38.083] [debug] HBM2-CH_12: BW utilization 0% (0 reads, 0 writes)
[2026-05-25 04:19:38.083] [debug] HBM2-CH_13: BW utilization 0% (0 reads, 0 writes)
[2026-05-25 04:19:38.083] [debug] HBM2-CH_14: BW utilization 0% (0 reads, 0 writes)
[2026-05-25 04:19:38.083] [debug] HBM2-CH_15: BW utilization 0% (0 reads, 0 writes)
[2026-05-25 04:19:38.083] [debug] Layer layer0.attn.QKVgen Core 1 Get Tile at 1
[2026-05-25 04:19:38.083] [debug] Layer layer0.attn.QKVgen Core 2 Get Tile at 1
[2026-05-25 04:19:38.372] [info] Core [0] : MatMul active cycle 0 Vector active cycle 0 
[2026-05-25 04:19:38.372] [info] Core [0] : issued tile 1 
[2026-05-25 04:19:38.372] [info] Core [0] : Memory unit idle cycle 419 Systolic bubble cycle 0 Core idle cycle 0 
[2026-05-25 04:19:38.372] [info] Core [0] : PE Utilization(%) 0.00, Systolic Bubble(%) 0.00, Vector Unit Utilization(%) 0.00, Total cycle: 1000
[2026-05-25 04:19:38.372] [debug] Core [1] : MatMul active cycle 0 Vector active cycle 0 
[2026-05-25 04:19:38.372] [debug] Core [1] : issued tile 2 
[2026-05-25 04:19:38.372] [debug] Core [1] : Memory unit idle cycle 1 Systolic bubble cycle 0 Core idle cycle 0 
[2026-05-25 04:19:38.372] [debug] Core [1] : PE Utilization(%) 0.00, Systolic Bubble(%) 0.00, Vector Unit Utilization(%) 0.00, Total cycle: 1000
[2026-05-25 04:19:38.372] [debug] Core [2] : MatMul active cycle 0 Vector active cycle 0 
[2026-05-25 04:19:38.372] [debug] Core [2] : issued tile 2 
[2026-05-25 04:19:38.372] [debug] Core [2] : Memory unit idle cycle 1 Systolic bubble cycle 0 Core idle cycle 0 
[2026-05-25 04:19:38.372] [debug] Core [2] : PE Utilization(%) 0.00, Systolic Bubble(%) 0.00, Vector Unit Utilization(%) 0.00, Total cycle: 1000
[2026-05-25 04:19:38.372] [debug] Core [3] : MatMul active cycle 0 Vector active cycle 0 
[2026-05-25 04:19:38.372] [debug] Core [3] : issued tile 1 
[2026-05-25 04:19:38.373] [debug] Core [3] : Memory unit idle cycle 419 Systolic bubble cycle 0 Core idle cycle 0 
[2026-05-25 04:19:38.373] [debug] Core [3] : PE Utilization(%) 0.00, Systolic Bubble(%) 0.00, Vector Unit Utilization(%) 0.00, Total cycle: 1000
[2026-05-25 04:19:38.767] [info] Core [0] : MatMul active cycle 730 Vector active cycle 0 
[2026-05-25 04:19:38.767] [info] Core [0] : issued tile 1 
[2026-05-25 04:19:38.767] [info] Core [0] : Memory unit idle cycle 1000 Systolic bubble cycle 0 Core idle cycle 0 
[2026-05-25 04:19:38.767] [info] Core [0] : PE Utilization(%) 47.50, Systolic Bubble(%) 0.00, Vector Unit Utilization(%) 0.00, Total cycle: 2000
[2026-05-25 04:19:38.767] [debug] Core [1] : MatMul active cycle 660 Vector active cycle 0 
[2026-05-25 04:19:38.767] [debug] Core [1] : issued tile 2 
[2026-05-25 04:19:38.767] [debug] Core [1] : Memory unit idle cycle 0 Systolic bubble cycle 0 Core idle cycle 0 
[2026-05-25 04:19:38.767] [debug] Core [1] : PE Utilization(%) 40.50, Systolic Bubble(%) 0.00, Vector Unit Utilization(%) 0.00, Total cycle: 2000
[2026-05-25 04:19:38.767] [debug] Core [2] : MatMul active cycle 684 Vector active cycle 0 
[2026-05-25 04:19:38.767] [debug] Core [2] : issued tile 2 
[2026-05-25 04:19:38.767] [debug] Core [2] : Memory unit idle cycle 0 Systolic bubble cycle 0 Core idle cycle 0 
[2026-05-25 04:19:38.767] [debug] Core [2] : PE Utilization(%) 42.90, Systolic Bubble(%) 0.00, Vector Unit Utilization(%) 0.00, Total cycle: 2000
[2026-05-25 04:19:38.767] [debug] Core [3] : MatMul active cycle 606 Vector active cycle 0 
[2026-05-25 04:19:38.767] [debug] Core [3] : issued tile 1 
[2026-05-25 04:19:38.767] [debug] Core [3] : Memory unit idle cycle 1000 Systolic bubble cycle 0 Core idle cycle 0 
[2026-05-25 04:19:38.767] [debug] Core [3] : PE Utilization(%) 35.10, Systolic Bubble(%) 0.00, Vector Unit Utilization(%) 0.00, Total cycle: 2000
[2026-05-25 04:19:39.014] [info] Core [0] : MatMul active cycle 977 Vector active cycle 0 
[2026-05-25 04:19:39.014] [info] Core [0] : issued tile 1 
[2026-05-25 04:19:39.014] [info] Core [0] : Memory unit idle cycle 872 Systolic bubble cycle 0 Core idle cycle 0 
[2026-05-25 04:19:39.014] [info] Core [0] : PE Utilization(%) 72.20, Systolic Bubble(%) 0.00, Vector Unit Utilization(%) 0.00, Total cycle: 3000
[2026-05-25 04:19:39.014] [debug] Core [1] : MatMul active cycle 1000 Vector active cycle 0 
[2026-05-25 04:19:39.014] [debug] Core [1] : issued tile 2 
[2026-05-25 04:19:39.014] [debug] Core [1] : Memory unit idle cycle 624 Systolic bubble cycle 0 Core idle cycle 0 
[2026-05-25 04:19:39.014] [debug] Core [1] : PE Utilization(%) 100.00, Systolic Bubble(%) 0.00, Vector Unit Utilization(%) 0.00, Total cycle: 3000
[2026-05-25 04:19:39.014] [debug] Core [2] : MatMul active cycle 1000 Vector active cycle 0 
[2026-05-25 04:19:39.014] [debug] Core [2] : issued tile 2 
[2026-05-25 04:19:39.014] [debug] Core [2] : Memory unit idle cycle 787 Systolic bubble cycle 0 Core idle cycle 0 
[2026-05-25 04:19:39.014] [debug] Core [2] : PE Utilization(%) 100.00, Systolic Bubble(%) 0.00, Vector Unit Utilization(%) 0.00, Total cycle: 3000
[2026-05-25 04:19:39.014] [debug] Core [3] : MatMul active cycle 1000 Vector active cycle 0 
[2026-05-25 04:19:39.014] [debug] Core [3] : issued tile 1 
[2026-05-25 04:19:39.014] [debug] Core [3] : Memory unit idle cycle 822 Systolic bubble cycle 0 Core idle cycle 0 
[2026-05-25 04:19:39.014] [debug] Core [3] : PE Utilization(%) 100.00, Systolic Bubble(%) 0.00, Vector Unit Utilization(%) 0.00, Total cycle: 3000
[2026-05-25 04:19:39.090] [debug] Layer 18 Core 2 Finish Tile at 3267 Remain tile 6
[2026-05-25 04:19:39.109] [debug] Layer 18 Core 3 Finish Tile at 3332 Remain tile 5
[2026-05-25 04:19:39.121] [debug] Layer 18 Core 1 Finish Tile at 3376 Remain tile 4
[2026-05-25 04:19:39.125] [debug] Layer 18 Core 0 Finish Tile at 3387 Remain tile 3
[2026-05-25 04:19:39.291] [info] Core [0] : MatMul active cycle 385 Vector active cycle 0 
[2026-05-25 04:19:39.291] [info] Core [0] : issued tile 0 
[2026-05-25 04:19:39.291] [info] Core [0] : Memory unit idle cycle 872 Systolic bubble cycle 0 Core idle cycle 0 
[2026-05-25 04:19:39.291] [info] Core [0] : PE Utilization(%) 38.50, Systolic Bubble(%) 0.00, Vector Unit Utilization(%) 0.00, Total cycle: 4000
[2026-05-25 04:19:39.291] [debug] Core [1] : MatMul active cycle 374 Vector active cycle 0 
[2026-05-25 04:19:39.291] [debug] Core [1] : issued tile 1 
[2026-05-25 04:19:39.291] [debug] Core [1] : Memory unit idle cycle 878 Systolic bubble cycle 0 Core idle cycle 0 
[2026-05-25 04:19:39.291] [debug] Core [1] : PE Utilization(%) 37.40, Systolic Bubble(%) 0.00, Vector Unit Utilization(%) 0.00, Total cycle: 4000
[2026-05-25 04:19:39.291] [debug] Core [2] : MatMul active cycle 314 Vector active cycle 0 
[2026-05-25 04:19:39.291] [debug] Core [2] : issued tile 1 
[2026-05-25 04:19:39.291] [debug] Core [2] : Memory unit idle cycle 936 Systolic bubble cycle 0 Core idle cycle 0 
[2026-05-25 04:19:39.291] [debug] Core [2] : PE Utilization(%) 26.50, Systolic Bubble(%) 0.00, Vector Unit Utilization(%) 0.00, Total cycle: 4000
[2026-05-25 04:19:39.291] [debug] Core [3] : MatMul active cycle 330 Vector active cycle 0 
[2026-05-25 04:19:39.291] [debug] Core [3] : issued tile 0 
[2026-05-25 04:19:39.291] [debug] Core [3] : Memory unit idle cycle 922 Systolic bubble cycle 0 Core idle cycle 0 
[2026-05-25 04:19:39.291] [debug] Core [3] : PE Utilization(%) 33.00, Systolic Bubble(%) 0.00, Vector Unit Utilization(%) 0.00, Total cycle: 4000
[2026-05-25 04:19:39.488] [info] Core [0] : MatMul active cycle 0 Vector active cycle 0 
[2026-05-25 04:19:39.488] [info] Core [0] : issued tile 0 
[2026-05-25 04:19:39.488] [info] Core [0] : Memory unit idle cycle 1000 Systolic bubble cycle 0 Core idle cycle 98 
[2026-05-25 04:19:39.488] [info] Core [0] : PE Utilization(%) 0.00, Systolic Bubble(%) 0.00, Vector Unit Utilization(%) 0.00, Total cycle: 5000
[2026-05-25 04:19:39.488] [debug] Core [1] : MatMul active cycle 707 Vector active cycle 0 
[2026-05-25 04:19:39.488] [debug] Core [1] : issued tile 1 
[2026-05-25 04:19:39.488] [debug] Core [1] : Memory unit idle cycle 1000 Systolic bubble cycle 0 Core idle cycle 0 
[2026-05-25 04:19:39.488] [debug] Core [1] : PE Utilization(%) 45.20, Systolic Bubble(%) 0.00, Vector Unit Utilization(%) 0.00, Total cycle: 5000
[2026-05-25 04:19:39.488] [debug] Core [2] : MatMul active cycle 819 Vector active cycle 0 
[2026-05-25 04:19:39.488] [debug] Core [2] : issued tile 1 
[2026-05-25 04:19:39.488] [debug] Core [2] : Memory unit idle cycle 1000 Systolic bubble cycle 4700160 Core idle cycle 0 
[2026-05-25 04:19:39.488] [debug] Core [2] : PE Utilization(%) 22.31, Systolic Bubble(%) 28.69, Vector Unit Utilization(%) 0.00, Total cycle: 5000
[2026-05-25 04:19:39.488] [debug] Core [3] : MatMul active cycle 0 Vector active cycle 0 
[2026-05-25 04:19:39.488] [debug] Core [3] : issued tile 0 
[2026-05-25 04:19:39.488] [debug] Core [3] : Memory unit idle cycle 1000 Systolic bubble cycle 0 Core idle cycle 0 
[2026-05-25 04:19:39.488] [debug] Core [3] : PE Utilization(%) 0.00, Systolic Bubble(%) 0.00, Vector Unit Utilization(%) 0.00, Total cycle: 5000
[2026-05-25 04:19:39.574] [info] Core [0] : MatMul active cycle 0 Vector active cycle 0 
[2026-05-25 04:19:39.574] [info] Core [0] : issued tile 0 
[2026-05-25 04:19:39.574] [info] Core [0] : Memory unit idle cycle 1000 Systolic bubble cycle 0 Core idle cycle 1000 
[2026-05-25 04:19:39.574] [info] Core [0] : PE Utilization(%) 0.00, Systolic Bubble(%) 0.00, Vector Unit Utilization(%) 0.00, Total cycle: 6000
[2026-05-25 04:19:39.574] [debug] Core [1] : MatMul active cycle 909 Vector active cycle 0 
[2026-05-25 04:19:39.574] [debug] Core [1] : issued tile 1 
[2026-05-25 04:19:39.574] [debug] Core [1] : Memory unit idle cycle 872 Systolic bubble cycle 0 Core idle cycle 0 
[2026-05-25 04:19:39.574] [debug] Core [1] : PE Utilization(%) 65.40, Systolic Bubble(%) 0.00, Vector Unit Utilization(%) 0.00, Total cycle: 6000
[2026-05-25 04:19:39.574] [debug] Core [2] : MatMul active cycle 1000 Vector active cycle 0 
[2026-05-25 04:19:39.574] [debug] Core [2] : issued tile 1 
[2026-05-25 04:19:39.574] [debug] Core [2] : Memory unit idle cycle 904 Systolic bubble cycle 7815168 Core idle cycle 0 
[2026-05-25 04:19:39.574] [debug] Core [2] : PE Utilization(%) 37.10, Systolic Bubble(%) 47.70, Vector Unit Utilization(%) 0.00, Total cycle: 6000
[2026-05-25 04:19:39.574] [debug] Core [3] : MatMul active cycle 0 Vector active cycle 0 
[2026-05-25 04:19:39.574] [debug] Core [3] : issued tile 0 
[2026-05-25 04:19:39.574] [debug] Core [3] : Memory unit idle cycle 1000 Systolic bubble cycle 0 Core idle cycle 809 
[2026-05-25 04:19:39.574] [debug] Core [3] : PE Utilization(%) 0.00, Systolic Bubble(%) 0.00, Vector Unit Utilization(%) 0.00, Total cycle: 6000
[2026-05-25 04:19:39.576] [debug] Layer 18 Core 2 Finish Tile at 6183 Remain tile 2
[2026-05-25 04:19:39.593] [debug] Layer 18 Core 1 Finish Tile at 6428 Remain tile 1
[2026-05-25 04:19:39.594] [info] Layer layer0.attn.QKVgen finish at 6428
[2026-05-25 04:19:39.594] [info] Total compute time 6428
[2026-05-25 04:19:39.594] [info] executable layer count 1
[2026-05-25 04:19:39.594] [info] Start layer layer0.attn.KVccat
[2026-05-25 04:19:39.594] [debug] Layer layer0.attn.KVccat Core 0 Get Tile at 6429
[2026-05-25 04:19:39.594] [debug] Layer 20 Core 0 Finish Tile at 6430 Remain tile 1
[2026-05-25 04:19:39.594] [info] Layer layer0.attn.KVccat finish at 6430
[2026-05-25 04:19:39.594] [info] Total compute time 2
[2026-05-25 04:19:39.594] [info] executable layer count 1
[2026-05-25 04:19:39.594] [info] Start layer layer0.attn.Attention.0
[2026-05-25 04:19:39.594] [debug] Layer layer0.attn.Attention.0 Core 0 Get Tile at 6430
[2026-05-25 04:19:39.594] [debug] Layer layer0.attn.Attention.0 Core 1 Get Tile at 6430
[2026-05-25 04:19:39.594] [debug] Layer layer0.attn.Attention.0 Core 2 Get Tile at 6430
[2026-05-25 04:19:39.594] [debug] Layer layer0.attn.Attention.0 Core 3 Get Tile at 6430
[2026-05-25 04:19:39.740] [info] Core [0] : MatMul active cycle 0 Vector active cycle 0 
[2026-05-25 04:19:39.740] [info] Core [0] : issued tile 1 
[2026-05-25 04:19:39.740] [info] Core [0] : Memory unit idle cycle 431 Systolic bubble cycle 0 Core idle cycle 430 
[2026-05-25 04:19:39.740] [info] Core [0] : PE Utilization(%) 0.00, Systolic Bubble(%) 0.00, Vector Unit Utilization(%) 0.00, Total cycle: 7000
[2026-05-25 04:19:39.740] [debug] Core [1] : MatMul active cycle 426 Vector active cycle 0 
[2026-05-25 04:19:39.740] [debug] Core [1] : issued tile 1 
[2026-05-25 04:19:39.740] [debug] Core [1] : Memory unit idle cycle 363 Systolic bubble cycle 0 Core idle cycle 0 
[2026-05-25 04:19:39.740] [debug] Core [1] : PE Utilization(%) 42.60, Systolic Bubble(%) 0.00, Vector Unit Utilization(%) 0.00, Total cycle: 7000
[2026-05-25 04:19:39.740] [debug] Core [2] : MatMul active cycle 181 Vector active cycle 0 
[2026-05-25 04:19:39.740] [debug] Core [2] : issued tile 1 
[2026-05-25 04:19:39.740] [debug] Core [2] : Memory unit idle cycle 399 Systolic bubble cycle 1668096 Core idle cycle 71 
[2026-05-25 04:19:39.740] [debug] Core [2] : PE Utilization(%) 7.92, Systolic Bubble(%) 10.18, Vector Unit Utilization(%) 0.00, Total cycle: 7000
[2026-05-25 04:19:39.740] [debug] Core [3] : MatMul active cycle 0 Vector active cycle 0 
[2026-05-25 04:19:39.740] [debug] Core [3] : issued tile 1 
[2026-05-25 04:19:39.740] [debug] Core [3] : Memory unit idle cycle 431 Systolic bubble cycle 0 Core idle cycle 430 
[2026-05-25 04:19:39.740] [debug] Core [3] : PE Utilization(%) 0.00, Systolic Bubble(%) 0.00, Vector Unit Utilization(%) 0.00, Total cycle: 7000
[2026-05-25 04:19:40.051] [info] HBM2-CH_0: BW utilization 64% (4763 reads, 1387 writes)
[2026-05-25 04:19:40.051] [debug] HBM2-CH_1: BW utilization 64% (4773 reads, 1397 writes)
[2026-05-25 04:19:40.051] [debug] HBM2-CH_2: BW utilization 64% (4752 reads, 1408 writes)
[2026-05-25 04:19:40.051] [debug] HBM2-CH_3: BW utilization 64% (4768 reads, 1397 writes)
[2026-05-25 04:19:40.051] [debug] HBM2-CH_4: BW utilization 63% (4749 reads, 1388 writes)
[2026-05-25 04:19:40.051] [debug] HBM2-CH_5: BW utilization 64% (4760 reads, 1394 writes)
[2026-05-25 04:19:40.051] [debug] HBM2-CH_6: BW utilization 64% (4758 reads, 1396 writes)
[2026-05-25 04:19:40.051] [debug] HBM2-CH_7: BW utilization 64% (4765 reads, 1399 writes)
[2026-05-25 04:19:40.051] [debug] HBM2-CH_8: BW utilization 64% (4763 reads, 1400 writes)
[2026-05-25 04:19:40.051] [debug] HBM2-CH_9: BW utilization 64% (4761 reads, 1408 writes)
[2026-05-25 04:19:40.051] [debug] HBM2-CH_10: BW utilization 64% (4770 reads, 1391 writes)
[2026-05-25 04:19:40.051] [debug] HBM2-CH_11: BW utilization 64% (4760 reads, 1394 writes)
[2026-05-25 04:19:40.051] [debug] HBM2-CH_12: BW utilization 64% (4756 reads, 1398 writes)
[2026-05-25 04:19:40.051] [debug] HBM2-CH_13: BW utilization 64% (4767 reads, 1401 writes)
[2026-05-25 04:19:40.051] [debug] HBM2-CH_14: BW utilization 64% (4756 reads, 1396 writes)
[2026-05-25 04:19:40.051] [debug] HBM2-CH_15: BW utilization 64% (4763 reads, 1390 writes)
[2026-05-25 04:19:40.051] [info] Core [0] : MatMul active cycle 0 Vector active cycle 0 
[2026-05-25 04:19:40.051] [info] Core [0] : issued tile 1 
[2026-05-25 04:19:40.051] [info] Core [0] : Memory unit idle cycle 756 Systolic bubble cycle 0 Core idle cycle 0 
[2026-05-25 04:19:40.051] [info] Core [0] : PE Utilization(%) 0.00, Systolic Bubble(%) 0.00, Vector Unit Utilization(%) 0.00, Total cycle: 8000
[2026-05-25 04:19:40.051] [debug] Core [1] : MatMul active cycle 0 Vector active cycle 0 
[2026-05-25 04:19:40.051] [debug] Core [1] : issued tile 1 
[2026-05-25 04:19:40.051] [debug] Core [1] : Memory unit idle cycle 576 Systolic bubble cycle 0 Core idle cycle 0 
[2026-05-25 04:19:40.052] [debug] Core [1] : PE Utilization(%) 0.00, Systolic Bubble(%) 0.00, Vector Unit Utilization(%) 0.00, Total cycle: 8000
[2026-05-25 04:19:40.052] [debug] Core [2] : MatMul active cycle 0 Vector active cycle 0 
[2026-05-25 04:19:40.052] [debug] Core [2] : issued tile 1 
[2026-05-25 04:19:40.052] [debug] Core [2] : Memory unit idle cycle 757 Systolic bubble cycle 0 Core idle cycle 0 
[2026-05-25 04:19:40.052] [debug] Core [2] : PE Utilization(%) 0.00, Systolic Bubble(%) 0.00, Vector Unit Utilization(%) 0.00, Total cycle: 8000
[2026-05-25 04:19:40.052] [debug] Core [3] : MatMul active cycle 0 Vector active cycle 0 
[2026-05-25 04:19:40.052] [debug] Core [3] : issued tile 1 
[2026-05-25 04:19:40.052] [debug] Core [3] : Memory unit idle cycle 756 Systolic bubble cycle 0 Core idle cycle 0 
[2026-05-25 04:19:40.052] [debug] Core [3] : PE Utilization(%) 0.00, Systolic Bubble(%) 0.00, Vector Unit Utilization(%) 0.00, Total cycle: 8000
[2026-05-25 04:19:40.313] [info] Core [0] : MatMul active cycle 137 Vector active cycle 0 
[2026-05-25 04:19:40.313] [info] Core [0] : issued tile 1 
[2026-05-25 04:19:40.313] [info] Core [0] : Memory unit idle cycle 1000 Systolic bubble cycle 0 Core idle cycle 0 
[2026-05-25 04:19:40.313] [info] Core [0] : PE Utilization(%) 0.00, Systolic Bubble(%) 0.00, Vector Unit Utilization(%) 0.00, Total cycle: 9000
[2026-05-25 04:19:40.313] [debug] Core [1] : MatMul active cycle 0 Vector active cycle 0 
[2026-05-25 04:19:40.313] [debug] Core [1] : issued tile 1 
[2026-05-25 04:19:40.313] [debug] Core [1] : Memory unit idle cycle 1000 Systolic bubble cycle 0 Core idle cycle 0 
[2026-05-25 04:19:40.313] [debug] Core [1] : PE Utilization(%) 0.00, Systolic Bubble(%) 0.00, Vector Unit Utilization(%) 0.00, Total cycle: 9000
[2026-05-25 04:19:40.313] [debug] Core [2] : MatMul active cycle 116 Vector active cycle 0 
[2026-05-25 04:19:40.313] [debug] Core [2] : issued tile 1 
[2026-05-25 04:19:40.313] [debug] Core [2] : Memory unit idle cycle 1000 Systolic bubble cycle 0 Core idle cycle 0 
[2026-05-25 04:19:40.313] [debug] Core [2] : PE Utilization(%) 0.00, Systolic Bubble(%) 0.00, Vector Unit Utilization(%) 0.00, Total cycle: 9000
[2026-05-25 04:19:40.313] [debug] Core [3] : MatMul active cycle 131 Vector active cycle 0 
[2026-05-25 04:19:40.313] [debug] Core [3] : issued tile 1 
[2026-05-25 04:19:40.313] [debug] Core [3] : Memory unit idle cycle 1000 Systolic bubble cycle 0 Core idle cycle 0 
[2026-05-25 04:19:40.313] [debug] Core [3] : PE Utilization(%) 0.00, Systolic Bubble(%) 0.00, Vector Unit Utilization(%) 0.00, Total cycle: 9000
[2026-05-25 04:19:40.533] [info] Core [0] : MatMul active cycle 1000 Vector active cycle 0 
[2026-05-25 04:19:40.533] [info] Core [0] : issued tile 1 
[2026-05-25 04:19:40.533] [info] Core [0] : Memory unit idle cycle 1000 Systolic bubble cycle 0 Core idle cycle 0 
[2026-05-25 04:19:40.533] [info] Core [0] : PE Utilization(%) 88.20, Systolic Bubble(%) 0.00, Vector Unit Utilization(%) 0.00, Total cycle: 10000
[2026-05-25 04:19:40.533] [debug] Core [1] : MatMul active cycle 871 Vector active cycle 0 
[2026-05-25 04:19:40.533] [debug] Core [1] : issued tile 1 
[2026-05-25 04:19:40.533] [debug] Core [1] : Memory unit idle cycle 1000 Systolic bubble cycle 0 Core idle cycle 0 
[2026-05-25 04:19:40.533] [debug] Core [1] : PE Utilization(%) 61.60, Systolic Bubble(%) 0.00, Vector Unit Utilization(%) 0.00, Total cycle: 10000
[2026-05-25 04:19:40.533] [debug] Core [2] : MatMul active cycle 1000 Vector active cycle 0 
[2026-05-25 04:19:40.533] [debug] Core [2] : issued tile 1 
[2026-05-25 04:19:40.533] [debug] Core [2] : Memory unit idle cycle 1000 Systolic bubble cycle 0 Core idle cycle 0 
[2026-05-25 04:19:40.533] [debug] Core [2] : PE Utilization(%) 86.10, Systolic Bubble(%) 0.00, Vector Unit Utilization(%) 0.00, Total cycle: 10000
[2026-05-25 04:19:40.533] [debug] Core [3] : MatMul active cycle 1000 Vector active cycle 0 
[2026-05-25 04:19:40.533] [debug] Core [3] : issued tile 1 
[2026-05-25 04:19:40.533] [debug] Core [3] : Memory unit idle cycle 1000 Systolic bubble cycle 0 Core idle cycle 0 
[2026-05-25 04:19:40.533] [debug] Core [3] : PE Utilization(%) 87.60, Systolic Bubble(%) 0.00, Vector Unit Utilization(%) 0.00, Total cycle: 10000
[2026-05-25 04:19:40.548] [info] Core [0] : MatMul active cycle 1000 Vector active cycle 0 
[2026-05-25 04:19:40.548] [info] Core [0] : issued tile 1 
[2026-05-25 04:19:40.548] [info] Core [0] : Memory unit idle cycle 1000 Systolic bubble cycle 0 Core idle cycle 0 
[2026-05-25 04:19:40.548] [info] Core [0] : PE Utilization(%) 100.00, Systolic Bubble(%) 0.00, Vector Unit Utilization(%) 0.00, Total cycle: 11000
[2026-05-25 04:19:40.548] [debug] Core [1] : MatMul active cycle 1000 Vector active cycle 0 
[2026-05-25 04:19:40.548] [debug] Core [1] : issued tile 1 
[2026-05-25 04:19:40.548] [debug] Core [1] : Memory unit idle cycle 1000 Systolic bubble cycle 0 Core idle cycle 0 
[2026-05-25 04:19:40.548] [debug] Core [1] : PE Utilization(%) 100.00, Systolic Bubble(%) 0.00, Vector Unit Utilization(%) 0.00, Total cycle: 11000
[2026-05-25 04:19:40.548] [debug] Core [2] : MatMul active cycle 1000 Vector active cycle 0 
[2026-05-25 04:19:40.548] [debug] Core [2] : issued tile 1 
[2026-05-25 04:19:40.548] [debug] Core [2] : Memory unit idle cycle 1000 Systolic bubble cycle 0 Core idle cycle 0 
[2026-05-25 04:19:40.548] [debug] Core [2] : PE Utilization(%) 100.00, Systolic Bubble(%) 0.00, Vector Unit Utilization(%) 0.00, Total cycle: 11000
[2026-05-25 04:19:40.548] [debug] Core [3] : MatMul active cycle 1000 Vector active cycle 0 
[2026-05-25 04:19:40.548] [debug] Core [3] : issued tile 1 
[2026-05-25 04:19:40.548] [debug] Core [3] : Memory unit idle cycle 1000 Systolic bubble cycle 0 Core idle cycle 0 
[2026-05-25 04:19:40.548] [debug] Core [3] : PE Utilization(%) 100.00, Systolic Bubble(%) 0.00, Vector Unit Utilization(%) 0.00, Total cycle: 11000
[2026-05-25 04:19:40.555] [info] Core [0] : MatMul active cycle 1000 Vector active cycle 0 
[2026-05-25 04:19:40.555] [info] Core [0] : issued tile 1 
[2026-05-25 04:19:40.555] [info] Core [0] : Memory unit idle cycle 1000 Systolic bubble cycle 0 Core idle cycle 0 
[2026-05-25 04:19:40.555] [info] Core [0] : PE Utilization(%) 100.00, Systolic Bubble(%) 0.00, Vector Unit Utilization(%) 0.00, Total cycle: 12000
[2026-05-25 04:19:40.555] [debug] Core [1] : MatMul active cycle 1000 Vector active cycle 0 
[2026-05-25 04:19:40.555] [debug] Core [1] : issued tile 1 
[2026-05-25 04:19:40.555] [debug] Core [1] : Memory unit idle cycle 1000 Systolic bubble cycle 0 Core idle cycle 0 
[2026-05-25 04:19:40.555] [debug] Core [1] : PE Utilization(%) 100.00, Systolic Bubble(%) 0.00, Vector Unit Utilization(%) 0.00, Total cycle: 12000
[2026-05-25 04:19:40.555] [debug] Core [2] : MatMul active cycle 1000 Vector active cycle 0 
[2026-05-25 04:19:40.555] [debug] Core [2] : issued tile 1 
[2026-05-25 04:19:40.555] [debug] Core [2] : Memory unit idle cycle 1000 Systolic bubble cycle 0 Core idle cycle 0 
[2026-05-25 04:19:40.555] [debug] Core [2] : PE Utilization(%) 100.00, Systolic Bubble(%) 0.00, Vector Unit Utilization(%) 0.00, Total cycle: 12000
[2026-05-25 04:19:40.555] [debug] Core [3] : MatMul active cycle 1000 Vector active cycle 0 
[2026-05-25 04:19:40.555] [debug] Core [3] : issued tile 1 
[2026-05-25 04:19:40.555] [debug] Core [3] : Memory unit idle cycle 1000 Systolic bubble cycle 0 Core idle cycle 0 
[2026-05-25 04:19:40.555] [debug] Core [3] : PE Utilization(%) 100.00, Systolic Bubble(%) 0.00, Vector Unit Utilization(%) 0.00, Total cycle: 12000
[2026-05-25 04:19:40.561] [info] Core [0] : MatMul active cycle 1000 Vector active cycle 0 
[2026-05-25 04:19:40.561] [info] Core [0] : issued tile 1 
[2026-05-25 04:19:40.561] [info] Core [0] : Memory unit idle cycle 1000 Systolic bubble cycle 0 Core idle cycle 0 
[2026-05-25 04:19:40.561] [info] Core [0] : PE Utilization(%) 100.00, Systolic Bubble(%) 0.00, Vector Unit Utilization(%) 0.00, Total cycle: 13000
[2026-05-25 04:19:40.561] [debug] Core [1] : MatMul active cycle 1000 Vector active cycle 0 
[2026-05-25 04:19:40.561] [debug] Core [1] : issued tile 1 
[2026-05-25 04:19:40.561] [debug] Core [1] : Memory unit idle cycle 1000 Systolic bubble cycle 0 Core idle cycle 0 
[2026-05-25 04:19:40.561] [debug] Core [1] : PE Utilization(%) 100.00, Systolic Bubble(%) 0.00, Vector Unit Utilization(%) 0.00, Total cycle: 13000
[2026-05-25 04:19:40.561] [debug] Core [2] : MatMul active cycle 1000 Vector active cycle 0 
[2026-05-25 04:19:40.561] [debug] Core [2] : issued tile 1 
[2026-05-25 04:19:40.561] [debug] Core [2] : Memory unit idle cycle 1000 Systolic bubble cycle 0 Core idle cycle 0 
[2026-05-25 04:19:40.561] [debug] Core [2] : PE Utilization(%) 100.00, Systolic Bubble(%) 0.00, Vector Unit Utilization(%) 0.00, Total cycle: 13000
[2026-05-25 04:19:40.561] [debug] Core [3] : MatMul active cycle 1000 Vector active cycle 0 
[2026-05-25 04:19:40.561] [debug] Core [3] : issued tile 1 
[2026-05-25 04:19:40.561] [debug] Core [3] : Memory unit idle cycle 1000 Systolic bubble cycle 0 Core idle cycle 0 
[2026-05-25 04:19:40.561] [debug] Core [3] : PE Utilization(%) 100.00, Systolic Bubble(%) 0.00, Vector Unit Utilization(%) 0.00, Total cycle: 13000
[2026-05-25 04:19:40.568] [info] Core [0] : MatMul active cycle 1000 Vector active cycle 0 
[2026-05-25 04:19:40.568] [info] Core [0] : issued tile 1 
[2026-05-25 04:19:40.568] [info] Core [0] : Memory unit idle cycle 1000 Systolic bubble cycle 0 Core idle cycle 0 
[2026-05-25 04:19:40.568] [info] Core [0] : PE Utilization(%) 100.00, Systolic Bubble(%) 0.00, Vector Unit Utilization(%) 0.00, Total cycle: 14000
[2026-05-25 04:19:40.568] [debug] Core [1] : MatMul active cycle 1000 Vector active cycle 0 
[2026-05-25 04:19:40.568] [debug] Core [1] : issued tile 1 
[2026-05-25 04:19:40.568] [debug] Core [1] : Memory unit idle cycle 1000 Systolic bubble cycle 0 Core idle cycle 0 
[2026-05-25 04:19:40.568] [debug] Core [1] : PE Utilization(%) 100.00, Systolic Bubble(%) 0.00, Vector Unit Utilization(%) 0.00, Total cycle: 14000
[2026-05-25 04:19:40.568] [debug] Core [2] : MatMul active cycle 1000 Vector active cycle 0 
[2026-05-25 04:19:40.568] [debug] Core [2] : issued tile 1 
[2026-05-25 04:19:40.568] [debug] Core [2] : Memory unit idle cycle 1000 Systolic bubble cycle 0 Core idle cycle 0 
[2026-05-25 04:19:40.568] [debug] Core [2] : PE Utilization(%) 100.00, Systolic Bubble(%) 0.00, Vector Unit Utilization(%) 0.00, Total cycle: 14000
[2026-05-25 04:19:40.568] [debug] Core [3] : MatMul active cycle 1000 Vector active cycle 0 
[2026-05-25 04:19:40.568] [debug] Core [3] : issued tile 1 
[2026-05-25 04:19:40.568] [debug] Core [3] : Memory unit idle cycle 1000 Systolic bubble cycle 0 Core idle cycle 0 
[2026-05-25 04:19:40.568] [debug] Core [3] : PE Utilization(%) 100.00, Systolic Bubble(%) 0.00, Vector Unit Utilization(%) 0.00, Total cycle: 14000
[2026-05-25 04:19:40.574] [info] Core [0] : MatMul active cycle 1000 Vector active cycle 0 
[2026-05-25 04:19:40.574] [info] Core [0] : issued tile 1 
[2026-05-25 04:19:40.574] [info] Core [0] : Memory unit idle cycle 1000 Systolic bubble cycle 0 Core idle cycle 0 
[2026-05-25 04:19:40.574] [info] Core [0] : PE Utilization(%) 100.00, Systolic Bubble(%) 0.00, Vector Unit Utilization(%) 0.00, Total cycle: 15000
[2026-05-25 04:19:40.574] [debug] Core [1] : MatMul active cycle 1000 Vector active cycle 0 
[2026-05-25 04:19:40.574] [debug] Core [1] : issued tile 1 
[2026-05-25 04:19:40.574] [debug] Core [1] : Memory unit idle cycle 1000 Systolic bubble cycle 0 Core idle cycle 0 
[2026-05-25 04:19:40.574] [debug] Core [1] : PE Utilization(%) 100.00, Systolic Bubble(%) 0.00, Vector Unit Utilization(%) 0.00, Total cycle: 15000
[2026-05-25 04:19:40.574] [debug] Core [2] : MatMul active cycle 1000 Vector active cycle 0 
[2026-05-25 04:19:40.574] [debug] Core [2] : issued tile 1 
[2026-05-25 04:19:40.574] [debug] Core [2] : Memory unit idle cycle 1000 Systolic bubble cycle 0 Core idle cycle 0 
[2026-05-25 04:19:40.574] [debug] Core [2] : PE Utilization(%) 100.00, Systolic Bubble(%) 0.00, Vector Unit Utilization(%) 0.00, Total cycle: 15000
[2026-05-25 04:19:40.574] [debug] Core [3] : MatMul active cycle 1000 Vector active cycle 0 
[2026-05-25 04:19:40.574] [debug] Core [3] : issued tile 1 
[2026-05-25 04:19:40.574] [debug] Core [3] : Memory unit idle cycle 1000 Systolic bubble cycle 0 Core idle cycle 0 
[2026-05-25 04:19:40.574] [debug] Core [3] : PE Utilization(%) 100.00, Systolic Bubble(%) 0.00, Vector Unit Utilization(%) 0.00, Total cycle: 15000
[2026-05-25 04:19:40.581] [info] HBM2-CH_0: BW utilization 19% (1899 reads, 12 writes)
[2026-05-25 04:19:40.581] [debug] HBM2-CH_1: BW utilization 19% (1896 reads, 12 writes)
[2026-05-25 04:19:40.581] [debug] HBM2-CH_2: BW utilization 20% (1917 reads, 12 writes)
[2026-05-25 04:19:40.581] [debug] HBM2-CH_3: BW utilization 19% (1894 reads, 11 writes)
[2026-05-25 04:19:40.581] [debug] HBM2-CH_4: BW utilization 20% (1920 reads, 12 writes)
[2026-05-25 04:19:40.581] [debug] HBM2-CH_5: BW utilization 19% (1902 reads, 12 writes)
[2026-05-25 04:19:40.581] [debug] HBM2-CH_6: BW utilization 19% (1904 reads, 12 writes)
[2026-05-25 04:19:40.581] [debug] HBM2-CH_7: BW utilization 19% (1904 reads, 12 writes)
[2026-05-25 04:19:40.581] [debug] HBM2-CH_8: BW utilization 19% (1906 reads, 12 writes)
[2026-05-25 04:19:40.581] [debug] HBM2-CH_9: BW utilization 19% (1901 reads, 10 writes)
[2026-05-25 04:19:40.581] [debug] HBM2-CH_10: BW utilization 19% (1892 reads, 12 writes)
[2026-05-25 04:19:40.581] [debug] HBM2-CH_11: BW utilization 19% (1909 reads, 10 writes)
[2026-05-25 04:19:40.581] [debug] HBM2-CH_12: BW utilization 19% (1906 reads, 12 writes)
[2026-05-25 04:19:40.581] [debug] HBM2-CH_13: BW utilization 19% (1902 reads, 12 writes)
[2026-05-25 04:19:40.581] [debug] HBM2-CH_14: BW utilization 20% (1913 reads, 9 writes)
[2026-05-25 04:19:40.581] [debug] HBM2-CH_15: BW utilization 19% (1899 reads, 12 writes)
[2026-05-25 04:19:40.581] [info] Core [0] : MatMul active cycle 516 Vector active cycle 966 
[2026-05-25 04:19:40.581] [info] Core [0] : issued tile 1 
[2026-05-25 04:19:40.581] [info] Core [0] : Memory unit idle cycle 1000 Systolic bubble cycle 0 Core idle cycle 0 
[2026-05-25 04:19:40.581] [info] Core [0] : PE Utilization(%) 51.60, Systolic Bubble(%) 0.00, Vector Unit Utilization(%) 96.60, Total cycle: 16000
[2026-05-25 04:19:40.581] [debug] Core [1] : MatMul active cycle 782 Vector active cycle 434 
[2026-05-25 04:19:40.581] [debug] Core [1] : issued tile 1 
[2026-05-25 04:19:40.581] [debug] Core [1] : Memory unit idle cycle 1000 Systolic bubble cycle 0 Core idle cycle 0 
[2026-05-25 04:19:40.581] [debug] Core [1] : PE Utilization(%) 78.20, Systolic Bubble(%) 0.00, Vector Unit Utilization(%) 43.40, Total cycle: 16000
[2026-05-25 04:19:40.581] [debug] Core [2] : MatMul active cycle 537 Vector active cycle 924 
[2026-05-25 04:19:40.581] [debug] Core [2] : issued tile 1 
[2026-05-25 04:19:40.581] [debug] Core [2] : Memory unit idle cycle 1000 Systolic bubble cycle 0 Core idle cycle 0 
[2026-05-25 04:19:40.581] [debug] Core [2] : PE Utilization(%) 53.70, Systolic Bubble(%) 0.00, Vector Unit Utilization(%) 92.40, Total cycle: 16000
[2026-05-25 04:19:40.581] [debug] Core [3] : MatMul active cycle 522 Vector active cycle 954 
[2026-05-25 04:19:40.581] [debug] Core [3] : issued tile 1 
[2026-05-25 04:19:40.581] [debug] Core [3] : Memory unit idle cycle 1000 Systolic bubble cycle 0 Core idle cycle 0 
[2026-05-25 04:19:40.581] [debug] Core [3] : PE Utilization(%) 52.20, Systolic Bubble(%) 0.00, Vector Unit Utilization(%) 95.40, Total cycle: 16000
[2026-05-25 04:19:40.588] [info] Core [0] : MatMul active cycle 0 Vector active cycle 1994 
[2026-05-25 04:19:40.588] [info] Core [0] : issued tile 1 
[2026-05-25 04:19:40.588] [info] Core [0] : Memory unit idle cycle 1000 Systolic bubble cycle 0 Core idle cycle 0 
[2026-05-25 04:19:40.588] [info] Core [0] : PE Utilization(%) 0.00, Systolic Bubble(%) 0.00, Vector Unit Utilization(%) 199.40, Total cycle: 17000
[2026-05-25 04:19:40.588] [debug] Core [1] : MatMul active cycle 0 Vector active cycle 1994 
[2026-05-25 04:19:40.588] [debug] Core [1] : issued tile 1 
[2026-05-25 04:19:40.588] [debug] Core [1] : Memory unit idle cycle 1000 Systolic bubble cycle 0 Core idle cycle 0 
[2026-05-25 04:19:40.588] [debug] Core [1] : PE Utilization(%) 0.00, Systolic Bubble(%) 0.00, Vector Unit Utilization(%) 199.40, Total cycle: 17000
[2026-05-25 04:19:40.588] [debug] Core [2] : MatMul active cycle 0 Vector active cycle 1994 
[2026-05-25 04:19:40.588] [debug] Core [2] : issued tile 1 
[2026-05-25 04:19:40.588] [debug] Core [2] : Memory unit idle cycle 1000 Systolic bubble cycle 0 Core idle cycle 0 
[2026-05-25 04:19:40.588] [debug] Core [2] : PE Utilization(%) 0.00, Systolic Bubble(%) 0.00, Vector Unit Utilization(%) 199.40, Total cycle: 17000
[2026-05-25 04:19:40.588] [debug] Core [3] : MatMul active cycle 0 Vector active cycle 1994 
[2026-05-25 04:19:40.588] [debug] Core [3] : issued tile 1 
[2026-05-25 04:19:40.588] [debug] Core [3] : Memory unit idle cycle 1000 Systolic bubble cycle 0 Core idle cycle 0 
[2026-05-25 04:19:40.588] [debug] Core [3] : PE Utilization(%) 0.00, Systolic Bubble(%) 0.00, Vector Unit Utilization(%) 199.40, Total cycle: 17000
[2026-05-25 04:19:40.594] [info] Core [0] : MatMul active cycle 105 Vector active cycle 1782 
[2026-05-25 04:19:40.594] [info] Core [0] : issued tile 1 
[2026-05-25 04:19:40.594] [info] Core [0] : Memory unit idle cycle 1000 Systolic bubble cycle 0 Core idle cycle 0 
[2026-05-25 04:19:40.594] [info] Core [0] : PE Utilization(%) 0.00, Systolic Bubble(%) 0.00, Vector Unit Utilization(%) 178.20, Total cycle: 18000
[2026-05-25 04:19:40.594] [debug] Core [1] : MatMul active cycle 0 Vector active cycle 1994 
[2026-05-25 04:19:40.594] [debug] Core [1] : issued tile 1 
[2026-05-25 04:19:40.594] [debug] Core [1] : Memory unit idle cycle 1000 Systolic bubble cycle 0 Core idle cycle 0 
[2026-05-25 04:19:40.594] [debug] Core [1] : PE Utilization(%) 0.00, Systolic Bubble(%) 0.00, Vector Unit Utilization(%) 199.40, Total cycle: 18000
[2026-05-25 04:19:40.594] [debug] Core [2] : MatMul active cycle 84 Vector active cycle 1824 
[2026-05-25 04:19:40.594] [debug] Core [2] : issued tile 1 
[2026-05-25 04:19:40.594] [debug] Core [2] : Memory unit idle cycle 1000 Systolic bubble cycle 0 Core idle cycle 0 
[2026-05-25 04:19:40.594] [debug] Core [2] : PE Utilization(%) 0.00, Systolic Bubble(%) 0.00, Vector Unit Utilization(%) 182.40, Total cycle: 18000
[2026-05-25 04:19:40.594] [debug] Core [3] : MatMul active cycle 99 Vector active cycle 1794 
[2026-05-25 04:19:40.594] [debug] Core [3] : issued tile 1 
[2026-05-25 04:19:40.594] [debug] Core [3] : Memory unit idle cycle 1000 Systolic bubble cycle 0 Core idle cycle 0 
[2026-05-25 04:19:40.594] [debug] Core [3] : PE Utilization(%) 0.00, Systolic Bubble(%) 0.00, Vector Unit Utilization(%) 179.40, Total cycle: 18000
[2026-05-25 04:19:40.601] [info] Core [0] : MatMul active cycle 999 Vector active cycle 0 
[2026-05-25 04:19:40.601] [info] Core [0] : issued tile 1 
[2026-05-25 04:19:40.601] [info] Core [0] : Memory unit idle cycle 1000 Systolic bubble cycle 6863360 Core idle cycle 0 
[2026-05-25 04:19:40.601] [info] Core [0] : PE Utilization(%) 34.71, Systolic Bubble(%) 41.89, Vector Unit Utilization(%) 0.00, Total cycle: 19000
[2026-05-25 04:19:40.601] [debug] Core [1] : MatMul active cycle 839 Vector active cycle 320 
[2026-05-25 04:19:40.601] [debug] Core [1] : issued tile 1 
[2026-05-25 04:19:40.601] [debug] Core [1] : Memory unit idle cycle 1000 Systolic bubble cycle 5232640 Core idle cycle 0 
[2026-05-25 04:19:40.601] [debug] Core [1] : PE Utilization(%) 26.46, Systolic Bubble(%) 31.94, Vector Unit Utilization(%) 32.00, Total cycle: 19000
[2026-05-25 04:19:40.601] [debug] Core [2] : MatMul active cycle 999 Vector active cycle 0 
[2026-05-25 04:19:40.601] [debug] Core [2] : issued tile 1 
[2026-05-25 04:19:40.601] [debug] Core [2] : Memory unit idle cycle 1000 Systolic bubble cycle 6863360 Core idle cycle 0 
[2026-05-25 04:19:40.601] [debug] Core [2] : PE Utilization(%) 34.71, Systolic Bubble(%) 41.89, Vector Unit Utilization(%) 0.00, Total cycle: 19000
[2026-05-25 04:19:40.601] [debug] Core [3] : MatMul active cycle 999 Vector active cycle 0 
[2026-05-25 04:19:40.601] [debug] Core [3] : issued tile 1 
[2026-05-25 04:19:40.601] [debug] Core [3] : Memory unit idle cycle 1000 Systolic bubble cycle 6863360 Core idle cycle 0 
[2026-05-25 04:19:40.601] [debug] Core [3] : PE Utilization(%) 34.71, Systolic Bubble(%) 41.89, Vector Unit Utilization(%) 0.00, Total cycle: 19000
[2026-05-25 04:19:40.608] [info] Core [0] : MatMul active cycle 999 Vector active cycle 0 
[2026-05-25 04:19:40.608] [info] Core [0] : issued tile 1 
[2026-05-25 04:19:40.608] [info] Core [0] : Memory unit idle cycle 1000 Systolic bubble cycle 6863360 Core idle cycle 0 
[2026-05-25 04:19:40.608] [info] Core [0] : PE Utilization(%) 34.71, Systolic Bubble(%) 41.89, Vector Unit Utilization(%) 0.00, Total cycle: 20000
[2026-05-25 04:19:40.608] [debug] Core [1] : MatMul active cycle 999 Vector active cycle 0 
[2026-05-25 04:19:40.608] [debug] Core [1] : issued tile 1 
[2026-05-25 04:19:40.608] [debug] Core [1] : Memory unit idle cycle 1000 Systolic bubble cycle 6666240 Core idle cycle 0 
[2026-05-25 04:19:40.608] [debug] Core [1] : PE Utilization(%) 33.71, Systolic Bubble(%) 40.69, Vector Unit Utilization(%) 0.00, Total cycle: 20000
[2026-05-25 04:19:40.608] [debug] Core [2] : MatMul active cycle 999 Vector active cycle 0 
[2026-05-25 04:19:40.608] [debug] Core [2] : issued tile 1 
[2026-05-25 04:19:40.608] [debug] Core [2] : Memory unit idle cycle 1000 Systolic bubble cycle 6863360 Core idle cycle 0 
[2026-05-25 04:19:40.608] [debug] Core [2] : PE Utilization(%) 34.71, Systolic Bubble(%) 41.89, Vector Unit Utilization(%) 0.00, Total cycle: 20000
[2026-05-25 04:19:40.608] [debug] Core [3] : MatMul active cycle 999 Vector active cycle 0 
[2026-05-25 04:19:40.608] [debug] Core [3] : issued tile 1 
[2026-05-25 04:19:40.608] [debug] Core [3] : Memory unit idle cycle 1000 Systolic bubble cycle 6863360 Core idle cycle 0 
[2026-05-25 04:19:40.608] [debug] Core [3] : PE Utilization(%) 34.71, Systolic Bubble(%) 41.89, Vector Unit Utilization(%) 0.00, Total cycle: 20000
[2026-05-25 04:19:40.614] [info] Core [0] : MatMul active cycle 999 Vector active cycle 0 
[2026-05-25 04:19:40.614] [info] Core [0] : issued tile 1 
[2026-05-25 04:19:40.614] [info] Core [0] : Memory unit idle cycle 1000 Systolic bubble cycle 6863360 Core idle cycle 0 
[2026-05-25 04:19:40.614] [info] Core [0] : PE Utilization(%) 34.71, Systolic Bubble(%) 41.89, Vector Unit Utilization(%) 0.00, Total cycle: 21000
[2026-05-25 04:19:40.614] [debug] Core [1] : MatMul active cycle 999 Vector active cycle 0 
[2026-05-25 04:19:40.614] [debug] Core [1] : issued tile 1 
[2026-05-25 04:19:40.614] [debug] Core [1] : Memory unit idle cycle 1000 Systolic bubble cycle 6666240 Core idle cycle 0 
[2026-05-25 04:19:40.614] [debug] Core [1] : PE Utilization(%) 33.71, Systolic Bubble(%) 40.69, Vector Unit Utilization(%) 0.00, Total cycle: 21000
[2026-05-25 04:19:40.614] [debug] Core [2] : MatMul active cycle 999 Vector active cycle 0 
[2026-05-25 04:19:40.614] [debug] Core [2] : issued tile 1 
[2026-05-25 04:19:40.614] [debug] Core [2] : Memory unit idle cycle 1000 Systolic bubble cycle 6863360 Core idle cycle 0 
[2026-05-25 04:19:40.614] [debug] Core [2] : PE Utilization(%) 34.71, Systolic Bubble(%) 41.89, Vector Unit Utilization(%) 0.00, Total cycle: 21000
[2026-05-25 04:19:40.614] [debug] Core [3] : MatMul active cycle 999 Vector active cycle 0 
[2026-05-25 04:19:40.614] [debug] Core [3] : issued tile 1 
[2026-05-25 04:19:40.614] [debug] Core [3] : Memory unit idle cycle 1000 Systolic bubble cycle 6863360 Core idle cycle 0 
[2026-05-25 04:19:40.614] [debug] Core [3] : PE Utilization(%) 34.71, Systolic Bubble(%) 41.89, Vector Unit Utilization(%) 0.00, Total cycle: 21000
[2026-05-25 04:19:40.621] [info] Core [0] : MatMul active cycle 999 Vector active cycle 0 
[2026-05-25 04:19:40.621] [info] Core [0] : issued tile 1 
[2026-05-25 04:19:40.621] [info] Core [0] : Memory unit idle cycle 1000 Systolic bubble cycle 6863360 Core idle cycle 0 
[2026-05-25 04:19:40.621] [info] Core [0] : PE Utilization(%) 34.71, Systolic Bubble(%) 41.89, Vector Unit Utilization(%) 0.00, Total cycle: 22000
[2026-05-25 04:19:40.621] [debug] Core [1] : MatMul active cycle 999 Vector active cycle 0 
[2026-05-25 04:19:40.621] [debug] Core [1] : issued tile 1 
[2026-05-25 04:19:40.621] [debug] Core [1] : Memory unit idle cycle 1000 Systolic bubble cycle 6666240 Core idle cycle 0 
[2026-05-25 04:19:40.621] [debug] Core [1] : PE Utilization(%) 33.71, Systolic Bubble(%) 40.69, Vector Unit Utilization(%) 0.00, Total cycle: 22000
[2026-05-25 04:19:40.621] [debug] Core [2] : MatMul active cycle 1000 Vector active cycle 0 
[2026-05-25 04:19:40.621] [debug] Core [2] : issued tile 1 
[2026-05-25 04:19:40.621] [debug] Core [2] : Memory unit idle cycle 1000 Systolic bubble cycle 6836480 Core idle cycle 0 
[2026-05-25 04:19:40.621] [debug] Core [2] : PE Utilization(%) 34.57, Systolic Bubble(%) 41.73, Vector Unit Utilization(%) 0.00, Total cycle: 22000
[2026-05-25 04:19:40.621] [debug] Core [3] : MatMul active cycle 999 Vector active cycle 0 
[2026-05-25 04:19:40.621] [debug] Core [3] : issued tile 1 
[2026-05-25 04:19:40.621] [debug] Core [3] : Memory unit idle cycle 1000 Systolic bubble cycle 6863360 Core idle cycle 0 
[2026-05-25 04:19:40.621] [debug] Core [3] : PE Utilization(%) 34.71, Systolic Bubble(%) 41.89, Vector Unit Utilization(%) 0.00, Total cycle: 22000
[2026-05-25 04:19:40.628] [info] Core [0] : MatMul active cycle 1000 Vector active cycle 0 
[2026-05-25 04:19:40.628] [info] Core [0] : issued tile 1 
[2026-05-25 04:19:40.628] [info] Core [0] : Memory unit idle cycle 1000 Systolic bubble cycle 6827520 Core idle cycle 0 
[2026-05-25 04:19:40.628] [info] Core [0] : PE Utilization(%) 34.53, Systolic Bubble(%) 41.67, Vector Unit Utilization(%) 0.00, Total cycle: 23000
[2026-05-25 04:19:40.628] [debug] Core [1] : MatMul active cycle 999 Vector active cycle 0 
[2026-05-25 04:19:40.628] [debug] Core [1] : issued tile 1 
[2026-05-25 04:19:40.628] [debug] Core [1] : Memory unit idle cycle 1000 Systolic bubble cycle 6666240 Core idle cycle 0 
[2026-05-25 04:19:40.628] [debug] Core [1] : PE Utilization(%) 33.71, Systolic Bubble(%) 40.69, Vector Unit Utilization(%) 0.00, Total cycle: 23000
[2026-05-25 04:19:40.628] [debug] Core [2] : MatMul active cycle 999 Vector active cycle 0 
[2026-05-25 04:19:40.628] [debug] Core [2] : issued tile 1 
[2026-05-25 04:19:40.628] [debug] Core [2] : Memory unit idle cycle 1000 Systolic bubble cycle 6666240 Core idle cycle 0 
[2026-05-25 04:19:40.628] [debug] Core [2] : PE Utilization(%) 33.71, Systolic Bubble(%) 40.69, Vector Unit Utilization(%) 0.00, Total cycle: 23000
[2026-05-25 04:19:40.628] [debug] Core [3] : MatMul active cycle 1000 Vector active cycle 0 
[2026-05-25 04:19:40.628] [debug] Core [3] : issued tile 1 
[2026-05-25 04:19:40.628] [debug] Core [3] : Memory unit idle cycle 1000 Systolic bubble cycle 6773760 Core idle cycle 0 
[2026-05-25 04:19:40.628] [debug] Core [3] : PE Utilization(%) 34.26, Systolic Bubble(%) 41.34, Vector Unit Utilization(%) 0.00, Total cycle: 23000
[2026-05-25 04:19:40.634] [info] HBM2-CH_0: BW utilization 0% (0 reads, 0 writes)
[2026-05-25 04:19:40.634] [debug] HBM2-CH_1: BW utilization 0% (0 reads, 0 writes)
[2026-05-25 04:19:40.634] [debug] HBM2-CH_2: BW utilization 0% (0 reads, 0 writes)
[2026-05-25 04:19:40.634] [debug] HBM2-CH_3: BW utilization 0% (0 reads, 0 writes)
[2026-05-25 04:19:40.634] [debug] HBM2-CH_4: BW utilization 0% (0 reads, 0 writes)
[2026-05-25 04:19:40.634] [debug] HBM2-CH_5: BW utilization 0% (0 reads, 0 writes)
[2026-05-25 04:19:40.634] [debug] HBM2-CH_6: BW utilization 0% (0 reads, 0 writes)
[2026-05-25 04:19:40.634] [debug] HBM2-CH_7: BW utilization 0% (0 reads, 0 writes)
[2026-05-25 04:19:40.634] [debug] HBM2-CH_8: BW utilization 0% (0 reads, 0 writes)
[2026-05-25 04:19:40.634] [debug] HBM2-CH_9: BW utilization 0% (0 reads, 0 writes)
[2026-05-25 04:19:40.634] [debug] HBM2-CH_10: BW utilization 0% (0 reads, 0 writes)
[2026-05-25 04:19:40.634] [debug] HBM2-CH_11: BW utilization 0% (0 reads, 0 writes)
[2026-05-25 04:19:40.634] [debug] HBM2-CH_12: BW utilization 0% (0 reads, 0 writes)
[2026-05-25 04:19:40.634] [debug] HBM2-CH_13: BW utilization 0% (0 reads, 0 writes)
[2026-05-25 04:19:40.634] [debug] HBM2-CH_14: BW utilization 0% (0 reads, 0 writes)
[2026-05-25 04:19:40.634] [debug] HBM2-CH_15: BW utilization 0% (0 reads, 0 writes)
[2026-05-25 04:19:40.634] [info] Core [0] : MatMul active cycle 999 Vector active cycle 0 
[2026-05-25 04:19:40.634] [info] Core [0] : issued tile 1 
[2026-05-25 04:19:40.634] [info] Core [0] : Memory unit idle cycle 1000 Systolic bubble cycle 6666240 Core idle cycle 0 
[2026-05-25 04:19:40.634] [info] Core [0] : PE Utilization(%) 33.71, Systolic Bubble(%) 40.69, Vector Unit Utilization(%) 0.00, Total cycle: 24000
[2026-05-25 04:19:40.634] [debug] Core [1] : MatMul active cycle 999 Vector active cycle 0 
[2026-05-25 04:19:40.634] [debug] Core [1] : issued tile 1 
[2026-05-25 04:19:40.634] [debug] Core [1] : Memory unit idle cycle 1000 Systolic bubble cycle 6666240 Core idle cycle 0 
[2026-05-25 04:19:40.634] [debug] Core [1] : PE Utilization(%) 33.71, Systolic Bubble(%) 40.69, Vector Unit Utilization(%) 0.00, Total cycle: 24000
[2026-05-25 04:19:40.634] [debug] Core [2] : MatMul active cycle 999 Vector active cycle 0 
[2026-05-25 04:19:40.634] [debug] Core [2] : issued tile 1 
[2026-05-25 04:19:40.634] [debug] Core [2] : Memory unit idle cycle 1000 Systolic bubble cycle 6666240 Core idle cycle 0 
[2026-05-25 04:19:40.634] [debug] Core [2] : PE Utilization(%) 33.71, Systolic Bubble(%) 40.69, Vector Unit Utilization(%) 0.00, Total cycle: 24000
[2026-05-25 04:19:40.634] [debug] Core [3] : MatMul active cycle 999 Vector active cycle 0 
[2026-05-25 04:19:40.634] [debug] Core [3] : issued tile 1 
[2026-05-25 04:19:40.634] [debug] Core [3] : Memory unit idle cycle 1000 Systolic bubble cycle 6666240 Core idle cycle 0 
[2026-05-25 04:19:40.634] [debug] Core [3] : PE Utilization(%) 33.71, Systolic Bubble(%) 40.69, Vector Unit Utilization(%) 0.00, Total cycle: 24000
[2026-05-25 04:19:40.641] [info] Core [0] : MatMul active cycle 999 Vector active cycle 0 
[2026-05-25 04:19:40.641] [info] Core [0] : issued tile 1 
[2026-05-25 04:19:40.641] [info] Core [0] : Memory unit idle cycle 1000 Systolic bubble cycle 6666240 Core idle cycle 0 
[2026-05-25 04:19:40.641] [info] Core [0] : PE Utilization(%) 33.71, Systolic Bubble(%) 40.69, Vector Unit Utilization(%) 0.00, Total cycle: 25000
[2026-05-25 04:19:40.641] [debug] Core [1] : MatMul active cycle 999 Vector active cycle 0 
[2026-05-25 04:19:40.641] [debug] Core [1] : issued tile 1 
[2026-05-25 04:19:40.641] [debug] Core [1] : Memory unit idle cycle 1000 Systolic bubble cycle 6666240 Core idle cycle 0 
[2026-05-25 04:19:40.641] [debug] Core [1] : PE Utilization(%) 33.71, Systolic Bubble(%) 40.69, Vector Unit Utilization(%) 0.00, Total cycle: 25000
[2026-05-25 04:19:40.641] [debug] Core [2] : MatMul active cycle 999 Vector active cycle 0 
[2026-05-25 04:19:40.641] [debug] Core [2] : issued tile 1 
[2026-05-25 04:19:40.641] [debug] Core [2] : Memory unit idle cycle 1000 Systolic bubble cycle 6666240 Core idle cycle 0 
[2026-05-25 04:19:40.641] [debug] Core [2] : PE Utilization(%) 33.71, Systolic Bubble(%) 40.69, Vector Unit Utilization(%) 0.00, Total cycle: 25000
[2026-05-25 04:19:40.641] [debug] Core [3] : MatMul active cycle 999 Vector active cycle 0 
[2026-05-25 04:19:40.641] [debug] Core [3] : issued tile 1 
[2026-05-25 04:19:40.641] [debug] Core [3] : Memory unit idle cycle 1000 Systolic bubble cycle 6666240 Core idle cycle 0 
[2026-05-25 04:19:40.641] [debug] Core [3] : PE Utilization(%) 33.71, Systolic Bubble(%) 40.69, Vector Unit Utilization(%) 0.00, Total cycle: 25000
[2026-05-25 04:19:40.647] [info] Core [0] : MatMul active cycle 999 Vector active cycle 0 
[2026-05-25 04:19:40.647] [info] Core [0] : issued tile 1 
[2026-05-25 04:19:40.647] [info] Core [0] : Memory unit idle cycle 1000 Systolic bubble cycle 6666240 Core idle cycle 0 
[2026-05-25 04:19:40.647] [info] Core [0] : PE Utilization(%) 33.71, Systolic Bubble(%) 40.69, Vector Unit Utilization(%) 0.00, Total cycle: 26000
[2026-05-25 04:19:40.647] [debug] Core [1] : MatMul active cycle 999 Vector active cycle 0 
[2026-05-25 04:19:40.647] [debug] Core [1] : issued tile 1 
[2026-05-25 04:19:40.647] [debug] Core [1] : Memory unit idle cycle 1000 Systolic bubble cycle 6666240 Core idle cycle 0 
[2026-05-25 04:19:40.647] [debug] Core [1] : PE Utilization(%) 33.71, Systolic Bubble(%) 40.69, Vector Unit Utilization(%) 0.00, Total cycle: 26000
[2026-05-25 04:19:40.647] [debug] Core [2] : MatMul active cycle 999 Vector active cycle 0 
[2026-05-25 04:19:40.647] [debug] Core [2] : issued tile 1 
[2026-05-25 04:19:40.647] [debug] Core [2] : Memory unit idle cycle 1000 Systolic bubble cycle 6666240 Core idle cycle 0 
[2026-05-25 04:19:40.647] [debug] Core [2] : PE Utilization(%) 33.71, Systolic Bubble(%) 40.69, Vector Unit Utilization(%) 0.00, Total cycle: 26000
[2026-05-25 04:19:40.647] [debug] Core [3] : MatMul active cycle 999 Vector active cycle 0 
[2026-05-25 04:19:40.647] [debug] Core [3] : issued tile 1 
[2026-05-25 04:19:40.647] [debug] Core [3] : Memory unit idle cycle 1000 Systolic bubble cycle 6666240 Core idle cycle 0 
[2026-05-25 04:19:40.647] [debug] Core [3] : PE Utilization(%) 33.71, Systolic Bubble(%) 40.69, Vector Unit Utilization(%) 0.00, Total cycle: 26000
[2026-05-25 04:19:40.654] [info] Core [0] : MatMul active cycle 999 Vector active cycle 0 
[2026-05-25 04:19:40.654] [info] Core [0] : issued tile 1 
[2026-05-25 04:19:40.654] [info] Core [0] : Memory unit idle cycle 1000 Systolic bubble cycle 6666240 Core idle cycle 0 
[2026-05-25 04:19:40.654] [info] Core [0] : PE Utilization(%) 33.71, Systolic Bubble(%) 40.69, Vector Unit Utilization(%) 0.00, Total cycle: 27000
[2026-05-25 04:19:40.654] [debug] Core [1] : MatMul active cycle 999 Vector active cycle 0 
[2026-05-25 04:19:40.654] [debug] Core [1] : issued tile 1 
[2026-05-25 04:19:40.654] [debug] Core [1] : Memory unit idle cycle 1000 Systolic bubble cycle 6666240 Core idle cycle 0 
[2026-05-25 04:19:40.654] [debug] Core [1] : PE Utilization(%) 33.71, Systolic Bubble(%) 40.69, Vector Unit Utilization(%) 0.00, Total cycle: 27000
[2026-05-25 04:19:40.654] [debug] Core [2] : MatMul active cycle 999 Vector active cycle 0 
[2026-05-25 04:19:40.654] [debug] Core [2] : issued tile 1 
[2026-05-25 04:19:40.654] [debug] Core [2] : Memory unit idle cycle 1000 Systolic bubble cycle 6666240 Core idle cycle 0 
[2026-05-25 04:19:40.654] [debug] Core [2] : PE Utilization(%) 33.71, Systolic Bubble(%) 40.69, Vector Unit Utilization(%) 0.00, Total cycle: 27000
[2026-05-25 04:19:40.654] [debug] Core [3] : MatMul active cycle 999 Vector active cycle 0 
[2026-05-25 04:19:40.654] [debug] Core [3] : issued tile 1 
[2026-05-25 04:19:40.654] [debug] Core [3] : Memory unit idle cycle 1000 Systolic bubble cycle 6666240 Core idle cycle 0 
[2026-05-25 04:19:40.654] [debug] Core [3] : PE Utilization(%) 33.71, Systolic Bubble(%) 40.69, Vector Unit Utilization(%) 0.00, Total cycle: 27000
[2026-05-25 04:19:40.661] [info] Core [0] : MatMul active cycle 999 Vector active cycle 0 
[2026-05-25 04:19:40.661] [info] Core [0] : issued tile 1 
[2026-05-25 04:19:40.661] [info] Core [0] : Memory unit idle cycle 1000 Systolic bubble cycle 6666240 Core idle cycle 0 
[2026-05-25 04:19:40.661] [info] Core [0] : PE Utilization(%) 33.71, Systolic Bubble(%) 40.69, Vector Unit Utilization(%) 0.00, Total cycle: 28000
[2026-05-25 04:19:40.661] [debug] Core [1] : MatMul active cycle 999 Vector active cycle 0 
[2026-05-25 04:19:40.661] [debug] Core [1] : issued tile 1 
[2026-05-25 04:19:40.661] [debug] Core [1] : Memory unit idle cycle 1000 Systolic bubble cycle 6666240 Core idle cycle 0 
[2026-05-25 04:19:40.661] [debug] Core [1] : PE Utilization(%) 33.71, Systolic Bubble(%) 40.69, Vector Unit Utilization(%) 0.00, Total cycle: 28000
[2026-05-25 04:19:40.661] [debug] Core [2] : MatMul active cycle 999 Vector active cycle 0 
[2026-05-25 04:19:40.661] [debug] Core [2] : issued tile 1 
[2026-05-25 04:19:40.661] [debug] Core [2] : Memory unit idle cycle 1000 Systolic bubble cycle 6666240 Core idle cycle 0 
[2026-05-25 04:19:40.661] [debug] Core [2] : PE Utilization(%) 33.71, Systolic Bubble(%) 40.69, Vector Unit Utilization(%) 0.00, Total cycle: 28000
[2026-05-25 04:19:40.661] [debug] Core [3] : MatMul active cycle 999 Vector active cycle 0 
[2026-05-25 04:19:40.661] [debug] Core [3] : issued tile 1 
[2026-05-25 04:19:40.661] [debug] Core [3] : Memory unit idle cycle 1000 Systolic bubble cycle 6666240 Core idle cycle 0 
[2026-05-25 04:19:40.661] [debug] Core [3] : PE Utilization(%) 33.71, Systolic Bubble(%) 40.69, Vector Unit Utilization(%) 0.00, Total cycle: 28000
[2026-05-25 04:19:40.667] [info] Core [0] : MatMul active cycle 999 Vector active cycle 0 
[2026-05-25 04:19:40.667] [info] Core [0] : issued tile 1 
[2026-05-25 04:19:40.667] [info] Core [0] : Memory unit idle cycle 1000 Systolic bubble cycle 6666240 Core idle cycle 0 
[2026-05-25 04:19:40.667] [info] Core [0] : PE Utilization(%) 33.71, Systolic Bubble(%) 40.69, Vector Unit Utilization(%) 0.00, Total cycle: 29000
[2026-05-25 04:19:40.667] [debug] Core [1] : MatMul active cycle 999 Vector active cycle 0 
[2026-05-25 04:19:40.667] [debug] Core [1] : issued tile 1 
[2026-05-25 04:19:40.667] [debug] Core [1] : Memory unit idle cycle 1000 Systolic bubble cycle 6666240 Core idle cycle 0 
[2026-05-25 04:19:40.667] [debug] Core [1] : PE Utilization(%) 33.71, Systolic Bubble(%) 40.69, Vector Unit Utilization(%) 0.00, Total cycle: 29000
[2026-05-25 04:19:40.667] [debug] Core [2] : MatMul active cycle 999 Vector active cycle 0 
[2026-05-25 04:19:40.667] [debug] Core [2] : issued tile 1 
[2026-05-25 04:19:40.667] [debug] Core [2] : Memory unit idle cycle 1000 Systolic bubble cycle 6666240 Core idle cycle 0 
[2026-05-25 04:19:40.667] [debug] Core [2] : PE Utilization(%) 33.71, Systolic Bubble(%) 40.69, Vector Unit Utilization(%) 0.00, Total cycle: 29000
[2026-05-25 04:19:40.667] [debug] Core [3] : MatMul active cycle 999 Vector active cycle 0 
[2026-05-25 04:19:40.667] [debug] Core [3] : issued tile 1 
[2026-05-25 04:19:40.667] [debug] Core [3] : Memory unit idle cycle 1000 Systolic bubble cycle 6666240 Core idle cycle 0 
[2026-05-25 04:19:40.667] [debug] Core [3] : PE Utilization(%) 33.71, Systolic Bubble(%) 40.69, Vector Unit Utilization(%) 0.00, Total cycle: 29000
[2026-05-25 04:19:40.674] [info] Core [0] : MatMul active cycle 999 Vector active cycle 2 
[2026-05-25 04:19:40.674] [info] Core [0] : issued tile 1 
[2026-05-25 04:19:40.674] [info] Core [0] : Memory unit idle cycle 1000 Systolic bubble cycle 6666240 Core idle cycle 0 
[2026-05-25 04:19:40.674] [info] Core [0] : PE Utilization(%) 33.71, Systolic Bubble(%) 40.69, Vector Unit Utilization(%) 0.20, Total cycle: 30000
[2026-05-25 04:19:40.674] [debug] Core [1] : MatMul active cycle 999 Vector active cycle 2 
[2026-05-25 04:19:40.674] [debug] Core [1] : issued tile 1 
[2026-05-25 04:19:40.674] [debug] Core [1] : Memory unit idle cycle 1000 Systolic bubble cycle 6666240 Core idle cycle 0 
[2026-05-25 04:19:40.674] [debug] Core [1] : PE Utilization(%) 33.71, Systolic Bubble(%) 40.69, Vector Unit Utilization(%) 0.20, Total cycle: 30000
[2026-05-25 04:19:40.674] [debug] Core [2] : MatMul active cycle 999 Vector active cycle 2 
[2026-05-25 04:19:40.674] [debug] Core [2] : issued tile 1 
[2026-05-25 04:19:40.674] [debug] Core [2] : Memory unit idle cycle 1000 Systolic bubble cycle 6666240 Core idle cycle 0 
[2026-05-25 04:19:40.674] [debug] Core [2] : PE Utilization(%) 33.71, Systolic Bubble(%) 40.69, Vector Unit Utilization(%) 0.20, Total cycle: 30000
[2026-05-25 04:19:40.674] [debug] Core [3] : MatMul active cycle 999 Vector active cycle 2 
[2026-05-25 04:19:40.674] [debug] Core [3] : issued tile 1 
[2026-05-25 04:19:40.674] [debug] Core [3] : Memory unit idle cycle 1000 Systolic bubble cycle 6666240 Core idle cycle 0 
[2026-05-25 04:19:40.674] [debug] Core [3] : PE Utilization(%) 33.71, Systolic Bubble(%) 40.69, Vector Unit Utilization(%) 0.20, Total cycle: 30000
[2026-05-25 04:19:40.675] [debug] Layer 24 Core 0 Finish Tile at 30176 Remain tile 4
[2026-05-25 04:19:40.676] [debug] Layer 24 Core 3 Finish Tile at 30182 Remain tile 3
[2026-05-25 04:19:40.678] [debug] Layer 24 Core 2 Finish Tile at 30197 Remain tile 2
[2026-05-25 04:19:40.727] [debug] Layer 24 Core 1 Finish Tile at 30442 Remain tile 1
[2026-05-25 04:19:40.727] [info] Layer layer0.attn.Attention.0 finish at 30442
[2026-05-25 04:19:40.727] [info] Total compute time 24012
[2026-05-25 04:19:40.727] [info] executable layer count 1
[2026-05-25 04:19:40.727] [info] Start layer layer0.attn.Atccat
[2026-05-25 04:19:40.727] [debug] Layer layer0.attn.Atccat Core 1 Get Tile at 30442
[2026-05-25 04:19:40.727] [debug] Layer 26 Core 1 Finish Tile at 30443 Remain tile 1
[2026-05-25 04:19:40.727] [info] Layer layer0.attn.Atccat finish at 30443
[2026-05-25 04:19:40.728] [info] Total compute time 1
[2026-05-25 04:19:40.728] [info] executable layer count 1
[2026-05-25 04:19:40.728] [info] Start layer layer0.attn.proj
[2026-05-25 04:19:40.728] [debug] Layer layer0.attn.proj Core 1 Get Tile at 30443
[2026-05-25 04:19:40.728] [debug] Layer layer0.attn.proj Core 2 Get Tile at 30443
[2026-05-25 04:19:40.728] [debug] Layer layer0.attn.proj Core 3 Get Tile at 30443
[2026-05-25 04:19:40.728] [debug] Layer layer0.attn.proj Core 0 Get Tile at 30444
[2026-05-25 04:19:40.882] [info] Core [0] : MatMul active cycle 158 Vector active cycle 30 
[2026-05-25 04:19:40.882] [info] Core [0] : issued tile 1 
[2026-05-25 04:19:40.883] [info] Core [0] : Memory unit idle cycle 528 Systolic bubble cycle 1415680 Core idle cycle 0 
[2026-05-25 04:19:40.883] [info] Core [0] : PE Utilization(%) 7.16, Systolic Bubble(%) 8.64, Vector Unit Utilization(%) 3.00, Total cycle: 31000
[2026-05-25 04:19:40.883] [debug] Core [1] : MatMul active cycle 424 Vector active cycle 30 
[2026-05-25 04:19:40.883] [debug] Core [1] : issued tile 1 
[2026-05-25 04:19:40.883] [debug] Core [1] : Memory unit idle cycle 528 Systolic bubble cycle 3799040 Core idle cycle 0 
[2026-05-25 04:19:40.883] [debug] Core [1] : PE Utilization(%) 19.21, Systolic Bubble(%) 23.19, Vector Unit Utilization(%) 3.00, Total cycle: 31000
[2026-05-25 04:19:40.883] [debug] Core [2] : MatMul active cycle 179 Vector active cycle 30 
[2026-05-25 04:19:40.883] [debug] Core [2] : issued tile 1 
[2026-05-25 04:19:40.883] [debug] Core [2] : Memory unit idle cycle 528 Systolic bubble cycle 1603840 Core idle cycle 0 
[2026-05-25 04:19:40.883] [debug] Core [2] : PE Utilization(%) 8.11, Systolic Bubble(%) 9.79, Vector Unit Utilization(%) 3.00, Total cycle: 31000
[2026-05-25 04:19:40.883] [debug] Core [3] : MatMul active cycle 164 Vector active cycle 30 
[2026-05-25 04:19:40.883] [debug] Core [3] : issued tile 1 
[2026-05-25 04:19:40.883] [debug] Core [3] : Memory unit idle cycle 528 Systolic bubble cycle 1469440 Core idle cycle 0 
[2026-05-25 04:19:40.883] [debug] Core [3] : PE Utilization(%) 7.43, Systolic Bubble(%) 8.97, Vector Unit Utilization(%) 3.00, Total cycle: 31000
[2026-05-25 04:19:41.161] [info] HBM2-CH_0: BW utilization 15% (927 reads, 561 writes)
[2026-05-25 04:19:41.161] [debug] HBM2-CH_1: BW utilization 15% (943 reads, 564 writes)
[2026-05-25 04:19:41.161] [debug] HBM2-CH_2: BW utilization 15% (922 reads, 553 writes)
[2026-05-25 04:19:41.161] [debug] HBM2-CH_3: BW utilization 15% (947 reads, 558 writes)
[2026-05-25 04:19:41.161] [debug] HBM2-CH_4: BW utilization 15% (935 reads, 563 writes)
[2026-05-25 04:19:41.161] [debug] HBM2-CH_5: BW utilization 15% (989 reads, 539 writes)
[2026-05-25 04:19:41.161] [debug] HBM2-CH_6: BW utilization 15% (979 reads, 550 writes)
[2026-05-25 04:19:41.161] [debug] HBM2-CH_7: BW utilization 15% (975 reads, 528 writes)
[2026-05-25 04:19:41.161] [debug] HBM2-CH_8: BW utilization 15% (937 reads, 563 writes)
[2026-05-25 04:19:41.161] [debug] HBM2-CH_9: BW utilization 15% (989 reads, 537 writes)
[2026-05-25 04:19:41.161] [debug] HBM2-CH_10: BW utilization 15% (947 reads, 545 writes)
[2026-05-25 04:19:41.161] [debug] HBM2-CH_11: BW utilization 15% (956 reads, 560 writes)
[2026-05-25 04:19:41.161] [debug] HBM2-CH_12: BW utilization 15% (980 reads, 534 writes)
[2026-05-25 04:19:41.161] [debug] HBM2-CH_13: BW utilization 15% (978 reads, 535 writes)
[2026-05-25 04:19:41.161] [debug] HBM2-CH_14: BW utilization 15% (978 reads, 552 writes)
[2026-05-25 04:19:41.161] [debug] HBM2-CH_15: BW utilization 15% (975 reads, 543 writes)
[2026-05-25 04:19:41.164] [info] Core [0] : MatMul active cycle 0 Vector active cycle 0 
[2026-05-25 04:19:41.164] [info] Core [0] : issued tile 1 
[2026-05-25 04:19:41.164] [info] Core [0] : Memory unit idle cycle 1000 Systolic bubble cycle 0 Core idle cycle 0 
[2026-05-25 04:19:41.164] [info] Core [0] : PE Utilization(%) 0.00, Systolic Bubble(%) 0.00, Vector Unit Utilization(%) 0.00, Total cycle: 32000
[2026-05-25 04:19:41.164] [debug] Core [1] : MatMul active cycle 0 Vector active cycle 0 
[2026-05-25 04:19:41.164] [debug] Core [1] : issued tile 1 
[2026-05-25 04:19:41.164] [debug] Core [1] : Memory unit idle cycle 1000 Systolic bubble cycle 0 Core idle cycle 0 
[2026-05-25 04:19:41.164] [debug] Core [1] : PE Utilization(%) 0.00, Systolic Bubble(%) 0.00, Vector Unit Utilization(%) 0.00, Total cycle: 32000
[2026-05-25 04:19:41.164] [debug] Core [2] : MatMul active cycle 0 Vector active cycle 0 
[2026-05-25 04:19:41.164] [debug] Core [2] : issued tile 1 
[2026-05-25 04:19:41.164] [debug] Core [2] : Memory unit idle cycle 1000 Systolic bubble cycle 0 Core idle cycle 0 
[2026-05-25 04:19:41.164] [debug] Core [2] : PE Utilization(%) 0.00, Systolic Bubble(%) 0.00, Vector Unit Utilization(%) 0.00, Total cycle: 32000
[2026-05-25 04:19:41.164] [debug] Core [3] : MatMul active cycle 0 Vector active cycle 0 
[2026-05-25 04:19:41.164] [debug] Core [3] : issued tile 1 
[2026-05-25 04:19:41.164] [debug] Core [3] : Memory unit idle cycle 1000 Systolic bubble cycle 0 Core idle cycle 0 
[2026-05-25 04:19:41.164] [debug] Core [3] : PE Utilization(%) 0.00, Systolic Bubble(%) 0.00, Vector Unit Utilization(%) 0.00, Total cycle: 32000
[2026-05-25 04:19:41.235] [info] Core [0] : MatMul active cycle 647 Vector active cycle 0 
[2026-05-25 04:19:41.235] [info] Core [0] : issued tile 1 
[2026-05-25 04:19:41.235] [info] Core [0] : Memory unit idle cycle 1000 Systolic bubble cycle 0 Core idle cycle 0 
[2026-05-25 04:19:41.235] [info] Core [0] : PE Utilization(%) 39.20, Systolic Bubble(%) 0.00, Vector Unit Utilization(%) 0.00, Total cycle: 33000
[2026-05-25 04:19:41.235] [debug] Core [1] : MatMul active cycle 620 Vector active cycle 0 
[2026-05-25 04:19:41.235] [debug] Core [1] : issued tile 1 
[2026-05-25 04:19:41.235] [debug] Core [1] : Memory unit idle cycle 1000 Systolic bubble cycle 0 Core idle cycle 0 
[2026-05-25 04:19:41.235] [debug] Core [1] : PE Utilization(%) 36.50, Systolic Bubble(%) 0.00, Vector Unit Utilization(%) 0.00, Total cycle: 33000
[2026-05-25 04:19:41.235] [debug] Core [2] : MatMul active cycle 733 Vector active cycle 0 
[2026-05-25 04:19:41.235] [debug] Core [2] : issued tile 1 
[2026-05-25 04:19:41.235] [debug] Core [2] : Memory unit idle cycle 1000 Systolic bubble cycle 0 Core idle cycle 0 
[2026-05-25 04:19:41.235] [debug] Core [2] : PE Utilization(%) 47.80, Systolic Bubble(%) 0.00, Vector Unit Utilization(%) 0.00, Total cycle: 33000
[2026-05-25 04:19:41.235] [debug] Core [3] : MatMul active cycle 678 Vector active cycle 0 
[2026-05-25 04:19:41.235] [debug] Core [3] : issued tile 1 
[2026-05-25 04:19:41.235] [debug] Core [3] : Memory unit idle cycle 1000 Systolic bubble cycle 0 Core idle cycle 0 
[2026-05-25 04:19:41.235] [debug] Core [3] : PE Utilization(%) 42.30, Systolic Bubble(%) 0.00, Vector Unit Utilization(%) 0.00, Total cycle: 33000
[2026-05-25 04:19:41.278] [debug] Layer 28 Core 2 Finish Tile at 33290 Remain tile 4
[2026-05-25 04:19:41.288] [debug] Layer 28 Core 3 Finish Tile at 33345 Remain tile 3
[2026-05-25 04:19:41.293] [debug] Layer 28 Core 0 Finish Tile at 33376 Remain tile 2
[2026-05-25 04:19:41.299] [debug] Layer 28 Core 1 Finish Tile at 33403 Remain tile 1
[2026-05-25 04:19:41.299] [info] Layer layer0.attn.proj finish at 33403
[2026-05-25 04:19:41.299] [info] Total compute time 2960
[2026-05-25 04:19:41.299] [info] executable layer count 1
[2026-05-25 04:19:41.299] [info] Start layer layer0.attn.ln
[2026-05-25 04:19:41.299] [debug] Layer layer0.attn.ln Core 1 Get Tile at 33403
[2026-05-25 04:19:41.299] [debug] Layer layer0.attn.ln Core 2 Get Tile at 33403
[2026-05-25 04:19:41.299] [debug] Layer layer0.attn.ln Core 3 Get Tile at 33403
[2026-05-25 04:19:41.299] [debug] Layer layer0.attn.ln Core 0 Get Tile at 33404
[2026-05-25 04:19:41.299] [debug] Layer layer0.attn.ln Core 1 Get Tile at 33404
[2026-05-25 04:19:41.299] [debug] Layer layer0.attn.ln Core 2 Get Tile at 33404
[2026-05-25 04:19:41.299] [debug] Layer layer0.attn.ln Core 3 Get Tile at 33404
[2026-05-25 04:19:41.300] [debug] Layer layer0.attn.ln Core 0 Get Tile at 33405
[2026-05-25 04:19:41.456] [info] Core [0] : MatMul active cycle 374 Vector active cycle 0 
[2026-05-25 04:19:41.456] [info] Core [0] : issued tile 2 
[2026-05-25 04:19:41.456] [info] Core [0] : Memory unit idle cycle 648 Systolic bubble cycle 786432 Core idle cycle 0 
[2026-05-25 04:19:41.456] [info] Core [0] : PE Utilization(%) 32.60, Systolic Bubble(%) 4.80, Vector Unit Utilization(%) 0.00, Total cycle: 34000
[2026-05-25 04:19:41.456] [debug] Core [1] : MatMul active cycle 401 Vector active cycle 0 
[2026-05-25 04:19:41.456] [debug] Core [1] : issued tile 2 
[2026-05-25 04:19:41.456] [debug] Core [1] : Memory unit idle cycle 648 Systolic bubble cycle 786432 Core idle cycle 0 
[2026-05-25 04:19:41.456] [debug] Core [1] : PE Utilization(%) 35.30, Systolic Bubble(%) 4.80, Vector Unit Utilization(%) 0.00, Total cycle: 34000
[2026-05-25 04:19:41.456] [debug] Core [2] : MatMul active cycle 288 Vector active cycle 0 
[2026-05-25 04:19:41.456] [debug] Core [2] : issued tile 2 
[2026-05-25 04:19:41.456] [debug] Core [2] : Memory unit idle cycle 648 Systolic bubble cycle 786432 Core idle cycle 0 
[2026-05-25 04:19:41.456] [debug] Core [2] : PE Utilization(%) 24.00, Systolic Bubble(%) 4.80, Vector Unit Utilization(%) 0.00, Total cycle: 34000
[2026-05-25 04:19:41.456] [debug] Core [3] : MatMul active cycle 343 Vector active cycle 0 
[2026-05-25 04:19:41.456] [debug] Core [3] : issued tile 2 
[2026-05-25 04:19:41.456] [debug] Core [3] : Memory unit idle cycle 648 Systolic bubble cycle 786432 Core idle cycle 0 
[2026-05-25 04:19:41.456] [debug] Core [3] : PE Utilization(%) 29.50, Systolic Bubble(%) 4.80, Vector Unit Utilization(%) 0.00, Total cycle: 34000
[2026-05-25 04:19:41.588] [debug] Layer 30 Core 2 Finish Tile at 34476 Remain tile 8
[2026-05-25 04:19:41.594] [debug] Layer 30 Core 3 Finish Tile at 34496 Remain tile 7
[2026-05-25 04:19:41.611] [debug] Layer 30 Core 0 Finish Tile at 34559 Remain tile 6
[2026-05-25 04:19:41.613] [debug] Layer 30 Core 1 Finish Tile at 34568 Remain tile 5
[2026-05-25 04:19:41.697] [info] Core [0] : MatMul active cycle 0 Vector active cycle 22 
[2026-05-25 04:19:41.697] [info] Core [0] : issued tile 1 
[2026-05-25 04:19:41.697] [info] Core [0] : Memory unit idle cycle 942 Systolic bubble cycle 0 Core idle cycle 0 
[2026-05-25 04:19:41.697] [info] Core [0] : PE Utilization(%) 0.00, Systolic Bubble(%) 0.00, Vector Unit Utilization(%) 2.20, Total cycle: 35000
[2026-05-25 04:19:41.697] [debug] Core [1] : MatMul active cycle 0 Vector active cycle 12 
[2026-05-25 04:19:41.697] [debug] Core [1] : issued tile 1 
[2026-05-25 04:19:41.697] [debug] Core [1] : Memory unit idle cycle 942 Systolic bubble cycle 0 Core idle cycle 0 
[2026-05-25 04:19:41.697] [debug] Core [1] : PE Utilization(%) 0.00, Systolic Bubble(%) 0.00, Vector Unit Utilization(%) 1.20, Total cycle: 35000
[2026-05-25 04:19:41.697] [debug] Core [2] : MatMul active cycle 0 Vector active cycle 22 
[2026-05-25 04:19:41.697] [debug] Core [2] : issued tile 1 
[2026-05-25 04:19:41.697] [debug] Core [2] : Memory unit idle cycle 942 Systolic bubble cycle 0 Core idle cycle 0 
[2026-05-25 04:19:41.697] [debug] Core [2] : PE Utilization(%) 0.00, Systolic Bubble(%) 0.00, Vector Unit Utilization(%) 2.20, Total cycle: 35000
[2026-05-25 04:19:41.697] [debug] Core [3] : MatMul active cycle 0 Vector active cycle 22 
[2026-05-25 04:19:41.697] [debug] Core [3] : issued tile 1 
[2026-05-25 04:19:41.697] [debug] Core [3] : Memory unit idle cycle 942 Systolic bubble cycle 0 Core idle cycle 0 
[2026-05-25 04:19:41.697] [debug] Core [3] : PE Utilization(%) 0.00, Systolic Bubble(%) 0.00, Vector Unit Utilization(%) 2.20, Total cycle: 35000
[2026-05-25 04:19:41.698] [debug] Layer 30 Core 3 Finish Tile at 35041 Remain tile 4
[2026-05-25 04:19:41.698] [debug] Layer 30 Core 0 Finish Tile at 35043 Remain tile 3
[2026-05-25 04:19:41.699] [debug] Layer 30 Core 2 Finish Tile at 35048 Remain tile 2
[2026-05-25 04:19:41.701] [debug] Layer 30 Core 1 Finish Tile at 35059 Remain tile 1
[2026-05-25 04:19:41.701] [info] Layer layer0.attn.ln finish at 35059
[2026-05-25 04:19:41.701] [info] Total compute time 1656
[2026-05-25 04:19:41.701] [info] executable layer count 1
[2026-05-25 04:19:41.701] [info] Start layer layer0.ffn.fc1
[2026-05-25 04:19:41.701] [debug] Layer layer0.ffn.fc1 Core 1 Get Tile at 35059
[2026-05-25 04:19:41.701] [debug] Layer layer0.ffn.fc1 Core 2 Get Tile at 35059
[2026-05-25 04:19:41.701] [debug] Layer layer0.ffn.fc1 Core 3 Get Tile at 35059
[2026-05-25 04:19:41.701] [debug] Layer layer0.ffn.fc1 Core 0 Get Tile at 35060
[2026-05-25 04:19:41.967] [info] Core [0] : MatMul active cycle 0 Vector active cycle 2 
[2026-05-25 04:19:41.967] [info] Core [0] : issued tile 1 
[2026-05-25 04:19:41.967] [info] Core [0] : Memory unit idle cycle 362 Systolic bubble cycle 0 Core idle cycle 0 
[2026-05-25 04:19:41.967] [info] Core [0] : PE Utilization(%) 0.00, Systolic Bubble(%) 0.00, Vector Unit Utilization(%) 0.20, Total cycle: 36000
[2026-05-25 04:19:41.967] [debug] Core [1] : MatMul active cycle 0 Vector active cycle 12 
[2026-05-25 04:19:41.967] [debug] Core [1] : issued tile 1 
[2026-05-25 04:19:41.967] [debug] Core [1] : Memory unit idle cycle 362 Systolic bubble cycle 0 Core idle cycle 0 
[2026-05-25 04:19:41.967] [debug] Core [1] : PE Utilization(%) 0.00, Systolic Bubble(%) 0.00, Vector Unit Utilization(%) 1.20, Total cycle: 36000
[2026-05-25 04:19:41.967] [debug] Core [2] : MatMul active cycle 0 Vector active cycle 2 
[2026-05-25 04:19:41.967] [debug] Core [2] : issued tile 1 
[2026-05-25 04:19:41.967] [debug] Core [2] : Memory unit idle cycle 362 Systolic bubble cycle 0 Core idle cycle 0 
[2026-05-25 04:19:41.967] [debug] Core [2] : PE Utilization(%) 0.00, Systolic Bubble(%) 0.00, Vector Unit Utilization(%) 0.20, Total cycle: 36000
[2026-05-25 04:19:41.967] [debug] Core [3] : MatMul active cycle 0 Vector active cycle 2 
[2026-05-25 04:19:41.967] [debug] Core [3] : issued tile 1 
[2026-05-25 04:19:41.967] [debug] Core [3] : Memory unit idle cycle 362 Systolic bubble cycle 0 Core idle cycle 0 
[2026-05-25 04:19:41.967] [debug] Core [3] : PE Utilization(%) 0.00, Systolic Bubble(%) 0.00, Vector Unit Utilization(%) 0.20, Total cycle: 36000
[2026-05-25 04:19:42.204] [info] Core [0] : MatMul active cycle 374 Vector active cycle 0 
[2026-05-25 04:19:42.204] [info] Core [0] : issued tile 1 
[2026-05-25 04:19:42.204] [info] Core [0] : Memory unit idle cycle 1000 Systolic bubble cycle 0 Core idle cycle 0 
[2026-05-25 04:19:42.204] [info] Core [0] : PE Utilization(%) 11.90, Systolic Bubble(%) 0.00, Vector Unit Utilization(%) 0.00, Total cycle: 37000
[2026-05-25 04:19:42.204] [debug] Core [1] : MatMul active cycle 137 Vector active cycle 0 
[2026-05-25 04:19:42.204] [debug] Core [1] : issued tile 1 
[2026-05-25 04:19:42.204] [debug] Core [1] : Memory unit idle cycle 1000 Systolic bubble cycle 0 Core idle cycle 0 
[2026-05-25 04:19:42.204] [debug] Core [1] : PE Utilization(%) 0.00, Systolic Bubble(%) 0.00, Vector Unit Utilization(%) 0.00, Total cycle: 37000
[2026-05-25 04:19:42.204] [debug] Core [2] : MatMul active cycle 282 Vector active cycle 0 
[2026-05-25 04:19:42.204] [debug] Core [2] : issued tile 1 
[2026-05-25 04:19:42.204] [debug] Core [2] : Memory unit idle cycle 1000 Systolic bubble cycle 0 Core idle cycle 0 
[2026-05-25 04:19:42.204] [debug] Core [2] : PE Utilization(%) 2.70, Systolic Bubble(%) 0.00, Vector Unit Utilization(%) 0.00, Total cycle: 37000
[2026-05-25 04:19:42.204] [debug] Core [3] : MatMul active cycle 292 Vector active cycle 0 
[2026-05-25 04:19:42.204] [debug] Core [3] : issued tile 1 
[2026-05-25 04:19:42.204] [debug] Core [3] : Memory unit idle cycle 1000 Systolic bubble cycle 0 Core idle cycle 0 
[2026-05-25 04:19:42.204] [debug] Core [3] : PE Utilization(%) 3.70, Systolic Bubble(%) 0.00, Vector Unit Utilization(%) 0.00, Total cycle: 37000
[2026-05-25 04:19:42.409] [info] Core [0] : MatMul active cycle 1000 Vector active cycle 0 
[2026-05-25 04:19:42.409] [info] Core [0] : issued tile 1 
[2026-05-25 04:19:42.409] [info] Core [0] : Memory unit idle cycle 893 Systolic bubble cycle 0 Core idle cycle 0 
[2026-05-25 04:19:42.409] [info] Core [0] : PE Utilization(%) 100.00, Systolic Bubble(%) 0.00, Vector Unit Utilization(%) 0.00, Total cycle: 38000
[2026-05-25 04:19:42.409] [debug] Core [1] : MatMul active cycle 1000 Vector active cycle 0 
[2026-05-25 04:19:42.409] [debug] Core [1] : issued tile 1 
[2026-05-25 04:19:42.409] [debug] Core [1] : Memory unit idle cycle 899 Systolic bubble cycle 0 Core idle cycle 0 
[2026-05-25 04:19:42.409] [debug] Core [1] : PE Utilization(%) 88.20, Systolic Bubble(%) 0.00, Vector Unit Utilization(%) 0.00, Total cycle: 38000
[2026-05-25 04:19:42.409] [debug] Core [2] : MatMul active cycle 1000 Vector active cycle 0 
[2026-05-25 04:19:42.409] [debug] Core [2] : issued tile 1 
[2026-05-25 04:19:42.409] [debug] Core [2] : Memory unit idle cycle 892 Systolic bubble cycle 0 Core idle cycle 0 
[2026-05-25 04:19:42.409] [debug] Core [2] : PE Utilization(%) 100.00, Systolic Bubble(%) 0.00, Vector Unit Utilization(%) 0.00, Total cycle: 38000
[2026-05-25 04:19:42.409] [debug] Core [3] : MatMul active cycle 1000 Vector active cycle 0 
[2026-05-25 04:19:42.409] [debug] Core [3] : issued tile 1 
[2026-05-25 04:19:42.409] [debug] Core [3] : Memory unit idle cycle 916 Systolic bubble cycle 0 Core idle cycle 0 
[2026-05-25 04:19:42.409] [debug] Core [3] : PE Utilization(%) 100.00, Systolic Bubble(%) 0.00, Vector Unit Utilization(%) 0.00, Total cycle: 38000
[2026-05-25 04:19:42.514] [debug] Layer 32 Core 2 Finish Tile at 38450 Remain tile 4
[2026-05-25 04:19:42.524] [debug] Layer 32 Core 0 Finish Tile at 38493 Remain tile 3
[2026-05-25 04:19:42.539] [debug] Layer 32 Core 3 Finish Tile at 38554 Remain tile 2
[2026-05-25 04:19:42.558] [debug] Layer 32 Core 1 Finish Tile at 38632 Remain tile 1
[2026-05-25 04:19:42.558] [info] Layer layer0.ffn.fc1 finish at 38632
[2026-05-25 04:19:42.558] [info] Total compute time 3573
[2026-05-25 04:19:42.558] [info] executable layer count 1
[2026-05-25 04:19:42.558] [info] Start layer layer0.ffn.act
[2026-05-25 04:19:42.558] [debug] Layer layer0.ffn.act Core 1 Get Tile at 38632
[2026-05-25 04:19:42.558] [debug] Layer layer0.ffn.act Core 2 Get Tile at 38632
[2026-05-25 04:19:42.558] [debug] Layer layer0.ffn.act Core 3 Get Tile at 38632
[2026-05-25 04:19:42.558] [debug] Layer layer0.ffn.act Core 0 Get Tile at 38633
[2026-05-25 04:19:42.558] [debug] Layer layer0.ffn.act Core 1 Get Tile at 38633
[2026-05-25 04:19:42.558] [debug] Layer layer0.ffn.act Core 2 Get Tile at 38633
[2026-05-25 04:19:42.559] [debug] Layer layer0.ffn.act Core 3 Get Tile at 38633
[2026-05-25 04:19:42.559] [debug] Layer layer0.ffn.act Core 0 Get Tile at 38634
[2026-05-25 04:19:42.664] [info] Core [0] : MatMul active cycle 491 Vector active cycle 0 
[2026-05-25 04:19:42.664] [info] Core [0] : issued tile 2 
[2026-05-25 04:19:42.664] [info] Core [0] : Memory unit idle cycle 591 Systolic bubble cycle 0 Core idle cycle 0 
[2026-05-25 04:19:42.664] [info] Core [0] : PE Utilization(%) 49.10, Systolic Bubble(%) 0.00, Vector Unit Utilization(%) 0.00, Total cycle: 39000
[2026-05-25 04:19:42.664] [debug] Core [1] : MatMul active cycle 630 Vector active cycle 0 
[2026-05-25 04:19:42.664] [debug] Core [1] : issued tile 2 
[2026-05-25 04:19:42.664] [debug] Core [1] : Memory unit idle cycle 585 Systolic bubble cycle 0 Core idle cycle 0 
[2026-05-25 04:19:42.664] [debug] Core [1] : PE Utilization(%) 63.00, Systolic Bubble(%) 0.00, Vector Unit Utilization(%) 0.00, Total cycle: 39000
[2026-05-25 04:19:42.664] [debug] Core [2] : MatMul active cycle 448 Vector active cycle 0 
[2026-05-25 04:19:42.664] [debug] Core [2] : issued tile 2 
[2026-05-25 04:19:42.664] [debug] Core [2] : Memory unit idle cycle 592 Systolic bubble cycle 0 Core idle cycle 0 
[2026-05-25 04:19:42.664] [debug] Core [2] : PE Utilization(%) 44.80, Systolic Bubble(%) 0.00, Vector Unit Utilization(%) 0.00, Total cycle: 39000
[2026-05-25 04:19:42.664] [debug] Core [3] : MatMul active cycle 552 Vector active cycle 0 
[2026-05-25 04:19:42.664] [debug] Core [3] : issued tile 2 
[2026-05-25 04:19:42.664] [debug] Core [3] : Memory unit idle cycle 568 Systolic bubble cycle 0 Core idle cycle 0 
[2026-05-25 04:19:42.664] [debug] Core [3] : PE Utilization(%) 55.20, Systolic Bubble(%) 0.00, Vector Unit Utilization(%) 0.00, Total cycle: 39000
[2026-05-25 04:19:42.932] [info] HBM2-CH_0: BW utilization 65% (4294 reads, 1965 writes)
[2026-05-25 04:19:42.932] [debug] HBM2-CH_1: BW utilization 64% (4274 reads, 1961 writes)
[2026-05-25 04:19:42.932] [debug] HBM2-CH_2: BW utilization 64% (4273 reads, 1960 writes)
[2026-05-25 04:19:42.932] [debug] HBM2-CH_3: BW utilization 64% (4255 reads, 1968 writes)
[2026-05-25 04:19:42.932] [debug] HBM2-CH_4: BW utilization 64% (4271 reads, 1957 writes)
[2026-05-25 04:19:42.932] [debug] HBM2-CH_5: BW utilization 64% (4225 reads, 1968 writes)
[2026-05-25 04:19:42.932] [debug] HBM2-CH_6: BW utilization 64% (4228 reads, 1973 writes)
[2026-05-25 04:19:42.932] [debug] HBM2-CH_7: BW utilization 64% (4267 reads, 1963 writes)
[2026-05-25 04:19:42.932] [debug] HBM2-CH_8: BW utilization 65% (4288 reads, 1966 writes)
[2026-05-25 04:19:42.932] [debug] HBM2-CH_9: BW utilization 64% (4243 reads, 1954 writes)
[2026-05-25 04:19:42.932] [debug] HBM2-CH_10: BW utilization 64% (4237 reads, 1984 writes)
[2026-05-25 04:19:42.932] [debug] HBM2-CH_11: BW utilization 64% (4242 reads, 1962 writes)
[2026-05-25 04:19:42.932] [debug] HBM2-CH_12: BW utilization 64% (4244 reads, 1969 writes)
[2026-05-25 04:19:42.932] [debug] HBM2-CH_13: BW utilization 64% (4269 reads, 1948 writes)
[2026-05-25 04:19:42.932] [debug] HBM2-CH_14: BW utilization 64% (4234 reads, 1965 writes)
[2026-05-25 04:19:42.932] [debug] HBM2-CH_15: BW utilization 64% (4231 reads, 1978 writes)
[2026-05-25 04:19:42.935] [info] Core [0] : MatMul active cycle 0 Vector active cycle 0 
[2026-05-25 04:19:42.935] [info] Core [0] : issued tile 2 
[2026-05-25 04:19:42.935] [info] Core [0] : Memory unit idle cycle 1000 Systolic bubble cycle 0 Core idle cycle 0 
[2026-05-25 04:19:42.935] [info] Core [0] : PE Utilization(%) 0.00, Systolic Bubble(%) 0.00, Vector Unit Utilization(%) 0.00, Total cycle: 40000
[2026-05-25 04:19:42.935] [debug] Core [1] : MatMul active cycle 0 Vector active cycle 0 
[2026-05-25 04:19:42.935] [debug] Core [1] : issued tile 2 
[2026-05-25 04:19:42.935] [debug] Core [1] : Memory unit idle cycle 1000 Systolic bubble cycle 0 Core idle cycle 0 
[2026-05-25 04:19:42.935] [debug] Core [1] : PE Utilization(%) 0.00, Systolic Bubble(%) 0.00, Vector Unit Utilization(%) 0.00, Total cycle: 40000
[2026-05-25 04:19:42.935] [debug] Core [2] : MatMul active cycle 0 Vector active cycle 0 
[2026-05-25 04:19:42.935] [debug] Core [2] : issued tile 2 
[2026-05-25 04:19:42.935] [debug] Core [2] : Memory unit idle cycle 1000 Systolic bubble cycle 0 Core idle cycle 0 
[2026-05-25 04:19:42.935] [debug] Core [2] : PE Utilization(%) 0.00, Systolic Bubble(%) 0.00, Vector Unit Utilization(%) 0.00, Total cycle: 40000
[2026-05-25 04:19:42.935] [debug] Core [3] : MatMul active cycle 0 Vector active cycle 0 
[2026-05-25 04:19:42.935] [debug] Core [3] : issued tile 2 
[2026-05-25 04:19:42.935] [debug] Core [3] : Memory unit idle cycle 1000 Systolic bubble cycle 0 Core idle cycle 0 
[2026-05-25 04:19:42.935] [debug] Core [3] : PE Utilization(%) 0.00, Systolic Bubble(%) 0.00, Vector Unit Utilization(%) 0.00, Total cycle: 40000
[2026-05-25 04:19:42.985] [debug] Layer 34 Core 2 Finish Tile at 40273 Remain tile 8
[2026-05-25 04:19:42.985] [debug] Layer 34 Core 1 Finish Tile at 40274 Remain tile 7
[2026-05-25 04:19:42.995] [debug] Layer 34 Core 3 Finish Tile at 40319 Remain tile 6
[2026-05-25 04:19:42.997] [debug] Layer 34 Core 0 Finish Tile at 40326 Remain tile 5
[2026-05-25 04:19:43.142] [debug] Layer 34 Core 2 Finish Tile at 40993 Remain tile 4
[2026-05-25 04:19:43.142] [debug] Layer 34 Core 1 Finish Tile at 40994 Remain tile 3
[2026-05-25 04:19:43.142] [debug] Layer 34 Core 3 Finish Tile at 40995 Remain tile 2
[2026-05-25 04:19:43.143] [debug] Layer 34 Core 0 Finish Tile at 40996 Remain tile 1
[2026-05-25 04:19:43.143] [info] Layer layer0.ffn.act finish at 40996
[2026-05-25 04:19:43.143] [info] Total compute time 2364
[2026-05-25 04:19:43.143] [info] executable layer count 1
[2026-05-25 04:19:43.143] [info] Start layer layer0.ffn.fc2
[2026-05-25 04:19:43.143] [debug] Layer layer0.ffn.fc2 Core 0 Get Tile at 40996
[2026-05-25 04:19:43.143] [debug] Layer layer0.ffn.fc2 Core 1 Get Tile at 40996
[2026-05-25 04:19:43.143] [debug] Layer layer0.ffn.fc2 Core 2 Get Tile at 40996
[2026-05-25 04:19:43.143] [debug] Layer layer0.ffn.fc2 Core 3 Get Tile at 40996
[2026-05-25 04:19:43.144] [info] Core [0] : MatMul active cycle 0 Vector active cycle 64 
[2026-05-25 04:19:43.144] [info] Core [0] : issued tile 1 
[2026-05-25 04:19:43.144] [info] Core [0] : Memory unit idle cycle 867 Systolic bubble cycle 0 Core idle cycle 0 
[2026-05-25 04:19:43.144] [info] Core [0] : PE Utilization(%) 0.00, Systolic Bubble(%) 0.00, Vector Unit Utilization(%) 6.40, Total cycle: 41000
[2026-05-25 04:19:43.144] [debug] Core [1] : MatMul active cycle 0 Vector active cycle 64 
[2026-05-25 04:19:43.144] [debug] Core [1] : issued tile 1 
[2026-05-25 04:19:43.144] [debug] Core [1] : Memory unit idle cycle 865 Systolic bubble cycle 0 Core idle cycle 0 
[2026-05-25 04:19:43.144] [debug] Core [1] : PE Utilization(%) 0.00, Systolic Bubble(%) 0.00, Vector Unit Utilization(%) 6.40, Total cycle: 41000
[2026-05-25 04:19:43.144] [debug] Core [2] : MatMul active cycle 0 Vector active cycle 64 
[2026-05-25 04:19:43.144] [debug] Core [2] : issued tile 1 
[2026-05-25 04:19:43.144] [debug] Core [2] : Memory unit idle cycle 864 Systolic bubble cycle 0 Core idle cycle 0 
[2026-05-25 04:19:43.144] [debug] Core [2] : PE Utilization(%) 0.00, Systolic Bubble(%) 0.00, Vector Unit Utilization(%) 6.40, Total cycle: 41000
[2026-05-25 04:19:43.145] [debug] Core [3] : MatMul active cycle 0 Vector active cycle 64 
[2026-05-25 04:19:43.145] [debug] Core [3] : issued tile 1 
[2026-05-25 04:19:43.145] [debug] Core [3] : Memory unit idle cycle 866 Systolic bubble cycle 0 Core idle cycle 0 
[2026-05-25 04:19:43.145] [debug] Core [3] : PE Utilization(%) 0.00, Systolic Bubble(%) 0.00, Vector Unit Utilization(%) 6.40, Total cycle: 41000
[2026-05-25 04:19:43.510] [info] Core [0] : MatMul active cycle 0 Vector active cycle 0 
[2026-05-25 04:19:43.510] [info] Core [0] : issued tile 1 
[2026-05-25 04:19:43.510] [info] Core [0] : Memory unit idle cycle 80 Systolic bubble cycle 0 Core idle cycle 0 
[2026-05-25 04:19:43.510] [info] Core [0] : PE Utilization(%) 0.00, Systolic Bubble(%) 0.00, Vector Unit Utilization(%) 0.00, Total cycle: 42000
[2026-05-25 04:19:43.510] [debug] Core [1] : MatMul active cycle 0 Vector active cycle 0 
[2026-05-25 04:19:43.510] [debug] Core [1] : issued tile 1 
[2026-05-25 04:19:43.510] [debug] Core [1] : Memory unit idle cycle 103 Systolic bubble cycle 0 Core idle cycle 0 
[2026-05-25 04:19:43.510] [debug] Core [1] : PE Utilization(%) 0.00, Systolic Bubble(%) 0.00, Vector Unit Utilization(%) 0.00, Total cycle: 42000
[2026-05-25 04:19:43.510] [debug] Core [2] : MatMul active cycle 0 Vector active cycle 0 
[2026-05-25 04:19:43.510] [debug] Core [2] : issued tile 1 
[2026-05-25 04:19:43.510] [debug] Core [2] : Memory unit idle cycle 105 Systolic bubble cycle 0 Core idle cycle 0 
[2026-05-25 04:19:43.510] [debug] Core [2] : PE Utilization(%) 0.00, Systolic Bubble(%) 0.00, Vector Unit Utilization(%) 0.00, Total cycle: 42000
[2026-05-25 04:19:43.510] [debug] Core [3] : MatMul active cycle 0 Vector active cycle 0 
[2026-05-25 04:19:43.510] [debug] Core [3] : issued tile 1 
[2026-05-25 04:19:43.510] [debug] Core [3] : Memory unit idle cycle 90 Systolic bubble cycle 0 Core idle cycle 0 
[2026-05-25 04:19:43.510] [debug] Core [3] : PE Utilization(%) 0.00, Systolic Bubble(%) 0.00, Vector Unit Utilization(%) 0.00, Total cycle: 42000
[2026-05-25 04:19:43.771] [info] Core [0] : MatMul active cycle 0 Vector active cycle 0 
[2026-05-25 04:19:43.771] [info] Core [0] : issued tile 1 
[2026-05-25 04:19:43.771] [info] Core [0] : Memory unit idle cycle 1000 Systolic bubble cycle 0 Core idle cycle 0 
[2026-05-25 04:19:43.771] [info] Core [0] : PE Utilization(%) 0.00, Systolic Bubble(%) 0.00, Vector Unit Utilization(%) 0.00, Total cycle: 43000
[2026-05-25 04:19:43.771] [debug] Core [1] : MatMul active cycle 0 Vector active cycle 0 
[2026-05-25 04:19:43.771] [debug] Core [1] : issued tile 1 
[2026-05-25 04:19:43.771] [debug] Core [1] : Memory unit idle cycle 1000 Systolic bubble cycle 0 Core idle cycle 0 
[2026-05-25 04:19:43.771] [debug] Core [1] : PE Utilization(%) 0.00, Systolic Bubble(%) 0.00, Vector Unit Utilization(%) 0.00, Total cycle: 43000
[2026-05-25 04:19:43.771] [debug] Core [2] : MatMul active cycle 0 Vector active cycle 0 
[2026-05-25 04:19:43.771] [debug] Core [2] : issued tile 1 
[2026-05-25 04:19:43.771] [debug] Core [2] : Memory unit idle cycle 1000 Systolic bubble cycle 0 Core idle cycle 0 
[2026-05-25 04:19:43.771] [debug] Core [2] : PE Utilization(%) 0.00, Systolic Bubble(%) 0.00, Vector Unit Utilization(%) 0.00, Total cycle: 43000
[2026-05-25 04:19:43.771] [debug] Core [3] : MatMul active cycle 0 Vector active cycle 0 
[2026-05-25 04:19:43.771] [debug] Core [3] : issued tile 1 
[2026-05-25 04:19:43.771] [debug] Core [3] : Memory unit idle cycle 1000 Systolic bubble cycle 0 Core idle cycle 0 
[2026-05-25 04:19:43.771] [debug] Core [3] : PE Utilization(%) 0.00, Systolic Bubble(%) 0.00, Vector Unit Utilization(%) 0.00, Total cycle: 43000
[2026-05-25 04:19:44.061] [info] Core [0] : MatMul active cycle 0 Vector active cycle 0 
[2026-05-25 04:19:44.061] [info] Core [0] : issued tile 1 
[2026-05-25 04:19:44.061] [info] Core [0] : Memory unit idle cycle 1000 Systolic bubble cycle 0 Core idle cycle 0 
[2026-05-25 04:19:44.061] [info] Core [0] : PE Utilization(%) 0.00, Systolic Bubble(%) 0.00, Vector Unit Utilization(%) 0.00, Total cycle: 44000
[2026-05-25 04:19:44.061] [debug] Core [1] : MatMul active cycle 0 Vector active cycle 0 
[2026-05-25 04:19:44.061] [debug] Core [1] : issued tile 1 
[2026-05-25 04:19:44.061] [debug] Core [1] : Memory unit idle cycle 1000 Systolic bubble cycle 0 Core idle cycle 0 
[2026-05-25 04:19:44.061] [debug] Core [1] : PE Utilization(%) 0.00, Systolic Bubble(%) 0.00, Vector Unit Utilization(%) 0.00, Total cycle: 44000
[2026-05-25 04:19:44.061] [debug] Core [2] : MatMul active cycle 0 Vector active cycle 0 
[2026-05-25 04:19:44.061] [debug] Core [2] : issued tile 1 
[2026-05-25 04:19:44.061] [debug] Core [2] : Memory unit idle cycle 1000 Systolic bubble cycle 0 Core idle cycle 0 
[2026-05-25 04:19:44.061] [debug] Core [2] : PE Utilization(%) 0.00, Systolic Bubble(%) 0.00, Vector Unit Utilization(%) 0.00, Total cycle: 44000
[2026-05-25 04:19:44.061] [debug] Core [3] : MatMul active cycle 0 Vector active cycle 0 
[2026-05-25 04:19:44.061] [debug] Core [3] : issued tile 1 
[2026-05-25 04:19:44.061] [debug] Core [3] : Memory unit idle cycle 1000 Systolic bubble cycle 0 Core idle cycle 0 
[2026-05-25 04:19:44.061] [debug] Core [3] : PE Utilization(%) 0.00, Systolic Bubble(%) 0.00, Vector Unit Utilization(%) 0.00, Total cycle: 44000
[2026-05-25 04:19:44.287] [info] Core [0] : MatMul active cycle 370 Vector active cycle 0 
[2026-05-25 04:19:44.287] [info] Core [0] : issued tile 1 
[2026-05-25 04:19:44.287] [info] Core [0] : Memory unit idle cycle 1000 Systolic bubble cycle 0 Core idle cycle 0 
[2026-05-25 04:19:44.287] [info] Core [0] : PE Utilization(%) 11.50, Systolic Bubble(%) 0.00, Vector Unit Utilization(%) 0.00, Total cycle: 45000
[2026-05-25 04:19:44.287] [debug] Core [1] : MatMul active cycle 140 Vector active cycle 0 
[2026-05-25 04:19:44.287] [debug] Core [1] : issued tile 1 
[2026-05-25 04:19:44.287] [debug] Core [1] : Memory unit idle cycle 1000 Systolic bubble cycle 0 Core idle cycle 0 
[2026-05-25 04:19:44.287] [debug] Core [1] : PE Utilization(%) 0.00, Systolic Bubble(%) 0.00, Vector Unit Utilization(%) 0.00, Total cycle: 45000
[2026-05-25 04:19:44.287] [debug] Core [2] : MatMul active cycle 504 Vector active cycle 0 
[2026-05-25 04:19:44.287] [debug] Core [2] : issued tile 1 
[2026-05-25 04:19:44.287] [debug] Core [2] : Memory unit idle cycle 1000 Systolic bubble cycle 0 Core idle cycle 0 
[2026-05-25 04:19:44.287] [debug] Core [2] : PE Utilization(%) 24.90, Systolic Bubble(%) 0.00, Vector Unit Utilization(%) 0.00, Total cycle: 45000
[2026-05-25 04:19:44.287] [debug] Core [3] : MatMul active cycle 152 Vector active cycle 0 
[2026-05-25 04:19:44.287] [debug] Core [3] : issued tile 1 
[2026-05-25 04:19:44.287] [debug] Core [3] : Memory unit idle cycle 1000 Systolic bubble cycle 0 Core idle cycle 0 
[2026-05-25 04:19:44.287] [debug] Core [3] : PE Utilization(%) 0.00, Systolic Bubble(%) 0.00, Vector Unit Utilization(%) 0.00, Total cycle: 45000
[2026-05-25 04:19:44.330] [info] Core [0] : MatMul active cycle 1000 Vector active cycle 0 
[2026-05-25 04:19:44.330] [info] Core [0] : issued tile 1 
[2026-05-25 04:19:44.330] [info] Core [0] : Memory unit idle cycle 936 Systolic bubble cycle 1072128 Core idle cycle 0 
[2026-05-25 04:19:44.330] [info] Core [0] : PE Utilization(%) 93.46, Systolic Bubble(%) 6.54, Vector Unit Utilization(%) 0.00, Total cycle: 46000
[2026-05-25 04:19:44.330] [debug] Core [1] : MatMul active cycle 1000 Vector active cycle 0 
[2026-05-25 04:19:44.330] [debug] Core [1] : issued tile 1 
[2026-05-25 04:19:44.330] [debug] Core [1] : Memory unit idle cycle 936 Systolic bubble cycle 365568 Core idle cycle 0 
[2026-05-25 04:19:44.330] [debug] Core [1] : PE Utilization(%) 86.27, Systolic Bubble(%) 2.23, Vector Unit Utilization(%) 0.00, Total cycle: 46000
[2026-05-25 04:19:44.330] [debug] Core [2] : MatMul active cycle 1000 Vector active cycle 0 
[2026-05-25 04:19:44.330] [debug] Core [2] : issued tile 1 
[2026-05-25 04:19:44.330] [debug] Core [2] : Memory unit idle cycle 936 Systolic bubble cycle 1483776 Core idle cycle 0 
[2026-05-25 04:19:44.330] [debug] Core [2] : PE Utilization(%) 90.94, Systolic Bubble(%) 9.06, Vector Unit Utilization(%) 0.00, Total cycle: 46000
[2026-05-25 04:19:44.330] [debug] Core [3] : MatMul active cycle 1000 Vector active cycle 0 
[2026-05-25 04:19:44.330] [debug] Core [3] : issued tile 1 
[2026-05-25 04:19:44.330] [debug] Core [3] : Memory unit idle cycle 936 Systolic bubble cycle 402432 Core idle cycle 0 
[2026-05-25 04:19:44.331] [debug] Core [3] : PE Utilization(%) 87.24, Systolic Bubble(%) 2.46, Vector Unit Utilization(%) 0.00, Total cycle: 46000
[2026-05-25 04:19:44.334] [debug] Layer 36 Core 2 Finish Tile at 46031 Remain tile 4
[2026-05-25 04:19:44.343] [debug] Layer 36 Core 0 Finish Tile at 46165 Remain tile 3
[2026-05-25 04:19:44.352] [debug] Layer 36 Core 3 Finish Tile at 46383 Remain tile 2
[2026-05-25 04:19:44.353] [debug] Layer 36 Core 1 Finish Tile at 46395 Remain tile 1
[2026-05-25 04:19:44.353] [info] Layer layer0.ffn.fc2 finish at 46395
[2026-05-25 04:19:44.353] [info] Total compute time 5399
[2026-05-25 04:19:44.353] [info] executable layer count 1
[2026-05-25 04:19:44.353] [info] Start layer layer0.ffn.ln
[2026-05-25 04:19:44.353] [debug] Layer layer0.ffn.ln Core 1 Get Tile at 46395
[2026-05-25 04:19:44.353] [debug] Layer layer0.ffn.ln Core 2 Get Tile at 46395
[2026-05-25 04:19:44.353] [debug] Layer layer0.ffn.ln Core 3 Get Tile at 46395
[2026-05-25 04:19:44.353] [debug] Layer layer0.ffn.ln Core 0 Get Tile at 46396
[2026-05-25 04:19:44.353] [debug] Layer layer0.ffn.ln Core 1 Get Tile at 46396
[2026-05-25 04:19:44.353] [debug] Layer layer0.ffn.ln Core 2 Get Tile at 46396
[2026-05-25 04:19:44.353] [debug] Layer layer0.ffn.ln Core 3 Get Tile at 46396
[2026-05-25 04:19:44.353] [debug] Layer layer0.ffn.ln Core 0 Get Tile at 46397
[2026-05-25 04:19:44.506] [info] Core [0] : MatMul active cycle 163 Vector active cycle 10 
[2026-05-25 04:19:44.506] [info] Core [0] : issued tile 2 
[2026-05-25 04:19:44.506] [info] Core [0] : Memory unit idle cycle 712 Systolic bubble cycle 500736 Core idle cycle 116 
[2026-05-25 04:19:44.506] [info] Core [0] : PE Utilization(%) 13.24, Systolic Bubble(%) 3.06, Vector Unit Utilization(%) 1.00, Total cycle: 47000
[2026-05-25 04:19:44.506] [debug] Core [1] : MatMul active cycle 393 Vector active cycle 0 
[2026-05-25 04:19:44.506] [debug] Core [1] : issued tile 2 
[2026-05-25 04:19:44.506] [debug] Core [1] : Memory unit idle cycle 712 Systolic bubble cycle 1207296 Core idle cycle 0 
[2026-05-25 04:19:44.506] [debug] Core [1] : PE Utilization(%) 31.93, Systolic Bubble(%) 7.37, Vector Unit Utilization(%) 0.00, Total cycle: 47000
[2026-05-25 04:19:44.506] [debug] Core [2] : MatMul active cycle 29 Vector active cycle 10 
[2026-05-25 04:19:44.506] [debug] Core [2] : issued tile 2 
[2026-05-25 04:19:44.506] [debug] Core [2] : Memory unit idle cycle 712 Systolic bubble cycle 89088 Core idle cycle 249 
[2026-05-25 04:19:44.506] [debug] Core [2] : PE Utilization(%) 2.36, Systolic Bubble(%) 0.54, Vector Unit Utilization(%) 1.00, Total cycle: 47000
[2026-05-25 04:19:44.506] [debug] Core [3] : MatMul active cycle 381 Vector active cycle 0 
[2026-05-25 04:19:44.506] [debug] Core [3] : issued tile 2 
[2026-05-25 04:19:44.506] [debug] Core [3] : Memory unit idle cycle 712 Systolic bubble cycle 1170432 Core idle cycle 0 
[2026-05-25 04:19:44.506] [debug] Core [3] : PE Utilization(%) 30.96, Systolic Bubble(%) 7.14, Vector Unit Utilization(%) 0.00, Total cycle: 47000
[2026-05-25 04:19:44.544] [debug] Layer 38 Core 2 Finish Tile at 47148 Remain tile 8
[2026-05-25 04:19:44.584] [debug] Layer 38 Core 0 Finish Tile at 47310 Remain tile 7
[2026-05-25 04:19:44.653] [debug] Layer 38 Core 1 Finish Tile at 47621 Remain tile 6
[2026-05-25 04:19:44.659] [debug] Layer 38 Core 3 Finish Tile at 47654 Remain tile 5
[2026-05-25 04:19:44.686] [debug] Layer 38 Core 2 Finish Tile at 47816 Remain tile 4
[2026-05-25 04:19:44.693] [debug] Layer 38 Core 0 Finish Tile at 47875 Remain tile 3
[2026-05-25 04:19:44.698] [debug] Layer 38 Core 1 Finish Tile at 47910 Remain tile 2
[2026-05-25 04:19:44.707] [debug] Layer 38 Core 3 Finish Tile at 47963 Remain tile 1
[2026-05-25 04:19:44.707] [info] Layer layer0.ffn.ln finish at 47963
[2026-05-25 04:19:44.707] [info] Total compute time 1568
[2026-05-25 04:19:44.707] [info] Model[tiny_transformer] Request: 0 us, Start: 0 us, finish:47 us, Current Cycle:47963
[2026-05-25 04:19:44.707] [info] No total_seq_len!
[2026-05-25 04:19:44.707] [info] Total Memory Usage: 0.01 GB
[2026-05-25 04:19:44.707] [info] Weight Memory Usage: 0.01 GB
[2026-05-25 04:19:44.707] [info] KV Memory Usage: 0.00 GB
[2026-05-25 04:19:44.707] [info] Activation Memory Usage: 0.00 GB
[2026-05-25 04:19:44.707] [debug] [Gemm] input_shape: [1, 232]
[2026-05-25 04:19:44.707] [debug] [Gemm] output_shape : [1, 696]
[2026-05-25 04:19:44.707] [info] [GEMM] spad_size: 33554432 accum_size: 4194304
[2026-05-25 04:19:44.707] [info] [GEMM] required_sram_size: 131072 required_accum_size: 32768
[2026-05-25 04:19:44.707] [info] [GEMM] Used mapping: Total N:1 C:232 M:696 | Outer N:1 C:1 M:6 | Inner N:128 C:256 M:128
[2026-05-25 04:19:44.709] [info] [GemmWs] Keys K = 232, N = 1, M = 696
[2026-05-25 04:19:44.709] [info] [GemmWS]: total 0.00032364 GFLOPs, 0.000326192 GB
[2026-05-25 04:19:44.709] [info] [GemmWS]: Theoretical time(ms): 0.0005312573421178968 Compute time: 2.469177307062864e-06 Memory time: 0.0005312573421178968
[2026-05-25 04:19:44.709] [debug] [KVCacheConcat] input_token_lengths: [1]
[2026-05-25 04:19:44.709] [debug] [KVCacheConcat] number of tiles: 1
[2026-05-25 04:19:44.709] [info] [Attention] total_spad_size_per_head: 356932 B
[2026-05-25 04:19:44.709] [info] [Attention] total_acc_size_per_head: 3076 B
[2026-05-25 04:19:44.709] [info] [Attention] q_len: 1, seq_len: 1538, dk: 58, heads per tile 1
[2026-05-25 04:19:44.709] [info] [Attention] Spad size 16777216
[2026-05-25 04:19:44.709] [info] [Attention] Accum spad size 2097152
[2026-05-25 04:19:44.709] [info] Mapping info Total Loop: N4 C58 M1538 S1 R1 Q1 P1 Tile Out Loop: N4 C1 M1 S1 R1 Q1 P1 Tile In Loop: N1 C58 M1538 S1 R1 Q1 P1
[2026-05-25 04:19:44.730] [info] [Attention] QK 0.000713632 GFLOPs
[2026-05-25 04:19:44.730] [info] [Attention] total 0.001488784 GFLOPs, 0.0014281919 GB
[2026-05-25 04:19:44.730] [info] [Attention] Theoretical time(ms): 0.0023260454 Compute time: 1.8398925e-05 Memory time: 0.0023260454
[2026-05-25 04:19:44.730] [info] [Attention] QK compute 0.0000ms Softmax compute 0.0000ms SV compute 0.0000ms
[2026-05-25 04:19:44.730] [debug] [Gemm] input_shape: [1, 232]
[2026-05-25 04:19:44.730] [debug] [Gemm] output_shape : [1, 232]
[2026-05-25 04:19:44.730] [info] [GEMM] spad_size: 33554432 accum_size: 4194304
[2026-05-25 04:19:44.730] [info] [GEMM] required_sram_size: 131072 required_accum_size: 32768
[2026-05-25 04:19:44.730] [info] [GEMM] Used mapping: Total N:1 C:232 M:232 | Outer N:1 C:1 M:2 | Inner N:128 C:256 M:128
[2026-05-25 04:19:44.730] [info] [GemmWs] Keys K = 232, N = 1, M = 232
[2026-05-25 04:19:44.730] [info] [GemmWS]: total 0.00010787999 GFLOPs, 0.000109040004 GB
[2026-05-25 04:19:44.730] [info] [GemmWS]: Theoretical time(ms): 0.00017758958392732893 Compute time: 8.230590098357027e-07 Memory time: 0.00017758958392732893
[2026-05-25 04:19:44.730] [info] [SkipLayerNorm] tokens_per_tile: 1
[2026-05-25 04:19:44.730] [debug] [Gemm] input_shape: [1, 232]
[2026-05-25 04:19:44.730] [debug] [Gemm] output_shape : [1, 512]
[2026-05-25 04:19:44.730] [info] [GEMM] spad_size: 33554432 accum_size: 4194304
[2026-05-25 04:19:44.730] [info] [GEMM] required_sram_size: 131072 required_accum_size: 32768
[2026-05-25 04:19:44.730] [info] [GEMM] Used mapping: Total N:1 C:232 M:512 | Outer N:1 C:1 M:4 | Inner N:128 C:256 M:128
[2026-05-25 04:19:44.731] [info] [GemmWs] Keys K = 232, N = 1, M = 512
[2026-05-25 04:19:44.731] [info] [GemmWS]: total 0.000237568 GFLOPs, 0.000239056 GB
[2026-05-25 04:19:44.731] [info] [GemmWS]: Theoretical time(ms): 0.0003893420057465846 Compute time: 1.81250003894462e-06 Memory time: 0.0003893420057465846
[2026-05-25 04:19:44.731] [info] [BiasAct] tokens_per_tile: 1
[2026-05-25 04:19:44.731] [debug] [Gemm] input_shape: [1, 512]
[2026-05-25 04:19:44.731] [debug] [Gemm] output_shape : [1, 232]
[2026-05-25 04:19:44.731] [info] [GEMM] spad_size: 33554432 accum_size: 4194304
[2026-05-25 04:19:44.731] [info] [GEMM] required_sram_size: 262144 required_accum_size: 32768
[2026-05-25 04:19:44.731] [info] [GEMM] Used mapping: Total N:1 C:512 M:232 | Outer N:1 C:1 M:2 | Inner N:128 C:512 M:128
[2026-05-25 04:19:44.732] [info] [GemmWs] Keys K = 512, N = 1, M = 232
[2026-05-25 04:19:44.732] [info] [GemmWS]: total 0.00023779999 GFLOPs, 0.00023952 GB
[2026-05-25 04:19:44.732] [info] [GemmWS]: Theoretical time(ms): 0.00039009771057862963 Compute time: 1.8142699564904774e-06 Memory time: 0.00039009771057862963
[2026-05-25 04:19:44.732] [info] [SkipLayerNorm] tokens_per_tile: 1
[2026-05-25 04:19:44.732] [debug] runnable op, 
[2026-05-25 04:19:44.732] [info]  Model initialization time: 0.025280 seconds
[2026-05-25 04:19:44.732] [info] Schedule model: tiny_transformer at 47965000 us
[2026-05-25 04:19:44.732] [info] MODEL tiny_transformer Scheduled, Total Request: 1
[2026-05-25 04:19:44.732] [info] executable layer count 1
[2026-05-25 04:19:44.732] [info] Start layer layer0.attn.QKVgen
[2026-05-25 04:19:44.732] [debug] Layer layer0.attn.QKVgen Core 0 Get Tile at 47964
[2026-05-25 04:19:44.733] [debug] Layer layer0.attn.QKVgen Core 1 Get Tile at 47964
[2026-05-25 04:19:44.733] [debug] Layer layer0.attn.QKVgen Core 2 Get Tile at 47964
[2026-05-25 04:19:44.733] [debug] Layer layer0.attn.QKVgen Core 3 Get Tile at 47964
[2026-05-25 04:19:44.733] [debug] Layer layer0.attn.QKVgen Core 0 Get Tile at 47965
[2026-05-25 04:19:44.733] [debug] Layer layer0.attn.QKVgen Core 3 Get Tile at 47965
[2026-05-25 04:19:44.738] [info] HBM2-CH_0: BW utilization 62% (4187 reads, 1853 writes)
[2026-05-25 04:19:44.738] [debug] HBM2-CH_1: BW utilization 63% (4191 reads, 1872 writes)
[2026-05-25 04:19:44.738] [debug] HBM2-CH_2: BW utilization 63% (4213 reads, 1879 writes)
[2026-05-25 04:19:44.738] [debug] HBM2-CH_3: BW utilization 63% (4206 reads, 1863 writes)
[2026-05-25 04:19:44.738] [debug] HBM2-CH_4: BW utilization 63% (4198 reads, 1879 writes)
[2026-05-25 04:19:44.738] [debug] HBM2-CH_5: BW utilization 63% (4194 reads, 1888 writes)
[2026-05-25 04:19:44.738] [debug] HBM2-CH_6: BW utilization 63% (4201 reads, 1879 writes)
[2026-05-25 04:19:44.738] [debug] HBM2-CH_7: BW utilization 63% (4166 reads, 1902 writes)
[2026-05-25 04:19:44.738] [debug] HBM2-CH_8: BW utilization 63% (4187 reads, 1863 writes)
[2026-05-25 04:19:44.738] [debug] HBM2-CH_9: BW utilization 63% (4176 reads, 1897 writes)
[2026-05-25 04:19:44.738] [debug] HBM2-CH_10: BW utilization 63% (4220 reads, 1873 writes)
[2026-05-25 04:19:44.738] [debug] HBM2-CH_11: BW utilization 63% (4214 reads, 1873 writes)
[2026-05-25 04:19:44.738] [debug] HBM2-CH_12: BW utilization 63% (4184 reads, 1883 writes)
[2026-05-25 04:19:44.738] [debug] HBM2-CH_13: BW utilization 63% (4165 reads, 1904 writes)
[2026-05-25 04:19:44.738] [debug] HBM2-CH_14: BW utilization 63% (4200 reads, 1869 writes)
[2026-05-25 04:19:44.738] [debug] HBM2-CH_15: BW utilization 63% (4202 reads, 1883 writes)
[2026-05-25 04:19:44.743] [info] Core [0] : MatMul active cycle 0 Vector active cycle 14 
[2026-05-25 04:19:44.743] [info] Core [0] : issued tile 2 
[2026-05-25 04:19:44.743] [info] Core [0] : Memory unit idle cycle 849 Systolic bubble cycle 0 Core idle cycle 0 
[2026-05-25 04:19:44.743] [info] Core [0] : PE Utilization(%) 0.00, Systolic Bubble(%) 0.00, Vector Unit Utilization(%) 1.40, Total cycle: 48000
[2026-05-25 04:19:44.743] [debug] Core [1] : MatMul active cycle 0 Vector active cycle 24 
[2026-05-25 04:19:44.743] [debug] Core [1] : issued tile 1 
[2026-05-25 04:19:44.743] [debug] Core [1] : Memory unit idle cycle 851 Systolic bubble cycle 0 Core idle cycle 0 
[2026-05-25 04:19:44.743] [debug] Core [1] : PE Utilization(%) 0.00, Systolic Bubble(%) 0.00, Vector Unit Utilization(%) 2.40, Total cycle: 48000
[2026-05-25 04:19:44.743] [debug] Core [2] : MatMul active cycle 0 Vector active cycle 14 
[2026-05-25 04:19:44.743] [debug] Core [2] : issued tile 1 
[2026-05-25 04:19:44.743] [debug] Core [2] : Memory unit idle cycle 849 Systolic bubble cycle 0 Core idle cycle 0 
[2026-05-25 04:19:44.743] [debug] Core [2] : PE Utilization(%) 0.00, Systolic Bubble(%) 0.00, Vector Unit Utilization(%) 1.40, Total cycle: 48000
[2026-05-25 04:19:44.743] [debug] Core [3] : MatMul active cycle 0 Vector active cycle 24 
[2026-05-25 04:19:44.743] [debug] Core [3] : issued tile 2 
[2026-05-25 04:19:44.743] [debug] Core [3] : Memory unit idle cycle 904 Systolic bubble cycle 0 Core idle cycle 0 
[2026-05-25 04:19:44.743] [debug] Core [3] : PE Utilization(%) 0.00, Systolic Bubble(%) 0.00, Vector Unit Utilization(%) 2.40, Total cycle: 48000
[2026-05-25 04:19:44.928] [info] Core [0] : MatMul active cycle 240 Vector active cycle 0 
[2026-05-25 04:19:44.928] [info] Core [0] : issued tile 2 
[2026-05-25 04:19:44.928] [info] Core [0] : Memory unit idle cycle 865 Systolic bubble cycle 0 Core idle cycle 0 
[2026-05-25 04:19:44.928] [info] Core [0] : PE Utilization(%) 0.00, Systolic Bubble(%) 0.00, Vector Unit Utilization(%) 0.00, Total cycle: 49000
[2026-05-25 04:19:44.928] [debug] Core [1] : MatMul active cycle 250 Vector active cycle 0 
[2026-05-25 04:19:44.928] [debug] Core [1] : issued tile 1 
[2026-05-25 04:19:44.928] [debug] Core [1] : Memory unit idle cycle 915 Systolic bubble cycle 0 Core idle cycle 0 
[2026-05-25 04:19:44.928] [debug] Core [1] : PE Utilization(%) 0.00, Systolic Bubble(%) 0.00, Vector Unit Utilization(%) 0.00, Total cycle: 49000
[2026-05-25 04:19:44.928] [debug] Core [2] : MatMul active cycle 306 Vector active cycle 0 
[2026-05-25 04:19:44.928] [debug] Core [2] : issued tile 1 
[2026-05-25 04:19:44.928] [debug] Core [2] : Memory unit idle cycle 917 Systolic bubble cycle 829056 Core idle cycle 0 
[2026-05-25 04:19:44.928] [debug] Core [2] : PE Utilization(%) 0.04, Systolic Bubble(%) 5.06, Vector Unit Utilization(%) 0.00, Total cycle: 49000
[2026-05-25 04:19:44.928] [debug] Core [3] : MatMul active cycle 197 Vector active cycle 0 
[2026-05-25 04:19:44.928] [debug] Core [3] : issued tile 2 
[2026-05-25 04:19:44.928] [debug] Core [3] : Memory unit idle cycle 745 Systolic bubble cycle 0 Core idle cycle 0 
[2026-05-25 04:19:44.928] [debug] Core [3] : PE Utilization(%) 0.00, Systolic Bubble(%) 0.00, Vector Unit Utilization(%) 0.00, Total cycle: 49000
[2026-05-25 04:19:44.930] [debug] Layer 43 Core 2 Finish Tile at 49337 Remain tile 6
[2026-05-25 04:19:44.930] [debug] Layer 43 Core 1 Finish Tile at 49393 Remain tile 5
[2026-05-25 04:19:44.930] [debug] Layer 43 Core 0 Finish Tile at 49403 Remain tile 4
[2026-05-25 04:19:44.931] [debug] Layer 43 Core 3 Finish Tile at 49446 Remain tile 3
[2026-05-25 04:19:44.932] [debug] Layer 43 Core 0 Finish Tile at 49659 Remain tile 2
[2026-05-25 04:19:44.933] [debug] Layer 43 Core 3 Finish Tile at 49702 Remain tile 1
[2026-05-25 04:19:44.933] [info] Layer layer0.attn.QKVgen finish at 49702
[2026-05-25 04:19:44.933] [info] Total compute time 1738
[2026-05-25 04:19:44.933] [info] executable layer count 1
[2026-05-25 04:19:44.933] [info] Start layer layer0.attn.KVccat
[2026-05-25 04:19:44.933] [debug] Layer layer0.attn.KVccat Core 2 Get Tile at 49703
[2026-05-25 04:19:44.933] [debug] Layer 45 Core 2 Finish Tile at 49704 Remain tile 1
[2026-05-25 04:19:44.933] [info] Layer layer0.attn.KVccat finish at 49704
[2026-05-25 04:19:44.933] [info] Total compute time 2
[2026-05-25 04:19:44.933] [info] executable layer count 1
[2026-05-25 04:19:44.933] [info] Start layer layer0.attn.Attention.0
[2026-05-25 04:19:44.933] [debug] Layer layer0.attn.Attention.0 Core 2 Get Tile at 49704
[2026-05-25 04:19:44.933] [debug] Layer layer0.attn.Attention.0 Core 3 Get Tile at 49704
[2026-05-25 04:19:44.933] [debug] Layer layer0.attn.Attention.0 Core 0 Get Tile at 49705
[2026-05-25 04:19:44.933] [debug] Layer layer0.attn.Attention.0 Core 1 Get Tile at 49705
[2026-05-25 04:19:45.009] [info] Core [0] : MatMul active cycle 657 Vector active cycle 0 
[2026-05-25 04:19:45.009] [info] Core [0] : issued tile 1 
[2026-05-25 04:19:45.009] [info] Core [0] : Memory unit idle cycle 704 Systolic bubble cycle 10454784 Core idle cycle 29 
[2026-05-25 04:19:45.009] [info] Core [0] : PE Utilization(%) 0.39, Systolic Bubble(%) 63.81, Vector Unit Utilization(%) 0.00, Total cycle: 50000
[2026-05-25 04:19:45.009] [debug] Core [1] : MatMul active cycle 391 Vector active cycle 0 
[2026-05-25 04:19:45.009] [debug] Core [1] : issued tile 1 
[2026-05-25 04:19:45.009] [debug] Core [1] : Memory unit idle cycle 705 Systolic bubble cycle 6274816 Core idle cycle 280 
[2026-05-25 04:19:45.009] [debug] Core [1] : PE Utilization(%) 0.30, Systolic Bubble(%) 38.30, Vector Unit Utilization(%) 0.00, Total cycle: 50000
[2026-05-25 04:19:45.009] [debug] Core [2] : MatMul active cycle 335 Vector active cycle 0 
[2026-05-25 04:19:45.009] [debug] Core [2] : issued tile 1 
[2026-05-25 04:19:45.009] [debug] Core [2] : Memory unit idle cycle 704 Systolic bubble cycle 5445760 Core idle cycle 350 
[2026-05-25 04:19:45.009] [debug] Core [2] : PE Utilization(%) 0.26, Systolic Bubble(%) 33.24, Vector Unit Utilization(%) 0.00, Total cycle: 50000
[2026-05-25 04:19:45.009] [debug] Core [3] : MatMul active cycle 700 Vector active cycle 0 
[2026-05-25 04:19:45.009] [debug] Core [3] : issued tile 1 
[2026-05-25 04:19:45.009] [debug] Core [3] : Memory unit idle cycle 703 Systolic bubble cycle 10436352 Core idle cycle 0 
[2026-05-25 04:19:45.009] [debug] Core [3] : PE Utilization(%) 0.50, Systolic Bubble(%) 63.70, Vector Unit Utilization(%) 0.00, Total cycle: 50000
[2026-05-25 04:19:45.275] [info] Core [0] : MatMul active cycle 0 Vector active cycle 0 
[2026-05-25 04:19:45.275] [info] Core [0] : issued tile 1 
[2026-05-25 04:19:45.275] [info] Core [0] : Memory unit idle cycle 596 Systolic bubble cycle 0 Core idle cycle 0 
[2026-05-25 04:19:45.275] [info] Core [0] : PE Utilization(%) 0.00, Systolic Bubble(%) 0.00, Vector Unit Utilization(%) 0.00, Total cycle: 51000
[2026-05-25 04:19:45.275] [debug] Core [1] : MatMul active cycle 0 Vector active cycle 0 
[2026-05-25 04:19:45.275] [debug] Core [1] : issued tile 1 
[2026-05-25 04:19:45.275] [debug] Core [1] : Memory unit idle cycle 596 Systolic bubble cycle 0 Core idle cycle 0 
[2026-05-25 04:19:45.275] [debug] Core [1] : PE Utilization(%) 0.00, Systolic Bubble(%) 0.00, Vector Unit Utilization(%) 0.00, Total cycle: 51000
[2026-05-25 04:19:45.275] [debug] Core [2] : MatMul active cycle 0 Vector active cycle 0 
[2026-05-25 04:19:45.275] [debug] Core [2] : issued tile 1 
[2026-05-25 04:19:45.275] [debug] Core [2] : Memory unit idle cycle 597 Systolic bubble cycle 0 Core idle cycle 0 
[2026-05-25 04:19:45.275] [debug] Core [2] : PE Utilization(%) 0.00, Systolic Bubble(%) 0.00, Vector Unit Utilization(%) 0.00, Total cycle: 51000
[2026-05-25 04:19:45.275] [debug] Core [3] : MatMul active cycle 0 Vector active cycle 0 
[2026-05-25 04:19:45.275] [debug] Core [3] : issued tile 1 
[2026-05-25 04:19:45.275] [debug] Core [3] : Memory unit idle cycle 597 Systolic bubble cycle 0 Core idle cycle 0 
[2026-05-25 04:19:45.275] [debug] Core [3] : PE Utilization(%) 0.00, Systolic Bubble(%) 0.00, Vector Unit Utilization(%) 0.00, Total cycle: 51000
[2026-05-25 04:19:45.523] [info] Core [0] : MatMul active cycle 403 Vector active cycle 0 
[2026-05-25 04:19:45.523] [info] Core [0] : issued tile 1 
[2026-05-25 04:19:45.523] [info] Core [0] : Memory unit idle cycle 1000 Systolic bubble cycle 2405888 Core idle cycle 0 
[2026-05-25 04:19:45.523] [info] Core [0] : PE Utilization(%) 0.12, Systolic Bubble(%) 14.68, Vector Unit Utilization(%) 0.00, Total cycle: 52000
[2026-05-25 04:19:45.523] [debug] Core [1] : MatMul active cycle 353 Vector active cycle 0 
[2026-05-25 04:19:45.523] [debug] Core [1] : issued tile 1 
[2026-05-25 04:19:45.523] [debug] Core [1] : Memory unit idle cycle 1000 Systolic bubble cycle 1593088 Core idle cycle 0 
[2026-05-25 04:19:45.523] [debug] Core [1] : PE Utilization(%) 0.08, Systolic Bubble(%) 9.72, Vector Unit Utilization(%) 0.00, Total cycle: 52000
[2026-05-25 04:19:45.523] [debug] Core [2] : MatMul active cycle 362 Vector active cycle 0 
[2026-05-25 04:19:45.523] [debug] Core [2] : issued tile 1 
[2026-05-25 04:19:45.523] [debug] Core [2] : Memory unit idle cycle 1000 Systolic bubble cycle 1739392 Core idle cycle 0 
[2026-05-25 04:19:45.523] [debug] Core [2] : PE Utilization(%) 0.08, Systolic Bubble(%) 10.62, Vector Unit Utilization(%) 0.00, Total cycle: 52000
[2026-05-25 04:19:45.523] [debug] Core [3] : MatMul active cycle 291 Vector active cycle 0 
[2026-05-25 04:19:45.523] [debug] Core [3] : issued tile 1 
[2026-05-25 04:19:45.523] [debug] Core [3] : Memory unit idle cycle 1000 Systolic bubble cycle 585216 Core idle cycle 0 
[2026-05-25 04:19:45.523] [debug] Core [3] : PE Utilization(%) 0.03, Systolic Bubble(%) 3.57, Vector Unit Utilization(%) 0.00, Total cycle: 52000
[2026-05-25 04:19:45.682] [info] Core [0] : MatMul active cycle 1000 Vector active cycle 0 
[2026-05-25 04:19:45.682] [info] Core [0] : issued tile 1 
[2026-05-25 04:19:45.682] [info] Core [0] : Memory unit idle cycle 1000 Systolic bubble cycle 16256000 Core idle cycle 0 
[2026-05-25 04:19:45.682] [info] Core [0] : PE Utilization(%) 0.78, Systolic Bubble(%) 99.22, Vector Unit Utilization(%) 0.00, Total cycle: 53000
[2026-05-25 04:19:45.682] [debug] Core [1] : MatMul active cycle 1000 Vector active cycle 0 
[2026-05-25 04:19:45.682] [debug] Core [1] : issued tile 1 
[2026-05-25 04:19:45.682] [debug] Core [1] : Memory unit idle cycle 1000 Systolic bubble cycle 16256000 Core idle cycle 0 
[2026-05-25 04:19:45.682] [debug] Core [1] : PE Utilization(%) 0.78, Systolic Bubble(%) 99.22, Vector Unit Utilization(%) 0.00, Total cycle: 53000
[2026-05-25 04:19:45.682] [debug] Core [2] : MatMul active cycle 1000 Vector active cycle 0 
[2026-05-25 04:19:45.682] [debug] Core [2] : issued tile 1 
[2026-05-25 04:19:45.682] [debug] Core [2] : Memory unit idle cycle 1000 Systolic bubble cycle 16256000 Core idle cycle 0 
[2026-05-25 04:19:45.682] [debug] Core [2] : PE Utilization(%) 0.78, Systolic Bubble(%) 99.22, Vector Unit Utilization(%) 0.00, Total cycle: 53000
[2026-05-25 04:19:45.682] [debug] Core [3] : MatMul active cycle 1000 Vector active cycle 0 
[2026-05-25 04:19:45.682] [debug] Core [3] : issued tile 1 
[2026-05-25 04:19:45.682] [debug] Core [3] : Memory unit idle cycle 1000 Systolic bubble cycle 16256000 Core idle cycle 0 
[2026-05-25 04:19:45.682] [debug] Core [3] : PE Utilization(%) 0.78, Systolic Bubble(%) 99.22, Vector Unit Utilization(%) 0.00, Total cycle: 53000
[2026-05-25 04:19:45.689] [info] Core [0] : MatMul active cycle 985 Vector active cycle 14 
[2026-05-25 04:19:45.689] [info] Core [0] : issued tile 1 
[2026-05-25 04:19:45.689] [info] Core [0] : Memory unit idle cycle 1000 Systolic bubble cycle 11888888 Core idle cycle 0 
[2026-05-25 04:19:45.689] [info] Core [0] : PE Utilization(%) 0.44, Systolic Bubble(%) 72.56, Vector Unit Utilization(%) 1.40, Total cycle: 54000
[2026-05-25 04:19:45.689] [debug] Core [1] : MatMul active cycle 985 Vector active cycle 14 
[2026-05-25 04:19:45.689] [debug] Core [1] : issued tile 1 
[2026-05-25 04:19:45.689] [debug] Core [1] : Memory unit idle cycle 1000 Systolic bubble cycle 11885388 Core idle cycle 0 
[2026-05-25 04:19:45.689] [debug] Core [1] : PE Utilization(%) 0.46, Systolic Bubble(%) 72.54, Vector Unit Utilization(%) 1.40, Total cycle: 54000
[2026-05-25 04:19:45.689] [debug] Core [2] : MatMul active cycle 985 Vector active cycle 14 
[2026-05-25 04:19:45.689] [debug] Core [2] : issued tile 1 
[2026-05-25 04:19:45.689] [debug] Core [2] : Memory unit idle cycle 1000 Systolic bubble cycle 11886018 Core idle cycle 0 
[2026-05-25 04:19:45.689] [debug] Core [2] : PE Utilization(%) 0.45, Systolic Bubble(%) 72.55, Vector Unit Utilization(%) 1.40, Total cycle: 54000
[2026-05-25 04:19:45.689] [debug] Core [3] : MatMul active cycle 985 Vector active cycle 14 
[2026-05-25 04:19:45.689] [debug] Core [3] : issued tile 1 
[2026-05-25 04:19:45.689] [debug] Core [3] : Memory unit idle cycle 1000 Systolic bubble cycle 12338176 Core idle cycle 0 
[2026-05-25 04:19:45.689] [debug] Core [3] : PE Utilization(%) 0.49, Systolic Bubble(%) 75.31, Vector Unit Utilization(%) 1.40, Total cycle: 54000
[2026-05-25 04:19:45.696] [info] Core [0] : MatMul active cycle 998 Vector active cycle 0 
[2026-05-25 04:19:45.696] [info] Core [0] : issued tile 1 
[2026-05-25 04:19:45.696] [info] Core [0] : Memory unit idle cycle 1000 Systolic bubble cycle 7967088 Core idle cycle 0 
[2026-05-25 04:19:45.696] [info] Core [0] : PE Utilization(%) 0.17, Systolic Bubble(%) 48.63, Vector Unit Utilization(%) 0.00, Total cycle: 55000
[2026-05-25 04:19:45.696] [debug] Core [1] : MatMul active cycle 998 Vector active cycle 0 
[2026-05-25 04:19:45.696] [debug] Core [1] : issued tile 1 
[2026-05-25 04:19:45.696] [debug] Core [1] : Memory unit idle cycle 1000 Systolic bubble cycle 7967088 Core idle cycle 0 
[2026-05-25 04:19:45.696] [debug] Core [1] : PE Utilization(%) 0.17, Systolic Bubble(%) 48.63, Vector Unit Utilization(%) 0.00, Total cycle: 55000
[2026-05-25 04:19:45.696] [debug] Core [2] : MatMul active cycle 998 Vector active cycle 0 
[2026-05-25 04:19:45.696] [debug] Core [2] : issued tile 1 
[2026-05-25 04:19:45.696] [debug] Core [2] : Memory unit idle cycle 1000 Systolic bubble cycle 7967088 Core idle cycle 0 
[2026-05-25 04:19:45.696] [debug] Core [2] : PE Utilization(%) 0.17, Systolic Bubble(%) 48.63, Vector Unit Utilization(%) 0.00, Total cycle: 55000
[2026-05-25 04:19:45.696] [debug] Core [3] : MatMul active cycle 998 Vector active cycle 0 
[2026-05-25 04:19:45.696] [debug] Core [3] : issued tile 1 
[2026-05-25 04:19:45.696] [debug] Core [3] : Memory unit idle cycle 1000 Systolic bubble cycle 8424216 Core idle cycle 0 
[2026-05-25 04:19:45.696] [debug] Core [3] : PE Utilization(%) 0.18, Systolic Bubble(%) 51.42, Vector Unit Utilization(%) 0.00, Total cycle: 55000
[2026-05-25 04:19:45.702] [info] HBM2-CH_0: BW utilization 37% (3434 reads, 131 writes)
[2026-05-25 04:19:45.702] [debug] HBM2-CH_1: BW utilization 36% (3423 reads, 121 writes)
[2026-05-25 04:19:45.702] [debug] HBM2-CH_2: BW utilization 36% (3422 reads, 119 writes)
[2026-05-25 04:19:45.702] [debug] HBM2-CH_3: BW utilization 37% (3435 reads, 125 writes)
[2026-05-25 04:19:45.702] [debug] HBM2-CH_4: BW utilization 36% (3422 reads, 121 writes)
[2026-05-25 04:19:45.702] [debug] HBM2-CH_5: BW utilization 37% (3435 reads, 118 writes)
[2026-05-25 04:19:45.702] [debug] HBM2-CH_6: BW utilization 37% (3435 reads, 120 writes)
[2026-05-25 04:19:45.702] [debug] HBM2-CH_7: BW utilization 36% (3422 reads, 121 writes)
[2026-05-25 04:19:45.702] [debug] HBM2-CH_8: BW utilization 36% (3422 reads, 121 writes)
[2026-05-25 04:19:45.702] [debug] HBM2-CH_9: BW utilization 37% (3429 reads, 124 writes)
[2026-05-25 04:19:45.702] [debug] HBM2-CH_10: BW utilization 37% (3435 reads, 117 writes)
[2026-05-25 04:19:45.702] [debug] HBM2-CH_11: BW utilization 36% (3422 reads, 121 writes)
[2026-05-25 04:19:45.702] [debug] HBM2-CH_12: BW utilization 37% (3435 reads, 124 writes)
[2026-05-25 04:19:45.702] [debug] HBM2-CH_13: BW utilization 36% (3423 reads, 119 writes)
[2026-05-25 04:19:45.702] [debug] HBM2-CH_14: BW utilization 36% (3422 reads, 129 writes)
[2026-05-25 04:19:45.702] [debug] HBM2-CH_15: BW utilization 37% (3436 reads, 119 writes)
[2026-05-25 04:19:45.702] [info] Core [0] : MatMul active cycle 998 Vector active cycle 0 
[2026-05-25 04:19:45.702] [info] Core [0] : issued tile 1 
[2026-05-25 04:19:45.702] [info] Core [0] : Memory unit idle cycle 1000 Systolic bubble cycle 7967088 Core idle cycle 0 
[2026-05-25 04:19:45.702] [info] Core [0] : PE Utilization(%) 0.17, Systolic Bubble(%) 48.63, Vector Unit Utilization(%) 0.00, Total cycle: 56000
[2026-05-25 04:19:45.702] [debug] Core [1] : MatMul active cycle 998 Vector active cycle 0 
[2026-05-25 04:19:45.702] [debug] Core [1] : issued tile 1 
[2026-05-25 04:19:45.702] [debug] Core [1] : Memory unit idle cycle 1000 Systolic bubble cycle 8326260 Core idle cycle 0 
[2026-05-25 04:19:45.702] [debug] Core [1] : PE Utilization(%) 0.18, Systolic Bubble(%) 50.82, Vector Unit Utilization(%) 0.00, Total cycle: 56000
[2026-05-25 04:19:45.702] [debug] Core [2] : MatMul active cycle 998 Vector active cycle 0 
[2026-05-25 04:19:45.702] [debug] Core [2] : issued tile 1 
[2026-05-25 04:19:45.702] [debug] Core [2] : Memory unit idle cycle 1000 Systolic bubble cycle 8179326 Core idle cycle 0 
[2026-05-25 04:19:45.702] [debug] Core [2] : PE Utilization(%) 0.18, Systolic Bubble(%) 49.92, Vector Unit Utilization(%) 0.00, Total cycle: 56000
[2026-05-25 04:19:45.702] [debug] Core [3] : MatMul active cycle 998 Vector active cycle 0 
[2026-05-25 04:19:45.702] [debug] Core [3] : issued tile 1 
[2026-05-25 04:19:45.702] [debug] Core [3] : Memory unit idle cycle 1000 Systolic bubble cycle 8424216 Core idle cycle 0 
[2026-05-25 04:19:45.702] [debug] Core [3] : PE Utilization(%) 0.18, Systolic Bubble(%) 51.42, Vector Unit Utilization(%) 0.00, Total cycle: 56000
[2026-05-25 04:19:45.709] [info] Core [0] : MatMul active cycle 998 Vector active cycle 0 
[2026-05-25 04:19:45.709] [info] Core [0] : issued tile 1 
[2026-05-25 04:19:45.709] [info] Core [0] : Memory unit idle cycle 1000 Systolic bubble cycle 7967088 Core idle cycle 0 
[2026-05-25 04:19:45.709] [info] Core [0] : PE Utilization(%) 0.17, Systolic Bubble(%) 48.63, Vector Unit Utilization(%) 0.00, Total cycle: 57000
[2026-05-25 04:19:45.709] [debug] Core [1] : MatMul active cycle 998 Vector active cycle 0 
[2026-05-25 04:19:45.709] [debug] Core [1] : issued tile 1 
[2026-05-25 04:19:45.709] [debug] Core [1] : Memory unit idle cycle 1000 Systolic bubble cycle 8424216 Core idle cycle 0 
[2026-05-25 04:19:45.709] [debug] Core [1] : PE Utilization(%) 0.18, Systolic Bubble(%) 51.42, Vector Unit Utilization(%) 0.00, Total cycle: 57000
[2026-05-25 04:19:45.709] [debug] Core [2] : MatMul active cycle 998 Vector active cycle 0 
[2026-05-25 04:19:45.709] [debug] Core [2] : issued tile 1 
[2026-05-25 04:19:45.709] [debug] Core [2] : Memory unit idle cycle 1000 Systolic bubble cycle 8424216 Core idle cycle 0 
[2026-05-25 04:19:45.709] [debug] Core [2] : PE Utilization(%) 0.18, Systolic Bubble(%) 51.42, Vector Unit Utilization(%) 0.00, Total cycle: 57000
[2026-05-25 04:19:45.709] [debug] Core [3] : MatMul active cycle 998 Vector active cycle 0 
[2026-05-25 04:19:45.709] [debug] Core [3] : issued tile 1 
[2026-05-25 04:19:45.709] [debug] Core [3] : Memory unit idle cycle 1000 Systolic bubble cycle 8424216 Core idle cycle 0 
[2026-05-25 04:19:45.709] [debug] Core [3] : PE Utilization(%) 0.18, Systolic Bubble(%) 51.42, Vector Unit Utilization(%) 0.00, Total cycle: 57000
[2026-05-25 04:19:45.716] [info] Core [0] : MatMul active cycle 998 Vector active cycle 0 
[2026-05-25 04:19:45.716] [info] Core [0] : issued tile 1 
[2026-05-25 04:19:45.716] [info] Core [0] : Memory unit idle cycle 1000 Systolic bubble cycle 8424216 Core idle cycle 0 
[2026-05-25 04:19:45.716] [info] Core [0] : PE Utilization(%) 0.18, Systolic Bubble(%) 51.42, Vector Unit Utilization(%) 0.00, Total cycle: 58000
[2026-05-25 04:19:45.716] [debug] Core [1] : MatMul active cycle 998 Vector active cycle 0 
[2026-05-25 04:19:45.716] [debug] Core [1] : issued tile 1 
[2026-05-25 04:19:45.716] [debug] Core [1] : Memory unit idle cycle 1000 Systolic bubble cycle 8424216 Core idle cycle 0 
[2026-05-25 04:19:45.716] [debug] Core [1] : PE Utilization(%) 0.18, Systolic Bubble(%) 51.42, Vector Unit Utilization(%) 0.00, Total cycle: 58000
[2026-05-25 04:19:45.716] [debug] Core [2] : MatMul active cycle 998 Vector active cycle 0 
[2026-05-25 04:19:45.716] [debug] Core [2] : issued tile 1 
[2026-05-25 04:19:45.716] [debug] Core [2] : Memory unit idle cycle 1000 Systolic bubble cycle 8424216 Core idle cycle 0 
[2026-05-25 04:19:45.716] [debug] Core [2] : PE Utilization(%) 0.18, Systolic Bubble(%) 51.42, Vector Unit Utilization(%) 0.00, Total cycle: 58000
[2026-05-25 04:19:45.716] [debug] Core [3] : MatMul active cycle 998 Vector active cycle 0 
[2026-05-25 04:19:45.716] [debug] Core [3] : issued tile 1 
[2026-05-25 04:19:45.716] [debug] Core [3] : Memory unit idle cycle 1000 Systolic bubble cycle 8424216 Core idle cycle 0 
[2026-05-25 04:19:45.716] [debug] Core [3] : PE Utilization(%) 0.18, Systolic Bubble(%) 51.42, Vector Unit Utilization(%) 0.00, Total cycle: 58000
[2026-05-25 04:19:45.722] [info] Core [0] : MatMul active cycle 998 Vector active cycle 0 
[2026-05-25 04:19:45.722] [info] Core [0] : issued tile 1 
[2026-05-25 04:19:45.722] [info] Core [0] : Memory unit idle cycle 1000 Systolic bubble cycle 8424216 Core idle cycle 0 
[2026-05-25 04:19:45.722] [info] Core [0] : PE Utilization(%) 0.18, Systolic Bubble(%) 51.42, Vector Unit Utilization(%) 0.00, Total cycle: 59000
[2026-05-25 04:19:45.722] [debug] Core [1] : MatMul active cycle 998 Vector active cycle 0 
[2026-05-25 04:19:45.722] [debug] Core [1] : issued tile 1 
[2026-05-25 04:19:45.722] [debug] Core [1] : Memory unit idle cycle 1000 Systolic bubble cycle 8424216 Core idle cycle 0 
[2026-05-25 04:19:45.722] [debug] Core [1] : PE Utilization(%) 0.18, Systolic Bubble(%) 51.42, Vector Unit Utilization(%) 0.00, Total cycle: 59000
[2026-05-25 04:19:45.722] [debug] Core [2] : MatMul active cycle 998 Vector active cycle 0 
[2026-05-25 04:19:45.722] [debug] Core [2] : issued tile 1 
[2026-05-25 04:19:45.722] [debug] Core [2] : Memory unit idle cycle 1000 Systolic bubble cycle 8424216 Core idle cycle 0 
[2026-05-25 04:19:45.722] [debug] Core [2] : PE Utilization(%) 0.18, Systolic Bubble(%) 51.42, Vector Unit Utilization(%) 0.00, Total cycle: 59000
[2026-05-25 04:19:45.722] [debug] Core [3] : MatMul active cycle 998 Vector active cycle 0 
[2026-05-25 04:19:45.722] [debug] Core [3] : issued tile 1 
[2026-05-25 04:19:45.722] [debug] Core [3] : Memory unit idle cycle 1000 Systolic bubble cycle 8424216 Core idle cycle 0 
[2026-05-25 04:19:45.722] [debug] Core [3] : PE Utilization(%) 0.18, Systolic Bubble(%) 51.42, Vector Unit Utilization(%) 0.00, Total cycle: 59000
[2026-05-25 04:19:45.729] [info] Core [0] : MatMul active cycle 998 Vector active cycle 2 
[2026-05-25 04:19:45.729] [info] Core [0] : issued tile 1 
[2026-05-25 04:19:45.729] [info] Core [0] : Memory unit idle cycle 1000 Systolic bubble cycle 8424216 Core idle cycle 0 
[2026-05-25 04:19:45.729] [info] Core [0] : PE Utilization(%) 0.18, Systolic Bubble(%) 51.42, Vector Unit Utilization(%) 0.20, Total cycle: 60000
[2026-05-25 04:19:45.729] [debug] Core [1] : MatMul active cycle 998 Vector active cycle 2 
[2026-05-25 04:19:45.729] [debug] Core [1] : issued tile 1 
[2026-05-25 04:19:45.729] [debug] Core [1] : Memory unit idle cycle 1000 Systolic bubble cycle 8424216 Core idle cycle 0 
[2026-05-25 04:19:45.729] [debug] Core [1] : PE Utilization(%) 0.18, Systolic Bubble(%) 51.42, Vector Unit Utilization(%) 0.20, Total cycle: 60000
[2026-05-25 04:19:45.729] [debug] Core [2] : MatMul active cycle 998 Vector active cycle 2 
[2026-05-25 04:19:45.729] [debug] Core [2] : issued tile 1 
[2026-05-25 04:19:45.729] [debug] Core [2] : Memory unit idle cycle 1000 Systolic bubble cycle 8424216 Core idle cycle 0 
[2026-05-25 04:19:45.729] [debug] Core [2] : PE Utilization(%) 0.18, Systolic Bubble(%) 51.42, Vector Unit Utilization(%) 0.20, Total cycle: 60000
[2026-05-25 04:19:45.729] [debug] Core [3] : MatMul active cycle 998 Vector active cycle 2 
[2026-05-25 04:19:45.729] [debug] Core [3] : issued tile 1 
[2026-05-25 04:19:45.729] [debug] Core [3] : Memory unit idle cycle 1000 Systolic bubble cycle 8424216 Core idle cycle 0 
[2026-05-25 04:19:45.729] [debug] Core [3] : PE Utilization(%) 0.18, Systolic Bubble(%) 51.42, Vector Unit Utilization(%) 0.20, Total cycle: 60000
[2026-05-25 04:19:45.732] [debug] Layer 49 Core 0 Finish Tile at 60346 Remain tile 4
[2026-05-25 04:19:45.732] [debug] Layer 49 Core 2 Finish Tile at 60387 Remain tile 3
[2026-05-25 04:19:45.732] [debug] Layer 49 Core 1 Finish Tile at 60396 Remain tile 2
[2026-05-25 04:19:45.733] [debug] Layer 49 Core 3 Finish Tile at 60458 Remain tile 1
[2026-05-25 04:19:45.733] [info] Layer layer0.attn.Attention.0 finish at 60458
[2026-05-25 04:19:45.733] [info] Total compute time 10754
[2026-05-25 04:19:45.733] [info] executable layer count 1
[2026-05-25 04:19:45.733] [info] Start layer layer0.attn.Atccat
[2026-05-25 04:19:45.733] [debug] Layer layer0.attn.Atccat Core 3 Get Tile at 60458
[2026-05-25 04:19:45.733] [debug] Layer 51 Core 3 Finish Tile at 60459 Remain tile 1
[2026-05-25 04:19:45.733] [info] Layer layer0.attn.Atccat finish at 60459
[2026-05-25 04:19:45.733] [info] Total compute time 1
[2026-05-25 04:19:45.733] [info] executable layer count 1
[2026-05-25 04:19:45.733] [info] Start layer layer0.attn.proj
[2026-05-25 04:19:45.733] [debug] Layer layer0.attn.proj Core 3 Get Tile at 60459
[2026-05-25 04:19:45.733] [debug] Layer layer0.attn.proj Core 0 Get Tile at 60460
[2026-05-25 04:19:45.773] [info] Core [0] : MatMul active cycle 567 Vector active cycle 2 
[2026-05-25 04:19:45.773] [info] Core [0] : issued tile 1 
[2026-05-25 04:19:45.773] [info] Core [0] : Memory unit idle cycle 902 Systolic bubble cycle 4212108 Core idle cycle 82 
[2026-05-25 04:19:45.773] [info] Core [0] : PE Utilization(%) 0.09, Systolic Bubble(%) 25.71, Vector Unit Utilization(%) 0.20, Total cycle: 61000
[2026-05-25 04:19:45.773] [debug] Core [1] : MatMul active cycle 392 Vector active cycle 2 
[2026-05-25 04:19:45.773] [debug] Core [1] : issued tile 0 
[2026-05-25 04:19:45.773] [debug] Core [1] : Memory unit idle cycle 999 Systolic bubble cycle 4212108 Core idle cycle 572 
[2026-05-25 04:19:45.773] [debug] Core [1] : PE Utilization(%) 0.09, Systolic Bubble(%) 25.71, Vector Unit Utilization(%) 0.20, Total cycle: 61000
[2026-05-25 04:19:45.773] [debug] Core [2] : MatMul active cycle 383 Vector active cycle 2 
[2026-05-25 04:19:45.773] [debug] Core [2] : issued tile 0 
[2026-05-25 04:19:45.773] [debug] Core [2] : Memory unit idle cycle 999 Systolic bubble cycle 4212108 Core idle cycle 581 
[2026-05-25 04:19:45.773] [debug] Core [2] : PE Utilization(%) 0.09, Systolic Bubble(%) 25.71, Vector Unit Utilization(%) 0.20, Total cycle: 61000
[2026-05-25 04:19:45.773] [debug] Core [3] : MatMul active cycle 675 Vector active cycle 2 
[2026-05-25 04:19:45.773] [debug] Core [3] : issued tile 1 
[2026-05-25 04:19:45.773] [debug] Core [3] : Memory unit idle cycle 881 Systolic bubble cycle 4212108 Core idle cycle 0 
[2026-05-25 04:19:45.773] [debug] Core [3] : PE Utilization(%) 0.09, Systolic Bubble(%) 25.71, Vector Unit Utilization(%) 0.20, Total cycle: 61000
[2026-05-25 04:19:45.776] [debug] Layer 53 Core 0 Finish Tile at 61418 Remain tile 2
[2026-05-25 04:19:45.776] [debug] Layer 53 Core 3 Finish Tile at 61422 Remain tile 1
[2026-05-25 04:19:45.776] [info] Layer layer0.attn.proj finish at 61422
[2026-05-25 04:19:45.776] [info] Total compute time 963
[2026-05-25 04:19:45.776] [info] executable layer count 1
[2026-05-25 04:19:45.776] [info] Start layer layer0.attn.ln
[2026-05-25 04:19:45.776] [debug] Layer layer0.attn.ln Core 0 Get Tile at 61423
[2026-05-25 04:19:45.777] [debug] Layer 55 Core 0 Finish Tile at 61471 Remain tile 1
[2026-05-25 04:19:45.777] [info] Layer layer0.attn.ln finish at 61471
[2026-05-25 04:19:45.777] [info] Total compute time 49
[2026-05-25 04:19:45.777] [info] executable layer count 1
[2026-05-25 04:19:45.777] [info] Start layer layer0.ffn.fc1
[2026-05-25 04:19:45.777] [debug] Layer layer0.ffn.fc1 Core 0 Get Tile at 61471
[2026-05-25 04:19:45.777] [debug] Layer layer0.ffn.fc1 Core 1 Get Tile at 61471
[2026-05-25 04:19:45.777] [debug] Layer layer0.ffn.fc1 Core 2 Get Tile at 61471
[2026-05-25 04:19:45.777] [debug] Layer layer0.ffn.fc1 Core 3 Get Tile at 61471
[2026-05-25 04:19:45.895] [info] Core [0] : MatMul active cycle 416 Vector active cycle 12 
[2026-05-25 04:19:45.895] [info] Core [0] : issued tile 1 
[2026-05-25 04:19:45.895] [info] Core [0] : Memory unit idle cycle 879 Systolic bubble cycle 6284080 Core idle cycle 0 
[2026-05-25 04:19:45.895] [info] Core [0] : PE Utilization(%) 0.25, Systolic Bubble(%) 38.35, Vector Unit Utilization(%) 1.20, Total cycle: 62000
[2026-05-25 04:19:45.895] [debug] Core [1] : MatMul active cycle 0 Vector active cycle 0 
[2026-05-25 04:19:45.895] [debug] Core [1] : issued tile 1 
[2026-05-25 04:19:45.895] [debug] Core [1] : Memory unit idle cycle 883 Systolic bubble cycle 0 Core idle cycle 471 
[2026-05-25 04:19:45.895] [debug] Core [1] : PE Utilization(%) 0.00, Systolic Bubble(%) 0.00, Vector Unit Utilization(%) 0.00, Total cycle: 62000
[2026-05-25 04:19:45.895] [debug] Core [2] : MatMul active cycle 0 Vector active cycle 0 
[2026-05-25 04:19:45.895] [debug] Core [2] : issued tile 1 
[2026-05-25 04:19:45.895] [debug] Core [2] : Memory unit idle cycle 883 Systolic bubble cycle 0 Core idle cycle 471 
[2026-05-25 04:19:45.895] [debug] Core [2] : PE Utilization(%) 0.00, Systolic Bubble(%) 0.00, Vector Unit Utilization(%) 0.00, Total cycle: 62000
[2026-05-25 04:19:45.895] [debug] Core [3] : MatMul active cycle 420 Vector active cycle 0 
[2026-05-25 04:19:45.895] [debug] Core [3] : issued tile 1 
[2026-05-25 04:19:45.895] [debug] Core [3] : Memory unit idle cycle 882 Systolic bubble cycle 6274816 Core idle cycle 17 
[2026-05-25 04:19:45.895] [debug] Core [3] : PE Utilization(%) 0.30, Systolic Bubble(%) 38.30, Vector Unit Utilization(%) 0.00, Total cycle: 62000
[2026-05-25 04:19:45.900] [debug] Layer 57 Core 1 Finish Tile at 62663 Remain tile 4
[2026-05-25 04:19:45.900] [debug] Layer 57 Core 0 Finish Tile at 62666 Remain tile 3
[2026-05-25 04:19:45.900] [debug] Layer 57 Core 3 Finish Tile at 62666 Remain tile 2
[2026-05-25 04:19:45.900] [debug] Layer 57 Core 2 Finish Tile at 62668 Remain tile 1
[2026-05-25 04:19:45.900] [info] Layer layer0.ffn.fc1 finish at 62668
[2026-05-25 04:19:45.900] [info] Total compute time 1197
[2026-05-25 04:19:45.900] [info] executable layer count 1
[2026-05-25 04:19:45.900] [info] Start layer layer0.ffn.act
[2026-05-25 04:19:45.900] [debug] Layer layer0.ffn.act Core 1 Get Tile at 62669
[2026-05-25 04:19:45.901] [debug] Layer 59 Core 1 Finish Tile at 62710 Remain tile 1
[2026-05-25 04:19:45.901] [info] Layer layer0.ffn.act finish at 62710
[2026-05-25 04:19:45.901] [info] Total compute time 42
[2026-05-25 04:19:45.901] [info] executable layer count 1
[2026-05-25 04:19:45.901] [info] Start layer layer0.ffn.fc2
[2026-05-25 04:19:45.901] [debug] Layer layer0.ffn.fc2 Core 3 Get Tile at 62710
[2026-05-25 04:19:45.901] [debug] Layer layer0.ffn.fc2 Core 0 Get Tile at 62711
[2026-05-25 04:19:45.948] [info] Core [0] : MatMul active cycle 641 Vector active cycle 0 
[2026-05-25 04:19:45.948] [info] Core [0] : issued tile 1 
[2026-05-25 04:19:45.948] [info] Core [0] : Memory unit idle cycle 788 Systolic bubble cycle 6274816 Core idle cycle 28 
[2026-05-25 04:19:45.948] [info] Core [0] : PE Utilization(%) 0.30, Systolic Bubble(%) 38.30, Vector Unit Utilization(%) 0.00, Total cycle: 63000
[2026-05-25 04:19:45.948] [debug] Core [1] : MatMul active cycle 641 Vector active cycle 4 
[2026-05-25 04:19:45.948] [debug] Core [1] : issued tile 0 
[2026-05-25 04:19:45.948] [debug] Core [1] : Memory unit idle cycle 993 Systolic bubble cycle 6274816 Core idle cycle 0 
[2026-05-25 04:19:45.948] [debug] Core [1] : PE Utilization(%) 0.30, Systolic Bubble(%) 38.30, Vector Unit Utilization(%) 0.40, Total cycle: 63000
[2026-05-25 04:19:45.948] [debug] Core [2] : MatMul active cycle 641 Vector active cycle 0 
[2026-05-25 04:19:45.948] [debug] Core [2] : issued tile 0 
[2026-05-25 04:19:45.948] [debug] Core [2] : Memory unit idle cycle 999 Systolic bubble cycle 6274816 Core idle cycle 315 
[2026-05-25 04:19:45.948] [debug] Core [2] : PE Utilization(%) 0.30, Systolic Bubble(%) 38.30, Vector Unit Utilization(%) 0.00, Total cycle: 63000
[2026-05-25 04:19:45.948] [debug] Core [3] : MatMul active cycle 641 Vector active cycle 0 
[2026-05-25 04:19:45.948] [debug] Core [3] : issued tile 1 
[2026-05-25 04:19:45.948] [debug] Core [3] : Memory unit idle cycle 740 Systolic bubble cycle 6274816 Core idle cycle 13 
[2026-05-25 04:19:45.948] [debug] Core [3] : PE Utilization(%) 0.30, Systolic Bubble(%) 38.30, Vector Unit Utilization(%) 0.00, Total cycle: 63000
[2026-05-25 04:19:45.994] [info] HBM2-CH_0: BW utilization 12% (1154 reads, 8 writes)
[2026-05-25 04:19:45.994] [debug] HBM2-CH_1: BW utilization 12% (1158 reads, 6 writes)
[2026-05-25 04:19:45.994] [debug] HBM2-CH_2: BW utilization 12% (1158 reads, 6 writes)
[2026-05-25 04:19:45.994] [debug] HBM2-CH_3: BW utilization 12% (1154 reads, 8 writes)
[2026-05-25 04:19:45.994] [debug] HBM2-CH_4: BW utilization 12% (1157 reads, 6 writes)
[2026-05-25 04:19:45.994] [debug] HBM2-CH_5: BW utilization 12% (1154 reads, 7 writes)
[2026-05-25 04:19:45.994] [debug] HBM2-CH_6: BW utilization 12% (1154 reads, 8 writes)
[2026-05-25 04:19:45.994] [debug] HBM2-CH_7: BW utilization 12% (1154 reads, 7 writes)
[2026-05-25 04:19:45.994] [debug] HBM2-CH_8: BW utilization 12% (1159 reads, 6 writes)
[2026-05-25 04:19:45.994] [debug] HBM2-CH_9: BW utilization 12% (1153 reads, 7 writes)
[2026-05-25 04:19:45.994] [debug] HBM2-CH_10: BW utilization 12% (1151 reads, 9 writes)
[2026-05-25 04:19:45.994] [debug] HBM2-CH_11: BW utilization 12% (1159 reads, 7 writes)
[2026-05-25 04:19:45.994] [debug] HBM2-CH_12: BW utilization 12% (1154 reads, 8 writes)
[2026-05-25 04:19:45.994] [debug] HBM2-CH_13: BW utilization 12% (1159 reads, 6 writes)
[2026-05-25 04:19:45.994] [debug] HBM2-CH_14: BW utilization 12% (1159 reads, 6 writes)
[2026-05-25 04:19:45.994] [debug] HBM2-CH_15: BW utilization 12% (1153 reads, 7 writes)
[2026-05-25 04:19:45.994] [info] Core [0] : MatMul active cycle 653 Vector active cycle 0 
[2026-05-25 04:19:45.994] [info] Core [0] : issued tile 1 
[2026-05-25 04:19:45.994] [info] Core [0] : Memory unit idle cycle 1000 Systolic bubble cycle 6479440 Core idle cycle 0 
[2026-05-25 04:19:45.994] [info] Core [0] : PE Utilization(%) 0.25, Systolic Bubble(%) 39.55, Vector Unit Utilization(%) 0.00, Total cycle: 64000
[2026-05-25 04:19:45.994] [debug] Core [1] : MatMul active cycle 0 Vector active cycle 0 
[2026-05-25 04:19:45.994] [debug] Core [1] : issued tile 0 
[2026-05-25 04:19:45.994] [debug] Core [1] : Memory unit idle cycle 1000 Systolic bubble cycle 0 Core idle cycle 726 
[2026-05-25 04:19:45.994] [debug] Core [1] : PE Utilization(%) 0.00, Systolic Bubble(%) 0.00, Vector Unit Utilization(%) 0.00, Total cycle: 64000
[2026-05-25 04:19:45.994] [debug] Core [2] : MatMul active cycle 0 Vector active cycle 0 
[2026-05-25 04:19:45.994] [debug] Core [2] : issued tile 0 
[2026-05-25 04:19:45.994] [debug] Core [2] : Memory unit idle cycle 1000 Systolic bubble cycle 0 Core idle cycle 1000 
[2026-05-25 04:19:45.994] [debug] Core [2] : PE Utilization(%) 0.00, Systolic Bubble(%) 0.00, Vector Unit Utilization(%) 0.00, Total cycle: 64000
[2026-05-25 04:19:45.994] [debug] Core [3] : MatMul active cycle 646 Vector active cycle 0 
[2026-05-25 04:19:45.994] [debug] Core [3] : issued tile 1 
[2026-05-25 04:19:45.994] [debug] Core [3] : Memory unit idle cycle 1000 Systolic bubble cycle 6356096 Core idle cycle 0 
[2026-05-25 04:19:45.994] [debug] Core [3] : PE Utilization(%) 0.31, Systolic Bubble(%) 38.79, Vector Unit Utilization(%) 0.00, Total cycle: 64000
[2026-05-25 04:19:45.996] [debug] Layer 61 Core 0 Finish Tile at 64246 Remain tile 2
[2026-05-25 04:19:45.996] [debug] Layer 61 Core 3 Finish Tile at 64253 Remain tile 1
[2026-05-25 04:19:45.996] [info] Layer layer0.ffn.fc2 finish at 64253
[2026-05-25 04:19:45.996] [info] Total compute time 1543
[2026-05-25 04:19:45.996] [info] executable layer count 1
[2026-05-25 04:19:45.996] [info] Start layer layer0.ffn.ln
[2026-05-25 04:19:45.996] [debug] Layer layer0.ffn.ln Core 2 Get Tile at 64254
[2026-05-25 04:19:45.997] [debug] Layer 63 Core 2 Finish Tile at 64309 Remain tile 1
[2026-05-25 04:19:45.997] [info] Layer layer0.ffn.ln finish at 64309
[2026-05-25 04:19:45.997] [info] Total compute time 56
[2026-05-25 04:19:45.997] [info] Model[tiny_transformer] Request: 47 us, Start: 47 us, finish:64 us, Current Cycle:64309
[2026-05-25 04:19:45.997] [info] Request 0 completed in 64309 cycles
[2026-05-25 04:19:45.997] [info] No total_seq_len!
[2026-05-25 04:19:45.997] [info] Simulation Finished at 64328 cycle 64 us
[2026-05-25 04:19:45.997] [info] [MEMORY_FOOTPRINT] Total Core->L2/DRAM Request Bytes: 13614784
[2026-05-25 04:19:45.997] [info] Runtime Instructions [203] Avg Instructions Per Finished Tile [10.68]
[2026-05-25 04:19:45.997] [info] Core [0] : MatMul active cycle 36966 Vector active cycle 4916 
[2026-05-25 04:19:45.997] [info] Core [0] : Memory unit idle cycle 57492 Systolic bubble cycle 198149532 Core idle cycle 1783 
[2026-05-25 04:19:45.997] [info] Core [0] : PE Utilization(%) 24.39, Systolic Bubble(%) 18.80, Vector Unit Utilization(%) 7.64, Total cycle: 64328
[2026-05-25 04:19:45.997] [info] [Core 0] Input SRAM Hit Rate: 28.07% (28257 hits, 72420 misses)
[2026-05-25 04:19:45.997] [info] [Core 0] Accumulator SRAM Hit Rate: 1.73% (649 hits, 36923 misses)
[2026-05-25 04:19:45.997] [info] [Core 0] Average Core->L2 Request Size: 40603.26 bytes
[2026-05-25 04:19:45.997] [info] [Core 0] Object Histogram: Top-1 size 59392 B (27.09%), Top-2 size 178432 B (10.85%)
[2026-05-25 04:19:45.997] [info] Core [0] : Systolic Inst Issue Count : 90
[2026-05-25 04:19:45.997] [info] Core [0] : Systolic PRELOAD Issue Count : 90
[2026-05-25 04:19:45.997] [info] Runtime Instructions [201] Avg Instructions Per Finished Tile [11.82]
[2026-05-25 04:19:45.997] [info] Core [1] : MatMul active cycle 37302 Vector active cycle 4908 
[2026-05-25 04:19:45.997] [info] Core [1] : Memory unit idle cycle 55836 Systolic bubble cycle 181206044 Core idle cycle 2049 
[2026-05-25 04:19:45.997] [info] Core [1] : PE Utilization(%) 26.92, Systolic Bubble(%) 17.19, Vector Unit Utilization(%) 7.63, Total cycle: 64328
[2026-05-25 04:19:45.997] [info] [Core 1] Input SRAM Hit Rate: 25.48% (28720 hits, 83995 misses)
[2026-05-25 04:19:45.997] [info] [Core 1] Accumulator SRAM Hit Rate: 1.79% (651 hits, 35708 misses)
[2026-05-25 04:19:45.997] [info] [Core 1] Average Core->L2 Request Size: 44744.91 bytes
[2026-05-25 04:19:45.997] [info] [Core 1] Object Histogram: Top-1 size 59392 B (33.60%), Top-2 size 32768 B (12.98%)
[2026-05-25 04:19:45.997] [info] Core [1] : Systolic Inst Issue Count : 90
[2026-05-25 04:19:45.997] [info] Core [1] : Systolic PRELOAD Issue Count : 90
[2026-05-25 04:19:45.997] [info] Runtime Instructions [201] Avg Instructions Per Finished Tile [11.82]
[2026-05-25 04:19:45.997] [info] Core [2] : MatMul active cycle 37187 Vector active cycle 4904 
[2026-05-25 04:19:45.997] [info] Core [2] : Memory unit idle cycle 56313 Systolic bubble cycle 195389468 Core idle cycle 3037 
[2026-05-25 04:19:45.997] [info] Core [2] : PE Utilization(%) 25.40, Systolic Bubble(%) 18.54, Vector Unit Utilization(%) 7.62, Total cycle: 64328
[2026-05-25 04:19:45.997] [info] [Core 2] Input SRAM Hit Rate: 27.23% (30241 hits, 80801 misses)
[2026-05-25 04:19:45.997] [info] [Core 2] Accumulator SRAM Hit Rate: 1.83% (651 hits, 34826 misses)
[2026-05-25 04:19:45.997] [info] [Core 2] Average Core->L2 Request Size: 43470.99 bytes
[2026-05-25 04:19:45.997] [info] [Core 2] Object Histogram: Top-1 size 59392 B (32.86%), Top-2 size 178432 B (10.39%)
[2026-05-25 04:19:45.997] [info] Core [2] : Systolic Inst Issue Count : 90
[2026-05-25 04:19:45.997] [info] Core [2] : Systolic PRELOAD Issue Count : 90
[2026-05-25 04:19:45.997] [info] Runtime Instructions [198] Avg Instructions Per Finished Tile [11.00]
[2026-05-25 04:19:45.997] [info] Core [3] : MatMul active cycle 36782 Vector active cycle 4904 
[2026-05-25 04:19:45.997] [info] Core [3] : Memory unit idle cycle 57370 Systolic bubble cycle 197998492 Core idle cycle 1269 
[2026-05-25 04:19:45.998] [info] Core [3] : PE Utilization(%) 24.52, Systolic Bubble(%) 18.79, Vector Unit Utilization(%) 7.62, Total cycle: 64328
[2026-05-25 04:19:45.998] [info] [Core 3] Input SRAM Hit Rate: 26.98% (27538 hits, 74517 misses)
[2026-05-25 04:19:45.998] [info] [Core 3] Accumulator SRAM Hit Rate: 1.73% (649 hits, 36971 misses)
[2026-05-25 04:19:45.998] [info] [Core 3] Average Core->L2 Request Size: 43036.72 bytes
[2026-05-25 04:19:45.998] [info] [Core 3] Object Histogram: Top-1 size 59392 B (30.08%), Top-2 size 131072 B (11.71%)
[2026-05-25 04:19:45.998] [info] Core [3] : Systolic Inst Issue Count : 90
[2026-05-25 04:19:45.998] [info] Core [3] : Systolic PRELOAD Issue Count : 90
Class 0:
Packet latency average = 481.038
	minimum = 7
	maximum = 3475
Network latency average = 422.769
	minimum = 7
	maximum = 2344
Slowest packet = 38382
Flit latency average = 422.769
	minimum = 7
	maximum = 2344
Slowest flit = 56346
Fragmentation average = 0
	minimum = 0
	maximum = 0
Injected packet rate average = 0.165349
	minimum = 0.0995834 (at node 11)
	maximum = 0.413506 (at node 66)
Accepted packet rate average = 0.165349
	minimum = 0.0997233 (at node 6)
	maximum = 0.413506 (at node 66)
Injected flit rate average = 0.165349
	minimum = 0.0995834 (at node 11)
	maximum = 0.413506 (at node 66)
Accepted flit rate average= 0.165349
	minimum = 0.0997233 (at node 6)
	maximum = 0.413506 (at node 66)
Injected packet length average = 1
Accepted packet length average = 1
Total in-flight flits = 0 (0 measured)
Frontend:
  impl: GEM5

[2026-05-25 04:19:45.998] [info] Row hits: 23466, Row misses: 129, Row conflicts: 2930
MemorySystem:
  impl: GenericDRAM
  total_num_other_requests: 0
  total_num_write_requests: 5918
  total_num_read_requests: 20659
  memory_system_cycles: 77224
  DRAM:
    impl: HBM2
  AddrMapper:
    impl: RoBaRaCoCh
  Controller:
    impl: Generic
    id: Channel 0
    Scheduler:
      impl: FRFCFS
    RefreshManager:
      impl: AllBank



[2026-05-25 04:19:45.998] [info] HBM2-CH_0: avg BW utilization 34% (20659 reads, 5918 writes)
Frontend:
  impl: GEM5

[2026-05-25 04:19:45.998] [info] Row hits: 23441, Row misses: 133, Row conflicts: 2931
MemorySystem:
  impl: GenericDRAM
  total_num_other_requests: 0
  total_num_write_requests: 5936
  total_num_read_requests: 20661
  memory_system_cycles: 77224
  DRAM:
    impl: HBM2
  AddrMapper:
    impl: RoBaRaCoCh
  Controller:
    impl: Generic
    id: Channel 0
    Scheduler:
      impl: FRFCFS
    RefreshManager:
      impl: AllBank



[2026-05-25 04:19:45.998] [debug] HBM2-CH_1: avg BW utilization 34% (20661 reads, 5936 writes)
Frontend:
  impl: GEM5

[2026-05-25 04:19:45.998] [info] Row hits: 23472, Row misses: 140, Row conflicts: 2911
MemorySystem:
  impl: GenericDRAM
  total_num_other_requests: 0
  total_num_write_requests: 5940
  total_num_read_requests: 20660
  memory_system_cycles: 77224
  DRAM:
    impl: HBM2
  AddrMapper:
    impl: RoBaRaCoCh
  Controller:
    impl: Generic
    id: Channel 0
    Scheduler:
      impl: FRFCFS
    RefreshManager:
      impl: AllBank



[2026-05-25 04:19:45.998] [debug] HBM2-CH_2: avg BW utilization 34% (20660 reads, 5940 writes)
Frontend:
  impl: GEM5

[2026-05-25 04:19:45.998] [info] Row hits: 23426, Row misses: 128, Row conflicts: 2964
MemorySystem:
  impl: GenericDRAM
  total_num_other_requests: 0
  total_num_write_requests: 5931
  total_num_read_requests: 20660
  memory_system_cycles: 77224
  DRAM:
    impl: HBM2
  AddrMapper:
    impl: RoBaRaCoCh
  Controller:
    impl: Generic
    id: Channel 0
    Scheduler:
      impl: FRFCFS
    RefreshManager:
      impl: AllBank



[2026-05-25 04:19:45.998] [debug] HBM2-CH_3: avg BW utilization 34% (20660 reads, 5931 writes)
Frontend:
  impl: GEM5

[2026-05-25 04:19:45.998] [info] Row hits: 23414, Row misses: 123, Row conflicts: 2951
MemorySystem:
  impl: GenericDRAM
  total_num_other_requests: 0
  total_num_write_requests: 5929
  total_num_read_requests: 20655
  memory_system_cycles: 77224
  DRAM:
    impl: HBM2
  AddrMapper:
    impl: RoBaRaCoCh
  Controller:
    impl: Generic
    id: Channel 0
    Scheduler:
      impl: FRFCFS
    RefreshManager:
      impl: AllBank



[2026-05-25 04:19:45.998] [debug] HBM2-CH_4: avg BW utilization 34% (20655 reads, 5929 writes)
Frontend:
  impl: GEM5

[2026-05-25 04:19:45.998] [info] Row hits: 23522, Row misses: 121, Row conflicts: 2872
MemorySystem:
  impl: GenericDRAM
  total_num_other_requests: 0
  total_num_write_requests: 5927
  total_num_read_requests: 20660
  memory_system_cycles: 77224
  DRAM:
    impl: HBM2
  AddrMapper:
    impl: RoBaRaCoCh
  Controller:
    impl: Generic
    id: Channel 0
    Scheduler:
      impl: FRFCFS
    RefreshManager:
      impl: AllBank



[2026-05-25 04:19:45.998] [debug] HBM2-CH_5: avg BW utilization 34% (20660 reads, 5927 writes)
Frontend:
  impl: GEM5

[2026-05-25 04:19:45.998] [info] Row hits: 23439, Row misses: 129, Row conflicts: 2958
MemorySystem:
  impl: GenericDRAM
  total_num_other_requests: 0
  total_num_write_requests: 5938
  total_num_read_requests: 20659
  memory_system_cycles: 77224
  DRAM:
    impl: HBM2
  AddrMapper:
    impl: RoBaRaCoCh
  Controller:
    impl: Generic
    id: Channel 0
    Scheduler:
      impl: FRFCFS
    RefreshManager:
      impl: AllBank



[2026-05-25 04:19:45.998] [debug] HBM2-CH_6: avg BW utilization 34% (20659 reads, 5938 writes)
Frontend:
  impl: GEM5

[2026-05-25 04:19:45.998] [info] Row hits: 23333, Row misses: 131, Row conflicts: 3021
MemorySystem:
  impl: GenericDRAM
  total_num_other_requests: 0
  total_num_write_requests: 5934
  total_num_read_requests: 20655
  memory_system_cycles: 77224
  DRAM:
    impl: HBM2
  AddrMapper:
    impl: RoBaRaCoCh
  Controller:
    impl: Generic
    id: Channel 0
    Scheduler:
      impl: FRFCFS
    RefreshManager:
      impl: AllBank



[2026-05-25 04:19:45.998] [debug] HBM2-CH_7: avg BW utilization 34% (20655 reads, 5934 writes)
Frontend:
  impl: GEM5

[2026-05-25 04:19:45.998] [info] Row hits: 23452, Row misses: 127, Row conflicts: 2965
MemorySystem:
  impl: GenericDRAM
  total_num_other_requests: 0
  total_num_write_requests: 5934
  total_num_read_requests: 20665
  memory_system_cycles: 77224
  DRAM:
    impl: HBM2
  AddrMapper:
    impl: RoBaRaCoCh
  Controller:
    impl: Generic
    id: Channel 0
    Scheduler:
      impl: FRFCFS
    RefreshManager:
      impl: AllBank



[2026-05-25 04:19:45.998] [debug] HBM2-CH_8: avg BW utilization 34% (20665 reads, 5934 writes)
Frontend:
  impl: GEM5

[2026-05-25 04:19:45.998] [info] Row hits: 23375, Row misses: 133, Row conflicts: 2971
MemorySystem:
  impl: GenericDRAM
  total_num_other_requests: 0
  total_num_write_requests: 5938
  total_num_read_requests: 20653
  memory_system_cycles: 77224
  DRAM:
    impl: HBM2
  AddrMapper:
    impl: RoBaRaCoCh
  Controller:
    impl: Generic
    id: Channel 0
    Scheduler:
      impl: FRFCFS
    RefreshManager:
      impl: AllBank



[2026-05-25 04:19:45.998] [debug] HBM2-CH_9: avg BW utilization 34% (20653 reads, 5938 writes)
Frontend:
  impl: GEM5

[2026-05-25 04:19:45.998] [info] Row hits: 23344, Row misses: 128, Row conflicts: 3034
MemorySystem:
  impl: GenericDRAM
  total_num_other_requests: 0
  total_num_write_requests: 5932
  total_num_read_requests: 20653
  memory_system_cycles: 77224
  DRAM:
    impl: HBM2
  AddrMapper:
    impl: RoBaRaCoCh
  Controller:
    impl: Generic
    id: Channel 0
    Scheduler:
      impl: FRFCFS
    RefreshManager:
      impl: AllBank



[2026-05-25 04:19:45.998] [debug] HBM2-CH_10: avg BW utilization 34% (20653 reads, 5932 writes)
Frontend:
  impl: GEM5

[2026-05-25 04:19:45.998] [info] Row hits: 23492, Row misses: 130, Row conflicts: 2901
MemorySystem:
  impl: GenericDRAM
  total_num_other_requests: 0
  total_num_write_requests: 5930
  total_num_read_requests: 20665
  memory_system_cycles: 77224
  DRAM:
    impl: HBM2
  AddrMapper:
    impl: RoBaRaCoCh
  Controller:
    impl: Generic
    id: Channel 0
    Scheduler:
      impl: FRFCFS
    RefreshManager:
      impl: AllBank



[2026-05-25 04:19:45.999] [debug] HBM2-CH_11: avg BW utilization 34% (20665 reads, 5930 writes)
Frontend:
  impl: GEM5

[2026-05-25 04:19:45.999] [info] Row hits: 23427, Row misses: 110, Row conflicts: 2971
MemorySystem:
  impl: GenericDRAM
  total_num_other_requests: 0
  total_num_write_requests: 5929
  total_num_read_requests: 20660
  memory_system_cycles: 77224
  DRAM:
    impl: HBM2
  AddrMapper:
    impl: RoBaRaCoCh
  Controller:
    impl: Generic
    id: Channel 0
    Scheduler:
      impl: FRFCFS
    RefreshManager:
      impl: AllBank



[2026-05-25 04:19:45.999] [debug] HBM2-CH_12: avg BW utilization 34% (20660 reads, 5929 writes)
Frontend:
  impl: GEM5

[2026-05-25 04:19:45.999] [info] Row hits: 23394, Row misses: 129, Row conflicts: 2959
MemorySystem:
  impl: GenericDRAM
  total_num_other_requests: 0
  total_num_write_requests: 5928
  total_num_read_requests: 20666
  memory_system_cycles: 77224
  DRAM:
    impl: HBM2
  AddrMapper:
    impl: RoBaRaCoCh
  Controller:
    impl: Generic
    id: Channel 0
    Scheduler:
      impl: FRFCFS
    RefreshManager:
      impl: AllBank



[2026-05-25 04:19:45.999] [debug] HBM2-CH_13: avg BW utilization 34% (20666 reads, 5928 writes)
Frontend:
  impl: GEM5

[2026-05-25 04:19:45.999] [info] Row hits: 23420, Row misses: 129, Row conflicts: 2955
MemorySystem:
  impl: GenericDRAM
  total_num_other_requests: 0
  total_num_write_requests: 5929
  total_num_read_requests: 20665
  memory_system_cycles: 77224
  DRAM:
    impl: HBM2
  AddrMapper:
    impl: RoBaRaCoCh
  Controller:
    impl: Generic
    id: Channel 0
    Scheduler:
      impl: FRFCFS
    RefreshManager:
      impl: AllBank



[2026-05-25 04:19:45.999] [debug] HBM2-CH_14: avg BW utilization 34% (20665 reads, 5929 writes)
Frontend:
  impl: GEM5

[2026-05-25 04:19:45.999] [info] Row hits: 23373, Row misses: 133, Row conflicts: 2993
MemorySystem:
  impl: GenericDRAM
  total_num_other_requests: 0
  total_num_write_requests: 5933
  total_num_read_requests: 20660
  memory_system_cycles: 77224
  DRAM:
    impl: HBM2
  AddrMapper:
    impl: RoBaRaCoCh
  Controller:
    impl: Generic
    id: Channel 0
    Scheduler:
      impl: FRFCFS
    RefreshManager:
      impl: AllBank



[2026-05-25 04:19:45.999] [debug] HBM2-CH_15: avg BW utilization 34% (20660 reads, 5933 writes)
[2026-05-25 04:19:45.999] [info] Simulation time: 7.990872 seconds
[2026-05-25 04:19:45.999] [info] Total tile: 71, simulated tile per seconds(TPS): 8.971954
